x0,y0,z0,x1,y1,z1,x2,y2,z2,x3,y3,z3,x4,y4,z4,x5,y5,z5,x6,y6,z6,x7,y7,z7,x8,y8,z8,x9,y9,z9,x10,y10,z10,x11,y11,z11,x12,y12,z12,x13,y13,z13,x14,y14,z14,x15,y15,z15,x16,y16,z16,x17,y17,z17,x18,y18,z18,x19,y19,z19,x20,y20,z20,angle0,angle1,angle2,angle3,angle4,dist01,dist02,dist03,dist04,dist12,dist13,dist14,dist23,dist24,dist34,label
0.0,0.0,0.0,0.05904361605644226,-0.05731499195098877,-0.028222895825374295,0.0984635055065155,-0.13445836305618286,-0.04291373271690624,0.1224043071269989,-0.1983497142791748,-0.056401615629065205,0.12343111634254456,-0.2476487159729004,-0.06679956022845523,0.012992709875106812,-0.2503546178340912,-0.02754490416692512,-0.027999907732009888,-0.33327117562294006,-0.05311173726068752,-0.0448589026927948,-0.3613549470901489,-0.06934962574588077,-0.06087055802345276,-0.3689801096916199,-0.07899710688935535,-0.032818108797073364,-0.2298789620399475,-0.02712010745154636,-0.045619815587997437,-0.22937238216400146,-0.056646236816513706,-0.01913285255432129,-0.1685430407524109,-0.06388021413432377,0.0031696856021881104,-0.14211827516555786,-0.06551083330260532,-0.0679888129234314,-0.19075894355773926,-0.03070856597470062,-0.07207199931144714,-0.17707228660583496,-0.05991735089765804,-0.04105326533317566,-0.1285078525543213,-0.052931015977728535,-0.016992509365081787,-0.1122480034828186,-0.04394605163680332,-0.09323522448539734,-0.14777493476867676,-0.037725804040301014,-0.09743720293045044,-0.1402410864830017,-0.05857318792687671,-0.07069244980812073,-0.10541921854019165,-0.05332886953102367,-0.046815454959869385,-0.0917893648147583,-0.04524860684024112,-1.3536921677559803,-2.127710684362861,1.1816414188983149,0.9947417936312847,0.8785390352635172,0.22065451338197692,0.15999839268164406,0.19506959681020855,0.23081601414040787,0.23572747987487963,0.26045471297804074,0.2775468518422021,0.03603813586048616,0.07093316216063869,0.03616578466036529,X
0.0,0.0,0.0,0.06317451596260071,-0.06101471185684204,-0.022689057745196806,0.10155060887336731,-0.14564162492752075,-0.03288056352005242,0.12338808178901672,-0.20754265785217285,-0.04223759495482682,0.1231859028339386,-0.25336337089538574,-0.048205048076965795,0.016718506813049316,-0.2596255838871002,-0.024834515758016096,-0.021767795085906982,-0.33520692586898804,-0.04928082623348473,-0.04018133878707886,-0.3600797951221466,-0.06435472541318177,-0.060038477182388306,-0.3705722987651825,-0.07312088482842682,-0.02918410301208496,-0.23897850513458252,-0.025654325492837415,-0.04066029191017151,-0.22919023036956787,-0.05184652679429291,-0.012355178594589233,-0.1648234724998474,-0.056539956711390005,0.00965338945388794,-0.1414400339126587,-0.057191167257883535,-0.06489771604537964,-0.19969528913497925,-0.02998759620652436,-0.06725254654884338,-0.1818491816520691,-0.05642001353965043,-0.03649100661277771,-0.13039135932922363,-0.04739425354466675,-0.014726966619491577,-0.11635076999664307,-0.0376810694561982,-0.09115824103355408,-0.15642964839935303,-0.03740801685319184,-0.09305527806282043,-0.14525377750396729,-0.05646462389097451,-0.06534409523010254,-0.10876774787902832,-0.05002085887656449,-0.04307064414024353,-0.09614050388336182,-0.041287392608978735,-1.3725891139584248,-2.1760223764018445,1.1918632265868254,1.0289308837167652,0.8975106270800922,0.21750656588883607,0.15942542129704554,0.19440270668361853,0.22882366425538025,0.23949645315055426,0.25822803619844387,0.27495584627391323,0.034983895239270556,0.0695116618943201,0.034811189462154606,X
0.0,0.0,0.0,0.05929473042488098,-0.05638796091079712,-0.025209943853027994,0.0970793068408966,-0.13959485292434692,-0.038793918765790636,0.12292143702507019,-0.20199722051620483,-0.05162458223820465,0.1263185441493988,-0.24848884344100952,-0.061481193728454286,0.013405531644821167,-0.25770777463912964,-0.03014820543647545,-0.02736791968345642,-0.33750906586647034,-0.05474285883427399,-0.04353800415992737,-0.3653246760368347,-0.06902768192411202,-0.05876040458679199,-0.37258434295654297,-0.07735678283096092,-0.03291258215904236,-0.240395188331604,-0.03075671484292286,-0.04044690728187561,-0.22355306148529053,-0.058580068029172594,-0.014485031366348267,-0.16304093599319458,-0.06368805942655342,0.005115866661071777,-0.14007443189620972,-0.0643379363191201,-0.0683843195438385,-0.2000938057899475,-0.034739804543264086,-0.06675061583518982,-0.17600864171981812,-0.06328862635017174,-0.035405367612838745,-0.12966316938400269,-0.05653334883571404,-0.01239582896232605,-0.11656445264816284,-0.0480526956689431,-0.09299823641777039,-0.15503889322280884,-0.04181755063653725,-0.08951136469841003,-0.13978040218353271,-0.06333464113593834,-0.06156691908836365,-0.10477674007415771,-0.05909758535743492,-0.03853917121887207,-0.0923079252243042,-0.05151640353322762,-1.3084728131808918,-2.1316964281307986,1.2084634436149992,0.980292755230838,0.8558666649204751,0.2228315737621204,0.1626154164307451,0.19143072426818675,0.22709149154351646,0.2411245254423837,0.2601842772081968,0.2810049263193375,0.029315160034530347,0.06471013438354557,0.03566305465053872,X
0.0,0.0,0.0,0.061704039573669434,-0.06024986505508423,-0.025032885471832245,0.100624680519104,-0.14340579509735107,-0.03801875198866078,0.12583482265472412,-0.20690250396728516,-0.05020210156823346,0.12935370206832886,-0.2541394829750061,-0.05875368426228711,0.01714840531349182,-0.25930094718933105,-0.02829256477440545,-0.02689257264137268,-0.3420983850955963,-0.053535651514780014,-0.04396048188209534,-0.3671160638332367,-0.06685136641050526,-0.06177324056625366,-0.37816646695137024,-0.07445635283971974,-0.028185606002807617,-0.23987293243408203,-0.02903065281594941,-0.040050506591796875,-0.23574870824813843,-0.057579398254405945,-0.012492537498474121,-0.1707749366760254,-0.061540093372117965,0.00765344500541687,-0.15168774127960205,-0.061231549928438156,-0.06379419565200806,-0.201421320438385,-0.03340797881270596,-0.06702589988708496,-0.1853352189064026,-0.0625642948844547,-0.03549379110336304,-0.13468748331069946,-0.0526482612886543,-0.013883799314498901,-0.12531858682632446,-0.04194114367152402,-0.09032076597213745,-0.15875816345214844,-0.040908224979888885,-0.09156137704849243,-0.14780116081237793,-0.06150799627090642,-0.06479787826538086,-0.11244124174118042,-0.05448550368334004,-0.04481172561645508,-0.10335898399353027,-0.045202337304603546,-1.3169505660801393,-2.1569209639540863,1.1847791775897958,0.9903341459658171,0.8830973549749942,0.2278424915486931,0.1590827204494588,0.19264424488404788,0.23036569856149708,0.23688114709992358,0.2573430571574349,0.275330429990976,0.03404680894704456,0.07133206087866921,0.0379310002756755,X
0.0,0.0,0.0,0.06350904703140259,-0.061722397804260254,-0.026472876328554662,0.10229372978210449,-0.14559495449066162,-0.038131263587203534,0.12904810905456543,-0.20734095573425293,-0.047387097511020215,0.1367741823196411,-0.252957284450531,-0.051984083387580426,0.023092985153198242,-0.2643176317214966,-0.035720885280099424,-0.01950398087501526,-0.34148237109184265,-0.05985079753729394,-0.0383964478969574,-0.36435291171073914,-0.07110722038480333,-0.05817192792892456,-0.3792545199394226,-0.07765421691867402,-0.02309378981590271,-0.24605721235275269,-0.034941569450822385,-0.03575906157493591,-0.2281087040901184,-0.059991777423348935,-0.007597863674163818,-0.16355115175247192,-0.06184380176993898,0.01275336742401123,-0.14784157276153564,-0.061836783323016675,-0.05947953462600708,-0.2072959542274475,-0.03757687333556703,-0.06307065486907959,-0.17533433437347412,-0.06409360143872789,-0.031254351139068604,-0.12507128715515137,-0.054639187190261396,-0.009092152118682861,-0.12067484855651855,-0.04579737085434488,-0.08450731635093689,-0.16188889741897583,-0.04354065704676202,-0.0874527096748352,-0.1415688395500183,-0.062460385743108304,-0.06034252047538757,-0.1060686707496643,-0.05622926402422479,-0.04078936576843262,-0.09743326902389526,-0.04849826592537454,-1.2600417688039265,-2.1862311399225747,1.220835408688315,1.043942386592273,0.9748075230062966,0.23228210777669137,0.16257452251586066,0.19691528729005905,0.23604349807620226,0.24203790951513499,0.26319625917948425,0.28235681492546977,0.034860545436376796,0.07353789066476844,0.03930501713940774,X
0.0,0.0,0.0,0.061026930809020996,-0.059878766536712646,-0.02929055461182628,0.09739631414413452,-0.14248764514923096,-0.04346130186214481,0.12045800685882568,-0.20373159646987915,-0.05577898913517032,0.12859219312667847,-0.2498379349708557,-0.06396092989935909,0.008674383163452148,-0.26141685247421265,-0.032555756657266954,-0.030169308185577393,-0.3365297317504883,-0.056923603205824236,-0.044393330812454224,-0.35978737473487854,-0.06940253594412837,-0.05982321500778198,-0.36877232789993286,-0.0764355562020782,-0.03658360242843628,-0.24074304103851318,-0.03139741489186321,-0.04276004433631897,-0.22398924827575684,-0.05814710029854808,-0.014146387577056885,-0.15903449058532715,-0.060898663042927126,0.005305677652359009,-0.14251989126205444,-0.060048436312818865,-0.07122081518173218,-0.19900327920913696,-0.03423229747905765,-0.0688619613647461,-0.17611700296401978,-0.06282990941300426,-0.03603053092956543,-0.12446922063827515,-0.053714731274986605,-0.014718443155288696,-0.11845153570175171,-0.044024744569206575,-0.09609371423721313,-0.15189892053604126,-0.04059528329863582,-0.09371459484100342,-0.13467562198638916,-0.06094604501023326,-0.06330740451812744,-0.09883379936218262,-0.054850881486082415,-0.04138559103012085,-0.09112387895584106,-0.04661313214793239,-1.287986529104333,-2.138721195263127,1.167680775329505,0.9591032662929563,0.8378850014058391,0.2228132757352744,0.16345252339221866,0.19442305517721578,0.23255665693244015,0.23543988137890606,0.2543519991086967,0.27825996330590136,0.03130896283009747,0.06943791941122632,0.03818294906107281,X
0.0,0.0,0.0,0.06359845399856567,-0.058657944202423096,-0.02590997499839176,0.10075759887695312,-0.14609694480895996,-0.038280268958367,0.12217438220977783,-0.20604747533798218,-0.04921907728031982,0.1308775544166565,-0.25289636850357056,-0.056275753131664885,0.017032921314239502,-0.26308953762054443,-0.034444978287972106,-0.02770322561264038,-0.3434363603591919,-0.05941062217072357,-0.042764902114868164,-0.36395901441574097,-0.07256804948166717,-0.056921154260635376,-0.36777999997138977,-0.08031622116879333,-0.028417199850082397,-0.2434481382369995,-0.03487584908918251,-0.037796735763549805,-0.22263121604919434,-0.06373356079176773,-0.010094523429870605,-0.1603448987007141,-0.06961588358000625,0.010988593101501465,-0.13973188400268555,-0.07150033657864441,-0.0638279914855957,-0.202856183052063,-0.03849299793557037,-0.06289681792259216,-0.1675175428390503,-0.06700130348519195,-0.03206193447113037,-0.1206161379814148,-0.05992913415149559,-0.009139060974121094,-0.11426430940628052,-0.05233963375405182,-0.08868604898452759,-0.15733665227890015,-0.04537839238957275,-0.089438796043396,-0.1351756453514099,-0.06637749617413391,-0.0618475079536438,-0.10083383321762085,-0.061504723331488265,-0.03946733474731445,-0.0924077033996582,-0.05431088601664413,-1.2959121485341396,-2.1858093616344583,1.2077031009328691,1.017743724125121,0.9221697004327876,0.22015132014160632,0.16486225643723848,0.19703679959602333,0.23403844319068884,0.23794469311935668,0.25797932824462,0.27592487661462,0.03246105072870224,0.06917643185965049,0.037383357476161595,X
0.0,0.0,0.0,0.06729373335838318,-0.054852962493896484,-0.02508769387292986,0.10583338141441345,-0.13853991031646729,-0.03973206149327879,0.1285974085330963,-0.19805341958999634,-0.05369155870664244,0.13680562376976013,-0.24760854244232178,-0.06368091719138746,0.024180471897125244,-0.25866973400115967,-0.036984477358938506,-0.0202828049659729,-0.33846569061279297,-0.06532087938773756,-0.03711476922035217,-0.3610754609107971,-0.0802780391453517,-0.05394670367240906,-0.36845290660858154,-0.0891140701054347,-0.023154765367507935,-0.24438631534576416,-0.03898686187255507,-0.03183847665786743,-0.22075265645980835,-0.07081120477903013,-0.004842251539230347,-0.15828078985214233,-0.07678899930703764,0.01363980770111084,-0.13752007484436035,-0.07824726419437056,-0.060302942991256714,-0.20679950714111328,-0.04411860572087889,-0.05848017334938049,-0.1646013855934143,-0.07374466227281218,-0.027714282274246216,-0.11934083700180054,-0.06527586297977095,-0.0069412291049957275,-0.11409443616867065,-0.05650639178145056,-0.08634123206138611,-0.16162657737731934,-0.05266536788928633,-0.08244767785072327,-0.1277112364768982,-0.07338666187512999,-0.05639380216598511,-0.09529238939285278,-0.06784040497529631,-0.038151293992996216,-0.09164297580718994,-0.060053710061193755,-1.2941098570620344,-2.189298249684207,1.2392040512745361,1.0485057785634588,0.9677698779283992,0.22580923536328654,0.1651947001145126,0.19618658028888855,0.23438255278254316,0.2406198439578187,0.258665316816613,0.27726022570360087,0.031182360773012074,0.06918834028039465,0.038446537200069665,X
0.0,0.0,0.0,0.0692489743232727,-0.06491607427597046,-0.020626546776398413,0.10853183269500732,-0.1499704122543335,-0.031880529558762305,0.13331139087677002,-0.21072131395339966,-0.04259247887740969,0.1461617350578308,-0.25453388690948486,-0.049579268282755606,0.03380864858627319,-0.26639628410339355,-0.03175624269853472,-0.010497689247131348,-0.3406739830970764,-0.05700389105687975,-0.031081944704055786,-0.3627707362174988,-0.07278412762890696,-0.049943506717681885,-0.38144904375076294,-0.08352618101845621,-0.013568401336669922,-0.24921482801437378,-0.034903002864226096,-0.027186483144760132,-0.226252019405365,-0.062053186780318015,-0.0005193948745727539,-0.16610264778137207,-0.06991470787535548,0.019464194774627686,-0.1468219757080078,-0.07492876235257029,-0.05139687657356262,-0.21115458011627197,-0.040445139592989676,-0.055455565452575684,-0.1709892749786377,-0.0665225851894462,-0.024890780448913574,-0.1256459355354309,-0.06077575493465304,-0.002699822187423706,-0.11913818120956421,-0.05526073086868166,-0.07815620303153992,-0.16515260934829712,-0.04884623173485636,-0.08099365234375,-0.13530993461608887,-0.06675344142924189,-0.05417442321777344,-0.10345053672790527,-0.061841746753557914,-0.03342163562774658,-0.09724915027618408,-0.05556497160206675,-1.2253503769533582,-2.2000325967638497,1.258730819218935,1.0840457380917967,0.9882620451695128,0.23359093066272607,0.16629528715056466,0.20122564535233006,0.23872300979294034,0.2446779313399253,0.2665313383733744,0.28467973527329693,0.035463165760069394,0.07248707525237008,0.03772213536193935,X
0.0,0.0,0.0,0.06253567337989807,-0.05215710401535034,-0.02583418259344228,0.09857776761054993,-0.13747954368591309,-0.04119856687209733,0.12040206789970398,-0.19494742155075073,-0.055837136078096705,0.13198187947273254,-0.2404462695121765,-0.06638270648143418,0.015038639307022095,-0.26106107234954834,-0.03731545092485078,-0.03357294201850891,-0.3425790071487427,-0.06435871900937684,-0.049225419759750366,-0.3611390292644501,-0.07711967857501634,-0.06352731585502625,-0.35829290747642517,-0.08374433996102937,-0.03259238600730896,-0.24429434537887573,-0.03891377182624467,-0.036104828119277954,-0.21836131811141968,-0.06803308458945878,-0.00952458381652832,-0.15456265211105347,-0.07138264955899842,0.006462454795837402,-0.13975608348846436,-0.07076005669257768,-0.06893035769462585,-0.2022729516029358,-0.043791413623310405,-0.06234440207481384,-0.16416841745376587,-0.07283958079240449,-0.03263083100318909,-0.11817246675491333,-0.0636404606880916,-0.015350788831710815,-0.11847692728042603,-0.0542659799935592,-0.09433454275131226,-0.1541345715522766,-0.05193305419705041,-0.0875067412853241,-0.12650549411773682,-0.07310916515014299,-0.05861932039260864,-0.09221184253692627,-0.06707171382329591,-0.03974601626396179,-0.08822691440582275,-0.05860196458122857,-1.2570922120156336,-2.2504126966370723,1.2132591068562157,1.0019055930546932,0.8790609756169037,0.22827981850611417,0.16091500717058219,0.1912679680295501,0.22948028726482628,0.22947093810438277,0.24460719963524397,0.27111103043485824,0.030473268391835968,0.06921327953530136,0.03886116828383977,X
0.0,0.0,0.0,0.06634247303009033,-0.06022435426712036,-0.019358983473253488,0.10332709550857544,-0.15312975645065308,-0.031037001149130106,0.12610572576522827,-0.20946168899536133,-0.04251460379488492,0.130210280418396,-0.24915331602096558,-0.050191916735244035,0.016772449016571045,-0.26579833030700684,-0.03839487230904126,-0.030296266078948975,-0.34137481451034546,-0.06459596774108434,-0.04524511098861694,-0.3589233458042145,-0.07814543715245748,-0.0606192946434021,-0.36139848828315735,-0.08611068895585561,-0.03206309676170349,-0.24860382080078125,-0.04280297106630826,-0.027446985244750977,-0.21043944358825684,-0.07111020407207036,0.0008971691131591797,-0.151991069316864,-0.0761823060227158,0.01421886682510376,-0.13951873779296875,-0.07804814002044225,-0.06894728541374207,-0.20502930879592896,-0.049309913278889894,-0.05232939124107361,-0.15534329414367676,-0.07595790198571706,-0.022104322910308838,-0.11432445049285889,-0.06846316924817586,-0.007576644420623779,-0.11666154861450195,-0.06154722741372609,-0.09272223711013794,-0.15465736389160156,-0.05859714767463231,-0.07700064778327942,-0.11618441343307495,-0.0770683141661408,-0.048807621002197266,-0.08658963441848755,-0.07151911428697133,-0.03357163071632385,-0.08582866191864014,-0.0644761624050858,-1.2978205714804292,-2.25132475259701,1.1695407757176948,0.9637770497602378,0.8608768475095417,0.22139310155114486,0.15960497727389625,0.19115257018173243,0.23129949643824457,0.23416100035995427,0.2504190335837815,0.27689403266679896,0.03158315069151359,0.07187875835494352,0.04032872691411777,X
0.0,0.0,0.0,0.07200148701667786,-0.06245601177215576,-0.018527725328731037,0.11337479948997498,-0.15864235162734985,-0.02957556730978439,0.13897743821144104,-0.21794259548187256,-0.04011231622569511,0.13199672102928162,-0.2549639344215393,-0.04701944029800842,0.020195692777633667,-0.2680886387825012,-0.0389829423176522,-0.025826960802078247,-0.3397134244441986,-0.06517751476638267,-0.03796875476837158,-0.3587724566459656,-0.08093200585715721,-0.052802830934524536,-0.36309972405433655,-0.09103688559405754,-0.02925419807434082,-0.2503100633621216,-0.0435915920781369,-0.019586175680160522,-0.20742851495742798,-0.07120995185248802,0.009892493486404419,-0.1529805064201355,-0.07775247803800056,0.020802468061447144,-0.14085263013839722,-0.08170265666120002,-0.06623724102973938,-0.20498806238174438,-0.04996857008807609,-0.04424232244491577,-0.15132856369018555,-0.07451917192809532,-0.014340192079544067,-0.11496269702911377,-0.06859875432126472,-0.0025410354137420654,-0.11822390556335449,-0.06385926118962715,-0.08893096446990967,-0.15224039554595947,-0.05913390180938194,-0.06912681460380554,-0.11047422885894775,-0.07570292762391517,-0.04131856560707092,-0.08596283197402954,-0.07101088724009941,-0.02779090404510498,-0.08787620067596436,-0.0655857916819329,-1.3798216773512468,-2.2259169047129044,1.1418748634466163,0.9375293615973792,0.8110819576654454,0.21411264186295043,0.15932843957773077,0.19182868242486464,0.2311934166345246,0.23411858276174224,0.24998082840610264,0.27635771077993654,0.03251120315197999,0.0718875364112164,0.03947833656365486,X
0.0,0.0,0.0,0.07257804274559021,-0.0619206428527832,-0.021872471907027347,0.1137603223323822,-0.15285056829452515,-0.037134073563702685,0.14066043496131897,-0.21355581283569336,-0.05192872125733672,0.1344095766544342,-0.2569698691368103,-0.06289414677847205,0.024304121732711792,-0.26881277561187744,-0.03862753126848517,-0.020403891801834106,-0.3369671106338501,-0.06373454246748267,-0.035003215074539185,-0.3564978837966919,-0.07877209398973761,-0.053764551877975464,-0.36660268902778625,-0.08881638560522376,-0.02581503987312317,-0.251187264919281,-0.04225029412735282,-0.018735617399215698,-0.21027517318725586,-0.06797638896930991,0.009135395288467407,-0.1549304723739624,-0.07416218135584174,0.018307238817214966,-0.14700114727020264,-0.07833609346378623,-0.063182532787323,-0.20601606369018555,-0.04782962415445624,-0.04289981722831726,-0.15205401182174683,-0.07082897041071234,-0.014081686735153198,-0.11688083410263062,-0.06417823199261008,-0.005639880895614624,-0.12343913316726685,-0.05942917976606665,-0.08584132790565491,-0.15254008769989014,-0.05648940417993842,-0.06512042880058289,-0.10908269882202148,-0.07126627478826819,-0.038094162940979004,-0.08430337905883789,-0.06504597131241141,-0.027963995933532715,-0.0869184136390686,-0.05887872714627562,-1.3750137652200545,-2.244518471452051,1.1702012907653998,0.962196407596119,0.8480238905159299,0.21778167472535195,0.15991520453116115,0.19350531777868757,0.23512267987559216,0.23112589676693324,0.24788000898800297,0.2808717903007605,0.03359513433709615,0.07583509771832964,0.04280337681869879,X
0.0,0.0,0.0,0.07165646553039551,-0.058820486068725586,-0.01907880748595403,0.11128014326095581,-0.15711581707000732,-0.028782136318938,0.13390380144119263,-0.21475249528884888,-0.037725278688327535,0.1366652250289917,-0.2510743737220764,-0.04310117433752225,0.019416093826293945,-0.2630321979522705,-0.039086607796804174,-0.028331339359283447,-0.3295609652996063,-0.06698950151886152,-0.03767597675323486,-0.3514213562011719,-0.0828451118894975,-0.046774446964263916,-0.3575041592121124,-0.09271181891645597,-0.03114253282546997,-0.24502915143966675,-0.0436493992337148,-0.021074771881103516,-0.2032541036605835,-0.07414109776701139,0.004695594310760498,-0.1505335569381714,-0.0808622069188516,0.014393508434295654,-0.14045166969299316,-0.08337275455679105,-0.06834515929222107,-0.1982027292251587,-0.050311768008128865,-0.042608559131622314,-0.13546597957611084,-0.07844668398584531,-0.014268279075622559,-0.10276961326599121,-0.07393489549841092,-0.0028789639472961426,-0.1129874587059021,-0.06884390632595228,-0.09082728624343872,-0.14350801706314087,-0.059584075165645345,-0.06666022539138794,-0.09162783622741699,-0.0787930540272157,-0.03967270255088806,-0.06740069389343262,-0.07567544798340009,-0.027752220630645752,-0.07440584897994995,-0.07068487773622678,-1.3069230890622134,-2.1819496038491377,1.1601257057285241,0.9157203828595507,0.8309652421518935,0.2120787884264909,0.16488709872430837,0.19631754067259014,0.2413397275041952,0.22550676702504419,0.24842550242625386,0.2837366707900005,0.03244412407996716,0.07834738612152223,0.0459044606447073,X
0.0,0.0,0.0,0.07165646553039551,-0.058820486068725586,-0.01907880748595403,0.11128014326095581,-0.15711581707000732,-0.028782136318938,0.13390380144119263,-0.21475249528884888,-0.037725278688327535,0.1366652250289917,-0.2510743737220764,-0.04310117433752225,0.019416093826293945,-0.2630321979522705,-0.039086607796804174,-0.028331339359283447,-0.3295609652996063,-0.06698950151886152,-0.03767597675323486,-0.3514213562011719,-0.0828451118894975,-0.046774446964263916,-0.3575041592121124,-0.09271181891645597,-0.03114253282546997,-0.24502915143966675,-0.0436493992337148,-0.021074771881103516,-0.2032541036605835,-0.07414109776701139,0.004695594310760498,-0.1505335569381714,-0.0808622069188516,0.014393508434295654,-0.14045166969299316,-0.08337275455679105,-0.06834515929222107,-0.1982027292251587,-0.050311768008128865,-0.042608559131622314,-0.13546597957611084,-0.07844668398584531,-0.014268279075622559,-0.10276961326599121,-0.07393489549841092,-0.0028789639472961426,-0.1129874587059021,-0.06884390632595228,-0.09082728624343872,-0.14350801706314087,-0.059584075165645345,-0.06666022539138794,-0.09162783622741699,-0.0787930540272157,-0.03967270255088806,-0.06740069389343262,-0.07567544798340009,-0.027752220630645752,-0.07440584897994995,-0.07068487773622678,-1.3069230890622134,-2.1819496038491377,1.1601257057285241,0.9157203828595507,0.8309652421518935,0.2120787884264909,0.16488709872430837,0.19631754067259014,0.2413397275041952,0.22550676702504419,0.24842550242625386,0.2837366707900005,0.03244412407996716,0.07834738612152223,0.0459044606447073,X
0.0,0.0,0.0,0.07681035995483398,-0.06448012590408325,-0.015391878056725261,0.11852002143859863,-0.15775245428085327,-0.02663526890744805,0.14196151494979858,-0.21330147981643677,-0.03822982145418763,0.14582669734954834,-0.252552330493927,-0.0461552536295855,0.030917882919311523,-0.26376086473464966,-0.039280215482612846,-0.014466911554336548,-0.3368908166885376,-0.06626299602856278,-0.025431126356124878,-0.35340702533721924,-0.08196331394781708,-0.037570178508758545,-0.3551173508167267,-0.0918628482328856,-0.019550859928131104,-0.24700647592544556,-0.04580529240836739,-0.008853733539581299,-0.19938647747039795,-0.074329761992594,0.01626908779144287,-0.15279710292816162,-0.08185147328247666,0.02555537223815918,-0.14575570821762085,-0.08639241589178681,-0.05821043252944946,-0.2025700807571411,-0.05357918722500443,-0.031119853258132935,-0.1301456093788147,-0.07788277996649384,-0.004273056983947754,-0.10156041383743286,-0.07239163501133561,0.005658745765686035,-0.11334836483001709,-0.06821508539785981,-0.08212804794311523,-0.14920371770858765,-0.06395324153771043,-0.05720168352127075,-0.09224343299865723,-0.08046060634722352,-0.03279334306716919,-0.07068055868148804,-0.07577684355845093,-0.02402639389038086,-0.08002901077270508,-0.07037499381174683,-1.290342741772369,-2.2140921201931003,1.1516990153724127,0.9495131823202205,0.87217972778321,0.2101285260701258,0.16084374458982692,0.19754695317259383,0.2421040446820141,0.21867128880787576,0.24560330307014897,0.2754215476863861,0.03802777472357782,0.08233073720938455,0.04462495794055956,X
0.0,0.0,0.0,0.06900149583816528,-0.05531501770019531,-0.01888326627712189,0.10551077127456665,-0.14493876695632935,-0.030625284440326084,0.1267961859703064,-0.19955694675445557,-0.042324120901035656,0.13040536642074585,-0.23921239376068115,-0.05101720874707638,0.016630828380584717,-0.25577855110168457,-0.040000642440723766,-0.031904131174087524,-0.3245629072189331,-0.06519347687761723,-0.04156839847564697,-0.346195787191391,-0.07930106183092533,-0.04776456952095032,-0.34424588084220886,-0.08804802109997212,-0.03445115685462952,-0.2386823296546936,-0.04542971660892903,-0.020027965307235718,-0.19161105155944824,-0.07433543612759053,0.004368007183074951,-0.14474231004714966,-0.08194641282360493,0.015396833419799805,-0.13100391626358032,-0.08525315930645405,-0.0719805359840393,-0.19202232360839844,-0.052375185094284404,-0.04314982891082764,-0.12630105018615723,-0.07728206624786793,-0.017516136169433594,-0.09805607795715332,-0.07228867223064839,-0.005876123905181885,-0.10420262813568115,-0.06764129062693058,-0.09475928544998169,-0.13739418983459473,-0.06224849706094204,-0.0694437026977539,-0.085976243019104,-0.079182232520985,-0.04175564646720886,-0.06402057409286499,-0.07473649343054234,-0.02623879909515381,-0.06810814142227173,-0.06883980592291294,-1.3126221669351918,-2.2000029722742243,1.1372387578589394,0.9255510861844086,0.7909534455427748,0.20682494888666977,0.1579114855394321,0.19183399443157453,0.23197857607645292,0.22239941159723617,0.2436706897557339,0.27697546809126833,0.03421765273459244,0.07542814055648495,0.041442134500973615,X
0.0,0.0,0.0,0.07091152667999268,-0.057501792907714844,-0.01993529372276015,0.10907787084579468,-0.1524643898010254,-0.030244099575888583,0.13127797842025757,-0.20981305837631226,-0.039595820609342525,0.1329450011253357,-0.24730175733566284,-0.0457437230682487,0.020009636878967285,-0.26073312759399414,-0.03951832339526362,-0.026041388511657715,-0.3245515823364258,-0.06509680360914416,-0.038216859102249146,-0.34628576040267944,-0.08047253698469348,-0.04937094449996948,-0.3545531630516052,-0.09102483898760028,-0.030710577964782715,-0.2420061230659485,-0.04423958868147082,-0.020917654037475586,-0.20022261142730713,-0.07457520872713275,0.005652368068695068,-0.14801734685897827,-0.08332218289734072,0.016660213470458984,-0.13450253009796143,-0.08764889896274752,-0.0683450698852539,-0.19409435987472534,-0.050632112327825496,-0.04533800482749939,-0.13197088241577148,-0.07866495907665438,-0.017106622457504272,-0.09740060567855835,-0.07536162495971865,-0.00488629937171936,-0.10297274589538574,-0.07126601845384783,-0.09133023023605347,-0.13898247480392456,-0.059637249115716884,-0.07053101062774658,-0.08909916877746582,-0.07923711151243396,-0.043634235858917236,-0.06412941217422485,-0.07640837192894168,-0.03015807271003723,-0.06849038600921631,-0.07171592176319308,-1.3242523683220608,-2.207548081204999,1.1557502057752416,0.9624781535511312,0.8560658808011163,0.21152297288307695,0.1620056094873334,0.19957036588641391,0.2420250383951864,0.22974419445595343,0.2554830521750587,0.2867072493879774,0.038188735348517994,0.08092932155944525,0.0427515575269793,X
0.0,0.0,0.0,0.06833100318908691,-0.056726038455963135,-0.021751340599216462,0.10484319925308228,-0.1495383381843567,-0.03311748069659615,0.12484091520309448,-0.20555627346038818,-0.04338454839722061,0.13048404455184937,-0.24204903841018677,-0.05032236141101265,0.016704082489013672,-0.260084331035614,-0.03951815527812386,-0.026471436023712158,-0.32117050886154175,-0.066319268317379,-0.04093709588050842,-0.3426856994628906,-0.08186618623272324,-0.05355119705200195,-0.3535568118095398,-0.09247029212252045,-0.034479349851608276,-0.24118775129318237,-0.043810501815237046,-0.02515384554862976,-0.19676965475082397,-0.07403623697296524,0.0008677840232849121,-0.13986080884933472,-0.08148450043932343,0.014049530029296875,-0.1274603009223938,-0.0847111978842392,-0.072299063205719,-0.1938725709915161,-0.05031775322691345,-0.05037069320678711,-0.12716776132583618,-0.07874697086349869,-0.021558821201324463,-0.08936083316802979,-0.07330041763321304,-0.007596105337142944,-0.09682929515838623,-0.06755539414421463,-0.09591653943061829,-0.13958251476287842,-0.05977104243770981,-0.07784909009933472,-0.0884467363357544,-0.07891583082214737,-0.050920069217681885,-0.06243199110031128,-0.07451302197710419,-0.037884026765823364,-0.06857037544250488,-0.06866388407484436,-1.3004172736247113,-2.215329967322718,1.1674764042272143,0.9827406434798981,0.8856434611318585,0.21518121126313372,0.1633633218661668,0.20038687986863174,0.24174915500222022,0.23598620836239895,0.26080814454381873,0.2854167639399588,0.03750722656411075,0.07851826312660545,0.04142372180259212,X
0.0,0.0,0.0,0.07302260398864746,-0.05968582630157471,-0.020049489125639752,0.11130601167678833,-0.1556168794631958,-0.030897225275666074,0.13369303941726685,-0.2141256332397461,-0.040993263036043004,0.13543397188186646,-0.25432080030441284,-0.04753527885678466,0.021169662475585938,-0.26496410369873047,-0.03643287813666518,-0.022234708070755005,-0.3303828835487366,-0.06074706187847312,-0.0341910719871521,-0.3494124412536621,-0.07588569542768653,-0.04619792103767395,-0.35531535744667053,-0.08625117412212546,-0.02963578701019287,-0.2458760142326355,-0.04088316953185256,-0.018246620893478394,-0.2046525478363037,-0.06783064922693427,0.007273316383361816,-0.15372896194458008,-0.07605406364801581,0.017693638801574707,-0.14492511749267578,-0.08081079742315467,-0.06746989488601685,-0.19958281517028809,-0.04722461572292502,-0.041749417781829834,-0.1388232707977295,-0.07203940024974997,-0.014769434928894043,-0.10535705089569092,-0.06833441278341468,-0.00369223952293396,-0.11435413360595703,-0.06478275081518348,-0.09066653251647949,-0.14615273475646973,-0.05643628260496314,-0.06605789065361023,-0.09832102060317993,-0.07338471433523353,-0.03739297389984131,-0.0734357237815857,-0.06929545572403129,-0.02284407615661621,-0.07832521200180054,-0.06414929500225242,-1.3310500142477841,-2.2114874955657404,1.1323891708074243,0.928376336858016,0.7854355124249721,0.20782214775595056,0.16071776955801814,0.19734936150524995,0.2366989387235499,0.219877657997787,0.2446815161712199,0.27797291728565704,0.037308723477394765,0.07796700420963378,0.040802892524938815,X
0.0,0.0,0.0,0.07363265752792358,-0.05660402774810791,-0.02029710094502235,0.11385941505432129,-0.15276533365249634,-0.031320860786941296,0.13749289512634277,-0.2108536958694458,-0.04134325887134338,0.13396018743515015,-0.2507063150405884,-0.047441916717794186,0.023940861225128174,-0.2644917964935303,-0.04006592760851646,-0.023231148719787598,-0.33617866039276123,-0.06665807421376968,-0.032972246408462524,-0.35211381316185,-0.08141946251561905,-0.04387378692626953,-0.35260769724845886,-0.09070257301500106,-0.027359992265701294,-0.24666047096252441,-0.04503616894653106,-0.019222497940063477,-0.21063005924224854,-0.07534624095132614,0.007559597492218018,-0.15637344121932983,-0.0828853865998056,0.018330693244934082,-0.14456290006637573,-0.08619238640239502,-0.06577536463737488,-0.20005935430526733,-0.05202830786874557,-0.042728304862976074,-0.14004194736480713,-0.07947071845701004,-0.012571752071380615,-0.10451042652130127,-0.07562520559003616,0.0009840130805969238,-0.11325281858444214,-0.0714163353579309,-0.08873873949050903,-0.1453450322151184,-0.06173046137264038,-0.06793344020843506,-0.09686702489852905,-0.08014912362268234,-0.041263461112976074,-0.07074850797653198,-0.07652942295244003,-0.028436630964279175,-0.07689511775970459,-0.0715936517255571,-1.36837363792264,-2.2267285212682038,1.150006842033051,0.9152084056719587,0.8485968239977655,0.20496051847380894,0.15696051882264253,0.19124886047763093,0.23787193808112703,0.2171451933336397,0.2435220321895376,0.2761444047460268,0.035794252543238404,0.08225637589872715,0.04677025449232049,X
0.0,0.0,0.0,0.05862092971801758,-0.0496637225151062,-0.018919660725273957,0.09342217445373535,-0.14013183116912842,-0.03147691582945811,0.11420190334320068,-0.19717103242874146,-0.04487064202932345,0.12180858850479126,-0.2364354133605957,-0.055354089491643776,0.004626214504241943,-0.24978595972061157,-0.0326860072245978,-0.04253959655761719,-0.33393967151641846,-0.061134294622220864,-0.05022263526916504,-0.35526588559150696,-0.0764201218417071,-0.05289974808692932,-0.34209078550338745,-0.08341379558352457,-0.04315301775932312,-0.23645567893981934,-0.03683635687140452,-0.03270059823989868,-0.20147132873535156,-0.06638955419568049,-0.007192492485046387,-0.1432420015335083,-0.07111541276482569,0.005105018615722656,-0.12341159582138062,-0.0705912718704127,-0.07907313108444214,-0.1959625482559204,-0.043620788507737984,-0.05851033329963684,-0.1489691138267517,-0.07154266630915629,-0.031253963708877563,-0.10846167802810669,-0.06323287730721461,-0.017157137393951416,-0.10523337125778198,-0.053978865050353875,-0.10566651821136475,-0.14903080463409424,-0.05301476737169253,-0.08638131618499756,-0.1149103045463562,-0.0711883017948054,-0.06002965569496155,-0.08344471454620361,-0.06373878663090693,-0.04537716507911682,-0.08037275075912476,-0.05406867807415949,-1.284154062783576,-2.1281126599926745,1.167321075454758,0.9719622891338945,0.8502073815009921,0.20417164479250724,0.16246263126020857,0.19111632276316165,0.22870642942357303,0.22624133344773278,0.23953907594015664,0.2618261235352739,0.028741110599343374,0.0663384734139427,0.037608781077426025,X
0.0,0.0,0.0,0.06409710645675659,-0.051776349544525146,-0.024386399419270788,0.1007569432258606,-0.14016085863113403,-0.03930227923508767,0.12379878759384155,-0.19768953323364258,-0.05418063047643784,0.12499594688415527,-0.24127614498138428,-0.06593936029192093,0.015006184577941895,-0.25809794664382935,-0.035710343153439794,-0.03022700548171997,-0.33307793736457825,-0.06362246069427613,-0.04373157024383545,-0.3534756004810333,-0.07900773081298951,-0.05475857853889465,-0.35159415006637573,-0.08784712198492173,-0.03336864709854126,-0.2409510612487793,-0.03893146756406907,-0.035002946853637695,-0.2077440619468689,-0.06995921674486283,-0.008381932973861694,-0.14637374877929688,-0.07624045851942185,0.009651780128479004,-0.12866276502609253,-0.07765089067932252,-0.07085156440734863,-0.19829082489013672,-0.04523530322428826,-0.062475621700286865,-0.15019094944000244,-0.07491169962402466,-0.033206939697265625,-0.10685324668884277,-0.06762848886963013,-0.013336777687072754,-0.1049237847328186,-0.05969193670269135,-0.09666675329208374,-0.14963579177856445,-0.054814294905625616,-0.08984971046447754,-0.11506181955337524,-0.07581657263752106,-0.063243567943573,-0.0824422836303711,-0.07059412542101029,-0.043763577938079834,-0.0788489580154419,-0.06297499778982285,-1.3355194126170562,-2.211846542130065,1.2049216695923746,1.0186897577601657,0.9289876193768238,0.21090697393874414,0.16120189251220396,0.19423673399399471,0.23422717238590357,0.23204977211718766,0.25012403866801475,0.2729667192628301,0.03304561961597049,0.07303845457204745,0.040071021472579245,X
0.0,0.0,0.0,0.06478112936019897,-0.058636248111724854,-0.019307451497681427,0.10301601886749268,-0.14696574211120605,-0.02852694707728176,0.12495094537734985,-0.2057633399963379,-0.03687482344723492,0.12217175960540771,-0.2498500943183899,-0.04188442620254307,0.017215430736541748,-0.25790679454803467,-0.03170222806549816,-0.025797545909881592,-0.3357023000717163,-0.05380881967759876,-0.04111301898956299,-0.3560643792152405,-0.06487672420955448,-0.05771911144256592,-0.36189019680023193,-0.07146215083814411,-0.029187798500061035,-0.24131280183792114,-0.034219436522491264,-0.03611797094345093,-0.22088277339935303,-0.05819485726571827,-0.010036498308181763,-0.1598384976387024,-0.06141917797542362,0.006703108549118042,-0.14326447248458862,-0.06255682947850971,-0.06553182005882263,-0.2031409740447998,-0.03897425549841671,-0.06191164255142212,-0.1739274263381958,-0.06331674399591236,-0.031049728393554688,-0.12936902046203613,-0.05517485755301266,-0.009789824485778809,-0.12523376941680908,-0.04805711301780491,-0.09159910678863525,-0.1598876714706421,-0.04631765576816349,-0.08785045146942139,-0.13668292760849,-0.06400383653856068,-0.061041027307510376,-0.1041862964630127,-0.05781847628570347,-0.041868776082992554,-0.09919977188110352,-0.05060428770995884,-1.3867169740462821,-2.1952403885272327,1.2198923829410844,0.9497484215173817,0.8843112682508837,0.21192854939941513,0.15714166907111965,0.18150230882231674,0.22272138873353783,0.22791978799831444,0.24146113801204394,0.2631681828702003,0.02443610225080969,0.06558144414382655,0.04131377691842645,X
0.0,0.0,0.0,0.05670192837715149,-0.0581701397895813,-0.028701542835747773,0.09307798743247986,-0.13763803243637085,-0.04480720586708742,0.11659416556358337,-0.2012420892715454,-0.05991657726100641,0.11655530333518982,-0.25201356410980225,-0.07185974619916635,0.011188209056854248,-0.2553902864456177,-0.029702686663782174,-0.02768084406852722,-0.33280250430107117,-0.05694339327148157,-0.04526478052139282,-0.3579755127429962,-0.07383176587156015,-0.06436827778816223,-0.36646515130996704,-0.08364185593656259,-0.03408578038215637,-0.23546379804611206,-0.029284282546555573,-0.045692622661590576,-0.2284521460533142,-0.05828352547815996,-0.016515374183654785,-0.1653464436531067,-0.06431300095847803,0.005119264125823975,-0.14347004890441895,-0.06555195800594049,-0.06990638375282288,-0.19659799337387085,-0.032950187992369706,-0.07318300008773804,-0.1812489628791809,-0.06194853312901216,-0.04120984673500061,-0.13254159688949585,-0.05379882357648569,-0.018520385026931763,-0.12070029973983765,-0.044517396908318574,-0.09720757603645325,-0.15351736545562744,-0.040212481241738374,-0.0981854796409607,-0.14112073183059692,-0.06098505757383066,-0.06905224919319153,-0.10568153858184814,-0.05507320068410593,-0.04595789313316345,-0.0940554141998291,-0.04669260136417108,-1.3683432427830304,-2.1681304377730446,1.1679344667799736,0.975644499888663,0.859439667530377,0.21408528211704578,0.15556248110586499,0.1883842217012805,0.22663035134187817,0.23357083332066286,0.2500047830301113,0.27303114682314084,0.03282216460082022,0.07106815121168826,0.03824613413823266,X
0.0,0.0,0.0,0.06155404448509216,-0.06418633460998535,-0.02048598181479022,0.10145148634910583,-0.14794588088989258,-0.03187279354803607,0.12740418314933777,-0.20836925506591797,-0.04332412730925128,0.12204471230506897,-0.2553046941757202,-0.05246445488207385,0.017538458108901978,-0.2586318850517273,-0.023341143019724342,-0.01786339282989502,-0.3288106918334961,-0.047439001016545745,-0.03699168562889099,-0.3559705913066864,-0.06351277556293056,-0.058818817138671875,-0.3745928704738617,-0.07403961893193767,-0.026893019676208496,-0.238597571849823,-0.02619352515809581,-0.03704366087913513,-0.2261776328086853,-0.051509566121030304,-0.01067960262298584,-0.16335368156433105,-0.05859893512003467,0.008742332458496094,-0.1443660855293274,-0.06232384916417644,-0.06236037611961365,-0.1993984580039978,-0.032117776088643524,-0.06510612368583679,-0.18282002210617065,-0.05847791906468913,-0.03318950533866882,-0.1346224546432495,-0.051988664530444595,-0.010333836078643799,-0.12295818328857422,-0.04504753228299663,-0.089180588722229,-0.15673094987869263,-0.04069276850693271,-0.09032920002937317,-0.14389252662658691,-0.05890268038981006,-0.06359416246414185,-0.10925239324569702,-0.05269081842176959,-0.04269826412200928,-0.09796714782714844,-0.04518402319424197,-1.381281449962973,-2.153105505451042,1.209250948494927,0.9731979736627362,0.9015656873722118,0.21665937618156153,0.15857113283096197,0.18718888593124441,0.22780551304356492,0.23993516090975028,0.256263163921834,0.27709504264670515,0.02867400363407612,0.06927478903936832,0.040890195108466074,X
0.0,0.0,0.0,0.06109169125556946,-0.06878960132598877,-0.018899291661622186,0.10208028554916382,-0.15049338340759277,-0.03261160841310229,0.13071417808532715,-0.2111595869064331,-0.04723224034631457,0.11764687299728394,-0.2558610439300537,-0.06016635513031687,0.016177892684936523,-0.2641291618347168,-0.024633545336367746,-0.0243380069732666,-0.34363001585006714,-0.05019265776598658,-0.042580634355545044,-0.3682120442390442,-0.06778458124125208,-0.063291996717453,-0.37784284353256226,-0.07875205194676127,-0.027420371770858765,-0.24162638187408447,-0.030563915056230684,-0.040833115577697754,-0.2444075345993042,-0.05848780637705531,-0.013326674699783325,-0.18396210670471191,-0.0682338214489242,0.007059633731842041,-0.15830296277999878,-0.07303317254507746,-0.06300249695777893,-0.19925713539123535,-0.03924541911208834,-0.0676126480102539,-0.1989089846611023,-0.06917537367069926,-0.03245958685874939,-0.15308797359466553,-0.06734714275324549,-0.0064133405685424805,-0.13686251640319824,-0.062385633495690485,-0.08936762809753418,-0.1518067717552185,-0.050005618390681406,-0.0909128189086914,-0.15360647439956665,-0.07095118230307307,-0.061988234519958496,-0.12291485071182251,-0.0668212956758758,-0.03777691721916199,-0.10895013809204102,-0.060312930402400156,-1.424121378009632,-2.180756460510246,1.1784423562456727,0.8341515518081082,0.6931848032282844,0.21821648427172752,0.14746903636368144,0.17190574784909968,0.21386764322681265,0.23053657225638619,0.247601897385059,0.2701005485387378,0.025322199298940862,0.06667846433341333,0.04198541179153118,X
0.0,0.0,0.0,0.05991476774215698,-0.07035297155380249,-0.021073374008349077,0.10136902332305908,-0.15056097507476807,-0.0337993940762793,0.13033753633499146,-0.2139970064163208,-0.046662899707964556,0.11384791135787964,-0.25579068064689636,-0.05795194864790787,0.01933273673057556,-0.2604983150959015,-0.019242643421105043,-0.02002456784248352,-0.33355581760406494,-0.04466605097573151,-0.04355493187904358,-0.360568642616272,-0.06414849594753136,-0.07028606534004211,-0.3842911720275879,-0.07741849408071388,-0.02418196201324463,-0.23317283391952515,-0.023929794361404078,-0.04836776852607727,-0.2523425817489624,-0.051397412126473085,-0.019343435764312744,-0.18743067979812622,-0.06179943964403023,0.004105210304260254,-0.1599193811416626,-0.06713008419196953,-0.058878034353256226,-0.1899639368057251,-0.03206654921691765,-0.07533660531044006,-0.2036694884300232,-0.061988293235710756,-0.037402987480163574,-0.15244191884994507,-0.059883016204050676,-0.009456455707550049,-0.13261985778808594,-0.054565212731770174,-0.08502197265625,-0.1424267292022705,-0.04253454417507996,-0.0967789888381958,-0.15242493152618408,-0.06353401676338066,-0.06859225034713745,-0.11833947896957397,-0.059393669521025316,-0.044272929430007935,-0.10286682844161987,-0.0532029970042025,-1.4527604531238203,-2.1974104383315236,1.2022821490543294,0.8594669897076728,0.7705921466398112,0.22453885556773903,0.14572153754118267,0.17428430377151777,0.21997250933871199,0.23638266103363834,0.25891831109266783,0.2826240336607396,0.030482499247082222,0.07480266154181635,0.04579770297469373,X
0.0,0.0,0.0,0.05362290143966675,-0.05804729461669922,-0.02154960223679936,0.0914914608001709,-0.14209479093551636,-0.03478599266355431,0.11984813213348389,-0.20786583423614502,-0.04941005931442177,0.10468059778213501,-0.2504621744155884,-0.06265661047046578,0.008947610855102539,-0.2583410143852234,-0.017232856910876393,-0.031809866428375244,-0.3382394015789032,-0.04432336912696755,-0.053346455097198486,-0.36713576316833496,-0.06430530474727547,-0.0736333429813385,-0.38006114959716797,-0.07680760250633156,-0.033519446849823,-0.23127925395965576,-0.022287379216603398,-0.053545236587524414,-0.24739119410514832,-0.05490882993882096,-0.024926960468292236,-0.18645280599594116,-0.06776892320459282,-0.00017052888870239258,-0.16046607494354248,-0.0723744846994201,-0.06762659549713135,-0.18823468685150146,-0.03108236865346825,-0.08137655258178711,-0.20246648788452148,-0.06589528099840081,-0.044631123542785645,-0.15399527549743652,-0.06667004452293313,-0.015163660049438477,-0.1348123550415039,-0.061206626903466343,-0.09339669346809387,-0.14112579822540283,-0.04218655751293099,-0.09976950287818909,-0.15140146017074585,-0.06729435847347176,-0.06965526938438416,-0.11752784252166748,-0.06596178488080895,-0.04299810528755188,-0.1017346978187561,-0.06027189941351807,-1.4496843570737592,-2.166911914800136,1.1306639515548516,0.7944586317143164,0.6634149278893952,0.22043537791995918,0.13817762729301142,0.16654587012729866,0.2095921316156836,0.23155729715675247,0.252122341439951,0.28000737766729544,0.029713756524803212,0.07268821059273071,0.04323063438187247,X
0.0,0.0,0.0,0.05246010422706604,-0.06151539087295532,-0.02326823313416071,0.08924847841262817,-0.1471901535987854,-0.03761520710469313,0.11753213405609131,-0.21455800533294678,-0.052433774887333584,0.09886473417282104,-0.2555268406867981,-0.06557781723023481,0.005314528942108154,-0.2583410441875458,-0.02034225416065283,-0.03423163294792175,-0.3353874385356903,-0.04658891734362669,-0.05533972382545471,-0.3631571829319,-0.06432230499268599,-0.07740965485572815,-0.37849003076553345,-0.07530789551020689,-0.03795260190963745,-0.229081928730011,-0.024506948037753773,-0.061174750328063965,-0.24553969502449036,-0.05408281561614103,-0.0318569540977478,-0.18059605360031128,-0.06213491883755751,-0.007344156503677368,-0.15788978338241577,-0.0639684247660739,-0.07202571630477905,-0.18447637557983398,-0.032708400009880734,-0.0869700014591217,-0.19427543878555298,-0.06537504222870893,-0.04985332489013672,-0.14490658044815063,-0.062366181133995724,-0.022800683975219727,-0.13078659772872925,-0.05502141368270941,-0.097188800573349,-0.1370139718055725,-0.04332355511070318,-0.10701924562454224,-0.14562994241714478,-0.06549013134718962,-0.07822167873382568,-0.11082834005355835,-0.061048132448206616,-0.05458375811576843,-0.0969805121421814,-0.053929449139843655,-1.4822656560036642,-2.1737714721895047,1.164747787226261,0.8287539026968309,0.7542897437281015,0.21492465270817004,0.1442682342644826,0.1742486791524563,0.22064310113986987,0.23145980904859909,0.25365159262036335,0.2824334092092058,0.031200751818774217,0.07708125118007308,0.0464005950878716,X
0.0,0.0,0.0,0.04880133271217346,-0.061488330364227295,-0.02526655037286929,0.08357793092727661,-0.1477094292640686,-0.04045564111653022,0.10757842659950256,-0.2165309190750122,-0.056167961921126164,0.08386272192001343,-0.2501610815525055,-0.06997887593093566,-0.007898956537246704,-0.2570933699607849,-0.016388727243572987,-0.04834660887718201,-0.33152157068252563,-0.04092436459246329,-0.06597214937210083,-0.3648560047149658,-0.05701165821734122,-0.08168283104896545,-0.3757862448692322,-0.06646314066234282,-0.050688982009887695,-0.22466760873794556,-0.019510287683040417,-0.07664111256599426,-0.24737951159477234,-0.0508800911563938,-0.0464245080947876,-0.18315410614013672,-0.05877942767325095,-0.020603805780410767,-0.15871745347976685,-0.058101316805512226,-0.08195474743843079,-0.18040156364440918,-0.026995673667222775,-0.0985231101512909,-0.1960025429725647,-0.06225257542315177,-0.060245782136917114,-0.14633166790008545,-0.059820791597992695,-0.034015268087387085,-0.12841981649398804,-0.05081450742068938,-0.10441875457763672,-0.13141196966171265,-0.03701315995636634,-0.11362326145172119,-0.14657169580459595,-0.06290148746553115,-0.08193042874336243,-0.11235451698303223,-0.06034580048504523,-0.05563303828239441,-0.09525972604751587,-0.05283871468487433,-1.568016574074017,-2.1269735994072496,1.1428145787776984,0.8258306615952504,0.6377430144770405,0.2078148497248434,0.13883512712886767,0.16945842011016454,0.20845502405010738,0.22549835370361346,0.2519173405024371,0.28173341914904604,0.03313327825817238,0.07248400030726702,0.03958433511658825,X
0.0,0.0,0.0,0.05150690674781799,-0.0636797547340393,-0.02590895673187177,0.08782804012298584,-0.14907735586166382,-0.039591081868127986,0.11586737632751465,-0.21835464239120483,-0.053120132963375255,0.09419754147529602,-0.2606993615627289,-0.06450213162155549,0.002994239330291748,-0.2658430337905884,-0.01183988755495946,-0.037535905838012695,-0.33885258436203003,-0.03195102183075349,-0.06055179238319397,-0.36706632375717163,-0.04604108674378793,-0.08374899625778198,-0.3828623294830322,-0.05539559243173997,-0.04018807411193848,-0.2341269552707672,-0.01356311371477048,-0.0681678056716919,-0.2578513026237488,-0.037470285277084514,-0.04006233811378479,-0.1901928186416626,-0.04393006158919732,-0.013824760913848877,-0.17097043991088867,-0.04457683904023568,-0.07301795482635498,-0.18767112493515015,-0.019802632237986728,-0.09244868159294128,-0.20460021495819092,-0.04909695355148713,-0.05475550889968872,-0.1535700559616089,-0.045959473083929225,-0.027635306119918823,-0.1403689980506897,-0.038717892448620006,-0.09596306085586548,-0.13687759637832642,-0.028742166663722202,-0.10923752188682556,-0.1539878249168396,-0.05055549783559243,-0.07803484797477722,-0.11819642782211304,-0.04626454828234117,-0.05151772499084473,-0.10183793306350708,-0.03902512459011476,-1.5137950094579933,-2.2086886710020006,1.1753564660561324,0.8061049495885009,0.6676132168150383,0.21584429810001193,0.14042826351647997,0.17123854453976867,0.21556876477382284,0.2231312877094721,0.24890110889677458,0.28286669339185433,0.033573492562020406,0.07874047906834808,0.04533225011151385,X
0.0,0.0,0.0,0.04996305704116821,-0.057597458362579346,-0.026108368114790004,0.08656144142150879,-0.14556145668029785,-0.04053415432687668,0.11193889379501343,-0.21418830752372742,-0.05463526472564606,0.08617931604385376,-0.25226742029190063,-0.06752459034438996,-0.0036839842796325684,-0.2572019696235657,-0.017612128333410304,-0.042328089475631714,-0.3292754292488098,-0.03957088366266159,-0.062233030796051025,-0.36049386858940125,-0.0552983216952887,-0.08202219009399414,-0.37317413091659546,-0.06551607027765183,-0.04681560397148132,-0.22356495261192322,-0.01985581107552914,-0.07189562916755676,-0.24617278575897217,-0.04901078045483498,-0.0419023334980011,-0.17946738004684448,-0.057795689256152194,-0.01717299222946167,-0.15103614330291748,-0.0588037267338839,-0.07907688617706299,-0.17816632986068726,-0.026204247773846667,-0.09647205471992493,-0.19538584351539612,-0.05979834944125084,-0.05667966604232788,-0.1444251537322998,-0.05908836126442818,-0.02995392680168152,-0.12447142601013184,-0.05222772136445908,-0.1023760735988617,-0.12991470098495483,-0.034924168885907214,-0.11204707622528076,-0.14677411317825317,-0.060175717623194735,-0.0806463360786438,-0.10940653085708618,-0.05801772028323082,-0.05575847625732422,-0.09027135372161865,-0.05171695426221756,-1.5743774175908993,-2.164883552211186,1.1828114894503283,0.8298353320693705,0.7047230333059629,0.2071477234756013,0.14467021485517553,0.17268105353015992,0.21538120267928576,0.23141025043140986,0.25409474506582996,0.2841192777850971,0.02947942491611716,0.0719805475842186,0.04284296578375775,X
0.0,0.0,0.0,0.051439911127090454,-0.05875450372695923,-0.024537483569880614,0.08705523610115051,-0.14850139617919922,-0.03724774565984834,0.11034440994262695,-0.21709397435188293,-0.049984829839964995,0.0860370397567749,-0.25483614206314087,-0.06139961850335229,-0.0019729435443878174,-0.2594788372516632,-0.015434312973817477,-0.04080164432525635,-0.331662654876709,-0.03725362789322961,-0.06302750110626221,-0.3627859950065613,-0.0531571864752971,-0.08435249328613281,-0.3779117465019226,-0.06368710320880044,-0.04484105110168457,-0.22617891430854797,-0.01825265992869962,-0.07187247276306152,-0.25178664922714233,-0.0464445337324344,-0.043500423431396484,-0.18756908178329468,-0.055158818480273375,-0.016848325729370117,-0.16155987977981567,-0.0564884490936004,-0.07706022262573242,-0.18034106492996216,-0.025142932650347838,-0.09578648209571838,-0.20291686058044434,-0.05787477117468942,-0.05787152051925659,-0.1524624228477478,-0.05713607963611711,-0.029447495937347412,-0.1334693431854248,-0.05056423541595567,-0.0998283326625824,-0.1305188536643982,-0.03440137800266374,-0.11084389686584473,-0.1509212851524353,-0.05940186452557672,-0.07903796434402466,-0.11512506008148193,-0.05759204771806825,-0.051146239042282104,-0.09632277488708496,-0.05162169259478677,-1.5803714211708297,-2.1785496087830207,1.1620038899910201,0.777555711391086,0.6123593188552083,0.21019085940770976,0.13887353792845242,0.167530826579203,0.2096323914750555,0.22663835260536072,0.25053272695002443,0.2835401281230032,0.030786642169785182,0.07370364110683525,0.0430197976364043,X
0.0,0.0,0.0,0.050180017948150635,-0.06830054521560669,-0.028863043529337773,0.08602085709571838,-0.1506441831588745,-0.04559594113881005,0.11382606625556946,-0.22186529636383057,-0.06218863372260941,0.09205600619316101,-0.2663695216178894,-0.07606992591673745,0.0016978681087493896,-0.2666997015476227,-0.015603315090185532,-0.03844648599624634,-0.3454892039299011,-0.040805798960274586,-0.060564279556274414,-0.37562960386276245,-0.05859107617790116,-0.08374828100204468,-0.38957321643829346,-0.0694038765555085,-0.04127591848373413,-0.23511436581611633,-0.016977819619125256,-0.06827151775360107,-0.2622716426849365,-0.04649013001973046,-0.039515674114227295,-0.19454661011695862,-0.054732405585593114,-0.012660205364227295,-0.1697506308555603,-0.05550883804017914,-0.07386791706085205,-0.18958503007888794,-0.02340139914805306,-0.09396383166313171,-0.2093953788280487,-0.05615604017431153,-0.05520382523536682,-0.15621721744537354,-0.05292873178178681,-0.02546587586402893,-0.13645654916763306,-0.0445184903269471,-0.09674647450447083,-0.14043039083480835,-0.033054091972655186,-0.11005595326423645,-0.1588006615638733,-0.056387887341326604,-0.07897144556045532,-0.12208741903305054,-0.05258859787637604,-0.05098423361778259,-0.10184407234191895,-0.045084097427672276,-1.5186928994248219,-2.1784278555538346,1.1581409145740125,0.831916489683169,0.7005278956925617,0.21467719444229194,0.14248050749163757,0.17518211430715502,0.21801177414220588,0.2310313477218321,0.25974003541787316,0.28958857567837587,0.035671852662734836,0.07797455886855598,0.043002443354525285,X
0.0,0.0,0.0,0.04923960566520691,-0.0632900595664978,-0.030340293694243847,0.08434924483299255,-0.14754718542099,-0.046270204979882656,0.10652327537536621,-0.22055986523628235,-0.06152168874810737,0.08059054613113403,-0.257863849401474,-0.07409367178748649,-0.00735744833946228,-0.2576233744621277,-0.014924656871662556,-0.04624319076538086,-0.3355354070663452,-0.03636123825977844,-0.06575453281402588,-0.3692837357521057,-0.050189974058375775,-0.0844077467918396,-0.3785194456577301,-0.05789158334206146,-0.04892423748970032,-0.22332707047462463,-0.014230696756349026,-0.07861074805259705,-0.250405490398407,-0.042371830243573605,-0.04873409867286682,-0.18631860613822937,-0.049188638377891,-0.02095279097557068,-0.16169404983520508,-0.047642508793578564,-0.07891994714736938,-0.17901480197906494,-0.01846868199478191,-0.09972742199897766,-0.20134970545768738,-0.0515973477549414,-0.06107521057128906,-0.15084004402160645,-0.049491362918124615,-0.03259873390197754,-0.13058799505233765,-0.04060322259734672,-0.09968078136444092,-0.13087981939315796,-0.025725797090635716,-0.11325258016586304,-0.15079110860824585,-0.05093112801383537,-0.08165526390075684,-0.11626476049423218,-0.04890006621550125,-0.05290982127189636,-0.09640878438949585,-0.041542964328036724,-1.6048550545901368,-2.1382107456490074,1.144754770937265,0.8076175950369332,0.6351406639965747,0.20440697046688033,0.13985592464884072,0.17032602917556883,0.20949960886542532,0.22591986121463356,0.2532867505731716,0.28386360195217053,0.033214674931419635,0.07268712175947671,0.03975875641520235,X
0.0,0.0,0.0,0.05219590663909912,-0.07388025522232056,-0.029476409973975493,0.087313711643219,-0.15546399354934692,-0.0450120141826833,0.11751055717468262,-0.22377115488052368,-0.060331447245951964,0.09712618589401245,-0.27026060223579407,-0.07246212867128499,0.0066970884799957275,-0.2731526792049408,-0.009717112603064848,-0.033781468868255615,-0.3462321162223816,-0.03292335403191693,-0.05720481276512146,-0.3750692903995514,-0.04858891499268658,-0.08197420835494995,-0.3938252925872803,-0.05823887345420964,-0.035592108964920044,-0.24144119024276733,-0.010474316040452791,-0.0674990713596344,-0.26365435123443604,-0.0371237119756902,-0.039674729108810425,-0.19407355785369873,-0.043042170079823805,-0.012346327304840088,-0.17648649215698242,-0.04246627000200398,-0.0682576596736908,-0.195337176322937,-0.016988177048441244,-0.09288361668586731,-0.20505020022392273,-0.04920147192704327,-0.05424904823303223,-0.15014129877090454,-0.044420132609483076,-0.024857163429260254,-0.13828468322753906,-0.03494637292849667,-0.09211862087249756,-0.14648932218551636,-0.026816683086034132,-0.11116209626197815,-0.15709608793258667,-0.050181536199923826,-0.08086255192756653,-0.1185152530670166,-0.04548029062378056,-0.053322166204452515,-0.1027604341506958,-0.03711539712774403,-1.485526553797986,-2.2045039591192372,1.22712159056762,0.9204749344629292,0.8450958560933912,0.21758948486034987,0.14414511738919925,0.179715276785801,0.22514664767142295,0.22821962227645784,0.26184606136619876,0.2924716932219302,0.04019824904164104,0.08434779785313504,0.04552173827376655,X
0.0,0.0,0.0,0.04881519079208374,-0.06589198112487793,-0.02678623993677398,0.08421483635902405,-0.15460103750228882,-0.03882229712588092,0.10762971639633179,-0.22818133234977722,-0.05019108962995311,0.08224594593048096,-0.2667016386985779,-0.05960752826911708,-0.005452603101730347,-0.26412433385849,-0.012063680335705484,-0.044119030237197876,-0.33974847197532654,-0.030048431947653498,-0.0660938024520874,-0.3721255660057068,-0.04403709632140895,-0.08639460802078247,-0.38803595304489136,-0.0535543562172105,-0.04744020104408264,-0.22999334335327148,-0.012893670357589926,-0.08167237043380737,-0.25916576385498047,-0.03859699901921054,-0.05272400379180908,-0.19715139269828796,-0.04767007020098468,-0.024643391370773315,-0.16885191202163696,-0.04914562788588306,-0.07833361625671387,-0.1839243769645691,-0.017900595560496058,-0.10162696242332458,-0.20458656549453735,-0.048476141065185274,-0.06219357252120972,-0.15362274646759033,-0.04900134739262363,-0.03268599510192871,-0.1306338906288147,-0.043057184785430636,-0.0990443229675293,-0.13391482830047607,-0.025587150946085657,-0.11383327841758728,-0.15644562244415283,-0.048738490909164156,-0.08261531591415405,-0.12215489149093628,-0.047567926466291155,-0.053285062313079834,-0.10061192512512207,-0.04196793597919246,-1.588358123881307,-2.1494344234919565,1.2139086595165407,0.8624940053954803,0.6291312539743117,0.20775382613776094,0.14491342049462966,0.17811171532005926,0.21436988396327675,0.22771661467060333,0.2629456918029217,0.28932475497716187,0.03905509741325215,0.07400703430082771,0.036409339223260166,X
0.0,0.0,0.0,0.050951629877090454,-0.06834274530410767,-0.032043236007006204,0.08460161089897156,-0.14919734001159668,-0.04979863639643911,0.1101408302783966,-0.22079989314079285,-0.0666368628638101,0.08680269122123718,-0.26818084716796875,-0.08011621486118559,-0.001424640417098999,-0.2671110928058624,-0.01566867779663328,-0.04411408305168152,-0.3452642560005188,-0.039082667489559686,-0.06561371684074402,-0.3752940893173218,-0.054712853093655145,-0.089022696018219,-0.3843573331832886,-0.06339822213819746,-0.04345521330833435,-0.23233047127723694,-0.014346627217741048,-0.07516464591026306,-0.2580565810203552,-0.040813936551125085,-0.04444423317909241,-0.19060397148132324,-0.04597680147460226,-0.017626702785491943,-0.16669952869415283,-0.044432713349373376,-0.07484319806098938,-0.18612408638000488,-0.018559957553656137,-0.09983667731285095,-0.20588603615760803,-0.04891542594602827,-0.0598655641078949,-0.15287387371063232,-0.04277702297738317,-0.03130650520324707,-0.13440173864364624,-0.032370689024241006,-0.09637889266014099,-0.1371172070503235,-0.026361464221985376,-0.11666819453239441,-0.15686708688735962,-0.04845809813311819,-0.08541876077651978,-0.12013620138168335,-0.04292249183824781,-0.058009445667266846,-0.10051459074020386,-0.03389991696646932,-1.5522993993974608,-2.2124574033215048,1.195869847213572,0.8711180685028613,0.7618360040293232,0.21074046289398846,0.14561578325098115,0.17845624718008576,0.2215457707443675,0.22906834723444103,0.2565325669848885,0.2855320019453899,0.035075407857007475,0.07753200587256605,0.043143780808533275,X
0.0,0.0,0.0,0.05185815691947937,-0.07784974575042725,-0.025119683772558687,0.0868895947933197,-0.16082072257995605,-0.0345162796529479,0.11038950085639954,-0.23576202988624573,-0.04210154812061262,0.0876232385635376,-0.27512478828430176,-0.04575855384790373,0.002720087766647339,-0.2685766816139221,-0.010783854939276694,-0.03763917088508606,-0.3507731556892395,-0.03209413687908125,-0.061161160469055176,-0.38055527210235596,-0.04857195268594694,-0.08596494793891907,-0.40309280157089233,-0.059434183940524576,-0.03930780291557312,-0.23354721069335938,-0.010889203354949473,-0.06914100050926208,-0.2737395465373993,-0.03291480343067121,-0.03955879807472229,-0.2050289511680603,-0.037452184662456034,-0.013270646333694458,-0.18183809518814087,-0.038003434494370936,-0.07181760668754578,-0.18923050165176392,-0.015921109423274515,-0.09592008590698242,-0.22552040219306946,-0.04256311903917265,-0.05715584754943848,-0.16933077573776245,-0.03626410762988996,-0.026440471410751343,-0.14745181798934937,-0.02758847835683298,-0.09185600280761719,-0.1388426423072815,-0.02408910456323099,-0.1114942729473114,-0.1712045669555664,-0.042328891411656855,-0.0775749683380127,-0.13487672805786133,-0.035967675104970454,-0.04824778437614441,-0.1119382381439209,-0.02810063685500097,-1.5643780625648878,-2.1536741028740667,1.104327694300502,0.744134034036353,0.5527948090596764,0.21565869080036792,0.13741172846039462,0.17120431442295633,0.21234590888782065,0.23289076104987275,0.2624794768977017,0.29358740475635436,0.03682200907273264,0.07816258824042989,0.041674611602367975,X
0.0,0.0,0.0,0.05160871148109436,-0.06522393226623535,-0.025884224895449393,0.08943727612495422,-0.15263259410858154,-0.03752947864315104,0.11174115538597107,-0.22522559762001038,-0.04856373635313105,0.08540558815002441,-0.2619372606277466,-0.05795079362771105,-0.0009123682975769043,-0.2633839249610901,-0.016058838788481467,-0.04028511047363281,-0.3410947024822235,-0.038013263467760794,-0.06239163875579834,-0.37186357378959656,-0.055022134307833426,-0.0825066864490509,-0.38725897669792175,-0.06633265582105707,-0.04343530535697937,-0.22885572910308838,-0.01823766608914923,-0.07922735810279846,-0.2577019929885864,-0.04938530442497324,-0.05085304379463196,-0.19716963171958923,-0.06158195701620173,-0.021933019161224365,-0.16511917114257812,-0.06466546175262522,-0.0748431384563446,-0.18207430839538574,-0.024394566986771338,-0.09982362389564514,-0.20141345262527466,-0.05892226738116335,-0.05895376205444336,-0.15254712104797363,-0.061993560615988486,-0.025567233562469482,-0.12858104705810547,-0.05710069355747294,-0.0961962640285492,-0.13168954849243164,-0.033001090262146704,-0.11173900961875916,-0.151500403881073,-0.05864178282401156,-0.08024865388870239,-0.1178126335144043,-0.05945148212096285,-0.049120813608169556,-0.09675842523574829,-0.054976458523483984,-1.6076644792055268,-2.1532509833306372,1.2454244562331978,0.8264123272205365,0.6383770220246471,0.2095234222701817,0.14455213271023212,0.17349019239272487,0.21302910700527258,0.23025043405140885,0.2648704826472081,0.2924126996304613,0.03671841535151726,0.07356879601996688,0.039591039297017246,X
0.0,0.0,0.0,0.04968246817588806,-0.06925064325332642,-0.028917880013992203,0.08652561902999878,-0.15170693397521973,-0.042867125228454483,0.1091715395450592,-0.22686856985092163,-0.05583945776562871,0.08261552453041077,-0.26430514454841614,-0.06606983508210362,-0.003622114658355713,-0.26416558027267456,-0.013200538449396504,-0.04243934154510498,-0.344393789768219,-0.034739562526752366,-0.06476745009422302,-0.37494441866874695,-0.05041555430035771,-0.08691743016242981,-0.3898448944091797,-0.060061593756486786,-0.04579561948776245,-0.22995781898498535,-0.012951371476461304,-0.08037281036376953,-0.2581072449684143,-0.04221772144775571,-0.0509772002696991,-0.1939399540424347,-0.051566184714843644,-0.021930813789367676,-0.16686123609542847,-0.052450099245120896,-0.07712951302528381,-0.18469440937042236,-0.017445928633620156,-0.10266318917274475,-0.2061975598335266,-0.050359067723562134,-0.06314745545387268,-0.1562090516090393,-0.0499738093767661,-0.030913978815078735,-0.13542944192886353,-0.042774551764537705,-0.09812033176422119,-0.13638991117477417,-0.02486491131823243,-0.11731013655662537,-0.15617352724075317,-0.0484503556345004,-0.0863269567489624,-0.12021481990814209,-0.04657814393978299,-0.05535334348678589,-0.0997154712677002,-0.04006363193731488,-1.6055084584302046,-2.1560899517671275,1.209199866087457,0.8173250697776552,0.7088556639530058,0.21095414554349914,0.14291694144036185,0.1717495119514372,0.214767709613432,0.23226056958210384,0.26050644718236654,0.2918413502916871,0.03269028813590459,0.07500412805756355,0.043275515547976116,X
0.0,0.0,0.0,0.05033424496650696,-0.06125211715698242,-0.031532253814026134,0.08746981620788574,-0.14484912157058716,-0.04683946419982554,0.11043679714202881,-0.21945929527282715,-0.06085258696703555,0.0850583016872406,-0.2598363757133484,-0.07181273747710826,-0.0014488399028778076,-0.25954926013946533,-0.017202846449896114,-0.04085278511047363,-0.3394067585468292,-0.04062902901796939,-0.06176316738128662,-0.3716732859611511,-0.055687572551056164,-0.08165919780731201,-0.38403111696243286,-0.06422990162400843,-0.04386165738105774,-0.22783657908439636,-0.015711577353163975,-0.07690292596817017,-0.25424760580062866,-0.04853443403272273,-0.045776426792144775,-0.18828165531158447,-0.057450998318477886,-0.01630493998527527,-0.15745759010314941,-0.056766289961620586,-0.07560062408447266,-0.18586981296539307,-0.01929057177631499,-0.0993482768535614,-0.20192950963974,-0.05622994874148013,-0.05877438187599182,-0.1485767960548401,-0.05573551703719737,-0.02797636389732361,-0.12552177906036377,-0.047137729567571895,-0.09838849306106567,-0.1409333348274231,-0.025811539706870334,-0.1125534176826477,-0.15503442287445068,-0.053175609302803295,-0.08188074827194214,-0.11608225107192993,-0.05278150711683871,-0.053590595722198486,-0.09551185369491577,-0.046285420400186794,-1.591765268817248,-2.143192094699246,1.1975977550831391,0.9027001210468268,0.7923099142226414,0.20789193921757332,0.14406915875849327,0.17554841639236798,0.21500247740302786,0.2358108184306303,0.2640244769697945,0.28988137522000834,0.03400173764817385,0.07230141342249623,0.03945484117846874,X
0.0,0.0,0.0,0.050241678953170776,-0.06098318099975586,-0.037305379899358115,0.08823755383491516,-0.14602047204971313,-0.05390565344891485,0.11091575026512146,-0.2218756079673767,-0.06745662042698797,0.08497816324234009,-0.264605313539505,-0.07697732994160589,-0.0026879608631134033,-0.26198625564575195,-0.020780573280667625,-0.04360538721084595,-0.34013989567756653,-0.04462496438822683,-0.06369593739509583,-0.37224000692367554,-0.05808462450108465,-0.08294489979743958,-0.3848120868206024,-0.06500320384106573,-0.04530873894691467,-0.23043489456176758,-0.015926480906223617,-0.08142995834350586,-0.25373557209968567,-0.04735443616113599,-0.0494842529296875,-0.18461096286773682,-0.05322040119967397,-0.02010396122932434,-0.1587887406349182,-0.05028791228136953,-0.07683512568473816,-0.1880260407924652,-0.016938329355930648,-0.10399559140205383,-0.19705429673194885,-0.0532777445932382,-0.06338256597518921,-0.14223486185073853,-0.04984682673416074,-0.033445268869400024,-0.1263972520828247,-0.0392454701086038,-0.09956291317939758,-0.1434381604194641,-0.02142585875294145,-0.12048998475074768,-0.15669095516204834,-0.04786953577599462,-0.09082368016242981,-0.11730962991714478,-0.04546511793336805,-0.06350916624069214,-0.09969717264175415,-0.03747604289851125,-1.598275135537217,-2.149572490532068,1.2325230581914344,0.9573562371590104,0.8814394722356433,0.20651349457920412,0.1491288033370821,0.1820043338075702,0.22190804841500233,0.2345965400023949,0.26311298005717065,0.28577659460862237,0.03503140048824121,0.07332001929875359,0.040208608124518104,X
0.0,0.0,0.0,0.04996049404144287,-0.0618971586227417,-0.03125370561056506,0.08490347862243652,-0.14627307653427124,-0.04673223092131984,0.10899990797042847,-0.2194359004497528,-0.061469207395843384,0.08356308937072754,-0.2603761553764343,-0.07320601760321033,-0.002763211727142334,-0.26154249906539917,-0.01459024368696582,-0.042280107736587524,-0.3413318991661072,-0.03888994350009334,-0.06472590565681458,-0.3741986155509949,-0.05533736838870418,-0.08610975742340088,-0.3860514760017395,-0.0644964676993407,-0.04555770754814148,-0.22844889760017395,-0.01344223680817258,-0.07974591851234436,-0.2554030120372772,-0.04354302852325809,-0.050609052181243896,-0.1913982629776001,-0.05127574025564563,-0.021412432193756104,-0.16661930084228516,-0.05042750283055675,-0.07709351181983948,-0.18503862619400024,-0.017724485014609215,-0.10360315442085266,-0.20636194944381714,-0.05189289419823062,-0.0652259886264801,-0.15421593189239502,-0.049317247112325546,-0.03509801626205444,-0.13428938388824463,-0.040073330392173645,-0.09885188937187195,-0.13834422826766968,-0.025291436229876396,-0.11836820840835571,-0.15709853172302246,-0.05023370950394046,-0.08876839280128479,-0.12014973163604736,-0.047627786983779785,-0.06033825874328613,-0.0997578501701355,-0.03996074839406383,-1.582542965134577,-2.160690163462305,1.1984948594713778,0.879504745363296,0.7863417099490219,0.2111472499311725,0.1407487403136276,0.17314251914047343,0.2156521225408512,0.22877111571848374,0.2568780815127598,0.2874512312306657,0.03510724628257845,0.07736713487359086,0.04277261578903353,X
0.0,0.0,0.0,0.05351191759109497,-0.06387251615524292,-0.030561598198729722,0.09107619524002075,-0.14977115392684937,-0.04582465458126661,0.11620205640792847,-0.22122856974601746,-0.06029110047431585,0.08970731496810913,-0.2645571827888489,-0.07277715969296095,0.00484919548034668,-0.2676049470901489,-0.014799170376974313,-0.034521639347076416,-0.3383963704109192,-0.03880651313276884,-0.05982133746147156,-0.3698187470436096,-0.05614440906258222,-0.08411967754364014,-0.3924984931945801,-0.06769642251940367,-0.03752213716506958,-0.23672839999198914,-0.01543362829299566,-0.07392823696136475,-0.26339566707611084,-0.04768751207204458,-0.044766634702682495,-0.19370442628860474,-0.058338791312891214,-0.014043331146240234,-0.1665414571762085,-0.05967527646036741,-0.06949290633201599,-0.19266235828399658,-0.021128367813545434,-0.0982561707496643,-0.21421223878860474,-0.05876038241596815,-0.057660192251205444,-0.15858697891235352,-0.058986269118505685,-0.024454981088638306,-0.13751691579818726,-0.05128463375778791,-0.09224706888198853,-0.14381206035614014,-0.02972696925910112,-0.11349225044250488,-0.16161823272705078,-0.058877252223211496,-0.08319580554962158,-0.12326908111572266,-0.058758285077530115,-0.05393403768539429,-0.10312491655349731,-0.052646387549358575,-1.5827212570162388,-2.1897679570620285,1.247979819843734,0.8859480968059907,0.8154411131566811,0.21583512743299085,0.14272798967447614,0.17079888547062314,0.21608612813878073,0.23657404010291588,0.26186920554853366,0.29094370539969466,0.030835473998748662,0.0749194640446986,0.045297068226116975,X
0.0,0.0,0.0,0.05063086748123169,-0.06788408756256104,-0.03015354611317811,0.08786287903785706,-0.15106481313705444,-0.045456595349714135,0.11254006624221802,-0.22531861066818237,-0.06034106724302468,0.0868215560913086,-0.2681116461753845,-0.07320437170903382,-0.0010096728801727295,-0.2657940089702606,-0.012609247680410718,-0.04007101058959961,-0.34387892484664917,-0.03498314284126458,-0.06381237506866455,-0.37542158365249634,-0.05285454504530129,-0.08691805601119995,-0.3929751217365265,-0.06460069455544648,-0.04254072904586792,-0.23252707719802856,-0.012344171855255937,-0.07510057091712952,-0.2625424861907959,-0.041322119164869164,-0.04515525698661804,-0.1968870759010315,-0.051796577501699304,-0.015949130058288574,-0.16821444034576416,-0.05417566709558663,-0.07428115606307983,-0.1887035369873047,-0.017184991020366525,-0.10028252005577087,-0.21449318528175354,-0.04929060824553666,-0.060604631900787354,-0.16261792182922363,-0.048445697504684304,-0.02912113070487976,-0.13739800453186035,-0.04155442826788125,-0.0963815450668335,-0.14071303606033325,-0.025381823632523393,-0.11585675179958344,-0.16477036476135254,-0.04909428172151742,-0.08545717597007751,-0.1299307942390442,-0.047514617073938226,-0.055681049823760986,-0.10630941390991211,-0.04156872220675645,-1.5796927270409613,-2.1648761347387206,1.1787287221511134,0.8490189361823188,0.7017518777298944,0.21395406129059114,0.1433222441361582,0.1747248200263222,0.21560833717339295,0.23569885945873728,0.26203081386262955,0.2883625818293489,0.03351349455527209,0.07355853279038047,0.04088923783174004,X
0.0,0.0,0.0,0.050225675106048584,-0.06528300046920776,-0.030535045053316612,0.08739084005355835,-0.15228551626205444,-0.04652252324993755,0.11304891109466553,-0.22426584362983704,-0.0617448677974477,0.08607572317123413,-0.26832717657089233,-0.07505193629439022,0.00035750865936279297,-0.2684659957885742,-0.01682831809992935,-0.039399534463882446,-0.3410050868988037,-0.0392798101263776,-0.06314152479171753,-0.37254592776298523,-0.05489624568398144,-0.08487394452095032,-0.3900277018547058,-0.06506984957630779,-0.04183247685432434,-0.2362263798713684,-0.017598592649652023,-0.07863080501556396,-0.26142874360084534,-0.04719830208594944,-0.05067366361618042,-0.1960856318473816,-0.05626798325355198,-0.02019631862640381,-0.16892999410629272,-0.05720376127536442,-0.0734967291355133,-0.19061318039894104,-0.023190279464675445,-0.10087022185325623,-0.20926132798194885,-0.058052885319544334,-0.06081464886665344,-0.15720021724700928,-0.0576966842370763,-0.02835988998413086,-0.13567274808883667,-0.05039237343843128,-0.09604999423027039,-0.1409119963645935,-0.031707908000303764,-0.11481264233589172,-0.16085070371627808,-0.0586153557258382,-0.0833868682384491,-0.12471556663513184,-0.057630385245634574,-0.05305883288383484,-0.10330861806869507,-0.051353405203176994,-1.582128985932618,-2.182285209551993,1.2597283218955824,0.8830468426494362,0.7186470093904762,0.20984472053979442,0.14551132859588567,0.17519334163758954,0.21584612421534058,0.2303636075055207,0.2605576344408815,0.2884788282276042,0.03424453693625157,0.07339012083644265,0.04071209516008072,X
0.0,0.0,0.0,0.05548897385597229,-0.0699339509010315,-0.023307898786192993,0.0945596694946289,-0.16130363941192627,-0.036408850696211914,0.12086725234985352,-0.23537516593933105,-0.051338849362259964,0.09165915846824646,-0.277042031288147,-0.0647093372012435,0.011521339416503906,-0.2712360620498657,-0.0045443067851422825,-0.027734577655792236,-0.34243980050086975,-0.031049109768396477,-0.05480983853340149,-0.3745427429676056,-0.05222070380700217,-0.08257037401199341,-0.3995357155799866,-0.06627702131522284,-0.029909491539001465,-0.24338555335998535,-0.009897402260726551,-0.056280940771102905,-0.28238776326179504,-0.04447281151664839,-0.026753783226013184,-0.21529239416122437,-0.059623421874171356,0.0019798874855041504,-0.18213260173797607,-0.06359692826521979,-0.06280475854873657,-0.2012157142162323,-0.020144410204416374,-0.08670467138290405,-0.24222350120544434,-0.058896885957842926,-0.04652506113052368,-0.18456387519836426,-0.06151512056244002,-0.012526869773864746,-0.1520940065383911,-0.05473883986127959,-0.08685654401779175,-0.15121060609817505,-0.03296434670341597,-0.10357314348220825,-0.17536652088165283,-0.0617530101503192,-0.072104811668396,-0.13930487632751465,-0.06314924522889243,-0.040983110666275024,-0.11458420753479004,-0.058214919414645294,-1.5958520061265173,-2.2035720286658176,1.090790827188318,0.7737670401274093,0.6737785408074847,0.2129803574972862,0.1305763051305059,0.16268600852480092,0.2097296260899533,0.23326564390732166,0.2571643285126892,0.28797024570225627,0.03335810557790686,0.08005376174558443,0.047082296747476486,X
0.0,0.0,0.0,0.06074613332748413,-0.06116276979446411,-0.040721383419096924,0.09927880764007568,-0.1475226879119873,-0.058187414434016205,0.12874692678451538,-0.2206665277481079,-0.07178292470818803,0.10346207022666931,-0.26664742827415466,-0.08072201209908769,0.016804128885269165,-0.26260799169540405,-0.023291316356718994,-0.027121901512145996,-0.33972442150115967,-0.049555905636609054,-0.052557528018951416,-0.3652210831642151,-0.06448331522589967,-0.07720384001731873,-0.38705435395240784,-0.07238156395798967,-0.026641637086868286,-0.2290683090686798,-0.017540401321113563,-0.07034379243850708,-0.2656762897968292,-0.04672858538872049,-0.040699005126953125,-0.1939249336719513,-0.05162537890321062,-0.010716468095779419,-0.17059776186943054,-0.0488730301225786,-0.05943140387535095,-0.18543806672096252,-0.01838252740746782,-0.09277698397636414,-0.2019912600517273,-0.05241503241306589,-0.05241227149963379,-0.14630460739135742,-0.04756081896668718,-0.02131405472755432,-0.13260561227798462,-0.03651248338466928,-0.0810231864452362,-0.1392478346824646,-0.02311761724597261,-0.10966214537620544,-0.15720301866531372,-0.047863852706015564,-0.08369392156600952,-0.11964380741119385,-0.04407141777521417,-0.059697240591049194,-0.10282188653945923,-0.03522772761827753,-1.5356940946827777,-2.2177505592478686,1.3048840738204661,0.9458018626176027,1.0411364016110436,0.21711287128030232,0.1492054859243107,0.18312916150668943,0.23121368651353516,0.22643768873844636,0.26051454899761994,0.2847710950133892,0.039442518593477,0.0836222778389658,0.04858332302240443,X
0.0,0.0,0.0,0.054253578186035156,-0.06931304931640625,-0.03087510383062053,0.09033554792404175,-0.1573922038078308,-0.045888923391029124,0.11844617128372192,-0.2334282100200653,-0.060382347836419825,0.08996438980102539,-0.27738773822784424,-0.0716712589406221,0.009444832801818848,-0.2720681130886078,-0.010069018512293582,-0.02963504195213318,-0.34435442090034485,-0.03596917195551086,-0.057921767234802246,-0.37323689460754395,-0.05355047462813545,-0.08722001314163208,-0.39676856994628906,-0.06429923726551223,-0.03217637538909912,-0.2415216863155365,-0.01004806096039701,-0.06509596109390259,-0.27562931180000305,-0.04080967260830093,-0.03423619270324707,-0.2014453113079071,-0.04848544327847648,-0.001987457275390625,-0.17480364441871643,-0.04746457962624717,-0.06417062878608704,-0.19716396927833557,-0.016029281824156527,-0.0934734046459198,-0.22931918501853943,-0.052300710513517146,-0.05157366394996643,-0.17010647058486938,-0.04933366952769447,-0.016216248273849487,-0.14765793085098267,-0.03935625059835601,-0.08633348345756531,-0.1473400592803955,-0.02524234196476627,-0.11002925038337708,-0.1678432822227478,-0.0519438165270536,-0.0786902904510498,-0.1286311149597168,-0.049927167876884226,-0.047597914934158325,-0.10717129707336426,-0.04256149409644294,-1.5738894163932817,-2.230216566207914,1.1458777342000388,0.8013177218159632,0.8035598547604557,0.2136494690560537,0.13776297936457577,0.16764292655529842,0.21885388852691673,0.23776672757968648,0.2590321314738219,0.29229521227997896,0.030648788856646014,0.08157480159512867,0.05122476468488392,X
0.0,0.0,0.0,0.05219241976737976,-0.07105857133865356,-0.031510060137073026,0.08826544880867004,-0.1567744016647339,-0.04843885213688992,0.11261856555938721,-0.23077818751335144,-0.06486743078188084,0.0814007818698883,-0.2704095244407654,-0.07865236834243916,0.0034215152263641357,-0.26837223768234253,-0.010612043967405782,-0.035641610622406006,-0.3394877314567566,-0.0343521362598338,-0.0616743266582489,-0.3717743754386902,-0.050474656229773984,-0.08995318412780762,-0.39366114139556885,-0.06052902848080777,-0.03936481475830078,-0.23736679553985596,-0.01078394003764771,-0.07033511996269226,-0.27338099479675293,-0.04030788824514531,-0.039647430181503296,-0.19876280426979065,-0.04683083803013943,-0.009957283735275269,-0.1704648733139038,-0.04484227806882046,-0.07133123278617859,-0.1941319704055786,-0.016805940722981916,-0.09771859645843506,-0.22689834237098694,-0.05134618416980885,-0.05700105428695679,-0.16677570343017578,-0.046639197921315656,-0.02656647562980652,-0.14138919115066528,-0.03569432855204724,-0.09403637051582336,-0.14473611116409302,-0.0262200454677739,-0.11450275778770447,-0.169333815574646,-0.051743456577817426,-0.08358150720596313,-0.12933778762817383,-0.04801907525018834,-0.05620467662811279,-0.10660433769226074,-0.03969675064639233,-1.6311327308704235,-2.2112666305724282,1.1566566153026465,0.8670358579655574,0.7893484573170717,0.21107615389975518,0.13540764173408915,0.1682354751361731,0.21393317043917612,0.23709896280919165,0.2601134592722523,0.2890338566860577,0.033485228812821774,0.07884788747498325,0.045699113651565294,X
0.0,0.0,0.0,0.051396071910858154,-0.06319814920425415,-0.028772737383816693,0.08955484628677368,-0.15521252155303955,-0.042956737354372,0.11503037810325623,-0.23218083381652832,-0.056871959492538426,0.08610957860946655,-0.2722555100917816,-0.06971439115700528,0.0031919777393341064,-0.2717441916465759,-0.01316508792338178,-0.036077529191970825,-0.34557533264160156,-0.035359398946140264,-0.06229117512702942,-0.3774985671043396,-0.05273337803778455,-0.08683323860168457,-0.39652371406555176,-0.06438534103331373,-0.0387536883354187,-0.240514874458313,-0.014679714590285275,-0.07260319590568542,-0.27051877975463867,-0.046261509433362935,-0.04484826326370239,-0.2032284140586853,-0.059047283157680486,-0.014883339405059814,-0.17037957906723022,-0.061686375662658666,-0.07117313146591187,-0.19572719931602478,-0.02067531414327428,-0.09691369533538818,-0.22105672955513,-0.057547976747129415,-0.05766928195953369,-0.1669483780860901,-0.06085949160156057,-0.024917632341384888,-0.14042538404464722,-0.05506402395663068,-0.09523585438728333,-0.14547938108444214,-0.02926967434582517,-0.11337172985076904,-0.17030364274978638,-0.05799695618448064,-0.08233615756034851,-0.13321685791015625,-0.05917167060074613,-0.050827741622924805,-0.10823500156402588,-0.053965867981288884,-1.600223746240888,-2.195789645564937,1.242746661945964,0.8742396553250764,0.6978878261515664,0.2129596312538979,0.1434512976978877,0.17235493525028,0.2136692698778467,0.23731404886467117,0.26347655861210234,0.29052844536890865,0.03159020155337601,0.07179100614876092,0.04132256631950675,X
0.0,0.0,0.0,0.052446991205215454,-0.062447190284729004,-0.029550836997763508,0.08964118361473083,-0.15073591470718384,-0.04528485203041255,0.11636960506439209,-0.22423887252807617,-0.06095686146868884,0.08970826864242554,-0.26484745740890503,-0.07451606878890216,0.001634359359741211,-0.27050918340682983,-0.014233325252966278,-0.037770211696624756,-0.34553399682044983,-0.03880243712915599,-0.06148621439933777,-0.37597668170928955,-0.05551717767371356,-0.08380413055419922,-0.39128896594047546,-0.06569206306590258,-0.04124531149864197,-0.23737484216690063,-0.015240297297672623,-0.07398533821105957,-0.2582978308200836,-0.046594351174966686,-0.04429182410240173,-0.18959122896194458,-0.05572425166024386,-0.014003008604049683,-0.16488289833068848,-0.05624438414229571,-0.07372081279754639,-0.19172000885009766,-0.021435325610176914,-0.09982359409332275,-0.20803460478782654,-0.05800300428523242,-0.05845537781715393,-0.1540910005569458,-0.05699249694003283,-0.025812268257141113,-0.1336660385131836,-0.048770751449005,-0.09712836146354675,-0.14266914129257202,-0.03060482593132674,-0.11538350582122803,-0.15846413373947144,-0.05839696491016566,-0.08414840698242188,-0.12017905712127686,-0.05728644842161357,-0.054540812969207764,-0.09866714477539062,-0.050584602745906704,-1.5702084369252316,-2.1864652617600098,1.2113265212383815,0.880852613020042,0.8017318008433195,0.21469515074800377,0.14404493083686595,0.17479576399060384,0.2200538430765803,0.23692172563111868,0.2640693636696401,0.29408140365900554,0.033375903739372874,0.07763916280875116,0.045279706758574935,X
0.0,0.0,0.0,0.05304887890815735,-0.06705343723297119,-0.027089620391906877,0.08853334188461304,-0.15383827686309814,-0.04256725163299002,0.112733393907547,-0.22585108876228333,-0.05882068202930846,0.08538517355918884,-0.2664036154747009,-0.07306330875593581,-0.001019507646560669,-0.27002185583114624,-0.013114338192226072,-0.041934311389923096,-0.3464662730693817,-0.03779539690452971,-0.06399813294410706,-0.37759941816329956,-0.05510572568613448,-0.08620569109916687,-0.39233702421188354,-0.06572742984730162,-0.042739659547805786,-0.23592102527618408,-0.015544952276231427,-0.0712263286113739,-0.2614462971687317,-0.04669618086058058,-0.04093542695045471,-0.1935003399848938,-0.055684304247678895,-0.013134002685546875,-0.16864222288131714,-0.05635316149431624,-0.07430747151374817,-0.19030585885047913,-0.022938898216070314,-0.09846433997154236,-0.21705222129821777,-0.05844956488448538,-0.05798378586769104,-0.16194945573806763,-0.05601356775599875,-0.02763146162033081,-0.13845163583755493,-0.04710157067614951,-0.09746289253234863,-0.1402687430381775,-0.03327788264590659,-0.11576929688453674,-0.16396361589431763,-0.06015250311333098,-0.08465215563774109,-0.12783247232437134,-0.0580922722919599,-0.056383341550827026,-0.10633403062820435,-0.05096483827668585,-1.5987565136352755,-2.1791345784021954,1.1562522963955493,0.8379044193443662,0.6904382264882921,0.21284418777680647,0.13879235558826364,0.17071751204948268,0.21382372148437734,0.23532708256794146,0.2605546598873699,0.2875536208629782,0.03349101165406517,0.07584732120605643,0.04310697349526379,X
0.0,0.0,0.0,0.055012524127960205,-0.06255155801773071,-0.02852761659397096,0.09303054213523865,-0.15109628438949585,-0.04412522453440637,0.11994880437850952,-0.2263711392879486,-0.06050565007699937,0.09076112508773804,-0.27117154002189636,-0.07545053127778978,0.008014798164367676,-0.2651221454143524,-0.013389665704204745,-0.03156134486198425,-0.3431202471256256,-0.040339532379045195,-0.05632701516151428,-0.37733739614486694,-0.05966197613252611,-0.08006688952445984,-0.39869225025177,-0.07189065131916017,-0.03433999419212341,-0.23585686087608337,-0.016020915541782088,-0.06413525342941284,-0.2678961455821991,-0.05153950217737169,-0.035967350006103516,-0.19968926906585693,-0.06416379574312181,-0.006461441516876221,-0.16982853412628174,-0.06633334520830125,-0.06755927205085754,-0.19379174709320068,-0.02379742178691835,-0.0918431282043457,-0.22533899545669556,-0.06368970784915895,-0.05229252576828003,-0.16843289136886597,-0.06484378788246126,-0.019458144903182983,-0.13963258266448975,-0.05721375260127992,-0.09306025505065918,-0.1463780403137207,-0.034455864761008925,-0.10896876454353333,-0.16850405931472778,-0.06543364289773912,-0.07894647121429443,-0.13087952136993408,-0.06671890530361146,-0.05001270771026611,-0.10675013065338135,-0.061303465697898574,-1.589694032864477,-2.1537802887358297,1.171281786206369,0.8445703513983157,0.7440595405063694,0.21317537877033713,0.14043728956778978,0.17161230952354548,0.21645247020851766,0.24040874055484168,0.26605512830050715,0.29348501672167265,0.03287415069008682,0.07665244791745086,0.044886935277370345,X
0.0,0.0,0.0,0.054168641567230225,-0.07042378187179565,-0.027341252848685826,0.091412752866745,-0.15610945224761963,-0.043216957435191716,0.11536255478858948,-0.23096585273742676,-0.05981737254577979,0.0855797827243805,-0.273956835269928,-0.07514657332021102,0.004916012287139893,-0.26745614409446716,-0.011936295502067651,-0.03429579734802246,-0.3429901599884033,-0.037206499561847295,-0.059964656829833984,-0.37810248136520386,-0.055763098135770406,-0.08728581666946411,-0.399045467376709,-0.06752984477597579,-0.03749281167984009,-0.23643234372138977,-0.015411903806210603,-0.06803065538406372,-0.2793106734752655,-0.047829306408942784,-0.04011872410774231,-0.2113027572631836,-0.058696011737168874,-0.010918974876403809,-0.17841625213623047,-0.059508139923394765,-0.06977200508117676,-0.19183310866355896,-0.02382239764946803,-0.09565159678459167,-0.23439747095108032,-0.060672579989017095,-0.0562075674533844,-0.17650610208511353,-0.05940368278342589,-0.02285170555114746,-0.14427798986434937,-0.050147867486060704,-0.09421375393867493,-0.14009755849838257,-0.03510281322914466,-0.1150311827659607,-0.1737186312675476,-0.06292417152243956,-0.08360505104064941,-0.13768482208251953,-0.06131080417353019,-0.05255571007728577,-0.11070746183395386,-0.054099506423057164,-1.6202519335318897,-2.1819776135623883,1.1412744017852017,0.7921174743730427,0.6144132667026627,0.2133768528592986,0.13579401033927047,0.16903842934483837,0.2138498826251661,0.2334719365214494,0.2627893115665442,0.29042208205347947,0.03616366978473989,0.07948646427150996,0.04482530799814336,X
0.0,0.0,0.0,0.05268758535385132,-0.0668671727180481,-0.030035123936158925,0.08924436569213867,-0.15270674228668213,-0.04454888474128893,0.11422362923622131,-0.2257305383682251,-0.05800772156499079,0.08857184648513794,-0.2671113908290863,-0.06876569311998537,-0.00041344761848449707,-0.27115705609321594,-0.015584655813199788,-0.04130706191062927,-0.3487411141395569,-0.03777635540745905,-0.06472048163414001,-0.3780890703201294,-0.05380057614229372,-0.0885685384273529,-0.39205074310302734,-0.06376671116731814,-0.043810755014419556,-0.23619785904884338,-0.014951607919556409,-0.07685801386833191,-0.2595773935317993,-0.04195244308493784,-0.04638856649398804,-0.19419002532958984,-0.049493134728891164,-0.01743084192276001,-0.17022573947906494,-0.04996236484430483,-0.07589364051818848,-0.1890840232372284,-0.019299699700695783,-0.10158851742744446,-0.20711800456047058,-0.05032773014090708,-0.060939401388168335,-0.15604162216186523,-0.04796104576371363,-0.029526740312576294,-0.13812553882598877,-0.04019364040277651,-0.09721234440803528,-0.13938653469085693,-0.02692336101017645,-0.11529389023780823,-0.1565130352973938,-0.05024842243574312,-0.08377420902252197,-0.1204690933227539,-0.04754576530240229,-0.054569095373153687,-0.1014663577079773,-0.040614527425987035,-1.5766746846171567,-2.2008488352871134,1.1904067068607957,0.8325408715466736,0.7268396781414043,0.216768442614642,0.1436084934369127,0.17488460830096575,0.2189237452488243,0.23295257907297465,0.2606989514588845,0.2925666542232978,0.0343035514170838,0.07814795231410647,0.04439611590244348,X
0.0,0.0,0.0,0.0510525107383728,-0.06932544708251953,-0.021543351706672098,0.08816307783126831,-0.15561652183532715,-0.035064490285325434,0.1138085424900055,-0.22682225704193115,-0.05020620092432537,0.08716899156570435,-0.26703643798828125,-0.06401283830087223,0.00029671192169189453,-0.26958999037742615,-0.011389349360573675,-0.04074680805206299,-0.3472418189048767,-0.03578190669100323,-0.06402841210365295,-0.3792150318622589,-0.054755834635901834,-0.08781495690345764,-0.39662545919418335,-0.06721138745229283,-0.04120445251464844,-0.2369374930858612,-0.01693669497649708,-0.06990259885787964,-0.26883378624916077,-0.047649888095069315,-0.040689826011657715,-0.20457610487937927,-0.05918835267107525,-0.014222025871276855,-0.17739945650100708,-0.06233098894040623,-0.07311901450157166,-0.1909516155719757,-0.02651950321774521,-0.09670543670654297,-0.22798162698745728,-0.061269616481471445,-0.0571516752243042,-0.1729574203491211,-0.061135584261823084,-0.026873290538787842,-0.14518874883651733,-0.054356122162747766,-0.09653854370117188,-0.13853436708450317,-0.038532783981967356,-0.11153095960617065,-0.16115927696228027,-0.06489734142701664,-0.07870534062385559,-0.1257915496826172,-0.06403951882998982,-0.04945904016494751,-0.1038053035736084,-0.05836931407134571,-1.579718070089555,-2.1772133587353983,1.1452874147291778,0.7801502534910606,0.6355620781759452,0.2177445674154974,0.13533265262698488,0.1668906871554715,0.2128652679440519,0.23124869676332416,0.2587166519858889,0.29532155337277577,0.034606129311649844,0.08159501529771102,0.04714557909288793,X
0.0,0.0,0.0,0.052849024534225464,-0.06913596391677856,-0.027863582363828243,0.0891522467136383,-0.1556224822998047,-0.04186164750765187,0.111153244972229,-0.2280116081237793,-0.05565159558366162,0.08338475227355957,-0.26487836241722107,-0.06669424637268406,-0.004248976707458496,-0.27136486768722534,-0.011379007949038566,-0.04581797122955322,-0.34910768270492554,-0.03466611146043164,-0.0671481192111969,-0.37817078828811646,-0.05147213279317242,-0.08954185247421265,-0.3908541798591614,-0.06176214828203541,-0.04724505543708801,-0.2362651824951172,-0.012320863781972946,-0.07970878481864929,-0.2623193860054016,-0.043041618308528484,-0.04842346906661987,-0.19446170330047607,-0.05267367302487713,-0.02074640989303589,-0.16928791999816895,-0.053555937251552166,-0.07892900705337524,-0.18943357467651367,-0.018182916334374966,-0.10493224859237671,-0.21176746487617493,-0.05284578143666607,-0.0638604462146759,-0.1590898036956787,-0.05138587742160183,-0.03297516703605652,-0.13950133323669434,-0.04321797727654797,-0.1002042293548584,-0.1388058066368103,-0.02693352638791424,-0.11905544996261597,-0.15721946954727173,-0.05212409212301594,-0.08778318762779236,-0.12028318643569946,-0.04956388636539799,-0.05952811241149902,-0.1016550064086914,-0.04233497171710354,-1.6235362435454506,-2.1907319052986565,1.194057292119375,0.8268652958836844,0.7401322230685993,0.2139474636675025,0.14135356951996622,0.17105271195708946,0.21694688483400051,0.2320009060946289,0.2576393669583062,0.29075244885810875,0.03219911881033132,0.0779630133514111,0.04623205989876773,X
0.0,0.0,0.0,0.053540170192718506,-0.06588447093963623,-0.027820007792087154,0.09078562259674072,-0.1527186632156372,-0.040558576500387744,0.11072584986686707,-0.22769871354103088,-0.05257568500039156,0.08340522646903992,-0.26444560289382935,-0.06180514386889513,-0.0028394758701324463,-0.26612329483032227,-0.01541660531458433,-0.04338347911834717,-0.3463503420352936,-0.0383679605185705,-0.06551885604858398,-0.3776337802410126,-0.054117169147701816,-0.08694109320640564,-0.39402833580970764,-0.06401319793459948,-0.04707682132720947,-0.23193898797035217,-0.016064215368004398,-0.08170333504676819,-0.25889086723327637,-0.04727486885187204,-0.05053958296775818,-0.1930505931377411,-0.056708067572088794,-0.02127698063850403,-0.1675586700439453,-0.0575838646948057,-0.07919147610664368,-0.1870894432067871,-0.021266978150578097,-0.10448309779167175,-0.20890647172927856,-0.05678885421750124,-0.06293633580207825,-0.15538734197616577,-0.05619532979127939,-0.030680030584335327,-0.13538342714309692,-0.04859575620886858,-0.10080045461654663,-0.13832008838653564,-0.029240047475667552,-0.1172780990600586,-0.15642070770263672,-0.056168824350805835,-0.08430466055870056,-0.11881345510482788,-0.0555241665899473,-0.05337509512901306,-0.09889990091323853,-0.04943654305336054,-1.6367579397216234,-2.1524480221423645,1.1896512167603515,0.8172637599182766,0.693480789665798,0.2140316642390021,0.14263745034865374,0.17225704945356415,0.21474225439049807,0.2357971271906979,0.26469321099439613,0.29703109148937745,0.03352109192750726,0.07579126290272198,0.04296642457607863,X
0.0,0.0,0.0,0.05196407437324524,-0.06886231899261475,-0.031408979994523634,0.08921363949775696,-0.15385150909423828,-0.04581129128979455,0.11282485723495483,-0.2287909984588623,-0.05893676678584825,0.08748811483383179,-0.2668639123439789,-0.06892472828673135,-0.001870870590209961,-0.27288618683815,-0.014551291679310907,-0.04185405373573303,-0.3553924262523651,-0.036951649439799894,-0.0632554292678833,-0.38615021109580994,-0.052040073526370634,-0.08446985483169556,-0.3989429175853729,-0.06087170119332086,-0.045887261629104614,-0.23855045437812805,-0.013612536219227422,-0.0836687684059143,-0.26768600940704346,-0.044220134121644605,-0.053958505392074585,-0.20273146033287048,-0.053069166344869245,-0.023945629596710205,-0.17469727993011475,-0.05293432201193582,-0.0778687596321106,-0.19185256958007812,-0.017925479886400808,-0.1035732626914978,-0.20603585243225098,-0.052812288952338804,-0.0625070333480835,-0.15502256155014038,-0.05288648183392297,-0.029208898544311523,-0.13638722896575928,-0.04524473424004327,-0.09846317768096924,-0.14266812801361084,-0.025345792499649633,-0.11679750680923462,-0.1602926254272461,-0.05025787974642526,-0.08574849367141724,-0.12354308366775513,-0.04892561535285722,-0.0545840859413147,-0.10413312911987305,-0.04237686420725595,-1.586063594325047,-2.150855111979667,1.2398108547067512,0.8506639563364291,0.7206444135234349,0.21682805850960946,0.14461039910159884,0.17504958679402452,0.2160227257531588,0.23226985996402671,0.26830814917984824,0.29632072245666863,0.03866991084688841,0.076928631774852,0.04103933591447877,X
0.0,0.0,0.0,0.054248303174972534,-0.06621819734573364,-0.029257516581562726,0.09236431121826172,-0.15532273054122925,-0.042186535168436734,0.11340883374214172,-0.22940805554389954,-0.05411073492839691,0.08613738417625427,-0.26525455713272095,-0.06349914820864555,-0.0008563399314880371,-0.26905542612075806,-0.01535219440236446,-0.041276514530181885,-0.3508780598640442,-0.038101370651272504,-0.0635538101196289,-0.3824288249015808,-0.05372231753542778,-0.08444413542747498,-0.39556705951690674,-0.06300000401213524,-0.045109838247299194,-0.2343510389328003,-0.015735612455753056,-0.08506134152412415,-0.26287052035331726,-0.04805720524862167,-0.05604231357574463,-0.20250311493873596,-0.05886929782107231,-0.02498599886894226,-0.17394530773162842,-0.05989642741158363,-0.07757323980331421,-0.18866220116615295,-0.020923198405650822,-0.10381728410720825,-0.20140254497528076,-0.057698085177687375,-0.062156498432159424,-0.15290194749832153,-0.060186232645062177,-0.02720022201538086,-0.13450217247009277,-0.053865733761337964,-0.09911647439002991,-0.14098286628723145,-0.02884942034259197,-0.11514443159103394,-0.15554237365722656,-0.055627173949030606,-0.08336243033409119,-0.11850982904434204,-0.05599341841414329,-0.0509585440158844,-0.09978169202804565,-0.050519890356806485,-1.6273793960362124,-2.1546653578764348,1.249215698345614,0.8216102089925452,0.7077032006142528,0.21466113553213562,0.14382553766838624,0.17303640967210934,0.2148873253889445,0.22945908320959674,0.2672671713314171,0.29767476959377087,0.039505236404836525,0.0785799910641294,0.04207100695735945,X
0.0,0.0,0.0,0.05444467067718506,-0.06400346755981445,-0.023451090688878296,0.09276783466339111,-0.15294408798217773,-0.03672871821659207,0.11842870712280273,-0.22122016549110413,-0.051069692607098816,0.09560266137123108,-0.2604069411754608,-0.06388608449237942,0.0015510022640228271,-0.2699492275714874,-0.013707544553154705,-0.038626670837402344,-0.34765303134918213,-0.03848183983104825,-0.061071306467056274,-0.37956446409225464,-0.056717042709761856,-0.0834144651889801,-0.39392325282096863,-0.06831026905315518,-0.04149991273880005,-0.23745614290237427,-0.01817018435435891,-0.06694743037223816,-0.2630296051502228,-0.04885120400326848,-0.038781970739364624,-0.19859662652015686,-0.059742235477143524,-0.01353272795677185,-0.17366433143615723,-0.06255536609428525,-0.0744316577911377,-0.19260001182556152,-0.02690639988618493,-0.09365653991699219,-0.2190784513950348,-0.061926239068681,-0.055247217416763306,-0.16451877355575562,-0.06161420875328183,-0.02663436532020569,-0.14111703634262085,-0.05501962536113858,-0.09940117597579956,-0.14239728450775146,-0.03821060889499783,-0.1116851270198822,-0.15709704160690308,-0.0653672226621449,-0.08137056231498718,-0.11995220184326172,-0.06460537844436764,-0.055616408586502075,-0.10124516487121582,-0.059033089215928314,-1.5444228467625298,-2.171621542572489,1.1576194876599741,0.8225051464098031,0.75441274281981,0.22332428680574587,0.1394088001101792,0.170798044746979,0.219544251018341,0.2310788818741166,0.2591041544074607,0.29399522975177306,0.03508531486973806,0.08375901062754895,0.04929224042911539,X
0.0,0.0,0.0,0.05344420671463013,-0.06253504753112793,-0.029654164838980535,0.09127378463745117,-0.15103566646575928,-0.045073191675733426,0.11790767312049866,-0.2210198938846588,-0.0597410714658011,0.09502997994422913,-0.2644226551055908,-0.07231343075950036,0.0011052191257476807,-0.27035751938819885,-0.020442864898036817,-0.0378185510635376,-0.3476746082305908,-0.044365788850377896,-0.05995181202888489,-0.379256010055542,-0.06122826695759187,-0.08167341351509094,-0.39167356491088867,-0.0718190102310885,-0.043768852949142456,-0.2369067370891571,-0.021941523108075955,-0.07458877563476562,-0.25672370195388794,-0.05279147163350473,-0.045995503664016724,-0.19166558980941772,-0.0632205633850802,-0.019212007522583008,-0.16358429193496704,-0.0652216477723826,-0.07727444171905518,-0.18944025039672852,-0.027973611879538396,-0.09778019785881042,-0.20073449611663818,-0.06297366604525934,-0.057593971490859985,-0.15033620595932007,-0.06397905484158883,-0.027535438537597656,-0.13215339183807373,-0.0579649871619452,-0.10025584697723389,-0.13829278945922852,-0.03684744149763475,-0.11228972673416138,-0.15249454975128174,-0.06358807817418466,-0.0797494649887085,-0.11601299047470093,-0.0629732711644877,-0.050387680530548096,-0.09646779298782349,-0.05719936549980531,-1.537681220520452,-2.169570465928151,1.2476222285626728,0.8558052515564993,0.697903795875102,0.21775418091581003,0.1523798122695322,0.1803259266244238,0.22216014873724726,0.236487089891278,0.26510684745288554,0.2968589646028445,0.03251431968783286,0.07400369597811643,0.04237554636114264,X
0.0,0.0,0.0,0.05265551805496216,-0.06459659337997437,-0.03268700038094696,0.09021651744842529,-0.1506943702697754,-0.04723763783474144,0.11632680892944336,-0.225058913230896,-0.060139271812631456,0.0948655903339386,-0.26868563890457153,-0.06971177403826889,0.0017906725406646729,-0.270275354385376,-0.017338249283029405,-0.039472341537475586,-0.35343775153160095,-0.03972028885979828,-0.06190967559814453,-0.3832884430885315,-0.054491921709968416,-0.08352065086364746,-0.39575397968292236,-0.06337246243853745,-0.04291287064552307,-0.2368949055671692,-0.015547973485781519,-0.07845357060432434,-0.26628708839416504,-0.04390062336821732,-0.048919856548309326,-0.20157408714294434,-0.05117222239275154,-0.019046813249588013,-0.17648673057556152,-0.05113566239376244,-0.07586154341697693,-0.1904991865158081,-0.019029488237692682,-0.09945783019065857,-0.20447322726249695,-0.051749292211725084,-0.05924499034881592,-0.15254724025726318,-0.0494967656304377,-0.027040421962738037,-0.1356189250946045,-0.041581127243234484,-0.09731507301330566,-0.1415758728981018,-0.0258537544031876,-0.11329752206802368,-0.15784090757369995,-0.04992980455060181,-0.08197271823883057,-0.1196671724319458,-0.047196749048425524,-0.05224639177322388,-0.10027521848678589,-0.04026244525809464,-1.5314148600545996,-2.1678959138050797,1.1945385740918812,0.8437605377084731,0.7417989049777073,0.21901601374503749,0.14654922172170495,0.18046558164442644,0.2236157529889015,0.22854978072138582,0.26619591071683696,0.2971292271044005,0.04164222982848408,0.08312885533317933,0.04341104134741165,X
0.0,0.0,0.0,0.0510137677192688,-0.06413674354553223,-0.029966507396913755,0.0889149010181427,-0.14902442693710327,-0.04687445080957531,0.11533701419830322,-0.22288742661476135,-0.06380344770035862,0.09235823154449463,-0.26492127776145935,-0.0777313619025719,-0.0013970732688903809,-0.27086713910102844,-0.01467936701259731,-0.04177245497703552,-0.35163283348083496,-0.03905364341220974,-0.062180161476135254,-0.38492220640182495,-0.05469554505429386,-0.08165222406387329,-0.39675089716911316,-0.06350011221251606,-0.04503229260444641,-0.23940587043762207,-0.014996187119997728,-0.07315301895141602,-0.26115742325782776,-0.046891751057721365,-0.04348200559616089,-0.19435042142868042,-0.05515885940871357,-0.015944689512252808,-0.16899120807647705,-0.054395126468754995,-0.07780051231384277,-0.1959831714630127,-0.020490901834584463,-0.0977185070514679,-0.21374118328094482,-0.05653306312046169,-0.05866345763206482,-0.1600174903869629,-0.054786524093962896,-0.02931913733482361,-0.13903498649597168,-0.045839110679246176,-0.10137864947319031,-0.1482446789741516,-0.02903553686223148,-0.11078476905822754,-0.15986186265945435,-0.055740857786751974,-0.07843044400215149,-0.12114298343658447,-0.05448558396778225,-0.049695730209350586,-0.10217803716659546,-0.04746678314290165,-1.5410947611950105,-2.138357984975281,1.1790565224348168,0.865533927432065,0.7280054803283649,0.2183086970649558,0.14467930390760672,0.17507924041979642,0.21602011575147503,0.2370484255852096,0.26297574523266753,0.29630117676029744,0.03280626565061931,0.07485407507390762,0.042114608522963025,X
0.0,0.0,0.0,0.05021482706069946,-0.0661577582359314,-0.03221359653498723,0.08635345101356506,-0.14846187829971313,-0.049277083856125614,0.11485075950622559,-0.2195703387260437,-0.0655001009824474,0.09109267592430115,-0.2593761384487152,-0.07887484682824208,-0.002958923578262329,-0.26637327671051025,-0.01798564931478097,-0.042897701263427734,-0.3495842516422272,-0.04275727821614339,-0.06311365962028503,-0.38252800703048706,-0.05850980235364034,-0.08390426635742188,-0.39583003520965576,-0.06738843573357656,-0.04722437262535095,-0.23230862617492676,-0.017980946135779163,-0.08276614546775818,-0.2627217173576355,-0.04981306372310712,-0.05191439390182495,-0.19682633876800537,-0.05724664209510877,-0.022026151418685913,-0.17018908262252808,-0.05599626703288152,-0.07996562123298645,-0.18666690587997437,-0.023520415556689045,-0.10304880142211914,-0.20171332359313965,-0.06016301168229177,-0.06124427914619446,-0.14975523948669434,-0.05839119283582761,-0.029205292463302612,-0.13230645656585693,-0.04932091562177732,-0.10247448086738586,-0.1391875147819519,-0.03227400956775739,-0.11847048997879028,-0.1565002202987671,-0.05842708973314359,-0.0862824022769928,-0.11882573366165161,-0.05616067154433324,-0.05583259463310242,-0.09910023212432861,-0.04890570594098165,-1.5280935773374276,-2.129589306020655,1.1854366712478093,0.819632251897032,0.7099660218665309,0.2219089807763492,0.14404929720896223,0.17498087110308863,0.21742907182911347,0.23397166621793722,0.26914058453957473,0.2980546842316943,0.03855688554704697,0.07871785228247098,0.04256367656233397,X
0.0,0.0,0.0,0.05287596583366394,-0.07140731811523438,-0.026011360387943938,0.0883333683013916,-0.15401077270507812,-0.04139971877231474,0.11586964130401611,-0.22497117519378662,-0.05701781953468199,0.09474563598632812,-0.2656187117099762,-0.07051911721720572,0.0018295645713806152,-0.27236759662628174,-0.016257587399028495,-0.03935757279396057,-0.35443970561027527,-0.038779073904894545,-0.0593622624874115,-0.38642579317092896,-0.05474871541156645,-0.07965260744094849,-0.40126872062683105,-0.06510285059704657,-0.04303434491157532,-0.24049615859985352,-0.019488496284626677,-0.07249182462692261,-0.2688421308994293,-0.048266263257406905,-0.04364621639251709,-0.2051737904548645,-0.05712139005555983,-0.01793617010116577,-0.17824870347976685,-0.05884270141615744,-0.07689988613128662,-0.19425898790359497,-0.027050170626186087,-0.0944024920463562,-0.2104172706604004,-0.058946640740774825,-0.05585426092147827,-0.15977919101715088,-0.057105922650240615,-0.027333468198776245,-0.14059150218963623,-0.05002822498574133,-0.10060232877731323,-0.14405059814453125,-0.03750922302498694,-0.11188381910324097,-0.16164612770080566,-0.05983855719461317,-0.08065718412399292,-0.12656760215759277,-0.05640335152640219,-0.052754878997802734,-0.10763299465179443,-0.04964509005441542,-1.5134059094773233,-2.134505881712372,1.187534364088094,0.8251032632329721,0.650579377223495,0.22094268992130614,0.1425857908814424,0.17474298497816887,0.21613858682560982,0.23140191590864614,0.26587573139193205,0.29486510028195606,0.03881203448082525,0.07873322565795032,0.04162344707175074,X
0.0,0.0,0.0,0.05296608805656433,-0.06301915645599365,-0.027653779926313682,0.09122386574745178,-0.14546018838882446,-0.044821772816194816,0.11938729882240295,-0.2128576636314392,-0.0620707758689063,0.09800413250923157,-0.24931710958480835,-0.07702456796409063,0.001314997673034668,-0.26478785276412964,-0.02096680002154283,-0.03803962469100952,-0.3447074294090271,-0.04617425063492231,-0.05752488970756531,-0.3783244788646698,-0.062046915384544654,-0.0767596960067749,-0.38987576961517334,-0.07118447506667547,-0.04492765665054321,-0.23283103108406067,-0.023351548331393523,-0.07293245196342468,-0.25584831833839417,-0.05497413510323934,-0.04379197955131531,-0.19100862741470337,-0.06234154486895971,-0.016635209321975708,-0.1642492413520813,-0.06163235390426092,-0.07854339480400085,-0.18782639503479004,-0.03024453120173387,-0.09318187832832336,-0.20248526334762573,-0.06551209473849706,-0.05331739783287048,-0.15173250436782837,-0.0628489964628356,-0.023898541927337646,-0.13195055723190308,-0.05403223642946653,-0.1017930805683136,-0.139187753200531,-0.03996603200079374,-0.10582801699638367,-0.14984405040740967,-0.06594575578214101,-0.07383081316947937,-0.11339658498764038,-0.06369689488650732,-0.046724408864974976,-0.0960727334022522,-0.05659116441251211,-1.505604151457263,-2.128790330690551,1.1795301060497518,0.7965357523746321,0.664246571479076,0.22427468128860165,0.14275405738945918,0.16921929454407805,0.2107846994444478,0.23350007313738996,0.2632863779111352,0.29533428951210766,0.033105301636311465,0.07452111221238944,0.04252338702650801,X
0.0,0.0,0.0,0.05376911163330078,-0.05539518594741821,-0.023210950017883647,0.09192100167274475,-0.13838815689086914,-0.03636680711896645,0.1208057701587677,-0.20355772972106934,-0.050338269964768756,0.10657337307929993,-0.24616336822509766,-0.06291895900757538,0.011122524738311768,-0.25929948687553406,-0.01764170621426331,-0.027767837047576904,-0.34084826707839966,-0.043600642875745166,-0.05002591013908386,-0.37300145626068115,-0.0622068362394117,-0.07163044810295105,-0.39138180017471313,-0.07395621185095536,-0.03264915943145752,-0.23289883136749268,-0.021737653584196437,-0.05667927861213684,-0.2561526596546173,-0.053640974507644046,-0.028496235609054565,-0.19270318746566772,-0.06461308692486512,-0.0023387670516967773,-0.16467511653900146,-0.06756008957417237,-0.06772804260253906,-0.19099032878875732,-0.029822928653075564,-0.08427327871322632,-0.21165192127227783,-0.0649306530216478,-0.047741204500198364,-0.1609807014465332,-0.06482100282700287,-0.01848703622817993,-0.14009469747543335,-0.0583516972223066,-0.09455934166908264,-0.14461594820022583,-0.040240099475695956,-0.10430148243904114,-0.15900921821594238,-0.06563679669888245,-0.0755666196346283,-0.12320268154144287,-0.06404690240414368,-0.04993957281112671,-0.10585278272628784,-0.05805894155891167,-1.4356717011174664,-2.1304920716569202,1.152709810484624,0.8019203316413953,0.7152758889851878,0.2298803925128474,0.13602275335682049,0.1639837458126722,0.2101983887529075,0.23705960741554308,0.2568451483066985,0.28635173105114736,0.02941026349315454,0.07566970109707907,0.04649484684553068,X
0.0,0.0,0.0,0.054524779319763184,-0.06000542640686035,-0.023886872343776844,0.09349274635314941,-0.13838666677474976,-0.038978781439421795,0.12296342849731445,-0.20155459642410278,-0.05514794204389872,0.10722815990447998,-0.24454638361930847,-0.06977181497967067,0.011377066373825073,-0.26199105381965637,-0.017347635589597843,-0.02855825424194336,-0.3440147936344147,-0.04363653425133052,-0.048041462898254395,-0.3748610019683838,-0.0631159878150207,-0.06729447841644287,-0.3908166289329529,-0.07553458575165095,-0.03246083855628967,-0.2357337474822998,-0.02163207147276225,-0.05115854740142822,-0.25694704055786133,-0.053099557645676754,-0.02362200617790222,-0.19238269329071045,-0.06401028100406947,-0.001135408878326416,-0.16642850637435913,-0.0672184414044601,-0.06714534759521484,-0.19366049766540527,-0.030023248754499576,-0.07905745506286621,-0.21102970838546753,-0.06385381136095347,-0.043196916580200195,-0.15840333700180054,-0.062031369544623516,-0.0170423686504364,-0.1385992169380188,-0.054877564199326656,-0.09353631734848022,-0.14712375402450562,-0.04104430589830699,-0.09912890195846558,-0.15996676683425903,-0.06504549447452845,-0.06943297386169434,-0.12309229373931885,-0.06167205039417567,-0.04541406035423279,-0.10543066263198853,-0.054613325633166454,-1.4421267184240412,-2.119033718311085,1.1462869058821639,0.8325114381222466,0.713938013605628,0.22771283659602803,0.13358542504556023,0.16330329572642208,0.20652561882568282,0.2339381371805799,0.25717483828974613,0.28622351834905574,0.03205465207615158,0.0753746370985854,0.04364751865670428,X
0.0,0.0,0.0,0.05891138315200806,-0.058829545974731445,-0.02312842365149237,0.10158801078796387,-0.13379836082458496,-0.03853639941457487,0.13190162181854248,-0.19440072774887085,-0.05435759182814337,0.11556661128997803,-0.24120745062828064,-0.06923376377466894,0.02229607105255127,-0.2555238604545593,-0.02209908123854376,-0.014549076557159424,-0.33253055810928345,-0.04871944691780783,-0.03667634725570679,-0.3643597364425659,-0.07058336194399573,-0.06119430065155029,-0.3868288993835449,-0.08567828293684698,-0.021593481302261353,-0.23147279024124146,-0.027622602691685927,-0.044798970222473145,-0.256648451089859,-0.056133627703225386,-0.018394291400909424,-0.20061814785003662,-0.06888787057045676,0.003180474042892456,-0.1721462607383728,-0.07618846352938391,-0.05713728070259094,-0.18993932008743286,-0.036668456902539504,-0.07161277532577515,-0.20462912321090698,-0.06661916132811285,-0.03610259294509888,-0.15886718034744263,-0.06641590948942877,-0.009693890810012817,-0.13819873332977295,-0.06291520949248053,-0.08390262722969055,-0.14266818761825562,-0.04839118923786856,-0.09401258826255798,-0.15456318855285645,-0.06952228750828482,-0.06670191884040833,-0.12298214435577393,-0.06643804516438223,-0.04316973686218262,-0.1054154634475708,-0.06145707499030806,-1.4413801587018258,-2.1371602110683083,1.1752217352206,0.8286966000791922,0.7408020058464441,0.22901970729171495,0.13190940752778274,0.1621757972874673,0.20889397312313732,0.22412663151132625,0.2539079590831539,0.2819900828488257,0.03630680222111775,0.08124863911482486,0.046854829559799645,X
0.0,0.0,0.0,0.060640156269073486,-0.06225067377090454,-0.023101110393037416,0.10381975769996643,-0.13900738954544067,-0.03561569974743328,0.1353144347667694,-0.19884848594665527,-0.048027700194944956,0.12376448512077332,-0.24466776847839355,-0.058970800051321604,0.03083541989326477,-0.2536437213420868,-0.018515998879303552,-0.007240206003189087,-0.3304601311683655,-0.043365145483841516,-0.02950870990753174,-0.3623061776161194,-0.06164414287530384,-0.05216747522354126,-0.39346060156822205,-0.07432349995695553,-0.01134917140007019,-0.23012232780456543,-0.02280517519437275,-0.03985336422920227,-0.25997409224510193,-0.05088506118380032,-0.013479173183441162,-0.1981906294822693,-0.06145978943430386,0.012259602546691895,-0.17092806100845337,-0.06648966894470654,-0.04685911536216736,-0.19046086072921753,-0.031013818839420892,-0.06777539849281311,-0.20871686935424805,-0.06327443794332943,-0.031669020652770996,-0.15844136476516724,-0.06300878749214611,-0.0018265247344970703,-0.13926011323928833,-0.05820438117705784,-0.07526668906211853,-0.1460065245628357,-0.04150206075035534,-0.09196019172668457,-0.16118687391281128,-0.06504903213106594,-0.06488877534866333,-0.12775862216949463,-0.06293238178812466,-0.038972675800323486,-0.11100012063980103,-0.05773009956799946,-1.3842289409119533,-2.1065368216135973,1.1912942472013033,0.849406446916245,0.7673411948254389,0.2304156284835971,0.13368202308318064,0.16396303101453294,0.21059540266435292,0.23167127564287457,0.25913722149241464,0.2827685025212919,0.034659456107856354,0.07884227534422641,0.04667401547679687,X
0.0,0.0,0.0,0.056615620851516724,-0.05794304609298706,-0.024377322861397488,0.09985283017158508,-0.13305717706680298,-0.0397895249663236,0.13097229599952698,-0.19305074214935303,-0.054800641828620655,0.12320992350578308,-0.24351131916046143,-0.06849674984201215,0.023488938808441162,-0.25544053316116333,-0.02688957109435819,-0.011482775211334229,-0.3299182653427124,-0.0526945787607076,-0.033750563859939575,-0.35936418175697327,-0.07261341168864988,-0.05678749084472656,-0.37975871562957764,-0.08596757158025525,-0.020473569631576538,-0.23588109016418457,-0.029989930906737072,-0.04019835591316223,-0.2404259443283081,-0.05748871817573331,-0.015199989080429077,-0.18334710597991943,-0.06904744460567258,0.006587713956832886,-0.15517526865005493,-0.07572792574151777,-0.05647963285446167,-0.19659751653671265,-0.036266394996488316,-0.06680276989936829,-0.19304132461547852,-0.0648669610856416,-0.03447115421295166,-0.14927208423614502,-0.06478282912954114,-0.008820712566375732,-0.13059794902801514,-0.061582469487035496,-0.08313021063804626,-0.15207922458648682,-0.04528533025964521,-0.08979064226150513,-0.1539379358291626,-0.0661848123310449,-0.06305363774299622,-0.12412083148956299,-0.0643239702223184,-0.03811982274055481,-0.10864323377609253,-0.0597283887802007,-1.3624022202495674,-2.1441664834747116,1.2472698939089955,0.9453853159445073,0.7675994603472014,0.22574858187258143,0.14630105119190476,0.1737282878989074,0.21027764379304137,0.2333541112576414,0.25373588518749723,0.2717574034559039,0.029008003166799006,0.06452901755845908,0.03661212065411791,X
0.0,0.0,0.0,0.06475213170051575,-0.05462080240249634,-0.02276969388851313,0.1074698269367218,-0.13301652669906616,-0.03526439764329581,0.13368061184883118,-0.1922786831855774,-0.047629254542080446,0.12699821591377258,-0.23534637689590454,-0.058113476864782854,0.02424207329750061,-0.2510923743247986,-0.025385890759316965,-0.012388050556182861,-0.3284327983856201,-0.05128282927700667,-0.03256377577781677,-0.35930120944976807,-0.07042201482483534,-0.05341491103172302,-0.37422338128089905,-0.08289668583103804,-0.020782023668289185,-0.23407083749771118,-0.027553100742188974,-0.03573623299598694,-0.23193597793579102,-0.05579843991228728,-0.011861354112625122,-0.1730746030807495,-0.0658861460609117,0.008598357439041138,-0.14551734924316406,-0.07093205922075896,-0.05669906735420227,-0.19729775190353394,-0.03288649269172339,-0.06318926811218262,-0.1854339838027954,-0.06158429630824713,-0.03358858823776245,-0.13873350620269775,-0.05835110568234114,-0.010006517171859741,-0.11955434083938599,-0.05255720265933661,-0.08308199048042297,-0.1561104655265808,-0.04101615273186354,-0.08754527568817139,-0.1498628854751587,-0.062382637195078416,-0.062354594469070435,-0.11570549011230469,-0.059186066172806306,-0.039653897285461426,-0.0991705060005188,-0.05296950288840918,-1.382226032264878,-2.133473902032027,1.2504433574101492,1.0299371139067255,0.9192167965551074,0.2276745895377903,0.1486195838235098,0.1793825312063007,0.21521337004909122,0.23696433182416407,0.25834203842366427,0.2753968948614512,0.03194086981692883,0.06690523121966332,0.03597871412847602,X
0.0,0.0,0.0,0.06392931938171387,-0.05767315626144409,-0.023738053347427623,0.10507375001907349,-0.13504630327224731,-0.03673264076884486,0.13029468059539795,-0.19133061170578003,-0.04990628426845767,0.12313473224639893,-0.23689043521881104,-0.06156868552740313,0.02291262149810791,-0.2525363564491272,-0.02318331664379336,-0.014764934778213501,-0.3237204849720001,-0.049201720114309566,-0.03508618474006653,-0.3522920608520508,-0.06792531972702243,-0.05463451147079468,-0.37036705017089844,-0.08030569618519046,-0.021575242280960083,-0.23289674520492554,-0.026410910021025913,-0.041939616203308105,-0.23332494497299194,-0.05667430972631671,-0.017498433589935303,-0.17378848791122437,-0.06798537885721423,0.004740029573440552,-0.1470758318901062,-0.07314055478151538,-0.058278024196624756,-0.19347387552261353,-0.03321146285112597,-0.07043614983558655,-0.1869634985923767,-0.06581669365938403,-0.037800133228302,-0.13744360208511353,-0.06482521509702899,-0.010906994342803955,-0.11698406934738159,-0.05936706131275393,-0.08569455146789551,-0.14946001768112183,-0.04254996096666552,-0.09504139423370361,-0.14795804023742676,-0.06664568250950076,-0.06754928827285767,-0.1122094988822937,-0.0649574181991408,-0.04233670234680176,-0.09357523918151855,-0.05937394937451579,-1.3952816334115645,-2.152860994611499,1.2732680617548722,1.0162979549043427,0.9109594141074397,0.22230139619635947,0.14860675823161884,0.1798463817915382,0.21890646651375895,0.23105043667029496,0.25712843235470756,0.27706487099600113,0.03391671461629577,0.07126382047336884,0.039189282654200026,X
0.0,0.0,0.0,0.06490254402160645,-0.04897671937942505,-0.02637072745962854,0.10635238885879517,-0.125177264213562,-0.04033404123290296,0.12979215383529663,-0.18306821584701538,-0.05307391938074346,0.13137978315353394,-0.22993910312652588,-0.06300514471038099,0.02521917223930359,-0.252538800239563,-0.030725187624533135,-0.013623476028442383,-0.32493239641189575,-0.0563014214883637,-0.03345292806625366,-0.3495026230812073,-0.07172720413907285,-0.054022401571273804,-0.36773914098739624,-0.08173933904870267,-0.02037486433982849,-0.2349454164505005,-0.03168880474074598,-0.03722217679023743,-0.22718018293380737,-0.05887163337572332,-0.012296169996261597,-0.16275793313980103,-0.06409015786154981,0.00814753770828247,-0.1432511806488037,-0.06581693422301527,-0.056834876537323,-0.1976296305656433,-0.03626933973534818,-0.0646209716796875,-0.17917674779891968,-0.06477521639569517,-0.03516155481338501,-0.12913727760314941,-0.056843119675953346,-0.012087374925613403,-0.12165671586990356,-0.04840792995198484,-0.0840863585472107,-0.15564513206481934,-0.044052041138250786,-0.08975398540496826,-0.1408313512802124,-0.0645392192552876,-0.06483682990074158,-0.10449659824371338,-0.058535180057127434,-0.044687628746032715,-0.0967181921005249,-0.050765181894142586,-1.3362935836477006,-2.1733273068765873,1.2692239508473449,1.0385096533580878,0.9814543712846522,0.2310039405187475,0.15066845131274917,0.17974398692946636,0.22078846135522873,0.2329376433447484,0.24962993893257002,0.2711816599979412,0.02959345533033542,0.07040506968599235,0.04104517653697726,X
0.0,0.0,0.0,0.06617948412895203,-0.05690699815750122,-0.030408338230392573,0.11184170842170715,-0.1276310682296753,-0.04854494571342194,0.14315125346183777,-0.18608129024505615,-0.06522735818876946,0.14423665404319763,-0.23925042152404785,-0.07885717466129982,0.0336587131023407,-0.255024254322052,-0.03191867708816254,-0.009024977684020996,-0.3336128294467926,-0.059528908279082415,-0.02688699960708618,-0.35922738909721375,-0.07827024772419655,-0.044404834508895874,-0.37334954738616943,-0.09018545463337624,-0.012371420860290527,-0.24019265174865723,-0.031383129354855654,-0.030678749084472656,-0.23245126008987427,-0.06137034907593453,-0.00641709566116333,-0.16949546337127686,-0.07067765906109535,0.015761464834213257,-0.14320623874664307,-0.07494521006598198,-0.049871474504470825,-0.205189049243927,-0.03475919976486885,-0.059576600790023804,-0.18584686517715454,-0.06413631006731713,-0.03042033314704895,-0.13808482885360718,-0.058466071781060336,-0.005587786436080933,-0.12229609489440918,-0.05121223121537888,-0.07766333222389221,-0.1650577187538147,-0.04180738195433342,-0.08525100350379944,-0.15124434232711792,-0.06335243448271477,-0.060666948556900024,-0.11655086278915405,-0.05868789419188225,-0.037534087896347046,-0.10284054279327393,-0.051200276758811114,-1.2883295638338652,-2.153985958352433,1.2884739856335532,1.0801431807845197,0.9979535474751569,0.23144802172439224,0.1604068554883608,0.19006756031033042,0.22726253021692114,0.23787796469659164,0.25403661001737476,0.27059624669394994,0.029883517960964244,0.06685660289497049,0.0374043404506775,X
0.0,0.0,0.0,0.06638935208320618,-0.05176746845245361,-0.031982462079309215,0.10606345534324646,-0.12265622615814209,-0.049986913026355495,0.13278838992118835,-0.1770796775817871,-0.06564229649402975,0.13347825407981873,-0.22269541025161743,-0.07710558843710302,0.02366805076599121,-0.25372982025146484,-0.037998180062555065,-0.016864389181137085,-0.32732194662094116,-0.06460741084911703,-0.035427987575531006,-0.3490636646747589,-0.07883257341482519,-0.056122422218322754,-0.36245787143707275,-0.08745123368599295,-0.022738635540008545,-0.23508179187774658,-0.03720115792848944,-0.03990945219993591,-0.22490715980529785,-0.06564492654898046,-0.016008764505386353,-0.16305243968963623,-0.06982581240036367,0.0020557641983032227,-0.14818227291107178,-0.07036388588049292,-0.05901309847831726,-0.19530558586120605,-0.04048227813937544,-0.06237956881523132,-0.1698141098022461,-0.06923483979799627,-0.03215700387954712,-0.12448102235794067,-0.06063811403610586,-0.010642141103744507,-0.12332797050476074,-0.05160665434696554,-0.08364638686180115,-0.14941424131393433,-0.04755726379253744,-0.08438703417778015,-0.13156187534332275,-0.06748043668367742,-0.05827969312667847,-0.10016483068466187,-0.06094936576583265,-0.039086610078811646,-0.09611701965332031,-0.05272062790491461,-1.3033222744835684,-2.2038834087430463,1.2928587973386048,0.9790913581497014,0.8744499041820954,0.2355460931735624,0.15107639949041698,0.1750559236064625,0.21401103081042722,0.22203318107527,0.24341644457628253,0.2668851217736716,0.02791009041841553,0.06635876398752469,0.0393639894003779,X
0.0,0.0,0.0,0.06636407971382141,-0.05966407060623169,-0.01750877387616967,0.10779806971549988,-0.1344127655029297,-0.030385236067512977,0.1359841525554657,-0.18615281581878662,-0.044311768187025535,0.1343623697757721,-0.22870802879333496,-0.056570804489592064,0.022605329751968384,-0.2609333395957947,-0.02606076635215615,-0.013616830110549927,-0.33694422245025635,-0.049953835828045356,-0.03230634331703186,-0.3640841245651245,-0.06794233880732392,-0.0525917112827301,-0.37437009811401367,-0.08007227889988755,-0.022116124629974365,-0.24508434534072876,-0.0316477928290162,-0.02851766347885132,-0.23294734954833984,-0.056362139804104316,-0.003852754831314087,-0.18001556396484375,-0.06629211716149186,0.013866692781448364,-0.1563042402267456,-0.07282777391169404,-0.05775579810142517,-0.20504772663116455,-0.039404663068989265,-0.05357098579406738,-0.1863924264907837,-0.06357672326062058,-0.022731930017471313,-0.14845848083496094,-0.06025977693293427,-0.00032523274421691895,-0.13559091091156006,-0.05649715922568177,-0.08335641026496887,-0.15831053256988525,-0.04968850202653741,-0.07855430245399475,-0.14706003665924072,-0.06739732138607835,-0.05161729454994202,-0.1221664547920227,-0.06299097351525162,-0.029311925172805786,-0.11318343877792358,-0.05718280635569428,-1.2961988985325132,-2.1561855624500357,1.1857270210128594,0.8798948133391418,0.6957205180224708,0.2370005630018866,0.1405756620938197,0.16374232169842626,0.20033772916039294,0.2279680632169072,0.24443257765666435,0.262222080413665,0.025108818400023422,0.0610229183670215,0.036637728441721196,X
0.0,0.0,0.0,0.06793636083602905,-0.054990172386169434,-0.02413812002737359,0.10924685001373291,-0.12856924533843994,-0.04013655057747201,0.1394931674003601,-0.18252068758010864,-0.0558630572875245,0.13650977611541748,-0.22551465034484863,-0.06844413748581246,0.024657338857650757,-0.25655364990234375,-0.031676505716632164,-0.015015006065368652,-0.3268009424209595,-0.056832944067309654,-0.030795127153396606,-0.34853142499923706,-0.06984245500166253,-0.04929894208908081,-0.3649553656578064,-0.07803608945209817,-0.020637065172195435,-0.2425447702407837,-0.03464235833484963,-0.033172398805618286,-0.2252451777458191,-0.06032016968924836,-0.010174363851547241,-0.16193068027496338,-0.06356209239561394,0.005742758512496948,-0.15177488327026367,-0.06458101144630746,-0.05717477202415466,-0.2057957649230957,-0.040903297277282036,-0.060922443866729736,-0.1736201047897339,-0.06691581478912667,-0.03215724229812622,-0.12798738479614258,-0.05741954317886666,-0.012437641620635986,-0.1266021728515625,-0.049065177353213585,-0.0841735303401947,-0.16263222694396973,-0.050408558013032234,-0.08686438202857971,-0.1341596245765686,-0.06767634770471886,-0.06330269575119019,-0.10292363166809082,-0.06045551321108178,-0.04710274934768677,-0.0999259352684021,-0.05263073465425805,-1.2966572569800907,-2.169504971774407,1.2879642610781727,1.0565791749384525,1.036886470690036,0.2323114135116654,0.15012516824628896,0.17879880160140407,0.22245468046658845,0.22017153965964614,0.24118664969926393,0.2650385297180194,0.031051446002152726,0.07403351342399254,0.043741185915807716,X
0.0,0.0,0.0,0.06808304786682129,-0.05038952827453613,-0.02528227282948592,0.11051708459854126,-0.12776488065719604,-0.03908978006131747,0.1375974416732788,-0.1829870343208313,-0.05200961208231547,0.13601016998291016,-0.22489798069000244,-0.061744324623418834,0.02559557557106018,-0.2522848844528198,-0.032441049574686076,-0.015525877475738525,-0.3223241865634918,-0.05879149934537509,-0.03479892015457153,-0.3453272581100464,-0.07501175230629542,-0.05502071976661682,-0.3595898747444153,-0.08533386862166026,-0.01992851495742798,-0.2386266589164734,-0.033672190963102366,-0.034861207008361816,-0.2136756181716919,-0.06135725206024745,-0.010492891073226929,-0.15444159507751465,-0.06882186955101588,0.007887572050094604,-0.13735812902450562,-0.07264556711800196,-0.05668690800666809,-0.20146191120147705,-0.03804858004934886,-0.06310504674911499,-0.1646043062210083,-0.06522624170668223,-0.03402253985404968,-0.12097400426864624,-0.058997954933715846,-0.011312991380691528,-0.11486923694610596,-0.05231069004423716,-0.08279284834861755,-0.15838336944580078,-0.04575725620873072,-0.08831647038459778,-0.1335398554801941,-0.06493771052248576,-0.063836008310318,-0.10150575637817383,-0.059927120565248515,-0.04309377074241638,-0.09255695343017578,-0.052967633812500026,-1.314129926270251,-2.215117337085536,1.3027308809202096,1.0881394184709472,1.0281098211899011,0.23374068358431124,0.15517288980576183,0.18387614941592034,0.2226934419320144,0.23096407076646167,0.24859315373732463,0.26729914548805184,0.029570456590549098,0.06786930563635882,0.03883112067058953,X
0.0,0.0,0.0,0.0635189414024353,-0.04678541421890259,-0.027413074961074813,0.1033826470375061,-0.12169206142425537,-0.04539364307201765,0.13054680824279785,-0.17484867572784424,-0.06263835086501501,0.1331239938735962,-0.21955198049545288,-0.07637868925012015,0.01809394359588623,-0.249844491481781,-0.03711304171956442,-0.02251887321472168,-0.3227992653846741,-0.06438148870147131,-0.03881910443305969,-0.34690284729003906,-0.07742498173392676,-0.05641692876815796,-0.35254576802253723,-0.08442340149558447,-0.029752790927886963,-0.23705929517745972,-0.038350545903810485,-0.03380298614501953,-0.2096431851387024,-0.06471083416617773,-0.01053929328918457,-0.14668399095535278,-0.06612060322440527,0.003970593214035034,-0.13579505681991577,-0.0647239918915119,-0.0662667453289032,-0.19801175594329834,-0.04317524014986418,-0.058813512325286865,-0.15892314910888672,-0.0691531757918682,-0.03216108679771423,-0.11447173357009888,-0.05727638035095595,-0.016387224197387695,-0.11675024032592773,-0.04694718598402403,-0.09209281206130981,-0.1518823504447937,-0.051702854326137526,-0.08537089824676514,-0.12123429775238037,-0.0701985146013584,-0.06035345792770386,-0.08985787630081177,-0.06259773029960058,-0.04458099603652954,-0.08967733383178711,-0.053662014296421034,-1.275749336333595,-2.1984391688591516,1.249324532225,1.0202807620472458,0.9185253753864868,0.23154504718669042,0.15393447685791148,0.18144366098310477,0.22010562756315413,0.22500560797009495,0.23916920397439484,0.26313476204698677,0.027877334252874777,0.06696343175469212,0.03908747928119783,X
0.0,0.0,0.0,0.062334924936294556,-0.04358094930648804,-0.029781979777638412,0.10277578234672546,-0.11558544635772705,-0.04890981995386312,0.12931808829307556,-0.16854554414749146,-0.06686977603358457,0.1314500868320465,-0.21416014432907104,-0.08152260192555616,0.016361355781555176,-0.24692898988723755,-0.040368712776128746,-0.02338629961013794,-0.32064729928970337,-0.06977199324292371,-0.04046839475631714,-0.3428710997104645,-0.08583121308011243,-0.05731719732284546,-0.34811604022979736,-0.09501614727896879,-0.031935304403305054,-0.23264050483703613,-0.04087935694379041,-0.041106730699539185,-0.20695221424102783,-0.07014178790969083,-0.017725229263305664,-0.14714038372039795,-0.07425309278887937,-0.0003148019313812256,-0.13487380743026733,-0.07461667367142866,-0.06857079267501831,-0.19364845752716064,-0.04507020049614141,-0.06594809889793396,-0.1567147970199585,-0.072934466683094,-0.03860741853713989,-0.11481022834777832,-0.06315981902999113,-0.01916077733039856,-0.11640691757202148,-0.05408305608553121,-0.09384799003601074,-0.14856892824172974,-0.05320538514179418,-0.08907607197761536,-0.11771249771118164,-0.0734469548694534,-0.06269031763076782,-0.08683514595031738,-0.06755526670140455,-0.04294338822364807,-0.08612644672393799,-0.05966389858049581,-1.2877189791695984,-2.2001610063224493,1.2579867648225858,1.0017088323211047,0.8868412229902846,0.23146764269283937,0.15378006740039193,0.17955312791810013,0.21634627767642275,0.2207295243724631,0.23482978922929737,0.26238359989409704,0.02638554168056722,0.0647572509076028,0.038503499784842216,X
0.0,0.0,0.0,0.06528005003929138,-0.04676610231399536,-0.024670180276032738,0.10556510090827942,-0.12199503183364868,-0.039969059050079636,0.13358983397483826,-0.17663270235061646,-0.05447246354817992,0.13750091195106506,-0.2203136682510376,-0.06588092666864043,0.021938025951385498,-0.24804025888442993,-0.03556228649615889,-0.01577073335647583,-0.3235541582107544,-0.06101316806673651,-0.033351898193359375,-0.3447035551071167,-0.07538484257459288,-0.052598536014556885,-0.3538486361503601,-0.08444661122560149,-0.023493796586990356,-0.23487883806228638,-0.0373175091743434,-0.029825359582901,-0.21334290504455566,-0.06291271966695433,-0.008050501346588135,-0.15441739559173584,-0.06813391518592482,0.005630970001220703,-0.1424030065536499,-0.07119043391942625,-0.059887826442718506,-0.19763904809951782,-0.041883552789684586,-0.05675363540649414,-0.16530746221542358,-0.0670639075040782,-0.03059980273246765,-0.12169551849365234,-0.059044825255867295,-0.013077199459075928,-0.12048417329788208,-0.05244903859495764,-0.08602491021156311,-0.1539497971534729,-0.04968555492162352,-0.08292487263679504,-0.12971186637878418,-0.06729188036918288,-0.05892285704612732,-0.09868860244750977,-0.060906665742393784,-0.0422845184803009,-0.09479576349258423,-0.05395946499704962,-1.2567276858150325,-2.1845016851385397,1.2656858743414212,1.0254576724665918,0.9340930481119747,0.23231312440046795,0.15316576900854875,0.18066459447951316,0.21926592396070965,0.2193169616021311,0.23668736460900736,0.25925811422199074,0.028817197224041913,0.0675451229053454,0.038896810701297004,X
0.0,0.0,0.0,0.06564193964004517,-0.06640172004699707,-0.021232681421171407,0.10881996154785156,-0.1387959122657776,-0.034301474762688855,0.14160650968551636,-0.1933419108390808,-0.04780290655566333,0.139501690864563,-0.24213534593582153,-0.05979558460188983,0.03515422344207764,-0.2549089789390564,-0.0179745835043299,-0.0029828250408172607,-0.32775798439979553,-0.04369790486765979,-0.02571043372154236,-0.35630786418914795,-0.06430870301796077,-0.0508267879486084,-0.3854263126850128,-0.07848408825470088,-0.005296617746353149,-0.22966241836547852,-0.023381196034680585,-0.034973472356796265,-0.25180351734161377,-0.04972438893986819,-0.008847564458847046,-0.19279390573501587,-0.0620462001092541,0.016050338745117188,-0.16657096147537231,-0.06989289082361339,-0.04007828235626221,-0.19064366817474365,-0.03254738457275508,-0.06582313776016235,-0.2012336254119873,-0.06145123772097705,-0.031040996313095093,-0.15256953239440918,-0.06017189852667926,-0.0008611679077148438,-0.1334242820739746,-0.05620933703852771,-0.06796246767044067,-0.14722716808319092,-0.04413545511437533,-0.09316882491111755,-0.15866172313690186,-0.06387735910488246,-0.07062697410583496,-0.12508922815322876,-0.05875716365648387,-0.04782211780548096,-0.10734212398529053,-0.05230619765592692,-1.2821837537445533,-2.1533126386633747,1.244538127485169,0.9699488921920261,1.1031886354299325,0.23823776148892448,0.1447418824632524,0.17753824244004718,0.230780029418614,0.22884539503320514,0.25690773950614565,0.27810042079696995,0.03721157632522203,0.08710766841234224,0.05371787212710131,X
0.0,0.0,0.0,0.05944555997848511,-0.0589144229888916,-0.021268774050035688,0.1001659631729126,-0.13507938385009766,-0.03660787292078993,0.13214117288589478,-0.1886010766029358,-0.05282215424136183,0.1258029341697693,-0.23107296228408813,-0.06743052251891157,0.01588025689125061,-0.2568885087966919,-0.02614620536819956,-0.021403580904006958,-0.3370400667190552,-0.05405906237916014,-0.041252732276916504,-0.3623518943786621,-0.07347371824339888,-0.06495451927185059,-0.3714265823364258,-0.08536056824282667,-0.02520519495010376,-0.23479074239730835,-0.03123007178560755,-0.04232323169708252,-0.23888009786605835,-0.058463581132450315,-0.016503959894180298,-0.17917072772979736,-0.06674722232178709,0.002581179141998291,-0.15641939640045166,-0.07109938211993239,-0.05966100096702576,-0.19363868236541748,-0.03981869317845366,-0.07075506448745728,-0.19397085905075073,-0.068235043662348,-0.03812772035598755,-0.14888107776641846,-0.06393312312916777,-0.014023452997207642,-0.13602709770202637,-0.05816816188649199,-0.086567223072052,-0.14754647016525269,-0.050986506270923826,-0.0965123176574707,-0.14722871780395508,-0.07049400009469053,-0.07204931974411011,-0.11663579940795898,-0.06491512455300352,-0.05267462134361267,-0.10596203804016113,-0.05805085249499342,-1.309817747422364,-2.185368201337809,1.230075935363841,0.9008546674367688,0.8869570977348266,0.23682809103931848,0.14407205076372884,0.16907139001711954,0.21796096253045402,0.22536450599939845,0.2408461975577213,0.2657484151816364,0.026297521835415377,0.07482745819553424,0.04896754667137877,X
0.0,0.0,0.0,0.053835898637771606,-0.05434083938598633,-0.02755556623832689,0.08832132816314697,-0.13655245304107666,-0.042731268288655144,0.11541920900344849,-0.1992592215538025,-0.05819569337563024,0.10183802247047424,-0.23971343040466309,-0.07180763218001829,-6.434321403503418e-05,-0.26077476143836975,-0.02008984978692041,-0.0399860143661499,-0.3435380160808563,-0.04797150749163137,-0.05935207009315491,-0.3712562322616577,-0.06724117133216367,-0.07631033658981323,-0.3767213523387909,-0.07848164621190534,-0.04227474331855774,-0.23000633716583252,-0.023143030660314423,-0.07128849625587463,-0.2509484887123108,-0.057598484637303216,-0.04383087158203125,-0.18954366445541382,-0.06977390679912077,-0.017453938722610474,-0.16106277704238892,-0.07249446395234571,-0.07489553093910217,-0.18422508239746094,-0.03082658904985891,-0.09422016143798828,-0.1935657262802124,-0.06840493712024198,-0.056105852127075195,-0.14524739980697632,-0.06939848694400297,-0.02563399076461792,-0.1278570294380188,-0.06282122615174757,-0.09831365942955017,-0.13509589433670044,-0.04122363957957731,-0.11191952228546143,-0.14754879474639893,-0.06871381584004865,-0.08204174041748047,-0.11219298839569092,-0.06776725682811247,-0.05389636754989624,-0.09465104341506958,-0.06156379911498533,-1.440513230089496,-2.1524927948850956,1.2252263270399832,0.8525746010394888,0.7386217901860951,0.224739868533781,0.14288630892987977,0.16959059111701397,0.2128292657369645,0.22354573730844512,0.25397154021475427,0.28295944088233904,0.03419846378677092,0.07575334304318065,0.04360503926508194,X
0.0,0.0,0.0,0.049706339836120605,-0.050083696842193604,-0.030862487279488704,0.0809328556060791,-0.1262984275817871,-0.049231768943979404,0.10587352514266968,-0.1847667694091797,-0.06724698225469794,0.0906408429145813,-0.2228471338748932,-0.08279738704176154,-0.007758975028991699,-0.2511681914329529,-0.02501593472869601,-0.04855874180793762,-0.33152952790260315,-0.05460354814739432,-0.06738549470901489,-0.3631950318813324,-0.07164894918413367,-0.0828404426574707,-0.36421626806259155,-0.08019989112825598,-0.05093306303024292,-0.21935689449310303,-0.026617679171874187,-0.08123493194580078,-0.23689505457878113,-0.06274400780410971,-0.05291014909744263,-0.17191731929779053,-0.07093763480396476,-0.025766700506210327,-0.1449350118637085,-0.069401973285391,-0.08282250165939331,-0.17411822080612183,-0.033362117954208514,-0.10208576917648315,-0.1782548427581787,-0.07354352752180304,-0.06401517987251282,-0.1297261118888855,-0.0702823636910459,-0.03538787364959717,-0.11615866422653198,-0.05964754278273787,-0.10571235418319702,-0.12549620866775513,-0.04298540706248488,-0.11880046129226685,-0.13283264636993408,-0.07277637104006018,-0.08720490336418152,-0.0965113639831543,-0.06978934387178626,-0.05966922640800476,-0.08258014917373657,-0.06102050224752631,-1.4705829968679152,-2.1570582047324423,1.2447097844950086,0.8849306924378554,0.7502609128125451,0.22378782036722045,0.14007503318418033,0.16512318721101324,0.20559169228574176,0.22658702823266108,0.25255558027161956,0.28258770094478064,0.030342134993943035,0.07097541943241403,0.041437914582288474,X
0.0,0.0,0.0,0.05133688449859619,-0.050971269607543945,-0.03618741936333336,0.08732268214225769,-0.12981855869293213,-0.055293691971375125,0.11382395029067993,-0.19562774896621704,-0.0729978323663012,0.09157317876815796,-0.23665747046470642,-0.08768846995480217,-0.000543445348739624,-0.2608046531677246,-0.023052032732440608,-0.040192604064941406,-0.34406596422195435,-0.051964057304932254,-0.06271308660507202,-0.37445154786109924,-0.06914784170038857,-0.08216056227684021,-0.37820690870285034,-0.07767111218817391,-0.042940497398376465,-0.22838625311851501,-0.021158963137342113,-0.08071020245552063,-0.25102663040161133,-0.057082893022371906,-0.05330866575241089,-0.1837727427482605,-0.06670099652655281,-0.022452116012573242,-0.15433484315872192,-0.06591745621807732,-0.07572764158248901,-0.18345439434051514,-0.0251382679427401,-0.10555195808410645,-0.19674766063690186,-0.0656346098268763,-0.06509211659431458,-0.1467016339302063,-0.06569101072199501,-0.029798239469528198,-0.1278320550918579,-0.05696699179060616,-0.09960082173347473,-0.1367301344871521,-0.03232881210096039,-0.12045647203922272,-0.15079188346862793,-0.0627293900335566,-0.09060919284820557,-0.11429250240325928,-0.06267728812344231,-0.059612929821014404,-0.09571290016174316,-0.05583084530480065,-1.5310331342500594,-2.1782881980515834,1.3008709462633046,0.8805581424443435,0.7981046063487918,0.22409742578402056,0.1406370606077668,0.16301531276570416,0.20669448789995337,0.23169764842632173,0.2557916733799266,0.2833924144909072,0.02750206001669572,0.06940791225535212,0.04382414715861244,X
0.0,0.0,0.0,0.048562437295913696,-0.05535471439361572,-0.030248735804498494,0.08635011315345764,-0.13605523109436035,-0.048041934851944745,0.11800327897071838,-0.19874119758605957,-0.06625445443803102,0.09615734219551086,-0.24068403244018555,-0.08305479842835695,0.0028432607650756836,-0.26623713970184326,-0.018182615522682966,-0.036507487297058105,-0.3466217815876007,-0.04615801829510957,-0.06088641285896301,-0.377352237701416,-0.06698410469704896,-0.08280876278877258,-0.38637444376945496,-0.07969925809317857,-0.03874039649963379,-0.23402735590934753,-0.02083319868558675,-0.07314088940620422,-0.26060014963150024,-0.056844225857794584,-0.04547819495201111,-0.19498151540756226,-0.07217071462088853,-0.013955652713775635,-0.1588556170463562,-0.07662795740777284,-0.07155117392539978,-0.18718749284744263,-0.0284715618532303,-0.10103043913841248,-0.211456298828125,-0.06680158037358552,-0.06052914261817932,-0.16173428297042847,-0.0713453616541031,-0.023692458868026733,-0.13494402170181274,-0.06710622716361314,-0.0949690043926239,-0.13645410537719727,-0.03904117528015405,-0.11573399603366852,-0.15476256608963013,-0.06766414153987199,-0.08538579940795898,-0.12015962600708008,-0.06965895998889238,-0.052815407514572144,-0.096973717212677,-0.0656671624224785,-1.4773358517755284,-2.190161526313166,1.252311871990502,0.8291729814711322,0.7526635882548184,0.2307695012052877,0.13718877947469918,0.15982779697512173,0.20699162992491488,0.23770899705407678,0.2582866518625434,0.290950823838317,0.02581801282063851,0.07307154076795927,0.04785279679252826,X
0.0,0.0,0.0,0.052719295024871826,-0.05171293020248413,-0.03415224021211394,0.09227105975151062,-0.13720887899398804,-0.05065590208307036,0.11821717023849487,-0.20480483770370483,-0.0658215700639797,0.09028387069702148,-0.24416637420654297,-0.07927047898903616,0.0014598369598388672,-0.26538315415382385,-0.019326352234037003,-0.0346352756023407,-0.343174546957016,-0.04316424643531569,-0.059419214725494385,-0.3739398419857025,-0.06038346579209097,-0.08096760511398315,-0.3845512270927429,-0.0711040466083599,-0.042099565267562866,-0.23189356923103333,-0.018941602389366707,-0.083598792552948,-0.254488080739975,-0.051600915099532685,-0.058172643184661865,-0.19553029537200928,-0.06593061676159628,-0.027862370014190674,-0.16406512260437012,-0.07014015009537466,-0.0752827525138855,-0.1867280900478363,-0.02363997204139956,-0.10484777390956879,-0.19540494680404663,-0.06121227210298308,-0.06150472164154053,-0.1497194766998291,-0.06757501950398215,-0.024154484272003174,-0.12824517488479614,-0.06458604773417242,-0.09746633470058441,-0.13887238502502441,-0.03128067841664084,-0.11518512666225433,-0.15127116441726685,-0.06079815393224486,-0.0842306911945343,-0.11404484510421753,-0.06371460547581442,-0.05211177468299866,-0.09067904949188232,-0.06012969901695975,-1.5893734302179874,-2.1759237507167777,1.3638998499569097,0.8523953376243792,0.8157345446433657,0.22143842233751376,0.14274012996500418,0.16289217765199362,0.20936780715109027,0.2267912879002672,0.2625271854460565,0.29528548172528474,0.03601134642456638,0.07728874014798669,0.04682759724949449,X
0.0,0.0,0.0,0.05117809772491455,-0.052045464515686035,-0.03538956270523386,0.09040477871894836,-0.13849914073944092,-0.05334991739101724,0.11650592088699341,-0.20690244436264038,-0.07012443021841364,0.08603900671005249,-0.24517834186553955,-0.08509463594265299,0.00041741132736206055,-0.2649710178375244,-0.019518777364567086,-0.035697221755981445,-0.34313344955444336,-0.044864309588149354,-0.061360448598861694,-0.374598890542984,-0.06339446977682428,-0.0836748480796814,-0.3844526708126068,-0.07469819263525324,-0.04353994131088257,-0.231198251247406,-0.018768053138330743,-0.0835781991481781,-0.25233757495880127,-0.05418177098937349,-0.05538526177406311,-0.18816742300987244,-0.06947138682909326,-0.023582816123962402,-0.15063631534576416,-0.07330382392711954,-0.07680317759513855,-0.1859303116798401,-0.023258423069194123,-0.1067243218421936,-0.19692757725715637,-0.06191966460056619,-0.061930328607559204,-0.14829891920089722,-0.06742796079225855,-0.0244143009185791,-0.12103623151779175,-0.0630897410304101,-0.09873363375663757,-0.1379793882369995,-0.030930749708488747,-0.11538593471050262,-0.1523018479347229,-0.060484753558114335,-0.08413216471672058,-0.11522489786148071,-0.06310044751472788,-0.0521681010723114,-0.09040665626525879,-0.05889246762700395,-1.6116978066155732,-2.184074076691615,1.3279609237377086,0.8916210543638465,0.7960969038274732,0.2195452828262242,0.14475889893169974,0.16616617203178727,0.2074981428955886,0.24141487192872785,0.2700000610010898,0.29572915611783296,0.029611759987995864,0.06666881091284148,0.04133333162381047,X
0.0,0.0,0.0,0.04998338222503662,-0.05275130271911621,-0.038185976398383836,0.08901822566986084,-0.13469135761260986,-0.057806797278320055,0.11727771162986755,-0.2003222107887268,-0.07530795033017323,0.089623361825943,-0.24417200684547424,-0.0903704091433637,0.004494369029998779,-0.2646122872829437,-0.026358069804703455,-0.03307989239692688,-0.3447969853878021,-0.05446759606639073,-0.060553669929504395,-0.3745347261428833,-0.07310746605435536,-0.08467176556587219,-0.38471007347106934,-0.08401226247588323,-0.03876626491546631,-0.23213621973991394,-0.024551548016463975,-0.08369225263595581,-0.2561534643173218,-0.06021278346816228,-0.0567077100276947,-0.1890377402305603,-0.07295057172814534,-0.021944522857666016,-0.15400773286819458,-0.0755141600493543,-0.07238465547561646,-0.18585985898971558,-0.028364216861521463,-0.10937109589576721,-0.20164227485656738,-0.06879366929570363,-0.06597375869750977,-0.14864158630371094,-0.07194452728072331,-0.025347262620925903,-0.12306582927703857,-0.06611685450116322,-0.09469549357891083,-0.13737404346466064,-0.03547549988070653,-0.12137635052204132,-0.15624266862869263,-0.06730438019076512,-0.09256373345851898,-0.1171567440032959,-0.06900136168042348,-0.05956530570983887,-0.09135472774505615,-0.06383423502484487,-1.5652690487065348,-2.2094453933167117,1.3587251354939751,0.9278879394607326,0.9187873816553891,0.2238967163747367,0.1434468166068004,0.1669878759998475,0.21356586645051015,0.239077972505664,0.26828549563763326,0.294427738490332,0.03112844415869291,0.07308024598597321,0.04665263586558001,X
0.0,0.0,0.0,0.053988128900527954,-0.05505114793777466,-0.04118708059643694,0.09290403127670288,-0.13419121503829956,-0.06235081240986773,0.11546492576599121,-0.19962376356124878,-0.0809898479328055,0.08542603254318237,-0.2396034598350525,-0.09690485433196017,-0.0012741386890411377,-0.2596293091773987,-0.027500453446855033,-0.036226242780685425,-0.34140247106552124,-0.05670031071161219,-0.06110107898712158,-0.37317824363708496,-0.07601189151858279,-0.08321493864059448,-0.3817656636238098,-0.08704939023112246,-0.045744866132736206,-0.22556725144386292,-0.024082235102405036,-0.08998724818229675,-0.24974402785301208,-0.06300588980769106,-0.06162938475608826,-0.18336063623428345,-0.07660638079499194,-0.029015809297561646,-0.14736193418502808,-0.07852161959265658,-0.07829129695892334,-0.1801416575908661,-0.02660464778994509,-0.11016464233398438,-0.18761199712753296,-0.06840808973168322,-0.06488731503486633,-0.13904023170471191,-0.0712956814513106,-0.02701669931411743,-0.11658430099487305,-0.0644917292938132,-0.09910301864147186,-0.13301491737365723,-0.03279385999297091,-0.12009057402610779,-0.1472313404083252,-0.06380439833258578,-0.08876192569732666,-0.11062568426132202,-0.06502080247258135,-0.05674627423286438,-0.0896228551864624,-0.05946461767410227,-1.6416181939064034,-2.161721264559867,1.3600603158876596,0.8919559188750956,0.7974714215024814,0.22056715382822445,0.14698787098990848,0.16666457748807312,0.2066570748481141,0.24058814184483907,0.27107083426502315,0.29333941214434467,0.030842489288538933,0.06405294629547233,0.04013436414008887,X
0.0,0.0,0.0,0.0517556369304657,-0.057537615299224854,-0.03828258518657002,0.08772316575050354,-0.13659250736236572,-0.059515726608841746,0.11015653610229492,-0.2035757303237915,-0.0790400624700478,0.08137580752372742,-0.24152407050132751,-0.09587174360236439,-0.008814185857772827,-0.26484382152557373,-0.024370160741417735,-0.04583129286766052,-0.34965991973876953,-0.05289735723814282,-0.0687582790851593,-0.38186705112457275,-0.07185291950187,-0.09015461802482605,-0.3827567398548126,-0.08199509684523854,-0.05136945843696594,-0.23099753260612488,-0.022242988316028445,-0.09279032051563263,-0.24916377663612366,-0.06125500131925854,-0.06377097964286804,-0.1833801567554474,-0.07647476051530155,-0.031636208295822144,-0.14586085081100464,-0.07924368683776173,-0.0823993980884552,-0.18510738015174866,-0.02568896566113743,-0.11379575729370117,-0.19293925166130066,-0.0673995510168961,-0.06857666373252869,-0.14830249547958374,-0.07308084969004902,-0.029528439044952393,-0.1259593367576599,-0.06817128960570606,-0.10231083631515503,-0.13703739643096924,-0.032430288238137095,-0.1247919350862503,-0.14864039421081543,-0.0638992309995583,-0.09517243504524231,-0.11346745491027832,-0.06673050378045353,-0.06381547451019287,-0.09430134296417236,-0.06215568710645947,-1.6312131654147028,-2.174667366847167,1.3430350185254676,0.8413755110438007,0.8375558840468286,0.2221921550855896,0.14806474030341288,0.1601716566443992,0.20677291863813502,0.24401652920051906,0.2638568547814159,0.28965542714822595,0.020012819712134262,0.060777364400761084,0.046667219458878785,X
0.0,0.0,0.0,0.05327346920967102,-0.057395875453948975,-0.04802664636278742,0.09290903806686401,-0.13782858848571777,-0.07062531902099245,0.11422759294509888,-0.2126225233078003,-0.08899757160449617,0.08327516913414001,-0.2529319226741791,-0.10261005802655809,-0.0027350783348083496,-0.26940926909446716,-0.02711621566320055,-0.04054012894630432,-0.3573717474937439,-0.05606156109476679,-0.06401556730270386,-0.38897740840911865,-0.07173413677716844,-0.08527280390262604,-0.393685907125473,-0.07879792048240297,-0.04611849784851074,-0.2342446744441986,-0.01866230821812742,-0.0908590704202652,-0.2593381106853485,-0.05777025117183321,-0.06054502725601196,-0.18785440921783447,-0.06737407191300981,-0.027350664138793945,-0.15671563148498535,-0.06480502231622332,-0.07761365175247192,-0.1895011067390442,-0.017436052547937564,-0.11146239936351776,-0.1956910789012909,-0.06125862790847414,-0.06532737612724304,-0.14393305778503418,-0.06252054019475572,-0.026261568069458008,-0.12757974863052368,-0.0530395609011709,-0.09830634295940399,-0.14493179321289062,-0.020309381993657283,-0.12203159928321838,-0.15522462129592896,-0.05285881354117983,-0.08986108005046844,-0.11525923013687134,-0.054476759271866015,-0.05606922507286072,-0.09740501642227173,-0.04792724816704386,-1.6542992686771854,-2.1570512281216607,1.3332903967020584,0.8784363934574426,0.8442586744288718,0.2195907633615711,0.1466139477591907,0.16646760746367736,0.20881924902940724,0.2439464814502345,0.27257074961098976,0.2977166693558636,0.029156230894221504,0.06589768433898947,0.0424147483768585,X
0.0,0.0,0.0,0.05139783024787903,-0.05561411380767822,-0.043069378307153405,0.09163078665733337,-0.13798511028289795,-0.0640548140016095,0.1156175434589386,-0.20760256052017212,-0.0817293346133725,0.08567625284194946,-0.24891087412834167,-0.0961750492659108,0.0020224452018737793,-0.2662367522716522,-0.027122468521882714,-0.03228944540023804,-0.3504559397697449,-0.05547409208684129,-0.05843329429626465,-0.3811626732349396,-0.07315979602008027,-0.08151394128799438,-0.3896293044090271,-0.08258929552703065,-0.04183018207550049,-0.23238995671272278,-0.02209313290386361,-0.08864584565162659,-0.254851758480072,-0.05953601451783341,-0.06171727180480957,-0.1853533685207367,-0.07162566187052888,-0.028107136487960815,-0.15085625648498535,-0.07228024753003282,-0.07494121789932251,-0.18779808282852173,-0.023368147036124887,-0.11006973683834076,-0.1938544511795044,-0.06486700924306077,-0.06422024965286255,-0.1440638303756714,-0.06791412534384889,-0.023961037397384644,-0.12440621852874756,-0.06096450315981072,-0.09679600596427917,-0.14273905754089355,-0.02831358911662263,-0.1225980818271637,-0.15675830841064453,-0.05878920929699105,-0.09230177104473114,-0.11799246072769165,-0.059801493605663,-0.05919715762138367,-0.09651917219161987,-0.05382058100967568,-1.6244252042450027,-2.1659166363649667,1.4040478636944482,0.8934954047558289,0.8878911030428275,0.21852742993470736,0.15020441980376859,0.1658967892305259,0.21026539391551827,0.24467295562420793,0.27139569272576874,0.2939584808127302,0.02677302085225529,0.06260278063777187,0.0449363051646352,X
0.0,0.0,0.0,0.05100589990615845,-0.05582296848297119,-0.03867048294287978,0.08840706944465637,-0.13873541355133057,-0.05852642924529372,0.11171898245811462,-0.20728111267089844,-0.07676305518490134,0.08254516124725342,-0.2491304874420166,-0.09258125619036017,-0.000614166259765625,-0.2687019109725952,-0.020801649326503857,-0.03623861074447632,-0.3480215072631836,-0.04987101898533164,-0.06289950013160706,-0.38123375177383423,-0.07038289205175696,-0.08622322976589203,-0.3919379413127899,-0.0822497670446044,-0.04365646839141846,-0.23477482795715332,-0.018633336657703503,-0.08859288692474365,-0.25778597593307495,-0.05706859276634513,-0.05981415510177612,-0.1888183355331421,-0.07146057383161841,-0.024873077869415283,-0.1507643461227417,-0.0735193406139022,-0.07595877349376678,-0.18799367547035217,-0.02261903406125365,-0.11119413375854492,-0.20164772868156433,-0.06460032508713065,-0.0655013918876648,-0.15072715282440186,-0.06881060347896872,-0.025257110595703125,-0.12524664402008057,-0.06249954820615111,-0.0972588062286377,-0.13879817724227905,-0.030049714157403096,-0.12190838158130646,-0.1550428867340088,-0.061700197765648945,-0.09027343988418579,-0.11643069982528687,-0.06398410991770087,-0.05631497502326965,-0.09214514493942261,-0.05875717372638045,-1.6238458696127416,-2.177939923758253,1.3508301642261529,0.8911764596725792,0.8504819733166972,0.22108084197012415,0.14565224286968387,0.16422099888715044,0.20958658164521168,0.24885446380287016,0.2735710433111333,0.30128097261379266,0.025520591719923276,0.06651919755983225,0.04539052967511948,X
0.0,0.0,0.0,0.05166122317314148,-0.06980592012405396,-0.03624223353267375,0.08728674054145813,-0.15086764097213745,-0.054835254269844924,0.11450433731079102,-0.2236979901790619,-0.07155613781810466,0.09348377585411072,-0.2686416208744049,-0.08464097412229243,-0.0021800696849823,-0.274434894323349,-0.02172356838286582,-0.04853352904319763,-0.35688742995262146,-0.047859517800814544,-0.07346075773239136,-0.38571205735206604,-0.06453532161117259,-0.09777091443538666,-0.39906954765319824,-0.07427557738424007,-0.046646445989608765,-0.24029678106307983,-0.019111838135129844,-0.07863914966583252,-0.2683968245983124,-0.05191833333969775,-0.04342934489250183,-0.19890400767326355,-0.06098719494343463,-0.010553121566772461,-0.16990503668785095,-0.061714230048663055,-0.07988372445106506,-0.1922241449356079,-0.0222517419040269,-0.1035291850566864,-0.2128257155418396,-0.058854827600724136,-0.05897793173789978,-0.16076499223709106,-0.05808774189949695,-0.023062825202941895,-0.13927167654037476,-0.050698472130305205,-0.10207882523536682,-0.14182323217391968,-0.02897003846169177,-0.11886528134346008,-0.15863525867462158,-0.05673723475933734,-0.08626744151115417,-0.12178957462310791,-0.05661031784415904,-0.0556369423866272,-0.1014360785484314,-0.05112174333930675,-1.518226772437409,-2.2250690792333176,1.097001300330676,0.7501725821210725,0.7157792398549411,0.23149470974850772,0.14343147869903533,0.17412550851308903,0.22404169699668958,0.2452005637816913,0.2703261593548027,0.3006009872437944,0.033089204266494136,0.08197895539962896,0.049926001098670125,X
0.0,0.0,0.0,0.049257129430770874,-0.06595784425735474,-0.03641802041532127,0.08691811561584473,-0.1495366096496582,-0.05493404312731354,0.1176927387714386,-0.22027814388275146,-0.071464977848545,0.09726577997207642,-0.26704975962638855,-0.08501519976855842,0.0010600090026855469,-0.268652081489563,-0.02444919912816612,-0.040743470191955566,-0.34805816411972046,-0.051777727592006606,-0.0679461658000946,-0.37805670499801636,-0.06984522907735435,-0.09438963234424591,-0.40009820461273193,-0.08107840983869163,-0.04279646277427673,-0.23479557037353516,-0.0225812584787759,-0.07717931270599365,-0.2615567743778229,-0.055659878689065856,-0.04318559169769287,-0.1939009428024292,-0.06484086035491554,-0.010459423065185547,-0.1663016676902771,-0.06631470440627663,-0.07648050785064697,-0.18709808588027954,-0.0264376156658086,-0.10396945476531982,-0.20529508590698242,-0.06335394798518745,-0.05923497676849365,-0.15253260731697083,-0.06225946887137024,-0.02341282367706299,-0.1321445107460022,-0.055038485366121215,-0.09989896416664124,-0.13813114166259766,-0.033896993535772246,-0.12025225162506104,-0.15429788827896118,-0.06135997517706482,-0.08855080604553223,-0.11658012866973877,-0.060665443229690474,-0.05814114212989807,-0.09569478034973145,-0.05523296787144272,-1.4829674863801652,-2.198858091109036,1.1297040343091458,0.8028549066478945,0.7934572068978497,0.23331027792067704,0.1474954148378399,0.18100483848280152,0.23133058673706067,0.24840511409099383,0.2771946778446567,0.3065540698569503,0.03653083571351214,0.08519905441310177,0.050345197869532204,X
0.0,0.0,0.0,0.051559627056121826,-0.06861835718154907,-0.03889336279159927,0.08729395270347595,-0.14871680736541748,-0.05915685585266495,0.11675125360488892,-0.2192801833152771,-0.07743589049703026,0.09535878896713257,-0.2678495943546295,-0.09239576226598167,0.00019171833992004395,-0.27376052737236023,-0.023737797797979354,-0.044749915599823,-0.3543909788131714,-0.05031702137118721,-0.0693134069442749,-0.383489727973938,-0.06801541364318275,-0.09197154641151428,-0.3977765440940857,-0.0785971603406086,-0.044445157051086426,-0.23923394083976746,-0.020377006666125297,-0.07711288332939148,-0.26114895939826965,-0.05299294954663658,-0.043092429637908936,-0.19149518013000488,-0.06232609069472694,-0.010461568832397461,-0.16088181734085083,-0.06343665933734322,-0.07857447862625122,-0.19097450375556946,-0.023101339401067733,-0.103212371468544,-0.20642435550689697,-0.058904821337522506,-0.05888351798057556,-0.15472152829170227,-0.05821930831796074,-0.023663967847824097,-0.1330530047416687,-0.05110744601613426,-0.10224243998527527,-0.141385018825531,-0.0298432598871603,-0.11978656053543091,-0.15684136748313904,-0.056654731096090316,-0.08726781606674194,-0.12215065956115723,-0.0567191897941246,-0.056010305881500244,-0.10240036249160767,-0.05155949881798172,-1.5032032614759474,-2.2099029597125903,1.161555430383522,0.8120774170725152,0.7005547973412292,0.22797733839501566,0.15046612058563227,0.1798236280668291,0.22424551544982646,0.25052542387637616,0.273394362737247,0.2975572205114801,0.030801723173272892,0.074126702395644,0.04456310201387546,X
0.0,0.0,0.0,0.05523669719696045,-0.07339191436767578,-0.03553729321485122,0.0928087830543518,-0.15492993593215942,-0.05562216978197654,0.12225699424743652,-0.22626984119415283,-0.0746933389795359,0.10086792707443237,-0.2765396237373352,-0.09080302904968818,0.004933714866638184,-0.27666670083999634,-0.019130881909781294,-0.03644329309463501,-0.35354310274124146,-0.04434737752800544,-0.06175488233566284,-0.38538438081741333,-0.05965734462862571,-0.0884101390838623,-0.40671247243881226,-0.06910693835144599,-0.041466474533081055,-0.24316853284835815,-0.019100440700107413,-0.07920855283737183,-0.2718673050403595,-0.0480037611318167,-0.04950094223022461,-0.2036171853542328,-0.0535487663341101,-0.01824134588241577,-0.18219605088233948,-0.052867142517619925,-0.07605719566345215,-0.19645386934280396,-0.02527284625595172,-0.10001824796199799,-0.20660939812660217,-0.05985846932654937,-0.05600661039352417,-0.1528935432434082,-0.054507339407258826,-0.022570878267288208,-0.13759827613830566,-0.04478976320152839,-0.09984228014945984,-0.14634394645690918,-0.03536449934964736,-0.11719165742397308,-0.1603785753250122,-0.06131676401620467,-0.08423003554344177,-0.12309926748275757,-0.057449428398662405,-0.05470883846282959,-0.10514718294143677,-0.04979528676395972,-1.5046225117295222,-2.1933537448465437,1.20685294063083,0.8331558798038671,0.7398294896988535,0.22971973547712746,0.1519464663733739,0.18585434279786292,0.23147245783680556,0.23522602553261654,0.27705100417674083,0.30344258351982356,0.04480743646752444,0.08524321712650926,0.04567189436844144,X
0.0,0.0,0.0,0.051537901163101196,-0.07592076063156128,-0.0366093389689226,0.0881565511226654,-0.15423837304115295,-0.058083286881377205,0.11933386325836182,-0.22421836853027344,-0.07811037674539278,0.09644025564193726,-0.27146732807159424,-0.0943047575651903,0.0019328594207763672,-0.28029388189315796,-0.020320112258126244,-0.04108142852783203,-0.3573386073112488,-0.04609942659728716,-0.06523704528808594,-0.3870457112789154,-0.06215469017617892,-0.09138676524162292,-0.4047877639532089,-0.07181771323077868,-0.044251054525375366,-0.2447630763053894,-0.01909598186605166,-0.07462820410728455,-0.2736763060092926,-0.04679777324192713,-0.040846019983291626,-0.1995079219341278,-0.05025794208042811,-0.009450554847717285,-0.17734664678573608,-0.04837576150887202,-0.07864260673522949,-0.1961255967617035,-0.02430336773388575,-0.09990870952606201,-0.21393761038780212,-0.056704180687596306,-0.0557839572429657,-0.1570618450641632,-0.04875167310230921,-0.02356398105621338,-0.13961255550384521,-0.03785051628940295,-0.101111501455307,-0.14411067962646484,-0.033788578957249626,-0.11599567532539368,-0.16352489590644836,-0.057485988736083016,-0.08016970753669739,-0.12538713216781616,-0.05198137685649584,-0.04986768960952759,-0.10541003942489624,-0.043549390882184014,-1.5002509716448575,-2.2140362984982715,1.0942712443088976,0.7982516015049821,0.6468371332826836,0.23033308142265863,0.1416741556949256,0.17828824379189612,0.22131660117668175,0.24174987973544573,0.27371120041171887,0.30224304059000917,0.040287100220948356,0.08251315204827635,0.04314738914220023,X
0.0,0.0,0.0,0.049927204847335815,-0.07026302814483643,-0.0374311442777433,0.08869510889053345,-0.1517517864704132,-0.057048753957442244,0.1176789402961731,-0.2223171591758728,-0.07475303218810936,0.09401944279670715,-0.26988697052001953,-0.08934633539169212,0.0015596747398376465,-0.27567359805107117,-0.023496297310284575,-0.04187783598899841,-0.35520607233047485,-0.05067103461473366,-0.0671958327293396,-0.3839762806892395,-0.06856145070045372,-0.09081998467445374,-0.4003393352031708,-0.07925824181287666,-0.04419979453086853,-0.24182304739952087,-0.021380803669980963,-0.08145937323570251,-0.26033082604408264,-0.057236072729519805,-0.04852485656738281,-0.1886504590511322,-0.06845285103767296,-0.015431404113769531,-0.15424221754074097,-0.06991632388084312,-0.07857948541641235,-0.19445982575416565,-0.02498624206631561,-0.10529579222202301,-0.19826537370681763,-0.06326019124238869,-0.06149798631668091,-0.14512252807617188,-0.06352374062984367,-0.026192456483840942,-0.12316441535949707,-0.056109775911263426,-0.10217593610286713,-0.14615070819854736,-0.03229275823681732,-0.12056407332420349,-0.15405216813087463,-0.05946451530902763,-0.08924871683120728,-0.11581897735595703,-0.05882328108995338,-0.05841973423957825,-0.09555321931838989,-0.0527177947863855,-1.5257569657719137,-2.2085246682170774,1.2534217684668303,0.937102039960226,0.8577783307742298,0.2262375596564205,0.15922687204444783,0.189679753588698,0.23158143168987375,0.2573853713805635,0.28460965126006427,0.306503430102134,0.03288814431566408,0.07274884905858402,0.042437902615066796,X
0.0,0.0,0.0,0.04802420735359192,-0.07102984189987183,-0.04269549364030922,0.08300217986106873,-0.148040771484375,-0.06580603981197441,0.11418727040290833,-0.21810054779052734,-0.0864260208028611,0.09456747770309448,-0.27061769366264343,-0.10304589682996834,-0.0013130903244018555,-0.27575576305389404,-0.024363872798090824,-0.044905781745910645,-0.35407307744026184,-0.05153896773040856,-0.06932434439659119,-0.3835065960884094,-0.06735367441356743,-0.09401342272758484,-0.39974600076675415,-0.07607268655479515,-0.04598662257194519,-0.24029803276062012,-0.01960042604983414,-0.07892158627510071,-0.26712939143180847,-0.04916214683831299,-0.046039849519729614,-0.1947978436946869,-0.052728672714835056,-0.014664113521575928,-0.17400670051574707,-0.049973615648156056,-0.07960709929466248,-0.1918381154537201,-0.021890125440364727,-0.10437989234924316,-0.20650765299797058,-0.056643621267681965,-0.06059727072715759,-0.15021392703056335,-0.04960470760047997,-0.027358591556549072,-0.13474375009536743,-0.03828343117416466,-0.10341227054595947,-0.14229542016983032,-0.028754216821795353,-0.12326030433177948,-0.15940189361572266,-0.05425418281734551,-0.08953210711479187,-0.12040573358535767,-0.04984048494875992,-0.05876213312149048,-0.10102725028991699,-0.0414683010596093,-1.47672347024928,-2.212786726220317,1.1293915348827681,0.8296871843220931,0.7460558790409448,0.22855387921192524,0.1458260076882829,0.18255874371180006,0.22862827480208264,0.23927921879947103,0.2732563986064,0.3007915313058791,0.041264137556643606,0.08526802148460381,0.046075858993099,X
0.0,0.0,0.0,0.04907962679862976,-0.06709063053131104,-0.04222124123605653,0.08579155802726746,-0.14583498239517212,-0.06454052084716722,0.11773380637168884,-0.21709424257278442,-0.08420126193794175,0.09826916456222534,-0.27013924717903137,-0.10038275325330659,0.002850264310836792,-0.2725529074668884,-0.026792221308078012,-0.040133506059646606,-0.3523114323616028,-0.05494534650477334,-0.06545388698577881,-0.3823499083518982,-0.0732300882938759,-0.09039109945297241,-0.4000599831342697,-0.08412272536786958,-0.04209953546524048,-0.23944300413131714,-0.02236970008942052,-0.07733207941055298,-0.2646400034427643,-0.055206116825665674,-0.044418007135391235,-0.1965414583683014,-0.06317198330196305,-0.012786865234375,-0.16963550448417664,-0.06344489806922837,-0.07697933912277222,-0.1930413842201233,-0.02448706382545396,-0.10203509032726288,-0.20401984453201294,-0.06081324869426652,-0.05840405821800232,-0.15140703320503235,-0.05800587365063592,-0.024797171354293823,-0.1328366994857788,-0.04942740181120797,-0.10162520408630371,-0.14515310525894165,-0.03101329186591073,-0.11881151795387268,-0.15668195486068726,-0.05758952030571862,-0.08656913042068481,-0.1196671724319458,-0.05603450590404435,-0.056790560483932495,-0.10108917951583862,-0.04977684894236489,-1.4707518933938941,-2.2021983198019477,1.1732472407030914,0.856660343473392,0.7767287488487571,0.22906787825759176,0.14978132076416253,0.184383601871141,0.2293936435656405,0.24314164088000667,0.2751560406883637,0.30085301666305503,0.03870916561234908,0.08145504196967139,0.04507196437079521,X
0.0,0.0,0.0,0.05222022533416748,-0.06705302000045776,-0.03256796443029941,0.09189572930335999,-0.15041771531105042,-0.05175740414425434,0.12293761968612671,-0.2181803286075592,-0.07050106444522442,0.10308519005775452,-0.26720377802848816,-0.08748086311980785,0.00520673394203186,-0.27235519886016846,-0.02344488122626842,-0.03598970174789429,-0.3475898206233978,-0.052142587985244404,-0.0623127818107605,-0.3805675804615021,-0.07217532911464275,-0.08786165714263916,-0.4013214260339737,-0.08479477980300487,-0.039064764976501465,-0.24086609482765198,-0.02543530942067207,-0.06885942816734314,-0.26406070590019226,-0.05919393294617237,-0.03715941309928894,-0.19797256588935852,-0.0706258244173199,-0.005004584789276123,-0.16844767332077026,-0.07381602146789135,-0.07365784049034119,-0.19285494089126587,-0.032670700486150395,-0.09774646162986755,-0.21188324689865112,-0.07020918049975933,-0.05508729815483093,-0.16080054640769958,-0.07057838657065929,-0.019661545753479004,-0.13769209384918213,-0.06439871111079754,-0.0990215390920639,-0.1414545774459839,-0.043189962889400135,-0.11687050759792328,-0.1601797342300415,-0.07181235172912181,-0.0846833884716034,-0.12489509582519531,-0.07160667100116314,-0.053668320178985596,-0.10279691219329834,-0.06630190977021755,-1.4752762911956077,-2.1959047576373445,1.1311694330124007,0.796084468550055,0.7058676231216258,0.23334147072968792,0.1464109546568272,0.17843776923979146,0.22715915236963244,0.2471749969994956,0.27230806080924785,0.3004764044921357,0.03406951971101648,0.08172014181764518,0.048725090144856764,X
0.0,0.0,0.0,0.050060272216796875,-0.07335007190704346,-0.036848825695736664,0.08627736568450928,-0.1539287567138672,-0.05554017174504544,0.11256122589111328,-0.2277022898197174,-0.07184218365214612,0.08818191289901733,-0.26794004440307617,-0.08487160253785397,-0.006064027547836304,-0.27194809913635254,-0.023739560800416726,-0.05025705695152283,-0.3563563823699951,-0.04729461792372014,-0.07334119081497192,-0.38673704862594604,-0.06228250760100629,-0.0953906774520874,-0.3993561118841171,-0.07146844762824323,-0.05115866661071777,-0.23668363690376282,-0.021118878680093545,-0.0875999927520752,-0.2654021084308624,-0.05422866839431073,-0.05305588245391846,-0.1977490484714508,-0.06388286996148373,-0.02036648988723755,-0.16455501317977905,-0.0647277732517555,-0.08428433537483215,-0.1884315013885498,-0.023884251075608987,-0.10583913326263428,-0.20148533582687378,-0.06065805006287839,-0.06043633818626404,-0.1533229947090149,-0.061733679207785386,-0.025271683931350708,-0.13358134031295776,-0.055467938366158265,-0.10642722249031067,-0.13944727182388306,-0.03010730940364148,-0.11872702836990356,-0.15263384580612183,-0.05709017935655858,-0.08622914552688599,-0.11742812395095825,-0.05764145154021527,-0.05636000633239746,-0.10017961263656616,-0.053095610174162644,-1.5540929799089918,-2.182264859518142,1.1673119841223387,0.7488573694008095,0.665093465682838,0.22576332456888568,0.14990403739889446,0.17585215380689456,0.22144057641179202,0.24649581065918763,0.2748688822985662,0.3017117349227127,0.03135967696694698,0.07375449424399229,0.04563068267601582,X
0.0,0.0,0.0,0.0496218204498291,-0.0780794620513916,-0.03606903196787137,0.08567297458648682,-0.15543892979621887,-0.05654814483141202,0.1167486310005188,-0.2258833944797516,-0.07510745169138211,0.09847709536552429,-0.2762550711631775,-0.09054745377516049,0.0013673603534698486,-0.27390992641448975,-0.02315943890725869,-0.04162949323654175,-0.35574156045913696,-0.0490578153870036,-0.06681299209594727,-0.38919854164123535,-0.06773192824339169,-0.0931907594203949,-0.40816934406757355,-0.07969764263843793,-0.042507171630859375,-0.24010807275772095,-0.021088278084151924,-0.0733015239238739,-0.2720557749271393,-0.051717892452233016,-0.040052175521850586,-0.20329973101615906,-0.06048985214447278,-0.00844922661781311,-0.17228609323501587,-0.06253789009069699,-0.07666569948196411,-0.1937732994556427,-0.024681041180246055,-0.1013142317533493,-0.21717944741249084,-0.05752816812609929,-0.05830392241477966,-0.16519126296043396,-0.05463269369220036,-0.02290290594100952,-0.1405935287475586,-0.04752499253963727,-0.09976284205913544,-0.1451970338821411,-0.0323131197831561,-0.11978049576282501,-0.16261741518974304,-0.05675639228438634,-0.08673369884490967,-0.12730830907821655,-0.05505627037500638,-0.054881751537323,-0.10682392120361328,-0.04976484940861958,-1.4652102410197012,-2.184398447507673,1.1054167972764524,0.779946479486804,0.7073868411666198,0.2326756152976321,0.1491401579196928,0.18203614698119414,0.22852975845607348,0.25064324328628207,0.27665357270584867,0.303770709526189,0.034832850726999556,0.08025755626400453,0.046508418155694634,X
0.0,0.0,0.0,0.050139278173446655,-0.06947207450866699,-0.039837307819805545,0.08770480751991272,-0.14527547359466553,-0.06070860434480707,0.12100684642791748,-0.21476703882217407,-0.07926804531522791,0.1024874746799469,-0.26826491951942444,-0.09444455016561548,0.0049352943897247314,-0.2764262557029724,-0.021374882721982402,-0.039524734020233154,-0.35480111837387085,-0.04751684475847284,-0.06492942571640015,-0.38397732377052307,-0.06605824042268793,-0.09022435545921326,-0.40189695358276367,-0.07768689055152933,-0.04097685217857361,-0.2428501546382904,-0.018021070921502513,-0.07483768463134766,-0.26964572072029114,-0.04746782738872568,-0.0411660373210907,-0.19961237907409668,-0.05566158477374117,-0.00956454873085022,-0.17178770899772644,-0.05714423168607752,-0.0767083466053009,-0.19413158297538757,-0.021070357003889484,-0.10098646581172943,-0.20769339799880981,-0.05409257073112528,-0.056942492723464966,-0.1537395417690277,-0.050536550173244876,-0.02309209108352661,-0.13392138481140137,-0.04259338934131662,-0.10109387338161469,-0.14292430877685547,-0.028489715942821903,-0.12032383680343628,-0.15858525037765503,-0.05279345397063295,-0.08796864748001099,-0.12209439277648926,-0.04980898235150377,-0.057904452085494995,-0.1028335690498352,-0.043207972833595676,-1.451175568433941,-2.2196653178987606,1.1545832712379074,0.843263282864875,0.7482073997250542,0.2345109165976927,0.14786313976276122,0.1838978321111708,0.23041940432551017,0.24383656178873866,0.27625648658183977,0.30080472755988513,0.040210109543338986,0.08421056746210517,0.046672826862709425,X
0.0,0.0,0.0,0.04983079433441162,-0.06866109371185303,-0.03690673976915804,0.08523115515708923,-0.15079832077026367,-0.056798996476111085,0.11548146605491638,-0.22005143761634827,-0.0751756300010058,0.09485408663749695,-0.2678646743297577,-0.09025073244946924,-0.0011426806449890137,-0.27628692984580994,-0.02260321385937658,-0.04462704062461853,-0.355109304189682,-0.04985073402303186,-0.06868100166320801,-0.38428640365600586,-0.06671247824805704,-0.09177345037460327,-0.39774566888809204,-0.07628072246688333,-0.046901196241378784,-0.2415987253189087,-0.02097488760727373,-0.08012658357620239,-0.2615620493888855,-0.05367755338328806,-0.04858091473579407,-0.19102075695991516,-0.061205783931193025,-0.017343610525131226,-0.16572290658950806,-0.060538394448933275,-0.08119115233421326,-0.19230765104293823,-0.02545820556360212,-0.10381242632865906,-0.20075330138206482,-0.06284085109609094,-0.06041648983955383,-0.14669346809387207,-0.06048414677160707,-0.026695579290390015,-0.13004618883132935,-0.051527472285208376,-0.10441377758979797,-0.14199286699295044,-0.033664519039568574,-0.11897626519203186,-0.15329837799072266,-0.06118903502601114,-0.0855054259300232,-0.11518967151641846,-0.059459792522368105,-0.05450543761253357,-0.09724819660186768,-0.052523536679920824,-1.488780062067813,-2.2118517871359624,1.1993290665882166,0.8518135817551284,0.7308985108719995,0.22737394379889908,0.15172759790394075,0.18376141116203212,0.22675592595667052,0.24366855210445862,0.2754961722556496,0.3027996625256441,0.03688207572497947,0.07790883968052308,0.043001122243280177,X
0.0,0.0,0.0,0.04820656776428223,-0.07214868068695068,-0.0365324122229822,0.0859043300151825,-0.15163522958755493,-0.05502037232315615,0.11688622832298279,-0.2235633134841919,-0.07156458770430163,0.09590566158294678,-0.2708495259284973,-0.08467263256704882,0.0013823211193084717,-0.27708080410957336,-0.018976244084001337,-0.04165467619895935,-0.3567114770412445,-0.04423459892666415,-0.0663025975227356,-0.3863169550895691,-0.06298090790903643,-0.08975169062614441,-0.40581369400024414,-0.07495073502457217,-0.04367232322692871,-0.24294763803482056,-0.016193498797179018,-0.07639521360397339,-0.27003633975982666,-0.047773430995107447,-0.04280892014503479,-0.20133981108665466,-0.05887332086956576,-0.011077523231506348,-0.17199203372001648,-0.06160012160933093,-0.07814100384712219,-0.1960376799106598,-0.019156816355348383,-0.10295748710632324,-0.2163354754447937,-0.05350258474743441,-0.05863878130912781,-0.16432619094848633,-0.05385496368205622,-0.02233371138572693,-0.14044404029846191,-0.047781842700601374,-0.10117550194263458,-0.14698868989944458,-0.025996548063517366,-0.11683264374732971,-0.16389179229736328,-0.05160649766719416,-0.08373096585273743,-0.12845957279205322,-0.05179696803486422,-0.05086520314216614,-0.10741019248962402,-0.046923032901645456,-1.4870985924230768,-2.1868253440131418,1.1401785679924274,0.7834802926645397,0.6665708625825302,0.2295299089282032,0.1456647026523354,0.17602880446799182,0.21966816439143064,0.24670264171962514,0.273799629347202,0.3009265834429392,0.03349593498754238,0.07585429249146511,0.04364952603299631,X
0.0,0.0,0.0,0.04948887228965759,-0.07104986906051636,-0.03763284466661698,0.08475160598754883,-0.15098410844802856,-0.05860958925880677,0.11377036571502686,-0.22118470072746277,-0.07815595648683793,0.0944066047668457,-0.27013736963272095,-0.09475531361498124,0.0021210014820098877,-0.2754029631614685,-0.022966883401053018,-0.0408133864402771,-0.35547447204589844,-0.05072152919568307,-0.06589755415916443,-0.3862288296222687,-0.06958085230983979,-0.08987122774124146,-0.4038044810295105,-0.08122248135008103,-0.04247772693634033,-0.24171140789985657,-0.021611842582600183,-0.07821515202522278,-0.2684468626976013,-0.055990859190599984,-0.045544058084487915,-0.20116320252418518,-0.06614506177105195,-0.012615174055099487,-0.17114496231079102,-0.06766546450056321,-0.0769771933555603,-0.19416573643684387,-0.026353731075899667,-0.10398533940315247,-0.2103481888771057,-0.06379273466266877,-0.05953723192214966,-0.15794700384140015,-0.0628105320731569,-0.023340076208114624,-0.13568025827407837,-0.05525481260813958,-0.10127952694892883,-0.1444684863090515,-0.03504336557783372,-0.12099996209144592,-0.15949061512947083,-0.06272903017200715,-0.08902513980865479,-0.12335759401321411,-0.06241324476398713,-0.05743759870529175,-0.10355186462402344,-0.05698871544994599,-1.4899428917178188,-2.19247211110791,1.1704653073273519,0.8286128473508416,0.750898447761407,0.22765152365631197,0.14578462830355005,0.1787260352481683,0.22540495249015863,0.2451508708562591,0.2762553039355597,0.3019992946196765,0.03705089416739319,0.08110410967648352,0.04684949006102831,X
0.0,0.0,0.0,0.05176696181297302,-0.07537752389907837,-0.03636412424183888,0.0902383029460907,-0.15195965766906738,-0.05578137663341565,0.12151098251342773,-0.22062447667121887,-0.07373972338772816,0.10205861926078796,-0.27261286973953247,-0.08854238790608449,0.008765459060668945,-0.2723616659641266,-0.019573223862419553,-0.035792648792266846,-0.3535553216934204,-0.047824380073318906,-0.06274741888046265,-0.38582611083984375,-0.06913193416930241,-0.08991536498069763,-0.4083007574081421,-0.08281531286574406,-0.03689223527908325,-0.2398815155029297,-0.01779141751266522,-0.07198229432106018,-0.27350327372550964,-0.051532798532019086,-0.036831796169281006,-0.20490241050720215,-0.06357909095622105,-0.003934353590011597,-0.17219769954681396,-0.06726272505856556,-0.07288703322410583,-0.19473674893379211,-0.022049910474191137,-0.10196536779403687,-0.22121059894561768,-0.05843680453635258,-0.05609893798828125,-0.16630089282989502,-0.057981670919428296,-0.01911035180091858,-0.13918739557266235,-0.051454742524395414,-0.09800377488136292,-0.14705324172973633,-0.030275196853647657,-0.11896339058876038,-0.1631639003753662,-0.057685726407537885,-0.08594086766242981,-0.12597274780273438,-0.05785720151997609,-0.05392962694168091,-0.10456079244613647,-0.053130564365158506,-1.4731386241294562,-2.198706895731655,1.1176521021108456,0.8016112878742321,0.7671287300684462,0.2350855450373744,0.1460058789863715,0.18023394992288996,0.22928984634289323,0.2512715428599803,0.27827208162117617,0.3058642503747915,0.03633168163137156,0.08410873057925564,0.049105840440929645,X
0.0,0.0,0.0,0.04928320646286011,-0.07648253440856934,-0.03422407119239246,0.0846564769744873,-0.15234434604644775,-0.054590393441566576,0.1119128167629242,-0.2240588665008545,-0.07384666113818561,0.09199258685112,-0.2707446217536926,-0.0905102348204938,0.0010276734828948975,-0.26854145526885986,-0.021796497168788065,-0.03971374034881592,-0.3502897620201111,-0.049415894436487307,-0.06521844863891602,-0.38255220651626587,-0.07117521821225559,-0.09195679426193237,-0.4040027856826782,-0.08571840136016284,-0.04304090142250061,-0.23601511120796204,-0.021497376846918215,-0.07253807783126831,-0.2658686935901642,-0.05604674352968608,-0.0386272668838501,-0.1963995397090912,-0.06926538853610431,-0.0069010257720947266,-0.16335755586624146,-0.07392205356324588,-0.07807028293609619,-0.18952158093452454,-0.026394557791599382,-0.10154035687446594,-0.2184896469116211,-0.06190162210429584,-0.05874893069267273,-0.16674238443374634,-0.06126637815202152,-0.022416502237319946,-0.13927620649337769,-0.05502935184801494,-0.10193276405334473,-0.1395934820175171,-0.03508930711711322,-0.11965644359588623,-0.1588902771472931,-0.06099766923750316,-0.08610224723815918,-0.12604159116744995,-0.06020942388738071,-0.053328871726989746,-0.10574305057525635,-0.05538606329525386,-1.5089151914034358,-2.1723554607088276,1.1092307961244177,0.7343712086559353,0.608342910724195,0.22714557681275543,0.14598605596969264,0.1742796140605814,0.21987233753844942,0.2552344224175151,0.27370789894363184,0.3007507040485774,0.028646839224614012,0.07399308143290434,0.045607533733966636,X
0.0,0.0,0.0,0.05148196220397949,-0.0706092119216919,-0.034339388186903186,0.08878099918365479,-0.14942646026611328,-0.054419179732771106,0.11859700083732605,-0.21829068660736084,-0.07371579604861278,0.09860548377037048,-0.2678496837615967,-0.09062169241425533,0.003505200147628784,-0.2727311849594116,-0.022110407526464648,-0.039125025272369385,-0.35229387879371643,-0.05016668262598056,-0.06437194347381592,-0.3828495442867279,-0.07030957686421413,-0.08964201807975769,-0.40070319175720215,-0.08299661176917095,-0.04137599468231201,-0.2394016981124878,-0.022566004942031093,-0.07242301106452942,-0.2629132568836212,-0.05677953484174747,-0.039660751819610596,-0.1947561800479889,-0.06845429288861293,-0.008792579174041748,-0.1629115343093872,-0.07172228890177745,-0.07616573572158813,-0.19137439131736755,-0.028536037827701755,-0.0990925282239914,-0.20473641157150269,-0.06501256423708934,-0.055357784032821655,-0.152583509683609,-0.06462281691548366,-0.020943403244018555,-0.1288461685180664,-0.05803278210279483,-0.10079744458198547,-0.1409388780593872,-0.038159777696104236,-0.11799381673336029,-0.15542829036712646,-0.06453022855040569,-0.0860065221786499,-0.12031173706054688,-0.06348545598504085,-0.05577188730239868,-0.10011374950408936,-0.05799203115221996,-1.488025076917203,-2.19998434431628,1.168094403714835,0.8473642142429537,0.7365100067568424,0.2304065462167957,0.15015445093191937,0.18334097642490482,0.22796428742366268,0.2511603155817974,0.28040281875329504,0.30249165038544923,0.036167549987191794,0.07842587053180602,0.0451505836529229,X
0.0,0.0,0.0,0.0520285964012146,-0.06916642189025879,-0.03267542308229565,0.08951744437217712,-0.1467224359512329,-0.05044036394018292,0.11899963021278381,-0.21643343567848206,-0.06686984410542607,0.09872204065322876,-0.2631126642227173,-0.0809078555371201,0.005782365798950195,-0.2678648829460144,-0.023557752725068326,-0.03722307085990906,-0.3517732620239258,-0.051664393749419446,-0.06398394703865051,-0.38364875316619873,-0.07285466453093647,-0.08981707692146301,-0.4031652808189392,-0.08657863399047017,-0.03822964429855347,-0.23452717065811157,-0.023289824258867498,-0.07367593050003052,-0.2650948166847229,-0.056675579753104444,-0.042780548334121704,-0.19747960567474365,-0.06833964994210362,-0.010830521583557129,-0.1634526252746582,-0.07224598934907078,-0.07297888398170471,-0.18787109851837158,-0.028147381153289075,-0.10073858499526978,-0.21112340688705444,-0.06322709878939747,-0.059586524963378906,-0.1581050157546997,-0.06268190255421757,-0.023509174585342407,-0.1306667923927307,-0.05665771326083302,-0.09686940908432007,-0.1387590765953064,-0.03650853073257565,-0.11804451048374176,-0.15671342611312866,-0.06234910002011418,-0.08610153198242188,-0.12055665254592896,-0.061730470862570996,-0.05304279923439026,-0.09774130582809448,-0.05687487160820126,-1.491876654836158,-2.1859192768677587,1.2028535058330625,0.8577783495913549,0.7523044737374921,0.23486535349278698,0.14810093603949132,0.18022868512948526,0.22445545839519568,0.2523906360232867,0.2804499315506869,0.30762989451386885,0.03515194275856395,0.0781015613664629,0.04423033631376646,X
0.0,0.0,0.0,0.053895652294158936,-0.07029467821121216,-0.029869454863062472,0.0940784215927124,-0.15245705842971802,-0.04698103381930885,0.1234966516494751,-0.22050559520721436,-0.06347489445149002,0.10135045647621155,-0.2655804455280304,-0.07757552801310119,0.005544781684875488,-0.2775816321372986,-0.01936722634970245,-0.03689020872116089,-0.3551501929759979,-0.0459711634987503,-0.0603291392326355,-0.38564610481262207,-0.06469914405285415,-0.08403280377388,-0.40176478028297424,-0.07633120654760894,-0.039554446935653687,-0.244731605052948,-0.021155293049803348,-0.06798836588859558,-0.26860952377319336,-0.051716525989165874,-0.03617274761199951,-0.200381338596344,-0.061531704800716014,-0.006914019584655762,-0.17271548509597778,-0.06427726982771453,-0.07419764995574951,-0.195323646068573,-0.02799415862797794,-0.09671181440353394,-0.21207082271575928,-0.0625361510986,-0.05363929271697998,-0.16019147634506226,-0.061979998784652324,-0.02075675129890442,-0.13979125022888184,-0.05592500134049949,-0.09884229302406311,-0.14285659790039062,-0.037841805207124324,-0.11593033373355865,-0.1620866060256958,-0.06299614249407348,-0.0851011872291565,-0.1271461844444275,-0.06123986183344421,-0.05711418390274048,-0.10801798105239868,-0.055581939356914134,-1.5066005602212755,-2.1956976902500696,1.1452531133341857,0.8045885571552599,0.695659591837664,0.2300285334770445,0.1426362424237992,0.17530856181214505,0.22346581944911686,0.24168344275205114,0.26950693732410363,0.2949776163609283,0.035715913300605404,0.08188909284533344,0.04828460976029252,X
0.0,0.0,0.0,0.053996503353118896,-0.06342446804046631,-0.03134706330026482,0.09400251507759094,-0.14722663164138794,-0.04811684500898217,0.1227501630783081,-0.2166491150856018,-0.06377555516089295,0.09957841038703918,-0.2563108205795288,-0.07734804686631058,0.003725111484527588,-0.27194809913635254,-0.023177810874832616,-0.03867584466934204,-0.353561133146286,-0.04923629474366997,-0.06203770637512207,-0.38400620222091675,-0.06780200537766312,-0.08412966132164001,-0.39773207902908325,-0.07941370543564652,-0.041218191385269165,-0.23911044001579285,-0.023433583718789563,-0.06887060403823853,-0.26101237535476685,-0.05603478935088013,-0.03721317648887634,-0.19275543093681335,-0.06702233937109803,-0.007604122161865234,-0.15913569927215576,-0.06985657003249024,-0.07565528154373169,-0.19075897336006165,-0.028390019130958066,-0.0968346893787384,-0.20620042085647583,-0.06347059544648026,-0.055136680603027344,-0.15408682823181152,-0.06398984876002167,-0.02136322855949402,-0.12947332859039307,-0.05820071410859917,-0.09994956851005554,-0.1405467987060547,-0.03642364677513932,-0.11716169118881226,-0.1579023003578186,-0.062172279623402105,-0.08701744675636292,-0.12168300151824951,-0.06160073440994118,-0.05721411108970642,-0.09995156526565552,-0.05649658378685807,-1.5197252528320864,-2.180486352242015,1.1729060606895945,0.8458343467950882,0.7597203062965866,0.2318375033345056,0.14467584278206097,0.17525589691981172,0.22143195684757144,0.2505681355974981,0.27550386978881525,0.2989944501516687,0.03269815351550549,0.07722637321226411,0.04644157930127816,X
0.0,0.0,0.0,0.05356296896934509,-0.07056766748428345,-0.025589200681899626,0.09233787655830383,-0.1506187915802002,-0.03927288857743605,0.12298870086669922,-0.2192060947418213,-0.05259612855956419,0.10360166430473328,-0.26081958413124084,-0.06373409835145338,0.00978076457977295,-0.2691633701324463,-0.017898916280721267,-0.03147271275520325,-0.3559255003929138,-0.04539436755225523,-0.05711272358894348,-0.3878340423107147,-0.0677093481783615,-0.08222857117652893,-0.4062311351299286,-0.0822005784277664,-0.03406572341918945,-0.23851552605628967,-0.020090828663562377,-0.06280815601348877,-0.27178260684013367,-0.052483375198100646,-0.03329631686210632,-0.20730334520339966,-0.06594164577767714,-0.0034828484058380127,-0.1741337776184082,-0.07134707180306776,-0.06919127702713013,-0.19430053234100342,-0.0267009800438629,-0.09077531099319458,-0.22555726766586304,-0.06101777312800749,-0.05147853493690491,-0.17300403118133545,-0.06291796920344694,-0.015849649906158447,-0.14578545093536377,-0.05854071212456091,-0.09425157308578491,-0.1464751958847046,-0.03610879836127623,-0.11001671850681305,-0.16626769304275513,-0.06181341317937239,-0.07885465025901794,-0.1317906379699707,-0.06275767741248472,-0.046256303787231445,-0.11083000898361206,-0.05906766188785895,-1.4689385582135577,-2.1619783676003728,1.1273284170323015,0.738047938391648,0.6388006345970577,0.23596058056985986,0.13777344415104373,0.16583566644975975,0.212024251569528,0.24509196685837956,0.2687714932886169,0.29758331497185647,0.03092839156950999,0.07639984037046056,0.0463297692880685,X
0.0,0.0,0.0,0.05532345175743103,-0.06611168384552002,-0.029344954356226083,0.09327623248100281,-0.14749324321746826,-0.04667439201441681,0.12197244167327881,-0.2151188850402832,-0.06385914498535072,0.10289275646209717,-0.25779417157173157,-0.07924989128080284,0.005926758050918579,-0.26996758580207825,-0.024484195574792977,-0.03520774841308594,-0.3568493127822876,-0.05382601061430847,-0.05968013405799866,-0.38749343156814575,-0.07532812917200005,-0.08288130164146423,-0.4015669524669647,-0.08877504879203713,-0.0373615026473999,-0.2393195927143097,-0.026818294837745782,-0.06639781594276428,-0.26472654938697815,-0.0632643502351371,-0.03660082817077637,-0.1997029185295105,-0.07728366816011345,-0.00631299614906311,-0.16469615697860718,-0.08188439422813332,-0.07204344868659973,-0.1932516098022461,-0.033722846597108,-0.0934019386768341,-0.21454784274101257,-0.07121192926135933,-0.05353787541389465,-0.16515779495239258,-0.07351799571481621,-0.018317997455596924,-0.13961362838745117,-0.06851714366641914,-0.09714925289154053,-0.1432795524597168,-0.04362760373917496,-0.11168478429317474,-0.15979838371276855,-0.07117437833515083,-0.07991436123847961,-0.12693637609481812,-0.07228188478914177,-0.04722735285758972,-0.10712540149688721,-0.06807929539647972,-1.4838317909663616,-2.164433681370106,1.1765144757268242,0.7845834558690126,0.6267929594788558,0.2349097979876832,0.14350308959932376,0.1692887700133336,0.2126902101602729,0.24893870563105483,0.26979244660239005,0.29659236504257475,0.027807432403874274,0.0706284395382522,0.04348834000340199,X
0.0,0.0,0.0,0.05254209041595459,-0.05792236328125,-0.03155085593620299,0.09013140201568604,-0.13908934593200684,-0.049132169784698476,0.12054997682571411,-0.20382386445999146,-0.06568380966940879,0.10388356447219849,-0.24645423889160156,-0.07978419736186027,0.0006968677043914795,-0.26517707109451294,-0.02830667570391654,-0.04122072458267212,-0.3478702902793884,-0.056167805196437826,-0.06386783719062805,-0.38050079345703125,-0.07388545349398612,-0.08474323153495789,-0.39482176303863525,-0.08455244973460196,-0.044325679540634155,-0.23642376065254211,-0.029225792364869108,-0.07300448417663574,-0.2518480122089386,-0.06399996355334281,-0.0433199405670166,-0.18759208917617798,-0.0738937236384487,-0.014857232570648193,-0.16048437356948853,-0.07553881183424949,-0.07891368865966797,-0.19225889444351196,-0.0347602643088436,-0.09744063019752502,-0.19536742568016052,-0.07232760414639472,-0.05795016884803772,-0.14703458547592163,-0.07189148441115378,-0.025649547576904297,-0.13251936435699463,-0.06515387967387198,-0.10406172275543213,-0.14522379636764526,-0.043350519241485586,-0.11510246992111206,-0.14859014749526978,-0.07082403227845191,-0.08465930819511414,-0.11193817853927612,-0.06989034041920661,-0.05668240785598755,-0.09839928150177002,-0.06416684165755271,-1.4434019306931078,-2.1534952814939916,1.2006320101242542,0.8426380335498759,0.7795088739624179,0.23998539620869852,0.14659534312478265,0.17251081923271375,0.21840719282432214,0.2445364286858996,0.268876573613018,0.2977477076083298,0.02997525318407051,0.07485922751876649,0.04612177870755307,X
0.0,0.0,0.0,0.051972150802612305,-0.05618053674697876,-0.03400646161466625,0.08970087766647339,-0.13498663902282715,-0.053485624605713156,0.11863264441490173,-0.19602781534194946,-0.07157115277081516,0.10591095685958862,-0.24161911010742188,-0.08698141213685062,7.149577140808105e-05,-0.26104703545570374,-0.03218529012232807,-0.040522485971450806,-0.34386566281318665,-0.0632131063583472,-0.06150859594345093,-0.3745861351490021,-0.08264995005160358,-0.08031100034713745,-0.3875587582588196,-0.0940135755780318,-0.045998960733413696,-0.2326316237449646,-0.03260314103394535,-0.07155659794807434,-0.24397575855255127,-0.06860921170741108,-0.042061567306518555,-0.17618167400360107,-0.07722221698790577,-0.014840275049209595,-0.15128928422927856,-0.0778814071062186,-0.08193144202232361,-0.18858468532562256,-0.03814423840671566,-0.09740912914276123,-0.18920153379440308,-0.07702664669781711,-0.06027534604072571,-0.13682764768600464,-0.07317839946776417,-0.03083708882331848,-0.12640118598937988,-0.06395070638686207,-0.10857394337654114,-0.1418212652206421,-0.04704908665448215,-0.11897221207618713,-0.14213025569915771,-0.07493619259625461,-0.0875561535358429,-0.10274636745452881,-0.07139287527829197,-0.060801178216934204,-0.09126418828964233,-0.06360029813080814,-1.419933149845486,-2.136822173508954,1.204981480025705,0.8829805713341383,0.813706639420633,0.2365945862619377,0.1507989968490111,0.17881610116587748,0.2244984153543258,0.24517275588701262,0.2658024557357104,0.2969361974444541,0.02958573110339455,0.07560037541279468,0.0461785151400514,X
0.0,0.0,0.0,0.06233459711074829,-0.05329233407974243,-0.031241959758688154,0.1002567708492279,-0.13718950748443604,-0.04704072778730506,0.12907883524894714,-0.19654017686843872,-0.06078586807160491,0.12208506464958191,-0.23998472094535828,-0.07095631664304847,0.011337369680404663,-0.2680206894874573,-0.03599292492179984,-0.03118237853050232,-0.3483123183250427,-0.06523489659338111,-0.05326282978057861,-0.37313371896743774,-0.08166533415823096,-0.07353201508522034,-0.38473379611968994,-0.09118800317554587,-0.036872297525405884,-0.24420630931854248,-0.03592682337074393,-0.06037822365760803,-0.23654362559318542,-0.0676739037564289,-0.03314712643623352,-0.16829532384872437,-0.07263502930908317,-0.007581174373626709,-0.14925342798233032,-0.07233494227438086,-0.07471147179603577,-0.2012169361114502,-0.040291336231518926,-0.0867813229560852,-0.18412655591964722,-0.07490998958854789,-0.052532047033309937,-0.13270318508148193,-0.0685625568559658,-0.023582398891448975,-0.12913841009140015,-0.05920555894880408,-0.10132920742034912,-0.15526318550109863,-0.048055206291962804,-0.11004537343978882,-0.14030343294143677,-0.07330394988565558,-0.08281758427619934,-0.1019895076751709,-0.06899945890216941,-0.05905944108963013,-0.09655171632766724,-0.061146856152106466,-1.3615569686163282,-2.199520460831189,1.2715774262425494,0.9538211463784079,0.9468012221558042,0.24334817987360477,0.15825770459970243,0.18304620882282668,0.23105488259970183,0.2445414426404498,0.26043034676637733,0.2885452590345466,0.02570317355546193,0.07367144871261347,0.048171704698742344,X
0.0,0.0,0.0,0.06060662865638733,-0.057954370975494385,-0.026432593358819645,0.09807437658309937,-0.1442166566848755,-0.03976007458395259,0.12883776426315308,-0.2036759853363037,-0.05194438156313197,0.12729716300964355,-0.24735301733016968,-0.06068434473699824,0.012662649154663086,-0.2765101194381714,-0.029408727778260868,-0.02999943494796753,-0.35589051246643066,-0.056143487809364956,-0.05097690224647522,-0.37975066900253296,-0.07068107929653422,-0.07109981775283813,-0.39271360635757446,-0.07913794275945918,-0.034019649028778076,-0.25116077065467834,-0.031688733963434856,-0.0562359094619751,-0.24320438504219055,-0.06107594352788226,-0.0287494957447052,-0.17239004373550415,-0.06526826229519145,-0.003872901201248169,-0.15631145238876343,-0.06471576449102656,-0.07150867581367493,-0.20706093311309814,-0.038175540981953304,-0.08453670144081116,-0.18975740671157837,-0.07098603156036631,-0.0482824444770813,-0.13629937171936035,-0.06415986177152888,-0.01819857954978943,-0.1339375376701355,-0.05480731186098353,-0.0990300178527832,-0.15992498397827148,-0.04767162260240809,-0.11075600981712341,-0.14519202709197998,-0.07068690565056102,-0.08388608694076538,-0.10725432634353638,-0.06505726185268657,-0.06102141737937927,-0.1031145453453064,-0.056645746348564785,-1.2946919693515813,-2.1953630032325533,1.2630554976426667,0.9408431906680996,0.9811506872287283,0.24594930944823284,0.15966888329311302,0.18447786352144374,0.2372100851993124,0.24577517512988956,0.2641279892944741,0.28977437825535074,0.026567218898151522,0.0780760130920651,0.05276222413465741,X
0.0,0.0,0.0,0.06770101189613342,-0.05040085315704346,-0.028998660378348973,0.10502782464027405,-0.13011199235916138,-0.04559147775937333,0.1331767737865448,-0.18336164951324463,-0.06121604562569871,0.13673195242881775,-0.23316162824630737,-0.07362256244589105,0.02307841181755066,-0.26926738023757935,-0.03772372052837625,-0.02588823437690735,-0.3458128273487091,-0.0677107428090693,-0.04871127009391785,-0.3660682141780853,-0.08564846263099923,-0.06967294216156006,-0.37979447841644287,-0.09709781453777566,-0.024906635284423828,-0.2463664412498474,-0.040547453321707394,-0.0482729971408844,-0.2362024188041687,-0.07528892949987664,-0.023108631372451782,-0.16964799165725708,-0.08471165642906442,-0.002058655023574829,-0.1488768458366394,-0.08852606312204614,-0.06308731436729431,-0.20157289505004883,-0.04688618750144258,-0.07771539688110352,-0.1805030107498169,-0.08138603762556329,-0.04577884078025818,-0.12947165966033936,-0.07463029817510858,-0.01896551251411438,-0.12266802787780762,-0.066190451838267,-0.08936050534248352,-0.151450514793396,-0.056583613611948635,-0.1013132631778717,-0.1356440782546997,-0.08113610044885888,-0.07442566752433777,-0.09900271892547607,-0.07497837439943567,-0.05067318677902222,-0.09068727493286133,-0.06638706520963922,-1.2723280010507412,-2.2689710669277035,1.340587859831847,1.0609346029596858,1.0038351846786806,0.25318801958205367,0.1623784384173256,0.190920235470338,0.23541373696875578,0.24061306045482864,0.2620787190674739,0.28973085063674753,0.03118884366251171,0.07582479053559739,0.04503493273243771,X
0.0,0.0,0.0,0.06895712018013,-0.05360531806945801,-0.02973095565318573,0.10976088047027588,-0.13055121898651123,-0.04733694209932793,0.1403520107269287,-0.18409889936447144,-0.06372956796764839,0.1389949917793274,-0.23422247171401978,-0.07739688321232308,0.024190902709960938,-0.2667964994907379,-0.038640482865567094,-0.020451784133911133,-0.3399848937988281,-0.06975950910925377,-0.04231107234954834,-0.3613893985748291,-0.08978422596334923,-0.06386733055114746,-0.37961745262145996,-0.10280743851541985,-0.0225946307182312,-0.24293184280395508,-0.04124916955112923,-0.04487684369087219,-0.23161828517913818,-0.07505474104761589,-0.018877148628234863,-0.16967660188674927,-0.08590699597477425,0.0031824707984924316,-0.15399956703186035,-0.0917144031751107,-0.061527907848358154,-0.19970262050628662,-0.04755261405586708,-0.07735806703567505,-0.1781182885169983,-0.08157905056356896,-0.04448205232620239,-0.13009679317474365,-0.07702558352827538,-0.017203986644744873,-0.12504887580871582,-0.07065997137903679,-0.08967843651771545,-0.15225505828857422,-0.05718766763090599,-0.1040472686290741,-0.13604837656021118,-0.08158299937128533,-0.07852554321289062,-0.10174131393432617,-0.07681008293508995,-0.05579257011413574,-0.09393471479415894,-0.06962925060867775,-1.295944550200495,-2.2335415615862293,1.2886764297829902,1.0350023186262836,1.0444421860447377,0.2495853006376545,0.15773634739910955,0.19057018366895276,0.24004759738436396,0.23537014712776944,0.2588100229222068,0.2857968307182876,0.03540833474455956,0.08417744308888855,0.04956984758715643,X
0.0,0.0,0.0,0.07147935032844543,-0.04968559741973877,-0.027560134269037917,0.11314377188682556,-0.1304759383201599,-0.04309976737920351,0.14274534583091736,-0.18587660789489746,-0.057127225063482,0.14939674735069275,-0.23420321941375732,-0.06795076917831011,0.03066551685333252,-0.2644542455673218,-0.04183457311216898,-0.013018101453781128,-0.34093326330184937,-0.07153423767510958,-0.038637250661849976,-0.3602912127971649,-0.08934051435414858,-0.06489905714988708,-0.37383928894996643,-0.10063618313495226,-0.016476839780807495,-0.24812763929367065,-0.044275632910171225,-0.04105865955352783,-0.2232503890991211,-0.07501841228429385,-0.014045953750610352,-0.16314929723739624,-0.08431926261607714,0.009977102279663086,-0.14488005638122559,-0.09001053016606875,-0.05577835440635681,-0.2082606554031372,-0.04980094622794695,-0.07321712374687195,-0.17142826318740845,-0.08088558804217882,-0.038233667612075806,-0.12619829177856445,-0.07675378661576815,-0.006423264741897583,-0.12194126844406128,-0.07189584415380068,-0.08290061354637146,-0.1620025634765625,-0.05858777727905817,-0.10052740573883057,-0.131006121635437,-0.08215584497872896,-0.07477578520774841,-0.09583079814910889,-0.07860394459191866,-0.049817800521850586,-0.08843058347702026,-0.07268823575202532,-1.2345645134739083,-2.2888629282841793,1.3199735640961303,1.0513906501016996,1.14822024583689,0.25577514293236503,0.1655791801099043,0.19204848815873932,0.24685237991967252,0.24089161344759633,0.25859627033763594,0.2858068814098492,0.028198582064850167,0.08223121908499885,0.0548274725162294,X
0.0,0.0,0.0,0.06908288598060608,-0.05051761865615845,-0.02791146995228644,0.10797414183616638,-0.13152986764907837,-0.04597831206125136,0.1379401981830597,-0.1876489520072937,-0.0629503323296916,0.1463821828365326,-0.2340293526649475,-0.07622600780528899,0.027163326740264893,-0.27014511823654175,-0.04402967231077071,-0.020935893058776855,-0.3439573049545288,-0.07516213195127364,-0.04305917024612427,-0.362626314163208,-0.09215867953103896,-0.06490626931190491,-0.3737452030181885,-0.10274798111719008,-0.022908836603164673,-0.25299298763275146,-0.04756303937834616,-0.04202190041542053,-0.22503715753555298,-0.08059515492719527,-0.014453083276748657,-0.161235511302948,-0.08778021918338652,0.00584527850151062,-0.14904463291168213,-0.0908463342646968,-0.06257984042167664,-0.21063768863677979,-0.054115106032313065,-0.07226327061653137,-0.17085307836532593,-0.08541009263795729,-0.038219600915908813,-0.1250770092010498,-0.07701332555812712,-0.012428343296051025,-0.12769633531570435,-0.06903125034374114,-0.08935904502868652,-0.15988248586654663,-0.06424231515926238,-0.09676328301429749,-0.12605410814285278,-0.08654910014671202,-0.06827160716056824,-0.09267717599868774,-0.0800372703532588,-0.04602235555648804,-0.09103834629058838,-0.07176784859699126,-1.2122760008700437,-2.297334222768038,1.3009253434491177,1.0269558239429637,1.0089748437100634,0.2533048141098226,0.1642346616022701,0.19112167273520414,0.2397205337433224,0.23557616119671998,0.25158294460594893,0.2833368473028558,0.02810115769584504,0.07781375681936287,0.0497228902933037,X
0.0,0.0,0.0,0.06783205270767212,-0.04679584503173828,-0.02472186229921647,0.11035796999931335,-0.12706202268600464,-0.03839033797181912,0.142635315656662,-0.1836192011833191,-0.051403581647051055,0.14802035689353943,-0.23188936710357666,-0.06263593166865178,0.028129398822784424,-0.26347142457962036,-0.03471426248349019,-0.014143437147140503,-0.3434853255748749,-0.06061147108472653,-0.03974345326423645,-0.3638448119163513,-0.07706644713677235,-0.06494534015655518,-0.37262988090515137,-0.08772629082001515,-0.017304331064224243,-0.24269992113113403,-0.03862140282787152,-0.04330068826675415,-0.23432928323745728,-0.06860008418358632,-0.020090311765670776,-0.17586475610733032,-0.08038419812716313,0.005453556776046753,-0.15160173177719116,-0.08713532566822835,-0.05523386597633362,-0.20039767026901245,-0.04521990522540875,-0.07510337233543396,-0.18081313371658325,-0.0768749895671732,-0.040468305349349976,-0.13735568523406982,-0.07689113497532674,-0.006227821111679077,-0.12638723850250244,-0.07437790512837239,-0.08255288004875183,-0.1537606120109558,-0.05433668896354504,-0.1048872172832489,-0.13736730813980103,-0.07930881112612553,-0.08379903435707092,-0.10232853889465332,-0.07748796373404332,-0.058956414461135864,-0.09143149852752686,-0.072716857788933,-1.2258781291047436,-2.2768309860119906,1.3259897878605589,0.9859268161495435,1.208891992115097,0.2552690352259042,0.16361967143972564,0.18687749879877774,0.25013555669942733,0.2319686345096227,0.253146570152993,0.28126215081801886,0.02778894133383229,0.08814250600075822,0.06326300904802494,X
0.0,0.0,0.0,0.07192209362983704,-0.04980933666229248,-0.026862053068683167,0.11320891976356506,-0.12907522916793823,-0.044080534817979355,0.14300701022148132,-0.1823226809501648,-0.0601820776782489,0.15401408076286316,-0.2287435531616211,-0.07216512584905388,0.031014561653137207,-0.2664986252784729,-0.044665699692771454,-0.012320011854171753,-0.34812092781066895,-0.07537820363263847,-0.03539833426475525,-0.36466240882873535,-0.09161649817447426,-0.05980426073074341,-0.37220773100852966,-0.10131988847474815,-0.018930643796920776,-0.252419114112854,-0.048361325504586716,-0.032225579023361206,-0.22152107954025269,-0.07978521460513832,-0.008902519941329956,-0.16036319732666016,-0.08679713481883766,0.007962226867675781,-0.1508592963218689,-0.0904262232206321,-0.05935925245285034,-0.21211963891983032,-0.05495817387323143,-0.06256929039955139,-0.1648610234260559,-0.0857255327127433,-0.031064659357070923,-0.12105053663253784,-0.07800780409793617,-0.00653037428855896,-0.1270618438720703,-0.07086964869718315,-0.08672723174095154,-0.16352993249893188,-0.06490256810407402,-0.089942067861557,-0.12706255912780762,-0.08690906489114525,-0.06439700722694397,-0.09480631351470947,-0.0803130435369468,-0.04463529586791992,-0.09633815288543701,-0.0722350793502784,-1.1822047024564715,-2.280572220271839,1.3119390379543738,1.0150108203790045,1.0111587829031465,0.2574883560170556,0.16552069807036715,0.19003602829938016,0.23873157490808633,0.23148958157908883,0.25086772003702756,0.27628630373006674,0.0278631339115707,0.07575654743675617,0.04894824038115549,X
0.0,0.0,0.0,0.07095038890838623,-0.047475993633270264,-0.030002252790055195,0.11367297172546387,-0.12510687112808228,-0.04845464195581428,0.14450782537460327,-0.17970144748687744,-0.0651915554282283,0.1452043056488037,-0.22822701930999756,-0.07822052727910034,0.027642130851745605,-0.265377402305603,-0.043503783303222576,-0.020345211029052734,-0.34167101979255676,-0.07256543974848739,-0.0399819016456604,-0.3614500164985657,-0.08778106759758941,-0.05937507748603821,-0.3674471974372864,-0.09675588797303192,-0.02206486463546753,-0.25124573707580566,-0.0449157763597583,-0.03484761714935303,-0.22016435861587524,-0.07655371319027893,-0.010939747095108032,-0.15374380350112915,-0.08232735435935012,0.007136434316635132,-0.13910967111587524,-0.08377933840723983,-0.0622900128364563,-0.21208226680755615,-0.04962790723415367,-0.06782352924346924,-0.167435884475708,-0.08093799244137756,-0.03798803687095642,-0.1198124885559082,-0.07248850505324356,-0.014285743236541748,-0.12025099992752075,-0.06379264186593048,-0.09044677019119263,-0.16636627912521362,-0.05797021429511062,-0.09855866432189941,-0.13392877578735352,-0.08113373409481994,-0.07421398162841797,-0.09690743684768677,-0.07499999891491882,-0.05411824584007263,-0.09216910600662231,-0.06639805029602996,-1.2740518585837886,-2.2767553448121935,1.3160447184835569,1.089119290928862,1.1154860109855798,0.24745703061668398,0.1643308821961006,0.1926029502763,0.24133220942200098,0.23782726321609615,0.25127476619499595,0.27532828024135675,0.028540483004152316,0.07717222618194049,0.04873623938964605,X
0.0,0.0,0.0,0.06609472632408142,-0.04795193672180176,-0.03219792969045443,0.10955497622489929,-0.12505531311035156,-0.05165165267405314,0.1393742859363556,-0.18034237623214722,-0.06946681044516367,0.1407524049282074,-0.231564462184906,-0.0837816780012588,0.02037110924720764,-0.2699909806251526,-0.042382649849031395,-0.026166826486587524,-0.345867395401001,-0.07322147838291926,-0.04541793465614319,-0.36492905020713806,-0.09011135600027842,-0.06292587518692017,-0.36937597393989563,-0.09977186820921702,-0.02903527021408081,-0.2533167600631714,-0.043124034772489495,-0.04110708832740784,-0.22184163331985474,-0.07710808120188517,-0.016557306051254272,-0.15609437227249146,-0.08481561742243571,0.003873974084854126,-0.1407669186592102,-0.0870354136031608,-0.06829330325126648,-0.2117215394973755,-0.04768629721817774,-0.07333660125732422,-0.16745591163635254,-0.08187535009798808,-0.04140251874923706,-0.11981242895126343,-0.07601583353695673,-0.01371738314628601,-0.11894696950912476,-0.06826333306250376,-0.09597316384315491,-0.16501390933990479,-0.05593881360707087,-0.10429432988166809,-0.13460296392440796,-0.0810777058404426,-0.07778069376945496,-0.09628206491470337,-0.07668914995608134,-0.05336099863052368,-0.08920586109161377,-0.06885245792088313,-1.2858581816294676,-2.2683554431281037,1.28632920647966,1.039051089752832,1.0587061519814804,0.24592042323250018,0.16425558967791407,0.19116384355928437,0.24071972238766373,0.23816867976091913,0.25521787153156067,0.28033333550785233,0.028027950873117734,0.07703495803347359,0.04955955789314743,X
0.0,0.0,0.0,0.0721924901008606,-0.04499930143356323,-0.030125101999487924,0.11318039894104004,-0.12477630376815796,-0.047555599332895326,0.14160484075546265,-0.18061161041259766,-0.062782481283989,0.14764147996902466,-0.2290053367614746,-0.07385780659421926,0.02791312336921692,-0.26616615056991577,-0.04764927920803075,-0.02198779582977295,-0.34331807494163513,-0.07663838562473302,-0.0419386625289917,-0.36283165216445923,-0.09055986252531056,-0.06115889549255371,-0.3692237436771393,-0.09884161499246602,-0.023410320281982422,-0.25164300203323364,-0.04900127646430974,-0.036305010318756104,-0.21809738874435425,-0.08005984124645238,-0.010515540838241577,-0.1535683274269104,-0.0844816863249207,0.00792190432548523,-0.13948386907577515,-0.0855272784541512,-0.06420379877090454,-0.21009689569473267,-0.05337641385301595,-0.06823694705963135,-0.16002720594406128,-0.08318440613254552,-0.03749707341194153,-0.11660712957382202,-0.07341588285669332,-0.014212995767593384,-0.12111842632293701,-0.06477100399240499,-0.09228834509849548,-0.16041916608810425,-0.06156114485963826,-0.09750714898109436,-0.12188655138015747,-0.08384244886144643,-0.07091444730758667,-0.08890855312347412,-0.07747193423017507,-0.05038714408874512,-0.08880186080932617,-0.06922165301546102,-1.2514821620570107,-2.283530258995347,1.2983857492562507,1.0589157211403346,1.0414264385212364,0.2515130184122942,0.16593870252178203,0.1945159550266983,0.24263625165106342,0.23990116065861475,0.2525077543371994,0.2806286924379525,0.02876183738286458,0.07725678668501208,0.048507003755707136,X
0.0,0.0,0.0,0.06886231899261475,-0.04962658882141113,-0.030659430131009913,0.10998839139938354,-0.1276732087135315,-0.04954543377428422,0.13742536306381226,-0.18242418766021729,-0.06674313957958589,0.14453494548797607,-0.23259204626083374,-0.07998238916664491,0.022480309009552002,-0.2683141231536865,-0.04640838916569123,-0.025241583585739136,-0.34484365582466125,-0.07704615260630021,-0.04637020826339722,-0.3612244427204132,-0.09275737817554841,-0.06680607795715332,-0.36620548367500305,-0.10198371525078187,-0.027747809886932373,-0.2526550889015198,-0.049138062104276514,-0.04016557335853577,-0.22084611654281616,-0.08170408423214326,-0.014581531286239624,-0.1589055061340332,-0.08927715982466111,0.004975765943527222,-0.14772027730941772,-0.09264442737369905,-0.06795802712440491,-0.21034902334213257,-0.05515532235770593,-0.07075756788253784,-0.1603289246559143,-0.08827130164175401,-0.036675602197647095,-0.11533910036087036,-0.0824560266283072,-0.009017467498779297,-0.11975502967834473,-0.07595299597053895,-0.09583747386932373,-0.16044485569000244,-0.06471909995346437,-0.10308277606964111,-0.1240273118019104,-0.08908475603132615,-0.07657396793365479,-0.08952069282531738,-0.08414502109556565,-0.054394423961639404,-0.0882103443145752,-0.07683374400406251,-1.2527078346162612,-2.3102546319366355,1.2685067365628415,0.9939985966819014,1.04991759590577,0.25003515522515,0.1633400800785351,0.19055323624985218,0.2458027052058619,0.22997482147920906,0.25313504256398145,0.27827207309201557,0.03127084356454299,0.08406099912817,0.05526423212649858,X
0.0,0.0,0.0,0.06905043125152588,-0.046306073665618896,-0.02826422834641562,0.11114418506622314,-0.12673580646514893,-0.04412073278672324,0.14073175191879272,-0.17937743663787842,-0.058537270965643984,0.14635610580444336,-0.22573930025100708,-0.06936754668004141,0.021424829959869385,-0.26503390073776245,-0.04067938038951979,-0.025211751461029053,-0.34025418758392334,-0.06833138698584662,-0.04411417245864868,-0.36133110523223877,-0.08171961093194113,-0.061845481395721436,-0.36773669719696045,-0.08942521000153647,-0.029744327068328857,-0.2496357560157776,-0.042475070896216494,-0.03815236687660217,-0.2161983847618103,-0.07242551082617865,-0.014182299375534058,-0.14973372220993042,-0.07646196717269049,0.003153473138809204,-0.13795393705368042,-0.07657751077658759,-0.06954237818717957,-0.2077641487121582,-0.04760796585924254,-0.06928315758705139,-0.16005587577819824,-0.0786231198335372,-0.038451820611953735,-0.11231094598770142,-0.07006162041670905,-0.015261173248291016,-0.11617666482925415,-0.0612932668054782,-0.09740644693374634,-0.15945172309875488,-0.05621926868207083,-0.0984930694103241,-0.12185019254684448,-0.07909293854481803,-0.07115274667739868,-0.08411908149719238,-0.07315776133782492,-0.05088227987289429,-0.08178693056106567,-0.0648628585959159,-1.229085084816368,-2.252081472987219,1.284331179019713,1.0357835546028298,1.0310844316552947,0.25201420922657214,0.16796804456221756,0.19525397811304476,0.2441828526411135,0.23879903883735826,0.25583695520861754,0.28615985187784954,0.02851927045172634,0.07793968964451456,0.049512796933701614,X
0.0,0.0,0.0,0.06978970766067505,-0.04151809215545654,-0.02929031335374077,0.11333155632019043,-0.12040054798126221,-0.04515589632650574,0.1431410312652588,-0.1738520860671997,-0.05890386410614212,0.15119421482086182,-0.2203044891357422,-0.06915714823266228,0.025996148586273193,-0.26205116510391235,-0.0455333427395459,-0.02023947238922119,-0.33647629618644714,-0.07297229998370369,-0.041411638259887695,-0.3552250862121582,-0.08666821055670937,-0.0609603226184845,-0.363895058631897,-0.09543011569043358,-0.026141226291656494,-0.24895060062408447,-0.04697547339459618,-0.03896501660346985,-0.21229690313339233,-0.07717661791106423,-0.01480710506439209,-0.14692503213882446,-0.08307949685116967,0.005165427923202515,-0.1340116262435913,-0.08574616395493706,-0.06687009334564209,-0.20924437046051025,-0.051227378180229266,-0.07076716423034668,-0.1540469527244568,-0.08166072749158104,-0.039936065673828125,-0.10656952857971191,-0.07457681976815422,-0.013424456119537354,-0.11020529270172119,-0.0680017792489167,-0.09529468417167664,-0.16330879926681519,-0.05909280710478981,-0.1011587381362915,-0.12116539478302002,-0.08211486273070534,-0.0746375322341919,-0.08306950330734253,-0.07738302134534081,-0.051685214042663574,-0.08083409070968628,-0.07072476529141625,-1.208531612470612,-2.2775045919200463,1.304870968012611,1.0759403490173167,1.0844049560422697,0.2561792329685079,0.1696197653250515,0.19804327778947853,0.24619515570602327,0.23920494846748075,0.25810493203639695,0.28321288671272016,0.030204723230469844,0.0778450112556407,0.04823435604741688,X
0.0,0.0,0.0,0.07486304640769958,-0.04788690805435181,-0.024306418206322178,0.12053975462913513,-0.1306847333908081,-0.037427697162854656,0.1528838574886322,-0.18625831604003906,-0.049328416418063625,0.15661224722862244,-0.23088288307189941,-0.057483464311587795,0.03839677572250366,-0.2673683166503906,-0.04133356718324421,-0.00732797384262085,-0.35030654072761536,-0.07053621841572522,-0.03224390745162964,-0.3651007413864136,-0.0859749911537051,-0.057003527879714966,-0.3725087344646454,-0.09517519904278515,-0.010694265365600586,-0.25567126274108887,-0.045447863470542416,-0.030278950929641724,-0.22757136821746826,-0.07609342766903637,-0.008051544427871704,-0.16435039043426514,-0.08338449133538006,0.011777222156524658,-0.15294843912124634,-0.08695550991200207,-0.05184805393218994,-0.21761053800582886,-0.052312675695645794,-0.062251538038253784,-0.1692398190498352,-0.08341331018112896,-0.030384808778762817,-0.12153327465057373,-0.07798802835844754,-0.0015076994895935059,-0.12567800283432007,-0.07214619947575329,-0.08087661862373352,-0.17094475030899048,-0.06211281923555134,-0.09485462307929993,-0.13400083780288696,-0.08489435894392727,-0.07197174429893494,-0.09899479150772095,-0.08013758046530484,-0.05064019560813904,-0.09894132614135742,-0.07339850051306485,-1.2252305087965392,-2.3076633685487464,1.3554305458288793,1.069813508335554,1.1732275439345075,0.25629978766642775,0.16447176670034488,0.18992099508999752,0.24568709674514969,0.23008153960461125,0.2529924841687347,0.27364140566500356,0.030334235418464136,0.08253909554163434,0.055936142657703025,X
0.0,0.0,0.0,0.07239824533462524,-0.043370723724365234,-0.02776635741727773,0.11459249258041382,-0.12041515111923218,-0.04621156794863168,0.14572370052337646,-0.17447441816329956,-0.06344702212052766,0.15311098098754883,-0.2217046022415161,-0.07652477292256776,0.03046843409538269,-0.2636132836341858,-0.0482261751397175,-0.017061352729797363,-0.3433445394039154,-0.07709258166985933,-0.03773850202560425,-0.3603058159351349,-0.0888973933263344,-0.06032821536064148,-0.3627766966819763,-0.09523714451032106,-0.022093355655670166,-0.2523013949394226,-0.05171706272201959,-0.03176337480545044,-0.2170587182044983,-0.08130627242761079,-0.007659733295440674,-0.150282621383667,-0.08367921529250566,0.008303642272949219,-0.1429925560951233,-0.0831780147357506,-0.06287434697151184,-0.2131461501121521,-0.05805029092269365,-0.06046104431152344,-0.1558464765548706,-0.08695856599049989,-0.028386473655700684,-0.11109703779220581,-0.07667742041783754,-0.006281793117523193,-0.12279623746871948,-0.06815984217362825,-0.0913202166557312,-0.16446518898010254,-0.06806806592183534,-0.08993983268737793,-0.1158340573310852,-0.08946190146642152,-0.06237557530403137,-0.08106207847595215,-0.0824976649685425,-0.04394811391830444,-0.08559703826904297,-0.07418382285075609,-1.2074034974216132,-2.3121780827195395,1.2995655623446387,1.0112118208945298,1.0298995068043244,0.2558468807071516,0.16481732783344308,0.1875871025922068,0.23949437541544677,0.23025073362692905,0.2459911310626606,0.2776632326419392,0.02491237065373086,0.07761759782159017,0.05293894732391814,X
0.0,0.0,0.0,0.07066360116004944,-0.039642930030822754,-0.02982443406202151,0.11635652184486389,-0.1139141321182251,-0.046281850179212825,0.14878329634666443,-0.16758835315704346,-0.060302833308952586,0.1541285216808319,-0.21369904279708862,-0.07038064136125399,0.03027626872062683,-0.25550055503845215,-0.04672685473181559,-0.01654723286628723,-0.3395717740058899,-0.074099904140013,-0.03749081492424011,-0.3571786880493164,-0.08587500288106753,-0.057612478733062744,-0.36055099964141846,-0.09231687172271563,-0.01970002055168152,-0.2439662218093872,-0.04800852223254992,-0.0400061309337616,-0.2142912745475769,-0.07788094713308169,-0.017973899841308594,-0.1480463743209839,-0.08181763275482012,0.002411186695098877,-0.13521438837051392,-0.08224716617681338,-0.059734493494033813,-0.20700287818908691,-0.05230435564138247,-0.07008269429206848,-0.15396159887313843,-0.08382551952220751,-0.03775230050086975,-0.1059499979019165,-0.07616425885774447,-0.008871108293533325,-0.11151516437530518,-0.06839036031581713,-0.0882093608379364,-0.1638573408126831,-0.06004712938286616,-0.1020280122756958,-0.126226007938385,-0.0848691968522246,-0.07710912823677063,-0.08765906095504761,-0.07986944003917529,-0.05327686667442322,-0.08563369512557983,-0.07231022997714831,-1.2089307988717446,-2.2674792312470244,1.3702124101005824,1.0813560300298184,1.1507967368267618,0.2576814865008463,0.1708156629692722,0.192380935596794,0.24375751966456055,0.23319397245745146,0.2537608489089957,0.2749514900017408,0.026247731295972857,0.07456141381931403,0.051397683098622755,X
0.0,0.0,0.0,0.06831306219100952,-0.036898136138916016,-0.029464832932802665,0.11137509346008301,-0.11417287588119507,-0.04678958231315278,0.14158356189727783,-0.16849899291992188,-0.06251736307248734,0.15281546115875244,-0.21518105268478394,-0.0749320643554654,0.028466761112213135,-0.25731992721557617,-0.0451902630339589,-0.017715275287628174,-0.33755922317504883,-0.07490811818942689,-0.03823229670524597,-0.35598865151405334,-0.09066356295451783,-0.056806206703186035,-0.3589783310890198,-0.1000853138576474,-0.024076849222183228,-0.24635958671569824,-0.046766776085945594,-0.03564053773880005,-0.21096831560134888,-0.07858564281568192,-0.01287868618965149,-0.14663183689117432,-0.08538770252570771,0.005813956260681152,-0.13116484880447388,-0.08787778341874741,-0.06555935740470886,-0.20771104097366333,-0.05129491487249993,-0.06691679358482361,-0.15298354625701904,-0.08225111985311173,-0.03688111901283264,-0.1085885763168335,-0.07495801472768449,-0.011110931634902954,-0.11121582984924316,-0.06764433109864854,-0.09496492147445679,-0.16245144605636597,-0.05949433842405938,-0.09632003307342529,-0.11980891227722168,-0.08252811008796357,-0.0701492428779602,-0.08254319429397583,-0.07698703879222535,-0.047908276319503784,-0.07951116561889648,-0.06914492273435258,-1.1814701508239855,-2.2687631339435086,1.3169147946013156,1.0570706004636061,1.054725878432246,0.254202480148574,0.1693167592317887,0.19411499121289794,0.24227326935448446,0.23626313195298243,0.2519410946712671,0.27960877979959453,0.026161330003542323,0.07452637962517356,0.04857190864889237,X
0.0,0.0,0.0,0.07214635610580444,-0.05021625757217407,-0.02441340744927345,0.11705422401428223,-0.13059961795806885,-0.039569466043857915,0.14791077375411987,-0.18721163272857666,-0.05406295754447399,0.1606825590133667,-0.2373669147491455,-0.06598171465530811,0.03524261713027954,-0.2693725824356079,-0.03974912561908184,-0.009611397981643677,-0.35269200801849365,-0.0678019063962978,-0.03236877918243408,-0.3710096478462219,-0.08478206269874988,-0.05387598276138306,-0.379267156124115,-0.09568118922844349,-0.011704444885253906,-0.2540584206581116,-0.04364241533413349,-0.032125651836395264,-0.2333064079284668,-0.07420025639667926,-0.007316887378692627,-0.17410826683044434,-0.08389007173910557,0.015531659126281738,-0.15407991409301758,-0.08989921831026493,-0.051306962966918945,-0.21364986896514893,-0.050062647689728124,-0.06525120139122009,-0.18384158611297607,-0.08140843980446277,-0.03119799494743347,-0.1387222409248352,-0.07823371015921055,0.0010156035423278809,-0.1305559277534485,-0.07408431791201053,-0.0799560546875,-0.1672033667564392,-0.05916365854874073,-0.09508410096168518,-0.14557909965515137,-0.08344997339382587,-0.07096049189567566,-0.10987657308578491,-0.07990631334915577,-0.045812249183654785,-0.09957486391067505,-0.07379285864963947,-1.1828723877766962,-2.2521763048064862,1.304830679346499,1.0088389220764455,1.1032579168508174,0.25723733467516263,0.16734846344177892,0.1920992545857106,0.24824736672640924,0.23564107181469526,0.2546966065038629,0.2798085097398234,0.027642246707181222,0.08206019487009263,0.056148678593145235,X
0.0,0.0,0.0,0.07256418466567993,-0.04452824592590332,-0.027304837731733755,0.11566376686096191,-0.1257527470588684,-0.04239416706384702,0.14381736516952515,-0.183555006980896,-0.05570664468230291,0.15568435192108154,-0.23272234201431274,-0.0652128739935307,0.031815409660339355,-0.26668667793273926,-0.042328885076656775,-0.01665094494819641,-0.34620100259780884,-0.0687757118326573,-0.03699392080307007,-0.366611123085022,-0.08208396124662443,-0.05596521496772766,-0.3743223547935486,-0.09044884729208036,-0.01821652054786682,-0.2538492679595947,-0.044183479873552756,-0.030162274837493896,-0.22425103187561035,-0.07274915861906095,-0.006080687046051025,-0.159376859664917,-0.07763022023262067,0.011449366807937622,-0.1441379189491272,-0.0796094520670323,-0.058201104402542114,-0.2140495777130127,-0.0488465114218144,-0.06117367744445801,-0.16888409852981567,-0.07788806247533842,-0.030922293663024902,-0.12263250350952148,-0.06964631962598844,-0.007536828517913818,-0.12432688474655151,-0.062238643197432,-0.08666598796844482,-0.16606855392456055,-0.056835195301189856,-0.09141403436660767,-0.13220012187957764,-0.07897674876274152,-0.0661868155002594,-0.09683752059936523,-0.07309930610479398,-0.04660850763320923,-0.09420692920684814,-0.06536384510816617,-1.212788200204165,-2.254938102382515,1.3067122302098177,1.0567552112079193,1.0622702679569838,0.2546489795449812,0.16926585875592462,0.19593552230309372,0.2451712067349556,0.23985328920196697,0.2546429729212089,0.2802716532647605,0.027439983402455015,0.07657558697958214,0.04933363792183097,X
0.0,0.0,0.0,0.07017162442207336,-0.0479280948638916,-0.026910622433646836,0.11405602097511292,-0.1272020936012268,-0.04290824832104079,0.14575842022895813,-0.1841062307357788,-0.05772678257606856,0.15060171484947205,-0.23479455709457397,-0.06941858755133978,0.02886626124382019,-0.2716211676597595,-0.03962479235313765,-0.018441051244735718,-0.35133659839630127,-0.06611475424550406,-0.03828305006027222,-0.37076514959335327,-0.0813969381310784,-0.05651482939720154,-0.3763350248336792,-0.09107284323953024,-0.02035382390022278,-0.255584180355072,-0.04211498127959601,-0.0338556170463562,-0.2279910445213318,-0.07098095195077292,-0.009296149015426636,-0.16485881805419922,-0.07871849165938727,0.010612249374389648,-0.1471308469772339,-0.08289168851159445,-0.06024625897407532,-0.21433335542678833,-0.04744448961399428,-0.06455233693122864,-0.17177629470825195,-0.07639293448708884,-0.031139105558395386,-0.12676197290420532,-0.0717441745259606,-0.00307387113571167,-0.1236768364906311,-0.06683355645917288,-0.0890478789806366,-0.1662951111793518,-0.056065496818050065,-0.09666690230369568,-0.1358107328414917,-0.07739146874926917,-0.07153114676475525,-0.10103970766067505,-0.07297713385604254,-0.0491202175617218,-0.09450030326843262,-0.06668350921653143,-1.2433556396122152,-2.2548423797256087,1.2926722284642485,1.008145554103371,1.0632545533978732,0.25086045305804777,0.16517256586835577,0.18964001044111314,0.2440723825890493,0.2388317396228073,0.2582481290478161,0.2819317125900481,0.02715511926916708,0.0796111910308952,0.05451179789779629,X
0.0,0.0,0.0,0.06910952925682068,-0.042288005352020264,-0.0313192779370155,0.11382320523262024,-0.11944431066513062,-0.04971379658063313,0.1455182135105133,-0.1758463978767395,-0.06612864380558392,0.1516232192516327,-0.22608035802841187,-0.07887712364872357,0.028094440698623657,-0.26186519861221313,-0.04473575448473355,-0.020103663206100464,-0.3466068208217621,-0.07464348768671414,-0.038122087717056274,-0.36585745215415955,-0.09060967212398907,-0.054693758487701416,-0.365859717130661,-0.09991511946400067,-0.022291570901870728,-0.2506481409072876,-0.04508304467280766,-0.03573492169380188,-0.22126054763793945,-0.07753335928400418,-0.014620393514633179,-0.15762996673583984,-0.08485924696405789,0.0018125176429748535,-0.1403259038925171,-0.08776312565287014,-0.0632057785987854,-0.21226215362548828,-0.04876047989209553,-0.06723228096961975,-0.1698485016822815,-0.07989705597837826,-0.03894767165184021,-0.1255524754524231,-0.07333067303379437,-0.014879703521728516,-0.12521272897720337,-0.0666329661556091,-0.09266075491905212,-0.1666373610496521,-0.05618700256427189,-0.09635266661643982,-0.13276273012161255,-0.07977000122745892,-0.07179191708564758,-0.09625393152236938,-0.07527686154325863,-0.050340086221694946,-0.09132176637649536,-0.06817664449890515,-1.2301387707731426,-2.243143879891522,1.3556886448309462,1.0640026269077159,1.0588543328776818,0.24920867668387553,0.17261828617102998,0.19467280724971345,0.24279426430976625,0.23250475297484613,0.24391828935150373,0.2745724692435432,0.0225175110399049,0.07156325581996908,0.04905136172656848,X
0.0,0.0,0.0,0.06872302293777466,-0.042690813541412354,-0.029692052862372975,0.11264127492904663,-0.12305009365081787,-0.046896970829692464,0.1457383632659912,-0.17754018306732178,-0.062362576833692174,0.15375083684921265,-0.22395974397659302,-0.07395680528017579,0.02633228898048401,-0.2693255543708801,-0.04383654426666794,-0.019918352365493774,-0.348147451877594,-0.07330367248388825,-0.03970259428024292,-0.367059588432312,-0.0878858743223816,-0.058647990226745605,-0.372349351644516,-0.09622644912334977,-0.024448543787002563,-0.25635474920272827,-0.045019022187915425,-0.0398273766040802,-0.21901202201843262,-0.07589011918636857,-0.016300469636917114,-0.15398359298706055,-0.08085849415394364,0.003162950277328491,-0.14369076490402222,-0.08178878854843674,-0.06423485279083252,-0.216727614402771,-0.049533977172103505,-0.06878858804702759,-0.15890824794769287,-0.07902786414953766,-0.0395948588848114,-0.1148604154586792,-0.07053027581306992,-0.015138089656829834,-0.12329977750778198,-0.06254099588724671,-0.09229648113250732,-0.17075860500335693,-0.05800176691147385,-0.09697401523590088,-0.12392961978912354,-0.07973776291939316,-0.07169777154922485,-0.08834433555603027,-0.07439622562262116,-0.05039834976196289,-0.090054452419281,-0.06675953697296677,-1.1839357130227275,-2.260513466578843,1.3304552199713602,1.0869537939951983,1.09194077935661,0.2590998599132831,0.17064530636246478,0.19661103312343786,0.24414650827127,0.23686566162311942,0.25282167989571724,0.2824154151181974,0.027399277904085098,0.07580017730097867,0.048461712546315885,X
0.0,0.0,0.0,0.07285541296005249,-0.04588043689727783,-0.026329909499480664,0.11553984880447388,-0.1252945065498352,-0.04293895983298057,0.14688855409622192,-0.1773739457130432,-0.05838492238123649,0.15189528465270996,-0.2240842580795288,-0.07021062174041504,0.02877753973007202,-0.2664066553115845,-0.04586557024319404,-0.018304169178009033,-0.3519490659236908,-0.07490180530746215,-0.038614243268966675,-0.36882662773132324,-0.08947754749257797,-0.059136271476745605,-0.368158757686615,-0.09797416725356811,-0.0215415358543396,-0.25483739376068115,-0.049565189566209256,-0.0318986177444458,-0.22144711017608643,-0.08015371211965316,-0.010102838277816772,-0.15834546089172363,-0.0863370607157492,0.0062475502490997314,-0.14403384923934937,-0.08907818892200225,-0.062167853116989136,-0.2155483365058899,-0.05587539547283882,-0.061770111322402954,-0.16251671314239502,-0.08516643294294113,-0.032252609729766846,-0.1192396879196167,-0.0777245769758963,-0.008075892925262451,-0.12378150224685669,-0.07131470092733139,-0.09064364433288574,-0.1676645278930664,-0.06568694957692855,-0.09621387720108032,-0.12724441289901733,-0.08815538981158966,-0.07172995805740356,-0.09444397687911987,-0.08284705230195755,-0.05093473196029663,-0.09501898288726807,-0.07577129551370376,-1.218169524228288,-2.2833621419345342,1.3250686246416201,1.038170298548008,1.0705581395202326,0.2555225608815234,0.1661966620976019,0.18881583748010075,0.2404118568200964,0.23346738258260472,0.2496545718269338,0.27326288044276675,0.02480561595835729,0.07531447750723257,0.05161552676609704,X
0.0,0.0,0.0,0.07338464260101318,-0.047544658184051514,-0.030623705680000057,0.11406856775283813,-0.12619119882583618,-0.04833513646804022,0.14663571119308472,-0.17913603782653809,-0.06423976420842337,0.1531938910484314,-0.2263832688331604,-0.07516294866286444,0.028271496295928955,-0.26578134298324585,-0.04458023383699583,-0.021917611360549927,-0.3478972315788269,-0.07370986192904638,-0.041638582944869995,-0.36471614241600037,-0.08390822410069632,-0.06291013956069946,-0.36689794063568115,-0.08829450010739492,-0.02212280035018921,-0.25308579206466675,-0.04652720838271307,-0.035849303007125854,-0.22501248121261597,-0.07677523195229696,-0.012393563985824585,-0.15509819984436035,-0.07738123237572836,0.005580335855484009,-0.15054476261138916,-0.07443123459302114,-0.062172770500183105,-0.21453243494033813,-0.052446471149551144,-0.06690895557403564,-0.16594034433364868,-0.08414618074380087,-0.035544633865356445,-0.11623424291610718,-0.07313787340603994,-0.01159679889678955,-0.12885260581970215,-0.06264960169278311,-0.09066066145896912,-0.1668686866760254,-0.06216000541530775,-0.09965881705284119,-0.12799954414367676,-0.085735680157768,-0.07417798042297363,-0.0911097526550293,-0.07882121353827642,-0.0548536479473114,-0.0947045087814331,-0.06971803456031012,-1.1985035654072487,-2.3045760417879926,1.3069294467291388,1.0375469076087278,1.1102028051890842,0.2577699071600141,0.1659555383307558,0.19148942978782588,0.24621753457247006,0.2269353274920981,0.24351312153093932,0.2723126354059058,0.027669543266430997,0.08228244251400453,0.055111228630059336,X
0.0,0.0,0.0,0.0717654824256897,-0.038176536560058594,-0.028578324484868745,0.11748296022415161,-0.11857998371124268,-0.042669836673184136,0.14894485473632812,-0.17278319597244263,-0.054632414373799065,0.15467876195907593,-0.21924901008605957,-0.06333050155942033,0.030587881803512573,-0.2589121460914612,-0.043606654050989846,-0.01765662431716919,-0.3405952751636505,-0.07094048732821534,-0.03934985399246216,-0.35888704657554626,-0.08547516191308091,-0.059200793504714966,-0.3611432611942291,-0.09404437268082688,-0.01853698492050171,-0.24665099382400513,-0.04462996894423554,-0.03878358006477356,-0.21539652347564697,-0.07574971789424012,-0.015445947647094727,-0.15322589874267578,-0.08418712044064591,0.005857318639755249,-0.13280540704727173,-0.08802565211360047,-0.05823659896850586,-0.20727956295013428,-0.04833853268925736,-0.07162141799926758,-0.15913546085357666,-0.07965344959799836,-0.03998267650604248,-0.11330229043960571,-0.07590552443568299,-0.009452968835830688,-0.10921698808670044,-0.0707812237173755,-0.08632728457450867,-0.16195744276046753,-0.05533989543025086,-0.1018853485584259,-0.12857955694198608,-0.07994998270575593,-0.07717025279998779,-0.09041339159011841,-0.0771334769756038,-0.05101826786994934,-0.08055698871612549,-0.07110757404868195,-1.2168685387055922,-2.2914872570874234,1.3597128977577355,1.109171160284896,1.161521525353221,0.25666796205007175,0.1721055446462237,0.19760129280700353,0.24808616420945598,0.23742521684151338,0.2567911469290466,0.2807055575312327,0.02812149376623729,0.07723166163516974,0.05048831199116348,X
0.0,0.0,0.0,0.07579416036605835,-0.04225367307662964,-0.027755042583606837,0.11963033676147461,-0.11900520324707031,-0.044103339360020755,0.14913588762283325,-0.17247611284255981,-0.05900627379205048,0.15853387117385864,-0.21742087602615356,-0.06954250489260971,0.03252673149108887,-0.26245594024658203,-0.04630134259249985,-0.014855742454528809,-0.3455820679664612,-0.07569467280890763,-0.03758889436721802,-0.36111533641815186,-0.08923900877024948,-0.060469865798950195,-0.36476773023605347,-0.09699604664828598,-0.016968965530395508,-0.2501639127731323,-0.04919198159959137,-0.03370511531829834,-0.2168409824371338,-0.07993454490687668,-0.010309934616088867,-0.15390199422836304,-0.08531980966117203,0.008119165897369385,-0.1442474126815796,-0.08761217449691117,-0.056617140769958496,-0.2107066512107849,-0.054996009961627124,-0.06499737501144409,-0.15888911485671997,-0.0856027901628238,-0.03381827473640442,-0.1141059398651123,-0.07761061196114838,-0.008203744888305664,-0.12112754583358765,-0.07051689927365601,-0.08428224921226501,-0.16287392377853394,-0.06425713752295792,-0.09582257270812988,-0.12082809209823608,-0.08739366386916458,-0.07197189331054688,-0.0878063440322876,-0.08220260594870865,-0.051760703325271606,-0.09026014804840088,-0.07510589067723572,-1.194349819704909,-2.308535815235027,1.3382157429267905,1.0753115410829188,1.1497149592770237,0.26395782286874686,0.16726906259453012,0.19254567782650495,0.24575121322915633,0.23094082732025695,0.24918323950601826,0.27464570302392094,0.028301336710233032,0.08062396343949767,0.053385436912219156,X
0.0,0.0,0.0,0.07220295071601868,-0.045636534690856934,-0.026000265201332695,0.1143467128276825,-0.12782996892929077,-0.03950797969639552,0.1454382836818695,-0.18018269538879395,-0.05153271014034999,0.15569278597831726,-0.22346162796020508,-0.059234323149325974,0.026958972215652466,-0.2645419239997864,-0.04333618113935245,-0.020833075046539307,-0.3463154137134552,-0.07023095542729152,-0.04334288835525513,-0.36232930421829224,-0.08079329336226238,-0.06609675288200378,-0.3668026924133301,-0.08623983914196742,-0.023108243942260742,-0.2516825795173645,-0.0459995588117863,-0.03860318660736084,-0.21593666076660156,-0.07345561141312373,-0.015459984540939331,-0.15025275945663452,-0.07485201412976039,0.001979261636734009,-0.1452144980430603,-0.07400381768286479,-0.06253281235694885,-0.21271264553070068,-0.05176099592983974,-0.06687495112419128,-0.1568976640701294,-0.07999196106732143,-0.03355100750923157,-0.10940057039260864,-0.0707977508956219,-0.008099794387817383,-0.11999404430389404,-0.06301718408406032,-0.08932250738143921,-0.16507261991500854,-0.06094049865544093,-0.09601640701293945,-0.12049901485443115,-0.08234226906836284,-0.06830784678459167,-0.08453792333602905,-0.07675299996674312,-0.04723116755485535,-0.08669769763946533,-0.06957259977400554,-1.1627190907761407,-2.3091004787161005,1.3393835811094106,1.0399327482959684,1.077948998974916,0.26407813295770777,0.17248321920053858,0.1937357743181997,0.2447090181303283,0.23180955898545655,0.25353137079301213,0.28073959180529334,0.027159872185919268,0.0764583695267863,0.05138006488061096,X
0.0,0.0,0.0,0.07275870442390442,-0.04359006881713867,-0.030819824995006684,0.11417117714881897,-0.12270307540893555,-0.049509515152777794,0.14701774716377258,-0.17610007524490356,-0.06670342488726533,0.15617498755455017,-0.22463136911392212,-0.07974191112955964,0.02789968252182007,-0.26168155670166016,-0.04770491375168717,-0.019560664892196655,-0.339387983083725,-0.07607396049937165,-0.04329422116279602,-0.36074578762054443,-0.08829597486695206,-0.06635412573814392,-0.37232357263565063,-0.09538219972094453,-0.023849308490753174,-0.2508465051651001,-0.04914327441295541,-0.037527769804000854,-0.20797204971313477,-0.07691571964463151,-0.013401955366134644,-0.1386866569519043,-0.07788132979115403,0.005820363759994507,-0.13235682249069214,-0.07690274818381226,-0.06448677182197571,-0.21303820610046387,-0.05395569755276597,-0.067781001329422,-0.1527295708656311,-0.08214230193337357,-0.03545740246772766,-0.10337573289871216,-0.07028571619233048,-0.010760515928268433,-0.11190259456634521,-0.060830467478837136,-0.09230545163154602,-0.16731977462768555,-0.06294977767905152,-0.09661892056465149,-0.11840492486953735,-0.08404155923565781,-0.06760761141777039,-0.0800510048866272,-0.07652463866909898,-0.04553869366645813,-0.07975488901138306,-0.06782814963301576,-1.1799096705038143,-2.2763812753146984,1.3254423744297708,1.0824780895738626,1.080256943087962,0.2670808739762852,0.1764117480524611,0.20143296387150877,0.24834976077828613,0.25058571010624253,0.2662888192738597,0.29330822840480925,0.0263306097767937,0.07351677485781948,0.047360285252916905,X
0.0,0.0,0.0,0.07528132200241089,-0.04490220546722412,-0.030369212636713883,0.12031465768814087,-0.12162423133850098,-0.04774970353579988,0.15326672792434692,-0.17665916681289673,-0.06336578519082536,0.16204196214675903,-0.22712385654449463,-0.07457929641938676,0.037646353244781494,-0.26231271028518677,-0.04264340714550485,-0.005942255258560181,-0.3349703550338745,-0.06979959995484819,-0.032044410705566406,-0.35720759630203247,-0.08167855978942384,-0.05926954746246338,-0.38050782680511475,-0.0891634577605771,-0.011895477771759033,-0.24995118379592896,-0.04380254612303247,-0.030929982662200928,-0.21780431270599365,-0.0700696238968419,-0.007956087589263916,-0.14982908964157104,-0.07201459051108827,0.012543529272079468,-0.1487153172492981,-0.07274400235152712,-0.05201306939125061,-0.2145470380783081,-0.048517038831477066,-0.06474417448043823,-0.16697663068771362,-0.07646227420306673,-0.03548508882522583,-0.11358970403671265,-0.06448446751571169,-0.010846048593521118,-0.12202155590057373,-0.055182931730513474,-0.08116739988327026,-0.17185115814208984,-0.057229203889136215,-0.09662699699401855,-0.13306277990341187,-0.07799293638205995,-0.07366597652435303,-0.09361624717712402,-0.07017174155450334,-0.05417361855506897,-0.09324795007705688,-0.061717079738144776,-1.1941572150288526,-2.2575932606191755,1.3339217722579204,1.152169691737619,1.2399969132110746,0.26926831714560057,0.1688125601559062,0.20232834170816594,0.25430677472436086,0.24266208083725133,0.2629828653902117,0.28730507351811285,0.03549125593260463,0.0867629335327581,0.05201152478883835,X
0.0,0.0,0.0,0.07144418358802795,-0.04029285907745361,-0.030263309326372223,0.11789986491203308,-0.11684542894363403,-0.048123291652999,0.15086743235588074,-0.17278915643692017,-0.06438423223455914,0.16006937623023987,-0.22281473875045776,-0.07692430443724163,0.03250303864479065,-0.25637418031692505,-0.043141144287190514,-0.011280566453933716,-0.33041417598724365,-0.0695824874158717,-0.03586888313293457,-0.3539988398551941,-0.08177558608015545,-0.059889525175094604,-0.3705885410308838,-0.0894324583526469,-0.018908947706222534,-0.24716514348983765,-0.04359901599248417,-0.03481322526931763,-0.20216214656829834,-0.06910515851934917,-0.012622207403182983,-0.133411705493927,-0.06988568879326351,0.006968885660171509,-0.1299980878829956,-0.06960998750885494,-0.059216707944869995,-0.2121589183807373,-0.04753347389062412,-0.06822079420089722,-0.15199869871139526,-0.07451782650908001,-0.03946301341056824,-0.10173064470291138,-0.06168487570842274,-0.015898406505584717,-0.11111897230148315,-0.052080876153311806,-0.08838984370231628,-0.17085587978363037,-0.055537457537255364,-0.10128441452980042,-0.12918955087661743,-0.07694824315269955,-0.07789346575737,-0.09068208932876587,-0.06930957264860638,-0.05754312872886658,-0.09144753217697144,-0.06074964530428417,-1.1920663865205812,-2.250964759810145,1.3534232889288844,1.1657752197124074,1.200280393376658,0.2649887072081678,0.17903823862808738,0.2084240984233499,0.2541899787117859,0.2497074553258741,0.2631723306474601,0.27915087031973024,0.029653567342465936,0.07515281329248247,0.04605701299071137,X
0.0,0.0,0.0,0.07380512356758118,-0.03887498378753662,-0.027586877512263186,0.12209692597389221,-0.1189810037612915,-0.0422963240914811,0.1518804132938385,-0.17771488428115845,-0.054992973970698245,0.16449448466300964,-0.22612369060516357,-0.06463574634723557,0.03749784827232361,-0.26059067249298096,-0.04262660460405243,-0.0069513022899627686,-0.3353661596775055,-0.06712798790864838,-0.031641364097595215,-0.3582850694656372,-0.08124735968046082,-0.05402874946594238,-0.37798088788986206,-0.0913501830571164,-0.012981772422790527,-0.2506391406059265,-0.042677752839850314,-0.02612730860710144,-0.21427446603775024,-0.06809035705261124,-0.005681216716766357,-0.15106242895126343,-0.07374361919097794,0.01186254620552063,-0.14255738258361816,-0.07803526537351502,-0.05329945683479309,-0.2169983983039856,-0.04504052566223038,-0.05910935997962952,-0.16792768239974976,-0.0710775332324971,-0.03423473238945007,-0.12020671367645264,-0.06326222436361206,-0.012814074754714966,-0.12506777048110962,-0.05785475315384758,-0.08275899291038513,-0.1771777868270874,-0.05078884975843323,-0.09120339155197144,-0.13983404636383057,-0.07127768562965286,-0.06890669465065002,-0.1022225022315979,-0.06583572195701493,-0.049202531576156616,-0.10023003816604614,-0.05961686016850365,-1.193992670194898,-2.2330225460523563,1.3448552343381137,1.1559622746639582,1.1595665049610855,0.26610714425084614,0.1740110240003274,0.20408484567676247,0.2480234393640726,0.24447063156122292,0.25624928169453604,0.27779277690649457,0.030246027069870715,0.07430038902943953,0.044057153067358676,X
0.0,0.0,0.0,0.07201698422431946,-0.03807258605957031,-0.030367527589106658,0.12211152911186218,-0.11552804708480835,-0.04611093035330782,0.1535668671131134,-0.17411231994628906,-0.0588416517375947,0.1671120822429657,-0.22226488590240479,-0.06840228146305094,0.04024994373321533,-0.26029783487319946,-0.04722402474274645,-0.00264623761177063,-0.3291562497615814,-0.07377776360502253,-0.027431607246398926,-0.35493284463882446,-0.08929974442710886,-0.04979008436203003,-0.37684130668640137,-0.10046633189907084,-0.01170077919960022,-0.2506940960884094,-0.046222581028843024,-0.02845028042793274,-0.20734518766403198,-0.07374007111778269,-0.010561436414718628,-0.14597392082214355,-0.08006214952459345,0.007304966449737549,-0.1354459524154663,-0.08490861809244166,-0.052905768156051636,-0.2166617512702942,-0.0476564787923337,-0.0644291341304779,-0.15893709659576416,-0.07415911412229548,-0.04219943284988403,-0.1138271689414978,-0.06647207444896708,-0.02032703161239624,-0.1184002161026001,-0.06159783384194384,-0.08348539471626282,-0.1760082244873047,-0.05302255830159197,-0.09653502702713013,-0.13152772188186646,-0.07454645490636835,-0.07624456286430359,-0.09507894515991211,-0.07069101041545878,-0.055579692125320435,-0.09441894292831421,-0.06571205562343607,-1.1718066295243854,-2.228597402181281,1.407355851783648,1.2506504880714244,1.2412423640920758,0.266346428060022,0.18186764822243587,0.21429253611711677,0.25678047337410626,0.24805556210411522,0.2601151067882684,0.28248170048475363,0.03246666664986615,0.0750845909062604,0.0426362701968548,X
0.0,0.0,0.0,0.07076972723007202,-0.04421502351760864,-0.02528740149043074,0.1187586784362793,-0.12924963235855103,-0.03820642698607912,0.14952468872070312,-0.18453854322433472,-0.04920141268573275,0.16455543041229248,-0.22682273387908936,-0.05623023454151621,0.03715115785598755,-0.2706858515739441,-0.0461449200292634,-0.0053445398807525635,-0.34343498945236206,-0.07429480794868937,-0.03029346466064453,-0.3655503988265991,-0.08948054406843653,-0.052579283714294434,-0.38162314891815186,-0.09970937166414728,-0.01890486478805542,-0.2657530903816223,-0.04827730599842539,-0.022969037294387817,-0.20627343654632568,-0.07575582955084315,-0.003554999828338623,-0.14462220668792725,-0.08191866669855585,0.012378960847854614,-0.14322024583816528,-0.08646827433310023,-0.062195390462875366,-0.2315502166748047,-0.05256761480174532,-0.05874350666999817,-0.15198075771331787,-0.07927379999361506,-0.03453856706619263,-0.10880523920059204,-0.0719930851837205,-0.014751523733139038,-0.12468236684799194,-0.06732392553291788,-0.09259110689163208,-0.18821698427200317,-0.06052073333464136,-0.09198510646820068,-0.13115841150283813,-0.08116183672152033,-0.0681992769241333,-0.09656918048858643,-0.07654936108789911,-0.050321877002716064,-0.10282403230667114,-0.07094681505165568,-1.1319611070807822,-2.2509038705007884,1.320826561814646,1.1529858600662664,1.1111593585639497,0.26666580691026104,0.17362906984640888,0.20635803445022238,0.24808856328652015,0.2470941475097325,0.2597104251200119,0.278808255452387,0.03285903454232708,0.07458719149321569,0.04174969246165541,X
0.0,0.0,0.0,0.07296562194824219,-0.04236650466918945,-0.027693576267608933,0.12076711654663086,-0.12661534547805786,-0.042309356010207466,0.15048480033874512,-0.1832844614982605,-0.05467603457594805,0.16452592611312866,-0.22794222831726074,-0.06256782737995081,0.03813222050666809,-0.2720835208892822,-0.047682874924191765,-0.004667490720748901,-0.34339943528175354,-0.07573543218398981,-0.02938571572303772,-0.366855651140213,-0.09045107392097407,-0.0526432991027832,-0.38315239548683167,-0.10050343451524668,-0.017209410667419434,-0.2681565284729004,-0.04895781082535677,-0.018524974584579468,-0.20389115810394287,-0.07619968531156474,0.0018631517887115479,-0.14301645755767822,-0.0820598575236886,0.017119407653808594,-0.14225894212722778,-0.08650301871324473,-0.06028991937637329,-0.2332102656364441,-0.05262317237878733,-0.05488795042037964,-0.15051865577697754,-0.07891083238149577,-0.031647324562072754,-0.10949069261550903,-0.07081692395234995,-0.01370006799697876,-0.1279810667037964,-0.06575770405555659,-0.09060955047607422,-0.18884843587875366,-0.06022929502154284,-0.088503897190094,-0.12925809621810913,-0.08056954768920832,-0.06615957617759705,-0.09623408317565918,-0.07555505362773829,-0.050573915243148804,-0.1048460602760315,-0.06965433535600596,-1.1631313896435564,-2.255991607238074,1.3045951947385186,1.1539908261769698,1.1260423443248793,0.26693195457585367,0.17050016779059474,0.20434465690995982,0.247831814620178,0.2507917285827463,0.2581259039342235,0.27831402869425176,0.03396612733292538,0.07734409927876405,0.04353055401837432,X
0.0,0.0,0.0,0.07006019353866577,-0.04255765676498413,-0.02621620922928969,0.11764997243881226,-0.12595826387405396,-0.03940553433841387,0.147236168384552,-0.18175256252288818,-0.050393766086756386,0.16363739967346191,-0.22606992721557617,-0.05738833389824549,0.03321874141693115,-0.2654866576194763,-0.04581352539008776,-0.007224440574645996,-0.3370056450366974,-0.07469267241305033,-0.0302581787109375,-0.36219069361686707,-0.09129106096571604,-0.05172199010848999,-0.3811846971511841,-0.10254288307970683,-0.021552056074142456,-0.2627677321434021,-0.04727920360511462,-0.02278009057044983,-0.19902962446212769,-0.07457350037640254,-0.0008966624736785889,-0.1410115361213684,-0.08164170972651164,0.014846771955490112,-0.14142245054244995,-0.08679132751768748,-0.06404298543930054,-0.22989898920059204,-0.051020684015213646,-0.057944416999816895,-0.14707618951797485,-0.07659077487534205,-0.03405636548995972,-0.1076575517654419,-0.06970498554056803,-0.015413284301757812,-0.12730437517166138,-0.06546241633242289,-0.09413665533065796,-0.1873478889465332,-0.05864115275090853,-0.09053277969360352,-0.12454593181610107,-0.07814303628748576,-0.06618410348892212,-0.09119391441345215,-0.0736856817418925,-0.049088627099990845,-0.09926950931549072,-0.06824160210436503,-1.1401848398806846,-2.2040817292903627,1.2793754938576334,1.1281653780825702,1.0980276634976203,0.2654058375760248,0.17118366219892459,0.20448418448020192,0.24765037542159318,0.24883194124066596,0.25646352568306074,0.28192748665777306,0.03339148180100841,0.07658071367170115,0.043817603952657984,X
0.0,0.0,0.0,0.06888073682785034,-0.0404658317565918,-0.027858949186679638,0.11770880222320557,-0.11899209022521973,-0.04353171485888652,0.14644020795822144,-0.17438554763793945,-0.056909485640403545,0.16784077882766724,-0.21977198123931885,-0.06642675671207598,0.03380829095840454,-0.2634197473526001,-0.04922607067453555,-0.007317155599594116,-0.3339872360229492,-0.07922008159982852,-0.03203985095024109,-0.35941383242607117,-0.09516107562410525,-0.05348438024520874,-0.3789767026901245,-0.10586328330862216,-0.022053241729736328,-0.25870829820632935,-0.05050519007670573,-0.023319721221923828,-0.19517987966537476,-0.07847675207483462,-0.00223463773727417,-0.13642007112503052,-0.08369670334684542,0.013979494571685791,-0.13779205083847046,-0.08756336096155337,-0.06542801856994629,-0.22262591123580933,-0.05428941819297961,-0.05910736322402954,-0.14215660095214844,-0.08181299540626696,-0.03585144877433777,-0.10171401500701904,-0.07322711023914508,-0.018032968044281006,-0.1211768388748169,-0.0675326240383356,-0.09673687815666199,-0.17748045921325684,-0.06188660386430911,-0.09492331743240356,-0.11854159832000732,-0.08272397789585284,-0.07140600681304932,-0.08630001544952393,-0.07744005593883685,-0.05522489547729492,-0.0961102843284607,-0.07133581760751895,-1.109198594537463,-2.2177497056156965,1.2811777230367065,1.1337471272164603,1.099052093801125,0.27263706529168497,0.17433876155757178,0.21040449585047724,0.2550500153616941,0.25044242989979393,0.26022600256360096,0.2828717731234931,0.03606747886026702,0.08078748208383792,0.04485054763331239,X
0.0,0.0,0.0,0.07131263613700867,-0.03893387317657471,-0.027245262613377008,0.1188531219959259,-0.11808764934539795,-0.0435937437916607,0.14732417464256287,-0.17487287521362305,-0.057988850375494394,0.16695907711982727,-0.22222596406936646,-0.06892568056829873,0.03394705057144165,-0.26264268159866333,-0.04804004912622872,-0.010411322116851807,-0.3381495475769043,-0.07616389726646844,-0.03440740704536438,-0.3628060221672058,-0.09164008682020608,-0.05565497279167175,-0.37850603461265564,-0.10216766034611169,-0.021115601062774658,-0.25661057233810425,-0.049024647077402506,-0.026860415935516357,-0.20474177598953247,-0.07554646020182076,-0.006125777959823608,-0.1436973214149475,-0.08005127494581643,0.010171234607696533,-0.1387823224067688,-0.08371156637915078,-0.0634177029132843,-0.2216441035270691,-0.052201865216574106,-0.06291905045509338,-0.15328311920166016,-0.07782628571041528,-0.03928753733634949,-0.11211532354354858,-0.06767735069044534,-0.020298153162002563,-0.12490987777709961,-0.06133997996695939,-0.09362509846687317,-0.17885923385620117,-0.05905244683273736,-0.09711083769798279,-0.1300886869430542,-0.07879509215601388,-0.07456579804420471,-0.09589147567749023,-0.07185570334442559,-0.056859344244003296,-0.10014855861663818,-0.06466669773109857,-1.138055187262147,-2.2290698594935123,1.3112562274607154,1.1514800028288934,1.133813409412392,0.2719935213695628,0.17760987836695546,0.21103480979228564,0.25494622700457253,0.24859715962648388,0.256049048926351,0.2783600814654799,0.03347877403764252,0.07736708735493121,0.04415703364018924,X
0.0,0.0,0.0,0.07168793678283691,-0.03745424747467041,-0.02894700649584081,0.1204792857170105,-0.117312490940094,-0.04580484102869775,0.15028977394104004,-0.17380940914154053,-0.06044664006138589,0.16691690683364868,-0.22014033794403076,-0.07140976707840707,0.03488123416900635,-0.26053279638290405,-0.04886314045096185,-0.00849863886833191,-0.3347071409225464,-0.07721154909039285,-0.03191322088241577,-0.3603999614715576,-0.09195095817948129,-0.05289489030838013,-0.3778238892555237,-0.10204398404265191,-0.020443618297576904,-0.253439724445343,-0.04934229473973062,-0.02523285150527954,-0.20380526781082153,-0.07680169265175607,-0.0044252872467041016,-0.14016741514205933,-0.07991862814331796,0.012507915496826172,-0.1360030174255371,-0.08202434103394296,-0.06265312433242798,-0.21880590915679932,-0.0524701527824476,-0.06116381287574768,-0.15137046575546265,-0.07916224520111825,-0.03776809573173523,-0.10720705986022949,-0.06770022730732705,-0.01934981346130371,-0.1199144721031189,-0.060044770645149015,-0.09238064289093018,-0.1770920753479004,-0.05951782833243158,-0.09548115730285645,-0.12756776809692383,-0.08009470771456506,-0.07418996095657349,-0.09277564287185669,-0.07342321197891977,-0.05813002586364746,-0.0993427038192749,-0.06632637749815729,-1.1466080691598057,-2.213247895601113,1.2972408519806,1.1580607981937294,1.155848882189468,0.2705204770752348,0.17584432123240903,0.2115195387499663,0.25541767817948646,0.25050920354312,0.260081794127481,0.27853038844309325,0.03568972099864571,0.0795845296106926,0.04389877588606618,X
0.0,0.0,0.0,0.07303401827812195,-0.03666943311691284,-0.02781253950068674,0.12076875567436218,-0.11708420515060425,-0.044109760684463595,0.1501363217830658,-0.17347723245620728,-0.05833221496412477,0.16814711689949036,-0.22020936012268066,-0.06900598750779352,0.038306623697280884,-0.2578701376914978,-0.05097247184583864,-0.005633294582366943,-0.3308022618293762,-0.07995436237523279,-0.030520141124725342,-0.3576902747154236,-0.0949479107684823,-0.05259695649147034,-0.3816174566745758,-0.10550059275099954,-0.018006175756454468,-0.2538064122200012,-0.05228680641720018,-0.024279534816741943,-0.19943112134933472,-0.08021522955367288,-0.003888368606567383,-0.13592642545700073,-0.08342545376488886,0.012561827898025513,-0.13443005084991455,-0.08598575638005457,-0.0614759624004364,-0.21998250484466553,-0.05593107910225115,-0.06066480278968811,-0.1474977731704712,-0.08342991666266641,-0.036695510149002075,-0.1021730899810791,-0.07186130331227503,-0.017749160528182983,-0.11699450016021729,-0.06426073507735452,-0.09221604466438293,-0.1775006651878357,-0.06336752967307291,-0.09377226233482361,-0.12694847583770752,-0.08445976571509561,-0.07073226571083069,-0.09082847833633423,-0.07745797829100809,-0.053471654653549194,-0.09637713432312012,-0.07019919799039087,-1.1401315729176456,-2.204362063633129,1.3201184445859022,1.1692802030431688,1.125230853423093,0.2734602705508421,0.1776650558015903,0.21262815730410076,0.2538686669346016,0.255631142041502,0.2669076207190401,0.28524166349262003,0.03496790595999063,0.07621315683059131,0.04124527076644697,X
0.0,0.0,0.0,0.06988614797592163,-0.03968936204910278,-0.026013281565667512,0.11849850416183472,-0.12124288082122803,-0.04185335933840406,0.15025734901428223,-0.17722630500793457,-0.05607166364467275,0.1638140082359314,-0.22144991159439087,-0.0668483808604492,0.0331573486328125,-0.26091837882995605,-0.04930977001464498,-0.01104825735092163,-0.3369540572166443,-0.07957312315380705,-0.03565472364425659,-0.36292871832847595,-0.09681067466414106,-0.05715659260749817,-0.3805945813655853,-0.10856958329355848,-0.023700863122940063,-0.2564743161201477,-0.051611198481680276,-0.02475607395172119,-0.19725751876831055,-0.08055995255386961,-0.0042275190353393555,-0.13648909330368042,-0.08621047287857664,0.011022418737411499,-0.13466590642929077,-0.09033898859894407,-0.06713438034057617,-0.22123491764068604,-0.05610034465468061,-0.05937078595161438,-0.1422073245048523,-0.08295214026844633,-0.03502190113067627,-0.10071253776550293,-0.07356595098650587,-0.01661127805709839,-0.11550039052963257,-0.06750927716171873,-0.09745955467224121,-0.17727047204971313,-0.06437275409376753,-0.09305542707443237,-0.12023526430130005,-0.08391600697910917,-0.06872761249542236,-0.08637022972106934,-0.07745729237473142,-0.05205178260803223,-0.09277379512786865,-0.07075260430252683,-1.1460987704474406,-2.217268369760515,1.2930973000750936,1.125041704590953,1.0776850729972316,0.27231421621665075,0.17571776624456714,0.20923332657053806,0.25130774481817275,0.2552044097265777,0.26817690531990146,0.28786605231535733,0.03362942458965002,0.07571858335082818,0.0421013954802004,X
0.0,0.0,0.0,0.0751706063747406,-0.03576469421386719,-0.026381711324887647,0.12482693791389465,-0.1191512942314148,-0.04149621803148307,0.15592136979103088,-0.1778930425643921,-0.054877550190525426,0.1706617772579193,-0.2254764437675476,-0.06380306262357749,0.0448475182056427,-0.26140284538269043,-0.049809329992370976,0.001557081937789917,-0.3366575539112091,-0.07801809239967383,-0.02414897084236145,-0.36102840304374695,-0.09122245836837806,-0.04848000407218933,-0.3805937170982361,-0.09992706853731192,-0.011308133602142334,-0.26090919971466064,-0.051447787171440496,-0.014873862266540527,-0.19772744178771973,-0.07739565599544562,0.005696326494216919,-0.13452404737472534,-0.0797143362818531,0.021400868892669678,-0.1365557312965393,-0.08162331659181632,-0.05484512448310852,-0.2283915877342224,-0.055240881478624715,-0.05047258734703064,-0.14758145809173584,-0.08005483526571311,-0.027110576629638672,-0.10311150550842285,-0.06693705249412574,-0.010218143463134766,-0.12040770053863525,-0.058517237043218984,-0.08578774333000183,-0.18560117483139038,-0.06301705617292441,-0.0849696695804596,-0.12856340408325195,-0.08223714757545508,-0.06327113509178162,-0.09399306774139404,-0.07417918819768943,-0.04915201663970947,-0.10142850875854492,-0.0658934943733982,-1.1637856187756705,-2.2350906802213695,1.3135898976854399,1.1788990982151761,1.1602802263220924,0.2684855467433595,0.17374035763854978,0.2091817069529693,0.25240046388163984,0.2538461638876584,0.26298428316235856,0.2791660171801612,0.035503814438940635,0.07881390372376422,0.04331346443261093,X
0.0,0.0,0.0,0.07319715619087219,-0.03377753496170044,-0.025566283836866432,0.12235113978385925,-0.11383908987045288,-0.04017994202663999,0.1527901589870453,-0.1695842146873474,-0.05336819611480337,0.1684284508228302,-0.21497130393981934,-0.063314188495184,0.03856390714645386,-0.2594243884086609,-0.04789289854457479,-0.0054451823234558105,-0.33128035068511963,-0.0754209349303494,-0.03216034173965454,-0.3564217686653137,-0.09054610528042417,-0.05544537305831909,-0.3785902261734009,-0.10155401028683286,-0.017652422189712524,-0.25353384017944336,-0.04974141739299398,-0.022105693817138672,-0.1984848976135254,-0.07627584435036283,-0.0010005533695220947,-0.13732874393463135,-0.08070818729689222,0.016730040311813354,-0.13538998365402222,-0.08482094503929716,-0.06075844168663025,-0.21909475326538086,-0.05355611465861898,-0.05642387270927429,-0.14690476655960083,-0.07914048828175169,-0.03308561444282532,-0.10285890102386475,-0.06829003639509779,-0.014995187520980835,-0.1150209903717041,-0.06179699324061971,-0.09133198857307434,-0.17638498544692993,-0.06114656500508886,-0.08989372849464417,-0.1238260269165039,-0.08112249918272596,-0.0678311288356781,-0.0893479585647583,-0.07466568447640043,-0.05191263556480408,-0.09488505125045776,-0.06816266871979337,-1.1432831362171691,-2.2387288760039454,1.287596436799841,1.1565245508520041,1.1202950724207386,0.27729161677203057,0.17130555825775068,0.2088882387441805,0.2509400375297974,0.2536841505822429,0.2666551322796835,0.2837271691471506,0.03770127276867214,0.07970236195069555,0.04205180155906436,X
0.0,0.0,0.0,0.07254254817962646,-0.036408424377441406,-0.026830497238819362,0.12091690301895142,-0.11826932430267334,-0.04116094768423295,0.1517200469970703,-0.17432266473770142,-0.05360098094124055,0.16776323318481445,-0.21905899047851562,-0.06243950784582353,0.037426888942718506,-0.262515127658844,-0.04898263052481866,-0.008871227502822876,-0.3332107663154602,-0.07734351888674951,-0.0355968177318573,-0.35929596424102783,-0.09166102394837594,-0.05810439586639404,-0.38424187898635864,-0.10162408188361383,-0.019122153520584106,-0.25822699069976807,-0.05012554586309648,-0.0250302255153656,-0.19869649410247803,-0.07661047116297937,-0.0038019120693206787,-0.1336991786956787,-0.07858462170142388,0.014493465423583984,-0.1335432529449463,-0.0801695539094851,-0.06253093481063843,-0.22401243448257446,-0.05368607402223802,-0.06070166826248169,-0.1464192271232605,-0.08058400735635018,-0.03622719645500183,-0.10040700435638428,-0.06903713480014062,-0.016796916723251343,-0.11522436141967773,-0.061162016395513774,-0.09293049573898315,-0.1810462474822998,-0.06105700046200013,-0.09410572052001953,-0.12375879287719727,-0.08206513807553506,-0.07003366947174072,-0.08802914619445801,-0.0757314218618319,-0.052847325801849365,-0.0945122241973877,-0.06868102684993005,-1.135708875519049,-2.2362006761255313,1.307450747296539,1.1728321741574983,1.1370138540768868,0.2798241814229228,0.1755122875342118,0.21176420643223487,0.2533395265794388,0.26099856429285356,0.272170410939361,0.2897773449560883,0.0362583756063278,0.07783446131348341,0.04157673175045431,X
0.0,0.0,0.0,0.0730750560760498,-0.039838194847106934,-0.027192061238906717,0.11993938684463501,-0.11902707815170288,-0.04539065941514764,0.15126311779022217,-0.17279869318008423,-0.06203964858593736,0.16796523332595825,-0.21951264142990112,-0.07553697883429322,0.03497028350830078,-0.2616531252861023,-0.055073631399295664,-0.011292219161987305,-0.33477285504341125,-0.0845297998124579,-0.036704182624816895,-0.362541139125824,-0.09999094664397035,-0.05986446142196655,-0.386466920375824,-0.11108191817345414,-0.022679388523101807,-0.256256639957428,-0.057562579804084635,-0.022630542516708374,-0.19271528720855713,-0.08624593674483094,-0.0013956129550933838,-0.13218700885772705,-0.08961941807808671,0.013636410236358643,-0.13410943746566772,-0.09223212062659059,-0.06600278615951538,-0.2184288501739502,-0.06199906527342591,-0.054483890533447266,-0.13638538122177124,-0.08876967936100755,-0.029465556144714355,-0.09578955173492432,-0.07691004633250031,-0.012490987777709961,-0.11367380619049072,-0.06937242805304322,-0.09507083892822266,-0.17145580053329468,-0.0704059651428679,-0.08762195706367493,-0.11161375045776367,-0.09114715217890534,-0.062102288007736206,-0.07971447706222534,-0.08418670057596955,-0.04468446969985962,-0.08859562873840332,-0.07688177137913499,-1.1249537606039381,-2.220546203528253,1.2818076361051507,1.0985239734365824,1.0244501620108972,0.28245371491146226,0.17638336906743046,0.20920398366152365,0.24971816195269886,0.26284344639972174,0.27687601765421166,0.29825783900918434,0.03317010630975651,0.07397859029068339,0.04080851948539865,X
0.0,0.0,0.0,0.073924720287323,-0.03943049907684326,-0.02687164678359011,0.11734789609909058,-0.1186908483505249,-0.04437038212203959,0.14719152450561523,-0.17056286334991455,-0.060319281212329656,0.1640481948852539,-0.21641355752944946,-0.07279349028253534,0.032686054706573486,-0.25631195306777954,-0.054057369969129354,-0.013132929801940918,-0.32535773515701294,-0.08456470727109888,-0.03835996985435486,-0.35443171858787537,-0.10161956309461573,-0.06237846612930298,-0.38194435834884644,-0.11393277256870249,-0.023832350969314575,-0.25071626901626587,-0.056907198421001226,-0.02763885259628296,-0.18619084358215332,-0.08711697070980051,-0.005163311958312988,-0.1312463879585266,-0.09248647003555277,0.009818732738494873,-0.13715791702270508,-0.09659094273233393,-0.06628632545471191,-0.2130945920944214,-0.061759374133586675,-0.05850210785865784,-0.1300039291381836,-0.08890482693099955,-0.03283733129501343,-0.0915328860282898,-0.07774528025770167,-0.016177237033843994,-0.11154341697692871,-0.07083483695173243,-0.09430170059204102,-0.1654307246208191,-0.0706735840358732,-0.08977317810058594,-0.10405492782592773,-0.09170510529661158,-0.06480008363723755,-0.07383590936660767,-0.0854247277894018,-0.04829415678977966,-0.08434277772903442,-0.07876635252618769,-1.1249960402446397,-2.218563968777948,1.2827071662264782,1.112413037482762,1.054708799148333,0.2804807994107831,0.17340179799013872,0.20851607297743463,0.25006392221184837,0.25521135825325797,0.2743195630368902,0.29793467162615006,0.036495110042297906,0.07852736381628556,0.04208766220762681,X
0.0,0.0,0.0,0.07340741157531738,-0.041619062423706055,-0.0316137413262112,0.11614644527435303,-0.11764103174209595,-0.05096205722081493,0.14639103412628174,-0.1692323088645935,-0.06804358239757846,0.16203004121780396,-0.21539443731307983,-0.08016736085998843,0.029594480991363525,-0.2575552463531494,-0.05312628697144817,-0.016459941864013672,-0.32648414373397827,-0.08448343749630283,-0.0407429039478302,-0.35285189747810364,-0.09725102807867358,-0.06561017036437988,-0.37408843636512756,-0.10451593275654147,-0.02617955207824707,-0.25129616260528564,-0.05410994242417644,-0.034155845642089844,-0.18892890214920044,-0.08331392731058429,-0.011091887950897217,-0.1275315284729004,-0.08271152551758121,0.0041110217571258545,-0.13527929782867432,-0.08065860744106601,-0.06766313314437866,-0.21288686990737915,-0.05863155450212787,-0.0637924075126648,-0.13112711906433105,-0.08696839238989185,-0.03515201807022095,-0.08767712116241455,-0.07162732656586002,-0.0186443030834198,-0.1087382435798645,-0.06003993775236438,-0.09553831815719604,-0.16474205255508423,-0.06768005366909335,-0.09496477246284485,-0.10605847835540771,-0.08966683621990512,-0.06984922289848328,-0.07397729158401489,-0.08163602675783466,-0.05485117435455322,-0.08489209413528442,-0.0722994955955727,-1.13194252408233,-2.2558022486546103,1.3154097317084432,1.1308931244790867,1.0995419402920836,0.27749567792005836,0.1770786612837012,0.2098064878652095,0.253117212459047,0.24877871548701033,0.269474521060209,0.28939640694773666,0.03496044006068887,0.07755907984466595,0.04335408136009427,X
0.0,0.0,0.0,0.06671768426895142,-0.04037785530090332,-0.033053854582405506,0.1115148663520813,-0.11246734857559204,-0.053131206063127934,0.13963425159454346,-0.16577577590942383,-0.07067424627909702,0.15791183710098267,-0.20644795894622803,-0.08398467871317905,0.02267470955848694,-0.25813865661621094,-0.050245160338974415,-0.01848086714744568,-0.3189900517463684,-0.08141547265420002,-0.04473337531089783,-0.34760260581970215,-0.09716810109982532,-0.06933519244194031,-0.3728259801864624,-0.10733806165823978,-0.03161352872848511,-0.24825286865234375,-0.05005201148757976,-0.03521448373794556,-0.18088239431381226,-0.07862045439848941,-0.007437348365783691,-0.12327945232391357,-0.0807196778334145,0.012011349201202393,-0.13010752201080322,-0.0812202823437218,-0.07197123765945435,-0.20909374952316284,-0.05367736342320484,-0.06759229302406311,-0.1281808614730835,-0.08201826187739414,-0.03821450471878052,-0.08632701635360718,-0.07045305344233554,-0.019917786121368408,-0.10537952184677124,-0.06158718290696186,-0.10013702511787415,-0.16197437047958374,-0.061905657974577366,-0.0969800353050232,-0.09929996728897095,-0.08258651020894092,-0.06867316365242004,-0.06716006994247437,-0.07631937238345188,-0.051330626010894775,-0.07673877477645874,-0.06893998208413166,-1.112212158179207,-2.2469183074969648,1.2170784271642392,1.1056354134379938,1.050763190026653,0.2816431401399615,0.16466576657242848,0.20454389228996842,0.24618464782986066,0.2559873234683092,0.2719736901354553,0.2966341140527765,0.04038494366170893,0.08282770674800362,0.04250951543678936,X
0.0,0.0,0.0,0.06870391964912415,-0.04214608669281006,-0.03439720144960745,0.11519810557365417,-0.1157994270324707,-0.05521341583225592,0.14379742741584778,-0.16961729526519775,-0.07279843261930807,0.15786787867546082,-0.21643364429473877,-0.08590597829315527,0.026926279067993164,-0.261968731880188,-0.05556455424520834,-0.016389280557632446,-0.3262558579444885,-0.08778043261263235,-0.040667325258255005,-0.35008376836776733,-0.1045521365711437,-0.06424272060394287,-0.37268146872520447,-0.11550089886877402,-0.028483867645263672,-0.2527930736541748,-0.05460793322417601,-0.03257119655609131,-0.18863970041275024,-0.08493001183960303,-0.00820121169090271,-0.12971222400665283,-0.08940179815981253,0.008495718240737915,-0.1355157494544983,-0.0920205505797611,-0.06988677382469177,-0.21451938152313232,-0.056995509029363234,-0.06442952156066895,-0.1318485140800476,-0.08643958142492636,-0.03717857599258423,-0.08982324600219727,-0.07722932270262106,-0.01970130205154419,-0.11097663640975952,-0.07050522586796149,-0.09796261787414551,-0.1689327359199524,-0.06383556297514303,-0.09354418516159058,-0.10381090641021729,-0.08563479206058844,-0.06651028990745544,-0.07086825370788574,-0.08085898479912146,-0.04880377650260925,-0.08175301551818848,-0.07490401885006293,-1.1697657076420909,-2.259687369437461,1.2653467412406028,1.119476735139364,1.057359692758505,0.2715630699331363,0.1698815705670065,0.2065235929769583,0.24668207235567413,0.24806946382566472,0.26546818495615465,0.29133782088906857,0.03737967392027166,0.07857266482784779,0.04124286650063454,X
0.0,0.0,0.0,0.06954437494277954,-0.0386197566986084,-0.028350713303723296,0.1147947907447815,-0.1168593168258667,-0.04546386433247562,0.1436958909034729,-0.1696740984916687,-0.06079685372714039,0.15870732069015503,-0.2128036618232727,-0.07278237549070354,0.02569633722305298,-0.2593314051628113,-0.05206583870057102,-0.021419107913970947,-0.3270305395126343,-0.08184628245834347,-0.04599344730377197,-0.3512480854988098,-0.09859021065238949,-0.06760972738265991,-0.37121278047561646,-0.11017508862022396,-0.029545098543167114,-0.2504042983055115,-0.05340015572909351,-0.03256884217262268,-0.18650436401367188,-0.08270470110181805,-0.008961886167526245,-0.13025420904159546,-0.08836064544919964,0.007968544960021973,-0.13126784563064575,-0.09242092875246044,-0.07051140069961548,-0.21177273988723755,-0.05703286883834835,-0.06453174352645874,-0.1304835081100464,-0.084151745414772,-0.037847280502319336,-0.08964896202087402,-0.0751289507508659,-0.01902848482131958,-0.1044321060180664,-0.06921356973651882,-0.09804362058639526,-0.16556978225708008,-0.06473419127468105,-0.09382003545761108,-0.10280740261077881,-0.08571485487226482,-0.06767651438713074,-0.06978940963745117,-0.08103412446979519,-0.04875987768173218,-0.07669419050216675,-0.07528211978677746,-1.1415678722361084,-2.2659120894022835,1.2657449999524395,1.1235837172542105,1.0644856205657187,0.2762478146892843,0.17137755929764317,0.2081691876057878,0.24812985830728024,0.25156638688040545,0.2711679652776653,0.29512118980801183,0.03806568714168711,0.07871720123012281,0.04066137821800166,X
0.0,0.0,0.0,0.06910702586174011,-0.039577603340148926,-0.028742592792639243,0.11637899279594421,-0.11661291122436523,-0.044391395535001266,0.14485082030296326,-0.17115867137908936,-0.05789178424669217,0.16278484463691711,-0.21601325273513794,-0.06761114859176587,0.028317123651504517,-0.2607208490371704,-0.04872692191196393,-0.01625770330429077,-0.3268905282020569,-0.07531083190036725,-0.03759276866912842,-0.35053715109825134,-0.08937249892545651,-0.05494919419288635,-0.37255966663360596,-0.09984428995443295,-0.02638077735900879,-0.255790114402771,-0.04931743257833432,-0.02986845374107361,-0.1877177357673645,-0.07641424053502988,-0.006690293550491333,-0.1316414475440979,-0.0821027886231036,0.011151403188705444,-0.13346517086029053,-0.08660957777095746,-0.0679226815700531,-0.21994870901107788,-0.05221939274264287,-0.06375429034233093,-0.13227832317352295,-0.07819516026569318,-0.03856104612350464,-0.09066975116729736,-0.06999175810409497,-0.019519180059432983,-0.10629034042358398,-0.06486552023483227,-0.09700873494148254,-0.17604535818099976,-0.05924894475532483,-0.0960949957370758,-0.11016601324081421,-0.07941013389421414,-0.07398757338523865,-0.07695937156677246,-0.07542092912984799,-0.05786755681037903,-0.08431750535964966,-0.07033496164871167,-1.1340120022089077,-2.210781468493505,1.2730911576056807,1.1681904119142856,1.1674783146219256,0.26816951983700316,0.17264670974752097,0.21277658448855782,0.2569654687720651,0.248063433184537,0.2686161573357712,0.28825693465422236,0.04097750707454935,0.08472962801475117,0.04419732435543311,X
0.0,0.0,0.0,0.07145851850509644,-0.033779799938201904,-0.03235943490975046,0.12066811323165894,-0.10818439722061157,-0.05144169429652834,0.15073269605636597,-0.16221517324447632,-0.06791923815720224,0.1671149730682373,-0.2083156704902649,-0.08121831590645456,0.03350567817687988,-0.25720757246017456,-0.051663349069286824,-0.008996784687042236,-0.31858158111572266,-0.08170899624340677,-0.032544076442718506,-0.3432738184928894,-0.09976258749478006,-0.054574787616729736,-0.3685152530670166,-0.11261688048355722,-0.01921945810317993,-0.24541354179382324,-0.05178152645342493,-0.03359535336494446,-0.1889161467552185,-0.08251383031122828,-0.010481059551239014,-0.13018131256103516,-0.0904219510626092,0.010179638862609863,-0.12912189960479736,-0.09603383267634058,-0.059711992740631104,-0.20581960678100586,-0.054659611232210636,-0.06545734405517578,-0.1344308853149414,-0.0831742646765008,-0.03991517424583435,-0.09113472700119019,-0.07480778420679712,-0.0185832679271698,-0.1017865538597107,-0.06896877164356852,-0.08774349093437195,-0.15989762544631958,-0.06179681668393755,-0.09470236301422119,-0.1070818305015564,-0.08364391202442789,-0.07005542516708374,-0.07304126024246216,-0.07896461213343287,-0.048908501863479614,-0.07578587532043457,-0.07309991741888666,-1.1364766567227882,-2.240224738352444,1.3231795051026387,1.1943111604714802,1.138249567167709,0.27351463626344286,0.17578496087348286,0.21408477152491373,0.25343695138896244,0.24799659963506604,0.26914603558363154,0.2927842130138485,0.03968029654628328,0.07959987349819277,0.03994565180084925,X
0.0,0.0,0.0,0.06468170881271362,-0.04091542959213257,-0.027845509821290193,0.10969305038452148,-0.11731827259063721,-0.044862108776086984,0.13989192247390747,-0.16908150911331177,-0.06038217107366961,0.16282421350479126,-0.2089095115661621,-0.07326772669863146,0.02241167426109314,-0.25105369091033936,-0.04500339786123675,-0.013688087463378906,-0.3213376998901367,-0.0750483111531679,-0.039773136377334595,-0.3473835587501526,-0.0931956307084505,-0.06219601631164551,-0.3718646764755249,-0.1056814403326456,-0.03252983093261719,-0.24206334352493286,-0.04613908241104525,-0.033519208431243896,-0.17835325002670288,-0.07369701425146502,-0.009592443704605103,-0.11937320232391357,-0.07919623563599032,0.00687900185585022,-0.12179851531982422,-0.0830611274630968,-0.07383108139038086,-0.20190304517745972,-0.050348779657596765,-0.06591638922691345,-0.12343883514404297,-0.07654583314966601,-0.039446741342544556,-0.0829121470451355,-0.06827140460323733,-0.022230327129364014,-0.09957164525985718,-0.06255943188976687,-0.10234034061431885,-0.15527009963989258,-0.05839784676741999,-0.09749987721443176,-0.09808242321014404,-0.07653694460701388,-0.07061588764190674,-0.06598860025405884,-0.070528565445656,-0.05310279130935669,-0.07286268472671509,-0.06422635028671664,-1.0451451801235145,-2.181744472272739,1.2541389640982419,1.103753364663064,1.0322249686409637,0.2778281655939146,0.17862596312759943,0.21494174098516472,0.25521208925341204,0.2594309987067635,0.27521037618598493,0.29914023101331183,0.03662494759903545,0.07741143989844872,0.040822513608373905,X
0.0,0.0,0.0,0.06993970274925232,-0.03558295965194702,-0.0301712749462979,0.11873134970664978,-0.11249756813049316,-0.04710324089344908,0.1472388207912445,-0.16489779949188232,-0.06227460856851508,0.16632035374641418,-0.2074795961380005,-0.07413415591534545,0.033578187227249146,-0.2576131224632263,-0.04966264943894316,-0.0065888166427612305,-0.32444095611572266,-0.0801651177864926,-0.029725313186645508,-0.35051459074020386,-0.09822614471730162,-0.04860764741897583,-0.3770511746406555,-0.11141423861798216,-0.02186286449432373,-0.2515275478363037,-0.05116498823579718,-0.023546546697616577,-0.1833106279373169,-0.08260915409144332,-0.0010925531387329102,-0.1274147629737854,-0.0915740949970143,0.01604357361793518,-0.13068151473999023,-0.09824409316595961,-0.0649418830871582,-0.21448975801467896,-0.05537427942570616,-0.05915093421936035,-0.12913435697555542,-0.08425027857836653,-0.03500792384147644,-0.08574926853179932,-0.07708165775355269,-0.016714125871658325,-0.0999976396560669,-0.07236823420342375,-0.0956861674785614,-0.16974860429763794,-0.06392957995947768,-0.09235909581184387,-0.10623776912689209,-0.08488465081271102,-0.0692301094532013,-0.0719383955001831,-0.08076315353926589,-0.0528738796710968,-0.07783401012420654,-0.07577811907347609,-1.1063237230433856,-2.173493889119951,1.2668409120806685,1.172121435226426,1.1348947617818408,0.27376735729599316,0.16876331340726464,0.21225925586000452,0.2546646617345059,0.25471118880240223,0.2788832335658526,0.2992475768972787,0.04488392881663019,0.08684741856820606,0.04241172324796008,X
0.0,0.0,0.0,0.07467788457870483,-0.03598254919052124,-0.024295529202873922,0.12428504228591919,-0.11503934860229492,-0.0380088666838958,0.15719765424728394,-0.16685307025909424,-0.05072099141901276,0.17360299825668335,-0.21009045839309692,-0.0608459616464927,0.039734065532684326,-0.2587963938713074,-0.04582220487421296,-0.0025162994861602783,-0.3268529772758484,-0.07147392429536126,-0.025286942720413208,-0.35046058893203735,-0.08652738280719063,-0.04589742422103882,-0.37038353085517883,-0.09763668276494286,-0.014326214790344238,-0.25367623567581177,-0.04794956170147202,-0.02468046545982361,-0.19121652841567993,-0.07509510763114235,-0.00424078106880188,-0.13247257471084595,-0.08202076502269051,0.01544526219367981,-0.1263514757156372,-0.08738741077607415,-0.056646645069122314,-0.2173406481742859,-0.05162830822294495,-0.05792790651321411,-0.1369890570640564,-0.07704727895682595,-0.034935057163238525,-0.0956164002418518,-0.06931518562262795,-0.013307809829711914,-0.10392904281616211,-0.06458330698436043,-0.08632856607437134,-0.17332321405410767,-0.05887785725420258,-0.09235864877700806,-0.11498576402664185,-0.07955001093571923,-0.07013678550720215,-0.08116525411605835,-0.07537097282832406,-0.04871252179145813,-0.08226007223129272,-0.07009840555613778,-1.0921769874846046,-2.225338046563462,1.341099914078866,1.2057827920203132,1.1790681749999654,0.2717982791469305,0.17895833787904544,0.21495556828518758,0.2564464819032454,0.25162386435352824,0.26844008113973944,0.2881372106891458,0.03646237304282066,0.07784775595418847,0.04150949186995849,X
0.0,0.0,0.0,0.07614997029304504,-0.03341066837310791,-0.026922933107670133,0.12410500645637512,-0.11157745122909546,-0.04344864869719345,0.1521138846874237,-0.1623467206954956,-0.058536107933576886,0.1706545650959015,-0.2070862054824829,-0.07079382548337776,0.041082561016082764,-0.2564794421195984,-0.05356783727413017,-0.002467423677444458,-0.3238731026649475,-0.08262843946224052,-0.027170449495315552,-0.34699928760528564,-0.09958614716535408,-0.04945951700210571,-0.36946022510528564,-0.11214052448278267,-0.014598071575164795,-0.25208622217178345,-0.05643285373454887,-0.024411886930465698,-0.18783020973205566,-0.08630459318166572,-0.0021354854106903076,-0.12959790229797363,-0.09470841596132118,0.017814040184020996,-0.12496310472488403,-0.10158103266959984,-0.05807963013648987,-0.21560049057006836,-0.06082103708988029,-0.05737796425819397,-0.13143247365951538,-0.08800413022046882,-0.0326026976108551,-0.08928102254867554,-0.08038730481868583,-0.010223448276519775,-0.09886044263839722,-0.07607562402492363,-0.08839383721351624,-0.1698068380355835,-0.06915229121452171,-0.08964502811431885,-0.10564661026000977,-0.09074705401664573,-0.06361627578735352,-0.07039910554885864,-0.08650671998267967,-0.040915608406066895,-0.07222133874893188,-0.08140330324178535,-1.1172913456167577,-2.2463864563158666,1.3211489821147353,1.1817521738750796,1.1179830354284448,0.2735242793360666,0.17350628153868636,0.21078347056811186,0.2508993236234635,0.25358346430866435,0.27342953637119427,0.2973616551212729,0.03830730644637225,0.07893583154548584,0.040640503804105194,X
0.0,0.0,0.0,0.07232144474983215,-0.03449827432632446,-0.025027665332146398,0.12360838055610657,-0.11186355352401733,-0.03924644647557329,0.15221145749092102,-0.165255606174469,-0.05226857869345736,0.17111894488334656,-0.20662826299667358,-0.06266533865053248,0.03732866048812866,-0.2536934018135071,-0.04583589641768526,-0.004922002553939819,-0.3207128643989563,-0.07386058105547022,-0.029095500707626343,-0.34733277559280396,-0.09192386551220011,-0.050171464681625366,-0.36955663561820984,-0.10550925417263102,-0.01705661416053772,-0.24944579601287842,-0.048436182573624365,-0.02725878357887268,-0.18318551778793335,-0.07730271203834604,-0.006336599588394165,-0.13125073909759521,-0.08698397411424708,0.011930674314498901,-0.13133901357650757,-0.09490919394809794,-0.05953100323677063,-0.21379303932189941,-0.05280857069809031,-0.061489760875701904,-0.12860208749771118,-0.07830187214929651,-0.03928115963935852,-0.09303843975067139,-0.07168941481430124,-0.018640369176864624,-0.1081584095954895,-0.06849392040092539,-0.09007355570793152,-0.17032718658447266,-0.06103118045646738,-0.09278127551078796,-0.10799247026443481,-0.08119715286809992,-0.07098421454429626,-0.07764041423797607,-0.0778424320967872,-0.050871968269348145,-0.08462870121002197,-0.07374894155580591,-1.1060669632383247,-2.217618297091365,1.3301207214595525,1.2014642362644026,1.1417757093798848,0.27480010911667263,0.17609479425852603,0.2137870653277521,0.25330585977924447,0.2461794287082031,0.26329307349711184,0.2849287955110768,0.038365728209896276,0.07826892868111263,0.039906430017776905,X
0.0,0.0,0.0,0.07069551944732666,-0.033542513847351074,-0.027240157468455095,0.12119090557098389,-0.10750758647918701,-0.0431721344275644,0.15183019638061523,-0.15866154432296753,-0.057895893572109,0.16843444108963013,-0.20034438371658325,-0.07012530636622216,0.03868889808654785,-0.25093787908554077,-0.04319403913451936,0.002820312976837158,-0.3156457543373108,-0.07311966490580346,-0.023110926151275635,-0.3425293564796448,-0.09261098724438455,-0.047343909740448,-0.36949026584625244,-0.1062643251998594,-0.015665024518966675,-0.2418157458305359,-0.044567140160339136,-0.0276472270488739,-0.18473535776138306,-0.0716191328747442,-0.005665451288223267,-0.12285178899765015,-0.07780185562207009,0.013419657945632935,-0.11979788541793823,-0.08283341896368768,-0.05828428268432617,-0.20444440841674805,-0.04899627935721185,-0.06391283869743347,-0.13480854034423828,-0.07495042157007958,-0.039095282554626465,-0.08866620063781738,-0.06622002494169976,-0.017712056636810303,-0.09806406497955322,-0.060627526013391275,-0.08843657374382019,-0.16099387407302856,-0.05721169930531289,-0.09569138288497925,-0.10945391654968262,-0.07592142593695428,-0.07242071628570557,-0.07159459590911865,-0.06989928555323388,-0.05201160907745361,-0.07069486379623413,-0.06384499591423776,-1.100063596206651,-2.1985595522960333,1.336798684715691,1.2064366883618318,1.1873781291840224,0.27417262104078194,0.17469207589743188,0.21239534415040304,0.25574491011522676,0.2569795633934709,0.2730388786149059,0.298831858581599,0.03796765206976421,0.08180683001209614,0.043880889588081916,X
0.0,0.0,0.0,0.07280993461608887,-0.036995887756347656,-0.023577859826318104,0.12387126684188843,-0.11094486713409424,-0.03711869028948911,0.15512007474899292,-0.16059201955795288,-0.04977072236680158,0.16728228330612183,-0.20082932710647583,-0.06158998442434438,0.04505780339241028,-0.24567139148712158,-0.04187223149084218,0.010691255331039429,-0.30709320306777954,-0.06981034410738118,-0.017629474401474,-0.3358480930328369,-0.09077481014274724,-0.04345351457595825,-0.36649617552757263,-0.1062090454771436,-0.008091151714324951,-0.23242312669754028,-0.04517163915180333,-0.030132979154586792,-0.19688260555267334,-0.07249727679037221,-0.011948704719543457,-0.14357125759124756,-0.08344387096904882,0.00998455286026001,-0.13039785623550415,-0.09231617880605825,-0.05050253868103027,-0.19413608312606812,-0.050280502267114,-0.06062522530555725,-0.14272695779800415,-0.07511278820776113,-0.036603689193725586,-0.10136210918426514,-0.07007827443622716,-0.01161813735961914,-0.09765726327896118,-0.0670654161050237,-0.0807233452796936,-0.14932650327682495,-0.05873813313984044,-0.093189537525177,-0.11259740591049194,-0.07738146764778264,-0.07041066884994507,-0.07741159200668335,-0.07269307059787877,-0.0459522008895874,-0.067008376121521,-0.06763810498260625,-1.1208696414104633,-2.2030416238627732,1.3954469904752416,1.1876757751769604,1.171130297515649,0.2680579809943654,0.17234607071954827,0.20651836545161747,0.2517478742168995,0.2420703274336971,0.2707172916189936,0.29949822274326326,0.03922528077505747,0.08454079848920362,0.0460237134797856,X
0.0,0.0,0.0,0.07254523038864136,-0.03337907791137695,-0.021526541779905983,0.12234222888946533,-0.1101839542388916,-0.03414476125982446,0.15296930074691772,-0.16167527437210083,-0.04605794161108179,0.17112571001052856,-0.19965291023254395,-0.05695684462335748,0.039853692054748535,-0.2458881139755249,-0.044044396127731034,0.007072240114212036,-0.30924850702285767,-0.07038084253218813,-0.02086666226387024,-0.3394080400466919,-0.09114795013812227,-0.047568291425704956,-0.3690601587295532,-0.10729848429110689,-0.017090529203414917,-0.23555487394332886,-0.04830173238661928,-0.024301469326019287,-0.17695069313049316,-0.072397260214359,-0.004122525453567505,-0.12764179706573486,-0.08229224964526338,0.012341916561126709,-0.12406176328659058,-0.09197928592112703,-0.06143215298652649,-0.19363248348236084,-0.05394974931624574,-0.05651545524597168,-0.12165981531143188,-0.0744041337027852,-0.03097289800643921,-0.08504778146743774,-0.06834574624446077,-0.010864078998565674,-0.09052520990371704,-0.06655321105864687,-0.09164193272590637,-0.14311963319778442,-0.06309962853339357,-0.08791971206665039,-0.09126389026641846,-0.07752425059226198,-0.06351634860038757,-0.0602116584777832,-0.07136551126387758,-0.044004976749420166,-0.0569303035736084,-0.06658854171183748,-1.0716026710108906,-2.188039359415452,1.3126997618217784,1.114824809265189,1.0658815341962362,0.27663311824060177,0.17585879153112313,0.21220070283256107,0.25816846212759686,0.25221706284597745,0.28094290688199935,0.312150194123203,0.04078257768605105,0.08764476749325029,0.047190431604948964,X
0.0,0.0,0.0,0.07376790046691895,-0.0369035005569458,-0.0294654720994032,0.12269341945648193,-0.11621254682540894,-0.04504385381660825,0.15523231029510498,-0.16667991876602173,-0.05910783052168256,0.16774660348892212,-0.20831245183944702,-0.06955981045685178,0.033565372228622437,-0.2535249590873718,-0.04178226530275708,-0.0027258694171905518,-0.3176124691963196,-0.07241566270313626,-0.028974145650863647,-0.3482208549976349,-0.09203920304499036,-0.05424061417579651,-0.3812030553817749,-0.10579287051878339,-0.02116227149963379,-0.24670374393463135,-0.0439647079976595,-0.027996361255645752,-0.18273770809173584,-0.07309575915060407,-0.0042472779750823975,-0.12757837772369385,-0.0811421477767027,0.01218906044960022,-0.13857519626617432,-0.08595911949596768,-0.06324899196624756,-0.20899850130081177,-0.049924904254297076,-0.05978190898895264,-0.12881368398666382,-0.07640070259294873,-0.031217247247695923,-0.08570504188537598,-0.0679113173457182,-0.012706995010375977,-0.10377627611160278,-0.06139091193399793,-0.09126216173171997,-0.16144698858261108,-0.06048673182449704,-0.08667334914207458,-0.0999215841293335,-0.07886647224150067,-0.059625327587127686,-0.06550818681716919,-0.07277507871113187,-0.04302564263343811,-0.07057660818099976,-0.06574880867920285,-1.1158442932271733,-2.173228825652011,1.2716131377739597,1.1230035047595848,1.0827917473771675,0.28137072626652826,0.17047414470036926,0.20854571021037238,0.2517858263758487,0.2515575077191214,0.28051855442590423,0.3108288359970353,0.042787596583477965,0.08759264477183759,0.044960408632414836,X
0.0,0.0,0.0,0.07242250442504883,-0.042658984661102295,-0.03073379805887555,0.11880898475646973,-0.11712568998336792,-0.050340846540578355,0.1501542329788208,-0.1676715612411499,-0.06815322897041654,0.16507500410079956,-0.2123979926109314,-0.08312675765360211,0.03398755192756653,-0.2639719843864441,-0.04893293640220975,-0.0075508952140808105,-0.32267963886260986,-0.07768935373628949,-0.0319133996963501,-0.3480665385723114,-0.09580507537926053,-0.052877277135849,-0.38008013367652893,-0.10974789819324826,-0.021360576152801514,-0.24686598777770996,-0.0509830605110011,-0.03526058793067932,-0.20013821125030518,-0.08141313156689023,-0.013280719518661499,-0.1428079605102539,-0.08973130992258405,0.006448566913604736,-0.14339977502822876,-0.09587800166214322,-0.06348496675491333,-0.20431315898895264,-0.055683456720956315,-0.06387186050415039,-0.13838690519332886,-0.08372407815063809,-0.03698396682739258,-0.09587883949279785,-0.07568931243027066,-0.01690050959587097,-0.10643994808197021,-0.07028185984695767,-0.09153544902801514,-0.1545417308807373,-0.06456087938154553,-0.09000414609909058,-0.10234683752059937,-0.08481632581556653,-0.06417721509933472,-0.06886380910873413,-0.07914699277485227,-0.04539734125137329,-0.07185244560241699,-0.07316071948612546,-1.1187197427247906,-2.213104195742845,1.3082265034588212,1.1265589794982285,1.0618550155246098,0.2749918132028699,0.17298294888309956,0.21057586467961717,0.25308429216758366,0.24400235232896444,0.27599507056259204,0.30831843463592623,0.043717367049523115,0.08835733439515345,0.04481478263001104,X
0.0,0.0,0.0,0.08094143867492676,-0.03359854221343994,-0.025137664959231643,0.1350676417350769,-0.11625945568084717,-0.03563369086424473,0.17016535997390747,-0.16811543703079224,-0.044823553622165946,0.17664039134979248,-0.21084564924240112,-0.051731087476412085,0.05793464183807373,-0.25256478786468506,-0.03916250935236576,0.01588299870491028,-0.31283891201019287,-0.06802941879669788,-0.015938013792037964,-0.34010690450668335,-0.087821960658232,-0.04385417699813843,-0.3771246671676636,-0.10135962834993961,0.007008254528045654,-0.2406708002090454,-0.04145282900373104,-0.026736050844192505,-0.2005831003189087,-0.06942491999308231,-0.006724566221237183,-0.14826887845993042,-0.07897485813538196,0.020173847675323486,-0.14169377088546753,-0.08602231016794804,-0.034892499446868896,-0.20577973127365112,-0.046456515998045234,-0.05911540985107422,-0.15099382400512695,-0.07510598024765613,-0.032864391803741455,-0.10567337274551392,-0.06935441514889362,-0.0021806955337524414,-0.10389131307601929,-0.06401960572640064,-0.06483811140060425,-0.16540896892547607,-0.05482226258556011,-0.09009194374084473,-0.13218307495117188,-0.07672239115873936,-0.07284832000732422,-0.09517288208007812,-0.07133214941660526,-0.04822218418121338,-0.0835639238357544,-0.06434217861334446,-1.1566896672082119,-2.255930145376674,1.4385559563673471,1.2601365141720298,1.3705015930617563,0.27616402096060616,0.17106654135080493,0.208365570906049,0.2583869491613892,0.24398216096227937,0.27639309840430604,0.2935932381924598,0.04391755251060283,0.08976132960102279,0.05032913102964834,X
0.0,0.0,0.0,0.08094137907028198,-0.03636687994003296,-0.026732525389348893,0.1350698471069336,-0.1162494421005249,-0.04069500842288676,0.1681031584739685,-0.16846007108688354,-0.05253228598431292,0.17793649435043335,-0.21353238821029663,-0.06149172091082278,0.046495527029037476,-0.26254814863204956,-0.04663547554210368,0.0018403828144073486,-0.32463520765304565,-0.07387846016482058,-0.025433897972106934,-0.34701913595199585,-0.0919879158695096,-0.05113554000854492,-0.37385571002960205,-0.1047227089960927,-0.003988295793533325,-0.2459128499031067,-0.0487556574602479,-0.032592952251434326,-0.1998882293701172,-0.07684771769837084,-0.011218518018722534,-0.1516120433807373,-0.08614996873930636,0.013012498617172241,-0.14522850513458252,-0.0929334839542264,-0.04269850254058838,-0.20277589559555054,-0.052969091172968774,-0.056057125329971313,-0.13797777891159058,-0.07944137656286898,-0.027354300022125244,-0.10185003280639648,-0.07375983202055636,0.0012313127517700195,-0.10825401544570923,-0.06945703976944628,-0.06773537397384644,-0.15300601720809937,-0.060839910592591195,-0.08212485909461975,-0.10940331220626831,-0.08016341232851687,-0.061165571212768555,-0.08213871717453003,-0.07503453695372286,-0.036050945520401,-0.08206015825271606,-0.0691421186287755,-1.155754333699418,-2.2908307435624704,1.4035217354915313,1.1357375154183056,1.1507733458261535,0.27960251151328647,0.17850866873024837,0.20568971042756612,0.25114850521652105,0.23745603735773016,0.2707148821802303,0.2921851964553459,0.03880604628337896,0.07998413341675072,0.045564075064899366,X
0.0,0.0,0.0,0.07258966565132141,-0.0379563570022583,-0.02862627854868549,0.1226106584072113,-0.11307352781295776,-0.04579987986311096,0.15450826287269592,-0.16620522737503052,-0.060880004002896726,0.17030003666877747,-0.21088528633117676,-0.073997548355905,0.03300723433494568,-0.25996553897857666,-0.048148802056161344,-0.010679513216018677,-0.32697993516921997,-0.07628485424741882,-0.03436383605003357,-0.352010577917099,-0.09441104395612854,-0.057052791118621826,-0.37535232305526733,-0.10740736736282486,-0.01636362075805664,-0.24263650178909302,-0.04977152360901016,-0.04024076461791992,-0.1988205909729004,-0.07857344163879532,-0.017140477895736694,-0.1436658501625061,-0.08739212019666809,0.005291789770126343,-0.13503891229629517,-0.09393953396305221,-0.05464419722557068,-0.19850170612335205,-0.053714672609416425,-0.06800886988639832,-0.1399206519126892,-0.08121215416416305,-0.03899407386779785,-0.10213017463684082,-0.07630390538200515,-0.01103869080543518,-0.1096295714378357,-0.0729265199445166,-0.08121928572654724,-0.14867466688156128,-0.061197875573483884,-0.09585702419281006,-0.10408979654312134,-0.08240654928907531,-0.06924611330032349,-0.07251381874084473,-0.07878302647098678,-0.04136931896209717,-0.07110381126403809,-0.07397656007036346,-1.1171478627443334,-2.233536862611145,1.3721866672785725,1.114653088001147,1.096230337433673,0.28060419539224674,0.18160504948598033,0.20769317244562552,0.253658780421918,0.2482687699989754,0.26967735936628284,0.3046524712292061,0.03020462214115863,0.07915147637362999,0.04903245049298135,X
0.0,0.0,0.0,0.07249835133552551,-0.03881126642227173,-0.029179828543576036,0.11699280142784119,-0.11707621812820435,-0.046731822494777475,0.14733418822288513,-0.16662263870239258,-0.06275377452782038,0.16296973824501038,-0.2055491805076599,-0.07675152302196864,0.022908926010131836,-0.2596476078033447,-0.04890942603758219,-0.019320666790008545,-0.32316339015960693,-0.07928108454159144,-0.042772531509399414,-0.3491019010543823,-0.09870751232317332,-0.06536754965782166,-0.37665873765945435,-0.11299105763843897,-0.028881222009658813,-0.24066394567489624,-0.05186758220604304,-0.04323685169219971,-0.18910253047943115,-0.08172121674230937,-0.015798240900039673,-0.12923568487167358,-0.09007026285341624,0.005013763904571533,-0.12701916694641113,-0.09653601080587748,-0.06778240203857422,-0.19252246618270874,-0.05758126482776049,-0.07199138402938843,-0.12779486179351807,-0.08653873980453852,-0.040816158056259155,-0.08677494525909424,-0.0794606584351385,-0.017320066690444946,-0.09977447986602783,-0.07466983080318812,-0.09351029992103577,-0.13875150680541992,-0.0670353847782934,-0.09991589188575745,-0.09175437688827515,-0.0880571755807722,-0.06975987553596497,-0.06094074249267578,-0.08225052833965663,-0.04522767663002014,-0.06330525875091553,-0.07627493173292521,-1.091535117817837,-2.217125353798222,1.2809423292317992,1.0725094891454137,1.0015111144836149,0.28533558767792006,0.1764002632077608,0.20902799109088574,0.25214975081761315,0.2593712485310591,0.2810221571928396,0.3140000274357632,0.035228865482085835,0.0811397833650975,0.04592209469615285,X
0.0,0.0,0.0,0.07218968868255615,-0.03693193197250366,-0.02968505586066783,0.11819279193878174,-0.11473369598388672,-0.04623078743496478,0.1508210301399231,-0.16605615615844727,-0.06053108538070262,0.16388720273971558,-0.20564091205596924,-0.07207028011360705,0.031031101942062378,-0.2607569694519043,-0.049489909806638366,-0.016246795654296875,-0.32662177085876465,-0.07866908798494876,-0.04134532809257507,-0.353553831577301,-0.0954679344085747,-0.06453004479408264,-0.37985503673553467,-0.10708414951839984,-0.023806720972061157,-0.24743467569351196,-0.05098085294046939,-0.03619244694709778,-0.1910831332206726,-0.07933176497498096,-0.009641647338867188,-0.13028615713119507,-0.08422811517992557,0.011297285556793213,-0.12889552116394043,-0.08696985433378757,-0.06588715314865112,-0.20437228679656982,-0.0554051567105347,-0.06659376621246338,-0.1315706968307495,-0.08429725656786502,-0.037050604820251465,-0.08936679363250732,-0.07659992019215167,-0.0140610933303833,-0.10420864820480347,-0.0702095646647507,-0.09402114152908325,-0.15509724617004395,-0.06367521921673358,-0.09727022051811218,-0.09962522983551025,-0.08556923458853305,-0.06732192635536194,-0.0644388198852539,-0.08021611908951343,-0.04377228021621704,-0.06635332107543945,-0.07341019997873843,-1.1050318558551184,-2.24698292011238,1.2828859540009503,1.0933148397815542,1.0555831279315075,0.28727164880785505,0.17080262834353985,0.2048270007206669,0.25004698331050634,0.26216495281419694,0.2802285613064451,0.3141881769132844,0.03539052240764704,0.08333176985002776,0.04812255623131529,X
0.0,0.0,0.0,0.07138553261756897,-0.03954589366912842,-0.02746677202314629,0.11500576138496399,-0.1167837381362915,-0.04625504267544045,0.1446499526500702,-0.16570067405700684,-0.06411431533426537,0.16036590933799744,-0.20817941427230835,-0.07995120239586129,0.02837979793548584,-0.26368898153305054,-0.04996072304577126,-0.020543336868286133,-0.3344402313232422,-0.08057018173069252,-0.04365944862365723,-0.35947385430336,-0.09978319508165612,-0.06442594528198242,-0.37962397933006287,-0.11336833787292733,-0.026929140090942383,-0.24700641632080078,-0.05431511429280533,-0.03503420948982239,-0.1988181471824646,-0.08644507629007592,-0.007276684045791626,-0.13891899585723877,-0.09512103897661461,0.01246139407157898,-0.13004380464553833,-0.10043067288727059,-0.06825125217437744,-0.19997000694274902,-0.06102558029026284,-0.06187629699707031,-0.1343328356742859,-0.09112901789278283,-0.03045639395713806,-0.09343630075454712,-0.08480503958791985,-0.007969588041305542,-0.1026034951210022,-0.07966145676702752,-0.09547722339630127,-0.14634263515472412,-0.07138887596458687,-0.08886727690696716,-0.09489959478378296,-0.0939563046130587,-0.05540257692337036,-0.06035071611404419,-0.0888477767738749,-0.030066639184951782,-0.059948861598968506,-0.08245232504934563,-1.1101089361425172,-2.2458409029539514,1.245948016948422,1.0164356926626585,0.9227530102620068,0.2827094211223474,0.16727498057970655,0.19870358422177606,0.2413231283627601,0.26115498568556467,0.28271481910983964,0.3215163181113184,0.034211045247103396,0.08198740545577994,0.04803849945766331,X
0.0,0.0,0.0,0.07372397184371948,-0.04013991355895996,-0.03115337371313842,0.12041693925857544,-0.11633521318435669,-0.04927849985146793,0.15303200483322144,-0.17086082696914673,-0.06519866577768596,0.16693615913391113,-0.21486800909042358,-0.07871759525919231,0.03054964542388916,-0.26263660192489624,-0.04807438171887668,-0.011635184288024902,-0.3307652771472931,-0.07694062433624538,-0.035151004791259766,-0.3570040166378021,-0.09578350029373439,-0.05702701210975647,-0.3814883232116699,-0.10938577196979793,-0.020791172981262207,-0.24772578477859497,-0.04885043046856197,-0.038495540618896484,-0.20477765798568726,-0.07696343801403316,-0.015161454677581787,-0.14846593141555786,-0.08474869124079021,0.005974322557449341,-0.14165687561035156,-0.09055208257818492,-0.06015518307685852,-0.20484638214111328,-0.05251832521939548,-0.06698465347290039,-0.1486375331878662,-0.07902081153774532,-0.040312230587005615,-0.10822588205337524,-0.07201975427055629,-0.01680070161819458,-0.11681550741195679,-0.06740290514612468,-0.0868033766746521,-0.1548372507095337,-0.06024931959295543,-0.09762763977050781,-0.11166125535964966,-0.08069754234934123,-0.07378262281417847,-0.08023768663406372,-0.0758717416920689,-0.0509570837020874,-0.08060508966445923,-0.07022115431213649,-1.1297011281381693,-2.205832359758429,1.3236159323601753,1.1131733214114334,1.1209266241865345,0.27914482110793887,0.17682924786218063,0.20826311983748927,0.255937486129661,0.24796832747025008,0.26771226247430735,0.3009444537795963,0.033701562280840695,0.08347757534734389,0.04977803522146249,X
0.0,0.0,0.0,0.07369589805603027,-0.038688719272613525,-0.03375703916681516,0.12098133563995361,-0.11575627326965332,-0.05433053598535764,0.15256619453430176,-0.16875100135803223,-0.0724716529322933,0.16540145874023438,-0.21430575847625732,-0.08826347143185842,0.029064297676086426,-0.26900333166122437,-0.05315598175657499,-0.01644638180732727,-0.33163654804229736,-0.08362284005416143,-0.041324228048324585,-0.35787487030029297,-0.10433349461091268,-0.06379044055938721,-0.38054704666137695,-0.11950021684897649,-0.02291935682296753,-0.2533913850784302,-0.0539460264219116,-0.0381048321723938,-0.19979286193847656,-0.08571212441457021,-0.012905359268188477,-0.1462998390197754,-0.0977145254684757,0.009418487548828125,-0.1373741626739502,-0.10617098660004842,-0.06253528594970703,-0.2077898383140564,-0.05726073385012853,-0.06748330593109131,-0.14025694131851196,-0.08619526476395833,-0.03967982530593872,-0.10432744026184082,-0.08217955828440893,-0.014733076095581055,-0.11186081171035767,-0.07932448834908712,-0.08902531862258911,-0.15593057870864868,-0.06493892968428838,-0.0950709879398346,-0.1003982424736023,-0.0882003203107189,-0.06697523593902588,-0.06906324625015259,-0.08587068767083395,-0.04027682542800903,-0.06841850280761719,-0.0814454972816776,-1.147327792554199,-2.2650139794345177,1.298962771196868,1.1085031630108344,1.062557513655762,0.2831344073086418,0.173922849949018,0.2072279367227875,0.25216393069771076,0.2539539301950579,0.27312802467027997,0.31301296775823045,0.03513159694436612,0.08499710088860213,0.050395608268568794,X
0.0,0.0,0.0,0.07833689451217651,-0.03553217649459839,-0.029963442960607267,0.12788283824920654,-0.11847835779190063,-0.048036202693211294,0.16130393743515015,-0.17320096492767334,-0.06490385150335953,0.16910874843597412,-0.21598011255264282,-0.07764426981829331,0.03812241554260254,-0.25925201177597046,-0.05216754963420556,-0.0064688026905059814,-0.3253610134124756,-0.08316683387182877,-0.03262132406234741,-0.3548891544342041,-0.09883011495493577,-0.05826956033706665,-0.3838585615158081,-0.10953427469156907,-0.017741888761520386,-0.25472569465637207,-0.054351568126904226,-0.030185997486114502,-0.1808454394340515,-0.08632204299591706,-0.0040770769119262695,-0.12755858898162842,-0.09152866517923997,0.017509520053863525,-0.1368231177330017,-0.09421367561243699,-0.05994096398353577,-0.216666579246521,-0.059357546174751974,-0.0609414279460907,-0.12248307466506958,-0.08758214479111359,-0.03135991096496582,-0.0831294059753418,-0.07475510602615998,-0.009485602378845215,-0.10006457567214966,-0.06538911526821778,-0.08806052803993225,-0.17086130380630493,-0.06915130829237626,-0.09158408641815186,-0.10220032930374146,-0.09010254954718278,-0.06904458999633789,-0.07164615392684937,-0.08333102231644318,-0.05120515823364258,-0.08041220903396606,-0.07544481372259781,-1.1707717082028313,-2.229212813142485,1.2802685958740985,1.1624097324743872,1.183866196284306,0.2826376990544014,0.17102092233094762,0.21291395875625377,0.2586829602746919,0.2583969417579534,0.2879564219723188,0.3035285729739676,0.04560621722524643,0.08890386736473503,0.0461165572783046,X
0.0,0.0,0.0,0.07423204183578491,-0.038646399974823,-0.02929675168465451,0.12136572599411011,-0.12183666229248047,-0.0462882812983878,0.15474015474319458,-0.17299330234527588,-0.061682793862331664,0.16482245922088623,-0.21399497985839844,-0.07341330460380391,0.03147393465042114,-0.2616257071495056,-0.0504171248443015,-0.013792455196380615,-0.3231995701789856,-0.08016677162717656,-0.0404391884803772,-0.352293998003006,-0.09658082536529378,-0.06589716672897339,-0.3838235139846802,-0.10867956987689809,-0.02327638864517212,-0.2557181119918823,-0.05284813753436879,-0.034858882427215576,-0.1854037642478943,-0.08349421582292393,-0.00942152738571167,-0.1317591667175293,-0.09019947013925389,0.010319918394088745,-0.13968545198440552,-0.09482883623908833,-0.06518435478210449,-0.2171373963356018,-0.05797510928582028,-0.06722092628479004,-0.12768882513046265,-0.0860035117633231,-0.038104504346847534,-0.08821815252304077,-0.07572113684486226,-0.016938984394073486,-0.10565167665481567,-0.06856607607673482,-0.0931013822555542,-0.17074209451675415,-0.0675907503731139,-0.09731566905975342,-0.10535013675689697,-0.08894181213449315,-0.07378098368644714,-0.07411319017410278,-0.08368326685499028,-0.05585545301437378,-0.08240759372711182,-0.07731008491586522,-1.1301712706970568,-2.2436024670022277,1.2889615970078383,1.1623802806708894,1.1717695864324398,0.28648433954044467,0.17144369645686,0.21160220635441787,0.2569318608841213,0.2557585529007897,0.2824472954393614,0.3015831444213068,0.0436044223032421,0.08752104219895115,0.0453296693240177,X
0.0,0.0,0.0,0.07959961891174316,-0.03183770179748535,-0.028650363216613073,0.1322980523109436,-0.1131858229637146,-0.04522676696858241,0.16505181789398193,-0.1700514554977417,-0.06012702664217784,0.1695881485939026,-0.2164980173110962,-0.07031404530486896,0.050266802310943604,-0.2576613426208496,-0.050031601692055006,0.006255626678466797,-0.3258589506149292,-0.08273904329023196,-0.02473798394203186,-0.3508511185646057,-0.09892946785173251,-0.055696308612823486,-0.382457971572876,-0.10882626777372195,-0.006497591733932495,-0.2556294798851013,-0.051554355079744596,-0.026497304439544678,-0.19199222326278687,-0.08200494503459765,-0.002984762191772461,-0.13002943992614746,-0.08430559491596057,0.018675655126571655,-0.13488876819610596,-0.08449425851783587,-0.04952502250671387,-0.2229366898536682,-0.056294727379892606,-0.06082606315612793,-0.13485777378082275,-0.08312075888595416,-0.03136429190635681,-0.08892816305160522,-0.06762788748226001,-0.007074624300003052,-0.10270839929580688,-0.0557321042366965,-0.07859790325164795,-0.1822202205657959,-0.06570910965881183,-0.09092456102371216,-0.11868846416473389,-0.08518920397243335,-0.07112440466880798,-0.08320450782775879,-0.07652700250825717,-0.0529000461101532,-0.08831137418746948,-0.06666720216951205,-1.2244037656020839,-2.2747597158236013,1.365250666506196,1.2313788414424,1.3036885916768277,0.2798138543344508,0.17156529435069243,0.21013760371392154,0.2567738543114814,0.25849893510624455,0.2839434651028593,0.2941598882196488,0.041214718646449745,0.08539633856416012,0.048033775783799075,X
0.0,0.0,0.0,0.07752704620361328,-0.03301125764846802,-0.02588961497473008,0.12964922189712524,-0.11588948965072632,-0.04027180597709901,0.1615278720855713,-0.16943931579589844,-0.053210558747522896,0.16994041204452515,-0.21213853359222412,-0.06212465316581017,0.045864999294281006,-0.2566285729408264,-0.04820088893698937,0.0016959607601165771,-0.3232075572013855,-0.07909295931982285,-0.027006864547729492,-0.3493904769420624,-0.0945587031595636,-0.05511969327926636,-0.38038158416748047,-0.10455505028890855,-0.009657293558120728,-0.25663983821868896,-0.051083559548132484,-0.026308417320251465,-0.19090396165847778,-0.08044682667183167,-0.005362033843994141,-0.1339218020439148,-0.08430011049436814,0.0120583176612854,-0.13908880949020386,-0.08602282628940827,-0.053744375705718994,-0.22263020277023315,-0.05652154088544137,-0.0611109733581543,-0.13513702154159546,-0.08222360387968308,-0.033880650997161865,-0.09297668933868408,-0.06802728996204621,-0.012193560600280762,-0.10736536979675293,-0.0576128348760534,-0.08443516492843628,-0.17947524785995483,-0.06626773104595429,-0.09399992227554321,-0.114082932472229,-0.08554723337816483,-0.0738229751586914,-0.08050364255905151,-0.07738472000288255,-0.0564730167388916,-0.08661890029907227,-0.06807691082882172,-1.1743471517624418,-2.2552283520272574,1.3881222680756429,1.2248147448326443,1.2783000351401796,0.2809942616410954,0.173962691167444,0.21011948944134512,0.258878772933415,0.25046973522840615,0.27637023388219095,0.29376580113749917,0.03993156928043078,0.08631126905100214,0.04889873446776875,X
0.0,0.0,0.0,0.07822024822235107,-0.03479933738708496,-0.02696456344580156,0.1276445984840393,-0.11818331480026245,-0.04174560637926561,0.15895748138427734,-0.17157578468322754,-0.05484357433175546,0.1652669906616211,-0.21255630254745483,-0.06378056810950739,0.041169673204422,-0.25681936740875244,-0.05065415011500818,-0.0019126534461975098,-0.32120591402053833,-0.08221537576770288,-0.03012549877166748,-0.3474152088165283,-0.09703848467921716,-0.057305991649627686,-0.3792088031768799,-0.10632140891408426,-0.015534937381744385,-0.2536407709121704,-0.05314677165603143,-0.03189665079116821,-0.18509751558303833,-0.0825221981272648,-0.010299503803253174,-0.1276407241821289,-0.08502431915854913,0.007082879543304443,-0.13945960998535156,-0.0855952869520138,-0.05907765030860901,-0.2173839807510376,-0.05843775676345331,-0.0624711811542511,-0.12967395782470703,-0.08491063074922067,-0.034545838832855225,-0.0875169038772583,-0.07110048042392236,-0.015119403600692749,-0.10791873931884766,-0.060842766927237335,-0.08902966976165771,-0.17105412483215332,-0.0681191007957409,-0.09488952159881592,-0.10590529441833496,-0.08792296753978235,-0.07349956035614014,-0.07435041666030884,-0.08068682955359918,-0.05813780426979065,-0.08488601446151733,-0.07218661861276132,-1.1914487927736104,-2.2483414388829424,1.3752407528014845,1.1889349555241766,1.2265631354448865,0.2780499746825451,0.17425653351828904,0.20853841582159316,0.2573118824661862,0.24824504500490796,0.27455055446912824,0.2943239641439735,0.03857159446026763,0.0850412542560773,0.048796405712721556,X
0.0,0.0,0.0,0.0764961838722229,-0.024816930294036865,-0.03647641344664976,0.12587109208106995,-0.09556818008422852,-0.057956239867195336,0.16105762124061584,-0.1463107466697693,-0.07647076501248762,0.16198566555976868,-0.19449132680892944,-0.08994656308291837,0.04866856336593628,-0.25140517950057983,-0.058691131609663216,0.007703989744186401,-0.32555675506591797,-0.09393107398150846,-0.023127585649490356,-0.35366594791412354,-0.11041416479943678,-0.05494225025177002,-0.3800864517688751,-0.11967850728629514,-0.007175415754318237,-0.24658066034317017,-0.05814907951949522,-0.02846631407737732,-0.1924114227294922,-0.08889214201568052,-0.008460253477096558,-0.12804073095321655,-0.08971727891562864,0.01251491904258728,-0.1360642910003662,-0.0887890259802191,-0.05104401707649231,-0.21355479955673218,-0.06168852998612806,-0.06353950500488281,-0.13877439498901367,-0.09120761855243131,-0.03561452031135559,-0.0916217565536499,-0.07530899598000929,-0.013063311576843262,-0.11073410511016846,-0.06288893027900144,-0.0816493034362793,-0.17090296745300293,-0.07036639257071897,-0.09499406814575195,-0.12001991271972656,-0.09226529552339002,-0.0707676112651825,-0.08543622493743896,-0.08299752576945707,-0.05193910002708435,-0.09088802337646484,-0.07270270093081876,-1.2207534555293262,-2.248684188936467,1.394479737444032,1.216955036270823,1.2152662409001111,0.28548777743930803,0.16048433748431223,0.19405518952934364,0.23769192206196102,0.25317441544385877,0.2725885767142313,0.2892140209186133,0.03599811382354286,0.07870969273640924,0.04364852675416139,X
0.0,0.0,0.0,0.07360801100730896,-0.028123974800109863,-0.03284794897552956,0.12203222513198853,-0.09890514612197876,-0.05134493172880639,0.15562105178833008,-0.14767348766326904,-0.0674496969651841,0.15947657823562622,-0.19178175926208496,-0.07979578585144509,0.04164159297943115,-0.25301533937454224,-0.052335084087815176,-0.0010157525539398193,-0.32711541652679443,-0.0831115028333329,-0.030414342880249023,-0.35408085584640503,-0.09883669079061974,-0.05848109722137451,-0.3771659731864929,-0.10881027639624108,-0.012961894273757935,-0.24367433786392212,-0.05277997315641869,-0.0360865592956543,-0.19554007053375244,-0.0827198854159974,-0.01683366298675537,-0.13319963216781616,-0.08690802813288201,0.004188358783721924,-0.13449782133102417,-0.08896358371492852,-0.056521058082580566,-0.2078084945678711,-0.056573082364764105,-0.06958380341529846,-0.14025264978408813,-0.08673467547413338,-0.04144302010536194,-0.09371578693389893,-0.07528708190437783,-0.016421467065811157,-0.1072072982788086,-0.06604597777840127,-0.08739322423934937,-0.16505247354507446,-0.0646418488096856,-0.10201257467269897,-0.1236351728439331,-0.08780432552811135,-0.07953804731369019,-0.08839905261993408,-0.08056944669004906,-0.05888700485229492,-0.0903325080871582,-0.07200768650290001,-1.187566766893481,-2.249464729457821,1.4149822650152453,1.1914978216216194,1.2063327840375224,0.28613433045160785,0.1655170101392374,0.1951741832094559,0.2407791622689738,0.25062979200590574,0.2732154802472502,0.2868337523059239,0.03419850245276234,0.07700049604869152,0.04569551885587361,X
0.0,0.0,0.0,0.07653895020484924,-0.028621971607208252,-0.031733050869007684,0.12660646438598633,-0.10364210605621338,-0.050708033071060754,0.16266602277755737,-0.1560899019241333,-0.0678026042144495,0.1633683443069458,-0.2023811936378479,-0.07998732842614231,0.05052006244659424,-0.25913816690444946,-0.05124989517142353,0.009663552045822144,-0.3360337018966675,-0.0843097231548029,-0.021997690200805664,-0.3618606626987457,-0.09890734769513188,-0.05442303419113159,-0.3880263566970825,-0.10683618851115284,-0.006007462739944458,-0.2551320195198059,-0.0524614713351923,-0.024169832468032837,-0.20167851448059082,-0.08051012821604786,-0.006136566400527954,-0.1346510648727417,-0.07985784478594837,0.012671798467636108,-0.14475178718566895,-0.07784245528389988,-0.050315260887145996,-0.22204625606536865,-0.05760062478591976,-0.057722270488739014,-0.14759677648544312,-0.08480640865971623,-0.029758691787719727,-0.09871196746826172,-0.06772660829236088,-0.007932543754577637,-0.11960715055465698,-0.05475679777671871,-0.08192288875579834,-0.17924267053604126,-0.06756463267018376,-0.09153518080711365,-0.12800633907318115,-0.08737051852156696,-0.06862467527389526,-0.09259605407714844,-0.07682130105902729,-0.05192044377326965,-0.0999031662940979,-0.06570450581719456,-1.2143831585883733,-2.254146912698556,1.4031580321084105,1.17850517748567,1.2092645449952062,0.28617688780784273,0.1613400056276484,0.1902512456174848,0.2384344949064927,0.2523573512709143,0.2724155574249776,0.2881340587414027,0.03250833231212774,0.07863559342679187,0.04819940190287433,X
0.0,0.0,0.0,0.07728075981140137,-0.029523015022277832,-0.030372637083900145,0.1254352629184723,-0.10031867027282715,-0.05159430274940746,0.1596064269542694,-0.15171277523040771,-0.07176179507948177,0.16324564814567566,-0.1982613205909729,-0.08781537482715862,0.05064085125923157,-0.25612926483154297,-0.05204396018959301,0.009648352861404419,-0.3312239348888397,-0.08677737483955639,-0.020676404237747192,-0.3602127730846405,-0.10356368193603771,-0.05231258273124695,-0.3887313902378082,-0.11355639318205135,-0.0056823790073394775,-0.25033336877822876,-0.05476063186503666,-0.02361127734184265,-0.20516276359558105,-0.08547180215097683,-0.004837721586227417,-0.13883835077285767,-0.08660405198313015,0.01469641923904419,-0.14543884992599487,-0.08609347114540356,-0.04929623007774353,-0.2154141664505005,-0.06098553979970234,-0.05877169966697693,-0.14866995811462402,-0.0901885263083102,-0.032184600830078125,-0.10119891166687012,-0.07331390002943294,-0.010900288820266724,-0.11901980638504028,-0.06069264257527607,-0.08036154508590698,-0.17148661613464355,-0.07174660334564464,-0.09256413578987122,-0.12356448173522949,-0.09342134813047664,-0.07077106833457947,-0.08964604139328003,-0.083485790288222,-0.0536932647228241,-0.09705507755279541,-0.07305053690649288,-1.2023766833125662,-2.2309858425626685,1.378907768173459,1.1917378127113298,1.226752946908082,0.28765291295250073,0.15766130411710813,0.19132701047001963,0.23938503617910034,0.2523518704436918,0.2728723447902665,0.29167958047194054,0.036785286801823996,0.08377432960916968,0.04810081183588179,X
0.0,0.0,0.0,0.07410472631454468,-0.03004664182662964,-0.033516791349313735,0.12112599611282349,-0.10138654708862305,-0.05461351264085579,0.15514028072357178,-0.15170729160308838,-0.07366264674629974,0.15562504529953003,-0.19724571704864502,-0.08902961823906708,0.04465216398239136,-0.2558191418647766,-0.05444215301241684,0.004149287939071655,-0.3296448290348053,-0.08856455299820709,-0.026055365800857544,-0.35951662063598633,-0.10654087427820969,-0.05368271470069885,-0.38631486892700195,-0.1178829676267128,-0.011644184589385986,-0.24890917539596558,-0.05573040682639885,-0.030496954917907715,-0.1995360255241394,-0.0863600007053833,-0.012238472700119019,-0.13850396871566772,-0.08998444739546585,0.0075495243072509766,-0.1425507664680481,-0.09183310780491638,-0.05642285943031311,-0.21304333209991455,-0.06052496347393799,-0.06516194343566895,-0.14547014236450195,-0.08930230203833389,-0.03965839743614197,-0.10153347253799438,-0.07516002718176651,-0.018175840377807617,-0.11567056179046631,-0.06470887426104355,-0.08747860789299011,-0.16822779178619385,-0.07008482578959274,-0.09937196969985962,-0.12236779928207397,-0.09180686686005401,-0.07658562064170837,-0.08922433853149414,-0.08299475971426773,-0.05715674161911011,-0.09201675653457642,-0.07343849602904129,-1.2253354276859303,-2.2165647043912773,1.3922553982306942,1.1965211572084544,1.1921299773584006,0.2820582964358868,0.15785403870711961,0.19199284835020014,0.2373799127457102,0.2513370739495987,0.272963512414383,0.29431861616414035,0.037206717023784155,0.08210107800808204,0.0455961968224077,X
0.0,0.0,0.0,0.07379406690597534,-0.03009319305419922,-0.03424972812101146,0.12029770016670227,-0.09679955244064331,-0.05760247776672145,0.1525181233882904,-0.14420229196548462,-0.07918011913463374,0.1587475836277008,-0.19278401136398315,-0.09696411857768794,0.04551565647125244,-0.2522233724594116,-0.05682611236736079,0.0028490424156188965,-0.32597628235816956,-0.0919564343468835,-0.027240723371505737,-0.3546721041202545,-0.10984793076679011,-0.05655616521835327,-0.38139915466308594,-0.12085619340106746,-0.010423511266708374,-0.24433517456054688,-0.05839091310664912,-0.02972579002380371,-0.19806420803070068,-0.0903443224208047,-0.012025952339172363,-0.13575518131256104,-0.09370448956653377,0.006675273180007935,-0.13934487104415894,-0.09509350130721828,-0.054480522871017456,-0.2084132432937622,-0.06346967587634822,-0.06375709176063538,-0.14029014110565186,-0.09362318138047954,-0.03735235333442688,-0.09363532066345215,-0.07837776611015101,-0.01550951600074768,-0.10695505142211914,-0.06680831084415217,-0.08558568358421326,-0.1645432710647583,-0.07332239816352626,-0.09728610515594482,-0.1181069016456604,-0.09591384748384257,-0.07453927397727966,-0.08307152986526489,-0.08635133276149531,-0.05502036213874817,-0.08538591861724854,-0.07603463301822444,-1.1897861991058916,-2.23951929595609,1.4093531136775015,1.2040636773571116,1.2023005093833594,0.28623657444307465,0.16118849004510633,0.19424764383544302,0.23923019241484483,0.25017691943941933,0.2774966544225923,0.29601722011637766,0.039258951668923174,0.08196291822766272,0.04501482480799957,X
0.0,0.0,0.0,0.07742437720298767,-0.02778494358062744,-0.028334657044865708,0.12901687622070312,-0.10285228490829468,-0.04445449666843615,0.1637941598892212,-0.15268290042877197,-0.058954932110168556,0.1662665605545044,-0.19980520009994507,-0.06963632659778796,0.05580264329910278,-0.2577698230743408,-0.051672086434223274,0.012044966220855713,-0.33674246072769165,-0.08511002765760622,-0.020934700965881348,-0.3639996647834778,-0.1042024533616086,-0.05252009630203247,-0.3882485032081604,-0.11581144140825472,0.0007804632186889648,-0.25366294384002686,-0.05418134139642916,-0.021816492080688477,-0.20341753959655762,-0.08515071527824603,-0.0006889104843139648,-0.14351922273635864,-0.09077971832618914,0.022213071584701538,-0.13809603452682495,-0.09406413541898928,-0.04421070218086243,-0.2196407914161682,-0.05942160667643748,-0.05948382616043091,-0.15088236331939697,-0.0887869785891553,-0.03151583671569824,-0.10182774066925049,-0.07591546730861864,-0.0037495791912078857,-0.10567039251327515,-0.06550315426454745,-0.07668274641036987,-0.17745232582092285,-0.06884797321424685,-0.09470084309577942,-0.13592153787612915,-0.08979704635009966,-0.07499814033508301,-0.0993158221244812,-0.07998256044254504,-0.053445249795913696,-0.09448528289794922,-0.06938836382494173,-1.2039810347813729,-2.2636795734523254,1.3874234220758113,1.2296614153767769,1.2977124663391755,0.2887533198160581,0.1567144817816907,0.1943369490689121,0.24365049675076253,0.26107719925292844,0.28675591011023305,0.29376467710739645,0.041538915432431746,0.0873274255418534,0.05093884916209118,X
0.0,0.0,0.0,0.07252976298332214,-0.0273435115814209,-0.032615605625409216,0.12264388799667358,-0.09927046298980713,-0.05186702299405965,0.15678298473358154,-0.15132391452789307,-0.06895742926289472,0.1627618670463562,-0.2009822130203247,-0.0825278720586482,0.050347596406936646,-0.25632208585739136,-0.052010860177773566,0.008555233478546143,-0.33314090967178345,-0.08510260644843015,-0.02339881658554077,-0.36066678166389465,-0.10216646257330808,-0.054341793060302734,-0.38550928235054016,-0.11220462981154355,-0.004082828760147095,-0.24762976169586182,-0.052475210162896246,-0.03172212839126587,-0.20610439777374268,-0.08319109294106397,-0.01578006148338318,-0.14102321863174438,-0.08610912773301038,0.005316346883773804,-0.13921409845352173,-0.08665796730210218,-0.04758751392364502,-0.21292829513549805,-0.056475248071450324,-0.06703433394432068,-0.15200567245483398,-0.08682739350487623,-0.04102116823196411,-0.10283505916595459,-0.07244700554301176,-0.015090018510818481,-0.11102050542831421,-0.060547936591405005,-0.07952088117599487,-0.17191529273986816,-0.06481756630827817,-0.10060110688209534,-0.13639867305755615,-0.08781428250958356,-0.07994228601455688,-0.09862470626831055,-0.07824638846804532,-0.05787733197212219,-0.09559452533721924,-0.06731615576435956,-1.1951024639547716,-2.2518283497319946,1.484316823246373,1.262099528504901,1.2944648496133904,0.28492847970553214,0.16912832937270988,0.19930981418162216,0.24451629978123646,0.2534174644187988,0.2772810676219043,0.28993631433383765,0.034803712966990225,0.07678611987977108,0.04548312934491997,X
0.0,0.0,0.0,0.0732707679271698,-0.03148925304412842,-0.030675957536161036,0.11946672201156616,-0.10226523876190186,-0.051341347953140826,0.15061306953430176,-0.15197539329528809,-0.07062616627460727,0.16147887706756592,-0.19860130548477173,-0.08642526399141559,0.04531398415565491,-0.2599688768386841,-0.05280661266094455,0.0012071728706359863,-0.3401417136192322,-0.08646734487062702,-0.02812156081199646,-0.3680421710014343,-0.10457073580271015,-0.05540388822555542,-0.39108186960220337,-0.11602677833086261,-0.010430395603179932,-0.25209957361221313,-0.05519807394391307,-0.028846144676208496,-0.20993614196777344,-0.08645143043047199,-0.008337438106536865,-0.1452552080154419,-0.09058196525818119,0.01388406753540039,-0.14218741655349731,-0.09276494812017688,-0.05435454845428467,-0.21634310483932495,-0.06079044621235141,-0.06474193930625916,-0.15514987707138062,-0.09028145354038486,-0.036639243364334106,-0.1090654730796814,-0.07757235746628055,-0.011060178279876709,-0.1186666488647461,-0.06817678790336856,-0.08461719751358032,-0.17224454879760742,-0.07072797845846424,-0.09713846445083618,-0.12651991844177246,-0.09305390398746738,-0.07313293218612671,-0.09125924110412598,-0.08535071890598545,-0.05147990584373474,-0.09326910972595215,-0.07671301495081195,-1.1595616028042595,-2.225829040054515,1.3530852811333596,1.1535760136818891,1.1735170451165355,0.28997741540360666,0.15800871705442832,0.19015592272960966,0.23758433172757157,0.2583588000667806,0.27600075561705273,0.2978386099598951,0.034284718344492385,0.08164220574422361,0.0477366669410745,X
0.0,0.0,0.0,0.07411983609199524,-0.03154712915420532,-0.03217381960207888,0.11998704075813293,-0.10502487421035767,-0.052575245261735404,0.15228745341300964,-0.15572857856750488,-0.0714249496763415,0.1607278287410736,-0.20490622520446777,-0.08575407764369913,0.045419156551361084,-0.26137053966522217,-0.05167088633830019,0.0012406408786773682,-0.3409859538078308,-0.08557835570032069,-0.02817314863204956,-0.36757272481918335,-0.10069311758930155,-0.056478410959243774,-0.39055389165878296,-0.10910195460969874,-0.011846065521240234,-0.25554585456848145,-0.053401320934838736,-0.029332846403121948,-0.20669025182724,-0.08466054847890803,-0.010119885206222534,-0.1374300718307495,-0.0853191723530955,0.009851217269897461,-0.1435149908065796,-0.08349775126630732,-0.05605578422546387,-0.22098612785339355,-0.05899102589542338,-0.0646829903125763,-0.1517062783241272,-0.08944107940847346,-0.036528557538986206,-0.10276764631271362,-0.07330382964069315,-0.013751626014709473,-0.12058496475219727,-0.060290813208169425,-0.08665034174919128,-0.17729943990707397,-0.06925025931055018,-0.09618660807609558,-0.12690401077270508,-0.0922677179282374,-0.07029163837432861,-0.08879011869430542,-0.08282220712358423,-0.04988473653793335,-0.09314900636672974,-0.07179372361356684,-1.1835052076915222,-2.23865980548269,1.3794923647929689,1.1720202359194034,1.158886800697882,0.2857334538073629,0.16288841441281418,0.19378636457742582,0.23842677831097336,0.2557886590826123,0.2733291050122359,0.29747796950018596,0.03290714673095142,0.07813524535013948,0.045368860340685414,X
0.0,0.0,0.0,0.07585379481315613,-0.028316795825958252,-0.02964184548261528,0.12645882368087769,-0.10254114866256714,-0.04829162101748352,0.16136831045150757,-0.15469539165496826,-0.06545933823588257,0.16589897871017456,-0.20071536302566528,-0.07869632284644013,0.0530971884727478,-0.2564247250556946,-0.05253149311545258,0.013754606246948242,-0.33645015954971313,-0.08640042434933548,-0.018064051866531372,-0.3627493679523468,-0.10345503430369263,-0.050958096981048584,-0.3878327012062073,-0.11339887719157105,-0.003419160842895508,-0.2516932487487793,-0.054944903808859635,-0.02258443832397461,-0.2040753960609436,-0.08544394861462479,-0.0057378411293029785,-0.14017468690872192,-0.08846986781361466,0.01285088062286377,-0.14505738019943237,-0.08928336690667038,-0.04806646704673767,-0.2180691361427307,-0.06047244112494354,-0.05759149789810181,-0.14641457796096802,-0.0891232092261589,-0.030918747186660767,-0.10035103559494019,-0.07434435676339035,-0.007726728916168213,-0.11736196279525757,-0.06293701868059998,-0.08020570874214172,-0.1761292815208435,-0.07033152620795136,-0.0923224687576294,-0.12668776512145996,-0.0906202916384018,-0.07042050361633301,-0.09195739030838013,-0.08029206584694748,-0.05159878730773926,-0.0972362756729126,-0.06954489390852814,-1.1887939536892744,-2.24054739910604,1.4193883215085537,1.1898032388508903,1.2229373992412833,0.2864260629291968,0.16285432564236157,0.19259718502283152,0.24085929448983656,0.25102080015966644,0.27390394579364047,0.29059713181107344,0.03450324853593251,0.08025345933043217,0.04826801000310601,X
0.0,0.0,0.0,0.07432141900062561,-0.028813183307647705,-0.03168238980558158,0.12215596437454224,-0.09881019592285156,-0.051796997914578924,0.15630793571472168,-0.14776450395584106,-0.07022335288908721,0.15998810529708862,-0.19471293687820435,-0.08470992652561904,0.04707539081573486,-0.25339657068252563,-0.05222410989787818,0.007612109184265137,-0.32706350088119507,-0.08674725053694488,-0.023666054010391235,-0.3519054651260376,-0.10483229068901778,-0.05530714988708496,-0.3786879777908325,-0.11568494049694777,-0.009387016296386719,-0.24550312757492065,-0.05448103232171775,-0.027750372886657715,-0.19750654697418213,-0.08473820147898437,-0.010782867670059204,-0.13295602798461914,-0.08799707053091765,0.006043672561645508,-0.13938617706298828,-0.08942271677639724,-0.054167747497558594,-0.20963329076766968,-0.06028782112386466,-0.06297257542610168,-0.14054054021835327,-0.08880536911871673,-0.036276400089263916,-0.09136229753494263,-0.07386255917933227,-0.015555083751678467,-0.106192946434021,-0.06269646344568969,-0.08638262748718262,-0.16550838947296143,-0.07072418836739303,-0.09650009870529175,-0.11857426166534424,-0.0909588625827098,-0.0729948878288269,-0.08224630355834961,-0.08034948913243056,-0.05483618378639221,-0.08402132987976074,-0.06963660476591826,-1.1950537504004892,-2.2559106497013968,1.426396312511382,1.2135306184047254,1.2014299493773706,0.2831940369845764,0.16358465307567205,0.19659908425435124,0.24166527892959888,0.24704103960015333,0.27537931817074324,0.29466702428370833,0.03960172766269376,0.08228987308642448,0.04510637871262041,X
0.0,0.0,0.0,0.07427716255187988,-0.030010521411895752,-0.03173688919027029,0.12222820520401001,-0.10068422555923462,-0.051904124475314006,0.1548863649368286,-0.15117043256759644,-0.07031310842116056,0.16289418935775757,-0.19960421323776245,-0.0844869662888783,0.048221588134765625,-0.25881361961364746,-0.05178312704641996,0.006439626216888428,-0.33452504873275757,-0.08563510820944487,-0.02283310890197754,-0.3611646592617035,-0.1022511322863835,-0.05183887481689453,-0.38597145676612854,-0.1121160511739987,-0.0074942708015441895,-0.25249671936035156,-0.05340671286661802,-0.0260467529296875,-0.2039777636528015,-0.08374139413912474,-0.006560325622558594,-0.1374412178993225,-0.08601388827641188,0.013904303312301636,-0.14086449146270752,-0.08646858230908094,-0.051701366901397705,-0.2174491286277771,-0.05862462267954527,-0.06264796853065491,-0.14927899837493896,-0.08782239005644499,-0.0359380841255188,-0.10112082958221436,-0.07257754103024183,-0.012905925512313843,-0.11592698097229004,-0.06102717042644201,-0.08355522155761719,-0.17395353317260742,-0.06840488807041822,-0.09694251418113708,-0.12661075592041016,-0.0899632026322621,-0.07437664270401001,-0.09033429622650146,-0.08038415507157026,-0.055136263370513916,-0.0934981107711792,-0.07009707138617216,-1.180757956270327,-2.2374980750971747,1.3814055645998706,1.205782666358829,1.2312503378819872,0.28432910211618606,0.16015099455841292,0.19469863786873323,0.24247841820983593,0.253770742818749,0.27283656911844145,0.2924919330319298,0.03661513073973551,0.08372678106615043,0.04781689716110827,X
0.0,0.0,0.0,0.07562825083732605,-0.02682197093963623,-0.034683401687786386,0.12346529960632324,-0.09881401062011719,-0.05545350815241079,0.1575583815574646,-0.14545059204101562,-0.07370263616626005,0.16436070203781128,-0.1919577717781067,-0.08786660711352567,0.04770013689994812,-0.2530364990234375,-0.059410854234144495,0.005023390054702759,-0.33054032921791077,-0.0945174423891757,-0.025766372680664062,-0.35807371139526367,-0.11301905195300321,-0.056635141372680664,-0.3793850541114807,-0.12434973101203184,-0.008743196725845337,-0.24684929847717285,-0.0604433482426856,-0.02933397889137268,-0.1959741711616516,-0.09272551070039015,-0.009064793586730957,-0.13250285387039185,-0.09716683904711942,0.012796998023986816,-0.13017922639846802,-0.09936510304991941,-0.05360555648803711,-0.2104969620704651,-0.06486691067998152,-0.06401136517524719,-0.13738000392913818,-0.09524082670991163,-0.035207599401474,-0.08903789520263672,-0.08167817722146253,-0.00974816083908081,-0.0992269515991211,-0.07114980648343305,-0.08475363254547119,-0.16425275802612305,-0.07411901186291914,-0.09823668003082275,-0.11596912145614624,-0.09708241651837568,-0.07369762659072876,-0.08091914653778076,-0.08832094351832609,-0.05195426940917969,-0.08199882507324219,-0.07854116241519193,-1.1570799349131926,-2.261056393864159,1.388227318670915,1.1953407067111803,1.1913616290772309,0.289772581462755,0.16367084359657424,0.1972635322185826,0.2426584777677379,0.2586974420966045,0.28405448658115573,0.2974230653192895,0.03829265599844497,0.08070983648887707,0.04558688346687747,X
0.0,0.0,0.0,0.07415831089019775,-0.02900141477584839,-0.030642096748835,0.12273105978965759,-0.09988600015640259,-0.05007860889125482,0.1561506688594818,-0.14768630266189575,-0.06811403562713281,0.1622622311115265,-0.19280868768692017,-0.08328230013538018,0.04651689529418945,-0.25708693265914917,-0.051511579057461176,0.006968080997467041,-0.3300034999847412,-0.0848873489110531,-0.02335202693939209,-0.3575265407562256,-0.10556099643397943,-0.0523565411567688,-0.38231268525123596,-0.11962394495893136,-0.00892794132232666,-0.2493916153907776,-0.054149296930319224,-0.026902884244918823,-0.19840377569198608,-0.08618059088874475,-0.008861273527145386,-0.13996195793151855,-0.09502624054837838,0.011079162359237671,-0.1380702257156372,-0.10124024083305017,-0.05364152789115906,-0.21097469329833984,-0.059663773378616725,-0.06200626492500305,-0.13959205150604248,-0.08920370866943017,-0.03637707233428955,-0.09660029411315918,-0.07980531533647195,-0.01220935583114624,-0.10636568069458008,-0.07302256753135339,-0.0852716863155365,-0.16486269235610962,-0.06947990586448327,-0.09660181403160095,-0.11382651329040527,-0.09186162879157678,-0.07382568717002869,-0.08078044652938843,-0.08555261870313302,-0.05147162079811096,-0.08264660835266113,-0.07835156550098077,-1.1685699748540195,-2.2391398581415447,1.392970928986072,1.1936851057551072,1.1807470073200756,0.2863092427827062,0.16078749794788424,0.1947119105452267,0.2404534116526077,0.25234592828212876,0.27885219348852347,0.29966738349013516,0.03933869919679705,0.08357259021470635,0.04587068609795726,X
0.0,0.0,0.0,0.07285186648368835,-0.028569400310516357,-0.031337093049671694,0.12361916899681091,-0.09741228818893433,-0.05063467794099097,0.15870258212089539,-0.145502507686615,-0.06802074187436347,0.16173699498176575,-0.1915830373764038,-0.0824944781605268,0.0528377890586853,-0.25617241859436035,-0.05206536077895407,0.012311607599258423,-0.33507591485977173,-0.0855813580099607,-0.01959705352783203,-0.3622947335243225,-0.1054797875229383,-0.04878243803977966,-0.38357308506965637,-0.11810723268428092,-0.0010947585105895996,-0.24952685832977295,-0.05414286204614882,-0.02647337317466736,-0.21106725931167603,-0.08640832775273566,-0.011734306812286377,-0.15084940195083618,-0.09432406299748664,0.00839000940322876,-0.13963299989700317,-0.09898276203313117,-0.04592517018318176,-0.21437090635299683,-0.05912337400951628,-0.062190741300582886,-0.15702331066131592,-0.08908894979396109,-0.036992788314819336,-0.11170315742492676,-0.07856393181720023,-0.010087430477142334,-0.11250907182693481,-0.07000480913558249,-0.07856044173240662,-0.17119401693344116,-0.06831138157286887,-0.09835299849510193,-0.13423585891723633,-0.09149984591641669,-0.0778140127658844,-0.09828901290893555,-0.08391253971495871,-0.05352112650871277,-0.09208488464355469,-0.07467298530974631,-1.1861816286055429,-2.244098311616088,1.484701238239005,1.2324948530910955,1.2642568438016875,0.28491860257443763,0.16190770327607998,0.18914630636626895,0.23714118424444747,0.25055030213644697,0.2738119845542245,0.29152671602454006,0.032819556037261846,0.07806287218686049,0.047996180817483865,X
0.0,0.0,0.0,0.07488015294075012,-0.029584884643554688,-0.028027621668769598,0.12377724051475525,-0.10415780544281006,-0.04542694391031432,0.15706965327262878,-0.1538345217704773,-0.06151152552385497,0.16793182492256165,-0.19587761163711548,-0.07401511595864463,0.047593891620635986,-0.2587350010871887,-0.0512108110012548,0.008362919092178345,-0.3328394293785095,-0.08375477568526435,-0.022420436143875122,-0.3602672517299652,-0.10126322285552192,-0.05330488085746765,-0.385653018951416,-0.11231708304305243,-0.008405297994613647,-0.252852201461792,-0.05416599066276717,-0.02606913447380066,-0.19932758808135986,-0.08393228576798606,-0.007477998733520508,-0.13911956548690796,-0.08828589842934775,0.011463195085525513,-0.14201855659484863,-0.09098332152981925,-0.05265107750892639,-0.21663635969161987,-0.059862209123565435,-0.0609343945980072,-0.14413422346115112,-0.08796942011733222,-0.034949928522109985,-0.09924674034118652,-0.0746112518133657,-0.012402445077896118,-0.11305910348892212,-0.06485377774853873,-0.0837174654006958,-0.1715869903564453,-0.06976941750664878,-0.09400326013565063,-0.12184709310531616,-0.09103876875062156,-0.07148638367652893,-0.0874057412147522,-0.0823774837078588,-0.05155208706855774,-0.09128844738006592,-0.07302836851496863,-1.122133204015256,-2.242475966274312,1.393416289541747,1.200168493305824,1.1897966175442314,0.2914796480128723,0.16547878997963866,0.1984423196510522,0.2431297614503694,0.25209651903414093,0.2756455187371549,0.2943697900302457,0.03752624021407261,0.0808978971661347,0.04479571335972956,X
0.0,0.0,0.0,0.07708469033241272,-0.029036104679107666,-0.03141099694761351,0.12574565410614014,-0.09991627931594849,-0.05043910178932265,0.1590961217880249,-0.14783400297164917,-0.06780497092398718,0.16514629125595093,-0.19639426469802856,-0.08120339471491889,0.05141440033912659,-0.2573321461677551,-0.05014627534541205,0.008163362741470337,-0.33230775594711304,-0.08356785136851386,-0.022656500339508057,-0.35973405838012695,-0.10201235968264655,-0.052551984786987305,-0.387555330991745,-0.11352739590796546,-0.003583967685699463,-0.25157803297042847,-0.051660296652642046,-0.027308523654937744,-0.2030617594718933,-0.08169909674319342,-0.0076631903648376465,-0.13851618766784668,-0.08583405721577719,0.013192147016525269,-0.1375424861907959,-0.08808220285567359,-0.04778224229812622,-0.21606206893920898,-0.056667314056483065,-0.063717782497406,-0.14762794971466064,-0.08530921596678809,-0.036745548248291016,-0.09852093458175659,-0.07151954728755072,-0.012502402067184448,-0.10889416933059692,-0.06108765784296111,-0.079506516456604,-0.17256343364715576,-0.06619788068923071,-0.09796452522277832,-0.12624138593673706,-0.08726388323697165,-0.07734093070030212,-0.09024578332901001,-0.0781334500351818,-0.057890117168426514,-0.09115594625473022,-0.06837655711564139,-1.1830782456991202,-2.2445430499518273,1.42473101146018,1.2527689620421325,1.3112523497865483,0.289715537482231,0.16295273481902828,0.1980285962398538,0.24661780785583748,0.2585125015005292,0.2815244431561331,0.29644745053685767,0.03848293013191081,0.08487873331347195,0.048730783289423193,X
0.0,0.0,0.0,0.07636350393295288,-0.03035026788711548,-0.030449519491583033,0.12573358416557312,-0.1041000485420227,-0.05026611182728402,0.1602584421634674,-0.15546250343322754,-0.06882873047032945,0.16552236676216125,-0.2049727439880371,-0.08391753453651063,0.05466100573539734,-0.25998884439468384,-0.05059882122912995,0.014215826988220215,-0.33905744552612305,-0.08535792548099153,-0.018954545259475708,-0.3659331202507019,-0.10577378291526429,-0.05144163966178894,-0.3910740613937378,-0.11835107821860902,-0.0007926821708679199,-0.25255972146987915,-0.05290439966955773,-0.024922102689743042,-0.21375519037246704,-0.0836122022930681,-0.005986064672470093,-0.15258854627609253,-0.08908387888112657,0.015743672847747803,-0.14625465869903564,-0.09232611078658692,-0.04533064365386963,-0.2175789475440979,-0.058472252077251596,-0.06000781059265137,-0.1581084132194519,-0.0866673352185785,-0.03251412510871887,-0.11066937446594238,-0.07298519331851594,-0.006449341773986816,-0.11446046829223633,-0.06255829203763597,-0.07635959982872009,-0.1749226450920105,-0.06852154303231828,-0.09375199675559998,-0.13423246145248413,-0.08884823936858766,-0.07217785716056824,-0.0983172059059143,-0.07879183310905091,-0.050361812114715576,-0.09495794773101807,-0.06825642157235734,-1.1950874484240084,-2.25125321843868,1.4164774413792909,1.2102255393596544,1.2564596810198307,0.2858445039241952,0.16087719133150605,0.1943366681521388,0.2422998846157727,0.2538708454171035,0.28024879439124756,0.29611808252493493,0.03877370812321587,0.08367369776852704,0.04804844804638464,X
0.0,0.0,0.0,0.07724320888519287,-0.025596559047698975,-0.034373614149942,0.12770715355873108,-0.0955578088760376,-0.0541962265547653,0.1619475781917572,-0.1461261510848999,-0.07144314344490965,0.17301121354103088,-0.19587814807891846,-0.0842248007234474,0.05666711926460266,-0.2544422149658203,-0.055263928281917174,0.012441426515579224,-0.32975947856903076,-0.08771680589283903,-0.018706023693084717,-0.36117151379585266,-0.10310316379631956,-0.04784741997718811,-0.3935713768005371,-0.11248550112809141,0.0012608468532562256,-0.2507326602935791,-0.054997257101192076,-0.028496205806732178,-0.20070970058441162,-0.08400382395352324,-0.00813513994216919,-0.13253659009933472,-0.08439511354531248,0.015863746404647827,-0.1315009593963623,-0.08360131378735502,-0.043207645416259766,-0.217695951461792,-0.05834235544766386,-0.06442070007324219,-0.15089666843414307,-0.08676331039036711,-0.036592572927474976,-0.09767764806747437,-0.06986818756426771,-0.011165708303451538,-0.10719668865203857,-0.05681470702852209,-0.07602173089981079,-0.17518824338912964,-0.06656759526099165,-0.09584981203079224,-0.13237297534942627,-0.08841256346072157,-0.07295265793800354,-0.09244728088378906,-0.07816944565142592,-0.05186152458190918,-0.09041863679885864,-0.0669152840551277,-1.1466176471075489,-2.2150682687788326,1.448928278748976,1.2885626886696364,1.2931476946093983,0.2964138132441084,0.16982269827690888,0.20441511633484918,0.24837362353989492,0.26970357135220213,0.2887144090333299,0.30317931460820824,0.03634953917494121,0.07921154941173629,0.04401877425097128,X
0.0,0.0,0.0,0.07724320888519287,-0.025596559047698975,-0.034373614149942,0.12770715355873108,-0.0955578088760376,-0.0541962265547653,0.1619475781917572,-0.1461261510848999,-0.07144314344490965,0.17301121354103088,-0.19587814807891846,-0.0842248007234474,0.05666711926460266,-0.2544422149658203,-0.055263928281917174,0.012441426515579224,-0.32975947856903076,-0.08771680589283903,-0.018706023693084717,-0.36117151379585266,-0.10310316379631956,-0.04784741997718811,-0.3935713768005371,-0.11248550112809141,0.0012608468532562256,-0.2507326602935791,-0.054997257101192076,-0.028496205806732178,-0.20070970058441162,-0.08400382395352324,-0.00813513994216919,-0.13253659009933472,-0.08439511354531248,0.015863746404647827,-0.1315009593963623,-0.08360131378735502,-0.043207645416259766,-0.217695951461792,-0.05834235544766386,-0.06442070007324219,-0.15089666843414307,-0.08676331039036711,-0.036592572927474976,-0.09767764806747437,-0.06986818756426771,-0.011165708303451538,-0.10719668865203857,-0.05681470702852209,-0.07602173089981079,-0.17518824338912964,-0.06656759526099165,-0.09584981203079224,-0.13237297534942627,-0.08841256346072157,-0.07295265793800354,-0.09244728088378906,-0.07816944565142592,-0.05186152458190918,-0.09041863679885864,-0.0669152840551277,-1.1466176471075489,-2.2150682687788326,1.448928278748976,1.2885626886696364,1.2931476946093983,0.2964138132441084,0.16982269827690888,0.20441511633484918,0.24837362353989492,0.26970357135220213,0.2887144090333299,0.30317931460820824,0.03634953917494121,0.07921154941173629,0.04401877425097128,X
0.0,0.0,0.0,0.07537499070167542,-0.028683364391326904,-0.027962176755181645,0.12631478905677795,-0.10033315420150757,-0.04469001542042861,0.1592395007610321,-0.1490035057067871,-0.05998869489144454,0.17077621817588806,-0.19350361824035645,-0.07265519972156653,0.05021575093269348,-0.25577157735824585,-0.04993990685056815,0.010966092348098755,-0.3329571485519409,-0.08062648649524817,-0.01899397373199463,-0.36102595925331116,-0.0985559883267797,-0.04762193560600281,-0.38876205682754517,-0.11073326940845618,-0.004424184560775757,-0.2479785680770874,-0.052542510137072895,-0.026717454195022583,-0.2069188356399536,-0.08198279763769278,-0.01107877492904663,-0.14415597915649414,-0.08813362444948325,0.008441567420959473,-0.13919931650161743,-0.09280250842880378,-0.048465877771377563,-0.21254056692123413,-0.05760731051873336,-0.06310120224952698,-0.15409040451049805,-0.08646275724481711,-0.03813004493713379,-0.10479956865310669,-0.07612546409677634,-0.012753576040267944,-0.11001777648925781,-0.06866123403619895,-0.08065477013587952,-0.16977167129516602,-0.06642416740965018,-0.09820953011512756,-0.1329219937324524,-0.08846452708553443,-0.07752987742424011,-0.09593439102172852,-0.08106930430244574,-0.05559161305427551,-0.09338414669036865,-0.07317271704982886,-1.12555029047718,-2.2050658101921288,1.453069292355774,1.2356053509538683,1.2537582949545374,0.29295667156568633,0.1711767975604657,0.2016260676051439,0.24752030946832754,0.2557824812817341,0.28091667148838834,0.2954854066711847,0.036066554920520986,0.07873549381700465,0.04595405374392966,X
0.0,0.0,0.0,0.07694864273071289,-0.022411584854125977,-0.030487795635977477,0.12687581777572632,-0.093514084815979,-0.0492912934123666,0.15954869985580444,-0.14395910501480103,-0.0664693110584409,0.170026957988739,-0.189572274684906,-0.0801711969970853,0.05891108512878418,-0.25032472610473633,-0.05056833037725994,0.019403427839279175,-0.33049342036247253,-0.08485400611154148,-0.013897508382797241,-0.35936105251312256,-0.10329812699548313,-0.046332359313964844,-0.3890571594238281,-0.1143215888141782,0.0034990012645721436,-0.2435351014137268,-0.05243397438518116,-0.024570196866989136,-0.2128627896308899,-0.08316765660039493,-0.01009434461593628,-0.14871788024902344,-0.08612120085946628,0.009995639324188232,-0.1440752148628235,-0.08698042416564533,-0.04045349359512329,-0.21051573753356934,-0.05767936938993046,-0.060540586709976196,-0.1577686071395874,-0.0875310444234998,-0.036036789417266846,-0.10757339000701904,-0.0718878650068433,-0.010634094476699829,-0.11321038007736206,-0.059332481861034125,-0.07256701588630676,-0.1703636646270752,-0.06713755363217899,-0.09472912549972534,-0.1367053985595703,-0.08866853946439335,-0.0760909914970398,-0.09714186191558838,-0.07730953329793522,-0.05573755502700806,-0.09217298030853271,-0.06548479878894398,-1.1485922767014591,-2.2197834226905178,1.5055698082700888,1.2734310370639332,1.358794473680673,0.2942882488700375,0.16637309099120914,0.19613657187269715,0.24587850227755342,0.2513742162423802,0.27814710458354486,0.2970331185497056,0.03712443862241331,0.08375377478860734,0.04976840707363208,X
0.0,0.0,0.0,0.07713961601257324,-0.02638256549835205,-0.02828994667785878,0.12828627228736877,-0.09907263517379761,-0.044588568570787857,0.1635442078113556,-0.1474766731262207,-0.05933707109349484,0.1687736213207245,-0.1922222375869751,-0.07156216627615208,0.052705228328704834,-0.25108301639556885,-0.04904073006170506,0.012772738933563232,-0.33259403705596924,-0.07957622683304066,-0.017083048820495605,-0.3612824082374573,-0.099014642598803,-0.04656866192817688,-0.38636088371276855,-0.11205763644235844,-0.0018426775932312012,-0.24329185485839844,-0.05145620456593747,-0.02603238821029663,-0.2078324556350708,-0.08024322515981908,-0.009173274040222168,-0.14984655380249023,-0.08813847130792851,0.011151939630508423,-0.14208149909973145,-0.09410199797409291,-0.04598614573478699,-0.20804345607757568,-0.05630323565262074,-0.06190738081932068,-0.15118348598480225,-0.08398183709638829,-0.03527408838272095,-0.10521471500396729,-0.07479590451973195,-0.008061498403549194,-0.10728168487548828,-0.0680332360293221,-0.07741644978523254,-0.1660555601119995,-0.06496538496273274,-0.09644731879234314,-0.13098841905593872,-0.08519511944311375,-0.07584765553474426,-0.09549909830093384,-0.07694084471719975,-0.05289950966835022,-0.0895317792892456,-0.06854636496561284,-1.1607816525067278,-2.2038821539134426,1.4431027555285374,1.2108169348737692,1.2607457405556795,0.2899346700110322,0.16540461962985784,0.19617736123934146,0.24430371922649313,0.2510061465207986,0.28172327001220654,0.29689660972463117,0.039751519104688424,0.08284963011048889,0.04822350466839747,X
0.0,0.0,0.0,0.07491427659988403,-0.0330045223236084,-0.0328271054042375,0.12302741408348083,-0.10050386190414429,-0.05434013906250357,0.1571960747241974,-0.1476108431816101,-0.07422971356044172,0.16963782906532288,-0.19212913513183594,-0.09042198586593031,0.0473991334438324,-0.25930625200271606,-0.05044139924774527,0.004972964525222778,-0.3375018537044525,-0.08265464383492827,-0.019720375537872314,-0.36832305788993835,-0.0992347933662927,-0.04406377673149109,-0.3951631188392639,-0.10979918021092772,-0.008213043212890625,-0.2540343403816223,-0.0515915416492021,-0.024743646383285522,-0.21183496713638306,-0.08116861063371061,-0.004319369792938232,-0.14487528800964355,-0.08354932445416807,0.015169024467468262,-0.14603418111801147,-0.08435586470494627,-0.052846699953079224,-0.22028493881225586,-0.056486181945899716,-0.06159180402755737,-0.16043126583099365,-0.08553898710141539,-0.03503736853599548,-0.11025744676589966,-0.07238620150218367,-0.012502312660217285,-0.12161773443222046,-0.062480203838447324,-0.08513933420181274,-0.1773742437362671,-0.0658921785963571,-0.09558752179145813,-0.1336234211921692,-0.0877376757873094,-0.07214203476905823,-0.09502768516540527,-0.07976171749959349,-0.052851974964141846,-0.0958319902420044,-0.07092331725488066,-1.1002074298933229,-2.1633289807545637,1.3575865899114896,1.1826466522309549,1.1937787343682775,0.2947730904615362,0.16119974063076772,0.19531228547232146,0.24243525529716758,0.25607372443887155,0.27536013390598046,0.29946010915560267,0.03690346551740234,0.08454061942300962,0.04788527802450365,X
0.0,0.0,0.0,0.06882420182228088,-0.02776414155960083,-0.035823687799286574,0.11423662304878235,-0.09242808818817139,-0.059205140806746215,0.14723005890846252,-0.1387009620666504,-0.08061004046351883,0.16189280152320862,-0.1824701428413391,-0.09764971945435974,0.04130372405052185,-0.2523626685142517,-0.05287427444012138,0.002004384994506836,-0.3333304524421692,-0.08871802303941223,-0.024716466665267944,-0.36476653814315796,-0.10702164832503769,-0.052825868129730225,-0.38867780566215515,-0.11758987221868011,-0.012652665376663208,-0.250080943107605,-0.05279912788422081,-0.028502851724624634,-0.20340877771377563,-0.08332144830377075,-0.007394909858703613,-0.13802087306976318,-0.08600697282702896,0.01238134503364563,-0.1407855749130249,-0.08638194564731094,-0.05612275004386902,-0.21854960918426514,-0.05713964615018341,-0.06424927711486816,-0.152726948261261,-0.08618894580752823,-0.038046061992645264,-0.1054990291595459,-0.07283088181169006,-0.015168160200119019,-0.12127357721328735,-0.06243541080505821,-0.08710697293281555,-0.17741596698760986,-0.06650872889907333,-0.09496831893920898,-0.1223488450050354,-0.08748811099679443,-0.06952720880508423,-0.08354431390762329,-0.07928383711726639,-0.049282193183898926,-0.08615607023239136,-0.07002906862647507,-1.0840111261484682,-2.1751377762394,1.3456312101109928,1.1723065339830652,1.1778756666764088,0.29770070087850187,0.15521365540763715,0.18733820702424303,0.2321018719701945,0.25632506454561554,0.27004281949136544,0.30254248964328584,0.03375934378597708,0.08238188348877404,0.04895923348023029,X
0.0,0.0,0.0,0.0754944384098053,-0.030885279178619385,-0.0346717734098263,0.12382853031158447,-0.09414452314376831,-0.05724332967994883,0.15919256210327148,-0.13923418521881104,-0.07761709878442957,0.1738649606704712,-0.18518871068954468,-0.0931814957618542,0.048903465270996094,-0.2563907504081726,-0.0510928940236397,0.008175551891326904,-0.3331127166748047,-0.0833979223131962,-0.01737651228904724,-0.36313921213150024,-0.09879645446537211,-0.044172823429107666,-0.3884236216545105,-0.10798241684435084,-0.006340116262435913,-0.24997878074645996,-0.051630039906484626,-0.023594260215759277,-0.2058168649673462,-0.07964186856744959,-0.0030459165573120117,-0.1397131085395813,-0.08013277242181971,0.01703059673309326,-0.14483827352523804,-0.07947516182659342,-0.05038958787918091,-0.21465331315994263,-0.05636906737683489,-0.060183584690093994,-0.15261131525039673,-0.08480220029352381,-0.03243893384933472,-0.10377782583236694,-0.07005050519703104,-0.010103106498718262,-0.12014830112457275,-0.05889877790806963,-0.08214497566223145,-0.16991251707077026,-0.06590290108917429,-0.09176325798034668,-0.12354773283004761,-0.08732769379614069,-0.06744799017906189,-0.08767926692962646,-0.07860951611993983,-0.04912304878234863,-0.09344720840454102,-0.06911627689598276,-1.0682725443476244,-2.1848352826337716,1.3520715881888217,1.1678340843838135,1.163133778886078,0.2980686235248389,0.161941889241149,0.19512689362142446,0.24112269822901408,0.2511566850848485,0.2704300153776531,0.29501794708943496,0.03668559101633273,0.08376960301459276,0.04728111936345815,X
0.0,0.0,0.0,0.07530993223190308,-0.02837449312210083,-0.030812756635796745,0.12542864680290222,-0.09811961650848389,-0.049614827626001556,0.15999963879585266,-0.1453670859336853,-0.06658760785366269,0.17593088746070862,-0.1874690055847168,-0.08019483416582318,0.05335232615470886,-0.25594979524612427,-0.049494992487680634,0.013333708047866821,-0.33331185579299927,-0.07959700702930661,-0.01440533995628357,-0.36270004510879517,-0.09546851693893643,-0.040863990783691406,-0.3899787664413452,-0.1059891763260481,-0.00044029951095581055,-0.24941331148147583,-0.05118720560575696,-0.024362027645111084,-0.20902281999588013,-0.07876678883339139,-0.00759008526802063,-0.14455360174179077,-0.081810753338587,0.01284700632095337,-0.1432446837425232,-0.08373885928894254,-0.04418113827705383,-0.21392250061035156,-0.0560539248516676,-0.059953123331069946,-0.15509814023971558,-0.08366123914028378,-0.03425249457359314,-0.10643821954727173,-0.07065768867040845,-0.009641677141189575,-0.1156001091003418,-0.061268794827711304,-0.07637926936149597,-0.17043882608413696,-0.06517107366825314,-0.09353077411651611,-0.12908697128295898,-0.08716872661615582,-0.07103034853935242,-0.0918421745300293,-0.07927389024997922,-0.04944595694541931,-0.09214574098587036,-0.07054122864509793,-1.0563415186552607,-2.1835026682498904,1.4462908413504467,1.232974666793155,1.2394710771635462,0.29666516896193434,0.16897379361903353,0.19900330402987657,0.2447064501974676,0.2525125319171393,0.2761493807225403,0.2979566431465534,0.035636545722160004,0.08056993994880063,0.046200520282595796,X
0.0,0.0,0.0,0.07544609904289246,-0.0293462872505188,-0.030335856456900956,0.12350529432296753,-0.09447240829467773,-0.051480691735292794,0.1588152050971985,-0.1381983757019043,-0.07126837954356802,0.16843873262405396,-0.1842193603515625,-0.08750020698144567,0.05200806260108948,-0.25094008445739746,-0.05119349047973287,0.013430416584014893,-0.32428857684135437,-0.08334542796447408,-0.01400822401046753,-0.3522437810897827,-0.10108995423152578,-0.041392892599105835,-0.38147979974746704,-0.11270271227195394,-0.0032070577144622803,-0.24762654304504395,-0.053512822691942574,-0.023429900407791138,-0.19754838943481445,-0.08252684012487066,-0.00862780213356018,-0.13656407594680786,-0.08638985440566671,0.00845867395401001,-0.1424655318260193,-0.0889579428775562,-0.04750800132751465,-0.21386337280273438,-0.05887734502985609,-0.05709284543991089,-0.14356887340545654,-0.08559433356359136,-0.03309130668640137,-0.0987977385520935,-0.07190181300475729,-0.012065201997756958,-0.11343079805374146,-0.0625149457199825,-0.0788658857345581,-0.17080360651016235,-0.06872269496753347,-0.09117215871810913,-0.12096548080444336,-0.08874007299974096,-0.07132852077484131,-0.08816331624984741,-0.07989780590369833,-0.05436873435974121,-0.09375131130218506,-0.07097540036275518,-1.1066143598474012,-2.191848335612408,1.4603159384965982,1.231539055838031,1.2629732303229806,0.28799477754719427,0.16533904973904734,0.19388834664865107,0.24047377246289361,0.2441577337661565,0.2696486245932127,0.28802092898330117,0.0355562265898755,0.07950068249183505,0.046656950705185746,X
0.0,0.0,0.0,0.07544609904289246,-0.0293462872505188,-0.030335856456900956,0.12350529432296753,-0.09447240829467773,-0.051480691735292794,0.1588152050971985,-0.1381983757019043,-0.07126837954356802,0.16843873262405396,-0.1842193603515625,-0.08750020698144567,0.05200806260108948,-0.25094008445739746,-0.05119349047973287,0.013430416584014893,-0.32428857684135437,-0.08334542796447408,-0.01400822401046753,-0.3522437810897827,-0.10108995423152578,-0.041392892599105835,-0.38147979974746704,-0.11270271227195394,-0.0032070577144622803,-0.24762654304504395,-0.053512822691942574,-0.023429900407791138,-0.19754838943481445,-0.08252684012487066,-0.00862780213356018,-0.13656407594680786,-0.08638985440566671,0.00845867395401001,-0.1424655318260193,-0.0889579428775562,-0.04750800132751465,-0.21386337280273438,-0.05887734502985609,-0.05709284543991089,-0.14356887340545654,-0.08559433356359136,-0.03309130668640137,-0.0987977385520935,-0.07190181300475729,-0.012065201997756958,-0.11343079805374146,-0.0625149457199825,-0.0788658857345581,-0.17080360651016235,-0.06872269496753347,-0.09117215871810913,-0.12096548080444336,-0.08874007299974096,-0.07132852077484131,-0.08816331624984741,-0.07989780590369833,-0.05436873435974121,-0.09375131130218506,-0.07097540036275518,-1.1066143598474012,-2.191848335612408,1.4603159384965982,1.231539055838031,1.2629732303229806,0.28799477754719427,0.16533904973904734,0.19388834664865107,0.24047377246289361,0.2441577337661565,0.2696486245932127,0.28802092898330117,0.0355562265898755,0.07950068249183505,0.046656950705185746,X
0.0,0.0,0.0,0.07438415288925171,-0.028893470764160156,-0.03443058454277548,0.1235206127166748,-0.0977168083190918,-0.054833045833134975,0.1583980917930603,-0.14542120695114136,-0.07275677346470388,0.16959160566329956,-0.19335293769836426,-0.08573714517834219,0.048007071018218994,-0.257795512676239,-0.05240841456534895,0.0039511919021606445,-0.3348929286003113,-0.08468081676247152,-0.021094709634780884,-0.3611066937446594,-0.0984631764221433,-0.04686397314071655,-0.384639173746109,-0.10619023316385778,-0.007553547620773315,-0.2538303732872009,-0.05222863205554518,-0.021284371614456177,-0.20528006553649902,-0.08178939544441732,0.0018421709537506104,-0.13324403762817383,-0.08168213688614401,0.022433698177337646,-0.1357344388961792,-0.07968246065857443,-0.05179932713508606,-0.2211216688156128,-0.05612455182554754,-0.057409584522247314,-0.15314102172851562,-0.08640228085997137,-0.02938181161880493,-0.09955179691314697,-0.07196307801487478,-0.006924659013748169,-0.11552250385284424,-0.060150201104903545,-0.08316361904144287,-0.17896246910095215,-0.06467081480505499,-0.08927768468856812,-0.12795835733413696,-0.08741605155947241,-0.06255882978439331,-0.08663815259933472,-0.07920976602318319,-0.04263359308242798,-0.08920872211456299,-0.06946384780886206,-1.1218695537990535,-2.212975690486809,1.3221290740424771,1.168965600361503,1.1466382355576419,0.2888657849186974,0.15803588560787177,0.19291336949034776,0.23640125342778712,0.25837131087026466,0.27206420350235916,0.295460738282867,0.03564316842194829,0.07998996633282413,0.04435699585962991,X
0.0,0.0,0.0,0.07293230295181274,-0.03191655874252319,-0.030479537714157345,0.12227952480316162,-0.10004502534866333,-0.04961548225942636,0.1592615842819214,-0.1467844843864441,-0.06721015127364183,0.17054563760757446,-0.19263559579849243,-0.08038234563532853,0.04688948392868042,-0.2561049461364746,-0.047986818868551495,0.003444671630859375,-0.33476802706718445,-0.07736871244374299,-0.022346526384353638,-0.3608822822570801,-0.09034491928282762,-0.049283623695373535,-0.38363397121429443,-0.09799039961758638,-0.008085012435913086,-0.25458019971847534,-0.04935022296372438,-0.023758023977279663,-0.20406723022460938,-0.07625726463261628,-0.003168165683746338,-0.13355755805969238,-0.07624602915707612,0.015461623668670654,-0.1358221173286438,-0.07467140110198045,-0.05206727981567383,-0.22254973649978638,-0.0541663676685431,-0.05878251791000366,-0.1490020751953125,-0.08117778452101732,-0.03182727098464966,-0.09838509559631348,-0.06672497691575074,-0.010312318801879883,-0.11494559049606323,-0.05555136354628587,-0.0837516188621521,-0.18057018518447876,-0.06340583266678834,-0.09190553426742554,-0.1253681182861328,-0.08346989603701616,-0.06755584478378296,-0.08630251884460449,-0.07450519355002427,-0.04888278245925903,-0.09051406383514404,-0.0646086991018393,-1.0902657577806958,-2.2169336201657797,1.3750609636374291,1.2006406172840163,1.2013815292944106,0.2912134672992913,0.16516301860660595,0.196838353276224,0.24202817774707128,0.25613016609231004,0.27149992364287473,0.2931201814540553,0.0331681395780153,0.07869575789917643,0.04565720273657171,X
0.0,0.0,0.0,0.07789960503578186,-0.02864241600036621,-0.024083825260191816,0.12761452794075012,-0.10348725318908691,-0.037259499043017286,0.16311350464820862,-0.15247303247451782,-0.0495825134811696,0.17116007208824158,-0.1972551941871643,-0.058150681167632,0.0492379367351532,-0.25262022018432617,-0.04287087774255838,0.011683374643325806,-0.32850509881973267,-0.06928194171169366,-0.017716050148010254,-0.3541460633277893,-0.08299823707321252,-0.04864344000816345,-0.3824313282966614,-0.0921838418243226,-0.00458797812461853,-0.25168925523757935,-0.04612785434702005,-0.02131602168083191,-0.19786274433135986,-0.06877121931293573,-0.0022211968898773193,-0.13375061750411987,-0.07101555770614709,0.016659647226333618,-0.13684743642807007,-0.07344961023309793,-0.04715588688850403,-0.21911871433258057,-0.05181049412468042,-0.05424508452415466,-0.14637672901153564,-0.07464176273325052,-0.02769380807876587,-0.09999817609786987,-0.06197760856130685,-0.004983872175216675,-0.11574447154998779,-0.05409894368031587,-0.07706823945045471,-0.17642265558242798,-0.061406376272231,-0.08757030963897705,-0.12387067079544067,-0.07938507056215371,-0.06459513306617737,-0.08785444498062134,-0.07076985245922174,-0.04471805691719055,-0.09064888954162598,-0.06253252035358514,-1.1360346203358727,-2.21687119306567,1.3878486573069047,1.1834512609597396,1.2101358665438446,0.28740874129652516,0.16588995894867017,0.19408937890962247,0.2407660083422561,0.2541179669910813,0.2702370023234799,0.2918088418781153,0.030228745569918346,0.07682140522243106,0.046995677178307826,X
0.0,0.0,0.0,0.07531875371932983,-0.030557215213775635,-0.03055236943198736,0.12505227327346802,-0.10203063488006592,-0.050763008074298455,0.16189789772033691,-0.15041643381118774,-0.06910064153505857,0.17254310846328735,-0.19666039943695068,-0.08310005895926054,0.04948800802230835,-0.25775665044784546,-0.054373481200471474,0.008130967617034912,-0.33444744348526,-0.08522737853361662,-0.019343584775924683,-0.3617140054702759,-0.09911959700419004,-0.04856914281845093,-0.38353919982910156,-0.10706549219919737,-0.007460445165634155,-0.25638771057128906,-0.05590120785070951,-0.018418490886688232,-0.20184040069580078,-0.08183096431328352,0.0005101859569549561,-0.13699352741241455,-0.0812090196473747,0.01739490032196045,-0.1418449878692627,-0.07988777838779981,-0.05215466022491455,-0.2225552797317505,-0.06053071923686559,-0.049893707036972046,-0.14538967609405518,-0.08566638164354856,-0.02419307827949524,-0.10044103860855103,-0.07051422529055174,-0.005528897047042847,-0.11978024244308472,-0.05973050825430448,-0.08301660418510437,-0.17708593606948853,-0.06973619841171796,-0.08306378126144409,-0.11830419301986694,-0.08859928779436643,-0.056948184967041016,-0.08244019746780396,-0.0792442866428047,-0.038765937089920044,-0.0880092978477478,-0.06943535141779478,-1.105662318545565,-2.2329594158444976,1.3571128661469671,1.1448961377696811,1.1097354648591298,0.28950701840005183,0.1645469411286625,0.19395926811027245,0.2376059229252393,0.2505341235886193,0.2672475450914786,0.2956924513876952,0.03181750267599839,0.07779666560268707,0.04597927523669539,X
0.0,0.0,0.0,0.07430830597877502,-0.025090157985687256,-0.030365477842167365,0.12428823113441467,-0.09493088722229004,-0.04879640933580731,0.15729138255119324,-0.14306586980819702,-0.06552488130040501,0.17278048396110535,-0.18708950281143188,-0.07807451259799336,0.04530647397041321,-0.2511100172996521,-0.05137108039565419,-2.8520822525024414e-05,-0.3296482563018799,-0.08237994980521535,-0.027102023363113403,-0.35262811183929443,-0.09697719436593388,-0.05403187870979309,-0.36915016174316406,-0.10559524368949269,-0.010793954133987427,-0.2463274598121643,-0.052498908308223236,-0.022901922464370728,-0.1976332664489746,-0.08140612911887501,0.0020774900913238525,-0.13062530755996704,-0.08304532390542363,0.023051470518112183,-0.12716710567474365,-0.08312284719653462,-0.05426877737045288,-0.21157097816467285,-0.05679927912063931,-0.05659785866737366,-0.14061802625656128,-0.08583640825457906,-0.02611890435218811,-0.09091329574584961,-0.07226166647382115,-0.0030792951583862305,-0.10077625513076782,-0.06168318685598706,-0.0845673680305481,-0.16780591011047363,-0.06533960771270131,-0.08722946047782898,-0.11605137586593628,-0.0879207007259879,-0.05903509259223938,-0.07587146759033203,-0.07991996180720662,-0.03745514154434204,-0.07488983869552612,-0.07056484889693593,-1.0864227621761853,-2.2703725069860385,1.294052127811157,1.1379908727544832,1.1015320643293107,0.29084348263458076,0.16127452106646917,0.1958995626262091,0.23830187338623418,0.25396385993365966,0.2731679328196527,0.29472686666666936,0.03713884633742057,0.07996225826033629,0.043032608224572944,X
0.0,0.0,0.0,0.0744813084602356,-0.029332756996154785,-0.030779880995055464,0.12324696779251099,-0.09982419013977051,-0.04894010123064163,0.1581488847732544,-0.1475408673286438,-0.06509281467845085,0.1695459485054016,-0.194014310836792,-0.0771251074617112,0.04524657130241394,-0.2536386251449585,-0.05036612745573166,0.0006745457649230957,-0.3291817307472229,-0.0803020797317231,-0.026188910007476807,-0.35429805517196655,-0.09534659754683616,-0.05342203378677368,-0.3760073781013489,-0.10471044998814705,-0.009246885776519775,-0.24947190284729004,-0.05125403922249916,-0.022249966859817505,-0.1985987424850464,-0.07869633805205467,0.0011228322982788086,-0.13393551111221313,-0.08132447075297478,0.02086147665977478,-0.13275021314620972,-0.08254779648234489,-0.05256742238998413,-0.21457141637802124,-0.05527915951063278,-0.0563846230506897,-0.14201486110687256,-0.08308990817715767,-0.02732306718826294,-0.09402775764465332,-0.0711102164929116,-0.004491984844207764,-0.10624969005584717,-0.06190532591392639,-0.08234840631484985,-0.1703447699546814,-0.06354993354727867,-0.08817142248153687,-0.11976659297943115,-0.08475500863244179,-0.061534762382507324,-0.08208632469177246,-0.07711162191083076,-0.040325671434402466,-0.08255338668823242,-0.06838679831673744,-1.1139330203393256,-2.249380214567005,1.3183493991369817,1.1530928751584575,1.1243612585526717,0.2878127823078838,0.1608115724500392,0.19491493248447161,0.2376334035193885,0.2543463941680209,0.27415936961770265,0.2937460804558148,0.036675274154350415,0.07914283592562922,0.042960073183530886,X
0.0,0.0,0.0,0.07422065734863281,-0.028757870197296143,-0.02583421630151861,0.12449198961257935,-0.10590165853500366,-0.04170608756430738,0.16068202257156372,-0.15684998035430908,-0.056598900382596184,0.176150381565094,-0.20009112358093262,-0.06858502936847799,0.04663369059562683,-0.25575923919677734,-0.048099076871949364,0.0032753050327301025,-0.33360445499420166,-0.07681247455366247,-0.0243033766746521,-0.35720762610435486,-0.09259251368530386,-0.05049219727516174,-0.37517207860946655,-0.10298841310032003,-0.008708477020263672,-0.2519568204879761,-0.05072965336330526,-0.01872238516807556,-0.20125973224639893,-0.07722231609113805,0.001923680305480957,-0.1383812427520752,-0.08120914412029379,0.019949257373809814,-0.13455122709274292,-0.08411774647720449,-0.05234336853027344,-0.21707594394683838,-0.055619331573325326,-0.052316874265670776,-0.1450396180152893,-0.08136348289735906,-0.0259665846824646,-0.10013329982757568,-0.07021339846141927,-0.004478961229324341,-0.11034750938415527,-0.06262669575698965,-0.08250099420547485,-0.17316162586212158,-0.06435062599666708,-0.08531516790390015,-0.12080705165863037,-0.08452889186628454,-0.060158491134643555,-0.08355796337127686,-0.07724191111810796,-0.039130568504333496,-0.0830526351928711,-0.06930838388689153,-1.0691424459984875,-2.253632001684361,1.3313860720720505,1.149216209448542,1.1222115941527495,0.28639168870109527,0.1693938287845918,0.20169500679849142,0.24503855865344487,0.25071974935711844,0.26879224385532713,0.29234030825451973,0.03438833835822122,0.07837429931719503,0.04411058879520312,X
0.0,0.0,0.0,0.07554304599761963,-0.02916473150253296,-0.029403690625400714,0.12555617094039917,-0.10382634401321411,-0.04603955187317865,0.1601441502571106,-0.15487247705459595,-0.06067151986476915,0.17445409297943115,-0.20122838020324707,-0.07102917917487162,0.04822978377342224,-0.2600235939025879,-0.04865850545880335,0.006636559963226318,-0.3346073031425476,-0.07753167339083689,-0.02056187391281128,-0.35794150829315186,-0.09157533981320398,-0.04728052020072937,-0.37764114141464233,-0.10040885247704523,-0.006411761045455933,-0.25613731145858765,-0.04952940755006807,-0.01518791913986206,-0.20423543453216553,-0.07593984194514292,0.0067910850048065186,-0.13611245155334473,-0.07820267267939585,0.027231276035308838,-0.1327139139175415,-0.07960311361071604,-0.049610793590545654,-0.22171831130981445,-0.053322978694410494,-0.05051577091217041,-0.14739638566970825,-0.08024655320164698,-0.024203866720199585,-0.09730076789855957,-0.06796618588683145,-0.002339273691177368,-0.10787361860275269,-0.05906485431310671,-0.07913967967033386,-0.17739719152450562,-0.06126872860309618,-0.08428248763084412,-0.1252363920211792,-0.08219495453354853,-0.059496939182281494,-0.08610296249389648,-0.07470762022254007,-0.03942215442657471,-0.08574628829956055,-0.06632886119601267,-1.1055327788429483,-2.25283650901642,1.3046791923272378,1.1772315604328925,1.1618688964256743,0.2833508443615162,0.1623846973066663,0.19992750189059377,0.2430620553581462,0.25601045788744153,0.2734853414753627,0.29200061504681046,0.038619395159071465,0.08153917861082466,0.0431828529625159,X
0.0,0.0,0.0,0.0732923150062561,-0.034449100494384766,-0.02917995605035628,0.12314844131469727,-0.10762238502502441,-0.04693657088442649,0.16051721572875977,-0.1564558744430542,-0.06318364221020545,0.17672663927078247,-0.2019020915031433,-0.07475051212473716,0.04765886068344116,-0.26592904329299927,-0.04683963883086051,0.003053218126296997,-0.3445510268211365,-0.07561197805567588,-0.022669732570648193,-0.36673450469970703,-0.08813880312605704,-0.047446638345718384,-0.38357552886009216,-0.09556199538870658,-0.006218761205673218,-0.2607036828994751,-0.04852795156999434,-0.0182858407497406,-0.2104724645614624,-0.0764557563082775,0.003806769847869873,-0.13694697618484497,-0.077650054575642,0.024800270795822144,-0.1327705979347229,-0.0770959101931652,-0.04930877685546875,-0.2246800661087036,-0.05344795364304389,-0.052884042263031006,-0.15092700719833374,-0.0819433547870716,-0.02563825249671936,-0.0977940559387207,-0.06930258798762168,-0.0030330419540405273,-0.10886245965957642,-0.05923558700247611,-0.07952022552490234,-0.17954063415527344,-0.062406617434461964,-0.08470189571380615,-0.1251009702682495,-0.08378559279604758,-0.05909174680709839,-0.08441990613937378,-0.07608822661801184,-0.03865364193916321,-0.08560717105865479,-0.06703876632614936,-1.0540195430722494,-2.25063868587888,1.332923849365216,1.1906719081257966,1.160436693523777,0.288546176960316,0.16691550209908596,0.20241026675452126,0.24477167739602798,0.261003312731822,0.27828014290281333,0.2980980694950759,0.036691857058688,0.07906192431299254,0.04253981183799803,X
0.0,0.0,0.0,0.07455798983573914,-0.031617820262908936,-0.029782750865351204,0.1256302297115326,-0.10269802808761597,-0.04725302498592043,0.16191712021827698,-0.1508803367614746,-0.06303668882502222,0.17699488997459412,-0.19637775421142578,-0.07476452108276987,0.04993036389350891,-0.2630649209022522,-0.045248859783541207,0.008953869342803955,-0.33882707357406616,-0.07280465330732966,-0.015698105096817017,-0.3640905022621155,-0.08643727119816447,-0.04024934768676758,-0.38649871945381165,-0.09555937465084696,-0.004920631647109985,-0.2583683729171753,-0.046526850422750954,-0.013868778944015503,-0.21094900369644165,-0.07291532423151637,0.009012550115585327,-0.14185291528701782,-0.07584915425432825,0.029831737279891968,-0.13955771923065186,-0.07756063457382822,-0.04908141493797302,-0.22361832857131958,-0.05108075704229975,-0.04986092448234558,-0.15499168634414673,-0.07835524644507075,-0.022257953882217407,-0.10497158765792847,-0.06832347925556803,0.000917285680770874,-0.11651808023452759,-0.060895954480301384,-0.08039310574531555,-0.18002361059188843,-0.05974572639716769,-0.08248487114906311,-0.12612003087997437,-0.08037354912413264,-0.055858999490737915,-0.0862734317779541,-0.07434450950277949,-0.03474578261375427,-0.0871933102607727,-0.06739466007603312,-1.0692586898596976,-2.201759990747164,1.286232430263753,1.1340266820915215,1.1137876235496171,0.28868848300852373,0.1577514180166397,0.19334138269276102,0.23823382469535986,0.2566928438062089,0.27310114839756816,0.2993560041167128,0.03697121145363844,0.08314016720201516,0.046171382632466194,X
0.0,0.0,0.0,0.07413095235824585,-0.031096577644348145,-0.032088216584497786,0.123382568359375,-0.09712463617324829,-0.05413078163223872,0.16047346591949463,-0.1420576572418213,-0.07497523744063983,0.16795867681503296,-0.19035416841506958,-0.09180466849761615,0.04631847143173218,-0.2529895305633545,-0.05021479744868884,0.005152523517608643,-0.33001065254211426,-0.08177206684308658,-0.01795259118080139,-0.3569433391094208,-0.09708370287376056,-0.041638076305389404,-0.3792678713798523,-0.10639343429761539,-0.010355979204177856,-0.24993938207626343,-0.052022807490402556,-0.016625434160232544,-0.19875675439834595,-0.08034311253982196,0.006895601749420166,-0.12630486488342285,-0.0811171086545528,0.026555776596069336,-0.12480080127716064,-0.08043896425920138,-0.05544644594192505,-0.2159913182258606,-0.05747263525086055,-0.051717400550842285,-0.1409921646118164,-0.08603543807225833,-0.023750752210617065,-0.09121191501617432,-0.07296942938523898,-0.0028668344020843506,-0.10446453094482422,-0.06288487483220706,-0.08661556243896484,-0.17286694049835205,-0.06743472088533053,-0.08353269100189209,-0.11502814292907715,-0.08712971229510913,-0.056016236543655396,-0.07593625783920288,-0.0778035076375545,-0.03730088472366333,-0.07757401466369629,-0.06837693620877872,-1.124794914520235,-2.1791890738175588,1.283963305948464,1.1302461970912636,1.0932420602362276,0.28216871918497527,0.1558589879777604,0.19120247149908823,0.23420258470657673,0.26344618300555045,0.27752492701192544,0.30172503113113613,0.03576665946071202,0.07942318659394584,0.043689857946835206,X
0.0,0.0,0.0,0.07666671276092529,-0.028549611568450928,-0.027856976237814024,0.1300053596496582,-0.09701311588287354,-0.04569827250830372,0.17036914825439453,-0.14176321029663086,-0.06246261156789501,0.1746845245361328,-0.18746131658554077,-0.07574347264758785,0.05553865432739258,-0.25576573610305786,-0.049416577887456015,0.014002352952957153,-0.3342275619506836,-0.07919748730651577,-0.009253174066543579,-0.36043670773506165,-0.09379337586156566,-0.0331425666809082,-0.3825598955154419,-0.10341062999955852,0.0017900466918945312,-0.255107045173645,-0.05254440240256031,-0.012112468481063843,-0.2027508020401001,-0.08176188029042919,0.010087072849273682,-0.132188081741333,-0.08539063341609676,0.030771225690841675,-0.1265137791633606,-0.08741339899293621,-0.042777955532073975,-0.22264325618743896,-0.058409693163554266,-0.049393653869628906,-0.14777886867523193,-0.08664716638318737,-0.023021608591079712,-0.09576082229614258,-0.07559750832311352,0.0009222328662872314,-0.1044999361038208,-0.06772611893407543,-0.0749051570892334,-0.17948007583618164,-0.06842913336745937,-0.08236068487167358,-0.11961543560028076,-0.09072328962079723,-0.05591094493865967,-0.077522873878479,-0.08504820473186214,-0.032393038272857666,-0.07538992166519165,-0.07820036865464886,-1.111980191642453,-2.18112683306247,1.349128892650483,1.216512005944696,1.1830556142215227,0.28505360082658693,0.1562870432965002,0.19255109622588285,0.2354593692727139,0.26390260808548804,0.2801388077296378,0.30717088831462835,0.037088699881370216,0.08126114106735748,0.04424138596034191,X
0.0,0.0,0.0,0.07126262784004211,-0.03213435411453247,-0.031131700266385565,0.12250456213951111,-0.09780597686767578,-0.052761447269702444,0.16203293204307556,-0.1432592272758484,-0.07330016105272819,0.16483262181282043,-0.18911582231521606,-0.09002136497595359,0.046168237924575806,-0.2606045603752136,-0.05087530671455909,0.006643176078796387,-0.33960872888565063,-0.08388964145281363,-0.014849990606307983,-0.36731046438217163,-0.10221605061390449,-0.0350242555141449,-0.38652610778808594,-0.11389011203148414,-0.009860306978225708,-0.25976139307022095,-0.05303121416666556,-0.016222715377807617,-0.19852453470230103,-0.08470144926407386,0.006926923990249634,-0.1286780834197998,-0.09042900859215308,0.026800423860549927,-0.12318795919418335,-0.09345346002676536,-0.05549061298370361,-0.22693341970443726,-0.058369778681779394,-0.054128944873809814,-0.14210957288742065,-0.08742474078037787,-0.027293682098388672,-0.0955655574798584,-0.07819449215033103,-0.005135893821716309,-0.10808277130126953,-0.07126129477121879,-0.08794441819190979,-0.18465113639831543,-0.06825374125340034,-0.08591300249099731,-0.11928331851959229,-0.08849857061007071,-0.06034073233604431,-0.08147662878036499,-0.08232229261496116,-0.040939390659332275,-0.08408224582672119,-0.07528633682825614,-1.1367190807675585,-2.1434976712432388,1.308546180587104,1.1700437169604665,1.1335742619054248,0.2809156318636712,0.15296852881308762,0.18829671177064305,0.23102851189150717,0.27049819127796054,0.2800428642164765,0.30250169993223325,0.03532838926957838,0.07821725697802341,0.04310354520054725,X
0.0,0.0,0.0,0.07243525981903076,-0.030406653881072998,-0.030275992440607524,0.12343263626098633,-0.09587150812149048,-0.05187058387937782,0.16095679998397827,-0.14260631799697876,-0.07250779806318519,0.16012072563171387,-0.18582260608673096,-0.08920568166914222,0.0474107563495636,-0.25457537174224854,-0.05163518278541801,0.008225858211517334,-0.33549773693084717,-0.08474884866419075,-0.013567447662353516,-0.3641420006752014,-0.1009940051907563,-0.035329461097717285,-0.38008785247802734,-0.11071179001274345,-0.00954321026802063,-0.25505512952804565,-0.054691485452082134,-0.01305660605430603,-0.19570106267929077,-0.08728311150017021,0.008572280406951904,-0.12731343507766724,-0.09112134514990089,0.027643799781799316,-0.12533414363861084,-0.09206188409271476,-0.05544358491897583,-0.22257477045059204,-0.060893020915415264,-0.04987823963165283,-0.1387884020805359,-0.09149307696762321,-0.023001790046691895,-0.0920860767364502,-0.08011117516699073,-0.001471012830734253,-0.1060907244682312,-0.07106307088079689,-0.08802524209022522,-0.17990487813949585,-0.07151368944587944,-0.08374989032745361,-0.11708086729049683,-0.09329377053919075,-0.05887612700462341,-0.07977539300918579,-0.0860382088893914,-0.040264248847961426,-0.08407360315322876,-0.07777365236225364,-1.1835264574618172,-2.1536251450741655,1.291614053906175,1.1368983616509256,1.1084405219564717,0.2755716992872102,0.14563306620400943,0.18019173922725396,0.22473761944806206,0.2624215763866185,0.2760811849378088,0.29605537984212343,0.03489959161408452,0.07946027479091551,0.044605703577993545,X
0.0,0.0,0.0,0.07436391711235046,-0.030290067195892334,-0.02647738608725092,0.12752214074134827,-0.09821635484695435,-0.04410330283648989,0.1660800278186798,-0.143324613571167,-0.06113728958375475,0.17311689257621765,-0.18676000833511353,-0.07514900791652224,0.05209299921989441,-0.25824373960494995,-0.045395427227092,0.013609200716018677,-0.33453845977783203,-0.073502615869117,-0.009046405553817749,-0.3614082336425781,-0.08930257040269396,-0.03160545229911804,-0.38236916065216064,-0.1002774022818329,-0.0026305019855499268,-0.25587964057922363,-0.048387781560492726,-0.008938431739807129,-0.20056259632110596,-0.07517829614884874,0.01285204291343689,-0.13577991724014282,-0.08027719783790133,0.03247377276420593,-0.1319587230682373,-0.08424247133739016,-0.047237902879714966,-0.22222298383712769,-0.05390096160776636,-0.045840322971343994,-0.14434814453125,-0.0790972568393471,-0.020948559045791626,-0.10049962997436523,-0.06968817937381289,0.0004978477954864502,-0.11225390434265137,-0.06383425074822924,-0.07921060919761658,-0.17955470085144043,-0.06347750949866793,-0.08006632328033447,-0.11980706453323364,-0.08238621878631136,-0.056517452001571655,-0.08383917808532715,-0.07633526700742266,-0.03700551390647888,-0.08565586805343628,-0.07007456648356936,-1.0952675375305974,-2.1640687108901697,1.2947489975542916,1.1612571928510713,1.1483798085141497,0.28315045287170143,0.15094259841859564,0.18801195215503633,0.23318120183277344,0.258479272545572,0.27201631121702263,0.2967624279960984,0.037559814411327705,0.08349446483922683,0.04597779543856842,X
0.0,0.0,0.0,0.07694664597511292,-0.027709484100341797,-0.029341533720781854,0.13166126608848572,-0.09484517574310303,-0.044920224637081674,0.17162629961967468,-0.14136803150177002,-0.05822311335830932,0.18213340640068054,-0.18800848722457886,-0.0670085995796228,0.05696859955787659,-0.25615906715393066,-0.04569128149776702,0.01937684416770935,-0.3320450186729431,-0.07257870578794723,-0.0070449113845825195,-0.355427622795105,-0.08587438607244735,-0.03378558158874512,-0.3816707134246826,-0.09454060339956527,0.004457682371139526,-0.25597429275512695,-0.0458507015707994,-0.012273728847503662,-0.20295852422714233,-0.06974578642874008,0.008969426155090332,-0.1346871256828308,-0.07216276967554336,0.030891865491867065,-0.13398009538650513,-0.07414762669830566,-0.03916338086128235,-0.22483676671981812,-0.049094345361282876,-0.04867014288902283,-0.14900529384613037,-0.07386694097547775,-0.022711634635925293,-0.09847450256347656,-0.06408704066305404,0.001988351345062256,-0.11157113313674927,-0.0573279857042337,-0.07029303908348083,-0.18371647596359253,-0.056481711507132104,-0.0817769467830658,-0.12608176469802856,-0.07564087951212173,-0.058183372020721436,-0.08653146028518677,-0.07000967854290252,-0.03677740693092346,-0.08679980039596558,-0.06352172040968185,-1.0743015422331088,-2.196840788695555,1.357411187636072,1.222304282438815,1.2378510339466426,0.2900449400199181,0.16060221300181618,0.19569085303340059,0.24117450628761883,0.25599573126323755,0.2724583592941687,0.2948860904981232,0.03657286862068013,0.08249309465418406,0.04600437957919634,X
0.0,0.0,0.0,0.07659366726875305,-0.032636284828186035,-0.025993345464186746,0.1288781464099884,-0.09861242771148682,-0.041528124521093446,0.1677902638912201,-0.14589720964431763,-0.05591192484887131,0.17710468173027039,-0.19355887174606323,-0.06618073226006516,0.05382689833641052,-0.25601130723953247,-0.04236393437774666,0.013217180967330933,-0.3388622999191284,-0.06755200416834839,-0.012756586074829102,-0.36414772272109985,-0.07847732693942078,-0.03848472237586975,-0.385046124458313,-0.08522169680388458,0.0014525651931762695,-0.2552824020385742,-0.0448265561559964,-0.01662692427635193,-0.210041344165802,-0.06941577435524948,0.0030265748500823975,-0.1378529667854309,-0.07081411422284134,0.025264084339141846,-0.1301499605178833,-0.07103439063818939,-0.04154524207115173,-0.2232305407524109,-0.05002098918946274,-0.05187764763832092,-0.15469372272491455,-0.07649664969237335,-0.02484104037284851,-0.10187995433807373,-0.06623346001894959,0.0014278590679168701,-0.1089063286781311,-0.058359831730442124,-0.07170736789703369,-0.18019676208496094,-0.058844141820983964,-0.08257320523262024,-0.12667644023895264,-0.08001157284768112,-0.056596070528030396,-0.08250570297241211,-0.07375595361979492,-0.032246023416519165,-0.07747626304626465,-0.0660527461865712,-1.1008216131844109,-2.191783838395357,1.3827539838523886,1.2112473502399692,1.2040172391700974,0.2883507570895655,0.164548646421774,0.19500871536577052,0.23938022012691143,0.26274695954308264,0.27900932058092154,0.3076331273022007,0.03192894500173029,0.0779867354067302,0.04606277659020395,X
0.0,0.0,0.0,0.07451945543289185,-0.030459225177764893,-0.024477357988018866,0.1246190071105957,-0.09849679470062256,-0.04135660176422107,0.16151493787765503,-0.14408302307128906,-0.05822421704675662,0.1738998293876648,-0.1864948272705078,-0.07249969338323581,0.050455451011657715,-0.25170421600341797,-0.04133692478086459,0.010617345571517944,-0.330491840839386,-0.06796803419734943,-0.013235747814178467,-0.360150009393692,-0.08215905820276248,-0.036697715520858765,-0.38620105385780334,-0.09214054887439715,-0.0033188164234161377,-0.250962495803833,-0.045620665897388335,-0.0161207914352417,-0.20515626668930054,-0.07123123948719012,0.00182303786277771,-0.1368507742881775,-0.0748820239796828,0.01896849274635315,-0.13455498218536377,-0.07711912785913455,-0.047403693199157715,-0.2179274559020996,-0.052389946778077956,-0.052180707454681396,-0.14940214157104492,-0.07673764323141086,-0.02860814332962036,-0.10201656818389893,-0.06554176752712237,-0.008127987384796143,-0.11304712295532227,-0.05809374620463359,-0.07961267232894897,-0.1751386523246765,-0.06299486105586993,-0.0848768949508667,-0.11934888362884521,-0.08127342258836734,-0.060426294803619385,-0.07996976375579834,-0.07371189539577472,-0.040476053953170776,-0.07943123579025269,-0.06596965437080371,-1.0602913602736348,-2.1457601794544394,1.3816262361371652,1.2124806320121457,1.182624547188817,0.2902307751759517,0.1634058339868323,0.19628726741212618,0.23962393865975598,0.257729455303462,0.27464395011222426,0.3067930851869175,0.034594901996638894,0.08106960928081745,0.046652173374953136,X
0.0,0.0,0.0,0.07591009140014648,-0.02902764081954956,-0.0230860929016643,0.12819218635559082,-0.09745413064956665,-0.03874722635491423,0.1637362241744995,-0.1447223424911499,-0.05393337970717482,0.17684191465377808,-0.18507951498031616,-0.06664971402032904,0.0575488805770874,-0.24892878532409668,-0.04345716675861411,0.01830446720123291,-0.3261879086494446,-0.0696703433070951,-0.006780117750167847,-0.35720282793045044,-0.08402664354188971,-0.030977219343185425,-0.3849809169769287,-0.09431366762264304,0.0029295384883880615,-0.24813109636306763,-0.04742813250167899,-0.010890603065490723,-0.20034366846084595,-0.07117170235260062,0.006635546684265137,-0.1376492977142334,-0.07400001725299887,0.02476346492767334,-0.13584566116333008,-0.0767026855622106,-0.04115980863571167,-0.2147672176361084,-0.05331838270767264,-0.04704761505126953,-0.1461327075958252,-0.07513920357568793,-0.024143368005752563,-0.1042669415473938,-0.062368379441338107,-0.003598839044570923,-0.11558389663696289,-0.05488078063471846,-0.07319813966751099,-0.17086923122406006,-0.06303685298307471,-0.08124184608459473,-0.11659705638885498,-0.08062464883668952,-0.05741465091705322,-0.07990163564682007,-0.0724961250100904,-0.03633806109428406,-0.07954001426696777,-0.06464547058685355,-1.0639685590659762,-2.1476478756449318,1.3787427541816983,1.2087836048385319,1.1871940631491558,0.28835631252923727,0.15984938921612343,0.1933610782038445,0.23787452211358665,0.2552947307961737,0.2707846566477272,0.30548794357970355,0.03485626756174468,0.0830886415500324,0.04869310132577784,X
0.0,0.0,0.0,0.07706055045127869,-0.030496716499328613,-0.024965246248640938,0.1284600794315338,-0.10022354125976562,-0.04171184175054066,0.16521009802818298,-0.14884209632873535,-0.057777413207688255,0.17670878767967224,-0.19372963905334473,-0.07005931161681644,0.056917279958724976,-0.2559674382209778,-0.045349379110732,0.015559345483779907,-0.3353390693664551,-0.07325235478917591,-0.009718000888824463,-0.3629796504974365,-0.0862569781426572,-0.03607851266860962,-0.3888489305973053,-0.09448247127572529,0.0025675594806671143,-0.2561437487602234,-0.048630748916068,-0.011155873537063599,-0.20317059755325317,-0.07325903795997135,0.008649647235870361,-0.13217532634735107,-0.07374056898395054,0.027104467153549194,-0.13189440965652466,-0.0736798542026662,-0.041184455156326294,-0.2228946089744568,-0.05452556260267727,-0.04631951451301575,-0.14614611864089966,-0.07807994358579151,-0.020973414182662964,-0.096943199634552,-0.0645580338720464,-0.0002353191375732422,-0.11109673976898193,-0.05544750862161152,-0.07212337851524353,-0.1780717372894287,-0.06441651009360783,-0.07723677158355713,-0.11665123701095581,-0.08170713208953373,-0.05142202973365784,-0.07686722278594971,-0.07317471973935596,-0.030953258275985718,-0.0780189037322998,-0.06456733219663136,-1.0944345036227736,-2.1814149460383208,1.375823866059062,1.219693896545817,1.1804294889504485,0.2887039541158503,0.16187973410726966,0.19528802569920262,0.23772357813020295,0.26460860675932935,0.2800553767247411,0.31087227897239267,0.03435122977704652,0.07920397477805298,0.04514127846861274,X
0.0,0.0,0.0,0.07937997579574585,-0.02872997522354126,-0.024015560595131547,0.13117939233779907,-0.0979354977607727,-0.03974377721343103,0.1672762632369995,-0.14641636610031128,-0.05443780109081331,0.1811913251876831,-0.18937116861343384,-0.06612260624561372,0.060500144958496094,-0.24961841106414795,-0.04681819289717737,0.0238955020904541,-0.33014363050460815,-0.0739719791689879,-0.003027617931365967,-0.3588104844093323,-0.08898326739463869,-0.03111526370048523,-0.38435569405555725,-0.0991162879744536,0.006676435470581055,-0.2502383589744568,-0.05012198522481981,-0.008792877197265625,-0.20304691791534424,-0.07339732333812776,0.00601881742477417,-0.1406976580619812,-0.0757291538992888,0.022179484367370605,-0.1366361379623413,-0.07806754842195573,-0.037286609411239624,-0.21813136339187622,-0.055374219862557084,-0.042223989963531494,-0.1485711932182312,-0.07659185662660661,-0.01910322904586792,-0.1064191460609436,-0.06421073511037889,0.0023654401302337646,-0.11707055568695068,-0.056833732722139985,-0.06846678256988525,-0.1740439534187317,-0.06450583770666185,-0.07660266757011414,-0.11849814653396606,-0.08141163721475664,-0.053487628698349,-0.08398264646530151,-0.07326660290155473,-0.03234967589378357,-0.08530110120773315,-0.06529237314853731,-1.0702877417221262,-2.167942818915932,1.4351663200183298,1.196894906580351,1.184282001572172,0.2882586561531497,0.1675283527610657,0.19288876534449909,0.23755070631909733,0.2533876647404845,0.26937390876201334,0.29905714048796894,0.027846155188935788,0.07489135676020034,0.047057810387522915,X
0.0,0.0,0.0,0.08196881413459778,-0.02312105894088745,-0.02463392919207763,0.1371438205242157,-0.09108340740203857,-0.03887134237493228,0.17530784010887146,-0.14187496900558472,-0.0520832334300394,0.18126001954078674,-0.18624347448349,-0.06278457684720706,0.0701117217540741,-0.24013030529022217,-0.041362004413258546,0.03358086943626404,-0.3120819926261902,-0.06830876512731265,0.00404733419418335,-0.3431605100631714,-0.08434295846427631,-0.02514594793319702,-0.3808943033218384,-0.09567536605800342,0.014407515525817871,-0.236395001411438,-0.04416760249341678,-0.011982709169387817,-0.20003044605255127,-0.0681141708632822,0.0015484988689422607,-0.13888943195343018,-0.07221734715903949,0.022336453199386597,-0.1377829909324646,-0.07614837779010486,-0.030658096075057983,-0.20584261417388916,-0.04943104280437183,-0.04885581135749817,-0.14848226308822632,-0.07248164905513477,-0.028098315000534058,-0.10135811567306519,-0.06156625418270778,-0.004237174987792969,-0.10860687494277954,-0.0549964439710493,-0.06326937675476074,-0.16695570945739746,-0.05857385887111377,-0.08211615681648254,-0.12322849035263062,-0.07686987711394977,-0.06373432278633118,-0.08545374870300293,-0.0700052921315546,-0.041916102170944214,-0.08230829238891602,-0.06341207964624118,-1.1366904426070024,-2.165725977179183,1.49056353691948,1.3054818063825304,1.3236904373199363,0.28371177024636685,0.1661478811320464,0.2010886639425962,0.24619119273304965,0.24770484175526175,0.27308903390536127,0.29905658995914647,0.03946395138951522,0.08488717836113424,0.045949069609901666,X
0.0,0.0,0.0,0.07861962914466858,-0.023889124393463135,-0.029941142350551786,0.1336824595928192,-0.08609741926193237,-0.04861860983085364,0.17234495282173157,-0.13124054670333862,-0.06543792299937934,0.18112459778785706,-0.17526757717132568,-0.0792314883322689,0.06727167963981628,-0.23673194646835327,-0.049074652418610754,0.028177261352539062,-0.3070349097251892,-0.07836160324525565,0.0014294981956481934,-0.33901894092559814,-0.09266105555009574,-0.023856043815612793,-0.37966057658195496,-0.10220828913163871,0.011221379041671753,-0.23240578174591064,-0.05092241130780906,-0.012371689081192017,-0.19610416889190674,-0.07761584483098716,0.0024850666522979736,-0.12899452447891235,-0.0782880958170864,0.025032788515090942,-0.1304650902748108,-0.07823055498313636,-0.0338839590549469,-0.20257622003555298,-0.055916859582183065,-0.04925462603569031,-0.14302033185958862,-0.08353869877767295,-0.025803685188293457,-0.0897720456123352,-0.06924843303870887,-0.0004972517490386963,-0.09881240129470825,-0.05841855593037337,-0.06674423813819885,-0.16516590118408203,-0.0650407921524021,-0.08322218060493469,-0.12312591075897217,-0.0861863296480152,-0.06285494565963745,-0.08130550384521484,-0.07740810774278373,-0.04126754403114319,-0.0780872106552124,-0.06810184083890647,-1.0818460475186324,-2.1383872876744996,1.4361315523055653,1.2595006427776352,1.2861690444796279,0.2894711758366343,0.1623943218039288,0.19705808825706014,0.24269793649524182,0.253945876758245,0.2818179034926374,0.30207557891385456,0.04066541129214342,0.08449364691612248,0.045735656328642266,X
0.0,0.0,0.0,0.08778902888298035,-0.022207140922546387,-0.027182721094163753,0.1495344340801239,-0.09270304441452026,-0.04094311271694551,0.19259902834892273,-0.13903671503067017,-0.05191720326331506,0.19218137860298157,-0.1869971752166748,-0.059110157684358455,0.08227184414863586,-0.2411363124847412,-0.048263390109809734,0.04023483395576477,-0.30900824069976807,-0.0807467741229857,0.012131363153457642,-0.3417770266532898,-0.101638462887081,-0.013966500759124756,-0.38813647627830505,-0.11513488416460405,0.024970024824142456,-0.23687303066253662,-0.04918427442100892,-0.004486650228500366,-0.19919568300247192,-0.07674584214475999,0.016235560178756714,-0.1389451026916504,-0.08298877303388963,0.042641282081604004,-0.13734865188598633,-0.08776469950464616,-0.0202808678150177,-0.20617645978927612,-0.052698996410640575,-0.040940433740615845,-0.14652639627456665,-0.07991934244421373,-0.014491528272628784,-0.09591472148895264,-0.07056961630371461,0.01418912410736084,-0.1003003716468811,-0.06276971523550401,-0.049846500158309937,-0.16676896810531616,-0.05990469132450471,-0.06720677018165588,-0.12485027313232422,-0.07849707131174455,-0.049471884965896606,-0.08688092231750488,-0.07031911288288484,-0.028224438428878784,-0.08149296045303345,-0.06164731134560952,-1.1460515347114566,-2.15045581966988,1.395070653864002,1.2560497038451228,1.3224756522223162,0.2880173026001297,0.1575665457403342,0.197983783198658,0.24435601796226436,0.25709720718353907,0.28920989322810914,0.3069748109931468,0.04671295711113313,0.09023197110183899,0.04639643308305042,X
0.0,0.0,0.0,0.07956770062446594,-0.02403658628463745,-0.02611987803248894,0.13541844487190247,-0.09241724014282227,-0.04196795400349629,0.17426547408103943,-0.14128977060317993,-0.05670578729478848,0.1854274570941925,-0.18689674139022827,-0.06837359767524731,0.06450709700584412,-0.24742048978805542,-0.04538387756912243,0.028404980897903442,-0.3317914605140686,-0.07314610432950985,0.00014984607696533203,-0.3582605719566345,-0.08946874689428341,-0.028658568859100342,-0.3773265779018402,-0.09970445882646572,0.010159909725189209,-0.24325871467590332,-0.04722940500943196,-0.01211199164390564,-0.19944065809249878,-0.07287919473020565,0.0035974085330963135,-0.13219678401947021,-0.07787333380548489,0.02468624711036682,-0.11720240116119385,-0.08151907425491345,-0.03328317403793335,-0.21154791116714478,-0.05155713435379994,-0.043143242597579956,-0.1444460153579712,-0.07730973463623059,-0.01837804913520813,-0.09634202718734741,-0.06919158201782238,0.007344186305999756,-0.09636712074279785,-0.06331396799652111,-0.061563581228256226,-0.1706802248954773,-0.05951967414586079,-0.06986245512962341,-0.12389922142028809,-0.07965439509717953,-0.04620221257209778,-0.08180385828018188,-0.0733273993071748,-0.021408528089523315,-0.0710517168045044,-0.06611255508033764,-1.0839760274180823,-2.1929577331025696,1.4560655094639205,1.23169428801922,1.1876652819003943,0.28652460477647157,0.17519999328488786,0.1997730300846149,0.23706791113135764,0.2655376747578681,0.28325680035364004,0.30636065940546753,0.027108227220819146,0.06522740196665193,0.038309114603048235,X
0.0,0.0,0.0,0.07803016901016235,-0.030639588832855225,-0.025781702909171145,0.13408225774765015,-0.09460407495498657,-0.04236348225504116,0.17247796058654785,-0.14151650667190552,-0.05733361347347454,0.17709094285964966,-0.1874455213546753,-0.07055817051559643,0.04817834496498108,-0.25514841079711914,-0.047661400127708475,0.009993791580200195,-0.3257046341896057,-0.07049554838567929,-0.01148688793182373,-0.3546450138092041,-0.08501567198663906,-0.033244192600250244,-0.37639230489730835,-0.09686688585907177,-0.005988717079162598,-0.24751019477844238,-0.050685423153936426,-0.010449588298797607,-0.19408905506134033,-0.07420188440710263,0.010920315980911255,-0.13271820545196533,-0.08207334830194668,0.029850244522094727,-0.12294799089431763,-0.09034870072036938,-0.05071192979812622,-0.20923727750778198,-0.05523437141209797,-0.049170076847076416,-0.14157015085220337,-0.07826061053901867,-0.02456071972846985,-0.10040873289108276,-0.0727046529832478,-0.003470778465270996,-0.10786223411560059,-0.07152700676351742,-0.08216220140457153,-0.16105997562408447,-0.06307955338388638,-0.09566232562065125,-0.11933887004852295,-0.08256250126987652,-0.08253902196884155,-0.09443891048431396,-0.07940335823923306,-0.0692368745803833,-0.10138821601867676,-0.07671202971368984,-1.1369795140267733,-2.1621789080807026,1.2906438734866412,1.1347136633826196,1.3574845806859266,0.2827397322981704,0.16074748732846686,0.1973221599709353,0.2609276785748562,0.2611798772804523,0.27017560049582934,0.2773494583663168,0.036576913900863234,0.10140552778185705,0.06608397921237406,X
0.0,0.0,0.0,0.07857868075370789,-0.03622561693191528,-0.027633971290725867,0.13078573346138,-0.10634499788284302,-0.046489285992521445,0.1688162386417389,-0.15700411796569824,-0.06444018216623704,0.17672911286354065,-0.2011299729347229,-0.08042423309578339,0.0513879656791687,-0.25910061597824097,-0.05015839146270196,0.015055030584335327,-0.3355584740638733,-0.07825586827291886,-0.008613109588623047,-0.36853188276290894,-0.09474774332537095,-0.03270635008811951,-0.39945167303085327,-0.10727786155237595,-0.0047016441822052,-0.2505497336387634,-0.053487061278957526,-0.009295433759689331,-0.2068505883216858,-0.07995036871923844,0.01073390245437622,-0.1364695429801941,-0.08350667239918153,0.028659045696258545,-0.12709087133407593,-0.0868728670646135,-0.049680113792419434,-0.21275407075881958,-0.05945964040054719,-0.04531630873680115,-0.14742231369018555,-0.08454834552301804,-0.01703837513923645,-0.09967392683029175,-0.07460687937035004,0.004877418279647827,-0.10467255115509033,-0.068756340758938,-0.08103427290916443,-0.16411525011062622,-0.06935446591867844,-0.08486518263816833,-0.11208724975585938,-0.08798501523031632,-0.06195840239524841,-0.07799452543258667,-0.08192284287704865,-0.04471820592880249,-0.07870703935623169,-0.0762386906315271,-1.1194540508652437,-2.110606216014792,1.3068821988720585,1.1033309823550146,1.1687513738510085,0.28843493177976154,0.16554918712199815,0.19707115250013005,0.25303416699386927,0.27918832013657846,0.29716539222892,0.3209694762930029,0.032682516461098945,0.08789320936743512,0.055981548242277926,X
0.0,0.0,0.0,0.07892081141471863,-0.035064101219177246,-0.02077419497609867,0.1351427137851715,-0.1091465950012207,-0.03288013674855961,0.17362210154533386,-0.1593942642211914,-0.044598096987016334,0.17384037375450134,-0.19723665714263916,-0.054807676007754935,0.06492540240287781,-0.25398731231689453,-0.04125167988777889,0.02978736162185669,-0.3310478925704956,-0.06884162314773334,-0.0004056394100189209,-0.3630020022392273,-0.08891566284538044,-0.027557462453842163,-0.4014788269996643,-0.1038054172003342,0.011227220296859741,-0.24227100610733032,-0.04537931271434559,-0.01481512188911438,-0.21468079090118408,-0.07065575011611713,0.003561854362487793,-0.15131241083145142,-0.07829281129480137,0.02651575207710266,-0.13555043935775757,-0.08546183445096744,-0.03291025757789612,-0.20736002922058105,-0.05135116540432705,-0.04896536469459534,-0.16082537174224854,-0.07506752200961841,-0.021589547395706177,-0.11490476131439209,-0.06928948499799503,0.005769252777099609,-0.11037755012512207,-0.0662375558221413,-0.0636911690235138,-0.1639862060546875,-0.060374250640876426,-0.0780433714389801,-0.1257627010345459,-0.07643778808952106,-0.05590537190437317,-0.08811056613922119,-0.07043139078260197,-0.03330150246620178,-0.07759207487106323,-0.06525073387265934,-1.156878960534554,-2.130860219683707,1.4285068506461267,1.191299081939656,1.232557870234768,0.2868378503219348,0.15971766845591157,0.1891888109230588,0.2392124222342414,0.2713702634474415,0.29300277020204635,0.32393768258737277,0.032620416697577044,0.0832903112917162,0.051004032222133844,X
0.0,0.0,0.0,0.0840836763381958,-0.03058028221130371,-0.01693474279846896,0.1394680142402649,-0.0971519947052002,-0.027318652366659535,0.17696815729141235,-0.14510458707809448,-0.03836208732928981,0.1828785538673401,-0.1880989670753479,-0.04834574239458789,0.06792956590652466,-0.2429182529449463,-0.03171036543454875,0.03189745545387268,-0.3188530206680298,-0.05407560022678126,0.0037441253662109375,-0.349483847618103,-0.07098978163804759,-0.02124202251434326,-0.3768659234046936,-0.08402074279393901,0.008958309888839722,-0.2324519157409668,-0.037861069311759366,-0.009696543216705322,-0.20568162202835083,-0.06062326731290568,0.006681323051452637,-0.14018821716308594,-0.06872882845010508,0.02596607804298401,-0.11783826351165771,-0.07554348709192027,-0.03750556707382202,-0.1957399845123291,-0.04530543612446536,-0.04183840751647949,-0.14414888620376587,-0.06847825052346934,-0.01620173454284668,-0.09510719776153564,-0.0616596020957445,0.006665080785751343,-0.08700418472290039,-0.05736784042920817,-0.07028090953826904,-0.14989906549453735,-0.05553226696457614,-0.07287228107452393,-0.11266154050827026,-0.07362142356242884,-0.047827064990997314,-0.07191526889801025,-0.06635851564016093,-0.025088787078857422,-0.059205055236816406,-0.05950536357369174,-1.1254591922457378,-2.1581429760815163,1.423479202258943,1.1849394767972132,1.108515850596822,0.2780254907454274,0.17192466819684102,0.2031534964364742,0.24467132118266555,0.26329438533302035,0.29120205007216954,0.31768415881624357,0.036376763323239705,0.07774607620459273,0.042203077192867075,X
0.0,0.0,0.0,0.07333603501319885,-0.03161662817001343,-0.022919963091027284,0.12448820471763611,-0.09398561716079712,-0.03762811140657618,0.16008701920509338,-0.13921278715133667,-0.051395964785825754,0.1694556176662445,-0.18282204866409302,-0.06368715034366801,0.05327168107032776,-0.24548131227493286,-0.041476246877920175,0.012169450521469116,-0.3166295886039734,-0.06804163472295954,-0.016254574060440063,-0.3444957137107849,-0.08600234703661158,-0.03944006562232971,-0.37582433223724365,-0.09937633292318537,-0.0003902018070220947,-0.23576730489730835,-0.04621882082463458,-0.025506943464279175,-0.20608055591583252,-0.07218465672374919,-0.007949262857437134,-0.1420907974243164,-0.07987081722856715,0.0162104070186615,-0.12619811296463013,-0.0856445552551861,-0.043747276067733765,-0.19939744472503662,-0.05269399376155093,-0.05676501989364624,-0.1445971131324768,-0.07736900167108729,-0.031175315380096436,-0.10113924741744995,-0.06962152288795664,-0.0021209418773651123,-0.10200667381286621,-0.06455418930889323,-0.07420584559440613,-0.15462583303451538,-0.0626762108647938,-0.08931195735931396,-0.11298859119415283,-0.08235096649767115,-0.06288424134254456,-0.07482975721359253,-0.07597834335209086,-0.03459194302558899,-0.06641972064971924,-0.069198262854826,-1.1022152641414074,-2.1890596579321993,1.4204318925454948,1.166881430030125,1.148686022547354,0.2844069056142118,0.1633718601244382,0.18965663868466645,0.23491468449514463,0.25575422665814274,0.27634910360285414,0.3094425923565466,0.03035233237465207,0.07844956951936674,0.048174652577927045,X
0.0,0.0,0.0,0.08122825622558594,-0.03907579183578491,-0.016272316377751395,0.13382959365844727,-0.10965526103973389,-0.02844162161289887,0.17151790857315063,-0.15718472003936768,-0.04090141939758496,0.18178045749664307,-0.19406503438949585,-0.051328898098461195,0.06409049034118652,-0.25777751207351685,-0.03615273224949078,0.020308971405029297,-0.3372930884361267,-0.06262727889060216,-0.00447729229927063,-0.3635249137878418,-0.08051712128161626,-0.024105489253997803,-0.39006608724594116,-0.09381333055733876,0.007415860891342163,-0.24829381704330444,-0.04438231575130658,-0.00608140230178833,-0.23061060905456543,-0.0710037729406281,0.012889623641967773,-0.16817724704742432,-0.07801333132027821,0.03429412841796875,-0.14902323484420776,-0.08284635904072957,-0.037096649408340454,-0.2134031057357788,-0.053954911109201475,-0.03907167911529541,-0.1627976894378662,-0.07821291747330861,-0.013454467058181763,-0.12433934211730957,-0.07007075908421712,0.013170391321182251,-0.12862741947174072,-0.06501381161450581,-0.06801614165306091,-0.16736489534378052,-0.06664620402096944,-0.07131290435791016,-0.1213228702545166,-0.084940843906395,-0.04525914788246155,-0.08755570650100708,-0.07785459670066075,-0.020109832286834717,-0.0848151445388794,-0.07115915479897694,-1.0541838953946623,-2.1588177498733505,1.3063784758675672,1.0355829071939537,1.0449637110495962,0.2842629694319026,0.1542108328600197,0.18086303066635173,0.22955441085117154,0.24801647533620766,0.2640826921254095,0.30527709265214964,0.02936326878332719,0.08415741085030481,0.055018985070539414,X
0.0,0.0,0.0,0.07767361402511597,-0.033892154693603516,-0.021731639964173155,0.13142108917236328,-0.10073387622833252,-0.03846611895937713,0.1730453372001648,-0.15270566940307617,-0.05532177606005462,0.16891127824783325,-0.1924949288368225,-0.06842870333571227,0.05496293306350708,-0.2618350386619568,-0.045735777107665854,0.012401789426803589,-0.3459656238555908,-0.07725276866335662,-0.012225300073623657,-0.3625684082508087,-0.09410999038595946,-0.03833127021789551,-0.373325377702713,-0.10397815027613433,0.0011681318283081055,-0.2579278349876404,-0.05102181875486167,-0.007464408874511719,-0.20625120401382446,-0.07928770848889144,0.018205195665359497,-0.13599514961242676,-0.0837932682909468,0.04080688953399658,-0.12357211112976074,-0.08673881807703765,-0.04194295406341553,-0.22274863719940186,-0.05820471489209922,-0.04603099822998047,-0.14705997705459595,-0.08308865943331512,-0.018580853939056396,-0.10088920593261719,-0.0726938254513243,0.0058632493019104,-0.10817188024520874,-0.0659949860848883,-0.07211422920227051,-0.17708820104599,-0.06910264560360702,-0.07830122113227844,-0.11697864532470703,-0.08619622954506667,-0.055102646350860596,-0.08190345764160156,-0.07800307938236983,-0.03392678499221802,-0.08074957132339478,-0.07008018412966521,-1.1829297494226743,-2.26757220620703,1.2839068273944538,1.1755153192294667,1.193407907782204,0.27504386037795747,0.1454685162103011,0.1835620774205123,0.2315821772606407,0.26199149316872133,0.268811333037752,0.2926089574305809,0.038186713709967,0.08613299033272892,0.048324216038455436,X
0.0,0.0,0.0,0.0839681327342987,-0.042520761489868164,-0.015507691509299093,0.13974174857139587,-0.11842495203018188,-0.02627248779612046,0.18250229954719543,-0.17261701822280884,-0.037522193945221716,0.17605909705162048,-0.21545320749282837,-0.044896964884571844,0.06054040789604187,-0.26479703187942505,-0.032775160826020056,0.026458442211151123,-0.3436206579208374,-0.060302064723543936,0.00034108757972717285,-0.36167943477630615,-0.07649539128618699,-0.028638213872909546,-0.3935279846191406,-0.08728290066795807,0.00742417573928833,-0.25912731885910034,-0.040359505421690756,-0.003104090690612793,-0.22727090120315552,-0.06424104139881592,0.020676344633102417,-0.15419387817382812,-0.06969377861099701,0.04515424370765686,-0.14853352308273315,-0.07454688564615708,-0.03272625803947449,-0.2256479263305664,-0.049770836687855535,-0.036229223012924194,-0.16481399536132812,-0.07456070647316437,-0.007327526807785034,-0.11107784509658813,-0.06596473321991425,0.02024957537651062,-0.11875993013381958,-0.06037535235958558,-0.05825969576835632,-0.183677077293396,-0.06195457742290955,-0.06482380628585815,-0.14150476455688477,-0.07717390075998765,-0.04387947916984558,-0.10219722986221313,-0.06718929574566346,-0.023647159337997437,-0.09765625,-0.05905718446450692,-1.212642457237765,-2.176641263134974,1.242019290913299,1.1106588175525072,1.1882451541390457,0.27131460585143496,0.14701811041688492,0.1833744718630506,0.2318592504855543,0.25586639673723066,0.2790833203603255,0.2959138286256823,0.03881635405047716,0.08556944534929259,0.048706145749653276,X
0.0,0.0,0.0,0.07387372851371765,-0.03305208683013916,-0.02681159553520729,0.1276777684688568,-0.10093235969543457,-0.04492092458002617,0.16528931260108948,-0.15077507495880127,-0.06217839149229576,0.17749664187431335,-0.19575542211532593,-0.07611098465912391,0.04875302314758301,-0.2567823529243469,-0.04770269570343544,0.010383278131484985,-0.3361799716949463,-0.07702286121838142,-0.016551166772842407,-0.3633861541748047,-0.09244028059237053,-0.04187771677970886,-0.38702964782714844,-0.10289354947798302,-0.006290405988693237,-0.25493377447128296,-0.05090732080333282,-0.015915781259536743,-0.20197945833206177,-0.0772055271028762,0.005075246095657349,-0.12985044717788696,-0.07995339063398887,0.026082396507263184,-0.12624037265777588,-0.0822218018531089,-0.05093654990196228,-0.2206735610961914,-0.056566945737529295,-0.05451968312263489,-0.1504896879196167,-0.08309365389339973,-0.029602915048599243,-0.09767794609069824,-0.07043218193047096,-0.007962733507156372,-0.10720270872116089,-0.06202235770814468,-0.0837959349155426,-0.17650538682937622,-0.06616396782391121,-0.089140385389328,-0.12399286031723022,-0.08624694076769401,-0.06289801001548767,-0.08293116092681885,-0.0774552407621627,-0.04134342074394226,-0.08176064491271973,-0.06874718097441246,-1.087045421685667,-2.1787221031964368,1.3243595391319156,1.208767240101517,1.1495464598942866,0.2910514364446958,0.16660917081949272,0.2055158460225246,0.24675044526045717,0.26949883680889014,0.2818746919107914,0.3052694704889818,0.039006454925591766,0.08077553473835547,0.04197104825034648,X
0.0,0.0,0.0,0.07587015628814697,-0.03716093301773071,-0.02564653855391441,0.12637817859649658,-0.10610109567642212,-0.044500920070490224,0.16466838121414185,-0.15277153253555298,-0.06311388601191936,0.17030471563339233,-0.19851869344711304,-0.07829089750178753,0.04554939270019531,-0.260158896446228,-0.04702502031453548,0.00615045428276062,-0.342886745929718,-0.07568697918780742,-0.019672125577926636,-0.369259774684906,-0.08989516933091579,-0.046356022357940674,-0.387606680393219,-0.098827610803923,-0.00961408019065857,-0.2576864957809448,-0.05161159027942119,-0.017812103033065796,-0.20742017030715942,-0.07775792021878658,0.0006874203681945801,-0.14042645692825317,-0.08053164471515117,0.017841577529907227,-0.14076930284500122,-0.08192339826949535,-0.05373495817184448,-0.2227967381477356,-0.058580636127075536,-0.05194371938705444,-0.14953327178955078,-0.08430354584582744,-0.02651071548461914,-0.10355246067047119,-0.07270724613793789,-0.006014883518218994,-0.11828351020812988,-0.06464486111529766,-0.08471709489822388,-0.1768438220024109,-0.06949448872931896,-0.08302450180053711,-0.11782008409500122,-0.08891643871196209,-0.05498623847961426,-0.08007025718688965,-0.08052841116317211,-0.03343665599822998,-0.0824468731880188,-0.0717492877376884,-1.1270992490004894,-2.1955579957441413,1.3401455298554308,1.1424726793579965,1.0731559788330283,0.2875693693602985,0.16303374066516924,0.19371702474067193,0.23448499732945458,0.2550490595674519,0.2723277023760752,0.3054331644740816,0.03278325188643038,0.07765927526612541,0.04512447405628883,X
0.0,0.0,0.0,0.07408028841018677,-0.03617900609970093,-0.025937685528177212,0.12504273653030396,-0.10552632808685303,-0.04446135067321677,0.16239440441131592,-0.15223729610443115,-0.06247879170753379,0.17057865858078003,-0.196128249168396,-0.07736896702029128,0.04759395122528076,-0.26553791761398315,-0.04731971376516242,0.006518900394439697,-0.34418654441833496,-0.0759934557316484,-0.01800057291984558,-0.369597852230072,-0.0907084939716043,-0.04241648316383362,-0.38971996307373047,-0.10047601141907592,-0.00900888442993164,-0.26057904958724976,-0.05132594683148284,-0.013668060302734375,-0.21030569076538086,-0.0786431355116548,0.0076933205127716064,-0.14148133993148804,-0.08220992960907836,0.025426119565963745,-0.13973891735076904,-0.0845093054411592,-0.05461698770523071,-0.22447752952575684,-0.057802732819098424,-0.04988020658493042,-0.1535733938217163,-0.08508366324879546,-0.023509114980697632,-0.105277419090271,-0.07528775908924956,-0.003441542387008667,-0.11807888746261597,-0.06849890180804152,-0.08715447783470154,-0.17865896224975586,-0.06806124725319762,-0.08232969045639038,-0.12204939126968384,-0.08840389528252501,-0.054182350635528564,-0.08171379566192627,-0.08163293429591079,-0.034172505140304565,-0.08183896541595459,-0.07441801556326766,-1.1050761993357,-2.197990770055525,1.2931911042491704,1.12248149186361,1.0700889127897648,0.2878275214422918,0.1557209566027842,0.19072161179989341,0.23448897506233518,0.2590234390280124,0.2744228852842274,0.30799135035321984,0.036090148259418045,0.0830927223102748,0.04751551348446687,X
0.0,0.0,0.0,0.07736760377883911,-0.03250730037689209,-0.024897063150291388,0.12987446784973145,-0.10393232107162476,-0.04036585427749628,0.16905862092971802,-0.15263819694519043,-0.05516577325690264,0.17389577627182007,-0.1990230679512024,-0.0669717956327247,0.05074673891067505,-0.2610018253326416,-0.04578505642641062,0.012114107608795166,-0.34265655279159546,-0.07237080670822138,-0.013255417346954346,-0.3679641783237457,-0.08679328299987787,-0.03851082921028137,-0.3871832489967346,-0.09651093371141428,-0.003277122974395752,-0.25744515657424927,-0.04939685575592989,-0.017033547163009644,-0.2046651840209961,-0.07507461495626444,0.003092527389526367,-0.1375875473022461,-0.08019141293991083,0.02395641803741455,-0.1300337314605713,-0.08424081839550013,-0.047707319259643555,-0.2227742075920105,-0.0549997147165584,-0.05185896158218384,-0.14853733777999878,-0.08101249672401423,-0.025071829557418823,-0.10009568929672241,-0.07225975580442423,0.00047516822814941406,-0.10704278945922852,-0.06646357662904734,-0.07900211215019226,-0.1786453127861023,-0.06431877054203028,-0.0857272744178772,-0.12451040744781494,-0.08537696488130564,-0.05945718288421631,-0.085823655128479,-0.07929402030933375,-0.034370094537734985,-0.0824211835861206,-0.07241044379699701,-1.1372337697076917,-2.186454738544332,1.360220131861114,1.1762919125138571,1.1364978292897727,0.2837619068576974,0.16504950680678485,0.19630353773097803,0.23868529988574952,0.26462810007213206,0.28284021119026626,0.30479019373492283,0.032862630855033825,0.07529234213567762,0.04266633114053975,X
0.0,0.0,0.0,0.0757596492767334,-0.035759031772613525,-0.026025742006424935,0.1287674903869629,-0.10921233892440796,-0.043148355272535355,0.16623914241790771,-0.15784186124801636,-0.05958118447375682,0.17179423570632935,-0.20455455780029297,-0.07243426674318698,0.0478816032409668,-0.26993829011917114,-0.044046034750465424,0.007725238800048828,-0.35183125734329224,-0.07106439554405597,-0.016248434782028198,-0.37378132343292236,-0.08550461911869434,-0.04025149345397949,-0.3906491994857788,-0.09503381484461215,-0.008003860712051392,-0.2643775939941406,-0.047245071914915115,-0.011497318744659424,-0.20963138341903687,-0.0726682000727692,0.011431992053985596,-0.14074605703353882,-0.07679565036011127,0.029867231845855713,-0.13731485605239868,-0.07963494741630939,-0.05288463830947876,-0.2274930477142334,-0.0529364027948418,-0.04521498084068298,-0.15000861883163452,-0.07758885407162097,-0.016890496015548706,-0.10402143001556396,-0.06803657644701389,0.00441586971282959,-0.11781829595565796,-0.0617499143750706,-0.08442044258117676,-0.18150168657302856,-0.06259076082420734,-0.07823967933654785,-0.12131160497665405,-0.08030287706566241,-0.05086827278137207,-0.08395957946777344,-0.07253774785709766,-0.031245499849319458,-0.08626556396484375,-0.06478092604589847,-1.1468722853541546,-2.2014504579882184,1.2811291673698044,1.089343753036761,1.0615661498204907,0.28212516179734204,0.1570492022136906,0.18851709875084288,0.2349838723766181,0.2628591356610904,0.2764631535183988,0.3045168394255868,0.03206068761009749,0.07962911652082401,0.04761625956679421,X
0.0,0.0,0.0,0.0774637758731842,-0.037926316261291504,-0.02901307084445648,0.13359734416007996,-0.11839562654495239,-0.043781527884647176,0.1723431646823883,-0.17736703157424927,-0.0563690044063776,0.17176565527915955,-0.2206665277481079,-0.06439541802589588,0.050158023834228516,-0.2749022841453552,-0.044988987602636143,0.00968828797340393,-0.359438955783844,-0.07364634946767978,-0.016376346349716187,-0.38182270526885986,-0.0882724799293726,-0.04293474555015564,-0.3977199196815491,-0.09710396603529148,-0.0037880539894104004,-0.264154851436615,-0.045969521262094304,-0.016804277896881104,-0.22534745931625366,-0.07182293162529163,0.007418781518936157,-0.15532702207565308,-0.07414965108816318,0.030622214078903198,-0.14734596014022827,-0.07573720590059452,-0.047207921743392944,-0.22731488943099976,-0.05030612797324352,-0.05315747857093811,-0.1691543459892273,-0.07817221210186176,-0.023704946041107178,-0.11609739065170288,-0.06801016406004123,0.002126723527908325,-0.12316763401031494,-0.0603341028172224,-0.07840099930763245,-0.1819865107536316,-0.05865645558421306,-0.0852901041507721,-0.14104342460632324,-0.0786351911801546,-0.05903396010398865,-0.10206377506256104,-0.07130352184955768,-0.036145299673080444,-0.0983620285987854,-0.06371220723573856,-1.2135977131789726,-2.219382300951566,1.2843138444123279,1.1284084992130945,1.1029153427499767,0.27828791873059333,0.15905149049346212,0.19566144598719268,0.2412164084412978,0.2609554481636088,0.27822561629507137,0.2994348736016524,0.03737090360409135,0.08280897561181448,0.04560773859477716,X
0.0,0.0,0.0,0.07723778486251831,-0.038080692291259766,-0.025027708111565516,0.1314709186553955,-0.11538761854171753,-0.0399204445614032,0.16918069124221802,-0.1699236035346985,-0.05373969949619095,0.17387360334396362,-0.2110486626625061,-0.0632852902247123,0.04974141716957092,-0.27247411012649536,-0.04622947327629845,0.008073359727859497,-0.3589250445365906,-0.07459963016049187,-0.018519878387451172,-0.37963011860847473,-0.08792813025252144,-0.04555127024650574,-0.39296954870224,-0.09577936582104485,-0.005468517541885376,-0.26661449670791626,-0.04957364775077622,-0.015482187271118164,-0.2183648943901062,-0.07486498258845131,0.009093016386032104,-0.14808624982833862,-0.07669991902844231,0.03134775161743164,-0.1414903998374939,-0.07794721327559273,-0.049492835998535156,-0.2307623028755188,-0.05547091640369217,-0.05013847351074219,-0.16107958555221558,-0.0815483470989875,-0.019077658653259277,-0.10881060361862183,-0.0705731650425605,0.007309019565582275,-0.11685311794281006,-0.06281549386517327,-0.08050745725631714,-0.18431693315505981,-0.06517789415852349,-0.08225584030151367,-0.13068604469299316,-0.08425925575033943,-0.052754998207092285,-0.09022611379623413,-0.07619789145724098,-0.02874767780303955,-0.08694308996200562,-0.06789769880310814,-1.1535617637683266,-2.239927274738062,1.2846340801479772,1.1082219854676043,1.0822227268029705,0.28503067190685866,0.15859372729590177,0.19135454322880782,0.237608031743399,0.26297380454594227,0.2811307410696045,0.3064874453678233,0.034421741644180735,0.0811595321073463,0.04684757409882485,X
0.0,0.0,0.0,0.07771095633506775,-0.03329193592071533,-0.026796804937646357,0.13065925240516663,-0.10726898908615112,-0.04315269944362399,0.16953864693641663,-0.15915381908416748,-0.05817065966419932,0.177413672208786,-0.2038068175315857,-0.06887686085991618,0.054077357053756714,-0.2639612555503845,-0.04861010816983935,0.01230815052986145,-0.3432753086090088,-0.07685917449288127,-0.01770743727684021,-0.36863380670547485,-0.08897629958681819,-0.04855051636695862,-0.392212837934494,-0.09613024276785609,-0.0018635094165802002,-0.26122796535491943,-0.0515203049509978,-0.015140950679779053,-0.20783543586730957,-0.07635340673022029,0.0062112510204315186,-0.13619118928909302,-0.0762426762013888,0.026605546474456787,-0.13813340663909912,-0.07549795341782328,-0.04652395844459534,-0.22562915086746216,-0.05709219557337519,-0.049246251583099365,-0.15148186683654785,-0.08273119312815425,-0.021106719970703125,-0.10093069076538086,-0.0694081990151858,0.0014785826206207275,-0.11688750982284546,-0.05975535345368144,-0.07831904292106628,-0.17893433570861816,-0.06669539046578166,-0.08145222067832947,-0.12221068143844604,-0.08670887184433695,-0.052777379751205444,-0.08152329921722412,-0.0783421157031512,-0.030826300382614136,-0.08218467235565186,-0.06913744491629359,-1.1197777751832443,-2.245663758309467,1.3435145451986563,1.1550864981738913,1.1144690697410047,0.29420510369936786,0.16448734810238333,0.19623486387735084,0.24115520392905274,0.2649618674247562,0.2798337846745742,0.3105343962984482,0.032905203905140616,0.08017903654530799,0.047411943580991794,X
0.0,0.0,0.0,0.07759469747543335,-0.031100571155548096,-0.027626649277152637,0.13058531284332275,-0.1035240888595581,-0.04544508902901612,0.16950350999832153,-0.15148448944091797,-0.0619435056912323,0.1702636480331421,-0.19569635391235352,-0.07466415761584244,0.04878607392311096,-0.2600504159927368,-0.05306081174487076,0.0076255202293396,-0.3366771340370178,-0.08293615727299652,-0.021111667156219482,-0.3625011444091797,-0.097795602666082,-0.049559950828552246,-0.3855886459350586,-0.10747811643952332,-0.00857040286064148,-0.2553556561470032,-0.05668554528230629,-0.015165060758590698,-0.1987396478652954,-0.08303676991337738,0.008595585823059082,-0.13350659608840942,-0.08595057277554474,0.028895646333694458,-0.13573306798934937,-0.08863594083661042,-0.05420112609863281,-0.2172728180885315,-0.06264716087454758,-0.04992783069610596,-0.1434655785560608,-0.08987202941054306,-0.020359575748443604,-0.09525716304779053,-0.07837644665116272,0.001803755760192871,-0.10912823677062988,-0.0706909045445343,-0.08577108383178711,-0.16822022199630737,-0.07258600442284546,-0.08375203609466553,-0.11370950937271118,-0.09347559957379303,-0.05393156409263611,-0.07559293508529663,-0.08538050650233231,-0.03234708309173584,-0.07514667510986328,-0.07715352325314484,-1.164293071969918,-2.2353299566381684,1.2672719250482771,1.0929547869878906,1.0497156371984622,0.290484934525258,0.15355945937381707,0.18940109347645498,0.23576117879400998,0.2618837348073933,0.28119137289379637,0.3109187997943459,0.03797087803861184,0.0861474486541761,0.04817703111644475,X
0.0,0.0,0.0,0.07619410753250122,-0.030065178871154785,-0.028704980735824392,0.12792742252349854,-0.10370427370071411,-0.04578340460841446,0.16143476963043213,-0.15624213218688965,-0.06154201587025909,0.17889869213104248,-0.20225495100021362,-0.07363564928357391,0.05533316731452942,-0.2634935975074768,-0.046052627612994,0.012443333864212036,-0.33978211879730225,-0.07570711185519485,-0.01910114288330078,-0.3654780983924866,-0.09149986167733459,-0.04931372404098511,-0.39446792006492615,-0.1019373502332428,0.0017264783382415771,-0.2569199800491333,-0.04844867472831993,-0.023401498794555664,-0.2126888632774353,-0.07606804778163223,-0.0040146708488464355,-0.14311659336090088,-0.08091415127103119,0.019564896821975708,-0.14127880334854126,-0.08424840529744415,-0.04138451814651489,-0.2203066349029541,-0.0537014048296669,-0.05752688646316528,-0.1556326150894165,-0.08198805560653,-0.030815720558166504,-0.10357451438903809,-0.0711811821657875,-0.004036605358123779,-0.11453825235366821,-0.06320531328503876,-0.0728379487991333,-0.17545843124389648,-0.06290368398015289,-0.08947277069091797,-0.1289905309677124,-0.0847375359136322,-0.06344008445739746,-0.08769571781158447,-0.07741977681700973,-0.0375516414642334,-0.08613395690917969,-0.06921915372197418,-1.0934767111229202,-2.244919794799178,1.4177460354438323,1.2313532674640442,1.1945773044850356,0.2983734779965318,0.1706028983048944,0.20287814640541899,0.2456314967226234,0.2623909168313695,0.28356769269639515,0.30855822695541846,0.035666342294474865,0.0793930288792458,0.043932466865538325,X
0.0,0.0,0.0,0.0773274302482605,-0.032752394676208496,-0.027352265346394233,0.1297229528427124,-0.10776245594024658,-0.0435490731928212,0.1677337884902954,-0.1588670015335083,-0.058485155257926635,0.17610526084899902,-0.2045992612838745,-0.06934447706078117,0.049472272396087646,-0.26453614234924316,-0.048114219013200454,0.006855309009552002,-0.34035950899124146,-0.07701464861963814,-0.022427886724472046,-0.3649715483188629,-0.0903572079572541,-0.05145531892776489,-0.3877353072166443,-0.09863362580870216,-0.006944477558135986,-0.2593040466308594,-0.0507202197644574,-0.01852622628211975,-0.2043992280960083,-0.07614512861107414,0.0054021477699279785,-0.13233596086502075,-0.07653848201368874,0.027736365795135498,-0.1313890814781189,-0.07662969947193687,-0.05165737867355347,-0.2227036952972412,-0.05618506789539879,-0.054630935192108154,-0.14901453256607056,-0.08340387910936897,-0.02647039294242859,-0.09576702117919922,-0.06953277558420723,-0.0033336281776428223,-0.10843527317047119,-0.05937497064803665,-0.08286386728286743,-0.17655056715011597,-0.06569171816443031,-0.08781945705413818,-0.12309950590133667,-0.08668772250746315,-0.06036090850830078,-0.08286291360855103,-0.07793883353804176,-0.03877344727516174,-0.08331477642059326,-0.06858011454676216,-1.1241105940754372,-2.257149206898073,1.306036969212423,1.1707084533012602,1.1290696803691125,0.2921003745088775,0.16544805664224477,0.2035824832960593,0.2467443727294703,0.26829966526188265,0.2834152538923123,0.3046845736803269,0.03862928735160303,0.08206518166317502,0.04343984501152708,X
0.0,0.0,0.0,0.07623034715652466,-0.03043752908706665,-0.02994669310470499,0.12530386447906494,-0.10302615165710449,-0.049906703528961316,0.16235357522964478,-0.1510370373725891,-0.06896809011419691,0.17273420095443726,-0.1969738006591797,-0.08421968936642088,0.04525649547576904,-0.26192909479141235,-0.05170031159838118,-0.0014701783657073975,-0.3376091718673706,-0.08240800618847288,-0.028337448835372925,-0.3631872534751892,-0.09612994909008421,-0.05485790967941284,-0.3828774392604828,-0.1045811724634973,-0.011544734239578247,-0.25689226388931274,-0.05456117808540739,-0.02161666750907898,-0.20249134302139282,-0.08422457694729246,0.0035253167152404785,-0.13159847259521484,-0.08541488915403761,0.024735063314437866,-0.1302177906036377,-0.08481879800280012,-0.056248754262924194,-0.21905916929244995,-0.0604403902562467,-0.05532628297805786,-0.14260369539260864,-0.09007623314579405,-0.02532440423965454,-0.09110957384109497,-0.07546413212736525,-0.003216385841369629,-0.10250020027160645,-0.0640852925153581,-0.08753633499145508,-0.17070013284683228,-0.0706775960298387,-0.08824610710144043,-0.11414426565170288,-0.09356451302488722,-0.059678077697753906,-0.07465821504592896,-0.08498605608662047,-0.03853556513786316,-0.07548737525939941,-0.07512754469831862,-1.1032689051699758,-2.262227580247176,1.2918611540215685,1.1438061349674116,1.0955014752569137,0.29386788131399216,0.16235796753075935,0.19970946438258666,0.24370856698341917,0.26489986675987637,0.28509339369291015,0.3078231154054601,0.03936430265766185,0.08365758058001652,0.04446501030381051,X
0.0,0.0,0.0,0.07792061567306519,-0.03369051218032837,-0.029286275709552,0.13111668825149536,-0.10807061195373535,-0.047965665439647864,0.17036080360412598,-0.16031628847122192,-0.06532858041910572,0.18409430980682373,-0.20860612392425537,-0.07831455496935291,0.05199837684631348,-0.26681262254714966,-0.04800228876857204,0.007635056972503662,-0.35038214921951294,-0.07720153508572025,-0.018866777420043945,-0.37574753165245056,-0.09048315612463398,-0.04648631811141968,-0.394472599029541,-0.09840014306692524,-0.004338979721069336,-0.26547712087631226,-0.049745516011995505,-0.014863580465316772,-0.211716890335083,-0.0763483691015665,0.007835805416107178,-0.13905292749404907,-0.07667019693045063,0.027730345726013184,-0.13733112812042236,-0.07577989725260181,-0.04931133985519409,-0.23091524839401245,-0.05465483022717876,-0.05028200149536133,-0.1563447117805481,-0.08064254848150654,-0.02295541763305664,-0.10556358098983765,-0.0658975663581316,-0.0013811290264129639,-0.1194307804107666,-0.05518896607546253,-0.08146929740905762,-0.18564659357070923,-0.06396015463261051,-0.08467966318130493,-0.12817591428756714,-0.0837619650164072,-0.058002769947052,-0.08851665258407593,-0.07459826497225208,-0.03737360239028931,-0.09124457836151123,-0.06467061964659138,-1.0858185148614783,-2.2278916013187096,1.3255765762997065,1.1647596669953408,1.1338089195431569,0.29616511026661324,0.17184241120835514,0.20579936904939833,0.2506427108651362,0.2676375333402691,0.27871576932695613,0.30336491904316365,0.03417455793990207,0.07976524386605233,0.0457156442020759,X
0.0,0.0,0.0,0.0767352283000946,-0.0307045578956604,-0.02884016791458066,0.12805280089378357,-0.10454130172729492,-0.046878567432116824,0.16667446494102478,-0.15390300750732422,-0.06377652520413335,0.18115386366844177,-0.20237785577774048,-0.07680076593632634,0.05165600776672363,-0.2619447112083435,-0.04989733034844335,0.009098052978515625,-0.340110719203949,-0.08012709254498418,-0.020148128271102905,-0.3648921847343445,-0.09477465087647374,-0.04970109462738037,-0.3891514539718628,-0.10402250522847112,-0.003895789384841919,-0.2587941288948059,-0.05281024659151967,-0.019860774278640747,-0.20377826690673828,-0.08098872983927663,0.0007399618625640869,-0.13248229026794434,-0.08389859879488881,0.020780354738235474,-0.13125985860824585,-0.08529791468853887,-0.048528194427490234,-0.22340834140777588,-0.05857207113976415,-0.054463475942611694,-0.14595091342926025,-0.08717666799302037,-0.025458186864852905,-0.09432899951934814,-0.0748249613689893,-0.0005810260772705078,-0.10698246955871582,-0.06550144637103017,-0.07992729544639587,-0.1773657202720642,-0.06847793841834005,-0.08733460307121277,-0.12118369340896606,-0.09084746474499639,-0.06006154417991638,-0.08058661222457886,-0.08294910425419744,-0.03711891174316406,-0.08077293634414673,-0.07382776076073583,-1.073534213596623,-2.243577085903716,1.3796716372274993,1.1801371164484513,1.1536249619005523,0.2969484614409464,0.17543497908908362,0.2052507000298978,0.24986148345900805,0.267349414930853,0.2864124943139078,0.30863509434346487,0.03233728821975194,0.07681962235513334,0.044966173066645444,X
0.0,0.0,0.0,0.07817471027374268,-0.02955329418182373,-0.02905568933444158,0.13038736581802368,-0.10714423656463623,-0.04765388636248247,0.16673624515533447,-0.15733468532562256,-0.06505321977989809,0.18199002742767334,-0.20240390300750732,-0.07867716519491808,0.05451387166976929,-0.2642195224761963,-0.05157516418354646,0.012621134519577026,-0.34394723176956177,-0.08424155680792467,-0.01769697666168213,-0.36847811937332153,-0.10189144580023424,-0.04824787378311157,-0.39199119806289673,-0.11307025967495576,-0.002259194850921631,-0.2615875005722046,-0.05411839379327432,-0.017261385917663574,-0.20843571424484253,-0.08383267639534608,0.00505027174949646,-0.14023280143737793,-0.0887675312008156,0.026679277420043945,-0.13637053966522217,-0.09187583892004625,-0.047378093004226685,-0.22748076915740967,-0.0594125118698372,-0.05253589153289795,-0.15113550424575806,-0.08801850943224565,-0.023716449737548828,-0.10088783502578735,-0.07590440182345048,0.0017792284488677979,-0.11059838533401489,-0.0668893334116234,-0.07791352272033691,-0.18308359384536743,-0.06897449015038148,-0.08483231067657471,-0.1274397373199463,-0.09092436252491609,-0.05778518319129944,-0.08651107549667358,-0.08294518558638231,-0.03389352560043335,-0.0845295786857605,-0.07382557062761919,-1.0743437415037886,-2.2481299015766285,1.343677144388941,1.1726831975594525,1.1507245945372615,0.298249616261893,0.16876561895785114,0.20224783099919116,0.24596760925444575,0.2663756726637798,0.28580522390817226,0.3077965150903443,0.035835964862670246,0.07972797314011947,0.04418289331320442,X
0.0,0.0,0.0,0.07831776142120361,-0.02619403600692749,-0.030460098004766678,0.13171130418777466,-0.10073632001876831,-0.04609874560577509,0.17183786630630493,-0.15154999494552612,-0.059540088466235375,0.18442898988723755,-0.19780993461608887,-0.06861181109292147,0.05699792504310608,-0.2574576139450073,-0.04931896849615214,0.01489877700805664,-0.3316323161125183,-0.07936684339387057,-0.01549309492111206,-0.35858234763145447,-0.09299251734358904,-0.045312076807022095,-0.3891178369522095,-0.10126625298602221,0.0022489726543426514,-0.2527305483818054,-0.04998749419195292,-0.024499475955963135,-0.20106220245361328,-0.07737979590041277,-0.002704441547393799,-0.12765443325042725,-0.07836410700423357,0.02318704128265381,-0.12645459175109863,-0.07831940352065203,-0.041572511196136475,-0.2188374400138855,-0.054026047876902794,-0.06012079119682312,-0.1464354395866394,-0.08390146791083453,-0.03035619854927063,-0.08983844518661499,-0.07125408499581454,-0.0009903907775878906,-0.10130828619003296,-0.06098667456848261,-0.07246765494346619,-0.1760663390159607,-0.062201029798814034,-0.0894688069820404,-0.1255846619606018,-0.08574959187848208,-0.06394815444946289,-0.08110976219177246,-0.07851915358645556,-0.03886404633522034,-0.0780947208404541,-0.06963653414589999,-1.0732898715699783,-2.2314020967245956,1.406479334277505,1.2383200044192513,1.2403771419212581,0.2989643310197103,0.17632512851316326,0.20902850254229335,0.25336043975883416,0.2714481710357287,0.29120224820975815,0.3110899481706726,0.03488387742780446,0.07867029038369756,0.044421654646549937,X
0.0,0.0,0.0,0.07827600836753845,-0.030870914459228516,-0.02810169072984081,0.13289692997932434,-0.10729491710662842,-0.04463888021348339,0.17128023505210876,-0.15711617469787598,-0.05952437656162601,0.1827521026134491,-0.2018762230873108,-0.07020716430781704,0.053003281354904175,-0.26355522871017456,-0.05215314837334972,0.01041877269744873,-0.3418378233909607,-0.08273936124680858,-0.019448578357696533,-0.365578293800354,-0.09782071473239284,-0.04926222562789917,-0.38888001441955566,-0.10720142783759457,-0.0035560429096221924,-0.2611677050590515,-0.054509074112161215,-0.019330650568008423,-0.20016497373580933,-0.08272688152430874,0.004843801259994507,-0.13127106428146362,-0.08592460366128307,0.027973473072052002,-0.12890708446502686,-0.08771690042851787,-0.04865124821662903,-0.22580981254577637,-0.059424974640592154,-0.05323433876037598,-0.14344382286071777,-0.0873828536474548,-0.022482484579086304,-0.09302693605422974,-0.07545474233268123,0.004462748765945435,-0.10547071695327759,-0.06640913399098736,-0.07941815257072449,-0.1803569793701172,-0.06841754229901653,-0.08601465821266174,-0.12343579530715942,-0.08957825662730556,-0.05927136540412903,-0.08515560626983643,-0.08167667003510815,-0.03586593270301819,-0.0863802433013916,-0.07261843295930248,-1.085693192052274,-2.255219816723932,1.3367748838946125,1.1551427282187836,1.1368252181445635,0.2979950779491465,0.17111668344726394,0.2026847683184888,0.2472512218621813,0.2712033876315191,0.288456587312456,0.3027962552454552,0.03319664861915321,0.07670724834767004,0.044618927970968586,X
0.0,0.0,0.0,0.0815182626247406,-0.030543029308319092,-0.02741595580488365,0.13420477509498596,-0.1036306619644165,-0.04532911851316612,0.17037293314933777,-0.14937865734100342,-0.061899723850785904,0.18306997418403625,-0.19389235973358154,-0.07446003928095024,0.05731496214866638,-0.25935178995132446,-0.05416638626962822,0.014048725366592407,-0.33558499813079834,-0.08677701874881905,-0.018623441457748413,-0.3603104054927826,-0.10551642104297798,-0.05132982134819031,-0.3858463764190674,-0.11753726973444145,0.0011450350284576416,-0.2554721236228943,-0.0577374719014756,-0.02201598882675171,-0.19868671894073486,-0.08723015561014336,0.002850472927093506,-0.13536572456359863,-0.09368930979877632,0.029495179653167725,-0.12926679849624634,-0.09901121481567543,-0.043071627616882324,-0.21937942504882812,-0.06352618559509438,-0.053912073373794556,-0.14063459634780884,-0.09167596920639198,-0.02269652485847473,-0.09097504615783691,-0.08116372897535484,0.0072103142738342285,-0.09629273414611816,-0.07375456615596931,-0.07121852040290833,-0.17269831895828247,-0.07338399662882011,-0.083533376455307,-0.1230042576789856,-0.09436130001455467,-0.057614654302597046,-0.08361315727233887,-0.086377481364309,-0.03115561604499817,-0.07745325565338135,-0.07793472185045403,-1.0746010538131363,-2.2804282153742257,1.349829237744147,1.1829767461043055,1.1726331610924345,0.30296799941122726,0.16661836837647598,0.2011275886062003,0.24382507760273114,0.2690088485420554,0.29541201605922546,0.3090522860216607,0.039798293239049966,0.07976943174393349,0.04274190635790355,X
0.0,0.0,0.0,0.07922378182411194,-0.029637277126312256,-0.0295904498861006,0.1338336169719696,-0.10618281364440918,-0.04808974976994307,0.17114058136940002,-0.15456169843673706,-0.0648995224700144,0.1847420632839203,-0.1980530023574829,-0.07794891636230261,0.05531826615333557,-0.25874048471450806,-0.05471121858217032,0.011988401412963867,-0.33373725414276123,-0.08662692050792486,-0.017240554094314575,-0.36140719056129456,-0.1036849651799372,-0.04617628455162048,-0.3901589512825012,-0.11497289280750067,-0.0021969377994537354,-0.25532835721969604,-0.05724766443826468,-0.020197510719299316,-0.19598960876464844,-0.08731214295484335,0.0031864047050476074,-0.1302729845046997,-0.09158576618291647,0.025979161262512207,-0.12910741567611694,-0.09429711441852362,-0.04719287157058716,-0.2192460298538208,-0.06233571435667784,-0.0549260675907135,-0.1385500431060791,-0.09032265435315878,-0.02621963620185852,-0.08858442306518555,-0.077104139731901,-0.0007513463497161865,-0.09840542078018188,-0.06746509264566214,-0.07801923155784607,-0.17410743236541748,-0.07182494144298346,-0.08593633770942688,-0.11719244718551636,-0.09308548610069067,-0.06144893169403076,-0.07828813791275024,-0.08463643084623129,-0.03902354836463928,-0.0784723162651062,-0.07537684928037436,-1.0647843349056858,-2.228417676318024,1.3511687554649638,1.2038793885207797,1.1836226551955182,0.30037972464778234,0.17308712540537777,0.21056458755383567,0.25371359727609694,0.2708400129284585,0.29526860241348823,0.311768696445662,0.04070789269659414,0.08239699964946973,0.043151942049924175,X
0.0,0.0,0.0,0.08164536952972412,-0.02474057674407959,-0.027539261980962237,0.1353060007095337,-0.10110074281692505,-0.04384661595435091,0.17082065343856812,-0.15015417337417603,-0.05874735619039484,0.18469727039337158,-0.1930227279663086,-0.06946585084409662,0.06264162063598633,-0.25361472368240356,-0.05113757903785654,0.019385874271392822,-0.3247442841529846,-0.08356367553682276,-0.012883931398391724,-0.35179880261421204,-0.10035276915044733,-0.04498240351676941,-0.38549721240997314,-0.11091504003019281,0.005171447992324829,-0.2523784041404724,-0.054316142006825885,-0.01832488179206848,-0.19151687622070312,-0.0835839262148852,0.003307729959487915,-0.12814712524414062,-0.08710249270410486,0.026467889547348022,-0.1314452886581421,-0.0892250662586207,-0.039559632539749146,-0.21841150522232056,-0.06020147110433527,-0.05325087904930115,-0.1327742338180542,-0.08865920956344553,-0.024117380380630493,-0.08309262990951538,-0.07443315292806574,0.002626866102218628,-0.09579098224639893,-0.06354498620243021,-0.07038769125938416,-0.17420321702957153,-0.07036197687597223,-0.08562728762626648,-0.11825919151306152,-0.09186164791793772,-0.06312453746795654,-0.07880914211273193,-0.0826051732441897,-0.04100954532623291,-0.07775485515594482,-0.07237677033157297,-1.07774245568817,-2.2552535270374485,1.3964825847551443,1.23943994296384,1.27512494810417,0.29966511269969875,0.16978903967767442,0.20640650303341962,0.25343687412156446,0.2639081740699868,0.29359213604802725,0.3077680003679202,0.04289083777001423,0.08623147260004449,0.04721692792607444,X
0.0,0.0,0.0,0.07865244150161743,-0.02858525514602661,-0.02905820584533103,0.13056635856628418,-0.10467880964279175,-0.04671722179887183,0.1657031774520874,-0.15387201309204102,-0.06278925290939696,0.18361037969589233,-0.1934288740158081,-0.07507408312199004,0.05909627676010132,-0.2584102749824524,-0.05043588853118308,0.01555711030960083,-0.3353159427642822,-0.08283187350866683,-0.015042155981063843,-0.36036089062690735,-0.10027748993275054,-0.045600831508636475,-0.3866926431655884,-0.11134666106340774,0.00380745530128479,-0.25525718927383423,-0.05313241756198295,-0.021889448165893555,-0.20386570692062378,-0.08318625292417892,-0.0028944313526153564,-0.1368224024772644,-0.08736596903440841,0.018317818641662598,-0.13318485021591187,-0.08938177576897033,-0.04066801071166992,-0.22018975019454956,-0.058811525764440375,-0.05617940425872803,-0.1450939178466797,-0.08721524378893264,-0.02975022792816162,-0.09365838766098022,-0.07381024858591445,-0.0039292871952056885,-0.10319828987121582,-0.06341119012472518,-0.07250210642814636,-0.17624086141586304,-0.06878261915085204,-0.08921730518341064,-0.12472021579742432,-0.09028010717270263,-0.06778764724731445,-0.0851932168006897,-0.08143206587669738,-0.04560220241546631,-0.08547824621200562,-0.07147569111225494,-1.0320854292199912,-2.255304988864683,1.4524845422570194,1.2665190023504267,1.2826671729921457,0.2998143822564666,0.1759288866089612,0.20811699827908905,0.25336090038005354,0.2614417620106864,0.28654068813217565,0.30121439695670243,0.037338017079418084,0.07976019782779709,0.045283902330070284,X
0.0,0.0,0.0,0.0809251070022583,-0.027018249034881592,-0.02688817820879308,0.13246667385101318,-0.1050451397895813,-0.04313161551388589,0.16767460107803345,-0.15150153636932373,-0.05824636995228616,0.180869460105896,-0.19387930631637573,-0.06949216827186433,0.050909608602523804,-0.25856685638427734,-0.0524200792554268,0.007984727621078491,-0.3357020616531372,-0.08429748519691316,-0.02130064368247986,-0.35966503620147705,-0.10126665934356538,-0.05081704258918762,-0.3784940838813782,-0.11212316110166398,-0.005573570728302002,-0.2553114891052246,-0.05604144885572282,-0.02161058783531189,-0.1908664107322693,-0.08576790198119966,0.0038284361362457275,-0.12679320573806763,-0.09140062286886064,0.028194338083267212,-0.12254571914672852,-0.09560538038047639,-0.0506901741027832,-0.21750545501708984,-0.06195626362594453,-0.05635333061218262,-0.13434791564941406,-0.09027267202171174,-0.026359498500823975,-0.08710485696792603,-0.07860816224845735,4.965066909790039e-05,-0.0967860221862793,-0.0705196629408249,-0.08085772395133972,-0.16864579916000366,-0.07198444708618013,-0.08935993909835815,-0.11073023080825806,-0.09522792651685563,-0.06163740158081055,-0.07355242967605591,-0.08837789251836625,-0.03653162717819214,-0.07293248176574707,-0.0802094708326706,-1.0719027083757922,-2.274265694563215,1.3217352876574597,1.1729031593252028,1.1370911640936023,0.29624525587164147,0.16851757636256892,0.20523866426170195,0.2487797562527632,0.26786631681887296,0.28626360667580875,0.30589535102864174,0.03815344567841124,0.08155319676413217,0.04367128667138853,X
0.0,0.0,0.0,0.07929933071136475,-0.028438091278076172,-0.029957755948444742,0.1352561116218567,-0.10536319017410278,-0.04825158930852069,0.17168253660202026,-0.15505194664001465,-0.06472247235014095,0.1851685643196106,-0.19731581211090088,-0.07758180193140163,0.05793279409408569,-0.25523990392684937,-0.05304551265670909,0.017115801572799683,-0.3284965753555298,-0.086788991014501,-0.013021349906921387,-0.3562125861644745,-0.10614065221979274,-0.04477018117904663,-0.38361161947250366,-0.1182162775798048,0.0019174814224243164,-0.2524934411048889,-0.05541070319249286,-0.017986536026000977,-0.19803911447525024,-0.08546424053146495,0.0029576122760772705,-0.1374366283416748,-0.09086197755767955,0.024656981229782104,-0.13541936874389648,-0.094122396330377,-0.042121052742004395,-0.21796846389770508,-0.06066750503613605,-0.05276539921760559,-0.13954323530197144,-0.08950899682476177,-0.026239097118377686,-0.09233742952346802,-0.07684656373693599,-0.00032526254653930664,-0.10155820846557617,-0.06687266520692958,-0.07322794198989868,-0.17476075887680054,-0.0702622397942747,-0.08693337440490723,-0.12455999851226807,-0.0912619843287672,-0.06724780797958374,-0.0867842435836792,-0.08173252783252849,-0.04654484987258911,-0.08462792634963989,-0.07147244505121364,-1.073492963708194,-2.2455638815088736,1.3789532811153924,1.2260919899999672,1.2829747902311874,0.29593572701180854,0.1720323748818451,0.20875219390785885,0.25766192173844565,0.25771985604891545,0.2855336713119715,0.2989889600007977,0.04207957556218512,0.08746125641002239,0.04922280675779811,X
0.0,0.0,0.0,0.08016285300254822,-0.027836620807647705,-0.029940388860097755,0.1337689459323883,-0.10252833366394043,-0.04698911844371878,0.17021819949150085,-0.15006637573242188,-0.0618530677127751,0.18280884623527527,-0.19202065467834473,-0.0727941074836167,0.0531904399394989,-0.2592678666114807,-0.054379274832001556,0.010610014200210571,-0.33537185192108154,-0.0862838306891831,-0.019491344690322876,-0.35999658703804016,-0.10420691012024008,-0.050259292125701904,-0.38128554821014404,-0.11557087092279517,-0.001953810453414917,-0.2543441653251648,-0.05592664866327368,-0.0239352285861969,-0.20461571216583252,-0.08562163798688971,-0.001033693552017212,-0.13986140489578247,-0.09116086898922049,0.022672027349472046,-0.12692201137542725,-0.09486117749094092,-0.045373111963272095,-0.21873784065246582,-0.06006962968587004,-0.05834034085273743,-0.14540648460388184,-0.08875365345357977,-0.030148804187774658,-0.09499228000640869,-0.07835384993433081,-0.0025958120822906494,-0.09680312871932983,-0.07026199041484915,-0.07397153973579407,-0.174016535282135,-0.06846384494184576,-0.08829906582832336,-0.12149447202682495,-0.09142077504276358,-0.06342151761054993,-0.08038043975830078,-0.0854586639869126,-0.03768637776374817,-0.07336360216140747,-0.07764854072212302,-1.069506176866277,-2.2740267701237036,1.3798880984033777,1.2333899826720784,1.2248001202206458,0.3002365018492171,0.17286305019507503,0.2084256811806286,0.250394967837588,0.26461252092721577,0.2884476630676634,0.308178524615188,0.039314256981419694,0.08069473505345938,0.042199042703647105,X
0.0,0.0,0.0,0.08348995447158813,-0.025826632976531982,-0.02799224581139015,0.13978523015975952,-0.09940624237060547,-0.044269288960265385,0.1738758087158203,-0.14625197649002075,-0.05881409260945247,0.19058430194854736,-0.1881062388420105,-0.07016128215508388,0.0621868371963501,-0.2560100555419922,-0.051775544020699726,0.018530189990997314,-0.32952505350112915,-0.08409359219984935,-0.014672964811325073,-0.3568360209465027,-0.10491026851849483,-0.046189308166503906,-0.38411131501197815,-0.11881010148243831,0.005227267742156982,-0.2508099675178528,-0.05390873837785648,-0.017613202333450317,-0.19710463285446167,-0.08255892905907558,0.008638709783554077,-0.13303232192993164,-0.0909304014177792,0.03698655962944031,-0.11788803339004517,-0.09832716647105144,-0.03900963068008423,-0.2144947052001953,-0.058301250520514714,-0.05334055423736572,-0.1429639458656311,-0.08738583240227626,-0.024345725774765015,-0.09113723039627075,-0.07927539113478588,0.005668282508850098,-0.08840787410736084,-0.07346763375716137,-0.06751605868339539,-0.169708251953125,-0.06655006769614147,-0.08323752880096436,-0.12467843294143677,-0.08970922890620159,-0.05941936373710632,-0.0813068151473999,-0.08371066215948986,-0.03320509195327759,-0.06817662715911865,-0.07658457669930385,-1.050687319708293,-2.2729748792803144,1.3362615072281967,1.2302582295338171,1.2449110917845103,0.3073755558454659,0.16888713042272116,0.21008021843140237,0.25389920161622287,0.27891407397469103,0.30021614659022433,0.31620138655508073,0.04301062976909921,0.08601216112484247,0.043822854712507714,X
0.0,0.0,0.0,0.08387604355812073,-0.025397062301635742,-0.03053758613231139,0.1385420858860016,-0.10063320398330688,-0.04763811028959708,0.17425593733787537,-0.15128153562545776,-0.0625330614245172,0.187889963388443,-0.19586104154586792,-0.07254794559838729,0.06269514560699463,-0.25702333450317383,-0.05298196099164443,0.019881725311279297,-0.3308030366897583,-0.08633849344613509,-0.012128293514251709,-0.3552544116973877,-0.10397871903541045,-0.044934242963790894,-0.38043075799942017,-0.11444813332917647,0.005651980638504028,-0.25815409421920776,-0.053757383892559574,-0.018064260482788086,-0.19164633750915527,-0.08458038739325957,0.004968315362930298,-0.12310564517974854,-0.08962193451287703,0.028914719820022583,-0.11753380298614502,-0.09236318192841964,-0.0392208993434906,-0.22492796182632446,-0.05733983538510756,-0.05408397316932678,-0.1377624273300171,-0.0870958449638124,-0.026140064001083374,-0.08603012561798096,-0.07503783277633147,0.001149594783782959,-0.09455496072769165,-0.06508909485700087,-0.06971517205238342,-0.1815890669822693,-0.06528004578711943,-0.08266809582710266,-0.12223011255264282,-0.08725408039452986,-0.06035003066062927,-0.07958126068115234,-0.07886506936910109,-0.03766089677810669,-0.07511937618255615,-0.06890479795100646,-1.0926882326152827,-2.28800806369864,1.4068516566672586,1.2705065423260469,1.2783629457836225,0.2971078782114205,0.17722382562181174,0.2124497288238871,0.2558353772967617,0.2730722949321243,0.2895663854236039,0.3053980049569082,0.03604066258848334,0.07893856045367248,0.04340502507644267,X
0.0,0.0,0.0,0.08387604355812073,-0.025397062301635742,-0.03053758613231139,0.1385420858860016,-0.10063320398330688,-0.04763811028959708,0.17425593733787537,-0.15128153562545776,-0.0625330614245172,0.187889963388443,-0.19586104154586792,-0.07254794559838729,0.06269514560699463,-0.25702333450317383,-0.05298196099164443,0.019881725311279297,-0.3308030366897583,-0.08633849344613509,-0.012128293514251709,-0.3552544116973877,-0.10397871903541045,-0.044934242963790894,-0.38043075799942017,-0.11444813332917647,0.005651980638504028,-0.25815409421920776,-0.053757383892559574,-0.018064260482788086,-0.19164633750915527,-0.08458038739325957,0.004968315362930298,-0.12310564517974854,-0.08962193451287703,0.028914719820022583,-0.11753380298614502,-0.09236318192841964,-0.0392208993434906,-0.22492796182632446,-0.05733983538510756,-0.05408397316932678,-0.1377624273300171,-0.0870958449638124,-0.026140064001083374,-0.08603012561798096,-0.07503783277633147,0.001149594783782959,-0.09455496072769165,-0.06508909485700087,-0.06971517205238342,-0.1815890669822693,-0.06528004578711943,-0.08266809582710266,-0.12223011255264282,-0.08725408039452986,-0.06035003066062927,-0.07958126068115234,-0.07886506936910109,-0.03766089677810669,-0.07511937618255615,-0.06890479795100646,-1.0926882326152827,-2.28800806369864,1.4068516566672586,1.2705065423260469,1.2783629457836225,0.2971078782114205,0.17722382562181174,0.2124497288238871,0.2558353772967617,0.2730722949321243,0.2895663854236039,0.3053980049569082,0.03604066258848334,0.07893856045367248,0.04340502507644267,X
0.0,0.0,0.0,0.08190158009529114,-0.028547167778015137,-0.028211128305883904,0.1379058063030243,-0.11399787664413452,-0.04388501156518032,0.17525723576545715,-0.1669163703918457,-0.057710819285603066,0.18008819222450256,-0.20487946271896362,-0.06736853007623722,0.053441762924194336,-0.2594199776649475,-0.054208930921049614,0.012977927923202515,-0.3389672636985779,-0.08774902705499699,-0.017844676971435547,-0.3629488945007324,-0.1077203381473737,-0.04994332790374756,-0.3836810886859894,-0.12002316151210835,-0.002175241708755493,-0.2575547695159912,-0.05626286227652599,-0.015918999910354614,-0.19659000635147095,-0.08514471386024525,0.009022027254104614,-0.13516134023666382,-0.09108047221252491,0.0330752432346344,-0.12951433658599854,-0.09585484896251728,-0.046022891998291016,-0.2230948805809021,-0.06074851040193607,-0.052382200956344604,-0.14398062229156494,-0.08641453121254017,-0.02524450421333313,-0.09871381521224976,-0.0756141472274976,0.0012835264205932617,-0.1057887077331543,-0.06837483529398014,-0.07364550232887268,-0.17974317073822021,-0.0696389753038602,-0.0831969678401947,-0.12723827362060547,-0.0868569541389661,-0.0626082718372345,-0.09168815612792969,-0.07808477465459873,-0.04153516888618469,-0.08886247873306274,-0.06972120736190845,-1.1362405011799441,-2.2647464713941283,1.3021443055867317,1.1874715410078762,1.2311632974134352,0.2913494837835923,0.16520505260958368,0.20442623666473292,0.2501536623021595,0.267381414886893,0.2825745317533108,0.2949384849636285,0.039668863387386094,0.08496638831757983,0.04604278332093129,X
0.0,0.0,0.0,0.0851934552192688,-0.021744072437286377,-0.02990733617284036,0.14170855283737183,-0.10205000638961792,-0.0463829782728169,0.17541098594665527,-0.15310364961624146,-0.06057289586701131,0.18536478281021118,-0.19475960731506348,-0.07018042327203489,0.06260538101196289,-0.2513618469238281,-0.05741954193749166,0.019004106521606445,-0.3315662145614624,-0.09337904275693631,-0.014578521251678467,-0.35535943508148193,-0.11350074381866193,-0.04840320348739624,-0.37794172763824463,-0.12518507213630414,0.005415499210357666,-0.25143855810165405,-0.05889774457850194,-0.019144654273986816,-0.18906807899475098,-0.09096341551580167,0.0039619505405426025,-0.12449014186859131,-0.09656247468032575,0.027780115604400635,-0.11658447980880737,-0.09993990482129789,-0.039008140563964844,-0.2191910743713379,-0.06306024612226224,-0.05395960807800293,-0.13487857580184937,-0.09209916712083555,-0.02691081166267395,-0.08551597595214844,-0.07939165802039838,0.0002313852310180664,-0.09192907810211182,-0.0694319900993321,-0.06734603643417358,-0.17690306901931763,-0.0716779154662106,-0.0832260251045227,-0.12190437316894531,-0.09206170560159421,-0.06272822618484497,-0.08190149068832397,-0.08260705293454862,-0.04024961590766907,-0.07673615217208862,-0.07235817582645154,-1.1307049002270013,-2.2907491465082876,1.4064490787640322,1.2717089711798175,1.3066067144742894,0.29699016923752675,0.17590985731045733,0.21177462699159993,0.25462009518637063,0.2722342908246873,0.2901181809444007,0.3013159134236333,0.03697054744663456,0.07884119218433706,0.04323813654062303,X
0.0,0.0,0.0,0.07867231965065002,-0.027890920639038086,-0.028659882392304326,0.13019147515296936,-0.10061877965927124,-0.04681238755168238,0.16110429167747498,-0.14744609594345093,-0.06355803682984629,0.17672452330589294,-0.1875808835029602,-0.07661552205266275,0.04714292287826538,-0.2610486149787903,-0.05459397509278574,0.0005501210689544678,-0.345650315284729,-0.08818236961545267,-0.027946442365646362,-0.3648039698600769,-0.10728807970465937,-0.05470949411392212,-0.37326645851135254,-0.11929607614459314,-0.010660916566848755,-0.2534271478652954,-0.05731333642782488,-0.02437916398048401,-0.20237618684768677,-0.09088326468648233,0.0013884902000427246,-0.1379014253616333,-0.0985166154760293,0.025126367807388306,-0.1254023313522339,-0.10335933640183725,-0.05533084273338318,-0.21440458297729492,-0.06250617131175318,-0.05944976210594177,-0.1397852897644043,-0.09322405084552088,-0.02935042977333069,-0.09218829870223999,-0.08396739735783854,-0.002720266580581665,-0.09649956226348877,-0.07698685153903284,-0.08514419198036194,-0.1672777533531189,-0.07176467254342356,-0.09256881475448608,-0.1161237359046936,-0.09556784703912058,-0.06548920273780823,-0.07689714431762695,-0.08974264785231867,-0.040349602699279785,-0.07339298725128174,-0.08242087289275446,-1.079467917063829,-2.3078116036703076,1.2982198315751874,1.1510973828662192,1.1256171690590293,0.2967167625619971,0.16385412139494504,0.201236775208034,0.2452754611274713,0.2604042825705259,0.2816075187884536,0.30021709685993037,0.04013483658537296,0.08361862584138366,0.044157454020003345,X
0.0,0.0,0.0,0.07643437385559082,-0.028714001178741455,-0.032583620969774074,0.12628823518753052,-0.09702670574188232,-0.05443588701319868,0.15621793270111084,-0.13884150981903076,-0.07391800043416197,0.16918176412582397,-0.17645549774169922,-0.08962046412062818,0.04260021448135376,-0.2546848654747009,-0.06059407499861891,-0.0040627121925354,-0.3373180627822876,-0.09481085893941099,-0.03129321336746216,-0.362148642539978,-0.1141272639973181,-0.057527780532836914,-0.3722461462020874,-0.12621907946896727,-0.017471253871917725,-0.2487882375717163,-0.06197622847986395,-0.02100399136543274,-0.18396669626235962,-0.09280305412841017,0.007057815790176392,-0.11598372459411621,-0.0967990836246031,0.028411835432052612,-0.10089302062988281,-0.09956967142653639,-0.06437534093856812,-0.2083759903907776,-0.06620819178652937,-0.0577472448348999,-0.12536615133285522,-0.09430241641831572,-0.027428895235061646,-0.07945823669433594,-0.0818117862684744,-0.005033761262893677,-0.08673232793807983,-0.07333242205214674,-0.09506797790527344,-0.15974456071853638,-0.07498286721539671,-0.09297966957092285,-0.10323113203048706,-0.09517537114453489,-0.06362906098365784,-0.0668901801109314,-0.08535321113896543,-0.04261919856071472,-0.06632614135742188,-0.07583110836577589,-1.0756437511778218,-2.2762816884875514,1.2699712373322074,1.1169310241841293,1.059212925979912,0.2995516577551803,0.1597681469246084,0.19596248744613354,0.23872185264981446,0.28463684995094596,0.29029943589129814,0.30628306381610404,0.036319872739213784,0.07899542349224135,0.04276771618444294,X
0.0,0.0,0.0,0.07676905393600464,-0.02138984203338623,-0.0348924707789422,0.1278446912765503,-0.09380698204040527,-0.056068820150613874,0.16073459386825562,-0.14072364568710327,-0.07439815738987932,0.17369717359542847,-0.17895400524139404,-0.08803772667241105,0.04697349667549133,-0.25261175632476807,-0.05999452361655244,0.0012527704238891602,-0.34151947498321533,-0.09722124526095399,-0.027400493621826172,-0.3644161820411682,-0.11510169992041597,-0.055328369140625,-0.3717472553253174,-0.12460851410222062,-0.011621356010437012,-0.2475506067276001,-0.05978770667505273,-0.027144014835357666,-0.19336354732513428,-0.09654780218195924,-0.0006003975868225098,-0.12149620056152344,-0.09993521610093126,0.024978429079055786,-0.10915124416351318,-0.099351634474516,-0.05730220675468445,-0.21051180362701416,-0.06329849103283891,-0.06509467959403992,-0.12950760126113892,-0.09730785080981263,-0.037615686655044556,-0.08005142211914062,-0.08407477775406846,-0.011974602937698364,-0.09050750732421875,-0.07234780976367006,-0.0873570442199707,-0.1670820713043213,-0.07131679842066774,-0.09840810298919678,-0.11347222328186035,-0.0959629986603261,-0.07620644569396973,-0.07323050498962402,-0.08743728438210496,-0.05505189299583435,-0.07472598552703857,-0.07705595085215577,-1.076817764422332,-2.2803205838374225,1.312264079447863,1.2096461895335726,1.2343094126260015,0.299369231056677,0.16428539321747945,0.2056618379641208,0.2513754474087516,0.2746012507589631,0.28456167152253564,0.29702139847431963,0.041389799450639066,0.08712032417064813,0.04587711138452,X
0.0,0.0,0.0,0.07702100276947021,-0.02664470672607422,-0.03747598613412606,0.1285119652748108,-0.09527379274368286,-0.06176044205935227,0.162347674369812,-0.1427098512649536,-0.08330710391314256,0.1762802004814148,-0.1833481788635254,-0.09956046352894532,0.044388800859451294,-0.25678855180740356,-0.06289947191984879,-0.0008132755756378174,-0.3406901955604553,-0.10032207677872407,-0.029483675956726074,-0.36194485425949097,-0.11599346409352052,-0.05927091836929321,-0.36908483505249023,-0.12349697361500489,-0.015365898609161377,-0.2495250105857849,-0.062240117888762825,-0.02174544334411621,-0.1905805468559265,-0.09486745456965195,0.006573885679244995,-0.11373662948608398,-0.09319584975750672,0.02908104658126831,-0.1081169843673706,-0.0898365394285463,-0.061121344566345215,-0.21038788557052612,-0.06579385111839997,-0.06015372276306152,-0.13070207834243774,-0.09869098077328431,-0.029010355472564697,-0.07851862907409668,-0.08234238038571107,-0.007689774036407471,-0.09330809116363525,-0.06903816173584687,-0.09139323234558105,-0.16331720352172852,-0.07412651340277421,-0.0940772294998169,-0.10923826694488525,-0.09703307012827622,-0.06571120023727417,-0.0694042444229126,-0.08584029386551606,-0.04729759693145752,-0.07155680656433105,-0.07410131553919541,-1.0738358228630043,-2.3162235518959564,1.2662569795166425,1.1426587061679352,1.1228278744424232,0.29997072364495525,0.1653097805159673,0.2048222861826615,0.24996868287153182,0.2755182186386885,0.28055913266302546,0.29776885022161836,0.039640844678398686,0.08467788250679112,0.04518736567012486,X
0.0,0.0,0.0,0.07879185676574707,-0.020483553409576416,-0.035737622486550435,0.13471323251724243,-0.09058988094329834,-0.05639719213743888,0.17171591520309448,-0.13693588972091675,-0.073689464436967,0.18422412872314453,-0.17535537481307983,-0.08569409321447097,0.05389899015426636,-0.2558091878890991,-0.0638598985542842,0.008661776781082153,-0.3379778265953064,-0.1019320375790187,-0.02314293384552002,-0.3577045202255249,-0.1211060471405574,-0.05389922857284546,-0.36565113067626953,-0.13147779177327834,-0.0035854876041412354,-0.2509075403213501,-0.06284974883695327,-0.019054025411605835,-0.18831002712249756,-0.09859362612863265,0.008132308721542358,-0.11864042282104492,-0.10342840473552428,0.03507980704307556,-0.10823166370391846,-0.1051942593922206,-0.04918774962425232,-0.21371859312057495,-0.06522425632377349,-0.05740809440612793,-0.1297423243522644,-0.09918015073438369,-0.02885192632675171,-0.07986384630203247,-0.08817274491687499,-0.0019080042839050293,-0.08913350105285645,-0.07845378290315352,-0.07922250032424927,-0.16855233907699585,-0.07209498058458053,-0.09032607078552246,-0.11221694946289062,-0.09646482388873778,-0.06599658727645874,-0.07272815704345703,-0.08924533049960814,-0.0428774356842041,-0.0707007646560669,-0.08015498142142974,-1.0421555792733823,-2.3468043850864637,1.3061518113607868,1.2080883840443328,1.2151586989934333,0.30481995995908207,0.16355311456060398,0.20513259724499636,0.2500554098262653,0.2723638205699661,0.28136290959473315,0.2951562269950129,0.041627370844274245,0.08652109613834087,0.04492504958636486,X
0.0,0.0,0.0,0.07669448852539062,-0.02332758903503418,-0.03562930289388078,0.131400465965271,-0.09522223472595215,-0.05766686487675088,0.16637283563613892,-0.1440790891647339,-0.07649582314968484,0.17538148164749146,-0.1796783208847046,-0.08994383055448907,0.04967159032821655,-0.2569449543952942,-0.06525074381113427,0.006091654300689697,-0.34511828422546387,-0.10430767822742837,-0.02419102191925049,-0.3608481287956238,-0.12268421489477532,-0.05625051259994507,-0.3663390874862671,-0.13212323624372857,-0.008980989456176758,-0.25421178340911865,-0.06473341274738686,-0.018987566232681274,-0.19526809453964233,-0.10106912690878289,0.007570058107376099,-0.11784583330154419,-0.10351686615229028,0.029946714639663696,-0.10302120447158813,-0.10302527684450524,-0.05497556924819946,-0.21856725215911865,-0.0677349387455024,-0.056177496910095215,-0.13202041387557983,-0.10188808727741616,-0.027412086725234985,-0.07910525798797607,-0.0888664467978515,-0.0034346580505371094,-0.08894288539886475,-0.07769460666656869,-0.08450499176979065,-0.17498630285263062,-0.07527077633619683,-0.08890968561172485,-0.11606383323669434,-0.0983394874978103,-0.06482473015785217,-0.0735478401184082,-0.08899156439781564,-0.04514187574386597,-0.07248342037200928,-0.07868290383100884,-1.090682111441362,-2.340070628207327,1.3187953967301855,1.192345551175529,1.2041416039782469,0.2974821381987958,0.16440068415732106,0.2005196525762746,0.24519644746831673,0.27706726529694714,0.2823794741554336,0.29406556226114905,0.03622865041090396,0.08106079609464735,0.044837551189700384,X
0.0,0.0,0.0,0.07669448852539062,-0.02332758903503418,-0.03562930289388078,0.131400465965271,-0.09522223472595215,-0.05766686487675088,0.16637283563613892,-0.1440790891647339,-0.07649582314968484,0.17538148164749146,-0.1796783208847046,-0.08994383055448907,0.04967159032821655,-0.2569449543952942,-0.06525074381113427,0.006091654300689697,-0.34511828422546387,-0.10430767822742837,-0.02419102191925049,-0.3608481287956238,-0.12268421489477532,-0.05625051259994507,-0.3663390874862671,-0.13212323624372857,-0.008980989456176758,-0.25421178340911865,-0.06473341274738686,-0.018987566232681274,-0.19526809453964233,-0.10106912690878289,0.007570058107376099,-0.11784583330154419,-0.10351686615229028,0.029946714639663696,-0.10302120447158813,-0.10302527684450524,-0.05497556924819946,-0.21856725215911865,-0.0677349387455024,-0.056177496910095215,-0.13202041387557983,-0.10188808727741616,-0.027412086725234985,-0.07910525798797607,-0.0888664467978515,-0.0034346580505371094,-0.08894288539886475,-0.07769460666656869,-0.08450499176979065,-0.17498630285263062,-0.07527077633619683,-0.08890968561172485,-0.11606383323669434,-0.0983394874978103,-0.06482473015785217,-0.0735478401184082,-0.08899156439781564,-0.04514187574386597,-0.07248342037200928,-0.07868290383100884,-1.090682111441362,-2.340070628207327,1.3187953967301855,1.192345551175529,1.2041416039782469,0.2974821381987958,0.16440068415732106,0.2005196525762746,0.24519644746831673,0.27706726529694714,0.2823794741554336,0.29406556226114905,0.03622865041090396,0.08106079609464735,0.044837551189700384,X
0.0,0.0,0.0,0.08139699697494507,-0.02201056480407715,-0.03193122187070685,0.13939952850341797,-0.09763383865356445,-0.05057054051570731,0.17631202936172485,-0.1450331211090088,-0.0670321289580329,0.18315571546554565,-0.1813187599182129,-0.07919563391618567,0.054580509662628174,-0.2580103874206543,-0.05756633022241431,0.011662602424621582,-0.33856528997421265,-0.09595198967866736,-0.019967615604400635,-0.36019033193588257,-0.11835644432716208,-0.05022633075714111,-0.3765448331832886,-0.13192426451854544,-0.0031634271144866943,-0.2509703040122986,-0.05885746368579703,-0.014982342720031738,-0.1947994828224182,-0.09404512533359366,0.012551218271255493,-0.12426626682281494,-0.10143045374564963,0.04126417636871338,-0.11453670263290405,-0.10633645245246726,-0.04771625995635986,-0.21369117498397827,-0.06342394688539343,-0.05246281623840332,-0.13765281438827515,-0.09695637264661627,-0.025711625814437866,-0.08529448509216309,-0.08704466411285239,0.0008820891380310059,-0.09253478050231934,-0.0791902396958335,-0.07551449537277222,-0.17017602920532227,-0.072254255799578,-0.08451896905899048,-0.12132823467254639,-0.09600823411159354,-0.06301385164260864,-0.08051025867462158,-0.08895131984166937,-0.04077410697937012,-0.07720422744750977,-0.08124657013826209,-1.0890219455923102,-2.294807017052674,1.255989883087133,1.1893241219470412,1.2131958249751915,0.3042702732466466,0.1568217205699713,0.20274681219566498,0.2469501999428318,0.27752256371086903,0.2885719678139721,0.299489804127967,0.04598692799640735,0.09013319942267951,0.04438766193366931,X
