x0,y0,z0,x1,y1,z1,x2,y2,z2,x3,y3,z3,x4,y4,z4,x5,y5,z5,x6,y6,z6,x7,y7,z7,x8,y8,z8,x9,y9,z9,x10,y10,z10,x11,y11,z11,x12,y12,z12,x13,y13,z13,x14,y14,z14,x15,y15,z15,x16,y16,z16,x17,y17,z17,x18,y18,z18,x19,y19,z19,x20,y20,z20,angle0,angle1,angle2,angle3,angle4,dist01,dist02,dist03,dist04,dist12,dist13,dist14,dist23,dist24,dist34,label
0.0,0.0,0.0,0.09148675203323364,-0.08414125442504883,-0.016385057124569613,0.12196815013885498,-0.23794418573379517,-0.01761737197942992,0.12320047616958618,-0.3593524396419525,-0.022619354653432566,0.15551888942718506,-0.4261256754398346,-0.027233633327558238,0.08255603909492493,-0.3140779733657837,0.003517834122032326,0.08690661191940308,-0.43048393726348877,-0.021316255557611186,0.090565025806427,-0.5036834478378296,-0.037594384628608424,0.09363287687301636,-0.5735114216804504,-0.051959998089149195,0.023449420928955078,-0.3044466972351074,-0.008954903225674826,0.023318439722061157,-0.4096810817718506,-0.05701827548749705,0.03943875432014465,-0.3069482445716858,-0.07279940612919589,0.04755955934524536,-0.23199307918548584,-0.07295528717644473,-0.03364282846450806,-0.27152055501937866,-0.025098036158158976,-0.032015055418014526,-0.3627673387527466,-0.0790540418804433,-0.007974177598953247,-0.2541859745979309,-0.0716610095680501,0.0008373260498046875,-0.18843036890029907,-0.052823695468976695,-0.09152886271476746,-0.22090190649032593,-0.04236404516108294,-0.09011127054691315,-0.2983242869377136,-0.08066573657400866,-0.06469181180000305,-0.23073810338974,-0.0736485338986661,-0.05434331297874451,-0.1825987696647644,-0.06069864251024981,-1.3943609291447434,-1.5281259838371555,1.2495559901629272,1.1774494993512161,0.800201778357803,0.15985129572436357,0.2221321270779965,0.28359380247070687,0.3214770564675608,0.3446121426307012,0.3961040664558406,0.4179828396824219,0.06388017541854986,0.11324307131523859,0.055487930879092394,T
0.0,0.0,0.0,0.09148675203323364,-0.08414125442504883,-0.016385057124569613,0.12196815013885498,-0.23794418573379517,-0.01761737197942992,0.12320047616958618,-0.3593524396419525,-0.022619354653432566,0.15551888942718506,-0.4261256754398346,-0.027233633327558238,0.08255603909492493,-0.3140779733657837,0.003517834122032326,0.08690661191940308,-0.43048393726348877,-0.021316255557611186,0.090565025806427,-0.5036834478378296,-0.037594384628608424,0.09363287687301636,-0.5735114216804504,-0.051959998089149195,0.023449420928955078,-0.3044466972351074,-0.008954903225674826,0.023318439722061157,-0.4096810817718506,-0.05701827548749705,0.03943875432014465,-0.3069482445716858,-0.07279940612919589,0.04755955934524536,-0.23199307918548584,-0.07295528717644473,-0.03364282846450806,-0.27152055501937866,-0.025098036158158976,-0.032015055418014526,-0.3627673387527466,-0.0790540418804433,-0.007974177598953247,-0.2541859745979309,-0.0716610095680501,0.0008373260498046875,-0.18843036890029907,-0.052823695468976695,-0.09152886271476746,-0.22090190649032593,-0.04236404516108294,-0.09011127054691315,-0.2983242869377136,-0.08066573657400866,-0.06469181180000305,-0.23073810338974,-0.0736485338986661,-0.05434331297874451,-0.1825987696647644,-0.06069864251024981,-1.3943609291447434,-1.5281259838371555,1.2495559901629272,1.1774494993512161,0.800201778357803,0.15985129572436357,0.2221321270779965,0.28359380247070687,0.3214770564675608,0.3446121426307012,0.3961040664558406,0.4179828396824219,0.06388017541854986,0.11324307131523859,0.055487930879092394,T
0.0,0.0,0.0,0.09123432636260986,-0.08880442380905151,-0.01752665681490484,0.11994582414627075,-0.23933672904968262,-0.020527445205541284,0.11803993582725525,-0.36014437675476074,-0.027805502020807893,0.14809197187423706,-0.4310952425003052,-0.03450677400180879,0.07974320650100708,-0.31306344270706177,0.0054051955630463056,0.08370009064674377,-0.428791344165802,-0.021442940884323747,0.08802953362464905,-0.5040606260299683,-0.039397621952982576,0.09132340550422668,-0.5755844414234161,-0.05490276818821016,0.021697968244552612,-0.3028873801231384,-0.008070526138933332,0.02270600199699402,-0.41240060329437256,-0.0599056244427878,0.03947058320045471,-0.30816012620925903,-0.07811458265134874,0.04729330539703369,-0.2315407395362854,-0.07884902363369051,-0.0347924530506134,-0.27011638879776,-0.025636570953817994,-0.03168739378452301,-0.3631759285926819,-0.08230077331611696,-0.007561355829238892,-0.2544686198234558,-0.07523316001245561,0.00037109851837158203,-0.189284086227417,-0.055577630602808625,-0.0926365852355957,-0.22031688690185547,-0.044489218347759873,-0.08836458623409271,-0.29829055070877075,-0.08339280491420809,-0.06269475817680359,-0.23158186674118042,-0.07596034412929598,-0.053453341126441956,-0.18453210592269897,-0.062460119330378205,-1.4250578531730083,-1.5267133894291878,1.226351127964394,1.1604705672881106,0.7400970094893669,0.1552410987243668,0.22356737422262546,0.2833621211860378,0.3184554812081729,0.3468497059587197,0.39686305770454916,0.41699188896851014,0.06314521555296067,0.11117418054540612,0.05403380071672363,T
0.0,0.0,0.0,0.09150025248527527,-0.08631688356399536,-0.019590509306581794,0.12397027015686035,-0.23594599962234497,-0.022032036628516494,0.12173119187355042,-0.3530212640762329,-0.02855929657438594,0.1470784842967987,-0.42233970761299133,-0.03460267297545272,0.0875464379787445,-0.3080567717552185,0.007594583373574437,0.08998364210128784,-0.418793261051178,-0.017583905901702224,0.09442964196205139,-0.4944387972354889,-0.03540041781583625,0.09724968671798706,-0.5653805136680603,-0.05110466219106513,0.02922305464744568,-0.2987133860588074,-0.004704014114977895,0.028309226036071777,-0.40545058250427246,-0.05620596669236022,0.044202208518981934,-0.3091210722923279,-0.07635359204927283,0.05360105633735657,-0.23224061727523804,-0.07846030331769782,-0.02782583236694336,-0.2676789164543152,-0.021299920227320968,-0.02755376696586609,-0.3602123260498047,-0.07911924756685096,-0.004409670829772949,-0.2545906901359558,-0.07507452107587653,0.006065487861633301,-0.18469774723052979,-0.057201993834169684,-0.0859755128622055,-0.22113078832626343,-0.039260392259748755,-0.0834549069404602,-0.29007649421691895,-0.08049212134996253,-0.059365540742874146,-0.22330141067504883,-0.07611891366163093,-0.04681563377380371,-0.17412513494491577,-0.06444537378469306,-1.4474504036716087,-1.5331058536518145,1.2192898294173526,1.1830509088625614,0.8762024364615831,0.1514713876117666,0.21183883894402836,0.2763301765968447,0.3149688922848923,0.33598719246829223,0.3914510528579614,0.4169359518537513,0.0672306088206718,0.11602120900665876,0.053927665960653265,T
0.0,0.0,0.0,0.09128060936927795,-0.08004415035247803,-0.01935304962917428,0.12690234184265137,-0.22993946075439453,-0.020567803465567636,0.12602382898330688,-0.3487491309642792,-0.02563298382683854,0.1531047821044922,-0.4180881977081299,-0.03025036380513768,0.08980602025985718,-0.30375343561172485,0.007846017546214057,0.0935763418674469,-0.4143832325935364,-0.016287059345089006,0.09744220972061157,-0.4911457300186157,-0.032656811930976914,0.10036718845367432,-0.5617350935935974,-0.04721132741197209,0.030546844005584717,-0.29472142457962036,-0.0037795792415664664,0.03021031618118286,-0.4029819667339325,-0.05494650528653722,0.0444885790348053,-0.30506080389022827,-0.07397241220697026,0.05284982919692993,-0.22546768188476562,-0.07462936715110402,-0.026831328868865967,-0.2646235227584839,-0.01956427358909707,-0.02555769681930542,-0.3542679250240326,-0.07714598701222997,-0.003830045461654663,-0.24784409999847412,-0.07205716595872502,0.005001187324523926,-0.17778825759887695,-0.05300822556837659,-0.08511652052402496,-0.21969503164291382,-0.03661616221889119,-0.08115443587303162,-0.2878965735435486,-0.07721079216226201,-0.058829739689826965,-0.21975362300872803,-0.07167226896508794,-0.0488002747297287,-0.17092424631118774,-0.05896528140529256,-1.4324218168385858,-1.5298815020504561,1.259237300688007,1.2194234161934383,0.9307401484450456,0.15302184315191453,0.21714907022263863,0.282274221287137,0.3191483524090011,0.33960811475595143,0.39561325438074224,0.41831094944570457,0.06754864935191196,0.11535913484622508,0.05423755129181912,T
0.0,0.0,0.0,0.09128060936927795,-0.08004415035247803,-0.01935304962917428,0.12690234184265137,-0.22993946075439453,-0.020567803465567636,0.12602382898330688,-0.3487491309642792,-0.02563298382683854,0.1531047821044922,-0.4180881977081299,-0.03025036380513768,0.08980602025985718,-0.30375343561172485,0.007846017546214057,0.0935763418674469,-0.4143832325935364,-0.016287059345089006,0.09744220972061157,-0.4911457300186157,-0.032656811930976914,0.10036718845367432,-0.5617350935935974,-0.04721132741197209,0.030546844005584717,-0.29472142457962036,-0.0037795792415664664,0.03021031618118286,-0.4029819667339325,-0.05494650528653722,0.0444885790348053,-0.30506080389022827,-0.07397241220697026,0.05284982919692993,-0.22546768188476562,-0.07462936715110402,-0.026831328868865967,-0.2646235227584839,-0.01956427358909707,-0.02555769681930542,-0.3542679250240326,-0.07714598701222997,-0.003830045461654663,-0.24784409999847412,-0.07205716595872502,0.005001187324523926,-0.17778825759887695,-0.05300822556837659,-0.08511652052402496,-0.21969503164291382,-0.03661616221889119,-0.08115443587303162,-0.2878965735435486,-0.07721079216226201,-0.058829739689826965,-0.21975362300872803,-0.07167226896508794,-0.0488002747297287,-0.17092424631118774,-0.05896528140529256,-1.4324218168385858,-1.5298815020504561,1.259237300688007,1.2194234161934383,0.9307401484450456,0.15302184315191453,0.21714907022263863,0.282274221287137,0.3191483524090011,0.33960811475595143,0.39561325438074224,0.41831094944570457,0.06754864935191196,0.11535913484622508,0.05423755129181912,T
0.0,0.0,0.0,0.08917504549026489,-0.08176231384277344,-0.01996613638523037,0.12142318487167358,-0.23167693614959717,-0.022780483309654542,0.12182360887527466,-0.35235393047332764,-0.028955511469868966,0.1538957953453064,-0.4216427803039551,-0.03480238812091763,0.08341896533966064,-0.30329573154449463,0.0016698224232438719,0.08794921636581421,-0.41849637031555176,-0.024292647559670755,0.0917796790599823,-0.49437424540519714,-0.04080673651817257,0.09546685218811035,-0.5646487176418304,-0.055215745885400125,0.02463129162788391,-0.29271042346954346,-0.00992981595966036,0.02351433038711548,-0.40138381719589233,-0.061364065576819726,0.038520216941833496,-0.30083411931991577,-0.07890819357755596,0.04753434658050537,-0.2229899764060974,-0.0789822299969476,-0.031888753175735474,-0.26044148206710815,-0.02554130898836071,-0.032570093870162964,-0.3492998480796814,-0.08255455987575466,-0.009277284145355225,-0.24342131614685059,-0.0762673799884599,0.0010379254817962646,-0.1766332983970642,-0.057002015132932016,-0.08898690342903137,-0.21301275491714478,-0.042456876207618066,-0.08917738497257233,-0.28631097078323364,-0.08245150344493801,-0.06499668955802917,-0.2189246416091919,-0.07604541229131634,-0.053657785058021545,-0.17056435346603394,-0.0630425919783395,-1.4014934866607225,-1.5247307974970024,1.253403510254668,1.1964416750649185,0.8766777461370103,0.15448184201501217,0.22533462734304305,0.28878222695223627,0.3257589064962707,0.34500466744177344,0.39934044094055654,0.4213557208839489,0.0656571303897883,0.11396619431306228,0.05503138053902896,T
0.0,0.0,0.0,0.09109798073768616,-0.0916299819946289,-0.01608212364019934,0.12136998772621155,-0.24539393186569214,-0.017152049365659394,0.12208375334739685,-0.36770617961883545,-0.02283530567886416,0.15401896834373474,-0.4371410608291626,-0.02827479948403422,0.07886424660682678,-0.31721216440200806,0.008359969806651435,0.0840010941028595,-0.43457865715026855,-0.016326161819716134,0.08907032012939453,-0.5104449987411499,-0.032524359199424424,0.09295684099197388,-0.5819153785705566,-0.04698922184409682,0.02106580138206482,-0.30572378635406494,-0.005143151871134677,0.020548701286315918,-0.41696688532829285,-0.05773381960691992,0.03838086128234863,-0.3139970302581787,-0.07672575560512129,0.04699862003326416,-0.23471790552139282,-0.07737568465175215,-0.03458775579929352,-0.27241748571395874,-0.022419529753943124,-0.03418724238872528,-0.36714968085289,-0.08063372668923918,-0.007456004619598389,-0.25949549674987793,-0.07510765341224257,0.00266188383102417,-0.19050192832946777,-0.055843398693223634,-0.09130026400089264,-0.2230200171470642,-0.04065245834292952,-0.09029148519039154,-0.3044291138648987,-0.08184075054826323,-0.0643579363822937,-0.23639267683029175,-0.07578345087470595,-0.053459733724594116,-0.18528568744659424,-0.06263488230409209,-1.4021427668966557,-1.517607315575005,1.2206267171183933,1.1440140962278311,0.7839929275034373,0.1571247481277497,0.22897268124658,0.28937834872773366,0.32631049770675674,0.3502259889919856,0.40169350046811947,0.42279182257089853,0.06261628235614004,0.11196171231065306,0.056363508815609094,T
0.0,0.0,0.0,0.09109798073768616,-0.0916299819946289,-0.01608212364019934,0.12136998772621155,-0.24539393186569214,-0.017152049365659394,0.12208375334739685,-0.36770617961883545,-0.02283530567886416,0.15401896834373474,-0.4371410608291626,-0.02827479948403422,0.07886424660682678,-0.31721216440200806,0.008359969806651435,0.0840010941028595,-0.43457865715026855,-0.016326161819716134,0.08907032012939453,-0.5104449987411499,-0.032524359199424424,0.09295684099197388,-0.5819153785705566,-0.04698922184409682,0.02106580138206482,-0.30572378635406494,-0.005143151871134677,0.020548701286315918,-0.41696688532829285,-0.05773381960691992,0.03838086128234863,-0.3139970302581787,-0.07672575560512129,0.04699862003326416,-0.23471790552139282,-0.07737568465175215,-0.03458775579929352,-0.27241748571395874,-0.022419529753943124,-0.03418724238872528,-0.36714968085289,-0.08063372668923918,-0.007456004619598389,-0.25949549674987793,-0.07510765341224257,0.00266188383102417,-0.19050192832946777,-0.055843398693223634,-0.09130026400089264,-0.2230200171470642,-0.04065245834292952,-0.09029148519039154,-0.3044291138648987,-0.08184075054826323,-0.0643579363822937,-0.23639267683029175,-0.07578345087470595,-0.053459733724594116,-0.18528568744659424,-0.06263488230409209,-1.4021427668966557,-1.517607315575005,1.2206267171183933,1.1440140962278311,0.7839929275034373,0.1571247481277497,0.22897268124658,0.28937834872773366,0.32631049770675674,0.3502259889919856,0.40169350046811947,0.42279182257089853,0.06261628235614004,0.11196171231065306,0.056363508815609094,T
0.0,0.0,0.0,0.09043928980827332,-0.08355224132537842,-0.01788856620710977,0.12259969115257263,-0.23300719261169434,-0.019932459767876942,0.1241222620010376,-0.3533642888069153,-0.025800302352725346,0.155320942401886,-0.4224929213523865,-0.03120009015124925,0.0822400450706482,-0.3061741590499878,0.003470422739193957,0.08746027946472168,-0.4220096170902252,-0.022525107216059048,0.09305697679519653,-0.4961519241333008,-0.03894705298167356,0.09750637412071228,-0.5663325786590576,-0.053295217182456334,0.024355262517929077,-0.2960604429244995,-0.009186940927027543,0.02628636360168457,-0.4037397801876068,-0.06162812533599027,0.04149642586708069,-0.29911285638809204,-0.07911894815784581,0.0479353666305542,-0.22172021865844727,-0.07861173498254903,-0.03131943941116333,-0.2642994523048401,-0.025677680697261174,-0.028378397226333618,-0.35297009348869324,-0.0840524320564855,-0.004727095365524292,-0.24354946613311768,-0.07690769779306539,0.003127187490463257,-0.1776295304298401,-0.05637462409955152,-0.08790698647499084,-0.2163698673248291,-0.04324990483742841,-0.08334571123123169,-0.2906007170677185,-0.08448405164104589,-0.05842995643615723,-0.22151660919189453,-0.07740355628353246,-0.04939982295036316,-0.17350775003433228,-0.0633498613796819,-1.3997982202212593,-1.512182647277884,1.2636428725594704,1.1924934801491212,0.8388680063784633,0.15502377662681002,0.22768693425572173,0.2883071612848456,0.3223417554439565,0.34815939373910276,0.3999968632022916,0.41939572806828934,0.06286303927048645,0.10862127444282908,0.052688479760565114,T
0.0,0.0,0.0,0.0916098952293396,-0.08183550834655762,-0.013462031994697199,0.12766173481941223,-0.22376751899719238,-0.013343026664790258,0.1275809109210968,-0.3393830358982086,-0.017954767484900103,0.15051773190498352,-0.4080880880355835,-0.02238123006069337,0.09187471866607666,-0.299791157245636,0.009648543047967806,0.09679991006851196,-0.41336703300476074,-0.0136495547264186,0.10127758979797363,-0.4858761429786682,-0.029439690326091394,0.10395804047584534,-0.5552922785282135,-0.04342565945231591,0.03385135531425476,-0.29178088903427124,-0.004197914887901888,0.03686836361885071,-0.3952365517616272,-0.05272012836181794,0.04932430386543274,-0.29183489084243774,-0.06980394459211503,0.055436551570892334,-0.2172374725341797,-0.0698243666335312,-0.02256794273853302,-0.2624492049217224,-0.021593239892956362,-0.01928570866584778,-0.34973371028900146,-0.0769349623366562,0.00212976336479187,-0.23872911930084229,-0.07062136269056474,0.00989028811454773,-0.17348933219909668,-0.05139654761993562,-0.08098606765270233,-0.2167167067527771,-0.039666442935105906,-0.0748688131570816,-0.29149574041366577,-0.07892002052509461,-0.05249752104282379,-0.22029876708984375,-0.07156816012108003,-0.043973252177238464,-0.1715744137763977,-0.05769691876017724,-1.447424751288095,-1.5235389005817563,1.2889398116754738,1.2209417277503702,0.8840298708597492,0.15439196405437386,0.21322379860369398,0.27351901979032417,0.3062114645157026,0.3415192333401112,0.39322033500303727,0.4112457502220602,0.06315347890348455,0.10939572211178338,0.053897568454712934,T
0.0,0.0,0.0,0.09246665239334106,-0.07777804136276245,-0.014894302901500733,0.12963798642158508,-0.22117722034454346,-0.01629378829585937,0.12956982851028442,-0.3385007083415985,-0.02205552343713668,0.15224072337150574,-0.4080235958099365,-0.027924645659202607,0.09469163417816162,-0.2955728769302368,0.0038710944683608695,0.09990596771240234,-0.41019535064697266,-0.0204593632041159,0.10394489765167236,-0.4834497272968292,-0.03713906180548099,0.105621337890625,-0.5532324910163879,-0.05203090977358249,0.03645846247673035,-0.28937333822250366,-0.00954114083635238,0.03725248575210571,-0.39234888553619385,-0.05650796737956432,0.04966333508491516,-0.29467302560806274,-0.07320914786743549,0.056266188621520996,-0.22306805849075317,-0.07484985512184528,-0.02045619487762451,-0.2604122757911682,-0.026430433583134683,-0.019439280033111572,-0.3493051528930664,-0.07972206544565585,0.0017744004726409912,-0.24156779050827026,-0.07361783456491855,0.01029956340789795,-0.17548245191574097,-0.05640826743530658,-0.07856644690036774,-0.2148914933204651,-0.04428464916037944,-0.07579290866851807,-0.28895115852355957,-0.08271944147037891,-0.05310554802417755,-0.22148966789245605,-0.07674242180275348,-0.04243303835391998,-0.17227721214294434,-0.06497671079325107,-1.4504116449332145,-1.5284025848092997,1.2805002316328629,1.2233551430974967,0.8675123160143853,0.15250898448843314,0.20837385177968912,0.27243839027463707,0.3057355571672888,0.3338330170374853,0.3895912380060365,0.4087138642457636,0.06616132243721803,0.11100111476141283,0.05282992381758279,T
0.0,0.0,0.0,0.09389391541481018,-0.0757933259010315,-0.014928875307863243,0.1322242021560669,-0.22022557258605957,-0.015498735758786686,0.13284462690353394,-0.3381831645965576,-0.020528537038093098,0.15811213850975037,-0.4057772159576416,-0.025659055265908726,0.09700992703437805,-0.2941095232963562,0.007086672071988098,0.102833092212677,-0.4060862064361572,-0.01620566547227431,0.10722571611404419,-0.4780160188674927,-0.03206418343198825,0.1093183159828186,-0.5443280041217804,-0.04611122496736575,0.03865903615951538,-0.28836917877197266,-0.005970437362169512,0.040950238704681396,-0.39072877168655396,-0.052582996714239605,0.052356839179992676,-0.29593586921691895,-0.06971110292089511,0.05803859233856201,-0.22343933582305908,-0.07126667239082385,-0.018000513315200806,-0.25959837436676025,-0.022750637310867794,-0.015116259455680847,-0.3468692898750305,-0.07590489723098803,0.005215704441070557,-0.24176210165023804,-0.07125317193878222,0.013318270444869995,-0.1749790906906128,-0.054716086763268,-0.07536175847053528,-0.2141140103340149,-0.04039890952718783,-0.07129839062690735,-0.28646165132522583,-0.07806694396150637,-0.04919537901878357,-0.22043824195861816,-0.07287607230556536,-0.038500964641571045,-0.17132914066314697,-0.06172270216358233,-1.432172399380157,-1.5216453779475378,1.280744556742503,1.2163161158379232,0.8596418426312044,0.1468916540096604,0.20799475275893464,0.2724574074162145,0.3059781239567384,0.32496022448841044,0.3816210536593498,0.40122149975511573,0.06594166018968747,0.10970578153189778,0.051947620351146404,T
0.0,0.0,0.0,0.09593832492828369,-0.07959622144699097,-0.013593137583871595,0.13466724753379822,-0.22227120399475098,-0.013391841522594206,0.13737323880195618,-0.3397902846336365,-0.01809176927729439,0.16381415724754333,-0.4083848297595978,-0.022588136925538294,0.09789642691612244,-0.29969024658203125,0.012368539028624781,0.10424536466598511,-0.411702036857605,-0.010527707024653665,0.11014783382415771,-0.48268911242485046,-0.026264258979995958,0.11329728364944458,-0.5483218729496002,-0.04004371850117039,0.040216803550720215,-0.29481518268585205,-0.0014158548723806064,0.045215219259262085,-0.40100955963134766,-0.04790361536963772,0.05595102906227112,-0.30276355147361755,-0.06473093791230511,0.05950826406478882,-0.22858291864395142,-0.06565726114734005,-0.01639716327190399,-0.2669510841369629,-0.01915266303642582,-0.010122209787368774,-0.3559061288833618,-0.07332768602593731,0.00792020559310913,-0.24763280153274536,-0.06729140444024395,0.01268845796585083,-0.1824202537536621,-0.049174781277020685,-0.07475584745407104,-0.22298574447631836,-0.03765530450566601,-0.06785686314105988,-0.2959827780723572,-0.07589006735308956,-0.04732115566730499,-0.22742611169815063,-0.06923324926122021,-0.040051624178886414,-0.1803499460220337,-0.05668431831820797,-1.4154499942497696,-1.5089328979398242,1.287367978111812,1.2394024759803188,0.8875954802403323,0.14877610888474968,0.20786641526107816,0.27184364365002694,0.3058776962084898,0.32423179598606344,0.37948139708771106,0.398646744046566,0.06575017774056052,0.11062816546901502,0.05278070138542375,T
0.0,0.0,0.0,0.09209936857223511,-0.08381867408752441,-0.014879280513447668,0.12631186842918396,-0.22894138097763062,-0.01592123675934687,0.12814098596572876,-0.3442159593105316,-0.02165759522311106,0.15721037983894348,-0.4107164144515991,-0.02703527342371359,0.08805423974990845,-0.3046276271343231,0.007369005774783943,0.09548208117485046,-0.4161909818649292,-0.0175024995564641,0.10128778219223022,-0.4863690733909607,-0.0337641349046649,0.10463708639144897,-0.5527431070804596,-0.04770361985854521,0.030286192893981934,-0.29750919342041016,-0.005837212594521191,0.032985538244247437,-0.401039719581604,-0.056067604383748915,0.046335846185684204,-0.29839441180229187,-0.07331828009180441,0.05129915475845337,-0.22320759296417236,-0.07338062655023947,-0.026001304388046265,-0.26873302459716797,-0.02274772133521452,-0.022520720958709717,-0.35887807607650757,-0.0791311709194602,-0.0014453530311584473,-0.24864625930786133,-0.07222515325836554,0.004751056432723999,-0.18143898248672485,-0.05248559992603674,-0.08395275473594666,-0.22420543432235718,-0.040528025290292646,-0.07988429069519043,-0.2986012101173401,-0.0804967133312644,-0.05671451985836029,-0.2297024130821228,-0.07361473124317541,-0.04780969023704529,-0.18135493993759155,-0.059973779877942945,-1.4024235161656626,-1.5040603816353757,1.2951872287563044,1.2320875367812238,0.8701060737992691,0.15144481702260126,0.2153526079100365,0.2753397648395338,0.30763601077442654,0.33382419027801424,0.384504839919129,0.40145882777460123,0.06254072496348685,0.10758349186424998,0.052560813860077625,T
0.0,0.0,0.0,0.09151655435562134,-0.08076059818267822,-0.015450133232203456,0.1262800693511963,-0.22752785682678223,-0.016443546151545974,0.1285514235496521,-0.34451037645339966,-0.02166038866880271,0.16058412194252014,-0.4061807692050934,-0.02652891468050811,0.08802464604377747,-0.30328357219696045,0.005298334418061046,0.09678679704666138,-0.4157835841178894,-0.01874620210173461,0.10335695743560791,-0.4845227301120758,-0.03382174413445327,0.10829675197601318,-0.5500204861164093,-0.04686316590550277,0.02997949719429016,-0.2959367036819458,-0.007064934110072585,0.033057332038879395,-0.4017859697341919,-0.056581788917807074,0.04738295078277588,-0.299421489238739,-0.07261158641221854,0.053036630153656006,-0.22346597909927368,-0.07169167067649695,-0.025919288396835327,-0.267497718334198,-0.022939239850071402,-0.02077522873878479,-0.35671108961105347,-0.07896647717597816,0.0007349252700805664,-0.24678051471710205,-0.07172486301305625,0.006446182727813721,-0.1795421838760376,-0.051549435814646216,-0.08313566446304321,-0.22392988204956055,-0.039624140819338294,-0.07667800784111023,-0.2998729348182678,-0.07930620129945609,-0.053496479988098145,-0.2297230362892151,-0.07203555222394797,-0.04589855670928955,-0.18013912439346313,-0.057943352719572516,-1.381090234581388,-1.488819639406844,1.262765272580222,1.2181984059126343,0.8661039156567859,0.15304846689575782,0.2120168802560059,0.27408676120037656,0.3061534284837812,0.3311971121809884,0.3842235168324428,0.40073484371910656,0.06403100481917297,0.1080064235974156,0.05234814308759747,T
0.0,0.0,0.0,0.09151655435562134,-0.08076059818267822,-0.015450133232203456,0.1262800693511963,-0.22752785682678223,-0.016443546151545974,0.1285514235496521,-0.34451037645339966,-0.02166038866880271,0.16058412194252014,-0.4061807692050934,-0.02652891468050811,0.08802464604377747,-0.30328357219696045,0.005298334418061046,0.09678679704666138,-0.4157835841178894,-0.01874620210173461,0.10335695743560791,-0.4845227301120758,-0.03382174413445327,0.10829675197601318,-0.5500204861164093,-0.04686316590550277,0.02997949719429016,-0.2959367036819458,-0.007064934110072585,0.033057332038879395,-0.4017859697341919,-0.056581788917807074,0.04738295078277588,-0.299421489238739,-0.07261158641221854,0.053036630153656006,-0.22346597909927368,-0.07169167067649695,-0.025919288396835327,-0.267497718334198,-0.022939239850071402,-0.02077522873878479,-0.35671108961105347,-0.07896647717597816,0.0007349252700805664,-0.24678051471710205,-0.07172486301305625,0.006446182727813721,-0.1795421838760376,-0.051549435814646216,-0.08313566446304321,-0.22392988204956055,-0.039624140819338294,-0.07667800784111023,-0.2998729348182678,-0.07930620129945609,-0.053496479988098145,-0.2297230362892151,-0.07203555222394797,-0.04589855670928955,-0.18013912439346313,-0.057943352719572516,-1.381090234581388,-1.488819639406844,1.262765272580222,1.2181984059126343,0.8661039156567859,0.15304846689575782,0.2120168802560059,0.27408676120037656,0.3061534284837812,0.3311971121809884,0.3842235168324428,0.40073484371910656,0.06403100481917297,0.1080064235974156,0.05234814308759747,T
0.0,0.0,0.0,0.09535390138626099,-0.07639998197555542,-0.013836014494422955,0.13430047035217285,-0.22004097700119019,-0.01403818134230761,0.13805752992630005,-0.34151217341423035,-0.019042409435037655,0.16634491086006165,-0.40984106063842773,-0.024139446616295857,0.09949752688407898,-0.2997828423976898,0.01097745314228149,0.1063210666179657,-0.4105396866798401,-0.012051002532366795,0.11255693435668945,-0.4797278344631195,-0.027833148315671963,0.11829838156700134,-0.5457069873809814,-0.04235411569488434,0.04147788882255554,-0.2950376868247986,-0.0028128008731940213,0.04248508810997009,-0.39648687839508057,-0.050163609385613483,0.051227569580078125,-0.29830875992774963,-0.06675100833189873,0.05548712611198425,-0.2266809344291687,-0.06792574137461571,-0.015790536999702454,-0.2670063376426697,-0.020607184097293896,-0.013823062181472778,-0.35302484035491943,-0.07559912413370995,0.00461927056312561,-0.24626374244689941,-0.06996622443211464,0.012270867824554443,-0.18255865573883057,-0.05253972247255234,-0.07475322484970093,-0.22295117378234863,-0.03923045605433373,-0.07046164572238922,-0.29149550199508667,-0.07956181973231224,-0.0494072288274765,-0.22235459089279175,-0.07483129709971337,-0.03914323449134827,-0.1758441925048828,-0.06361134111893563,-1.403541003425636,-1.4944949333977375,1.3686524403675637,1.24998203105935,0.9235052694254053,0.1441111342912888,0.21409596042952972,0.2745835069960535,0.3114159793206986,0.32515054401591925,0.37831011676253434,0.401978046043094,0.06176099462600738,0.10742103833697193,0.05185068884277381,T
0.0,0.0,0.0,0.09636110067367554,-0.07684141397476196,-0.01253748072001315,0.13735392689704895,-0.21909141540527344,-0.011291508950918683,0.14351215958595276,-0.33861044049263,-0.015078855135172375,0.17293819785118103,-0.40282246470451355,-0.018711891413360604,0.10204833745956421,-0.297492653131485,0.013850345819562904,0.11006200313568115,-0.407717764377594,-0.008895437621205815,0.1147817075252533,-0.47709810733795166,-0.023779437333971032,0.11926493048667908,-0.5425573587417603,-0.03751403132143594,0.04404491186141968,-0.29398664832115173,-0.0003328070840069586,0.04564902186393738,-0.39483213424682617,-0.04837606886091805,0.05162510275840759,-0.29617059230804443,-0.06448032745781518,0.056932032108306885,-0.22488129138946533,-0.06440186539354897,-0.012745410203933716,-0.2671557068824768,-0.018628543630867966,-0.01190650463104248,-0.35111990571022034,-0.07517121025982476,0.005554467439651489,-0.24247878789901733,-0.06962678620281793,0.015580475330352783,-0.17898279428482056,-0.05127674380007363,-0.0708819329738617,-0.223349928855896,-0.03752387726369477,-0.06797149777412415,-0.29026561975479126,-0.07908812949123956,-0.04779669642448425,-0.2191934585571289,-0.07449205258551217,-0.03557834029197693,-0.17272937297821045,-0.06268744209471322,-1.379488989703102,-1.500658310434267,1.386428976577879,1.2599564361044187,0.961806602542381,0.14968854412139185,0.2124158460452026,0.2736158820144378,0.31051888435226604,0.3237336466737251,0.37807000695786175,0.4009353782835291,0.06177882553452636,0.10619788884725241,0.051539593458985414,T
0.0,0.0,0.0,0.09636110067367554,-0.07684141397476196,-0.01253748072001315,0.13735392689704895,-0.21909141540527344,-0.011291508950918683,0.14351215958595276,-0.33861044049263,-0.015078855135172375,0.17293819785118103,-0.40282246470451355,-0.018711891413360604,0.10204833745956421,-0.297492653131485,0.013850345819562904,0.11006200313568115,-0.407717764377594,-0.008895437621205815,0.1147817075252533,-0.47709810733795166,-0.023779437333971032,0.11926493048667908,-0.5425573587417603,-0.03751403132143594,0.04404491186141968,-0.29398664832115173,-0.0003328070840069586,0.04564902186393738,-0.39483213424682617,-0.04837606886091805,0.05162510275840759,-0.29617059230804443,-0.06448032745781518,0.056932032108306885,-0.22488129138946533,-0.06440186539354897,-0.012745410203933716,-0.2671557068824768,-0.018628543630867966,-0.01190650463104248,-0.35111990571022034,-0.07517121025982476,0.005554467439651489,-0.24247878789901733,-0.06962678620281793,0.015580475330352783,-0.17898279428482056,-0.05127674380007363,-0.0708819329738617,-0.223349928855896,-0.03752387726369477,-0.06797149777412415,-0.29026561975479126,-0.07908812949123956,-0.04779669642448425,-0.2191934585571289,-0.07449205258551217,-0.03557834029197693,-0.17272937297821045,-0.06268744209471322,-1.379488989703102,-1.500658310434267,1.386428976577879,1.2599564361044187,0.961806602542381,0.14968854412139185,0.2124158460452026,0.2736158820144378,0.31051888435226604,0.3237336466737251,0.37807000695786175,0.4009353782835291,0.06177882553452636,0.10619788884725241,0.051539593458985414,T
0.0,0.0,0.0,0.09515398740768433,-0.07723104953765869,-0.013695673713904455,0.1336495578289032,-0.22059696912765503,-0.012989027122479513,0.13906314969062805,-0.3419874906539917,-0.01693673308424337,0.17180490493774414,-0.40584707260131836,-0.020705793681067064,0.0972835123538971,-0.2980058491230011,0.012888964568752215,0.10652893781661987,-0.407465398311615,-0.010059437411349847,0.11101987957954407,-0.4769394099712372,-0.024807481723350122,0.11556077003479004,-0.5428072512149811,-0.03843731309704168,0.03967475891113281,-0.29428279399871826,-0.0007182527794284965,0.0416988730430603,-0.3977140784263611,-0.049758865194839075,0.04914218187332153,-0.2992889881134033,-0.06604193400077207,0.05491816997528076,-0.22712022066116333,-0.06557178746394499,-0.01699523627758026,-0.26762980222702026,-0.01847375619642122,-0.015372708439826965,-0.35151657462120056,-0.07631962995461805,0.0015487968921661377,-0.24144452810287476,-0.0703339601629196,0.010602623224258423,-0.17763042449951172,-0.05088442440561636,-0.07493513822555542,-0.22404330968856812,-0.03684659551314695,-0.07147267460823059,-0.2925935387611389,-0.07937868933610304,-0.050320133566856384,-0.22063976526260376,-0.07461701582602842,-0.03789132833480835,-0.17381054162979126,-0.06221009294919355,-1.3676702215622674,-1.4962730218541227,1.347614374340559,1.2732544031341324,0.9353801677252142,0.14805908697836853,0.21355513670858695,0.2794083286168432,0.31275143797270893,0.32145890281941897,0.37996095503601557,0.3996324788836986,0.06643122464597408,0.10703048563375925,0.048644165559206566,T
0.0,0.0,0.0,0.08992239832878113,-0.07832145690917969,-0.017114121122688175,0.12590324878692627,-0.2221904993057251,-0.0186633147582711,0.12992820143699646,-0.34525516629219055,-0.024334262712329746,0.16393932700157166,-0.4109511375427246,-0.029531068755716205,0.0925670862197876,-0.29952797293663025,0.008228393615752339,0.10148411989212036,-0.41077834367752075,-0.01607166568788898,0.1062680184841156,-0.481572687625885,-0.03166217136237037,0.11104342341423035,-0.548521488904953,-0.04572048190090072,0.034148186445236206,-0.29495370388031006,-0.003780908072769762,0.034010469913482666,-0.3981512188911438,-0.053811555384129406,0.043695688247680664,-0.30088138580322266,-0.07014027389737976,0.04988974332809448,-0.22952520847320557,-0.06969175639602554,-0.022828519344329834,-0.2668105959892273,-0.019999749614328266,-0.023168817162513733,-0.35132071375846863,-0.07764607074710739,-0.0029108822345733643,-0.24451452493667603,-0.07180635782930267,0.0070774853229522705,-0.1812008023262024,-0.05270521867129219,-0.08025963604450226,-0.22216200828552246,-0.037225717334479214,-0.07904055714607239,-0.2905192971229553,-0.07887630316469085,-0.05561178922653198,-0.22161626815795898,-0.0742675453707875,-0.04202692210674286,-0.17555618286132812,-0.062239421187371136,-1.3719547544550588,-1.4967279842456649,1.3346918899763565,1.234719186046325,0.8837742417568544,0.14738920649168405,0.21429576588171692,0.2781921169028925,0.3127824810650446,0.3248051716296517,0.38175044606638536,0.40315462317840894,0.06456111573508765,0.10658953565034095,0.04942777112034019,T
0.0,0.0,0.0,0.08771197497844696,-0.07531929016113281,-0.018259281518062664,0.12385125458240509,-0.21941912174224854,-0.020366950186094357,0.1282576471567154,-0.33945733308792114,-0.026128376128276898,0.15995003283023834,-0.4043392837047577,-0.03124498598476322,0.08935476839542389,-0.3015638589859009,0.002989641398066567,0.10023923218250275,-0.4127458930015564,-0.023022340836128308,0.10521756112575531,-0.4817828834056854,-0.039105259107550694,0.10913796722888947,-0.5464240908622742,-0.05284393973847301,0.030158832669258118,-0.29668644070625305,-0.008152908871075226,0.02893848717212677,-0.39763084053993225,-0.059598271029194905,0.03971360623836517,-0.2966740131378174,-0.07494726799627216,0.046072348952293396,-0.22407954931259155,-0.07330612860818775,-0.027017176151275635,-0.2686491012573242,-0.023339761646589352,-0.02675054967403412,-0.3521444499492645,-0.08147885672946842,-0.005395367741584778,-0.24262762069702148,-0.07405932270189197,0.003961279988288879,-0.17789077758789062,-0.05363502748509319,-0.08470499515533447,-0.2243952751159668,-0.039686303811272694,-0.08220778405666351,-0.28840798139572144,-0.08170503400464924,-0.05851639807224274,-0.21777194738388062,-0.07627404503723056,-0.04646646976470947,-0.17244356870651245,-0.06326480977435978,-1.3780080754721156,-1.4901775975129208,1.3550343741285098,1.2418669339887995,0.9362897542470345,0.1508971783555426,0.21321749161018533,0.274975302410503,0.310456752508425,0.32845589608878145,0.38324788131430293,0.40506070133251765,0.06250395797649679,0.105970314063372,0.0507211004390519,T
0.0,0.0,0.0,0.08771197497844696,-0.07531929016113281,-0.018259281518062664,0.12385125458240509,-0.21941912174224854,-0.020366950186094357,0.1282576471567154,-0.33945733308792114,-0.026128376128276898,0.15995003283023834,-0.4043392837047577,-0.03124498598476322,0.08935476839542389,-0.3015638589859009,0.002989641398066567,0.10023923218250275,-0.4127458930015564,-0.023022340836128308,0.10521756112575531,-0.4817828834056854,-0.039105259107550694,0.10913796722888947,-0.5464240908622742,-0.05284393973847301,0.030158832669258118,-0.29668644070625305,-0.008152908871075226,0.02893848717212677,-0.39763084053993225,-0.059598271029194905,0.03971360623836517,-0.2966740131378174,-0.07494726799627216,0.046072348952293396,-0.22407954931259155,-0.07330612860818775,-0.027017176151275635,-0.2686491012573242,-0.023339761646589352,-0.02675054967403412,-0.3521444499492645,-0.08147885672946842,-0.005395367741584778,-0.24262762069702148,-0.07405932270189197,0.003961279988288879,-0.17789077758789062,-0.05363502748509319,-0.08470499515533447,-0.2243952751159668,-0.039686303811272694,-0.08220778405666351,-0.28840798139572144,-0.08170503400464924,-0.05851639807224274,-0.21777194738388062,-0.07627404503723056,-0.04646646976470947,-0.17244356870651245,-0.06326480977435978,-1.3780080754721156,-1.4901775975129208,1.3550343741285098,1.2418669339887995,0.9362897542470345,0.1508971783555426,0.21321749161018533,0.274975302410503,0.310456752508425,0.32845589608878145,0.38324788131430293,0.40506070133251765,0.06250395797649679,0.105970314063372,0.0507211004390519,T
0.0,0.0,0.0,0.09521931409835815,-0.07322388887405396,-0.019175167454605457,0.13867071270942688,-0.21389180421829224,-0.01877053946090257,0.14138615131378174,-0.3327252268791199,-0.02223697237504041,0.1662818193435669,-0.4007132649421692,-0.025006567387109158,0.09840208292007446,-0.29717475175857544,0.012458044776494148,0.10775354504585266,-0.40864282846450806,-0.011417587546830532,0.11346223950386047,-0.48278626799583435,-0.02819148570132768,0.11772352457046509,-0.5505269765853882,-0.04303242571485555,0.04066312313079834,-0.29173702001571655,0.0013036176998042492,0.044556111097335815,-0.3941885828971863,-0.048373739494209644,0.0539630651473999,-0.30073949694633484,-0.06783613867891347,0.06108647584915161,-0.2295767068862915,-0.06981998987329519,-0.01602645218372345,-0.2634126543998718,-0.01462428577077901,-0.013253509998321533,-0.3496650755405426,-0.07293425060642278,0.006126835942268372,-0.24403321743011475,-0.07100574977529561,0.016366660594940186,-0.17845165729522705,-0.054679955614929554,-0.07480764389038086,-0.22015225887298584,-0.03167441420090711,-0.07043473422527313,-0.2835899591445923,-0.07439895279539144,-0.04966177046298981,-0.21548187732696533,-0.07201742686164891,-0.037818893790245056,-0.16919201612472534,-0.061711999846821186,-1.4240644493937655,-1.4946805020592202,1.2533484839149365,1.2065396899032539,0.9429407483251813,0.1574866857470466,0.20088250744183977,0.2680947165768643,0.30864087505662524,0.32590923722377574,0.3856335788022464,0.4118370988376757,0.06792372613497878,0.11588176311169787,0.0549710401815021,T
0.0,0.0,0.0,0.09220296144485474,-0.0713379979133606,-0.020424727882790705,0.13318324089050293,-0.21305888891220093,-0.02155674860959067,0.13582178950309753,-0.3291264474391937,-0.02606293984835162,0.1620844304561615,-0.3971971869468689,-0.030655095886039874,0.09520742297172546,-0.291265070438385,0.005341574948680261,0.10353696346282959,-0.4006669521331787,-0.020135202046084544,0.1073087751865387,-0.4774783253669739,-0.037968846570301196,0.11023527383804321,-0.5446376800537109,-0.05339467019920363,0.036334455013275146,-0.28314101696014404,-0.006328512515473506,0.03834056854248047,-0.39104634523391724,-0.05730853096728339,0.04939931631088257,-0.3031155467033386,-0.07838751987700476,0.05728903412818909,-0.228257417678833,-0.08137291536812796,-0.02162441611289978,-0.2510182857513428,-0.022301391299414774,-0.023276418447494507,-0.34553518891334534,-0.08043873177056327,-0.0021766722202301025,-0.24397724866867065,-0.08007386938815131,0.010698199272155762,-0.17421287298202515,-0.06496975437884345,-0.08045189082622528,-0.20299279689788818,-0.0393464849997045,-0.08256796002388,-0.27770674228668213,-0.0813820125270368,-0.06014600396156311,-0.21483826637268066,-0.07935715333704962,-0.045446425676345825,-0.16448116302490234,-0.0696223513889791,-1.4151127168344408,-1.5115544608365048,1.2060770485571362,1.1724564370389892,0.833053934819397,0.156291503446601,0.198803221130529,0.26951770863241853,0.31181052586008184,0.320779947502661,0.38356507519224253,0.41079893987590005,0.07135487862835611,0.12092140157528865,0.05698179612207279,T
0.0,0.0,0.0,0.09220296144485474,-0.0713379979133606,-0.020424727882790705,0.13318324089050293,-0.21305888891220093,-0.02155674860959067,0.13582178950309753,-0.3291264474391937,-0.02606293984835162,0.1620844304561615,-0.3971971869468689,-0.030655095886039874,0.09520742297172546,-0.291265070438385,0.005341574948680261,0.10353696346282959,-0.4006669521331787,-0.020135202046084544,0.1073087751865387,-0.4774783253669739,-0.037968846570301196,0.11023527383804321,-0.5446376800537109,-0.05339467019920363,0.036334455013275146,-0.28314101696014404,-0.006328512515473506,0.03834056854248047,-0.39104634523391724,-0.05730853096728339,0.04939931631088257,-0.3031155467033386,-0.07838751987700476,0.05728903412818909,-0.228257417678833,-0.08137291536812796,-0.02162441611289978,-0.2510182857513428,-0.022301391299414774,-0.023276418447494507,-0.34553518891334534,-0.08043873177056327,-0.0021766722202301025,-0.24397724866867065,-0.08007386938815131,0.010698199272155762,-0.17421287298202515,-0.06496975437884345,-0.08045189082622528,-0.20299279689788818,-0.0393464849997045,-0.08256796002388,-0.27770674228668213,-0.0813820125270368,-0.06014600396156311,-0.21483826637268066,-0.07935715333704962,-0.045446425676345825,-0.16448116302490234,-0.0696223513889791,-1.4151127168344408,-1.5115544608365048,1.2060770485571362,1.1724564370389892,0.833053934819397,0.156291503446601,0.198803221130529,0.26951770863241853,0.31181052586008184,0.320779947502661,0.38356507519224253,0.41079893987590005,0.07135487862835611,0.12092140157528865,0.05698179612207279,T
0.0,0.0,0.0,0.09194660186767578,-0.07617610692977905,-0.018670751167991995,0.12920039892196655,-0.22191458940505981,-0.0187677409635576,0.13022944331169128,-0.3440382480621338,-0.022536678625801443,0.15871566534042358,-0.4130687713623047,-0.025877628861525892,0.08973217010498047,-0.30109304189682007,0.010735124894818426,0.09618902206420898,-0.41392624378204346,-0.012404683432141184,0.09938004612922668,-0.4885157346725464,-0.027234468995192884,0.10372558236122131,-0.5560814738273621,-0.04064922445879304,0.031090527772903442,-0.29470592737197876,-0.00026802172262208046,0.03154951333999634,-0.40072256326675415,-0.05217907988891923,0.04206237196922302,-0.303105890750885,-0.07055079230532968,0.05053967237472534,-0.22644513845443726,-0.06998644062743509,-0.025523722171783447,-0.2668435573577881,-0.015533381527820467,-0.025777161121368408,-0.35044726729393005,-0.07550480255351388,-0.005290210247039795,-0.24207830429077148,-0.0711233098195585,0.0058722347021102905,-0.17409664392471313,-0.05154134744272554,-0.08347772061824799,-0.2243005633354187,-0.031652175276139616,-0.08233228325843811,-0.28892481327056885,-0.07514851578936899,-0.06019549071788788,-0.21769243478775024,-0.07085569986567819,-0.047218576073646545,-0.16978847980499268,-0.05812938177452409,-1.4176005831802319,-1.5159727033519328,1.2932273590152312,1.2443921031153475,0.983838961934658,0.15322056745887144,0.21570912315858423,0.2836702169444959,0.3187384696690992,0.33389946783303354,0.39431927156030616,0.41473656240603723,0.06881529530391849,0.11298961062422194,0.053265321428765125,T
0.0,0.0,0.0,0.08817282319068909,-0.07612651586532593,-0.01757760832592936,0.12513956427574158,-0.2260282039642334,-0.018860093527884203,0.12833192944526672,-0.3482881188392639,-0.02375189515337439,0.159776508808136,-0.4147387146949768,-0.028036699840278345,0.08785760402679443,-0.30857789516448975,0.0025746645634612264,0.0965958833694458,-0.4235314726829529,-0.022906624922008234,0.10060203075408936,-0.4955693483352661,-0.03834063673898669,0.10302349925041199,-0.5621109008789062,-0.05167672152206393,0.028629690408706665,-0.3007209300994873,-0.008930937597007471,0.027661055326461792,-0.4060863256454468,-0.06038484463974925,0.04077631235122681,-0.3066375255584717,-0.07649310792371722,0.04855874180793762,-0.23249268531799316,-0.075361595699043,-0.028200507164001465,-0.27081364393234253,-0.02415318156167956,-0.028818994760513306,-0.35644644498825073,-0.08209684605285616,-0.005666255950927734,-0.2479228377342224,-0.07542903090402575,0.005016446113586426,-0.18194764852523804,-0.05559398720547648,-0.08543232083320618,-0.2253127098083496,-0.040377375879735666,-0.08434233069419861,-0.29085052013397217,-0.08233431840822192,-0.06003798544406891,-0.22123467922210693,-0.07728561128065081,-0.04764275252819061,-0.17555660009384155,-0.0646392565457532,-1.3892713978875988,-1.5110492932847843,1.2866085611644584,1.2130895378529423,0.9212454020672234,0.1579223396308764,0.21350177263944858,0.2795395454916256,0.31659253610655125,0.3340876798578902,0.39259327669317434,0.4148789544920826,0.06671380860597965,0.11178750070180463,0.05304560963592169,T
0.0,0.0,0.0,0.09290812909603119,-0.07717752456665039,-0.01758563827911086,0.13239695131778717,-0.2230396270751953,-0.018342563251048993,0.13437797129154205,-0.34257620573043823,-0.02285594988802142,0.16365312039852142,-0.40814632177352905,-0.026875519493610334,0.09446285665035248,-0.3036031126976013,0.00781770299932294,0.1007576733827591,-0.4152514338493347,-0.016204950699598264,0.1050688773393631,-0.4875384569168091,-0.03171055142024226,0.10883460938930511,-0.5541592240333557,-0.04545849684813685,0.035597339272499084,-0.29729944467544556,-0.003975346518696021,0.03783266246318817,-0.40082335472106934,-0.05483038474062152,0.04883982241153717,-0.30196982622146606,-0.07226925838926501,0.056037917733192444,-0.22705501317977905,-0.07180361945369906,-0.021035954356193542,-0.2691163420677185,-0.019845229873449277,-0.019195720553398132,-0.35134533047676086,-0.07844342787006564,0.0010254532098770142,-0.24268144369125366,-0.07347704220750995,0.010607585310935974,-0.17753618955612183,-0.05436168734172053,-0.07884478569030762,-0.22570955753326416,-0.03656068939903445,-0.07511439919471741,-0.29070085287094116,-0.07898468274810977,-0.053481996059417725,-0.21934735774993896,-0.07414193947056003,-0.04248766601085663,-0.17287057638168335,-0.06156260270813174,-1.4035193334927554,-1.513499690968098,1.2876239606711901,1.2381106942797109,0.9681194344324526,0.15596421633055854,0.21065396719002616,0.2767742200631688,0.31280776875129784,0.33133767580516976,0.38922160571855746,0.41021879998401284,0.06720140621346848,0.11244218000035598,0.05329984670913991,T
0.0,0.0,0.0,0.09290812909603119,-0.07717752456665039,-0.01758563827911086,0.13239695131778717,-0.2230396270751953,-0.018342563251048993,0.13437797129154205,-0.34257620573043823,-0.02285594988802142,0.16365312039852142,-0.40814632177352905,-0.026875519493610334,0.09446285665035248,-0.3036031126976013,0.00781770299932294,0.1007576733827591,-0.4152514338493347,-0.016204950699598264,0.1050688773393631,-0.4875384569168091,-0.03171055142024226,0.10883460938930511,-0.5541592240333557,-0.04545849684813685,0.035597339272499084,-0.29729944467544556,-0.003975346518696021,0.03783266246318817,-0.40082335472106934,-0.05483038474062152,0.04883982241153717,-0.30196982622146606,-0.07226925838926501,0.056037917733192444,-0.22705501317977905,-0.07180361945369906,-0.021035954356193542,-0.2691163420677185,-0.019845229873449277,-0.019195720553398132,-0.35134533047676086,-0.07844342787006564,0.0010254532098770142,-0.24268144369125366,-0.07347704220750995,0.010607585310935974,-0.17753618955612183,-0.05436168734172053,-0.07884478569030762,-0.22570955753326416,-0.03656068939903445,-0.07511439919471741,-0.29070085287094116,-0.07898468274810977,-0.053481996059417725,-0.21934735774993896,-0.07414193947056003,-0.04248766601085663,-0.17287057638168335,-0.06156260270813174,-1.4035193334927554,-1.513499690968098,1.2876239606711901,1.2381106942797109,0.9681194344324526,0.15596421633055854,0.21065396719002616,0.2767742200631688,0.31280776875129784,0.33133767580516976,0.38922160571855746,0.41021879998401284,0.06720140621346848,0.11244218000035598,0.05329984670913991,T
0.0,0.0,0.0,0.0960344672203064,-0.0723416805267334,-0.014478567315180157,0.13911980390548706,-0.215406596660614,-0.013391657991249417,0.1446639895439148,-0.33625468611717224,-0.016621775252659177,0.17413854598999023,-0.40000560879707336,-0.019636814741332387,0.10401847958564758,-0.2970408797264099,0.010437621476214076,0.11307835578918457,-0.4088361859321594,-0.012410822583277081,0.11717537045478821,-0.47969934344291687,-0.02705104954345927,0.12069180607795715,-0.5439658164978027,-0.04019173167451129,0.04564961791038513,-0.29299771785736084,-0.0024329519624899376,0.04823163151741028,-0.3934019207954407,-0.049243352634746884,0.05488428473472595,-0.296553373336792,-0.0649388053248714,0.060641348361968994,-0.2243371605873108,-0.0648537718485187,-0.011323899030685425,-0.2658017873764038,-0.019364104865033482,-0.008733302354812622,-0.34715813398361206,-0.07473286174042926,0.00768125057220459,-0.23883771896362305,-0.06963769279225573,0.01735326647758484,-0.17501795291900635,-0.051930788231928204,-0.06956888735294342,-0.2216625213623047,-0.03702388264044032,-0.06690545380115509,-0.2889389395713806,-0.07778026096328006,-0.04633517563343048,-0.2182610034942627,-0.07351684503062472,-0.033333033323287964,-0.17080771923065186,-0.06216321445806727,-1.3833223252694418,-1.5033748047575224,1.3558245938821807,1.264831455543215,0.9517066978845029,0.15356137342594214,0.2091435334067017,0.27422813343873126,0.3091538917827939,0.3252207483403347,0.38314668184142725,0.4036961935770757,0.06562196490702246,0.10815075360385773,0.05086085975693405,T
0.0,0.0,0.0,0.0876660943031311,-0.07507169246673584,-0.016867516090446344,0.12426719069480896,-0.221016526222229,-0.01830553588765227,0.12931931018829346,-0.3395918607711792,-0.023471982677751413,0.1618446707725525,-0.40362483263015747,-0.0284745949258145,0.08784109354019165,-0.29958319664001465,0.0034936305663499923,0.09795179963111877,-0.40987247228622437,-0.02092476514475905,0.10246545076370239,-0.48037201166152954,-0.03644980815547072,0.10543996095657349,-0.5461650788784027,-0.04990885732071959,0.029848337173461914,-0.2930251359939575,-0.007763779715919128,0.03158262372016907,-0.3926449418067932,-0.057956672733002534,0.04322078824043274,-0.2940415143966675,-0.07469678250449263,0.04911205172538757,-0.2205764651298523,-0.07430700538056456,-0.026380300521850586,-0.26545631885528564,-0.02253923890488707,-0.025327786803245544,-0.34998229146003723,-0.07875605252879225,-0.003418967127799988,-0.24224817752838135,-0.07296683964627348,0.005855202674865723,-0.1747491955757141,-0.054152410005503526,-0.08346526324748993,-0.22233635187149048,-0.03822765452163779,-0.08135119080543518,-0.2905094623565674,-0.07921605882542693,-0.05722995102405548,-0.2202228307723999,-0.07432137755053603,-0.04480163753032684,-0.17055141925811768,-0.06190597963827216,-1.3678475014974627,-1.4995458513262165,1.310914828588056,1.2293366414349554,0.9294624341631155,0.1532945305284412,0.21497755287880638,0.276977925825284,0.3114898276928195,0.33042514849971616,0.3845346310172109,0.40454685663003526,0.06301820074047873,0.1064062321675194,0.05083047103447879,T
0.0,0.0,0.0,0.08833274245262146,-0.07361388206481934,-0.01629336354326938,0.12630406022071838,-0.22067773342132568,-0.017030395465013726,0.1304805874824524,-0.34042882919311523,-0.021551333265421135,0.1626969277858734,-0.4039387106895447,-0.02573702846657966,0.08992055058479309,-0.3021792769432068,0.003894901005509155,0.10108485817909241,-0.4142962098121643,-0.019947733627674324,0.10559579730033875,-0.4846815764904022,-0.034663669662592156,0.10735714435577393,-0.5500131845474243,-0.04751483340751861,0.03069072961807251,-0.2956477999687195,-0.007420748835471613,0.03249964118003845,-0.39697712659835815,-0.05742231373679374,0.0450209379196167,-0.2949134111404419,-0.07357198734771941,0.05115616321563721,-0.22054225206375122,-0.0726010276843283,-0.02590465545654297,-0.2678394913673401,-0.022164245965001328,-0.024362891912460327,-0.35301700234413147,-0.07904687513601516,-0.002182602882385254,-0.24217009544372559,-0.07271575917494033,0.006950467824935913,-0.17487668991088867,-0.05321015779864524,-0.08285756409168243,-0.2250727415084839,-0.03769747530114387,-0.08037152886390686,-0.29466909170150757,-0.07941548516046737,-0.056417420506477356,-0.22266769409179688,-0.07425080974590514,-0.04442480206489563,-0.1734868288040161,-0.06143929054033492,-1.3747617847877773,-1.5005561045141018,1.3047660933310368,1.2310759836772012,0.9304872349667587,0.15620577307816338,0.2146522843982687,0.27699525113901385,0.30985073961660403,0.33422992928936673,0.38834120345407064,0.4059678014678733,0.06355695927050335,0.10653606798690875,0.05139406648777102,T
0.0,0.0,0.0,0.08833274245262146,-0.07361388206481934,-0.01629336354326938,0.12630406022071838,-0.22067773342132568,-0.017030395465013726,0.1304805874824524,-0.34042882919311523,-0.021551333265421135,0.1626969277858734,-0.4039387106895447,-0.02573702846657966,0.08992055058479309,-0.3021792769432068,0.003894901005509155,0.10108485817909241,-0.4142962098121643,-0.019947733627674324,0.10559579730033875,-0.4846815764904022,-0.034663669662592156,0.10735714435577393,-0.5500131845474243,-0.04751483340751861,0.03069072961807251,-0.2956477999687195,-0.007420748835471613,0.03249964118003845,-0.39697712659835815,-0.05742231373679374,0.0450209379196167,-0.2949134111404419,-0.07357198734771941,0.05115616321563721,-0.22054225206375122,-0.0726010276843283,-0.02590465545654297,-0.2678394913673401,-0.022164245965001328,-0.024362891912460327,-0.35301700234413147,-0.07904687513601516,-0.002182602882385254,-0.24217009544372559,-0.07271575917494033,0.006950467824935913,-0.17487668991088867,-0.05321015779864524,-0.08285756409168243,-0.2250727415084839,-0.03769747530114387,-0.08037152886390686,-0.29466909170150757,-0.07941548516046737,-0.056417420506477356,-0.22266769409179688,-0.07425080974590514,-0.04442480206489563,-0.1734868288040161,-0.06143929054033492,-1.3747617847877773,-1.5005561045141018,1.3047660933310368,1.2310759836772012,0.9304872349667587,0.15620577307816338,0.2146522843982687,0.27699525113901385,0.30985073961660403,0.33422992928936673,0.38834120345407064,0.4059678014678733,0.06355695927050335,0.10653606798690875,0.05139406648777102,T
0.0,0.0,0.0,0.08824105560779572,-0.08156663179397583,-0.01625774658558754,0.12257100641727448,-0.2330155372619629,-0.01664425662992386,0.12552611529827118,-0.35403597354888916,-0.021215824850777665,0.159436896443367,-0.41624101996421814,-0.025695538588742295,0.08546577394008636,-0.30975353717803955,0.006233029558380565,0.09652610123157501,-0.421580970287323,-0.017752945863584557,0.10188831388950348,-0.49382781982421875,-0.032758495279530564,0.10606332123279572,-0.5617152750492096,-0.046293156661967316,0.026062801480293274,-0.30378544330596924,-0.005775419969985762,0.02627749741077423,-0.4078599810600281,-0.057414951243380585,0.039365753531455994,-0.30517417192459106,-0.07448496527312187,0.04669328033924103,-0.22833317518234253,-0.0737311751329699,-0.030608221888542175,-0.27502262592315674,-0.02135907902655987,-0.031080737709999084,-0.3642738461494446,-0.07930285341380028,-0.008115753531455994,-0.2537292242050171,-0.07307781136868385,0.002126172184944153,-0.18391823768615723,-0.053338410773257294,-0.08770929276943207,-0.22982925176620483,-0.03783832348225502,-0.0870559960603714,-0.301801860332489,-0.08026348657248406,-0.06160368025302887,-0.22967934608459473,-0.07531969107029823,-0.04779715836048126,-0.17819452285766602,-0.06253626055357842,-1.3722423464920168,-1.4892289939117522,1.3038956793723573,1.2258548626403387,0.9127552994173912,0.15495643717926555,0.21913575952546857,0.2805718074435292,0.31561382773120716,0.3386272674598785,0.3918335518973521,0.41323263973485996,0.06291989988888128,0.10696881537439201,0.05025037158256341,T
0.0,0.0,0.0,0.08887211978435516,-0.08571380376815796,-0.017284656689671607,0.12279243767261505,-0.2340964674949646,-0.019705216215161414,0.12558938562870026,-0.3529231548309326,-0.026140880585817428,0.15881751477718353,-0.4170071482658386,-0.03215027302613649,0.0865161269903183,-0.31034916639328003,0.004379282424988418,0.09484560787677765,-0.42248135805130005,-0.021099594236520858,0.09835182130336761,-0.49476364254951477,-0.03749146014562044,0.10057850182056427,-0.5632432699203491,-0.05178595781436357,0.0277584046125412,-0.3030305504798889,-0.007751158719120355,0.027171000838279724,-0.4062769114971161,-0.05977051407208833,0.03936000168323517,-0.3061014413833618,-0.0775768727075139,0.04694606363773346,-0.23175764083862305,-0.07771142274251375,-0.028564825654029846,-0.2741280198097229,-0.023679469526914687,-0.03033246099948883,-0.36249175667762756,-0.08134011626353654,-0.006967857480049133,-0.2548592686653137,-0.07592857331147584,0.00511835515499115,-0.1867935061454773,-0.05714251920690927,-0.08536016941070557,-0.22928088903427124,-0.04065333753934297,-0.08580087125301361,-0.30046695470809937,-0.08225202262511644,-0.06095176935195923,-0.2305128574371338,-0.07752604484668169,-0.04649776220321655,-0.18040543794631958,-0.06523944139590654,-1.3763308640730247,-1.5152477480507636,1.307817310464825,1.2026953456475715,0.8990310844290875,0.15740643540438257,0.2164084138430675,0.2768063450986808,0.31326463619064954,0.33579630836735364,0.3883646022072165,0.4101173405621471,0.06141116026929166,0.10662456250642297,0.05200991238651879,T
0.0,0.0,0.0,0.08971793949604034,-0.08540242910385132,-0.01683789048257056,0.12425057590007782,-0.23318243026733398,-0.0188457791126031,0.1275254637002945,-0.3521009683609009,-0.024886454678203496,0.15940631926059723,-0.41853129863739014,-0.03063515875401679,0.08680887520313263,-0.3069393038749695,0.005987658874068824,0.09444878995418549,-0.41856855154037476,-0.0186504453784484,0.09882049262523651,-0.4915006458759308,-0.035031684896971615,0.10237272083759308,-0.5603869557380676,-0.04966587316158,0.029297038912773132,-0.3003702163696289,-0.006597080024953517,0.030217662453651428,-0.4055898189544678,-0.056851678750540646,0.043152377009391785,-0.3077808618545532,-0.07464213412168208,0.050840869545936584,-0.2341984510421753,-0.07527793686750117,-0.026712611317634583,-0.27166301012039185,-0.023019598088290127,-0.026347294449806213,-0.36022570729255676,-0.08007217686536494,-0.0035628527402877808,-0.2525867819786072,-0.07477850209834758,0.007479965686798096,-0.18611717224121094,-0.0563511524713296,-0.08386126160621643,-0.22709959745407104,-0.04039026167156878,-0.08222270011901855,-0.2975956201553345,-0.0818168569720048,-0.058128565549850464,-0.22790992259979248,-0.07690831761720363,-0.044951021671295166,-0.17922747135162354,-0.06472915898921672,-1.383349654527156,-1.5094648215372108,1.25604501982407,1.1905495485734274,0.8883019122626686,0.1528916570665041,0.21392768772252743,0.27766516356707444,0.31468753478072453,0.3302339659897019,0.3861120379098439,0.4086402300857872,0.06474548134516814,0.11044408101438943,0.0528817209789216,T
0.0,0.0,0.0,0.08721408247947693,-0.08261620998382568,-0.017430986187047637,0.11982634663581848,-0.2320185899734497,-0.018462627104110396,0.12268432974815369,-0.35017135739326477,-0.023694646454043067,0.15515020489692688,-0.41462045907974243,-0.02865495616812197,0.08244878053665161,-0.30449241399765015,0.0076838765269151565,0.09298548102378845,-0.4143970310688019,-0.017769080496019996,0.09857681393623352,-0.4861116409301758,-0.034515484145469344,0.10247582197189331,-0.5527420938014984,-0.04883395033199278,0.023957550525665283,-0.2981439232826233,-0.004312607369012511,0.023987025022506714,-0.4028003215789795,-0.057278181335515654,0.038686662912368774,-0.304490327835083,-0.07625180008131949,0.04737117886543274,-0.2280682921409607,-0.0763648700924584,-0.0322418212890625,-0.26963526010513306,-0.020253433755225814,-0.03192189335823059,-0.3596321642398834,-0.0793076482625672,-0.008945450186729431,-0.25215309858322144,-0.07468951018769232,0.0020763427019119263,-0.18253779411315918,-0.05553726004678694,-0.088833749294281,-0.22500193119049072,-0.03725422816593138,-0.08629059791564941,-0.29199302196502686,-0.08054727586228339,-0.06088927388191223,-0.22221583127975464,-0.07675678553301779,-0.04678495228290558,-0.17204129695892334,-0.0644041699381539,-1.379709202013009,-1.490297676709608,1.2483384727875781,1.195455525282925,0.8997471874915396,0.14782481724914548,0.21544843801209743,0.27801793227288374,0.31563025457088595,0.3293168674340818,0.38357695309470446,0.4089154869257383,0.06422342589538362,0.10956459839725204,0.049976020250738586,T
0.0,0.0,0.0,0.0872812271118164,-0.07881778478622437,-0.01856259479754563,0.12035638093948364,-0.22822701930999756,-0.019763064008289533,0.12403282523155212,-0.3467205762863159,-0.024611266698771672,0.15699324011802673,-0.41061532497406006,-0.029231228303247647,0.08212921023368835,-0.3019598126411438,0.004516816329127593,0.09279149770736694,-0.4124394655227661,-0.020653104778462605,0.09784179925918579,-0.4843309223651886,-0.03661071732276078,0.1017729640007019,-0.5505990982055664,-0.05032766088479157,0.023698002099990845,-0.29570508003234863,-0.006462380658918576,0.02485254406929016,-0.3999861478805542,-0.0592375121974289,0.03896224498748779,-0.30186522006988525,-0.07741318866246338,0.04686543345451355,-0.22466284036636353,-0.0768764339350998,-0.032256126403808594,-0.26764851808547974,-0.021263329681092458,-0.031123504042625427,-0.3552795350551605,-0.08015737160676117,-0.008531928062438965,-0.2474573850631714,-0.07538391127818223,0.0019439607858657837,-0.17745602130889893,-0.05610265060895081,-0.08822642266750336,-0.22371268272399902,-0.0371214732491314,-0.0854412317276001,-0.2887231707572937,-0.08048956319325562,-0.06027497351169586,-0.21856063604354858,-0.07687853499882813,-0.04661448299884796,-0.1685349941253662,-0.06463055535786744,-1.3725616269727063,-1.4919550634379755,1.2555627504912223,1.2083573565240788,0.9246481341851327,0.15048167882703659,0.21611677475913746,0.28000632119122826,0.3163210260109988,0.33052879009990027,0.3862662109462593,0.40986804468468907,0.0651645798900313,0.10903591107419833,0.04937111694910836,T
0.0,0.0,0.0,0.08628436923027039,-0.08198297023773193,-0.017262760260319254,0.11881262063980103,-0.23183411359786987,-0.01790327363572075,0.12190365791320801,-0.349687397480011,-0.0225435250338073,0.15488040447235107,-0.41012686491012573,-0.02716095157823517,0.08061546087265015,-0.3069978952407837,0.004133049222463825,0.09316480159759521,-0.41649794578552246,-0.02086396672687485,0.098818838596344,-0.487929105758667,-0.03674042382202103,0.10278916358947754,-0.5536595284938812,-0.05044368811807587,0.021618515253067017,-0.3002431392669678,-0.007454633423304102,0.02168560028076172,-0.4035337269306183,-0.05952354305348351,0.036416053771972656,-0.304471492767334,-0.07707327761611893,0.044444918632507324,-0.22668516635894775,-0.07652459450921967,-0.03422647714614868,-0.2704378366470337,-0.022678374954676173,-0.03407658636569977,-0.35782310366630554,-0.08008933969697907,-0.0099964439868927,-0.2507404685020447,-0.07477845408878281,0.0004974007606506348,-0.18042618036270142,-0.055805274927234194,-0.09027573466300964,-0.22405964136123657,-0.03899051406345322,-0.08845211565494537,-0.29171085357666016,-0.0810057536598201,-0.062049850821495056,-0.22256028652191162,-0.07697178580722763,-0.04793241620063782,-0.17195993661880493,-0.06487395026645615,-1.3711947346516604,-1.4811420879381956,1.2699000630650539,1.202616271686254,0.8883374847574479,0.15269290386971193,0.21411878315557367,0.2767607564605254,0.3128202774134968,0.33213895347150346,0.38699707608693823,0.4103797912324971,0.06380656794169451,0.10737049297170254,0.04916425992563062,T
0.0,0.0,0.0,0.089205801486969,-0.08394622802734375,-0.01784037389178983,0.12279689311981201,-0.23201030492782593,-0.019363164532382404,0.12318721413612366,-0.35070663690567017,-0.024818224463064587,0.1524507701396942,-0.41753506660461426,-0.029899065944750225,0.08305996656417847,-0.3112941384315491,0.006382863406639183,0.09081706404685974,-0.42390477657318115,-0.018991302329499637,0.09304165840148926,-0.4966210722923279,-0.03559819385727159,0.09387940168380737,-0.564197301864624,-0.04963737130482904,0.024464309215545654,-0.304415225982666,-0.005180882851977264,0.024778425693511963,-0.40853410959243774,-0.05699312463720552,0.03778699040412903,-0.3099610209465027,-0.07524660006483308,0.04619428515434265,-0.234177827835083,-0.07521232739408723,-0.031813234090805054,-0.2758132815361023,-0.020709450918633854,-0.032194584608078,-0.36506906151771545,-0.07863333598097078,-0.010372787714004517,-0.2565973401069641,-0.07343242094238511,0.0008109509944915771,-0.18658369779586792,-0.05420603007395974,-0.08893132209777832,-0.2306133508682251,-0.037343369427521145,-0.0884307324886322,-0.30150431394577026,-0.07946581915338746,-0.06392233073711395,-0.23106008768081665,-0.07465356365164033,-0.04978114366531372,-0.17963683605194092,-0.06177172959168664,-1.4122991817361013,-1.5280414572904768,1.2707573111755261,1.2202738302523832,0.9158717412440746,0.15792535089167195,0.2119205455132398,0.27628458065013933,0.312239195267553,0.3334467327432727,0.3889135771498662,0.41051809236143866,0.06576357832154833,0.11039022928595492,0.051066808497848545,T
0.0,0.0,0.0,0.08786806464195251,-0.08442097902297974,-0.018619599486131122,0.12200918793678284,-0.23206228017807007,-0.020570422256726673,0.12226521968841553,-0.3501507043838501,-0.026181409800786426,0.1515192985534668,-0.41771766543388367,-0.03138699635340636,0.08363497257232666,-0.30990445613861084,0.006149023571621726,0.09001225233078003,-0.4199165999889374,-0.018863229746360233,0.09273287653923035,-0.49251747131347656,-0.03548316165282195,0.09493300318717957,-0.5597954988479614,-0.04967775076105063,0.025634944438934326,-0.3017770051956177,-0.005188425736863067,0.025663375854492188,-0.4060932993888855,-0.056774361724395206,0.039301156997680664,-0.3102273941040039,-0.07568666964246695,0.048648327589035034,-0.23456335067749023,-0.07621659963800376,-0.030368119478225708,-0.2727200984954834,-0.02054179712607329,-0.03142368793487549,-0.358211874961853,-0.07866828023864691,-0.008362576365470886,-0.2522059679031372,-0.0749824854679293,0.003945857286453247,-0.18279993534088135,-0.056767726982373645,-0.08726552128791809,-0.22829121351242065,-0.03691957398726409,-0.08678866922855377,-0.2966514825820923,-0.07859278350545829,-0.06262454390525818,-0.22756803035736084,-0.0743520173378176,-0.048553988337516785,-0.17709970474243164,-0.06214249759389823,-1.413164039827611,-1.5256152679475692,1.2409157062933631,1.2062476520445242,0.9233326242840264,0.1529317480803745,0.2100665125169859,0.2774243328899565,0.31293181866770114,0.3285090887613382,0.3878199525851924,0.4087108850555247,0.06839416655288287,0.11291749565782516,0.0528083934561182,T
0.0,0.0,0.0,0.08992899954319,-0.08884286880493164,-0.015616819302398,0.12222771346569061,-0.23873668909072876,-0.016274724195557866,0.12262575328350067,-0.357028603553772,-0.021855149458009038,0.1534663289785385,-0.42128217220306396,-0.026784088502484593,0.08372680842876434,-0.31566500663757324,0.010838389356774059,0.09036459028720856,-0.42660748958587646,-0.014556709716874394,0.09428329765796661,-0.49844101071357727,-0.03169533986862305,0.09606067836284637,-0.5664362907409668,-0.046497371087628636,0.024960830807685852,-0.30839866399765015,-0.002181695348429713,0.022738859057426453,-0.41032475233078003,-0.05576910827572945,0.036475881934165955,-0.30799800157546997,-0.07518959421928528,0.04406370222568512,-0.23278290033340454,-0.07568419356163147,-0.0309859961271286,-0.2786690592765808,-0.019183920736271176,-0.03527428209781647,-0.3654071092605591,-0.07822756845768097,-0.011497005820274353,-0.2568596601486206,-0.07392534990127686,0.0006033033132553101,-0.18947815895080566,-0.05524951968606118,-0.08767563104629517,-0.2326151728630066,-0.03720178086574677,-0.09031431376934052,-0.2975406050682068,-0.07935630161579255,-0.06431126594543457,-0.22805839776992798,-0.07548404861505631,-0.04846470057964325,-0.18017470836639404,-0.06356875229890946,-1.4013102065214196,-1.5216521872987425,1.323343146565638,1.230405864687881,0.928754225609662,0.15609332737540854,0.21794703539120674,0.2776692369986243,0.31449793292830774,0.3376807226625021,0.38885671342293526,0.4124143488980216,0.06135231780333406,0.10643837272216691,0.049942198578057186,T
0.0,0.0,0.0,0.09386450052261353,-0.0914430022239685,-0.01600733417524225,0.1287781000137329,-0.23957502841949463,-0.01759126428021318,0.12892401218414307,-0.3595331907272339,-0.02419251221670038,0.15719589591026306,-0.4272632598876953,-0.03015910852207071,0.08962178230285645,-0.31917113065719604,0.012116592196093734,0.09161221981048584,-0.4303340017795563,-0.01297552063567764,0.09519246220588684,-0.5020477175712585,-0.03078425880028135,0.09847551584243774,-0.5703476369380951,-0.046355553152693574,0.03161877393722534,-0.31146150827407837,-0.0013557964188066762,0.029596418142318726,-0.4168110191822052,-0.05380459147943384,0.04220223426818848,-0.31984150409698486,-0.07468458283199197,0.05056992173194885,-0.24571698904037476,-0.07707202452672846,-0.0240619033575058,-0.2814345359802246,-0.019011900010241334,-0.02865038812160492,-0.37416014075279236,-0.0768905060316456,-0.004302099347114563,-0.26966148614883423,-0.0748150573994053,0.00978463888168335,-0.20070481300354004,-0.05838140490902788,-0.08096766471862793,-0.23422282934188843,-0.03774194437517053,-0.08437184989452362,-0.30775731801986694,-0.07886189985526926,-0.05923846364021301,-0.24104344844818115,-0.07623649406684763,-0.04249046742916107,-0.19071149826049805,-0.06588217634214288,-1.4205281048058518,-1.5355618636139743,1.2901498272808616,1.1737996611155603,0.8467216425056873,0.15466486993241493,0.2105425059887984,0.27029392992316087,0.30956643815610063,0.32814631416728207,0.3801340407571784,0.4049629689610698,0.06074154499802552,0.10810106404079622,0.053221735027745826,T
0.0,0.0,0.0,0.08599691092967987,-0.08525645732879639,-0.01978950002342117,0.11712034046649933,-0.23670333623886108,-0.021091524372991444,0.11771534383296967,-0.3565685749053955,-0.02612758600264442,0.14954866468906403,-0.423117458820343,-0.03043936179130924,0.07811890542507172,-0.31691235303878784,0.008588973571363567,0.0876769870519638,-0.42597252130508423,-0.01687768646627319,0.09231559932231903,-0.4989411234855652,-0.03359497883468521,0.09453095495700836,-0.5667983591556549,-0.04782776334434402,0.019337192177772522,-0.3101181983947754,-0.0020467474602128277,0.01704828441143036,-0.4140452444553375,-0.05592453652172935,0.03136874735355377,-0.311818391084671,-0.07457954981475723,0.04029481112957001,-0.23415887355804443,-0.07372277029901397,-0.0369291752576828,-0.2805085778236389,-0.017057871307429195,-0.038995981216430664,-0.368394672870636,-0.07754051485210312,-0.015533700585365295,-0.2587665915489197,-0.07260045954137695,-0.003965452313423157,-0.18936318159103394,-0.05243941568880928,-0.09391418099403381,-0.2347213625907898,-0.03330624275952232,-0.09244754910469055,-0.3015822172164917,-0.07742392816692245,-0.06658133864402771,-0.22966569662094116,-0.07336663254648101,-0.052119866013526917,-0.17937541007995605,-0.06033430793434036,-1.3985613745578924,-1.5052123742002947,1.3015881878731963,1.2237712116243578,0.9240094408251992,0.1538543125990512,0.21826990507609775,0.27965630020088944,0.31635483653629043,0.337032026187295,0.3900754484819824,0.41424993031000445,0.06297320810349784,0.10743230623103035,0.04917929583227315,T
0.0,0.0,0.0,0.08858491480350494,-0.08636748790740967,-0.020285230669726317,0.12124742567539215,-0.23704266548156738,-0.02220555448864836,0.1209450215101242,-0.3560296595096588,-0.027829763087977355,0.1521332710981369,-0.4214479327201843,-0.03263060243760485,0.08061037957668304,-0.3164742588996887,0.005770652946482713,0.0883350819349289,-0.4248253107070923,-0.020057062226880973,0.0936761349439621,-0.4957968592643738,-0.03698296340142626,0.09713856875896454,-0.5631665289402008,-0.05159054191743273,0.02188025414943695,-0.30849313735961914,-0.00481714734767813,0.019481733441352844,-0.40855124592781067,-0.05860716344748873,0.03523103892803192,-0.3057851195335388,-0.07704720141326327,0.04393915832042694,-0.23113888502120972,-0.07686929644976992,-0.034181758761405945,-0.2784551978111267,-0.01970606723760504,-0.03639252483844757,-0.3625944256782532,-0.08018055053388018,-0.011408999562263489,-0.25297707319259644,-0.07509381564294237,-0.0006534606218338013,-0.18576037883758545,-0.055451950598110145,-0.09126247465610504,-0.23345381021499634,-0.0358973169509067,-0.08922362327575684,-0.2983936071395874,-0.0797975757900371,-0.062475547194480896,-0.22669899463653564,-0.0755522573176517,-0.04864338040351868,-0.17783719301223755,-0.06287811191712755,-1.4048476923368804,-1.5038970904595497,1.2930024339804689,1.2237310513778896,0.9169436621855582,0.15201505780660757,0.21891436607917356,0.28087792445265836,0.3156856922466874,0.3362625961914354,0.38987008495868564,0.4119843125997615,0.06362161965548266,0.1068297563770985,0.048639585465704196,T
0.0,0.0,0.0,0.08737587928771973,-0.08479166030883789,-0.020557472836866708,0.1195162832736969,-0.2340267300605774,-0.023514917474880548,0.11874276399612427,-0.35208502411842346,-0.03004851041425738,0.14969274401664734,-0.4190868139266968,-0.03564331902255091,0.08023285865783691,-0.31430718302726746,0.0059276927442404315,0.08659946918487549,-0.4245380163192749,-0.020897431653633447,0.09183159470558167,-0.49558693170547485,-0.03856850264658007,0.09484180808067322,-0.5618547797203064,-0.05325690878619227,0.02120572328567505,-0.30706584453582764,-0.00495251024205956,0.02050679922103882,-0.4096703827381134,-0.059539785963192315,0.03547006845474243,-0.30668532848358154,-0.07864313421834979,0.04358530044555664,-0.23120737075805664,-0.07831076381792101,-0.035183265805244446,-0.2778187394142151,-0.02017442358721766,-0.0370057076215744,-0.36574727296829224,-0.08118251560319933,-0.013690173625946045,-0.2555502653121948,-0.07585619239200625,-0.002917855978012085,-0.1882684826850891,-0.05552145687927279,-0.09207215905189514,-0.23284047842025757,-0.03662945924390826,-0.0905413031578064,-0.2991636395454407,-0.08047613350738558,-0.06516937911510468,-0.22694331407546997,-0.0753288104950336,-0.05208700895309448,-0.17830216884613037,-0.06165214104641947,-1.4091559118206456,-1.5118499857059338,1.2839168799133693,1.2249707201477464,0.938162089565518,0.1529422022526733,0.2157718117515596,0.2767076024757731,0.3141533288302137,0.33459668054001673,0.38616534444374034,0.41073188649451053,0.06329527364896793,0.10932589434810454,0.050169044398151286,T
0.0,0.0,0.0,0.09009623527526855,-0.09053695201873779,-0.01581496479245459,0.12222534418106079,-0.23778492212295532,-0.017731106973016608,0.1225799024105072,-0.35506361722946167,-0.024515916726315368,0.15255239605903625,-0.4212028384208679,-0.030919294005954612,0.08338883519172668,-0.3135806918144226,0.009029219725405824,0.0886731743812561,-0.4268336594104767,-0.01670548985036646,0.0918792188167572,-0.49948954582214355,-0.03439697170885836,0.0929376482963562,-0.5688154399394989,-0.04964021513494288,0.024556487798690796,-0.30613458156585693,-0.004244673664445031,0.024010300636291504,-0.41002681851387024,-0.057121533102119315,0.03898480534553528,-0.3063265383243561,-0.07676501492294108,0.04660937190055847,-0.2304341197013855,-0.07797334263356959,-0.03203977644443512,-0.27656763792037964,-0.021341872534478057,-0.03418993949890137,-0.36971741914749146,-0.07975780884059702,-0.010283946990966797,-0.259086012840271,-0.07453276137145792,0.0005317777395248413,-0.18900859355926514,-0.055576860106313575,-0.09020315110683441,-0.23055708408355713,-0.03944912845524584,-0.09125308692455292,-0.3028574585914612,-0.08161995480092799,-0.06515035033226013,-0.23279601335525513,-0.07668088296684061,-0.05072663724422455,-0.18208837509155273,-0.0640304006102923,-1.4069348440689837,-1.5334018814217887,1.287323859534546,1.214662500631931,0.8872917442294834,0.1591961000712835,0.21821234706064827,0.2775327651667394,0.3138440567447066,0.3415380316742106,0.39088628201903475,0.4125496935228447,0.06196143074381367,0.10868122974144366,0.05172344275362122,T
0.0,0.0,0.0,0.08625432848930359,-0.08824211359024048,-0.01814033582571639,0.11720222234725952,-0.2393466830253601,-0.019388226119314567,0.11722016334533691,-0.3573296368122101,-0.02480576865140094,0.14853593707084656,-0.4190913438796997,-0.029706773606573478,0.07794418931007385,-0.31889858841896057,0.0060861801938365545,0.08812576532363892,-0.4274609684944153,-0.019605272707973853,0.09236088395118713,-0.4983677864074707,-0.0360583768016447,0.09513488411903381,-0.5650056600570679,-0.05019956387344493,0.018633216619491577,-0.31175652146339417,-0.005534076855962411,0.015972226858139038,-0.413135290145874,-0.05861066214505328,0.02985405921936035,-0.3116782605648041,-0.07619564540449275,0.03955617547035217,-0.23549377918243408,-0.07543764568630351,-0.037229686975479126,-0.2809705138206482,-0.02123157426479949,-0.03994268178939819,-0.3671870827674866,-0.07937681235138072,-0.01608946919441223,-0.26074284315109253,-0.07345933772388591,-0.0040559470653533936,-0.19167429208755493,-0.05379716984692706,-0.09360350668430328,-0.23334962129592896,-0.038246999753152267,-0.0946480929851532,-0.3015339970588684,-0.07984996147218837,-0.06766435503959656,-0.23313689231872559,-0.07518743283811702,-0.05172757804393768,-0.18317800760269165,-0.0625737936026205,-1.3982071532510139,-1.501059126837899,1.3030311563726762,1.2150957704427812,0.8752792574298647,0.15537908521378055,0.21350563037369114,0.27386638813491976,0.3094520604544072,0.33416623481823216,0.3862837445467224,0.4090977132316803,0.06182365794198591,0.10521246889813683,0.04842283810565058,T
0.0,0.0,0.0,0.0872349739074707,-0.08805477619171143,-0.017856235997633974,0.11711788177490234,-0.2412988543510437,-0.019387896554427186,0.11767134070396423,-0.36167317628860474,-0.02516968679602627,0.15062084794044495,-0.4259077310562134,-0.03064085674460415,0.07876282930374146,-0.3173668682575226,0.006053160028649529,0.08690619468688965,-0.4288278818130493,-0.019518019081907312,0.09083420038223267,-0.5025867223739624,-0.036212607668595354,0.0938386619091034,-0.5714011788368225,-0.05087485854502205,0.019428491592407227,-0.309548020362854,-0.006022608755039016,0.017489194869995117,-0.41495612263679504,-0.05887116436834816,0.03198063373565674,-0.31445151567459106,-0.0771031448709536,0.04044002294540405,-0.2371230125427246,-0.07725860868568901,-0.03696414828300476,-0.2777244448661804,-0.022073188247041742,-0.039121419191360474,-0.3685421347618103,-0.07985510622139458,-0.014416933059692383,-0.26231086254119873,-0.07447586153622154,-0.002658277750015259,-0.19249272346496582,-0.055652543352799455,-0.09387700259685516,-0.22939389944076538,-0.03941039686079506,-0.0961441844701767,-0.30109483003616333,-0.08073733692045693,-0.0691433846950531,-0.23442810773849487,-0.07657480184908394,-0.05356043577194214,-0.18473577499389648,-0.06487435792561058,-1.391269434428186,-1.5115201946939953,1.2884334634111478,1.1881356002603602,0.8364461364642127,0.1561811768350678,0.21858518737738158,0.27924372175799056,0.31599669145318976,0.3385163321083934,0.3910029116462714,0.4138074776103007,0.06204293856674663,0.10761277292714305,0.05148980424192774,T
0.0,0.0,0.0,0.09290516376495361,-0.09006315469741821,-0.015981790720577038,0.12786179780960083,-0.23746401071548462,-0.016996701358909405,0.1258649230003357,-0.3569159507751465,-0.022537560313100613,0.15194088220596313,-0.4254884123802185,-0.027622102870697773,0.08699190616607666,-0.3157775402069092,0.010830000863318645,0.09063538908958435,-0.4278342127799988,-0.01320038746958474,0.09298819303512573,-0.5006351470947266,-0.029514568968767918,0.09461280703544617,-0.5696347653865814,-0.0439358606181095,0.029356420040130615,-0.30797356367111206,-0.002098327613527573,0.02835172414779663,-0.4118383824825287,-0.05267646454190711,0.040950119495391846,-0.3120408058166504,-0.0713629453620861,0.04951852560043335,-0.23735040426254272,-0.07215532205914954,-0.02660432457923889,-0.2786920666694641,-0.01909230381166438,-0.029203444719314575,-0.3657958209514618,-0.07692577235316733,-0.006112247705459595,-0.25678396224975586,-0.07269703887319068,0.0062271058559417725,-0.18896549940109253,-0.05440470866775016,-0.08476999402046204,-0.233265221118927,-0.03692793391561011,-0.08594411611557007,-0.30574965476989746,-0.07838049076413611,-0.06179201602935791,-0.23513692617416382,-0.07354707561349372,-0.0474579781293869,-0.18469113111495972,-0.06115291558122138,-1.4434259968816192,-1.540784918936696,1.2927053506899633,1.2200227954892642,0.91578227004584,0.1551279448964352,0.21421075890607583,0.2778049549275809,0.3126391468894716,0.33533027132328913,0.39079549925622675,0.41032390810626207,0.06492492619899803,0.11035144459449363,0.05385497624878588,T
0.0,0.0,0.0,0.0908719003200531,-0.08969509601593018,-0.017769848371625763,0.12389087677001953,-0.239454984664917,-0.019716787527085167,0.12215197086334229,-0.3586212396621704,-0.026024791787148338,0.14853644371032715,-0.4273287057876587,-0.03144575227308355,0.08226662874221802,-0.32106366753578186,0.006244241350560564,0.08732518553733826,-0.43487226963043213,-0.020624352062822204,0.0903339684009552,-0.507773756980896,-0.03834281806159101,0.09080034494400024,-0.576829731464386,-0.05325469691562734,0.023455888032913208,-0.3119111657142639,-0.006112329571277719,0.02146589756011963,-0.41442856192588806,-0.059912271241427284,0.03661614656448364,-0.3125688433647156,-0.07884262074041448,0.045509397983551025,-0.2383785843849182,-0.07931595612573705,-0.032399266958236694,-0.2805209755897522,-0.022536830420375686,-0.03589096665382385,-0.3686022162437439,-0.08197046388197027,-0.011508971452713013,-0.25876474380493164,-0.0768669428329476,0.0009939968585968018,-0.1906624436378479,-0.05772031788039289,-0.0890769362449646,-0.2325264811515808,-0.04021188188600622,-0.0917135626077652,-0.3003960847854614,-0.0827052326898583,-0.0647866427898407,-0.23060184717178345,-0.07837232519197546,-0.048307716846466064,-0.18173253536224365,-0.06608361322689138,-1.4403595798610893,-1.5374433812160342,1.2794176927025023,1.2149918783528137,0.8944480983654175,0.16026232800988674,0.21521319785110202,0.2788901096542483,0.31474609206936643,0.3414680787950489,0.396472387870506,0.4188709195239924,0.06525680826633953,0.10959208869671141,0.050103914378685915,T
0.0,0.0,0.0,0.0897810161113739,-0.09284263849258423,-0.01715748796796035,0.12028595805168152,-0.2459978461265564,-0.018560434157006256,0.1188315749168396,-0.36597856879234314,-0.024808934355132095,0.14919865131378174,-0.43249064683914185,-0.030227432424180023,0.08108007907867432,-0.3246918022632599,0.01109079418147374,0.08694681525230408,-0.4363524317741394,-0.014883935848228447,0.09067261219024658,-0.5094133019447327,-0.032545527840010635,0.09282264113426208,-0.5777433514595032,-0.04764484095012378,0.021799206733703613,-0.31670087575912476,-0.0016596548268346112,0.018868207931518555,-0.4189684987068176,-0.05581610875760745,0.03298872709274292,-0.3161567449569702,-0.07540740298663806,0.04183739423751831,-0.2396937608718872,-0.07590860354339313,-0.03447076678276062,-0.28537964820861816,-0.01874641554986667,-0.03797487914562225,-0.37444111704826355,-0.07833804416095447,-0.01468995213508606,-0.2651929259300232,-0.07362449395095538,-0.002833843231201172,-0.19558531045913696,-0.05440341534649562,-0.09154276549816132,-0.23667985200881958,-0.03707945945297908,-0.09416766464710236,-0.30470144748687744,-0.0797349907699747,-0.06732676923274994,-0.23540067672729492,-0.07592978554403018,-0.05043633282184601,-0.185724675655365,-0.06380968021785449,-1.416986990017059,-1.524425757303512,1.3162295547852119,1.2320504187467751,0.8919727465088838,0.15580950780774336,0.22067414610612207,0.28149248267563654,0.3174075793441375,0.34187281421250315,0.39394787891597755,0.41737486244165073,0.06277798065246105,0.10689762796495673,0.04861305518027857,T
0.0,0.0,0.0,0.09516891837120056,-0.08863425254821777,-0.01749611247208449,0.12992116808891296,-0.23765838146209717,-0.018708673975137202,0.12963661551475525,-0.35645338892936707,-0.02461179319646689,0.1591087281703949,-0.4215979278087616,-0.02999730009463164,0.08962646126747131,-0.3116787075996399,0.012484567501875432,0.09259086847305298,-0.4233247637748718,-0.012476525007453887,0.09524750709533691,-0.49639788269996643,-0.02976081494119498,0.09935060143470764,-0.564007967710495,-0.04480681169655654,0.031037837266921997,-0.30541956424713135,-0.00035283670871066874,0.031767189502716064,-0.41255512833595276,-0.05391947898891303,0.04328426718711853,-0.31350064277648926,-0.07450279194739196,0.05163973569869995,-0.23455190658569336,-0.075385767704514,-0.02523854374885559,-0.2775658965110779,-0.01750616889324519,-0.02519470453262329,-0.3689969778060913,-0.07753854591276976,-0.006616652011871338,-0.2592018246650696,-0.07358877707150313,0.0027981996536254883,-0.18717658519744873,-0.054299212730196444,-0.08322840929031372,-0.23305600881576538,-0.03577960256364676,-0.08198551833629608,-0.3017648458480835,-0.07895649570849272,-0.059381335973739624,-0.23104339838027954,-0.07494993109133574,-0.046028584241867065,-0.17961937189102173,-0.06232731390621993,-1.4134282061781902,-1.5322778824928536,1.2878846068180771,1.270028597998083,0.9626600625222572,0.15443980437624155,0.2157215761074022,0.28175582903798513,0.3172301033441825,0.3328928099571218,0.38900418652810065,0.41096192064965137,0.06804349138515584,0.11205661108562165,0.0494081602423726,T
0.0,0.0,0.0,0.08957722783088684,-0.08720076084136963,-0.018404339970579997,0.12416940927505493,-0.23416942358016968,-0.02042011317752923,0.1258355677127838,-0.35213446617126465,-0.026485070185295,0.1556386649608612,-0.41956835985183716,-0.03208506998561944,0.08605444431304932,-0.31094789505004883,0.006875750543990478,0.09218335151672363,-0.42192426323890686,-0.01917802688621606,0.09506356716156006,-0.495183527469635,-0.03674367588900651,0.09656515717506409,-0.5642082989215851,-0.05161611136936273,0.027129828929901123,-0.30317777395248413,-0.00507869298525776,0.027537792921066284,-0.40832430124282837,-0.05812189129137124,0.04098847508430481,-0.3090459704399109,-0.0775086559071454,0.04869571328163147,-0.23271393775939941,-0.07806283009194459,-0.02961234748363495,-0.2734428644180298,-0.021115276561609164,-0.030709803104400635,-0.3622109293937683,-0.08027759713076676,-0.00852113962173462,-0.25398916006088257,-0.0760023869290265,0.0020759999752044678,-0.18465560674667358,-0.05713726726316537,-0.08740106225013733,-0.22804546356201172,-0.0382644995763215,-0.08709925413131714,-0.29571962356567383,-0.08052785468243684,-0.06268221139907837,-0.2262275218963623,-0.07599022758149232,-0.04918976128101349,-0.17675673961639404,-0.06344818097495164,-1.4026607636595336,-1.529318525928204,1.2737928126889948,1.227986037291006,0.9304878391806128,0.15623825170622918,0.21529368306888372,0.28065190832941894,0.31766675482033707,0.33493282183296413,0.39113737607848587,0.4139603931080385,0.06695521524498425,0.11275093859640273,0.051870708295928915,T
0.0,0.0,0.0,0.08605603873729706,-0.08691614866256714,-0.016714767171698064,0.11606572568416595,-0.2398909330368042,-0.01725680622335002,0.11739788949489594,-0.36022019386291504,-0.02245486396427676,0.15101994574069977,-0.42202091217041016,-0.027187906755762548,0.07804103195667267,-0.314992755651474,0.008633966938895732,0.08978502452373505,-0.42588362097740173,-0.01689763608451411,0.09441591799259186,-0.4985502362251282,-0.03341065402205512,0.09673915803432465,-0.5661830902099609,-0.04792530144627616,0.01891140639781952,-0.30795741081237793,-0.003762504403176159,0.0161617249250412,-0.4100835919380188,-0.05701208169634864,0.03038628399372101,-0.30663496255874634,-0.075018518223124,0.039805248379707336,-0.23065286874771118,-0.07462488169844672,-0.03724227845668793,-0.27688539028167725,-0.02020235787208602,-0.039661988615989685,-0.3687397241592407,-0.07908217663939521,-0.016596317291259766,-0.25988245010375977,-0.07285796905930564,-0.005305364727973938,-0.19149476289749146,-0.053039059593039006,-0.09432145953178406,-0.22810763120651245,-0.037832979662971944,-0.09513083100318909,-0.29600685834884644,-0.08123231734211966,-0.0685778260231018,-0.2262842059135437,-0.07720106895144507,-0.052857980132102966,-0.1775701642036438,-0.06485862339909598,-1.3811828082626494,-1.4964952798843416,1.3068238932034768,1.2128942418265005,0.8837094893814755,0.15404264828654338,0.22133783443534713,0.2785317005149095,0.31831176044831827,0.340326313386236,0.388335457111505,0.41641242777656934,0.05973545570871556,0.10679067112788797,0.04954942664206836,T
0.0,0.0,0.0,0.09026053547859192,-0.08669322729110718,-0.018529409154764753,0.12226361036300659,-0.23697543144226074,-0.020658658429495436,0.1233401894569397,-0.35892704129219055,-0.027212692036739927,0.15470635890960693,-0.4278034567832947,-0.03341983219932709,0.08380115032196045,-0.31146734952926636,0.008221887439974207,0.08984214067459106,-0.4265104830265045,-0.017862280442825895,0.09228569269180298,-0.5024070143699646,-0.03568250274609719,0.09330382943153381,-0.573419600725174,-0.05099645963262711,0.025155633687973022,-0.3041262626647949,-0.004068344909212929,0.02387884259223938,-0.41268402338027954,-0.05788991561483536,0.03717920184135437,-0.31303834915161133,-0.0780554186398903,0.04528459906578064,-0.23544347286224365,-0.07910792490791474,-0.03150278329849243,-0.2749876379966736,-0.020527872800342184,-0.033548176288604736,-0.37133800983428955,-0.07994553407978211,-0.011707007884979248,-0.2631884813308716,-0.07523441275905762,-0.0005937516689300537,-0.19157814979553223,-0.05612753292869721,-0.08965454995632172,-0.22937524318695068,-0.03826399481248055,-0.09056386351585388,-0.302303671836853,-0.08167283198188935,-0.06479977071285248,-0.23242634534835815,-0.07775730600904618,-0.048935189843177795,-0.17991089820861816,-0.06543585619281922,-1.402396063681442,-1.5345358483185012,1.285708050890128,1.2159153736121686,0.8820645073453199,0.15803269282907173,0.22130405541116277,0.2827021754553163,0.32081240776368397,0.34137034067144595,0.393217051238336,0.4184268604672685,0.06347432263430697,0.10936743331407743,0.04972946213611168,T
0.0,0.0,0.0,0.08736225962638855,-0.08784866333007812,-0.016448643816303843,0.11889469623565674,-0.2379976511001587,-0.016787047324370974,0.12060752511024475,-0.3570416569709778,-0.021945069370460146,0.15216872096061707,-0.4231146574020386,-0.026643755672168368,0.08113935589790344,-0.3115374445915222,0.012742885561991102,0.09097936749458313,-0.42212915420532227,-0.012497396966111296,0.09569594264030457,-0.4967399835586548,-0.02965908014554941,0.09790897369384766,-0.5661842525005341,-0.04451285005886518,0.02263617515563965,-0.3047822117805481,-0.0001282726745301943,0.022288769483566284,-0.41040968894958496,-0.054220438761305445,0.03606259822845459,-0.30714482069015503,-0.07382175774652922,0.04407542943954468,-0.22928231954574585,-0.0735619261987921,-0.03378653526306152,-0.27543848752975464,-0.017166041595530146,-0.0344160795211792,-0.36719948053359985,-0.07740806491453611,-0.012087762355804443,-0.2553390860557556,-0.07175565959293806,-0.0019234418869018555,-0.18662893772125244,-0.05120241345245802,-0.09113554656505585,-0.22923249006271362,-0.03525564522821867,-0.08926939964294434,-0.2973718047142029,-0.07887410075743162,-0.06395691633224487,-0.22525036334991455,-0.07388101221401655,-0.04987725615501404,-0.17658114433288574,-0.060327877116989725,-1.3929495154619713,-1.5050368592656902,1.2941155681886116,1.2263211633266318,0.9061274994793949,0.15301316680306024,0.2219349789255753,0.282258552153811,0.3187496665642621,0.34117585335960193,0.39246496426800576,0.4166909545776496,0.06273122941863175,0.10772428231019496,0.048995167668208925,T
0.0,0.0,0.0,0.08458131551742554,-0.078571617603302,-0.02020171894852396,0.11542028188705444,-0.23074084520339966,-0.020244772128503286,0.11992630362510681,-0.35034650564193726,-0.023367280654351674,0.15441390872001648,-0.41110002994537354,-0.026017761371772252,0.07985261082649231,-0.3020498752593994,0.004438312210400142,0.09248113632202148,-0.4139742851257324,-0.018934350974600278,0.0963747501373291,-0.4889525771141052,-0.03277030638579603,0.09902915358543396,-0.5573962926864624,-0.045147792018692456,0.02080059051513672,-0.2947959303855896,-0.004745830364267789,0.021508455276489258,-0.39618879556655884,-0.057167895652096234,0.031474024057388306,-0.2938353419303894,-0.07300815410141226,0.03874242305755615,-0.21415460109710693,-0.06989136017088171,-0.03476971387863159,-0.2663012146949768,-0.017966131262223684,-0.03432351350784302,-0.34535497426986694,-0.07672871328119513,-0.015806108713150024,-0.23687195777893066,-0.07009787536386725,-0.006490916013717651,-0.16974973678588867,-0.04889739356164213,-0.09040941298007965,-0.22381848096847534,-0.03241901523594137,-0.08871850371360779,-0.2862403392791748,-0.07526578433040854,-0.0662228912115097,-0.21394085884094238,-0.070291761822741,-0.05281412601470947,-0.1653633713722229,-0.05672580800179716,-1.357873622366443,-1.4958369347732927,1.3518728901861319,1.2858767338204364,0.9992530674558998,0.15642911363722345,0.22840182691823727,0.29006952034083655,0.32144978417587095,0.34849583745414114,0.4017515866674162,0.420411932458992,0.06338648860786131,0.10374577473848558,0.04653042001033509,T
0.0,0.0,0.0,0.08733931183815002,-0.0838363766670227,-0.019545964301862284,0.11900225281715393,-0.23415261507034302,-0.02012064807239966,0.12420085072517395,-0.35490933060646057,-0.02419968634966807,0.15990880131721497,-0.41734468936920166,-0.027138873339929148,0.08285972476005554,-0.3066771626472473,0.008937815799079374,0.09293442964553833,-0.42219278216362,-0.014757864513732954,0.09601697325706482,-0.49662715196609497,-0.029662677423395678,0.09755226969718933,-0.5661047399044037,-0.04291697345797019,0.02458229660987854,-0.2991304397583008,-0.0010244052264098968,0.025443345308303833,-0.39874231815338135,-0.05348786838475661,0.034584641456604004,-0.2936211824417114,-0.07018641881767707,0.04117882251739502,-0.21709036827087402,-0.06807295732323126,-0.031227320432662964,-0.27087175846099854,-0.015397751109041735,-0.031304046511650085,-0.35042405128479004,-0.07432190828148322,-0.013857662677764893,-0.24026811122894287,-0.06743772082153754,-0.005114525556564331,-0.17658495903015137,-0.04629727207247214,-0.08797436952590942,-0.22923552989959717,-0.03104872942093806,-0.0874381810426712,-0.2913059592247009,-0.07335051648441748,-0.06598782539367676,-0.2186909317970276,-0.06775536887470679,-0.052797555923461914,-0.17362582683563232,-0.054042884485163256,-1.3511018134854929,-1.5142222853932696,1.371192324112879,1.3006174738635439,1.0067747043858275,0.1613006189415128,0.2328059298736993,0.29188687220466497,0.323485514923397,0.3535378298763523,0.4028227036054469,0.4202912885937614,0.0615122935164604,0.10354093908708285,0.04777476162489056,T
0.0,0.0,0.0,0.08562770485877991,-0.07890737056732178,-0.021349063353031994,0.11727643013000488,-0.22738772630691528,-0.021753251762479664,0.12071499228477478,-0.3443003296852112,-0.025123097212404133,0.15261536836624146,-0.4073023796081543,-0.027773086191505314,0.08282962441444397,-0.29920268058776855,0.006719290068954109,0.09323003888130188,-0.41198959946632385,-0.017389618070215107,0.09554865956306458,-0.4865175485610962,-0.031583033711999775,0.09684407711029053,-0.5543349981307983,-0.043856770010084034,0.024450451135635376,-0.2917741537094116,-0.002368824766367794,0.02391168475151062,-0.3932006359100342,-0.05668094030150783,0.03242802619934082,-0.2891842722892761,-0.07361044383177173,0.04075068235397339,-0.20925778150558472,-0.07042161768803012,-0.03194020688533783,-0.26443004608154297,-0.0159079564971627,-0.032815396785736084,-0.3446834087371826,-0.07818177735933673,-0.01579172909259796,-0.23281198740005493,-0.07190252488979709,-0.005072981119155884,-0.16533112525939941,-0.04969493693241489,-0.08933161199092865,-0.22347348928451538,-0.030580096156686665,-0.08833320438861847,-0.28512734174728394,-0.0764777327192725,-0.06725089251995087,-0.20923936367034912,-0.07150388902553928,-0.053396210074424744,-0.16048383712768555,-0.05704135841259372,-1.3768448864805465,-1.515921339054088,1.3757678842351593,1.3060453394189038,1.0523528238084339,0.15725465919323814,0.22745410705070074,0.28881776866138037,0.3214967548262311,0.3496065708322609,0.40213318672685033,0.42153396175972063,0.06347723421092898,0.10603082101022689,0.04856573544069099,T
0.0,0.0,0.0,0.08348198235034943,-0.07761085033416748,-0.02087374703248912,0.11431919038295746,-0.2276531457901001,-0.021710469585265457,0.11704392731189728,-0.34730207920074463,-0.02560961731931144,0.14930252730846405,-0.4118340015411377,-0.02901525535842353,0.07901535928249359,-0.3036201596260071,0.004169488127921284,0.09104229509830475,-0.41787105798721313,-0.01965112910827571,0.09427414834499359,-0.49428772926330566,-0.03375786283275062,0.09627865254878998,-0.5627082586288452,-0.04614983239432746,0.0200069397687912,-0.2949330806732178,-0.004976329591478645,0.019507303833961487,-0.39676445722579956,-0.05726131164690429,0.03074873983860016,-0.2952214479446411,-0.0736845966543811,0.039780572056770325,-0.21654212474822998,-0.07111150884291106,-0.03585921227931976,-0.26520776748657227,-0.01818093956669742,-0.03713624179363251,-0.34430232644081116,-0.07732014470955306,-0.018358692526817322,-0.23525071144104004,-0.07084768378397399,-0.008155599236488342,-0.16848361492156982,-0.04968437292834693,-0.09208658337593079,-0.22161710262298584,-0.03263492622634345,-0.09334363043308258,-0.2859916090965271,-0.07573890053888732,-0.07028986513614655,-0.2134665846824646,-0.07050982230564529,-0.05533851683139801,-0.1645929217338562,-0.05662911498209411,-1.3830921584118867,-1.504263694464196,1.323706973226619,1.291845471148648,0.9983470453491211,0.15992052009137933,0.22390617638522223,0.2898490508574065,0.3209456472534306,0.35074638322459545,0.4078229795537264,0.426008905449019,0.06787854510090671,0.10838062910291622,0.04734305869131142,T
0.0,0.0,0.0,0.08686931431293488,-0.08348256349563599,-0.02093740242312947,0.11734311282634735,-0.23388004302978516,-0.022872903074727446,0.1204947680234909,-0.35334813594818115,-0.028382074709639937,0.15541614592075348,-0.4183925986289978,-0.033239918451414496,0.08209855854511261,-0.30695539712905884,0.006990420010282605,0.09274996817111969,-0.4197804629802704,-0.01821712466667691,0.09650702774524689,-0.49453023076057434,-0.03434377784620324,0.09935970604419708,-0.5633863508701324,-0.048538355778561026,0.022787973284721375,-0.29839497804641724,-0.003848177304149658,0.02196662127971649,-0.4005080461502075,-0.05841052035580674,0.03267447650432587,-0.2968539595603943,-0.07680804530869523,0.041434332728385925,-0.21703821420669556,-0.075681875150309,-0.034192875027656555,-0.2681090235710144,-0.019249337415800483,-0.035796985030174255,-0.3502228856086731,-0.07972517858038941,-0.016545280814170837,-0.24123257398605347,-0.07338979343663254,-0.0058756619691848755,-0.17408686876296997,-0.05251532296429673,-0.0919128954410553,-0.22366118431091309,-0.03607554982195893,-0.09257346391677856,-0.2869700789451599,-0.07962931195984879,-0.07019415497779846,-0.21495825052261353,-0.07431125889311829,-0.055877670645713806,-0.16745424270629883,-0.06071337560902634,-1.3673084087433267,-1.5035846756823366,1.3454950110109596,1.2782610162715207,1.0006911265764016,0.15545260576972494,0.23137727171160102,0.2927461988442845,0.32804745905495303,0.3511586260424352,0.4032723266600584,0.4252774122812343,0.06389877677788851,0.10921628189255003,0.050439990088176144,T
0.0,0.0,0.0,0.08389528095722198,-0.0868067741394043,-0.018060392120670343,0.11469916999340057,-0.2409631609916687,-0.018350888395499254,0.11797775328159332,-0.3626337945461273,-0.022554578611444498,0.1532977670431137,-0.42302241921424866,-0.026418166586946512,0.07574252784252167,-0.3146125078201294,0.00472737208213303,0.09046967327594757,-0.4278353452682495,-0.019607067460011507,0.09540368616580963,-0.5035862922668457,-0.03439325501937773,0.10008670389652252,-0.5730164647102356,-0.04774311220068839,0.015640750527381897,-0.3065420389175415,-0.006330347040485407,0.01526699960231781,-0.40926483273506165,-0.0585339557172766,0.0269937664270401,-0.3051937222480774,-0.0741245712878218,0.034738436341285706,-0.2264091968536377,-0.0717972408773413,-0.04093492031097412,-0.2746673822402954,-0.0212005380334368,-0.04201643168926239,-0.3558398187160492,-0.07818565925378707,-0.020899668335914612,-0.24690085649490356,-0.06976360490341094,-0.011644437909126282,-0.18013209104537964,-0.04859146138448622,-0.09857280552387238,-0.2274719476699829,-0.037400491887520815,-0.10001909732818604,-0.2957846522331238,-0.07734794577379134,-0.0736863762140274,-0.22607958316802979,-0.07051664998550322,-0.05784712731838226,-0.17748099565505981,-0.05666537618060019,-1.3618786865646793,-1.4768638058362484,1.3368354118361248,1.270339841886199,0.8871794722440909,0.15915285396574802,0.22959327974374263,0.2936011622805462,0.32384063534152147,0.3527137567539523,0.4084629470578943,0.42590069537735664,0.06552054292905579,0.10471893558811103,0.0462786864054799,T
0.0,0.0,0.0,0.08853638172149658,-0.08535194396972656,-0.020337457930630798,0.12173861265182495,-0.23997962474822998,-0.021944993337577934,0.12360033392906189,-0.3611454367637634,-0.027251362031287307,0.1588800549507141,-0.42700138688087463,-0.03217491058070099,0.08255606889724731,-0.312836229801178,0.0040008610356983,0.09710147976875305,-0.42799806594848633,-0.02059445080716049,0.10363197326660156,-0.5046376585960388,-0.035973775362557525,0.10828089714050293,-0.5764520466327667,-0.04996622649390137,0.022607505321502686,-0.3043295741081238,-0.007032099341935272,0.021915942430496216,-0.4076543152332306,-0.05978241113383209,0.033767372369766235,-0.30460840463638306,-0.07760884908396637,0.04198935627937317,-0.2258484959602356,-0.07716609833199417,-0.03453998267650604,-0.2728798985481262,-0.022139161055869216,-0.037033915519714355,-0.35602235794067383,-0.08069123623330032,-0.016693472862243652,-0.2468230128288269,-0.07470891920287048,-0.006065726280212402,-0.17912477254867554,-0.055110353207177276,-0.0917922705411911,-0.22602814435958862,-0.03864330348927414,-0.09437011182308197,-0.2920006513595581,-0.08061214832026398,-0.07035699486732483,-0.2201472520828247,-0.07546905723769104,-0.05538776516914368,-0.1708056926727295,-0.0627595662828151,-1.3747528363666015,-1.4735197863018292,1.3286789120282603,1.2759404503522334,0.9879572383390595,0.1577839487127207,0.23264978177854526,0.2977413754899954,0.33398642557701225,0.35681566408150994,0.4134538825779889,0.43742015900424724,0.06702534810986475,0.11185711410252945,0.05001870260356239,T
0.0,0.0,0.0,0.0892615020275116,-0.08801907300949097,-0.02051431662152048,0.12145230174064636,-0.24194616079330444,-0.022072579476335008,0.12460142374038696,-0.3633030354976654,-0.02740826247940298,0.15882664918899536,-0.42797642946243286,-0.03237063041637178,0.08170965313911438,-0.3139868378639221,0.0031325705374545265,0.0972827672958374,-0.43196001648902893,-0.02266299514780279,0.10285487771034241,-0.5096721649169922,-0.03827144927094217,0.10850793123245239,-0.5806939601898193,-0.05187540850351091,0.02180767059326172,-0.304595410823822,-0.008166862416365106,0.022422969341278076,-0.4116630554199219,-0.06346680945465799,0.033306777477264404,-0.3127989172935486,-0.0821263340742373,0.04277917742729187,-0.23158371448516846,-0.08113776123831506,-0.034662023186683655,-0.2727587819099426,-0.023608350890972574,-0.036777764558792114,-0.35467445850372314,-0.08311458653519388,-0.015968933701515198,-0.2489338517189026,-0.07842551148245569,-0.0028478801250457764,-0.17884153127670288,-0.05892939842055078,-0.09065334498882294,-0.22504150867462158,-0.04053115448663469,-0.09463605284690857,-0.29331159591674805,-0.082415766778686,-0.06937730312347412,-0.22398912906646729,-0.07818830734799143,-0.051104456186294556,-0.17188984155654907,-0.06575385457585092,-1.3725310552996701,-1.470654132986499,1.2910913880887542,1.2441818297672602,0.9310972629708933,0.16079371122111819,0.2281164487677826,0.29699638200309914,0.3311365420930904,0.3552439059755158,0.4169957929601425,0.43885865791737216,0.06973927351557141,0.11125419149725682,0.048754724110801624,T
0.0,0.0,0.0,0.0870237946510315,-0.08782297372817993,-0.02172352310490311,0.11748623847961426,-0.24084538221359253,-0.02378011431765259,0.12073701620101929,-0.36335575580596924,-0.029243952894923098,0.1562575101852417,-0.4290722608566284,-0.034487701321360476,0.07771837711334229,-0.3103439211845398,0.0033098325856357746,0.09273707866668701,-0.4285883903503418,-0.02217665437829197,0.09885874390602112,-0.5061691403388977,-0.03762019362520874,0.10470342636108398,-0.5772268176078796,-0.05131148111295403,0.01894587278366089,-0.30077874660491943,-0.007251767741855986,0.018703162670135498,-0.40862414240837097,-0.06266032096218765,0.029824137687683105,-0.30712735652923584,-0.08096852090429962,0.0391772985458374,-0.22515320777893066,-0.07960420038771332,-0.03719136118888855,-0.26963627338409424,-0.022110105792400248,-0.03910958766937256,-0.3519088923931122,-0.08311712678742111,-0.017765074968338013,-0.24288994073867798,-0.0776683160312146,-0.004911541938781738,-0.1720253825187683,-0.05720332574319542,-0.09390926361083984,-0.22371792793273926,-0.038417349869725115,-0.09753067791461945,-0.2902132272720337,-0.0823409029490918,-0.07208441197872162,-0.21806609630584717,-0.07790027495693863,-0.05467088520526886,-0.16563504934310913,-0.06483232166838349,-1.3676559099084007,-1.4700268584312262,1.3093964168078973,1.2514185869980186,0.9766631219221592,0.15686808548939454,0.23513986511358004,0.30339505768188585,0.3374758545318972,0.3581193937284701,0.41976617809639677,0.4413705414847818,0.06903905903293103,0.11113007143421154,0.050168003751475176,T
0.0,0.0,0.0,0.08972615003585815,-0.08792251348495483,-0.02248886122427507,0.12308639287948608,-0.23791193962097168,-0.02602787955723329,0.12458822131156921,-0.35626718401908875,-0.03315010375402494,0.15597593784332275,-0.42422759532928467,-0.039587893402796226,0.08630841970443726,-0.3150523900985718,0.0025636245304383465,0.09520471096038818,-0.4297958016395569,-0.024843185088258224,0.09904128313064575,-0.5074287354946136,-0.042457562750797706,0.10178956389427185,-0.5797875821590424,-0.057374824649315315,0.025675863027572632,-0.3049526810646057,-0.008688714234750705,0.023207753896713257,-0.4094597101211548,-0.06508847034595533,0.03486150503158569,-0.30831438302993774,-0.08487793511770292,0.044780433177948,-0.22839266061782837,-0.08466190553329511,-0.03217095136642456,-0.2730843424797058,-0.024373647636394935,-0.035479575395584106,-0.3567289412021637,-0.08610997802637144,-0.01406329870223999,-0.24717915058135986,-0.0809608221711926,-4.595518112182617e-05,-0.17696118354797363,-0.06065845570586248,-0.08963200449943542,-0.22579723596572876,-0.04163951507828756,-0.09315530955791473,-0.2900325655937195,-0.08533222681901975,-0.06756167113780975,-0.21858924627304077,-0.08059329993150754,-0.048726990818977356,-0.16858839988708496,-0.06739075190446897,-1.3960704549779392,-1.5123850009492357,1.3262533242374144,1.248260019152631,0.9500659786025142,0.16472726739741897,0.22520160281673782,0.29237563082127094,0.32749761411231365,0.3559893704452239,0.4154991941789039,0.4378812632939128,0.06822464310573668,0.11099634203022868,0.04939581699907599,T
0.0,0.0,0.0,0.0911320149898529,-0.0910523533821106,-0.021072393846235826,0.12562721967697144,-0.24074602127075195,-0.025026141297541216,0.12880703806877136,-0.3593045473098755,-0.033002278399191454,0.15775832533836365,-0.4301214814186096,-0.04062504563900049,0.08818593621253967,-0.31591254472732544,0.0006859667091596577,0.09599125385284424,-0.43322136998176575,-0.027473269593439653,0.10094916820526123,-0.5123003125190735,-0.04629898313852365,0.1055205762386322,-0.5856575071811676,-0.06238061059685762,0.02786955237388611,-0.30630505084991455,-0.012173140984497621,0.02608761191368103,-0.4102977514266968,-0.06852240730496462,0.037801504135131836,-0.3111993670463562,-0.08941940088244493,0.046829432249069214,-0.23181021213531494,-0.09105981756421144,-0.029754281044006348,-0.27440428733825684,-0.029171875309668138,-0.033638328313827515,-0.356881707906723,-0.08899034429760988,-0.01174435019493103,-0.25102752447128296,-0.08481991161080416,0.0013671815395355225,-0.1813274621963501,-0.06671144683333452,-0.08730068802833557,-0.22674071788787842,-0.04782855753274973,-0.09217128157615662,-0.2880842685699463,-0.08983163405629213,-0.0677407830953598,-0.22046005725860596,-0.08577759433957155,-0.05074477195739746,-0.17242592573165894,-0.07412358988495882,-1.4027280916680491,-1.5066214992487725,1.3215749806218402,1.248119203264291,0.9783957994935712,0.1640738789113538,0.22722803270452246,0.2938650266014515,0.3314823389001772,0.3586816953707985,0.4175292982591406,0.4417908995826966,0.06793617799800451,0.1142244229497208,0.05286674804353614,T
0.0,0.0,0.0,0.0867881178855896,-0.08283787965774536,-0.019473391495252734,0.11811912059783936,-0.23874592781066895,-0.019268506116772777,0.12047246098518372,-0.36260125041007996,-0.022823099888468867,0.15452846884727478,-0.4274469017982483,-0.02634511599650491,0.07758828997612,-0.312247097492218,0.0051393919591058435,0.09262627363204956,-0.42876407504081726,-0.018060278988982326,0.09761196374893188,-0.5064069628715515,-0.03135059858074296,0.102582186460495,-0.5763898193836212,-0.04369627023449052,0.01709379255771637,-0.3020155429840088,-0.005555591456199771,0.01554417610168457,-0.40667369961738586,-0.0587238081764232,0.028667837381362915,-0.3057483434677124,-0.07595429653635133,0.0395103394985199,-0.2239789366722107,-0.07410207474937547,-0.039620742201805115,-0.26901865005493164,-0.020185801110769397,-0.041521862149238586,-0.349139928817749,-0.07888482595195878,-0.018837854266166687,-0.2420715093612671,-0.073549033052827,-0.00555826723575592,-0.1724463701248169,-0.05371202240100015,-0.09582853317260742,-0.22059834003448486,-0.036045865065957194,-0.09949634969234467,-0.2867051959037781,-0.07817534441461671,-0.0726483166217804,-0.21660774946212769,-0.07400070214977372,-0.05408579111099243,-0.16561681032180786,-0.06154666180124391,-1.3801912903789537,-1.476454523322439,1.2910711381160167,1.2317050039428512,0.921424349341302,0.15774158916611136,0.23372715484388493,0.3010864231802069,0.3347759045398827,0.3580104581330416,0.41816822921490726,0.4396354400751112,0.0684600958802307,0.11030128493001917,0.04900574926031155,T
0.0,0.0,0.0,0.08739069104194641,-0.08513396978378296,-0.021855124646119606,0.11974644660949707,-0.24309468269348145,-0.023937301152638923,0.12328341603279114,-0.3672930598258972,-0.02931249830990268,0.15692752599716187,-0.4348434805870056,-0.03436807114749385,0.08029013872146606,-0.31632328033447266,-0.000972324133638125,0.09350329637527466,-0.4350069761276245,-0.027633128130130302,0.09728026390075684,-0.5119535624980927,-0.043775349297813904,0.10203760862350464,-0.5832096636295319,-0.057747698762707245,0.020323634147644043,-0.30621975660324097,-0.011274790765039455,0.018329352140426636,-0.41156354546546936,-0.06638430748253299,0.032005876302719116,-0.3130061626434326,-0.08456519190340472,0.04306292533874512,-0.23308002948760986,-0.08399635497599078,-0.03642934560775757,-0.2745267152786255,-0.025641679206184875,-0.03924177587032318,-0.35420042276382446,-0.08486401233940555,-0.0166856050491333,-0.24762672185897827,-0.07983969841270877,-0.0039418041706085205,-0.1765807867050171,-0.06072438452511264,-0.09291206300258636,-0.22843152284622192,-0.04165489915876819,-0.09667700529098511,-0.28837865591049194,-0.08355273995666934,-0.07105095684528351,-0.21912860870361328,-0.07994224075346423,-0.05419960618019104,-0.16887933015823364,-0.06830509696274234,-1.379268009457189,-1.4894900927547823,1.2693679024274935,1.250526821733264,0.9943794186262209,0.15819427075559758,0.23167571621263844,0.304267251671633,0.33957561051219787,0.3550616481301435,0.4202126598343715,0.4428088668083029,0.07349563953904927,0.11654067887159839,0.0508444598336573,T
0.0,0.0,0.0,0.08760377764701843,-0.08808821439743042,-0.01898607622511328,0.11857756972312927,-0.23997795581817627,-0.020419178639125235,0.11946824193000793,-0.36041533946990967,-0.025608770657848723,0.15130382776260376,-0.4253246784210205,-0.030591534559201605,0.07884612679481506,-0.3087799549102783,0.002894185840565555,0.08890250325202942,-0.42845654487609863,-0.022106928859424002,0.09245908260345459,-0.5060655474662781,-0.037259381372999556,0.0957271158695221,-0.5775284469127655,-0.05053233366138876,0.01924145221710205,-0.2980769872665405,-0.008679601472389109,0.01853656768798828,-0.40601301193237305,-0.0627562106741184,0.03056958317756653,-0.3057558536529541,-0.08086146425135077,0.03948420286178589,-0.22489005327224731,-0.07962745438940466,-0.0371895432472229,-0.2660519480705261,-0.024004029218625433,-0.03975629806518555,-0.35045087337493896,-0.08235042553074301,-0.017344743013381958,-0.2436254620552063,-0.07704785477049292,-0.004335939884185791,-0.1742544174194336,-0.05736586089856566,-0.09364224970340729,-0.21910488605499268,-0.04054478194243849,-0.09750930964946747,-0.2879396677017212,-0.08148682873375357,-0.07155197858810425,-0.21834689378738403,-0.07640729110367239,-0.05407513678073883,-0.16716903448104858,-0.06353166710264624,-1.3960298797177075,-1.5080654070412096,1.3009528046545287,1.227108131186655,0.9197568814495907,0.16203320044958475,0.22951615949969367,0.2953980589519024,0.3298861251628464,0.3570953681202836,0.41550277735601043,0.43684729857284976,0.06696396440247612,0.10993209742672617,0.05024132123359844,T
0.0,0.0,0.0,0.08789613842964172,-0.0809253454208374,-0.02386174052718104,0.12091958522796631,-0.2290516495704651,-0.02771526276829661,0.12247574329376221,-0.3475879728794098,-0.0343409970379156,0.15369534492492676,-0.4168575406074524,-0.04051050618055285,0.08416780829429626,-0.30497831106185913,-0.00015978890642998067,0.09318020939826965,-0.41849958896636963,-0.02696610875192107,0.0953403115272522,-0.4969584345817566,-0.04399750455978335,0.09733209013938904,-0.5685507953166962,-0.058496829865006816,0.024831131100654602,-0.2951046824455261,-0.010384144072858703,0.023954719305038452,-0.4013391435146332,-0.0649627342796606,0.037203460931777954,-0.30629265308380127,-0.08500068336489619,0.04827967286109924,-0.2274816632270813,-0.08545409589770259,-0.032844603061676025,-0.26354074478149414,-0.024976716188220394,-0.035773053765296936,-0.3430784344673157,-0.08486471771958293,-0.012934237718582153,-0.23888319730758667,-0.08232461362841548,0.0021643340587615967,-0.1703939437866211,-0.06443696170809687,-0.09011566638946533,-0.2172679901123047,-0.04110865369203509,-0.09424033761024475,-0.2797446846961975,-0.08329412787917079,-0.06907464563846588,-0.21150857210159302,-0.08008482753994883,-0.05066923797130585,-0.16243445873260498,-0.06862946301463069,-1.3980170779246914,-1.520892210790355,1.2370163290784608,1.2112833688768456,0.9471783220508179,0.16182601772985378,0.21673875253459815,0.28931980888280556,0.3263372294621722,0.34457842721970655,0.40937242239526106,0.4322439958669321,0.0733868665618521,0.11841463493785502,0.05342976451175347,T
0.0,0.0,0.0,0.09009025990962982,-0.09134495258331299,-0.020332031545317264,0.120977982878685,-0.24497902393341064,-0.02271938569573173,0.12325792014598846,-0.36682188510894775,-0.029166432690894695,0.15672020614147186,-0.4332822561264038,-0.035099244338548274,0.08077223598957062,-0.3162105679512024,0.0053727658120035215,0.09032760560512543,-0.43451619148254395,-0.021453410980379672,0.09364207088947296,-0.5119218528270721,-0.0382747004154087,0.09692345559597015,-0.5844433605670929,-0.0527262265208126,0.021270647644996643,-0.30488401651382446,-0.0069004969085515455,0.019038960337638855,-0.4115802049636841,-0.06410030893710861,0.031249389052391052,-0.30846548080444336,-0.08410807572034606,0.04068656265735626,-0.226279616355896,-0.08349466196922073,-0.03555475175380707,-0.27228206396102905,-0.023495708254253955,-0.0384150892496109,-0.3527641296386719,-0.08537497989562759,-0.01566930115222931,-0.24336999654769897,-0.08082185558704147,-0.002284631133079529,-0.17311817407608032,-0.06060088298944244,-0.09253056347370148,-0.22435373067855835,-0.04148090876368293,-0.09579896926879883,-0.28922760486602783,-0.08516033611921081,-0.06897266209125519,-0.21736067533493042,-0.08073498181728134,-0.050503864884376526,-0.1660023331642151,-0.06759296230701217,-1.3832157841548507,-1.510655498375848,1.3286356480052954,1.247091280757873,0.9466187508183936,0.16255869977189738,0.2373054978127508,0.3049063591757214,0.3382016747906482,0.3625518663512475,0.4231201407570962,0.443652688753253,0.06835687559452495,0.1093116871346066,0.048741457666397245,T
0.0,0.0,0.0,0.08865341544151306,-0.08918178081512451,-0.019448311023417375,0.12011191248893738,-0.23734259605407715,-0.022149792827669046,0.1203281581401825,-0.3554557263851166,-0.02905683121830549,0.14989814162254333,-0.4243578314781189,-0.035918767519298456,0.08319234848022461,-0.313869833946228,0.003554454118010142,0.09043499827384949,-0.4321388602256775,-0.02367268032580938,0.09271883964538574,-0.5100929737091064,-0.04068935192376699,0.09543097019195557,-0.5816355347633362,-0.054768170185390375,0.023749634623527527,-0.30308234691619873,-0.009266623251143358,0.02164211869239807,-0.41223597526550293,-0.06590494043380346,0.03351545333862305,-0.3119446039199829,-0.08627554304153051,0.043620169162750244,-0.2292628288269043,-0.08587324894219961,-0.033506616950035095,-0.27060002088546753,-0.02611340671032991,-0.03736394643783569,-0.35456711053848267,-0.08686857200414266,-0.01564881205558777,-0.24670475721359253,-0.08304964280873861,-0.0013690590858459473,-0.1755746603012085,-0.06349642849713888,-0.0914919525384903,-0.22212237119674683,-0.04424472055584516,-0.10023654997348785,-0.29605501890182495,-0.08668120480329122,-0.07381536066532135,-0.2267683744430542,-0.08222122020274725,-0.053169578313827515,-0.17280298471450806,-0.06923911995441046,-1.412851293925009,-1.5251216572864201,1.3078515021022656,1.2446723659928007,0.9102226463995258,0.16644202808882702,0.22216450546755206,0.2911611791963208,0.32328986963779127,0.3561613159682716,0.41743943205827005,0.4350013528664562,0.0700460569771618,0.11205342124975826,0.05187461785735293,T
0.0,0.0,0.0,0.09004558622837067,-0.09299004077911377,-0.018979433648969035,0.12145732343196869,-0.2467280626296997,-0.02073589871146808,0.1217733770608902,-0.3694402575492859,-0.026402657576586108,0.15098626911640167,-0.4368158280849457,-0.03188514309444557,0.0830865353345871,-0.32180893421173096,0.0024608618535744142,0.09046687185764313,-0.4388577938079834,-0.02437468963184486,0.09158001840114594,-0.517016589641571,-0.0418107842139257,0.0943928211927414,-0.5889579653739929,-0.05666802796044479,0.02362877130508423,-0.3105456233024597,-0.010085958712483745,0.019992023706436157,-0.4159054160118103,-0.06495216461339126,0.032078638672828674,-0.32072752714157104,-0.08486784222045074,0.04384852945804596,-0.241676926612854,-0.0857096013657106,-0.03310154378414154,-0.2775561809539795,-0.02662014747479091,-0.03893546760082245,-0.36048200726509094,-0.08489660891213546,-0.015100166201591492,-0.25688570737838745,-0.0821746435991777,0.0010764002799987793,-0.18627715110778809,-0.06504888805070053,-0.09076841175556183,-0.22852325439453125,-0.04459373997964988,-0.10021373629570007,-0.2977525591850281,-0.08538903268494735,-0.07409876585006714,-0.23163849115371704,-0.0825599876276506,-0.05317269265651703,-0.18021374940872192,-0.07187572094121109,-1.4166843622280128,-1.5284995510042718,1.2852226040340968,1.212522238945102,0.9094738608203587,0.16232697954057837,0.22261555679430023,0.29196334947388863,0.32791082393412235,0.350939945446479,0.4133518992215445,0.4345657774867457,0.06998992899292909,0.11485138089126272,0.054586893340791684,T
0.0,0.0,0.0,0.08692827820777893,-0.09042394161224365,-0.0165926411555688,0.11738210916519165,-0.244093656539917,-0.017403426374642095,0.11883276700973511,-0.3661554455757141,-0.022703532855359754,0.1498691737651825,-0.4313628077507019,-0.028196303899733266,0.07921886444091797,-0.31736987829208374,0.003901203368457118,0.0900382399559021,-0.43649572134017944,-0.021806896458713254,0.0919809341430664,-0.5130571126937866,-0.03797271734043761,0.09370017051696777,-0.5844268798828125,-0.05193000173136397,0.019508928060531616,-0.30537915229797363,-0.009094172883180818,0.016865000128746033,-0.41228151321411133,-0.06425602247878714,0.03144550323486328,-0.31113672256469727,-0.08340437969133063,0.042317330837249756,-0.2301815152168274,-0.0830983247415702,-0.037093281745910645,-0.2721148729324341,-0.025630851070729932,-0.04195147752761841,-0.35768923163414,-0.08479825666114493,-0.01723340153694153,-0.24845612049102783,-0.08022371193334266,-0.0030620694160461426,-0.1766955852508545,-0.06109879797264739,-0.09409041702747345,-0.2234557867050171,-0.04326022302672072,-0.10095974802970886,-0.29329580068588257,-0.08511688819095298,-0.07289686799049377,-0.2228407859802246,-0.0809744398848693,-0.05301143229007721,-0.16998392343521118,-0.06874383499786063,-1.3990278833185499,-1.5166238567557286,1.2763030817164758,1.2282102710512108,0.915726268836485,0.16304467824360877,0.22812564823534223,0.29705783840313466,0.33087680710403405,0.35795247533840074,0.4190557715854856,0.43964446834600396,0.07014295881750206,0.1127445037937199,0.05039826639726011,T
0.0,0.0,0.0,0.08855830132961273,-0.09490936994552612,-0.018639331282763294,0.11908908188343048,-0.24616724252700806,-0.020872540371208004,0.1199042946100235,-0.36534383893013,-0.02720199112751942,0.149302139878273,-0.4302864670753479,-0.033122898610024265,0.07919199764728546,-0.3209702670574188,0.0022756901386244976,0.086677685379982,-0.43852269649505615,-0.02516646829405289,0.08955438435077667,-0.5146077275276184,-0.04290302243986588,0.09098438918590546,-0.5860057771205902,-0.05760353204765778,0.019958794116973877,-0.30920180678367615,-0.009791333758919052,0.016732826828956604,-0.4093840420246124,-0.06564672064939003,0.0307377427816391,-0.30891913175582886,-0.0850913501993702,0.040508463978767395,-0.23175591230392456,-0.08519600850501519,-0.03618080914020538,-0.27684634923934937,-0.025726046012430004,-0.040855035185813904,-0.35757768154144287,-0.08541065228143196,-0.01587359607219696,-0.2513672709465027,-0.08124029410043221,-0.0016219168901443481,-0.1828843355178833,-0.062461020024208835,-0.09312108159065247,-0.22895455360412598,-0.043025610567717365,-0.09836865961551666,-0.29343825578689575,-0.08495534730115395,-0.07063254714012146,-0.22467458248138428,-0.08095656854072075,-0.051755353808403015,-0.1744537353515625,-0.06877539080539208,-1.4081507770073012,-1.5263320245068879,1.3114308071171192,1.2183560319084712,0.9215646354354525,0.16628127846147756,0.22638561149855746,0.2898031842658281,0.32538362341830007,0.35782787167595326,0.41362159591212794,0.4356027058161333,0.06452441405943561,0.1086100895688057,0.05083735355426548,T
0.0,0.0,0.0,0.08790680766105652,-0.08993333578109741,-0.02041295495805784,0.11991840600967407,-0.23906105756759644,-0.021698409216380554,0.11964502930641174,-0.3579726815223694,-0.026667784424400764,0.14774873852729797,-0.42501914501190186,-0.03125748735842748,0.07889863848686218,-0.3145722448825836,0.004122807653718752,0.089968740940094,-0.4320775866508484,-0.022066404567933517,0.09208378195762634,-0.5080678462982178,-0.03804433298287435,0.0933440625667572,-0.5785388052463531,-0.05114354145703359,0.01975443959236145,-0.303960382938385,-0.00665539734987064,0.019125163555145264,-0.410752534866333,-0.06246703815636678,0.03232130408287048,-0.30958691239356995,-0.08112517324266477,0.041776180267333984,-0.22798675298690796,-0.07913077947673841,-0.03655567765235901,-0.27264559268951416,-0.021577275814390617,-0.03789964318275452,-0.35401737689971924,-0.08249919441518827,-0.01583889126777649,-0.2434660792350769,-0.0776250245886807,-0.003592655062675476,-0.1727520227432251,-0.0567347775119309,-0.09350237250328064,-0.22594362497329712,-0.03784250420508428,-0.0958920419216156,-0.29235780239105225,-0.0809245738106732,-0.06822986900806427,-0.22028177976608276,-0.07615043547925993,-0.049304842948913574,-0.16819453239440918,-0.06233140406189008,-1.4222397285649009,-1.516126410656885,1.2886677540036053,1.2520655170259343,0.917551444786836,0.16287465992250855,0.223722923750009,0.29418177780323984,0.32371128435494356,0.3543246926593685,0.417204554240494,0.4344319653377378,0.07147871462396291,0.1089534874774583,0.04593881626278896,T
0.0,0.0,0.0,0.08401361107826233,-0.08301758766174316,-0.02141806351754383,0.11226397752761841,-0.2374935746192932,-0.02123013193521217,0.11072108149528503,-0.3605571389198303,-0.024080942001077688,0.14400985836982727,-0.4209326207637787,-0.026467670302722013,0.07186555862426758,-0.3163028657436371,0.0027003259510962607,0.08398008346557617,-0.4304235577583313,-0.02188735510024742,0.08706477284431458,-0.5056658685207367,-0.03524095619830803,0.09053283929824829,-0.5736470818519592,-0.04714362378034309,0.011162340641021729,-0.30676719546318054,-0.006557592738303697,0.007149010896682739,-0.41327542066574097,-0.06182361821446136,0.021229535341262817,-0.30841490626335144,-0.0774705676248999,0.032551079988479614,-0.22725826501846313,-0.07315221111092285,-0.045018523931503296,-0.2740098237991333,-0.01983729990932659,-0.0484921932220459,-0.35565584897994995,-0.08119342158350662,-0.02516213059425354,-0.2427704930305481,-0.07360050509485916,-0.01248084008693695,-0.17336714267730713,-0.05072978938731865,-0.10108597576618195,-0.22481650114059448,-0.03446122686180786,-0.10566169023513794,-0.2906719446182251,-0.07875431756291107,-0.07550071179866791,-0.2182753086090088,-0.07381445596728042,-0.05472874641418457,-0.16894137859344482,-0.05969091187033371,-1.399434057321785,-1.498384974995938,1.3080069625698263,1.2581036413692697,0.8782311626532906,0.1618069782000623,0.22345651780967457,0.29287882245677843,0.32093086352366224,0.35120805349531103,0.4133229340916578,0.42998562131036333,0.07022910289095362,0.10496964960972138,0.04247908869975785,T
0.0,0.0,0.0,0.08401361107826233,-0.08301758766174316,-0.02141806351754383,0.11226397752761841,-0.2374935746192932,-0.02123013193521217,0.11072108149528503,-0.3605571389198303,-0.024080942001077688,0.14400985836982727,-0.4209326207637787,-0.026467670302722013,0.07186555862426758,-0.3163028657436371,0.0027003259510962607,0.08398008346557617,-0.4304235577583313,-0.02188735510024742,0.08706477284431458,-0.5056658685207367,-0.03524095619830803,0.09053283929824829,-0.5736470818519592,-0.04714362378034309,0.011162340641021729,-0.30676719546318054,-0.006557592738303697,0.007149010896682739,-0.41327542066574097,-0.06182361821446136,0.021229535341262817,-0.30841490626335144,-0.0774705676248999,0.032551079988479614,-0.22725826501846313,-0.07315221111092285,-0.045018523931503296,-0.2740098237991333,-0.01983729990932659,-0.0484921932220459,-0.35565584897994995,-0.08119342158350662,-0.02516213059425354,-0.2427704930305481,-0.07360050509485916,-0.01248084008693695,-0.17336714267730713,-0.05072978938731865,-0.10108597576618195,-0.22481650114059448,-0.03446122686180786,-0.10566169023513794,-0.2906719446182251,-0.07875431756291107,-0.07550071179866791,-0.2182753086090088,-0.07381445596728042,-0.05472874641418457,-0.16894137859344482,-0.05969091187033371,-1.399434057321785,-1.498384974995938,1.3080069625698263,1.2581036413692697,0.8782311626532906,0.1618069782000623,0.22345651780967457,0.29287882245677843,0.32093086352366224,0.35120805349531103,0.4133229340916578,0.42998562131036333,0.07022910289095362,0.10496964960972138,0.04247908869975785,T
0.0,0.0,0.0,0.083589106798172,-0.08481812477111816,-0.018836402745346703,0.11096528172492981,-0.2361169457435608,-0.017859320567350068,0.11014503240585327,-0.3564912676811218,-0.02051851101348845,0.14141589403152466,-0.41740256547927856,-0.0229998840404555,0.07159322500228882,-0.31129851937294006,0.004609354826261125,0.08535394072532654,-0.4243395924568176,-0.01949464663992373,0.08752885460853577,-0.4989328980445862,-0.03298184782395808,0.08937004208564758,-0.5665943920612335,-0.04495887592564074,0.011544451117515564,-0.3015376925468445,-0.005657933597813525,0.007995769381523132,-0.40728309750556946,-0.06013327971229998,0.021350175142288208,-0.3050079643726349,-0.07645595580468623,0.032386839389801025,-0.2249853014945984,-0.0729583552492663,-0.04409852623939514,-0.2691856026649475,-0.01970025472472159,-0.049280792474746704,-0.3534032702445984,-0.0804048827303454,-0.02555912733078003,-0.2420138120651245,-0.07377688348422495,-0.011611714959144592,-0.17162036895751953,-0.0518239749980971,-0.0994911789894104,-0.2195974588394165,-0.03483212128410784,-0.1039615273475647,-0.28606700897216797,-0.07907244324813334,-0.07399724423885345,-0.21373558044433594,-0.07457247883210627,-0.05279958248138428,-0.1625615954399109,-0.06075373426208941,-1.404379451759705,-1.5012763262094915,1.304976403046747,1.249368052530337,0.8847949699005576,0.15800940422529375,0.2211599833501035,0.28952778319267003,0.3204115655336776,0.3463291153617314,0.40767854270563053,0.4283161249534949,0.06916421625005302,0.10560987429600315,0.042172287211780374,T
0.0,0.0,0.0,0.08450111746788025,-0.08340752124786377,-0.022854651440919582,0.11399471759796143,-0.2323160171508789,-0.024431926314772312,0.11291110515594482,-0.35008424520492554,-0.029126177658380215,0.14250189065933228,-0.4162593483924866,-0.03326774120801801,0.0779271125793457,-0.30753767490386963,0.00580042868381625,0.08852604031562805,-0.41947612166404724,-0.019912338932098095,0.0894794762134552,-0.49626874923706055,-0.03546350926631803,0.09015044569969177,-0.5651505589485168,-0.048519008909405414,0.01808348298072815,-0.29774510860443115,-0.003727756091446821,0.01423923671245575,-0.40263622999191284,-0.059529894148052875,0.026600182056427002,-0.3021461069583893,-0.07794025272601957,0.038280636072158813,-0.22022515535354614,-0.0755784633802783,-0.03898566961288452,-0.26633965969085693,-0.01792800531262273,-0.04104053974151611,-0.34687891602516174,-0.08037047565454358,-0.019528135657310486,-0.23731470108032227,-0.07577983022207135,-0.005507022142410278,-0.16740989685058594,-0.05465850338810796,-0.09630969166755676,-0.22015297412872314,-0.03355092660063619,-0.09787443280220032,-0.2827324867248535,-0.07868148118728513,-0.07166342437267303,-0.21056270599365234,-0.07495487213605756,-0.05273666977882385,-0.1605159044265747,-0.061570239369810764,-1.4170414921636496,-1.5233834323940076,1.3159212653712353,1.2444853262715607,0.9398034473968955,0.1578266972669783,0.22201683438008252,0.28953875008616475,0.32174959924374275,0.3488036857545372,0.40908188109480387,0.429122280253382,0.06860619901036955,0.10885469494069314,0.047730145059512556,T
0.0,0.0,0.0,0.08560805022716522,-0.08647781610488892,-0.021240498192604207,0.11360402405261993,-0.2348097562789917,-0.02176018922775569,0.11289297044277191,-0.3550828695297241,-0.02582934058457198,0.14257808029651642,-0.4186055660247803,-0.029495344750579022,0.07465912401676178,-0.3114657402038574,0.006102026652548886,0.08734314143657684,-0.4252197742462158,-0.01968792199343028,0.08894123136997223,-0.5017302632331848,-0.03512347049265685,0.09043513238430023,-0.5700722336769104,-0.04793149910121741,0.0148305743932724,-0.3016529679298401,-0.003491744885216974,0.011337652802467346,-0.4071061313152313,-0.059957283802326344,0.024190858006477356,-0.307433158159256,-0.07827918908744635,0.03598348796367645,-0.22580772638320923,-0.07546577534824195,-0.041194841265678406,-0.2704921364784241,-0.017501273445780896,-0.04463180899620056,-0.35055750608444214,-0.07917551628499808,-0.023259297013282776,-0.24294567108154297,-0.07445090941339316,-0.00954599678516388,-0.172793447971344,-0.053118027068670415,-0.0976705253124237,-0.22370952367782593,-0.03295849195867362,-0.10149998962879181,-0.2848101258277893,-0.07709319821744742,-0.07356001436710358,-0.21449142694473267,-0.07380331984906974,-0.05247427523136139,-0.16446369886398315,-0.060577686198051595,-1.4144404263756962,-1.5098679188598774,1.2988119116279442,1.2575203907668309,0.9191157050129455,0.1601906315195022,0.22030300516575185,0.28907668914990275,0.3203646516720437,0.34854416156677315,0.4096665226274786,0.4300481162592727,0.06988166924899293,0.10764694878048776,0.04372895848915046,T
0.0,0.0,0.0,0.08353312313556671,-0.08747047185897827,-0.020511610302420102,0.11068077385425568,-0.2423986792564392,-0.020092664155455076,0.1099427193403244,-0.3645928204059601,-0.02302718708226248,0.1417323797941208,-0.4262193441390991,-0.02549884455213114,0.06956283748149872,-0.31827491521835327,0.006111939103065289,0.08201105892658234,-0.4329500198364258,-0.0183116885454373,0.08447585999965668,-0.5088296234607697,-0.03273897232422396,0.08769048750400543,-0.5772440135478973,-0.045157577711434804,0.010037437081336975,-0.30911484360694885,-0.0030388115991817344,0.008020207285881042,-0.414741188287735,-0.05802237601885363,0.022191479802131653,-0.314491868019104,-0.07560900585660502,0.03311382234096527,-0.23225384950637817,-0.07263870524177118,-0.045179471373558044,-0.27807360887527466,-0.01634320417353674,-0.047423943877220154,-0.35802531242370605,-0.07604290531882807,-0.02407120168209076,-0.25003886222839355,-0.07104486213931605,-0.011282607913017273,-0.17915070056915283,-0.05011577146062418,-0.1005668044090271,-0.23127788305282593,-0.03103978918799921,-0.10251297056674957,-0.29479753971099854,-0.07390959547767206,-0.07394550740718842,-0.22465187311172485,-0.07052967684278055,-0.054417431354522705,-0.17414814233779907,-0.057624149936528646,-1.4034527460948456,-1.5009110431973474,1.2791236551964043,1.240675934280158,0.8913176838450074,0.1604025464022726,0.22230745406153288,0.29061400705834667,0.31939730617398804,0.3492804398555878,0.41021209081988275,0.42741191137932755,0.06921695923937914,0.10506185596620946,0.0434239401964853,T
0.0,0.0,0.0,0.09061384201049805,-0.0894007682800293,-0.019922918463105788,0.12152177095413208,-0.2367764115333557,-0.021326201790923704,0.12070479989051819,-0.35555896162986755,-0.026759519064778914,0.148885577917099,-0.42178070545196533,-0.03171609231268846,0.08122241497039795,-0.3120085895061493,0.007878920240347753,0.08875033259391785,-0.42596277594566345,-0.018501049661988844,0.09087422490119934,-0.5022716224193573,-0.03620744758283578,0.09308335185050964,-0.5722824335098267,-0.05116363503968202,0.023366332054138184,-0.3023921549320221,-0.003384715002010097,0.020937740802764893,-0.4048023819923401,-0.05817132332360231,0.03431621193885803,-0.30896875262260437,-0.07867569738065683,0.045073866844177246,-0.23207873106002808,-0.0793108072224804,-0.032191112637519836,-0.2712883949279785,-0.01902111508881532,-0.03621836006641388,-0.35508859157562256,-0.07918159180318796,-0.014531120657920837,-0.2490566372871399,-0.0753665369096943,-0.0013345181941986084,-0.179731547832489,-0.05622780584728204,-0.08886061608791351,-0.22448718547821045,-0.03611317166125261,-0.09319324791431427,-0.28795576095581055,-0.07919062190687143,-0.06779424846172333,-0.21988320350646973,-0.07569773756896936,-0.04954369366168976,-0.1710214614868164,-0.06342058145439111,-1.423951955342508,-1.5252568430058393,1.271353992155415,1.2457304121413528,0.9367263832292517,0.1605137333139728,0.216249185996357,0.28487518666950545,0.31977237881540327,0.34357454767651857,0.40374612323815773,0.42585542356578016,0.06995688524889952,0.11260760597676003,0.04898969486947661,T
0.0,0.0,0.0,0.08709144592285156,-0.08222603797912598,-0.01910092098881755,0.11670374870300293,-0.23480188846588135,-0.019591852782864905,0.11759054660797119,-0.3550005257129669,-0.023908473311562872,0.14941206574440002,-0.4185713529586792,-0.028052417321701384,0.07522481679916382,-0.30799615383148193,0.004360224360029363,0.0878426730632782,-0.4243471026420593,-0.020755633472104407,0.0914059579372406,-0.49973171949386597,-0.03608979447056804,0.09429538249969482,-0.5694139003753662,-0.049493459744949675,0.01637062430381775,-0.2988840937614441,-0.0064146669978395465,0.015406161546707153,-0.40296244621276855,-0.060257540776033736,0.030434131622314453,-0.3010709285736084,-0.07780829606821094,0.04036301374435425,-0.22133564949035645,-0.07624841271211658,-0.03915762901306152,-0.26790207624435425,-0.0210493185954288,-0.0392189621925354,-0.3518924117088318,-0.08044849870969806,-0.017338037490844727,-0.24116885662078857,-0.07390471337606463,-0.00707930326461792,-0.17130470275878906,-0.05290766595174823,-0.09481167793273926,-0.2212047576904297,-0.03698564483096156,-0.09375917911529541,-0.28534626960754395,-0.0801633128361896,-0.06758296489715576,-0.2146615982055664,-0.07527438340951953,-0.052595287561416626,-0.16523653268814087,-0.061799069626827574,-1.3946552604810187,-1.4979747843740507,1.2707510811856975,1.2501716790833028,0.9245539239415215,0.1605967710853884,0.22537439620496563,0.29262663049591275,0.32401466317302213,0.3522316980890985,0.4108135345150255,0.4300421066611697,0.06894830726012599,0.10857419899609257,0.04591870549691854,T
0.0,0.0,0.0,0.08084580302238464,-0.08534806966781616,-0.017827888755736154,0.10802504420280457,-0.23806673288345337,-0.015889629526672167,0.1099277138710022,-0.3585042655467987,-0.017555191917953294,0.14353978633880615,-0.4145892858505249,-0.018881752892074388,0.06498897075653076,-0.31268393993377686,0.006847522882136303,0.07804107666015625,-0.4270468056201935,-0.01753737385445575,0.08135059475898743,-0.5013124942779541,-0.030803940995273393,0.08550265431404114,-0.5674902200698853,-0.04249624515944461,0.006820857524871826,-0.30182385444641113,-0.0037462620908890187,0.006718248128890991,-0.4125206470489502,-0.06003538872176151,0.020899325609207153,-0.3082011342048645,-0.07607256974154453,0.03203094005584717,-0.22674787044525146,-0.07112724687033634,-0.04763887822628021,-0.26965659856796265,-0.01812023463719825,-0.05006924271583557,-0.3564344048500061,-0.08059856648617725,-0.025965631008148193,-0.2437220811843872,-0.0726561283605669,-0.013461142778396606,-0.17326641082763672,-0.04865103940540294,-0.10334274172782898,-0.22134584188461304,-0.03338277320438365,-0.10687209665775299,-0.28742867708206177,-0.07832403834038715,-0.07649366557598114,-0.21310484409332275,-0.07243246193104724,-0.05731955170631409,-0.16154170036315918,-0.05697911213212947,-1.372255874491978,-1.4904626075748175,1.2468325994357536,1.2300499102803142,0.9148905865858767,0.16354511420037338,0.2184459204032272,0.2878993257251177,0.32307515255882735,0.34491241359717123,0.40645571088179083,0.43033984615022924,0.07021250688750726,0.11061353893133875,0.04539855580482997,T
0.0,0.0,0.0,0.0845385491847992,-0.08328664302825928,-0.021880660226036852,0.11394503712654114,-0.23385608196258545,-0.02351720633118326,0.11349210143089294,-0.35387593507766724,-0.028139187043001,0.14311006665229797,-0.4203576445579529,-0.032233690862943476,0.0732472836971283,-0.3099466562271118,0.0016653857692805474,0.08473679423332214,-0.42463648319244385,-0.02455911973624403,0.08681875467300415,-0.4993615746498108,-0.040350547080327814,0.0881248414516449,-0.5691795647144318,-0.05383009651808912,0.014595091342926025,-0.3011047840118408,-0.008057876510013884,0.013151764869689941,-0.40527570247650146,-0.06218080038337881,0.027375459671020508,-0.30502089858055115,-0.0792336184731024,0.037903666496276855,-0.2277955412864685,-0.0772306043854254,-0.041022539138793945,-0.27009427547454834,-0.022024042924334353,-0.043484240770339966,-0.35164040327072144,-0.08208355495839292,-0.02049359679222107,-0.2425028681755066,-0.07577717492489988,-0.007786169648170471,-0.17510902881622314,-0.05486688951163465,-0.09642527997493744,-0.22347146272659302,-0.037482569014121836,-0.09832900762557983,-0.28526538610458374,-0.08084017971663648,-0.07170003652572632,-0.21386414766311646,-0.07589116880803282,-0.05487416684627533,-0.16580235958099365,-0.06242916176228697,-1.415673129582909,-1.5134685129283196,1.2629552875814867,1.2342009202810431,0.9464380730473576,0.15865477903116537,0.219427779121347,0.28795235309488515,0.3224843404317774,0.34505828183911463,0.4055742956762549,0.42797416510281605,0.06973829452448464,0.1115835155285332,0.047998891366183634,T
0.0,0.0,0.0,0.0871320515871048,-0.08094322681427002,-0.02099945951916382,0.11813245713710785,-0.23105674982070923,-0.023118840499893878,0.11781419813632965,-0.3514559268951416,-0.028438974141256068,0.14724589884281158,-0.41890421509742737,-0.033354734971300815,0.0791250616312027,-0.30706602334976196,0.0023185501646985074,0.08637888729572296,-0.4215812385082245,-0.023746766119376872,0.0882231742143631,-0.49747854471206665,-0.040336674048678134,0.08965422213077545,-0.5669965147972107,-0.05452302281476662,0.020751014351844788,-0.29682081937789917,-0.00821094956912205,0.017348885536193848,-0.3990679383277893,-0.061726221784130786,0.03098626434803009,-0.30138394236564636,-0.07991606925346062,0.04091300070285797,-0.2239862084388733,-0.07932558838941262,-0.035103484988212585,-0.26509779691696167,-0.02292480316676304,-0.0384351909160614,-0.3439595103263855,-0.08198072199441597,-0.015895679593086243,-0.23795944452285767,-0.07683452401973412,-0.0037810951471328735,-0.17115771770477295,-0.05734120492555306,-0.09111808240413666,-0.21892434358596802,-0.039035072519556735,-0.0925794392824173,-0.2807692885398865,-0.08119508807279274,-0.06819689273834229,-0.21135401725769043,-0.07647485469199822,-0.05307905375957489,-0.16422730684280396,-0.06372908686019585,-1.4170351826924847,-1.5303108603737128,1.3007400209529216,1.248959261305207,0.9631309005806302,0.15889660303755435,0.22203539030205496,0.29015078818429435,0.3240222434236302,0.34645602453172286,0.4067167463953402,0.42731232479605713,0.06919834995930968,0.11138057560471504,0.04978272107940408,T
0.0,0.0,0.0,0.08449898660182953,-0.08783453702926636,-0.01703600549268458,0.11193771660327911,-0.24300247430801392,-0.015819823007461764,0.11202849447727203,-0.36454474925994873,-0.018693239997503497,0.14333145320415497,-0.4261096119880676,-0.021575709442970492,0.07039935886859894,-0.3161027729511261,0.005551716674688123,0.08235318958759308,-0.43149760365486145,-0.01844693497884009,0.08464460074901581,-0.507403165102005,-0.03263285906183455,0.08676044642925262,-0.5777081549167633,-0.04530744032132361,0.011087015271186829,-0.3047213554382324,-0.006198767676380612,0.008708164095878601,-0.4113878011703491,-0.05922001750337813,0.023950055241584778,-0.31065425276756287,-0.07579638586508963,0.03535248339176178,-0.2304764986038208,-0.07332701758610938,-0.044210776686668396,-0.270595908164978,-0.02164249085950587,-0.04755948483943939,-0.352928102016449,-0.07982628570067618,-0.022937998175621033,-0.2448858618736267,-0.07354256288277838,-0.009563878178596497,-0.17552298307418823,-0.05288982541429732,-0.0995171070098877,-0.21928465366363525,-0.0382622607158396,-0.10456028580665588,-0.29095458984375,-0.08011994288432334,-0.07538241147994995,-0.22118765115737915,-0.07518630997407172,-0.055563196539878845,-0.1684873104095459,-0.06193765775429938,-1.4009971414117866,-1.5083365798468826,1.2549098843137156,1.221329451705297,0.8574982155193165,0.1618097556565414,0.22345418540309173,0.2935483621978901,0.3254663300057576,0.35101652640508746,0.4135592919536447,0.4332640291175867,0.07097442078513022,0.11003781309358049,0.04653426672406693,T
0.0,0.0,0.0,0.08166873455047607,-0.0864032506942749,-0.02083012669068296,0.10981115698814392,-0.23807752132415771,-0.021137245210823608,0.10853666067123413,-0.36084112524986267,-0.024813048752960754,0.14033183455467224,-0.42374128103256226,-0.028119327711877418,0.06675958633422852,-0.31352752447128296,0.003351641141804862,0.08031049370765686,-0.4299331307411194,-0.020899569827136588,0.08253628015518188,-0.5059902966022491,-0.034087775486526084,0.08490815758705139,-0.5755362212657928,-0.04576817734819372,0.008173242211341858,-0.30150169134140015,-0.006484299643901181,0.002837955951690674,-0.40986713767051697,-0.060490319716748786,0.018422693014144897,-0.3089677095413208,-0.0762811845419975,0.031785011291503906,-0.2286592721939087,-0.07277605144959409,-0.04664647579193115,-0.26794594526290894,-0.02038394308370073,-0.04997098445892334,-0.3469947576522827,-0.07993068753462751,-0.026627719402313232,-0.23877644538879395,-0.07257592885476072,-0.013836979866027832,-0.17032229900360107,-0.05053643717151601,-0.1016550362110138,-0.21896255016326904,-0.03577570079546888,-0.11033375561237335,-0.29034996032714844,-0.07814425437432249,-0.08168196678161621,-0.2218378782272339,-0.07271188704949338,-0.061765193939208984,-0.1701219081878662,-0.058732463258323264,-1.4078666821109598,-1.5016397316763166,1.2573346714197948,1.2465745159326482,0.885934327965677,0.16159668266713037,0.22324740314962235,0.29662974192160707,0.32429306993550383,0.35092119695133356,0.4170718462875876,0.4311308818634929,0.07405787276302617,0.11035517153031126,0.04792863299452333,T
0.0,0.0,0.0,0.083809494972229,-0.08670246601104736,-0.02288133842271023,0.110454261302948,-0.2377045750617981,-0.023978412201220323,0.11002287268638611,-0.3594764769077301,-0.028355939363652993,0.14126017689704895,-0.4265871047973633,-0.032431507533008386,0.071784108877182,-0.3115358352661133,0.0061185401365513314,0.08299985527992249,-0.4264791011810303,-0.019463419964129258,0.08411020040512085,-0.5049201846122742,-0.03478086931031399,0.08512791991233826,-0.575019121170044,-0.04778363001864605,0.012612879276275635,-0.3007981777191162,-0.0033758054986243735,0.008067294955253601,-0.40918266773223877,-0.059473982130700875,0.022563129663467407,-0.31047382950782776,-0.07798727793019467,0.0355171263217926,-0.22876781225204468,-0.07560611707490139,-0.04339531064033508,-0.2681834101676941,-0.01753693637769871,-0.04642464220523834,-0.35017433762550354,-0.08037746888917141,-0.02403600513935089,-0.2408965826034546,-0.07563174707215481,-0.010040491819381714,-0.17029237747192383,-0.05413252679031544,-0.0994541347026825,-0.21971368789672852,-0.03319526654999905,-0.10334031283855438,-0.2878326177597046,-0.07863623095076733,-0.07491706311702728,-0.21643811464309692,-0.07493478251021557,-0.054032355546951294,-0.16446703672409058,-0.06136711878102474,-1.40912416863394,-1.5201956959389822,1.262926424666515,1.2423998817689494,0.882686408856587,0.1586911899213606,0.2243079696490777,0.2976220415373506,0.32687322208331476,0.3497873636484192,0.41576527471161173,0.433495785802841,0.07412741087763164,0.11024381813261383,0.04437587936090302,T
0.0,0.0,0.0,0.08763870596885681,-0.08366590738296509,-0.02062694021875089,0.11960417032241821,-0.2333243489265442,-0.022496229423229153,0.12080997228622437,-0.35266441106796265,-0.027877424297873432,0.15044188499450684,-0.41990727186203003,-0.032886585606281216,0.08274829387664795,-0.30960607528686523,0.004858655935134237,0.0892634391784668,-0.42374640703201294,-0.02021609099024957,0.09117180109024048,-0.5003062188625336,-0.0364269077908439,0.0928405225276947,-0.5708982050418854,-0.050422257198039944,0.023979604244232178,-0.30004462599754333,-0.00592810280064171,0.02215149998664856,-0.40353822708129883,-0.05837826655620759,0.0365084707736969,-0.30652135610580444,-0.07718935833687013,0.04712045192718506,-0.22956043481826782,-0.07704401986116594,-0.03287777304649353,-0.2690632939338684,-0.020866392565910274,-0.03575378656387329,-0.3498574495315552,-0.07945777700657075,-0.013016581535339355,-0.2420089840888977,-0.07549748049492067,0.0005123317241668701,-0.1735038161277771,-0.056678356988374645,-0.08999884128570557,-0.22269350290298462,-0.03713231386059945,-0.09414778649806976,-0.2864052653312683,-0.07878202424759095,-0.06830593943595886,-0.21776264905929565,-0.07469027714246934,-0.050292760133743286,-0.16958171129226685,-0.062462577981893475,-1.4070008496318638,-1.532191205036936,1.2535712227602906,1.2346409901761985,0.928836542290424,0.16160500877310893,0.21658078609066322,0.28843289330730926,0.3208695747953219,0.34438611795039986,0.4079789150893342,0.42607753374348045,0.07290172403907925,0.11439747007620343,0.05095625834999487,T
0.0,0.0,0.0,0.08771924674510956,-0.07698214054107666,-0.020394462039222905,0.11733652651309967,-0.2302647829055786,-0.018876313110342213,0.11748416721820831,-0.35352811217308044,-0.020515049686184117,0.14812196791172028,-0.41681474447250366,-0.02211697666858692,0.07580210268497467,-0.30417802929878235,0.005789449094334653,0.08935211598873138,-0.4173637628555298,-0.01775329827283878,0.09214718639850616,-0.4929232895374298,-0.031150502031197735,0.09453587234020233,-0.5610138475894928,-0.04322443424676914,0.016412809491157532,-0.295171320438385,-0.0034793283506240336,0.013763874769210815,-0.40272802114486694,-0.05755850567435283,0.02865774929523468,-0.3024899363517761,-0.0743108157715704,0.04049091041088104,-0.22226452827453613,-0.07111424102400798,-0.03936503827571869,-0.26441144943237305,-0.016825622757425496,-0.04079316556453705,-0.3464469611644745,-0.07837769283865947,-0.019181668758392334,-0.23609942197799683,-0.07261956377839107,-0.007822871208190918,-0.16704052686691284,-0.0508987334272768,-0.0950019508600235,-0.21884018182754517,-0.0312979695103075,-0.09672445058822632,-0.28319042921066284,-0.07684164388989467,-0.0708169937133789,-0.21127039194107056,-0.07312046631192226,-0.05449859797954559,-0.1624423861503601,-0.0597098347446825,-1.4072451932795536,-1.4979846289988679,1.2518155084039908,1.2575250362532562,0.9479778051949561,0.15383384211006343,0.222338101011556,0.29445874520655696,0.3252082262189347,0.34303346665637197,0.4070531781253926,0.42552377514918466,0.07337514446871335,0.11225727322797417,0.04690166700324601,T
0.0,0.0,0.0,0.0892777293920517,-0.07627475261688232,-0.019703909715573786,0.12106139957904816,-0.22454392910003662,-0.018331259449880122,0.12056215107440948,-0.3440329134464264,-0.020626902541081904,0.14843471348285675,-0.4113483428955078,-0.022597504740517138,0.07973475754261017,-0.3005605936050415,0.010212548116285802,0.09203945100307465,-0.41255760192871094,-0.013652729762654303,0.09312035143375397,-0.48832887411117554,-0.02827551584498167,0.09392713010311127,-0.5574943125247955,-0.04121242645935297,0.021110117435455322,-0.2912450432777405,-0.0003190036704125987,0.01973690092563629,-0.3986201286315918,-0.05384838018373728,0.03451178967952728,-0.3022456169128418,-0.07206965792731523,0.047277823090553284,-0.22439074516296387,-0.0703302304799962,-0.0357896089553833,-0.2606658339500427,-0.015336069239239691,-0.03679901361465454,-0.34280598163604736,-0.0777016859109807,-0.015519753098487854,-0.23255425691604614,-0.07323703724698305,-0.0026291757822036743,-0.16485881805419922,-0.052366515582363604,-0.09327159821987152,-0.2158200740814209,-0.031396066730778216,-0.09321224689483643,-0.2784748077392578,-0.07740697819546938,-0.06799235939979553,-0.20530980825424194,-0.073684764986794,-0.05113394558429718,-0.1567252278327942,-0.06038864511803865,-1.425297214088035,-1.5156149185526804,1.1977135502879066,1.237584964556532,0.9513647488629149,0.15597987397348606,0.2125696587562868,0.2890975345733348,0.32351287517825594,0.33635419491055885,0.4043337133165972,0.4262142359476659,0.07768371053038489,0.11942988926257854,0.04918198840473835,T
0.0,0.0,0.0,0.08906754851341248,-0.08528375625610352,-0.0182053900534207,0.122576504945755,-0.23693126440048218,-0.018683564590840973,0.12478718161582947,-0.35963374376296997,-0.023085457014470734,0.155850350856781,-0.42637741565704346,-0.02721406214180533,0.08311626315116882,-0.3125831186771393,0.006211344876707159,0.09211978316307068,-0.4305500090122223,-0.018640649246602692,0.09381872415542603,-0.5076308846473694,-0.03424507446828429,0.09490713477134705,-0.5794587135314941,-0.047824986951976456,0.023867368698120117,-0.30275189876556396,-0.005324023983060755,0.024283364415168762,-0.40729260444641113,-0.05868370525780264,0.03749522566795349,-0.3042694628238678,-0.07633173533025328,0.04582834243774414,-0.22576665878295898,-0.07496887512746397,-0.033176034688949585,-0.27175307273864746,-0.020744782614141144,-0.03314298391342163,-0.35543292760849,-0.07990658350530211,-0.011839181184768677,-0.2434433102607727,-0.07322473146262709,-0.002221018075942993,-0.17501342296600342,-0.05221546881142203,-0.0911405086517334,-0.22585004568099976,-0.03732761062923018,-0.09265239536762238,-0.29396218061447144,-0.07910458065810744,-0.0677042305469513,-0.22226136922836304,-0.07281763173881117,-0.05340094864368439,-0.1733669638633728,-0.058740713375240006,-1.3969321833708574,-1.526643886505239,1.2929147460086472,1.2611090539692738,0.9473791184282906,0.16476637808048764,0.22880017069519779,0.2969350341368404,0.3283297048082473,0.35708093963297133,0.4159445529588418,0.4323260306235978,0.06989014230680732,0.11221488420075376,0.051206407025834816,T
0.0,0.0,0.0,0.08147351443767548,-0.07627785205841064,-0.020160703886205056,0.1082591861486435,-0.22633230686187744,-0.021128530580455163,0.10829468071460724,-0.34446218609809875,-0.025366744924241402,0.13918860256671906,-0.40706300735473633,-0.029854730669313767,0.07119293510913849,-0.2992461919784546,-0.00025474922861690175,0.0832943469285965,-0.41430357098579407,-0.026348098147565224,0.08525671064853668,-0.4914016127586365,-0.041361096281463006,0.08524562418460846,-0.5591742396354675,-0.053999810445958474,0.012478068470954895,-0.28735607862472534,-0.01106933780377517,0.006121113896369934,-0.39365941286087036,-0.0659054619855226,0.021050915122032166,-0.2973633110523224,-0.08285197146599899,0.03510276973247528,-0.21915793418884277,-0.08048303701346526,-0.044554099440574646,-0.25332677364349365,-0.025698075968676903,-0.04798994958400726,-0.3358834385871887,-0.08816401936476836,-0.025797709822654724,-0.2284654974937439,-0.0824380097574533,-0.011108875274658203,-0.1604468822479248,-0.061136125553304055,-0.10133558511734009,-0.20358049869537354,-0.04131877325838218,-0.10564374923706055,-0.27159738540649414,-0.08708290286725173,-0.07883588969707489,-0.20203828811645508,-0.0825290782040895,-0.05991017818450928,-0.15117555856704712,-0.06880607732003341,-1.4013028916008183,-1.5167851430402604,1.2504718865864703,1.2251600823777724,0.9018831708531546,0.1613929115627307,0.21480730229272457,0.2888058950370955,0.32422015813903055,0.34369375004817915,0.4102044552357995,0.433050956256874,0.07471615457365624,0.11682920725169087,0.0496741845277267,T
0.0,0.0,0.0,0.09257030487060547,-0.09402292966842651,-0.01904928553813079,0.12405502796173096,-0.24542587995529175,-0.020274211279684096,0.12249675393104553,-0.36647120118141174,-0.026261186785632162,0.14980670809745789,-0.4376218318939209,-0.031882370449238806,0.08446332812309265,-0.32242900133132935,0.01166573856062314,0.08940187096595764,-0.43788400292396545,-0.015201268344753771,0.09059202671051025,-0.5162217020988464,-0.0334482254456816,0.09253618121147156,-0.5881893038749695,-0.04847532380335906,0.023940473794937134,-0.31304067373275757,-0.001295173284233897,0.02231253683567047,-0.4226941466331482,-0.05838416386359313,0.03607064485549927,-0.32408279180526733,-0.08028006050699332,0.047322601079940796,-0.24321132898330688,-0.08049920443409064,-0.03386634588241577,-0.2816482186317444,-0.01872225906663516,-0.0364508330821991,-0.36746126413345337,-0.08179456982725242,-0.015215322375297546,-0.25645023584365845,-0.07841658089273551,-0.002016723155975342,-0.18442541360855103,-0.05799310896509269,-0.09200918674468994,-0.2335221767425537,-0.037401112354928046,-0.09566788375377655,-0.30311787128448486,-0.08166948202961066,-0.06874340772628784,-0.23049920797348022,-0.07690146062486747,-0.04904766380786896,-0.1772756576538086,-0.06286072973125556,-1.4376030038307832,-1.5404292201652365,1.2476843403126798,1.2542198947355814,0.918516714544587,0.1610915170595967,0.2197690511267129,0.2952266595517857,0.3276021850771526,0.347928255519242,0.41468726868254824,0.43462168586165834,0.07674733065393753,0.11676789245429688,0.047571297951751475,T
0.0,0.0,0.0,0.08903095126152039,-0.08772236108779907,-0.019439376556382726,0.11977407336235046,-0.23916220664978027,-0.02121621709416921,0.11917722225189209,-0.362289696931839,-0.027225400918231557,0.15102893114089966,-0.4299736022949219,-0.03319666501234586,0.07812631130218506,-0.30953502655029297,0.003952041136964013,0.08980125188827515,-0.42892715334892273,-0.02253130603681619,0.09229940176010132,-0.5054002404212952,-0.038688677960143636,0.09404915571212769,-0.5769945979118347,-0.052607841455445836,0.01819036900997162,-0.29755228757858276,-0.008428050802157472,0.01720462739467621,-0.40872713923454285,-0.06338860061119611,0.032138437032699585,-0.3067026138305664,-0.08189502325008924,0.04298630356788635,-0.225805401802063,-0.0811006795997482,-0.03858982026576996,-0.26392418146133423,-0.024895190858350347,-0.0403212308883667,-0.35021644830703735,-0.08528496291588361,-0.01712554693222046,-0.24018794298171997,-0.07908380743216092,-0.004500001668930054,-0.16952186822891235,-0.05831043016265447,-0.09556491672992706,-0.21503937244415283,-0.042715157979236196,-0.10058784484863281,-0.2891881465911865,-0.08542098816584165,-0.07261227071285248,-0.21920114755630493,-0.07968433912943418,-0.05452832579612732,-0.1659315824508667,-0.06600776281307752,-1.4084383777364646,-1.5113328621332824,1.2380440691763042,1.2242565779847259,0.8746963963726636,0.15767646609466357,0.23099321086424396,0.3033551626706819,0.33462213633112103,0.3548820456621219,0.41922066010129844,0.43709046053557365,0.0736395636633194,0.11442891760259137,0.05015698721956837,T
0.0,0.0,0.0,0.08995135128498077,-0.08378636837005615,-0.01965809459057155,0.11995314061641693,-0.23441612720489502,-0.020312244391110568,0.11808241903781891,-0.35583242774009705,-0.02504655750658813,0.14921770989894867,-0.42262551188468933,-0.029749866893556742,0.07871176302433014,-0.3075938820838928,0.0072294479775756315,0.08892200887203217,-0.4223189353942871,-0.018323457187083392,0.09120513498783112,-0.4994563162326813,-0.034172414189246325,0.09209273755550385,-0.569551557302475,-0.04788277143802944,0.018738284707069397,-0.29587769508361816,-0.004574694989290862,0.015891656279563904,-0.4055691659450531,-0.059589417969849734,0.030982092022895813,-0.3056270480155945,-0.07851478303041759,0.04191969335079193,-0.2253643274307251,-0.07739148879614177,-0.03858104348182678,-0.26267391443252563,-0.020614616891410975,-0.04064413905143738,-0.3502231538295746,-0.08372253025141063,-0.01952420175075531,-0.23820751905441284,-0.07813333565559688,-0.008611530065536499,-0.16839122772216797,-0.056514649039176135,-0.09658263623714447,-0.21424293518066406,-0.03773402268257442,-0.09717452526092529,-0.28666502237319946,-0.08375072324838939,-0.07079468667507172,-0.21264177560806274,-0.07850567097034755,-0.05462397634983063,-0.16018396615982056,-0.0640969037469894,-1.4165421182348499,-1.5197600108356306,1.2531746492443312,1.2630279197532739,0.9107590568305319,0.1576404938058383,0.22455475779272507,0.29924094009910596,0.33230557921167103,0.3478249323604574,0.41360725277256766,0.43486505816991006,0.07615338883038687,0.11648673596023085,0.046738681575519844,T
0.0,0.0,0.0,0.0852225124835968,-0.09216839075088501,-0.018004775792821448,0.11281496286392212,-0.24420934915542603,-0.017882802337869208,0.11186239123344421,-0.36747971177101135,-0.022248803452118437,0.1432093381881714,-0.43190324306488037,-0.02661605626390795,0.07152727246284485,-0.3139519989490509,0.007303645088807542,0.08393818140029907,-0.43198299407958984,-0.01797117926226477,0.086751788854599,-0.5091372728347778,-0.03325706981168608,0.09032094478607178,-0.57904452085495,-0.04630726091609816,0.011802077293395996,-0.3024860620498657,-0.004157134611620705,0.008311748504638672,-0.40902191400527954,-0.05931398905859808,0.023310542106628418,-0.3088264465332031,-0.07763364426837782,0.035008370876312256,-0.22697967290878296,-0.07592113576875548,-0.04359443485736847,-0.2694329023361206,-0.01964959204243044,-0.04726530611515045,-0.34904974699020386,-0.07924103252635817,-0.02311006188392639,-0.24135100841522217,-0.07397869490133147,-0.010009035468101501,-0.1708669662475586,-0.05352646373258452,-0.09906229376792908,-0.22084695100784302,-0.03645034767733435,-0.10538491606712341,-0.29034489393234253,-0.07830650620208601,-0.07631455361843109,-0.22195851802825928,-0.07384110502944807,-0.05579598248004913,-0.1697072982788086,-0.06081047169910292,-1.410254081123773,-1.5000199778102192,1.2726173294423546,1.2423942647376842,0.8686043820118511,0.15635772378219656,0.2317350187881473,0.30268103316944506,0.3291653552798685,0.356383414305268,0.42032727846652157,0.4346344650623583,0.07193888185693935,0.10735713988470012,0.04580163039098767,T
0.0,0.0,0.0,0.09073176980018616,-0.09147560596466064,-0.018047245466940254,0.12006509304046631,-0.2410164475440979,-0.019282797599069923,0.11947008967399597,-0.3636832535266876,-0.025177359828584045,0.1502438187599182,-0.4317949414253235,-0.03087158898436293,0.08054301142692566,-0.3125693202018738,0.009379492825038582,0.0873706042766571,-0.4295268952846527,-0.01647736901962027,0.08975160121917725,-0.5077140629291534,-0.03355769651555285,0.0910472571849823,-0.581659197807312,-0.04847898917817339,0.021803423762321472,-0.30103492736816406,-0.003605630962036699,0.02018009126186371,-0.40709400177001953,-0.058930119747154563,0.03399229049682617,-0.3037341833114624,-0.07902520733498797,0.04382011294364929,-0.22481828927993774,-0.07910732018374667,-0.03483980894088745,-0.26858264207839966,-0.02079070943021044,-0.03730839490890503,-0.3543151021003723,-0.08213729994916186,-0.014513731002807617,-0.2433440089225769,-0.07712726133488879,-0.0015489161014556885,-0.17494291067123413,-0.05680418598078951,-0.09214749932289124,-0.22046363353729248,-0.03914735304736361,-0.09712333977222443,-0.2942385673522949,-0.0828311129155086,-0.07010963559150696,-0.22274363040924072,-0.0776835738363193,-0.051260411739349365,-0.17081952095031738,-0.06416026341342196,-1.4139090625947308,-1.53177993873457,1.289581692850292,1.2292114958989793,0.8818275202848778,0.16113202116035646,0.23273448324857182,0.29835214103336855,0.32971521803096715,0.3599525484724807,0.4171237101017498,0.43478812393467803,0.06742330596950219,0.1093442872541146,0.049882212674929365,T
0.0,0.0,0.0,0.08709660172462463,-0.0894593596458435,-0.02018671986466103,0.11557185649871826,-0.24277198314666748,-0.021605114832574657,0.11759510636329651,-0.36761021614074707,-0.02696721200650387,0.15123572945594788,-0.43400558829307556,-0.03203095068042927,0.0767802894115448,-0.31331777572631836,0.006045093379860589,0.08809766173362732,-0.4331161379814148,-0.020647448867613605,0.09054356813430786,-0.5097625255584717,-0.036929301366264156,0.09301117062568665,-0.5803852677345276,-0.050662833645994,0.017324984073638916,-0.3019842505455017,-0.005229280710274509,0.015491887927055359,-0.4076724052429199,-0.062198727771693996,0.0283338725566864,-0.3024827837944031,-0.08071618099516087,0.03857073187828064,-0.22009962797164917,-0.07884601075952702,-0.03882598876953125,-0.2699718475341797,-0.020864240273887447,-0.041571155190467834,-0.35246512293815613,-0.08314005602901631,-0.02050536870956421,-0.240167498588562,-0.07648546566074543,-0.008471190929412842,-0.16948562860488892,-0.05446304325764828,-0.09501095116138458,-0.2231217622756958,-0.03789819349353962,-0.10083068907260895,-0.29162871837615967,-0.0822100298554247,-0.07437269389629364,-0.2177371382713318,-0.07663461883371525,-0.05588269233703613,-0.165338397026062,-0.06228534822171383,-1.3864206250909201,-1.5100965308184697,1.3169345582725802,1.2774330915801662,0.9755681010377603,0.15753447179700322,0.24176261402501298,0.30899370461615533,0.339234580061235,0.3643754980653291,0.42324600782956856,0.44094590066452805,0.06909934466652633,0.10917985968425917,0.0475925413851108,T
0.0,0.0,0.0,0.0829266905784607,-0.08635449409484863,-0.021543078200043198,0.11117511987686157,-0.23523855209350586,-0.023016935289920326,0.11204996705055237,-0.35343384742736816,-0.02789433680576181,0.1427004039287567,-0.4199789762496948,-0.032579084933818336,0.07445722818374634,-0.30754005908966064,0.005917448940603975,0.08550599217414856,-0.4223040044307709,-0.019936453626574036,0.08685222268104553,-0.5001915991306305,-0.03542750895124769,0.08760005235671997,-0.5703042447566986,-0.048428757191718574,0.015505045652389526,-0.2967936396598816,-0.0046302569853970965,0.012409046292304993,-0.40320152044296265,-0.06084951952201223,0.025636672973632812,-0.30199134349823,-0.07915524214607572,0.037859171628952026,-0.22021299600601196,-0.07667216479879713,-0.0417177677154541,-0.26487910747528076,-0.019688606337727066,-0.04359215497970581,-0.3475141227245331,-0.08320342570644712,-0.022424057126045227,-0.23636174201965332,-0.07798503905636167,-0.009018808603286743,-0.16625821590423584,-0.056154424400151726,-0.09969715774059296,-0.21792256832122803,-0.035986496211112495,-0.10329966247081757,-0.28830838203430176,-0.08208466142517423,-0.07695220410823822,-0.2150612473487854,-0.07744093805652952,-0.058083921670913696,-0.1618708372116089,-0.06314413815838193,-1.4017780154970008,-1.5208204120296933,1.286784350192064,1.2506406445205553,0.9321720321458,0.16010538746421007,0.22560614099102244,0.2956229755645207,0.3270078849878369,0.35360717988664936,0.4154375978707925,0.4336377159419803,0.07147491396626642,0.11228928998234018,0.049260881154639675,T
0.0,0.0,0.0,0.08097068965435028,-0.08230513334274292,-0.01958782427399619,0.10842613875865936,-0.2316083312034607,-0.02033262528865798,0.10934726893901825,-0.3525437116622925,-0.024589672837548093,0.140644833445549,-0.41914668679237366,-0.029054926861219244,0.07123003900051117,-0.3028663992881775,0.004592083707310124,0.08378393948078156,-0.42015236616134644,-0.020065559227161245,0.08615009486675262,-0.4977618455886841,-0.033712290380291776,0.08780910074710846,-0.5667369961738586,-0.045637209121279554,0.01291772723197937,-0.2926846146583557,-0.006508050639324026,0.009913399815559387,-0.40152648091316223,-0.06086254135160907,0.023549705743789673,-0.30015426874160767,-0.0777093620636986,0.034621819853782654,-0.21782970428466797,-0.07463830724745257,-0.04310891032218933,-0.2598852515220642,-0.021683180857591466,-0.046134188771247864,-0.34098517894744873,-0.08247736111670001,-0.024651989340782166,-0.23129796981811523,-0.07620515689640506,-0.012069657444953918,-0.16287708282470703,-0.05454333141832812,-0.09975460171699524,-0.21171915531158447,-0.03796184823303683,-0.10807596147060394,-0.28284865617752075,-0.08171020463495715,-0.08089819550514221,-0.21250379085540771,-0.07665039614229663,-0.06122012436389923,-0.1618129014968872,-0.06280470654755099,-1.4006592952514791,-1.5080485352780217,1.2885861189746706,1.2611248118670482,0.9132772619974798,0.15676260419214627,0.22752891433197617,0.2983216814877695,0.32706289646781067,0.35293793389528766,0.4160271577053266,0.4314779628059263,0.07211022574961329,0.11101153303143943,0.04916198613002548,T
0.0,0.0,0.0,0.08758378028869629,-0.08712601661682129,-0.02222079777390462,0.1169060468673706,-0.23938030004501343,-0.023676445644802868,0.11624225974082947,-0.36352279782295227,-0.02846954011589986,0.14977794885635376,-0.43142521381378174,-0.032865587559051335,0.07549214363098145,-0.31306642293930054,0.006341503995948017,0.0871661901473999,-0.43053048849105835,-0.0191533453133772,0.09081286191940308,-0.5075836777687073,-0.034184358951158345,0.09327450394630432,-0.5791133344173431,-0.04717764624626142,0.016941368579864502,-0.3027263879776001,-0.004169830058224022,0.015241578221321106,-0.41274040937423706,-0.05893224471480352,0.02970576286315918,-0.31012046337127686,-0.07640253001124364,0.040632665157318115,-0.22979557514190674,-0.07397218042284948,-0.039782941341400146,-0.27076584100723267,-0.01936917745739919,-0.03959342837333679,-0.3522920608520508,-0.08214996748835546,-0.019153356552124023,-0.2389337420463562,-0.0758668779698084,-0.007878601551055908,-0.17076635360717773,-0.053640261229581654,-0.09752337634563446,-0.2242158055305481,-0.035932868656225025,-0.10204117000102997,-0.2948073744773865,-0.08110995584399205,-0.07560981810092926,-0.22072941064834595,-0.0756820886698435,-0.057811856269836426,-0.16939866542816162,-0.061239331897802174,-1.4012714077581716,-1.504056404095766,1.2567035511969469,1.2619598837278554,0.943857794120171,0.15812786046144775,0.22927538931314423,0.3046286744391769,0.3342924456986896,0.35326202758900843,0.4206889676334972,0.4366843233140801,0.07640544478404084,0.1154950670028455,0.04995198192029659,T
0.0,0.0,0.0,0.08265194296836853,-0.07503014802932739,-0.022017302809988593,0.11090925335884094,-0.22413033246994019,-0.022179716153775786,0.11189457774162292,-0.3453524708747864,-0.025412491409813498,0.1421203911304474,-0.41253650188446045,-0.028544860779081915,0.07451176643371582,-0.2986665964126587,0.005772397966349985,0.08752438426017761,-0.4119994044303894,-0.018054776712094878,0.08943057060241699,-0.48929405212402344,-0.03133834794047985,0.09127917885780334,-0.5575000941753387,-0.0431969676900259,0.016395702958106995,-0.2892615795135498,-0.003584049762000774,0.01313665509223938,-0.3969045877456665,-0.057936924396788214,0.02560564875602722,-0.29909318685531616,-0.07519214123371754,0.03788566589355469,-0.21794748306274414,-0.07228806882980976,-0.03975933790206909,-0.2581762671470642,-0.017425951435004805,-0.041831836104393005,-0.3370736241340637,-0.07951096713427219,-0.02168537676334381,-0.22899788618087769,-0.07463896542671833,-0.008204385638237,-0.16017532348632812,-0.05348716199282322,-0.0966172069311142,-0.21292489767074585,-0.03249459609273586,-0.10261817276477814,-0.2776520252227783,-0.07789386331919346,-0.07660265266895294,-0.20777857303619385,-0.07466427504900608,-0.05657599866390228,-0.15813422203063965,-0.061855695097481345,-1.4066284475809716,-1.506106028112222,1.278108403000475,1.2592927094317758,0.9396947103917571,0.15362054535519667,0.22074819181866198,0.29374087708905744,0.32280144874540123,0.3437249524547851,0.40958998157659166,0.4258570809014114,0.07390477164788543,0.11180622641991005,0.04841465730393147,T
0.0,0.0,0.0,0.08325105905532837,-0.08108961582183838,-0.01996819738072375,0.11327341198921204,-0.229744553565979,-0.020604314913573063,0.11429938673973083,-0.3487594723701477,-0.024681417902531422,0.14526164531707764,-0.4157552421092987,-0.028675584753575123,0.07442447543144226,-0.30104249715805054,0.004743205683706009,0.08643162250518799,-0.4178318381309509,-0.01959007669013957,0.09091931581497192,-0.4937451481819153,-0.03309175062698344,0.0943463146686554,-0.5628966987133026,-0.044885278379144466,0.016526445746421814,-0.29086577892303467,-0.00609303235781411,0.015067577362060547,-0.39821261167526245,-0.06010628182214717,0.02929866313934326,-0.2950824499130249,-0.07655283871811847,0.038919806480407715,-0.21322238445281982,-0.07325409415883044,-0.03956142067909241,-0.2598416209220886,-0.0211247193418167,-0.039125680923461914,-0.3373928368091583,-0.0828040099493883,-0.01834958791732788,-0.22427576780319214,-0.07621035787981967,-0.008356064558029175,-0.1567363142967224,-0.053911749904575146,-0.09667044878005981,-0.2151188850402832,-0.037187535946788586,-0.09935712814331055,-0.28248268365859985,-0.0815290740482233,-0.0734667032957077,-0.2083113193511963,-0.07577571335953692,-0.05756475031375885,-0.1587008833885193,-0.06121592659276942,-1.400492258240986,-1.4948627149114315,1.2900034553355229,1.276905362263581,0.9646877481204731,0.15570157079036206,0.22875345924742607,0.3011464855389302,0.3274377652347813,0.3540398619696386,0.4189439539702727,0.4317999870196358,0.07365924316827098,0.11082357049865917,0.04924788610207139,T
0.0,0.0,0.0,0.08081187307834625,-0.08564263582229614,-0.017916516341150768,0.10832811892032623,-0.24027180671691895,-0.016473132125915058,0.11145351827144623,-0.3616117835044861,-0.01899770920711852,0.14391718804836273,-0.42219898104667664,-0.021576791010678775,0.06870000064373016,-0.31205254793167114,0.005938050396858685,0.08222059905529022,-0.42600685358047485,-0.017256527148068912,0.08603574335575104,-0.5014094114303589,-0.02992636611300803,0.0900542289018631,-0.5690501928329468,-0.04127181036013461,0.009849339723587036,-0.30182647705078125,-0.0047208652234385085,0.0072067975997924805,-0.4064790606498718,-0.058992189295471675,0.021162107586860657,-0.303703248500824,-0.0751724922432313,0.03232215344905853,-0.22136914730072021,-0.07131499884265757,-0.045439958572387695,-0.27007144689559937,-0.01914290239650107,-0.04736514389514923,-0.3471580147743225,-0.07927727786439753,-0.02480939030647278,-0.23658788204193115,-0.07325226900714732,-0.012069329619407654,-0.16611963510513306,-0.05164824140805102,-0.10106749832630157,-0.2223946452140808,-0.03463711676734782,-0.1072218269109726,-0.2879699468612671,-0.07804608432191706,-0.077821746468544,-0.21709156036376953,-0.07408541528123713,-0.05629022419452667,-0.1647621989250183,-0.060802054531754024,-1.3776133146302447,-1.4878956190244375,1.2984243819433994,1.2601682425190235,0.9102718933292885,0.15641769967338562,0.22975220101154287,0.299847336342957,0.3261237567337719,0.3524416291508007,0.4156708500194528,0.42995985971969364,0.0708739188056386,0.10514989337159948,0.04424172408492774,T
0.0,0.0,0.0,0.08117581903934479,-0.08878219127655029,-0.018504616932515816,0.1084265261888504,-0.2383023500442505,-0.018671768845562653,0.10808856785297394,-0.35729408264160156,-0.023141830356363968,0.13818906247615814,-0.421947181224823,-0.02724399337316008,0.07176156342029572,-0.3141135573387146,0.010814324824567123,0.08024613559246063,-0.4272686839103699,-0.014472846069876866,0.08286602795124054,-0.5034795999526978,-0.029808986128811554,0.08388598263263702,-0.571182131767273,-0.04255691835427733,0.014313295483589172,-0.3027588725090027,-0.000781512598079459,0.012148872017860413,-0.40833309292793274,-0.05644043454671355,0.02612145245075226,-0.30516517162323,-0.074691998900418,0.03687243163585663,-0.22559082508087158,-0.07206566178942175,-0.042005136609077454,-0.2705507278442383,-0.016811109276060776,-0.04359091818332672,-0.3531363904476166,-0.07969811850929709,-0.022413834929466248,-0.24307584762573242,-0.07402396494293662,-0.009851530194282532,-0.17545747756958008,-0.05184714415812941,-0.10056328773498535,-0.2231677770614624,-0.03392235854411574,-0.1060427874326706,-0.29427671432495117,-0.0787782176747367,-0.07833833992481232,-0.22260111570358276,-0.07382500463867636,-0.058850690722465515,-0.17064237594604492,-0.05945006677651854,-1.4101275347823001,-1.5236671079155257,1.2863838254386266,1.2447375909244367,0.8996379079810485,0.1588077294841133,0.22095447106352073,0.2875294612492167,0.3193411490816351,0.3487744618439561,0.40667520609309404,0.4252127160772714,0.06853087728748421,0.110373222370052,0.04923517986269184,T
0.0,0.0,0.0,0.08376184105873108,-0.08332246541976929,-0.01872596760623324,0.11095073819160461,-0.23506766557693481,-0.01791339797310698,0.11151614785194397,-0.3553718328475952,-0.02074141298763621,0.14499202370643616,-0.4156714081764221,-0.023363363569306017,0.07280436158180237,-0.3061797618865967,0.008617502996994375,0.08397242426872253,-0.4205520749092102,-0.014964564343618036,0.08532047271728516,-0.49593502283096313,-0.028210141336248995,0.08674648404121399,-0.5646130740642548,-0.04013766219251025,0.014469385147094727,-0.29593992233276367,-0.0020053825468586695,0.013613924384117126,-0.40239349007606506,-0.056382200320886255,0.025906741619110107,-0.29941999912261963,-0.07261612509720194,0.0372614860534668,-0.21849459409713745,-0.06882023309700358,-0.04141053557395935,-0.264692485332489,-0.01689394248061049,-0.040897101163864136,-0.3476104438304901,-0.07897664849989283,-0.01983964443206787,-0.23723763227462769,-0.07271781062118876,-0.006781250238418579,-0.1685137152671814,-0.050479086687492014,-0.09807755053043365,-0.21866285800933838,-0.03274140005342829,-0.10094186663627625,-0.2867184281349182,-0.07851036881439555,-0.07549524307250977,-0.21344739198684692,-0.07435134296648371,-0.05800516903400421,-0.16254711151123047,-0.06063657497398722,-1.3844959885830916,-1.5168999465544697,1.284577762370108,1.2251953865754766,0.9506683266526493,0.15992549117740967,0.22468770494500725,0.2900380179358535,0.32446844195198316,0.34963805170575346,0.40699157131190594,0.4273290059330144,0.06661719649378309,0.11048011757441033,0.05157024546341891,T
0.0,0.0,0.0,0.08843822777271271,-0.08464282751083374,-0.020607175565062974,0.119938924908638,-0.23232239484786987,-0.02139647517233989,0.1210213452577591,-0.3529195785522461,-0.02591552238792083,0.15157558023929596,-0.4200969934463501,-0.029839299878775094,0.08403043448925018,-0.3054977059364319,0.01051296826571324,0.0937027782201767,-0.41881176829338074,-0.014383948667644475,0.09497226774692535,-0.49612730741500854,-0.029939182362257455,0.09536410868167877,-0.5679423213005066,-0.04331212144225738,0.025696903467178345,-0.29906564950942993,-0.00031622900624661554,0.026516437530517578,-0.407352089881897,-0.05415942545860908,0.035621657967567444,-0.3052728772163391,-0.07185892041653297,0.044586166739463806,-0.22577500343322754,-0.06959873463839195,-0.03169502317905426,-0.2705878019332886,-0.015898410490452264,-0.029547736048698425,-0.3551976978778839,-0.07745454486340186,-0.013277977705001831,-0.2431943416595459,-0.0713107364985337,-0.0030975788831710815,-0.17461395263671875,-0.04937142532199523,-0.09077055752277374,-0.22636491060256958,-0.03284136231869361,-0.09238861501216888,-0.2987915873527527,-0.07748211201161048,-0.06884483993053436,-0.22585439682006836,-0.0725660699221482,-0.051761552691459656,-0.17344796657562256,-0.058540303519665216,-1.4038818209447905,-1.5276381294399521,1.3185548732669394,1.2812018424773306,0.9355544028241053,0.15817070051996301,0.22182824527931103,0.2901477373306005,0.31965877445297297,0.34591454552298684,0.4054650533817122,0.4210365259027844,0.0699370625291562,0.10964032937672659,0.04867794028416226,T
0.0,0.0,0.0,0.0893864780664444,-0.07984673976898193,-0.022484124651640514,0.12063570320606232,-0.22826731204986572,-0.023823677575677493,0.12300004065036774,-0.34793609380722046,-0.028493880307763675,0.15631751716136932,-0.41257524490356445,-0.03244424705812321,0.08539111912250519,-0.29739391803741455,0.009958574534863374,0.09586025774478912,-0.40853172540664673,-0.01583011356601105,0.09845088422298431,-0.4853944182395935,-0.032271203598469356,0.09956271946430206,-0.556139200925827,-0.046429180553644755,0.027132168412208557,-0.28928887844085693,-0.00022765158686866016,0.027427002787590027,-0.3933684229850769,-0.055938580086916545,0.03886385262012482,-0.29204732179641724,-0.07540322934696064,0.04871733486652374,-0.21364545822143555,-0.07418041770765171,-0.03067745268344879,-0.2609182596206665,-0.015326968407720187,-0.029702916741371155,-0.3426511287689209,-0.07961990778753147,-0.012775003910064697,-0.22997522354125977,-0.07412140910932408,-0.002982422709465027,-0.16336923837661743,-0.05202786346384869,-0.08972077071666718,-0.21846389770507812,-0.03176268657156811,-0.08787268400192261,-0.2825283408164978,-0.07875730936834202,-0.06585650146007538,-0.2071223258972168,-0.07389226650306568,-0.051771655678749084,-0.15867161750793457,-0.05947960262605534,-1.3795631740168173,-1.5160805269189384,1.2928296236428753,1.2941666434962513,1.0052645802108635,0.1543752458472445,0.22616555719048229,0.2957703577641955,0.328280605363679,0.3462473349017403,0.4059356471958894,0.4253029190682766,0.07211493059901321,0.11454326860885937,0.04901486402671091,T
0.0,0.0,0.0,0.09241421520709991,-0.08692657947540283,-0.020603220245288156,0.12774859368801117,-0.23807162046432495,-0.02146252550785377,0.1313713937997818,-0.3606070876121521,-0.026187234824941896,0.16352365911006927,-0.4279535114765167,-0.030421086853788637,0.08919163048267365,-0.31280654668807983,0.008452784003271319,0.10046176612377167,-0.43090391159057617,-0.017448415315197252,0.10377447307109833,-0.5085508823394775,-0.03333400123421981,0.10643135011196136,-0.5812068283557892,-0.046739152899430536,0.029893308877944946,-0.3044945001602173,-0.0030798281416757334,0.03249678015708923,-0.41297391057014465,-0.05894474246208503,0.04188922047615051,-0.30879271030426025,-0.0778703049630387,0.049878671765327454,-0.22786372900009155,-0.0760683298916085,-0.02842395007610321,-0.27547115087509155,-0.01913744703535869,-0.02730397880077362,-0.3587622344493866,-0.08227812804882362,-0.009825125336647034,-0.24475669860839844,-0.07713092424576118,0.0007070153951644897,-0.17484164237976074,-0.055489755502389215,-0.08845603466033936,-0.23147976398468018,-0.03641231664125755,-0.08942583203315735,-0.3033008575439453,-0.08121612974111869,-0.06532701849937439,-0.22765499353408813,-0.07566600598995521,-0.04883754253387451,-0.1738053560256958,-0.061055801144288324,-1.384572385842398,-1.5066530644460807,1.3156783641743806,1.2890118895625864,0.968893652992072,0.1635423825228009,0.23011106926884173,0.3009566044270163,0.33119264013971444,0.3578401197329168,0.4198931999028342,0.4359866840629332,0.07231316242399617,0.11254865016607195,0.049555394356129615,T
0.0,0.0,0.0,0.09580901265144348,-0.08714085817337036,-0.018548596868901424,0.13111340999603271,-0.23644888401031494,-0.018964406321435145,0.13542065024375916,-0.359978586435318,-0.02388668454685705,0.16941988468170166,-0.424709677696228,-0.02840467191734808,0.09321165084838867,-0.3095349073410034,0.012724296902627774,0.10290783643722534,-0.42791223526000977,-0.011723814750700168,0.10698843002319336,-0.5061293840408325,-0.027603956157951526,0.11068451404571533,-0.5795137584209442,-0.04159661963084238,0.03426772356033325,-0.3016064763069153,0.0004928790292191287,0.036829084157943726,-0.40840864181518555,-0.0525250083158304,0.04589562118053436,-0.3054344654083252,-0.0712790249238302,0.0542868971824646,-0.22762900590896606,-0.07065700575211542,-0.024433717131614685,-0.2735481262207031,-0.0162367021987726,-0.0229930579662323,-0.35852497816085815,-0.0777037201772024,-0.006066441535949707,-0.24495506286621094,-0.07204107030728357,0.00435386598110199,-0.17609959840774536,-0.05096995293596285,-0.08537895977497101,-0.2308315634727478,-0.034031128729372195,-0.08673234283924103,-0.30431973934173584,-0.07782872601845758,-0.06491178274154663,-0.2293328046798706,-0.0714117495665838,-0.05053330957889557,-0.17683279514312744,-0.056743374312906436,-1.370061105141285,-1.5061670839644419,1.3065143852458183,1.283552884037949,0.9977290442412555,0.16557218115604785,0.22824634937413119,0.29841876960655866,0.3313945632771963,0.3563756027539906,0.41719203158377255,0.43375470584260706,0.07175365804182468,0.1164797440487478,0.054892072455016386,T
0.0,0.0,0.0,0.09689557552337646,-0.08795315027236938,-0.018687283497486717,0.1329948902130127,-0.23955601453781128,-0.018527852248583443,0.1378920078277588,-0.3652845621109009,-0.022812632721100456,0.17215412855148315,-0.4292910695075989,-0.026701150339279778,0.09475782513618469,-0.31085777282714844,0.012393423478867405,0.10473915934562683,-0.4292299747467041,-0.012958447326157696,0.1078663170337677,-0.5086308419704437,-0.02940316486004413,0.11036565899848938,-0.582830399274826,-0.043558899190459854,0.03551402688026428,-0.30321604013442993,0.00034781726477994823,0.0398152619600296,-0.4118232727050781,-0.055206850048337586,0.048509836196899414,-0.3076478838920593,-0.07503215211275638,0.05528697371482849,-0.2267007827758789,-0.0740022658074242,-0.02252596616744995,-0.27540236711502075,-0.016108317177925713,-0.019983679056167603,-0.3608899414539337,-0.07878620165232242,-0.003948181867599487,-0.24657011032104492,-0.0734698994720322,0.005025878548622131,-0.17550909519195557,-0.05179140704515994,-0.08251278102397919,-0.23224729299545288,-0.033705137547288544,-0.08413709700107574,-0.3036813735961914,-0.0780860407913071,-0.0610935240983963,-0.22868692874908447,-0.07235971825960696,-0.045372217893600464,-0.17543673515319824,-0.057706631597314484,-1.3672650624514813,-1.5134716837161457,1.3179103351902521,1.3016746036557671,0.9917812673182382,0.1655057121523924,0.23388192781327746,0.30387027238044306,0.33430485259454784,0.36036365704696655,0.42072213408019843,0.43614663115207186,0.07174096852563717,0.11296138912886511,0.05039814838835628,T
0.0,0.0,0.0,0.09647580981254578,-0.0801311731338501,-0.01557524082891959,0.13507121801376343,-0.22918665409088135,-0.013763356485295475,0.14064788818359375,-0.35237517952919006,-0.016231853977668464,0.17077863216400146,-0.4128963053226471,-0.018525176213014305,0.0961683988571167,-0.30438631772994995,0.011490475854945004,0.10725006461143494,-0.4190390706062317,-0.010991131418276012,0.1098564863204956,-0.4953343868255615,-0.02559439139150399,0.11247840523719788,-0.5643132328987122,-0.03871915908240098,0.03808683156967163,-0.2986549735069275,-0.0005327460210615698,0.04302431643009186,-0.4038667380809784,-0.050222982183921516,0.049796998500823975,-0.3078106641769409,-0.06757068680309075,0.055694520473480225,-0.23153632879257202,-0.0669013489940049,-0.01874619722366333,-0.2720814347267151,-0.016479043752777756,-0.016052424907684326,-0.3544621765613556,-0.07326749013446587,-0.0017573237419128418,-0.24694067239761353,-0.0682412167050721,0.0059424638748168945,-0.17898398637771606,-0.04906453983567971,-0.07735210657119751,-0.23000824451446533,-0.03338776575111169,-0.07826858758926392,-0.30103570222854614,-0.0738520924904229,-0.05734710395336151,-0.23106718063354492,-0.06897205160640496,-0.04289790987968445,-0.17956757545471191,-0.05646505998157281,-1.3788212532797872,-1.5081300552214054,1.3142407038102375,1.3115715788839157,0.9715275812007123,0.16225289648043922,0.2147924436533691,0.2861571864036539,0.3163857784438658,0.337586844345757,0.3997856113298817,0.4149349590252871,0.07236722897199303,0.11145052106847672,0.04884386025582102,T
0.0,0.0,0.0,0.09113071858882904,-0.07651007175445557,-0.014598243237145425,0.1285887211561203,-0.22838985919952393,-0.01229596074730921,0.1330762654542923,-0.3523373603820801,-0.014067551419742585,0.1677977591753006,-0.4115508794784546,-0.015557280108936311,0.09129495918750763,-0.306060791015625,0.011388609818510531,0.10297735035419464,-0.419607937335968,-0.009886396416135312,0.10509653389453888,-0.49289363622665405,-0.022445686460144998,0.10791932046413422,-0.5610257685184479,-0.03460046678841877,0.03388126194477081,-0.3003220558166504,-0.001008940227933408,0.038303524255752563,-0.4063248336315155,-0.04886800080598164,0.046069756150245667,-0.30908674001693726,-0.06393870741189289,0.05416150391101837,-0.23721909523010254,-0.06244783133328724,-0.023429706692695618,-0.2731742262840271,-0.017322546169765474,-0.020058706402778625,-0.35357582569122314,-0.0749037045246439,-0.004794105887413025,-0.24230563640594482,-0.06896118104518223,0.004219844937324524,-0.17904818058013916,-0.04936519667566586,-0.08223804831504822,-0.23135679960250854,-0.03424770414889622,-0.08175116777420044,-0.2993960380554199,-0.07643818140090275,-0.06143468618392944,-0.2273840308189392,-0.07187503606141377,-0.04836645722389221,-0.18106794357299805,-0.059740066826947213,-1.3599105078047713,-1.5056859630789017,1.2598390177785932,1.2850830431466747,0.9780498660600532,0.16102226515611193,0.2080979805517177,0.2842802121524595,0.3159894811462493,0.3282387309666909,0.3958035610144302,0.41084448766513626,0.07666827643985522,0.11689711137107231,0.052625075938549586,T
0.0,0.0,0.0,0.09595924615859985,-0.08108651638031006,-0.015571956228410677,0.13400337100028992,-0.22669363021850586,-0.015135173391496615,0.14014917612075806,-0.34649014472961426,-0.019506239969229178,0.17110610008239746,-0.4078036844730377,-0.023602436933612303,0.09808364510536194,-0.30312737822532654,0.012647853527272268,0.10863304138183594,-0.4169278144836426,-0.011266302023028807,0.11098197102546692,-0.4928036332130432,-0.027923825833892302,0.11308583617210388,-0.5618441700935364,-0.042277928147410826,0.04012760519981384,-0.29693084955215454,-0.00026007534721106396,0.044972434639930725,-0.4022749066352844,-0.0508631129599566,0.054440081119537354,-0.30797961354255676,-0.07049829483399339,0.0617196261882782,-0.2314225435256958,-0.07169444084534593,-0.017195165157318115,-0.2700517773628235,-0.01727905467519708,-0.013125121593475342,-0.3530457317829132,-0.07440369546780534,0.004289314150810242,-0.24609559774398804,-0.07132669508824296,0.013164624571800232,-0.1771336793899536,-0.05369299620757051,-0.07636992633342743,-0.22763192653656006,-0.03532647312054582,-0.07443489134311676,-0.297137975692749,-0.07598160177836366,-0.05247434973716736,-0.22699981927871704,-0.07211144984135576,-0.03788420557975769,-0.1746816635131836,-0.06044098705420442,-1.3687293140117665,-1.512874264882121,1.252402872096109,1.2549940846768208,0.9422911384763739,0.16460504923731584,0.20754688037374816,0.2795606569807251,0.3130859698504034,0.33439039883322,0.3974750434745106,0.4155559649531463,0.07283453130984817,0.11463180521770344,0.051107684761712124,T
0.0,0.0,0.0,0.09773197770118713,-0.07904285192489624,-0.01911248366242546,0.13890179991722107,-0.22008651494979858,-0.018467505526601258,0.14085477590560913,-0.34024810791015625,-0.021937889111100617,0.16758227348327637,-0.4032987952232361,-0.02463846753245491,0.10260853171348572,-0.30065739154815674,0.015548952791036186,0.11252748966217041,-0.41578781604766846,-0.009451284137426796,0.11609631776809692,-0.4924159646034241,-0.027079788100778046,0.11810702085494995,-0.561387300491333,-0.04188473063415188,0.04505780339241028,-0.29563963413238525,0.004024208924860773,0.05127909779548645,-0.40161406993865967,-0.04826898413604397,0.05868875980377197,-0.3082353472709656,-0.06963083806341785,0.06396239995956421,-0.23470288515090942,-0.07120059343880314,-0.012138068675994873,-0.2699117064476013,-0.012368577596603814,-0.009203329682350159,-0.3551843464374542,-0.0736198118597855,0.003811478614807129,-0.24499118328094482,-0.07120639744108814,0.010946422815322876,-0.17867380380630493,-0.052545595046936455,-0.07222093641757965,-0.22959977388381958,-0.029922434192954483,-0.07279691100120544,-0.2975451648235321,-0.07461810770338673,-0.05366244912147522,-0.22451776266098022,-0.07129456761187214,-0.039809733629226685,-0.17519623041152954,-0.058911631879269066,-1.4155142540410313,-1.511423493393082,1.2699780072967037,1.322982720292639,1.0335037285326867,0.16564955816583946,0.19789304960555376,0.27384516881539067,0.3082891900275313,0.33114097783001645,0.39743303123556745,0.41723044466601356,0.07713593059579321,0.119623148545094,0.05087515045422116,T
0.0,0.0,0.0,0.09706628322601318,-0.07711279392242432,-0.018640391383158317,0.1389470100402832,-0.2174692153930664,-0.017170993465768447,0.14190804958343506,-0.3371533453464508,-0.019522450718866935,0.16913571953773499,-0.3979266881942749,-0.02096170731245195,0.10283637046813965,-0.2976779341697693,0.014934198144985089,0.11359560489654541,-0.40993380546569824,-0.009609691653238883,0.11544069647789001,-0.48406776785850525,-0.02592483148335134,0.11636656522750854,-0.5512024462223053,-0.03948517315446054,0.0451270192861557,-0.29348859190940857,0.003967641998244176,0.04914960265159607,-0.3958956003189087,-0.047669442225085845,0.05310320854187012,-0.30315959453582764,-0.0669213066285721,0.05825841426849365,-0.232452392578125,-0.06684773959575807,-0.011659994721412659,-0.26936984062194824,-0.011866429675208678,-0.011589422821998596,-0.3462412357330322,-0.073065249103891,-3.312528133392334e-05,-0.23588347434997559,-0.06960186906515275,0.008385658264160156,-0.17290151119232178,-0.05004893415032541,-0.07061997056007385,-0.2316446304321289,-0.028717925626622787,-0.07242584228515625,-0.2906433343887329,-0.0723933929985634,-0.0551476776599884,-0.21668154001235962,-0.06794766135870134,-0.041449517011642456,-0.17183595895767212,-0.05483539946733629,-1.4050413381561575,-1.5174785191469407,1.3588853061370303,1.3659167694420833,1.11701321477089,0.16210503275865254,0.1991871465065693,0.27654459402457754,0.3089711308509196,0.32400332391202946,0.39341005797156114,0.41088300947206563,0.07767624646759,0.11668771822701443,0.04984656554201839,T
0.0,0.0,0.0,0.09453189373016357,-0.07183456420898438,-0.019539384389194225,0.13590577244758606,-0.2123510241508484,-0.019525531897219395,0.1387043297290802,-0.33111536502838135,-0.02313216238644955,0.16908729076385498,-0.38897064328193665,-0.025934586519273495,0.1028689444065094,-0.29270491003990173,0.01272561472478273,0.1129884421825409,-0.40343695878982544,-0.011506865950199341,0.11448478698730469,-0.47680243849754333,-0.027658084625276302,0.11620020866394043,-0.5429807305335999,-0.04130613825646279,0.04457351565361023,-0.28911808133125305,0.0021761697867042074,0.048691511154174805,-0.391191303730011,-0.047961447605761265,0.05309602618217468,-0.2975082993507385,-0.06629573575583336,0.059173524379730225,-0.22534513473510742,-0.06619789473143456,-0.013021349906921387,-0.2653964161872864,-0.013188222641023373,-0.010949477553367615,-0.3444221019744873,-0.07287385336485741,0.00010192394256591797,-0.2341160774230957,-0.06864547006216881,0.007564768195152283,-0.16889864206314087,-0.0491626972648227,-0.07243169844150543,-0.22770583629608154,-0.02967362872687218,-0.07248370349407196,-0.29092493653297424,-0.07285700015154717,-0.05558624863624573,-0.21802514791488647,-0.06831506661501763,-0.04330401122570038,-0.17055320739746094,-0.055353675255449986,-1.385091018923007,-1.517580329351783,1.3457374429028097,1.360614470744857,1.099460638836317,0.16283780405147943,0.19711505038416635,0.27298573409136734,0.3046575806691302,0.32271413733940174,0.38953699161988187,0.405146709417616,0.07648313702958048,0.11620585443572208,0.05089568062432113,T
0.0,0.0,0.0,0.09429317712783813,-0.07070928812026978,-0.01687367066419654,0.13491228222846985,-0.21253949403762817,-0.015569700781767892,0.13948410749435425,-0.3301427364349365,-0.018456280153756666,0.17346522212028503,-0.3857978582382202,-0.02127585552311473,0.09798240661621094,-0.28904592990875244,0.013904454264277888,0.10932081937789917,-0.39641720056533813,-0.008925748911266851,0.11255675554275513,-0.4698830246925354,-0.02355643912828498,0.1149107813835144,-0.5359216332435608,-0.036437889483337926,0.040163084864616394,-0.2867732048034668,0.0020122815235055214,0.04476594924926758,-0.39236438274383545,-0.04883565187132888,0.05182561278343201,-0.29811885952949524,-0.06711470886743598,0.058795422315597534,-0.2223447561264038,-0.06639176413095527,-0.01773470640182495,-0.2620471119880676,-0.014324958358471918,-0.012148052453994751,-0.34796303510665894,-0.07522164836204581,0.0011072903871536255,-0.23836928606033325,-0.07195636436021857,0.009072870016098022,-0.1697368025779724,-0.05243214398301177,-0.0777720957994461,-0.22168678045272827,-0.0312947648731523,-0.07208655774593353,-0.2905990481376648,-0.07592961743152671,-0.05285240709781647,-0.2187526822090149,-0.07239633604562812,-0.04050585627555847,-0.16830557584762573,-0.05981267049587302,-1.3518464460274053,-1.5023330585591677,1.2892823001730565,1.2881633553051353,0.9613363334560524,0.16113897837534563,0.1996649182435988,0.27149074607317225,0.3051008280705746,0.31855830139217817,0.38117318070950734,0.399118900725815,0.07238735375554475,0.11305298286662169,0.049599380143875285,T
0.0,0.0,0.0,0.09840455651283264,-0.07737851142883301,-0.014360019423595993,0.14214593172073364,-0.21202391386032104,-0.011556139633587925,0.14888617396354675,-0.3271484076976776,-0.013789013445905773,0.1775306761264801,-0.3818628787994385,-0.015653747551671593,0.10650742053985596,-0.28971076011657715,0.02130247703886834,0.11951601505279541,-0.39669090509414673,-9.256627102605108e-05,0.12315362691879272,-0.467982679605484,-0.015017276116243927,0.12696906924247742,-0.5306731760501862,-0.027768395327560036,0.04953417181968689,-0.28759336471557617,0.009180802434154423,0.057127445936203,-0.3902549147605896,-0.04022634164296779,0.05968129634857178,-0.2987411320209503,-0.0599462403436819,0.06281504034996033,-0.22209632396697998,-0.06018573180638942,-0.006581157445907593,-0.26469290256500244,-0.0074594700229981825,-0.001078963279724121,-0.34541329741477966,-0.06423037261568698,0.010214149951934814,-0.24074429273605347,-0.06259476155840549,0.016117483377456665,-0.17221081256866455,-0.04506565765344295,-0.0654735118150711,-0.2268286943435669,-0.024910332121483414,-0.062212422490119934,-0.29369404911994934,-0.06497876108490619,-0.04519584774971008,-0.22564727067947388,-0.06198944286309871,-0.03289985656738281,-0.17549705505371094,-0.05053650350176486,-1.36539175808436,-1.4860832034218798,1.370738237331244,1.3301156775799852,1.0053428922537626,0.1571654563145105,0.196685101455713,0.2645906416868635,0.29473354457895623,0.31517521010498717,0.3752110607665352,0.38949730469632443,0.06833173548704646,0.10645578121994496,0.04912737531090461,T
0.0,0.0,0.0,0.09855279326438904,-0.06968313455581665,-0.015149880364837998,0.14248144626617432,-0.2070329785346985,-0.011404262088539951,0.1524255871772766,-0.32811564207077026,-0.012254011050167435,0.1838962435722351,-0.38469287753105164,-0.012502446934881561,0.10728132724761963,-0.289603054523468,0.02183150763034547,0.1203911304473877,-0.39785879850387573,0.0018727374949278897,0.12465530633926392,-0.4701082706451416,-0.012093049638274067,0.1291445791721344,-0.5344180464744568,-0.02492008840322768,0.050514400005340576,-0.2891680598258972,0.010516739286181576,0.05726367235183716,-0.3946210741996765,-0.03810639602721011,0.06049299240112305,-0.3000876307487488,-0.05662128997624194,0.06265753507614136,-0.22385567426681519,-0.056316684164407604,-0.005471467971801758,-0.2668536901473999,-0.005459613330963009,0.0012957751750946045,-0.34620022773742676,-0.06257213575423037,0.012804850935935974,-0.23859816789627075,-0.060498411931398266,0.01767110824584961,-0.17430686950683594,-0.04291567129671847,-0.06335465610027313,-0.2296852469444275,-0.02232558948576724,-0.05747796595096588,-0.2889816164970398,-0.06379860562861239,-0.04168665409088135,-0.21878814697265625,-0.06182106880128657,-0.03141912817955017,-0.17454487085342407,-0.05126377490937983,-1.3417735459033062,-1.4817274121629929,1.3869713583750407,1.3257579574710852,1.0458355083754203,0.1594219902325663,0.2014135804548991,0.2681288272204996,0.30087022787771756,0.31759961282070265,0.3769700180350666,0.39406776910841623,0.06692430539123835,0.1062166366564056,0.04909081336607314,T
0.0,0.0,0.0,0.10036373138427734,-0.07226401567459106,-0.012868435882431584,0.1447441279888153,-0.2118377685546875,-0.00784823095093401,0.15569937229156494,-0.33325493335723877,-0.00787128863523634,0.18743786215782166,-0.39064696431159973,-0.00748176576237114,0.10971137881278992,-0.29331856966018677,0.02469879405905573,0.12476232647895813,-0.4024967551231384,0.005683678373294754,0.13046389818191528,-0.4749589264392853,-0.007387769703221636,0.13654673099517822,-0.5386714041233063,-0.019453592427474575,0.052824318408966064,-0.2930494546890259,0.012895769610601349,0.06111741065979004,-0.39898037910461426,-0.03726461140106352,0.06120419502258301,-0.3032580018043518,-0.056010212578279095,0.06143024563789368,-0.22427254915237427,-0.05476682616065176,-0.002966955304145813,-0.27181476354599,-0.0032494194492969086,0.004548802971839905,-0.3536701202392578,-0.06063247082422407,0.013594701886177063,-0.24697357416152954,-0.057457398452264385,0.0168188214302063,-0.17978912591934204,-0.03837784362624319,-0.06176629662513733,-0.23605877161026,-0.020121339537602978,-0.05650566518306732,-0.30231761932373047,-0.061190910466415005,-0.04198707640171051,-0.2325977087020874,-0.058028850533467846,-0.03254204988479614,-0.18503940105438232,-0.0460762491602722,-1.336417524729773,-1.4618548292998024,1.4463151518204986,1.3590174180651062,1.0506117928240153,0.15652840640785592,0.20870640967782358,0.27124137787267477,0.3011073426053382,0.3232477786148952,0.37832692467978757,0.3919778175024901,0.06299963581138629,0.10183335522058928,0.049639309080303014,T
0.0,0.0,0.0,0.10086424648761749,-0.07351142168045044,-0.01188839664054342,0.1458311229944229,-0.2105756402015686,-0.008425212179545838,0.1584889441728592,-0.32831457257270813,-0.010594006342117268,0.19144301116466522,-0.3836841583251953,-0.012607938324336487,0.11299677193164825,-0.29018378257751465,0.024092276866312545,0.12689359486103058,-0.3965092897415161,0.004010901140745204,0.13261212408542633,-0.4691791534423828,-0.01075189532083698,0.13860012590885162,-0.5344022810459137,-0.024131157149795968,0.05554305016994476,-0.2908855080604553,0.01057169335591368,0.06431452929973602,-0.39641237258911133,-0.0391583225626988,0.06510542333126068,-0.3011835813522339,-0.058951575954679925,0.06443764269351959,-0.22149521112442017,-0.05912146409345098,-0.0012281686067581177,-0.26926374435424805,-0.007106389564697224,0.006257340312004089,-0.35182034969329834,-0.06270051067066618,0.016477182507514954,-0.24552226066589355,-0.05980112095666357,0.019753262400627136,-0.17705202102661133,-0.041828577121023613,-0.060390397906303406,-0.2312261462211609,-0.025580023129705864,-0.05412690341472626,-0.29879647493362427,-0.0645811638731999,-0.03749370574951172,-0.2297656536102295,-0.06069779460621305,-0.02707017958164215,-0.1798863410949707,-0.04892605235171743,-1.313164608631887,-1.4663400063969951,1.4433094451290784,1.3470699720746127,0.9951150298178374,0.15971325254535582,0.2059990733342927,0.26865258233495426,0.2988002088987492,0.3215756650051724,0.37659498841806904,0.3913159871518338,0.0630229401744302,0.10052352760757158,0.04690914718172611,T
0.0,0.0,0.0,0.09971344470977783,-0.0731096863746643,-0.01609369183225695,0.14486324787139893,-0.21064698696136475,-0.013758270091248193,0.15625223517417908,-0.3287917971611023,-0.01602633485837046,0.18879461288452148,-0.3856005370616913,-0.01780737752361361,0.1102820634841919,-0.2888747453689575,0.018145734422969184,0.12620389461517334,-0.39904218912124634,-0.0036896951709515236,0.13285022974014282,-0.4728870391845703,-0.018333528212142625,0.13952472805976868,-0.538411945104599,-0.03125851044697825,0.053262561559677124,-0.28768420219421387,0.0066546094390922406,0.060528069734573364,-0.39098846912384033,-0.04421846011920039,0.06260624527931213,-0.29671967029571533,-0.06337943488998476,0.06453147530555725,-0.2190476655960083,-0.06316841209573809,-0.0032615065574645996,-0.2658647298812866,-0.009414773455691972,0.002312019467353821,-0.3447064161300659,-0.06812920982284609,0.01343543827533722,-0.23680365085601807,-0.06561453456325594,0.019130825996398926,-0.16823196411132812,-0.04724779913468424,-0.06219795346260071,-0.22941136360168457,-0.026433710030151047,-0.05778302252292633,-0.29300355911254883,-0.06895774418754641,-0.041069090366363525,-0.22184598445892334,-0.0663654562298781,-0.02907499670982361,-0.17209792137145996,-0.05488762075347964,-1.3247797957318732,-1.4541407965516056,1.4080657085229917,1.3453428611507443,1.0467654900856171,0.16055792717489986,0.20780083338243113,0.27574426029873333,0.3050418556384729,0.32805111032383094,0.3892658602834606,0.4032515730607198,0.0681428974660845,0.1047208197347442,0.04836059313450287,T
0.0,0.0,0.0,0.09468382596969604,-0.07359790802001953,-0.014917106163402138,0.1354137361049652,-0.21390366554260254,-0.013440552894671498,0.14536350965499878,-0.3347020745277405,-0.016597527806361256,0.18199118971824646,-0.3903021216392517,-0.01933809349377924,0.10391563177108765,-0.29147571325302124,0.014582229982416095,0.11999973654747009,-0.4011372923851013,-0.008126701955397664,0.1255195140838623,-0.4732823669910431,-0.023221514914830266,0.13007688522338867,-0.5401276350021362,-0.036683594603736935,0.04596364498138428,-0.2895429730415344,0.002812461433286728,0.051009923219680786,-0.39295607805252075,-0.04850651117106253,0.05500778555870056,-0.2921707034111023,-0.06595025377412611,0.05796903371810913,-0.21593254804611206,-0.06481039689918333,-0.011070594191551208,-0.26613616943359375,-0.013054647278686105,-0.006043970584869385,-0.3482809066772461,-0.07038521187444502,0.0077887773513793945,-0.23921561241149902,-0.0646930130018788,0.013430565595626831,-0.1724725365638733,-0.044758571107585965,-0.07084153592586517,-0.22875165939331055,-0.029963109438021718,-0.06741085648536682,-0.29681330919265747,-0.07023538069864088,-0.04868113994598389,-0.22726154327392578,-0.06541419940133864,-0.0375203937292099,-0.17982131242752075,-0.05285014377971464,-1.3126414296651856,-1.4659696377037545,1.4091261544176459,1.314942621070177,0.9729421003644197,0.15856474849611657,0.2139772029305359,0.2754313201847578,0.30411758632810876,0.3321174440693104,0.38571574415669213,0.3973782757015763,0.06222899437347271,0.10208943183365368,0.05147819696546582,T
0.0,0.0,0.0,0.09972293674945831,-0.07260537147521973,-0.013074792906508037,0.14342276751995087,-0.2160472273826599,-0.009110019527241775,0.15477271378040314,-0.3392430543899536,-0.010438023120030948,0.18849588930606842,-0.3973308205604553,-0.011566106214985439,0.11017371714115143,-0.29689133167266846,0.02180451994402688,0.12630502879619598,-0.4072081446647644,0.001659410322218946,0.13348816335201263,-0.48193854093551636,-0.011773036777839252,0.14126573503017426,-0.5482065975666046,-0.02447805272774417,0.05254282057285309,-0.2946171164512634,0.008445215426519326,0.0581614226102829,-0.40206560492515564,-0.04141744690375049,0.05904407799243927,-0.3067219853401184,-0.06013106273846347,0.06079404056072235,-0.22885918617248535,-0.060039472751185485,-0.005171671509742737,-0.27091264724731445,-0.00927317792908866,-0.0016340166330337524,-0.3521783649921417,-0.0673776874168368,0.009680822491645813,-0.24429947137832642,-0.06490121128396709,0.016084536910057068,-0.1770188808441162,-0.04696903096871097,-0.06578248739242554,-0.23182469606399536,-0.027626459471747467,-0.06314440071582794,-0.30164384841918945,-0.06935252340869624,-0.04527100920677185,-0.2310161590576172,-0.0667140716536494,-0.03196503221988678,-0.18044793605804443,-0.05570668818788249,-1.3271044668910092,-1.447704607885229,1.4459700189503046,1.3481633231077923,0.9886609180122916,0.15809550139119724,0.2114011678452441,0.27975529524317755,0.3092591203346467,0.3293303247119974,0.3917277797252096,0.40651609050148624,0.06845697169191309,0.10463218778540997,0.04817177091651729,T
0.0,0.0,0.0,0.10032083094120026,-0.06887364387512207,-0.015234552481206975,0.1469031125307083,-0.20842278003692627,-0.012820126646193586,0.1584695428609848,-0.3307487964630127,-0.015304756508204065,0.1900957077741623,-0.389351487159729,-0.017634484142991624,0.115542933344841,-0.2917425036430359,0.01868544596340982,0.13179932534694672,-0.4014507234096527,-0.002624808968040071,0.1390051394701004,-0.47612613439559937,-0.017761393607589326,0.14621485769748688,-0.542541891336441,-0.03152353425416621,0.055992379784584045,-0.2907552123069763,0.006002470227894463,0.06146024167537689,-0.39828312397003174,-0.044578139827581964,0.06447185575962067,-0.3013036847114563,-0.06497380246314677,0.06642274558544159,-0.22148042917251587,-0.06602277715596827,-0.003045797348022461,-0.26807641983032227,-0.010982505203219972,0.0019208341836929321,-0.35064002871513367,-0.06890939284953745,0.014511153101921082,-0.24138671159744263,-0.06774443496856364,0.020526066422462463,-0.17238837480545044,-0.05091991384420069,-0.06395074725151062,-0.22993338108062744,-0.028789361164900384,-0.058893948793411255,-0.2949666976928711,-0.07066942115220698,-0.04074396193027496,-0.22362297773361206,-0.0686406653085676,-0.02799452841281891,-0.1729019284248352,-0.05800576616916331,-1.336455216740055,-1.449103974166726,1.4213537437739763,1.3292646277770792,1.0082782276983568,0.1593512752860047,0.2085082580769381,0.27536676522521636,0.3072682258168317,0.33082811797387895,0.39091085691297317,0.4086350601578662,0.06720517063566128,0.10618141251723397,0.0485233125465432,T
0.0,0.0,0.0,0.09590184688568115,-0.07801073789596558,-0.01686255233321088,0.13748523592948914,-0.22069740295410156,-0.015444723609422617,0.14745280146598816,-0.3397989273071289,-0.01843962790403264,0.18115165829658508,-0.4007323384284973,-0.02108501801226037,0.10203158855438232,-0.29433006048202515,0.014597596880460806,0.11883541941642761,-0.4066709280014038,-0.00817805593792098,0.12723219394683838,-0.48288264870643616,-0.02328882152173417,0.1357707381248474,-0.5518165230751038,-0.03673734301659959,0.04504740238189697,-0.2922363877296448,0.0029575983532170724,0.05246567726135254,-0.39904627203941345,-0.048978628310893946,0.057579368352890015,-0.30208414793014526,-0.06831118622753518,0.06038925051689148,-0.22334080934524536,-0.06798575976822274,-0.01202365756034851,-0.2695251703262329,-0.012989914696251326,-0.007375657558441162,-0.352012038230896,-0.07176780858967202,0.006435483694076538,-0.2426334023475647,-0.06868370780680078,0.012784421443939209,-0.17333948612213135,-0.04981633061501878,-0.07194246351718903,-0.23173832893371582,-0.029961377102469378,-0.06948311626911163,-0.30009031295776367,-0.07174670109484094,-0.05013352632522583,-0.22885721921920776,-0.06821882137987512,-0.037903934717178345,-0.17743438482284546,-0.05616025039884942,-1.3328471402801643,-1.4405059076530142,1.3516886884843762,1.3183788416734434,1.0108928800540602,0.15775252380219942,0.21459569828690236,0.2829399860843633,0.3128055768605851,0.33701433676377673,0.39795791434703026,0.41270434626875174,0.06903877225970435,0.10848479191061741,0.05085349197140167,T
0.0,0.0,0.0,0.09817123413085938,-0.08429950475692749,-0.01369253600558551,0.13817352056503296,-0.23277848958969116,-0.012525544116108733,0.1480807363986969,-0.35592129826545715,-0.016418624283581096,0.1845894753932953,-0.4122682809829712,-0.020190627859740573,0.10431820154190063,-0.30678319931030273,0.014534917114467305,0.11885416507720947,-0.4205129146575928,-0.008026652583687621,0.12608978152275085,-0.49500855803489685,-0.02336344456842454,0.1336776316165924,-0.5649445354938507,-0.0373949684070638,0.045654669404029846,-0.3048677444458008,0.001029912069604677,0.05112883448600769,-0.4137846529483795,-0.05039336680045636,0.055155932903289795,-0.3141059875488281,-0.06896035148373159,0.056920409202575684,-0.23498332500457764,-0.06883889956942113,-0.012323737144470215,-0.2804388999938965,-0.016319149719386417,-0.0075896382331848145,-0.36846137046813965,-0.07288704587688954,0.007158368825912476,-0.2596302032470703,-0.0683259866999677,0.012913644313812256,-0.188898503780365,-0.049549838142304736,-0.07328923046588898,-0.23970115184783936,-0.034622775005011874,-0.0705738216638565,-0.31555038690567017,-0.07442307247391255,-0.04983490705490112,-0.24488157033920288,-0.07003167791834386,-0.03694471716880798,-0.19153398275375366,-0.05799951179495366,-1.317740616819463,-1.4575577168814062,1.4109660576719523,1.3017825523956905,0.9243898915157011,0.16094115237630882,0.2184704695794635,0.28172086955774706,0.31273156042984884,0.33877141499875874,0.3949614646984259,0.4105452798446374,0.06372131592522663,0.10343358879370407,0.04992796770499279,T
0.0,0.0,0.0,0.0990758091211319,-0.08225047588348389,-0.01503412552856176,0.14004983007907867,-0.2244461178779602,-0.013690308078455615,0.14903737604618073,-0.34155797958374023,-0.017214275307285476,0.1813557893037796,-0.40121710300445557,-0.02050522283397882,0.10400642454624176,-0.3006172776222229,0.0148650273985389,0.11976920068264008,-0.4122532904148102,-0.007620056036191869,0.1284794956445694,-0.48765572905540466,-0.02269757293843,0.13645826280117035,-0.5557846128940582,-0.03600979723714559,0.046693190932273865,-0.29798614978790283,0.002330409253683996,0.05275283753871918,-0.40108612179756165,-0.04931848623536794,0.05667693912982941,-0.30375391244888306,-0.06831049673937528,0.059083208441734314,-0.22564679384231567,-0.06801420205019681,-0.010639205574989319,-0.27532297372817993,-0.014341080903339076,-0.006863698363304138,-0.35807734727859497,-0.07178368174217908,0.005782827734947205,-0.250105619430542,-0.06797975056551664,0.012052729725837708,-0.18084716796875,-0.049102479002701926,-0.0709264874458313,-0.23706501722335815,-0.032011666677224326,-0.0713287889957428,-0.3100259304046631,-0.07213704787872999,-0.05245062708854675,-0.24081552028656006,-0.06792247795246809,-0.039481133222579956,-0.1890060305595398,-0.05570900940083234,-1.3412457607639188,-1.4442967742969977,1.4011659771000518,1.335073788164676,0.9913989617547961,0.16095621454148615,0.21395213831592053,0.27789644519153756,0.30627191451247143,0.33908388137062306,0.3950377504326342,0.40679380468797843,0.06495284756388944,0.10515452905920931,0.052175722986477956,T
0.0,0.0,0.0,0.09931567311286926,-0.07667970657348633,-0.016803497945394597,0.14200639724731445,-0.21764302253723145,-0.015078855243947586,0.1514623761177063,-0.33805254101753235,-0.01792600428077229,0.1841961145401001,-0.39733046293258667,-0.02006928486141213,0.11027783155441284,-0.2901829481124878,0.019486192117009082,0.1273426115512848,-0.40099823474884033,-0.002739368736248693,0.13450464606285095,-0.47693508863449097,-0.018023243670787892,0.14185786247253418,-0.5464010536670685,-0.03191251729938038,0.05303215980529785,-0.29000258445739746,0.007230479239050069,0.05968505144119263,-0.3960047960281372,-0.042380188157286725,0.060407161712646484,-0.30173319578170776,-0.0614576046666766,0.06348270177841187,-0.227555513381958,-0.06198255394908436,-0.004951536655426025,-0.26807838678359985,-0.009958025564875683,-0.0018798261880874634,-0.35160553455352783,-0.06754298930379399,0.008937880396842957,-0.2428520917892456,-0.06447541390868672,0.0172128826379776,-0.17763304710388184,-0.04641530339929112,-0.06492365896701813,-0.22951632738113403,-0.028323120003070912,-0.06450119614601135,-0.30123400688171387,-0.06928913717481144,-0.047593310475349426,-0.23077607154846191,-0.06567732666942128,-0.03361579775810242,-0.1810159683227539,-0.05415026893230923,-1.3401786217007456,-1.448160359742458,1.4049824746316402,1.3304736585783514,0.997578259095373,0.15496634670167625,0.20831529352280456,0.27595353641199977,0.30697555231208107,0.32833693726648167,0.38926368140701684,0.4053359915265469,0.0680672373655208,0.10767566051137162,0.05094113177757188,T
0.0,0.0,0.0,0.09869274497032166,-0.07989096641540527,-0.016446547834645386,0.14373168349266052,-0.21795296669006348,-0.015841910867463227,0.15267717838287354,-0.3345336616039276,-0.019976806147466775,0.1835598647594452,-0.3913276195526123,-0.023396663619648095,0.11121970415115356,-0.2976275086402893,0.016548346476186637,0.1260819435119629,-0.40892112255096436,-0.006629089611093875,0.13393914699554443,-0.4832867980003357,-0.022468682630430337,0.14039912819862366,-0.5509693920612335,-0.03620374600447285,0.052545055747032166,-0.29702478647232056,0.004165199333359126,0.058855146169662476,-0.4000259041786194,-0.047185790045629616,0.06039804220199585,-0.3028263449668884,-0.06673995430625546,0.061993807554244995,-0.22592902183532715,-0.06696984942115414,-0.005706116557121277,-0.27558237314224243,-0.012806769712339516,-0.002093598246574402,-0.3575333058834076,-0.07110744739926922,0.00824841856956482,-0.24837785959243774,-0.06764096791900265,0.013978302478790283,-0.18086373805999756,-0.04895702029622662,-0.06668287515640259,-0.23876416683197021,-0.03088925245262253,-0.06398776173591614,-0.30420923233032227,-0.07215693618215191,-0.047264426946640015,-0.23316890001296997,-0.0681836160556184,-0.03549987077713013,-0.18398386240005493,-0.055947464211355324,-1.344990841012213,-1.4561235778229948,1.4386688594861279,1.36589304602718,1.0533034907485739,0.1653733494556091,0.20526812317372206,0.2702830954360354,0.301626592600011,0.3343630311232719,0.39110154729861024,0.4069629428109739,0.06585110879402109,0.1061339423305855,0.049576454135408836,T
0.0,0.0,0.0,0.09955185651779175,-0.07823628187179565,-0.011744466972004375,0.14136528968811035,-0.22101175785064697,-0.008615453157972297,0.15130478143692017,-0.34378668665885925,-0.011161097687136134,0.1857377588748932,-0.40054112672805786,-0.013687173266362151,0.10769480466842651,-0.29866886138916016,0.022875336568404236,0.12317401170730591,-0.408652126789093,0.002236898393903175,0.13128283619880676,-0.48282158374786377,-0.01224640793020626,0.13998287916183472,-0.5511252880096436,-0.0259237553816547,0.05052092671394348,-0.2976633906364441,0.008310999359537163,0.05731576681137085,-0.40478092432022095,-0.041924836475800475,0.05847606062889099,-0.30611830949783325,-0.0613768271994104,0.05962693691253662,-0.22829478979110718,-0.06161304413194557,-0.007105320692062378,-0.27462607622146606,-0.010430554289769134,-0.002873063087463379,-0.3595099449157715,-0.06854553370590111,0.008076846599578857,-0.24917733669281006,-0.06538816391343971,0.013640403747558594,-0.18227463960647583,-0.04686444102640053,-0.0678161084651947,-0.234727144241333,-0.02973596229071518,-0.06544175744056702,-0.30946940183639526,-0.07148288785333534,-0.04766164720058441,-0.23677432537078857,-0.067572614539813,-0.03551453351974487,-0.1847383975982666,-0.055397307861994705,-1.3284924363396935,-1.44359127086576,1.4402727179483117,1.3498256183572774,0.9971133725847785,0.15738201500309704,0.21347772718534067,0.2779528000258671,0.3090685923702835,0.33268094029385115,0.38988873017983505,0.4062495480898988,0.06505855405363424,0.10463774986530071,0.049216643132122005,T
0.0,0.0,0.0,0.09499073028564453,-0.08012902736663818,-0.010000987238896641,0.13566890358924866,-0.22496718168258667,-0.006622446961415562,0.14614680409431458,-0.3455330431461334,-0.008949469104123864,0.18085071444511414,-0.40089285373687744,-0.011197483427537236,0.10375651717185974,-0.2993822693824768,0.018489195704745498,0.11965790390968323,-0.41184696555137634,-0.002533664256048951,0.12712892889976501,-0.48533833026885986,-0.016817278489185128,0.13372761011123657,-0.553438812494278,-0.030128279030037675,0.0455591082572937,-0.29633551836013794,0.003866244312661138,0.05178280174732208,-0.40081608295440674,-0.046390953734231744,0.05541476607322693,-0.2995496392250061,-0.06422570653231219,0.056832462549209595,-0.22268062829971313,-0.06359395690233782,-0.012048065662384033,-0.27120280265808105,-0.014372392818046364,-0.008690476417541504,-0.35664495825767517,-0.07093867219955996,0.006452590227127075,-0.24795037508010864,-0.06659997560055331,0.012979313731193542,-0.18149811029434204,-0.04796394638688639,-0.07267540693283081,-0.23084133863449097,-0.033093161210132394,-0.07039031386375427,-0.3051726222038269,-0.0732799351957567,-0.05019445717334747,-0.23470687866210938,-0.0689205334332712,-0.037749916315078735,-0.18405330181121826,-0.056855499073577676,-1.3194061201245657,-1.453368896574319,1.4189185572433167,1.2987175404598132,0.9295633987138715,0.1596585622360293,0.21711776550660866,0.27625144457155265,0.3079052241324834,0.33957891590950046,0.39104991629159586,0.40724709645603674,0.060158943229729166,0.10216602538650779,0.05079354077809038,T
0.0,0.0,0.0,0.09761899709701538,-0.08286142349243164,-0.013682186790330064,0.13997143507003784,-0.22183459997177124,-0.012635604665202749,0.15021362900733948,-0.3369831442832947,-0.016974541545433652,0.17918947339057922,-0.40002691745758057,-0.021177218482417715,0.10492554306983948,-0.29679709672927856,0.01540778931178366,0.11992281675338745,-0.41100940108299255,-0.007956524566335332,0.12868478894233704,-0.4870677888393402,-0.02349998354963745,0.13690409064292908,-0.5567492842674255,-0.03718053102545227,0.047425776720047,-0.29323500394821167,0.0012589453714362264,0.05456836521625519,-0.3989405632019043,-0.051257136464638364,0.056604743003845215,-0.29760247468948364,-0.07030141651682342,0.05853468179702759,-0.21971124410629272,-0.06991410553507293,-0.01027706265449524,-0.2697652578353882,-0.016979594901723516,-0.006621360778808594,-0.3543701171875,-0.07583359926990951,0.007126927375793457,-0.2441946268081665,-0.0714868187909552,0.014354005455970764,-0.17645549774169922,-0.0520444542174765,-0.07118433713912964,-0.2319086790084839,-0.03594225943140472,-0.07014003396034241,-0.3079339265823364,-0.07687301486782516,-0.0513172447681427,-0.23664140701293945,-0.07119644731335129,-0.039312541484832764,-0.18479681015014648,-0.057808264345450056,-1.354161831424017,-1.4483942634041305,1.420837873161133,1.3127123468726993,0.9760079161054805,0.16232668866392508,0.21695926067031965,0.277767728872517,0.3067036510969251,0.3460294853889094,0.3995521085533218,0.4115834598722549,0.061830346558233544,0.10388983012041329,0.054310917440647095,T
0.0,0.0,0.0,0.09892836213111877,-0.07533174753189087,-0.017186660446892432,0.14143383502960205,-0.21856236457824707,-0.01640788664735382,0.15011495351791382,-0.33903688192367554,-0.019782118626604728,0.18376082181930542,-0.3977087140083313,-0.022660885133515052,0.10790762305259705,-0.29511404037475586,0.01320847669922287,0.12428563833236694,-0.4059368371963501,-0.010739636734793834,0.13205066323280334,-0.48282694816589355,-0.0267102850011689,0.13998684287071228,-0.5523952841758728,-0.04088102852619713,0.05044880509376526,-0.29370540380477905,0.0009575217736745856,0.05844910442829132,-0.40007466077804565,-0.049990045034061126,0.06063532829284668,-0.30660194158554077,-0.06868560811198776,0.06403911113739014,-0.23190677165985107,-0.06892569562114303,-0.007560312747955322,-0.27070438861846924,-0.015874276065002135,-0.0030248910188674927,-0.3533377945423126,-0.07414363523639267,0.009026110172271729,-0.2463231086730957,-0.07079871197856491,0.017253100872039795,-0.18125778436660767,-0.052623739593396834,-0.06794604659080505,-0.23183166980743408,-0.03377537255800789,-0.06544646620750427,-0.30222541093826294,-0.07502376487172668,-0.048047080636024475,-0.23219740390777588,-0.07110522886432236,-0.03558722138404846,-0.1830761432647705,-0.059403559320340804,-1.3387807558225722,-1.4467510850108622,1.3543292623366547,1.3001906182870993,0.9848534831184375,0.1607609909872094,0.2045081223206868,0.2730857485805857,0.30688874935573973,0.3293644555961813,0.39090486718595485,0.40892894233870203,0.06895107446864479,0.11094970212276689,0.05287159998723118,T
0.0,0.0,0.0,0.0912182480096817,-0.0758206844329834,-0.017706883117850403,0.13005445897579193,-0.2223091721534729,-0.016294163629706482,0.1371392160654068,-0.34409746527671814,-0.018888079539235214,0.17278127372264862,-0.4035716652870178,-0.021517964989240745,0.09266935288906097,-0.2940828204154968,0.009717442117337605,0.11407329142093658,-0.408905565738678,-0.01212542874395428,0.1233462542295456,-0.4853091239929199,-0.025209714636500458,0.13228945434093475,-0.5534634590148926,-0.03712783658533869,0.03396967053413391,-0.2908434271812439,-0.000633730065371374,0.04103347659111023,-0.4005332887172699,-0.0515379225614625,0.048816949129104614,-0.30380016565322876,-0.06872428113251505,0.054169341921806335,-0.22381621599197388,-0.06706542426377116,-0.023051783442497253,-0.26671671867370605,-0.01488575802772818,-0.017159268260002136,-0.3551444411277771,-0.07269528412848292,-0.0023647844791412354,-0.24560034275054932,-0.06760822886257944,0.004629537463188171,-0.1730661392211914,-0.047551131785209755,-0.0816313773393631,-0.22749942541122437,-0.03017581717699347,-0.07967504858970642,-0.30180132389068604,-0.07204925918608485,-0.058043837547302246,-0.23159706592559814,-0.06804209107189951,-0.04425455629825592,-0.17763549089431763,-0.05544846037059603,-1.339304143708788,-1.4192190803510722,1.278087492390796,1.2833986834682978,0.9275664732237482,0.15526473283975692,0.2153620484597757,0.2853205284481902,0.3132917273278559,0.338777296755536,0.4012470252643183,0.4152281894503438,0.07092081865036838,0.1087194697898149,0.04909718523082926,T
0.0,0.0,0.0,0.09692235291004181,-0.0790407657623291,-0.015815448168545743,0.13881050050258636,-0.22274374961853027,-0.014196845855444451,0.1479494422674179,-0.34094715118408203,-0.017070967856675168,0.18165449798107147,-0.4016157388687134,-0.019754516113430043,0.1020679622888565,-0.29495275020599365,0.012133591655761222,0.11898709833621979,-0.410869300365448,-0.010575249943762799,0.12699760496616364,-0.4865646958351135,-0.024398442510396023,0.13391657173633575,-0.5571681261062622,-0.036906672794252415,0.04383555054664612,-0.29151463508605957,-0.00021195994468570234,0.05070854723453522,-0.3965340256690979,-0.05199430711927988,0.05383823812007904,-0.29092782735824585,-0.06932529636087992,0.056975528597831726,-0.2127758264541626,-0.06767079808178522,-0.01431681215763092,-0.2683026194572449,-0.016650175828367253,-0.010181650519371033,-0.3531630039215088,-0.07648866452637293,0.00237882137298584,-0.2381381392478943,-0.07075693287315943,0.009754195809364319,-0.17072170972824097,-0.04996103622379877,-0.0748760998249054,-0.2301347255706787,-0.03386485405626871,-0.07603709399700165,-0.30863523483276367,-0.07660653271141626,-0.05684491991996765,-0.23480695486068726,-0.0708274675196705,-0.043717071413993835,-0.18239712715148926,-0.05696870588126757,-1.335702193999138,-1.4499286393464368,1.405439524733365,1.3289472253958041,0.9925151282856016,0.16271279844390904,0.22628600912827562,0.2878571982414988,0.31440283716089745,0.352882388592719,0.4059028557761642,0.4147372817054395,0.0632329265803555,0.10517540144189486,0.054731086143789125,T
0.0,0.0,0.0,0.09197355806827545,-0.07304692268371582,-0.018536234433689458,0.13332505524158478,-0.2158830165863037,-0.01853394896809135,0.14231239259243011,-0.33590519428253174,-0.022073690007367475,0.1764070838689804,-0.39739760756492615,-0.025390098030605657,0.09820987284183502,-0.2917156219482422,0.005928178624323266,0.11688365042209625,-0.40635204315185547,-0.017637135620155675,0.12442199885845184,-0.4823538661003113,-0.0322679580849794,0.13010258972644806,-0.5522890686988831,-0.04521511511031662,0.03992168605327606,-0.2876189351081848,-0.0043557087619987556,0.04623885452747345,-0.39294466376304626,-0.055892158458867414,0.052066490054130554,-0.2921459674835205,-0.07292963952843223,0.055287376046180725,-0.2150568962097168,-0.07161130399529014,-0.017488643527030945,-0.26356440782546997,-0.018589407364764554,-0.013195544481277466,-0.3457726836204529,-0.07669821024958168,0.001346692442893982,-0.23585903644561768,-0.07121151329103981,0.007445812225341797,-0.16927999258041382,-0.051339540789761884,-0.07717493176460266,-0.2269102931022644,-0.03390435145322357,-0.0747242122888565,-0.29659271240234375,-0.07521608860317741,-0.055352091789245605,-0.2253825068473816,-0.0701342040402082,-0.0446079820394516,-0.17630702257156372,-0.057259220789113385,-1.3377609184542045,-1.4490077155837648,1.3621196930990904,1.3122552375064649,0.9989517707528083,0.1616646866511295,0.21890207545979123,0.2838759545675851,0.3126159083143655,0.34543140326233635,0.4021699111769542,0.4145917062567138,0.06621434991533101,0.10714772640625436,0.052525961655718004,T
0.0,0.0,0.0,0.0968199074268341,-0.07964462041854858,-0.017252073440142013,0.13930067420005798,-0.22394275665283203,-0.0167932536484674,0.14903134107589722,-0.34299448132514954,-0.021022873747535087,0.18368038535118103,-0.4056972861289978,-0.02471154444236312,0.10565730929374695,-0.2979773283004761,0.015227293778769635,0.11994406580924988,-0.4123042821884155,-0.008006153445132114,0.12780314683914185,-0.48936063051223755,-0.023109149936027862,0.1353992521762848,-0.5602385103702545,-0.036452852937765456,0.04653254151344299,-0.2954155206680298,0.002828912759758495,0.05246551334857941,-0.4027402997016907,-0.050455921146459914,0.05555632710456848,-0.29969167709350586,-0.06973079666811977,0.05775894224643707,-0.21863526105880737,-0.06864482984263454,-0.012189149856567383,-0.27242225408554077,-0.014060539010353423,-0.00820419192314148,-0.35620757937431335,-0.07434698269087825,0.004913836717605591,-0.24342995882034302,-0.07022774294335399,0.012018740177154541,-0.17386049032211304,-0.04999710694272075,-0.0727660208940506,-0.23445343971252441,-0.03193835616428409,-0.0712420791387558,-0.3067091107368469,-0.0741439096661285,-0.051882773637771606,-0.23393690586090088,-0.06920787766892467,-0.0387280136346817,-0.1818673014640808,-0.05580676049310718,-1.3313085299162395,-1.4578729613539076,1.4256104481257468,1.3299523830423459,0.9963349171296098,0.1619075594610655,0.22549592248407027,0.28847187092307036,0.3155397882590271,0.35031528323232136,0.40559921735315213,0.4165153975880391,0.06400739160333233,0.10325509918626008,0.051374527220230996,T
0.0,0.0,0.0,0.08515389263629913,-0.07173925638198853,-0.019804190039288905,0.12456284463405609,-0.21988242864608765,-0.019402573942792323,0.1309264451265335,-0.33881986141204834,-0.022114099129688647,0.1665797084569931,-0.39629045128822327,-0.024715731978070643,0.09130503237247467,-0.29656243324279785,0.004410209007907007,0.11002127826213837,-0.40799856185913086,-0.018626744985234645,0.11826078593730927,-0.48218005895614624,-0.030808006539595034,0.1255147010087967,-0.5476999580860138,-0.04165199691022625,0.03149367868900299,-0.29158705472946167,-0.005388718224716094,0.03461311757564545,-0.4030334949493408,-0.058601453095328715,0.041585370898246765,-0.30016714334487915,-0.07404294529522648,0.04727731645107269,-0.21736586093902588,-0.06971049228276005,-0.027202486991882324,-0.2657794952392578,-0.01911152446235409,-0.023712679743766785,-0.3494691550731659,-0.08079629310930958,-0.006594911217689514,-0.2354598045349121,-0.07464288094605198,0.0023653358221054077,-0.1645159125328064,-0.05242318206990948,-0.08704677224159241,-0.22597402334213257,-0.033598738848817256,-0.08540509641170502,-0.2968311905860901,-0.07848674723471394,-0.06345796585083008,-0.22111725807189941,-0.07336335548723927,-0.05033867061138153,-0.16856658458709717,-0.05906908878649464,-1.3369729275549664,-1.4354107438726516,1.3612609622139593,1.286705448790232,1.0018868306189985,0.1568794874592297,0.21505131892169924,0.2840524546543402,0.31450237303232437,0.339472685322912,0.4024869922275844,0.41793124220480754,0.06935562738925223,0.10913409321861404,0.052859438497135446,T
0.0,0.0,0.0,0.09292750060558319,-0.08111739158630371,-0.01768938986933577,0.13302190601825714,-0.22853785753250122,-0.016450145974520325,0.13974522054195404,-0.3499293923377991,-0.01961105106747496,0.17554683983325958,-0.4110003709793091,-0.022424081101778626,0.09679190814495087,-0.30556201934814453,0.012656602315839649,0.11521993577480316,-0.41934970021247864,-0.010462080821159958,0.12426827847957611,-0.49573469161987305,-0.02426478801644194,0.13113324344158173,-0.5652264654636383,-0.03649294538772452,0.036617979407310486,-0.3010292649269104,0.0009198203391882487,0.03949882090091705,-0.41097334027290344,-0.05280078737414229,0.046098992228507996,-0.3052031397819519,-0.07026371522224295,0.05136333405971527,-0.2229936718940735,-0.06747252656495917,-0.02241288125514984,-0.27464359998703003,-0.015142594225469708,-0.01863633096218109,-0.36026275157928467,-0.07659997208392966,-0.0035548359155654907,-0.24556583166122437,-0.07074149860418188,0.004454135894775391,-0.17629194259643555,-0.048814421280983566,-0.08286966383457184,-0.2326807975769043,-0.03220184682286131,-0.08223958313465118,-0.3089308738708496,-0.07617826922214377,-0.060534387826919556,-0.2342931032180786,-0.07078836275613654,-0.04630553722381592,-0.18103736639022827,-0.05642714513814795,-1.3418224835734263,-1.4393066596671293,1.3840414412114606,1.3041294568337427,0.9547139431527433,0.1604937873075843,0.22531769128751128,0.29044923772483944,0.31953319183695517,0.3514064931631451,0.40904481339676463,0.42318528416151424,0.06619308416947689,0.10629929439714535,0.05098101079901158,T
0.0,0.0,0.0,0.08939005434513092,-0.07969403266906738,-0.018309630432334245,0.12784411013126373,-0.22717195749282837,-0.01794057337304622,0.13463635742664337,-0.34924930334091187,-0.021758621537294687,0.1712592989206314,-0.40840673446655273,-0.025221424156036676,0.09338487684726715,-0.3049585819244385,0.009658996037039458,0.11120201647281647,-0.4188075065612793,-0.014084164963271917,0.12020410597324371,-0.4945942163467407,-0.02788821233173877,0.1272217184305191,-0.564822793006897,-0.04059721341094047,0.032833799719810486,-0.30114829540252686,-0.0020945076618161806,0.035405948758125305,-0.4108952581882477,-0.05753441339096099,0.04153864085674286,-0.29909002780914307,-0.07458558117708236,0.045047298073768616,-0.21653127670288086,-0.07136849498113662,-0.025933101773262024,-0.27519381046295166,-0.017989566528406442,-0.02400021255016327,-0.3614392876625061,-0.08136213754972488,-0.007756337523460388,-0.24045497179031372,-0.0738637167747882,-0.0006471425294876099,-0.1711338758468628,-0.0506827067371276,-0.08642783761024475,-0.23376286029815674,-0.03480638375243217,-0.08642935752868652,-0.30700045824050903,-0.08052874540647537,-0.06370462477207184,-0.22794687747955322,-0.07440608178934127,-0.04965938627719879,-0.1765758991241455,-0.05942532231768638,-1.335674804497316,-1.4413151109741662,1.4274477886489292,1.3324221608842628,0.9993919747960207,0.1624970518647016,0.22966423415453074,0.293002105879126,0.32023522867588494,0.3578541821612801,0.41393406370803765,0.4266410385936017,0.06441200126161661,0.10279002022673739,0.049313442939380545,T
0.0,0.0,0.0,0.08921407163143158,-0.07764732837677002,-0.017411645376283147,0.12700556218624115,-0.22573208808898926,-0.016118500256139257,0.1330360621213913,-0.34731727838516235,-0.01920876080651901,0.169555202126503,-0.4066232442855835,-0.021900785961348035,0.09342624247074127,-0.30541253089904785,0.013331558680933497,0.10936330258846283,-0.41828134655952454,-0.009901407049197175,0.11856766045093536,-0.4927546977996826,-0.023509329059320905,0.12420575320720673,-0.5614336133003235,-0.03583440358300827,0.03383380174636841,-0.30059289932250977,0.0017419800952342968,0.035742372274398804,-0.40525388717651367,-0.05191355744858406,0.04214438796043396,-0.29478657245635986,-0.06856144393344543,0.0466790497303009,-0.21693581342697144,-0.06548562819619796,-0.025440052151679993,-0.27442997694015503,-0.01421569834013603,-0.02440720796585083,-0.3579561114311218,-0.07749693269391678,-0.009511634707450867,-0.23905372619628906,-0.07022845173736236,-0.0011729896068572998,-0.17296570539474487,-0.047194892415005185,-0.08687177300453186,-0.23375719785690308,-0.030934447297054746,-0.08882267773151398,-0.3050593137741089,-0.07687165761848114,-0.06702461838722229,-0.22692102193832397,-0.07083554739614151,-0.052640318870544434,-0.17723596096038818,-0.05587243462463043,-1.3397736787411545,-1.4511480028597654,1.4184397925443122,1.3360376625349575,1.026240961919085,0.16131591016314487,0.2260085623454019,0.2893854884631688,0.319357754411041,0.35311347166254675,0.4081998831726588,0.42294487734555547,0.06498606057525422,0.10695987689381033,0.05164417744656888,T
0.0,0.0,0.0,0.092392697930336,-0.07616603374481201,-0.020161890427147,0.13226725161075592,-0.2237280011177063,-0.020723883996282666,0.1411769837141037,-0.3465486168861389,-0.024871353993688672,0.1791149228811264,-0.4065040349960327,-0.0285727521428214,0.09680618345737457,-0.29912078380584717,0.007814669047917278,0.11481054127216339,-0.41369694471359253,-0.0170598765858756,0.12274207174777985,-0.490050733089447,-0.032004975716148465,0.12912233173847198,-0.5601181983947754,-0.04507630039242372,0.037327587604522705,-0.2947224974632263,-0.0024635419273124626,0.04209040105342865,-0.3996875584125519,-0.05654410738733873,0.04827035963535309,-0.29690152406692505,-0.07375764567640886,0.05367559194564819,-0.21791094541549683,-0.07155635673788652,-0.020850136876106262,-0.2694636583328247,-0.01724361162868604,-0.018078908324241638,-0.3514768183231354,-0.07780362386492357,-0.00359383225440979,-0.24194884300231934,-0.07157436479118928,0.005215272307395935,-0.17456060647964478,-0.05026246700671777,-0.08045348525047302,-0.2299966812133789,-0.03329690639165506,-0.08154182136058807,-0.30071455240249634,-0.07593620289352998,-0.061071544885635376,-0.22888988256454468,-0.0704635726311551,-0.047307029366493225,-0.1781821846961975,-0.056740176866327374,-1.3198859375121896,-1.447605428132877,1.361092700422225,1.3027527350685362,1.001686096756844,0.161544329414103,0.22650028517216586,0.28989453686056643,0.3215552328667094,0.35042547643827215,0.4049785377773131,0.4207165768303722,0.06502041575762822,0.10851665418433568,0.05264701322868781,T
0.0,0.0,0.0,0.0892743170261383,-0.08061206340789795,-0.019977979191960316,0.12710005044937134,-0.22977995872497559,-0.018548382276119213,0.13590630888938904,-0.3526749908924103,-0.020431391724766712,0.17362219095230103,-0.40961015224456787,-0.021851500326217632,0.08999598026275635,-0.30345797538757324,0.008839979006527443,0.11032375693321228,-0.41989850997924805,-0.013764722102703075,0.11825630068778992,-0.49649685621261597,-0.026488816195548992,0.12598556280136108,-0.56662517786026,-0.03796000761670015,0.030833959579467773,-0.29818564653396606,-0.0004386672563008176,0.033053919672966,-0.4057214558124542,-0.05366873724144838,0.04051196575164795,-0.3015839457511902,-0.06970695761722467,0.047236889600753784,-0.2188282012939453,-0.06600550172609232,-0.026243671774864197,-0.2719878554344177,-0.014162471347869854,-0.023299187421798706,-0.34918102622032166,-0.07414136437457941,-0.00722917914390564,-0.23771202564239502,-0.06862453726810358,0.0010051429271697998,-0.1698029637336731,-0.04728216660899065,-0.08504961431026459,-0.23230582475662231,-0.029123980381907444,-0.08487632870674133,-0.3029754161834717,-0.07195580361169718,-0.06305699050426483,-0.22898375988006592,-0.06743047741931818,-0.04855319857597351,-0.17679166793823242,-0.05392656830829523,-1.3176459758866212,-1.4348838477935286,1.3669699064903933,1.3101984096564103,0.989218852415187,0.16408219467903085,0.22884710443055023,0.29547272789618045,0.3218172623504524,0.35660074374505407,0.416038429686797,0.427122868366073,0.06738581689296026,0.10460789229054925,0.05004868828451953,T
0.0,0.0,0.0,0.09229394793510437,-0.08379936218261719,-0.01975664353937967,0.12893885374069214,-0.23381024599075317,-0.020355083486150338,0.13636034727096558,-0.3557133972644806,-0.025163552230309083,0.17385876178741455,-0.4171082675457001,-0.029628269812177255,0.09389668703079224,-0.30946993827819824,0.010822033071805404,0.11050820350646973,-0.42412203550338745,-0.014467732487331464,0.12006598711013794,-0.500919371843338,-0.030311203068207337,0.12793642282485962,-0.5698637962341309,-0.043660954078744485,0.03422608971595764,-0.30353593826293945,-0.000493083063132449,0.03592503070831299,-0.4102921783924103,-0.057194333961318566,0.043516650795936584,-0.30709904432296753,-0.07689497663647993,0.04960164427757263,-0.22420638799667358,-0.07526008828551634,-0.023930013179779053,-0.2769770622253418,-0.016419174587439134,-0.022220954298973083,-0.36016514897346497,-0.07866208299071653,-0.005805075168609619,-0.2507491111755371,-0.07445814504296644,0.0038316845893859863,-0.18049097061157227,-0.05353023528129919,-0.08359047770500183,-0.23563116788864136,-0.03364530994565351,-0.08408911526203156,-0.3091917634010315,-0.07757764353425367,-0.061150163412094116,-0.2367258071899414,-0.07335468425423963,-0.044976606965065,-0.1823335886001587,-0.05973275049598081,-1.3304678468204394,-1.4408093866276124,1.3793512762610811,1.290636425412748,0.9438187209621006,0.15950897391894223,0.22945798392167963,0.2913708156094525,0.320948700715575,0.35442260283380445,0.4086724646777549,0.42435666331514216,0.06329239233124191,0.10343295866123266,0.048843060566636835,T
0.0,0.0,0.0,0.08686846494674683,-0.08129692077636719,-0.018006015104501394,0.1225997805595398,-0.2312678098678589,-0.01704029133662477,0.12821641564369202,-0.3504367470741272,-0.020312102047054914,0.16291579604148865,-0.4097248911857605,-0.02336953347667947,0.08885282278060913,-0.30738282203674316,0.01097001647457585,0.1058880090713501,-0.42019224166870117,-0.012345682365148214,0.1140906810760498,-0.49557173252105713,-0.025833382738082555,0.12112218141555786,-0.5619000196456909,-0.03743523126587167,0.028859153389930725,-0.3013005256652832,-0.00024202834293607367,0.02947559952735901,-0.408623069524765,-0.05522008380040422,0.03656637668609619,-0.3044203519821167,-0.07270824303969636,0.04268386960029602,-0.22118252515792847,-0.06908592721566453,-0.02941995859146118,-0.27469533681869507,-0.01563451951488748,-0.028704166412353516,-0.35658663511276245,-0.07778006931885972,-0.012471064925193787,-0.24305546283721924,-0.07201942941293016,-0.0036758631467819214,-0.17230814695358276,-0.04953899374350801,-0.08867022395133972,-0.23270195722579956,-0.03194556525096193,-0.08896835148334503,-0.30420422554016113,-0.07645350834473863,-0.06564053893089294,-0.22804147005081177,-0.0710490508948256,-0.05015161633491516,-0.17330431938171387,-0.056097572204916624,-1.348611763806765,-1.4446826513760238,1.3999245379593468,1.3244641115774223,0.9954853240360446,0.15780993614249117,0.22361560751238574,0.2900336038339492,0.31826468385438067,0.34962977534879186,0.40909214022555795,0.42466614188032537,0.06736415712559546,0.10445453574247669,0.046486428061433646,T
0.0,0.0,0.0,0.09555988013744354,-0.0834469199180603,-0.021273113051250903,0.134724423289299,-0.22635793685913086,-0.023416728908017603,0.1415921300649643,-0.3451331555843353,-0.029207914331749407,0.17752574384212494,-0.4073639512062073,-0.03418365233559939,0.09881030023097992,-0.2997440695762634,0.0093450320793238,0.1114070862531662,-0.4145103693008423,-0.016386321941212145,0.11753477156162262,-0.4917282462120056,-0.0332027051689181,0.12264169752597809,-0.5627089440822601,-0.04756106176395747,0.04010327160358429,-0.29465293884277344,-0.0013053572828027882,0.04251617193222046,-0.4001314640045166,-0.05513247215171191,0.04940548539161682,-0.30028170347213745,-0.07431141772289607,0.055123910307884216,-0.22336363792419434,-0.07401493676920268,-0.018472641706466675,-0.2692015767097473,-0.01679393948037955,-0.018609896302223206,-0.35444265604019165,-0.07726736851950022,-0.0037267059087753296,-0.2456231713294983,-0.07226939239521357,0.005212530493736267,-0.17902696132659912,-0.05206659548898074,-0.07859550416469574,-0.22921520471572876,-0.033724499130443064,-0.08158029615879059,-0.3011873960494995,-0.0757483441473994,-0.06162603199481964,-0.23094123601913452,-0.07018651553411814,-0.048191219568252563,-0.18153828382492065,-0.05668084436078402,-1.3385978856247465,-1.4804174338301856,1.3631340215051344,1.3139392737909281,1.0031058898776855,0.16475534999414698,0.22099394593613392,0.2860587779490914,0.31928886547984286,0.3459969485448379,0.40124988867437894,0.41770199640885175,0.06675991856399978,0.11146020055092598,0.05346276518637946,T
0.0,0.0,0.0,0.09211510419845581,-0.08350658416748047,-0.0164825898360057,0.1310710906982422,-0.23095881938934326,-0.015330888400558962,0.13896095752716064,-0.35059866309165955,-0.01850069693732692,0.17350372672080994,-0.41039860248565674,-0.02162979736435844,0.09598061442375183,-0.303616464138031,0.010120019247050749,0.11129683256149292,-0.4204931855201721,-0.013413154589716925,0.11753776669502258,-0.49715620279312134,-0.027964619989280237,0.12296181917190552,-0.5673588216304779,-0.04078195064771606,0.0370040088891983,-0.2982345223426819,-0.0017390320540933146,0.04052893817424774,-0.40561002492904663,-0.05485793396342231,0.046410053968429565,-0.3029783368110657,-0.07227715670574142,0.050693780183792114,-0.22286337614059448,-0.07034744142997695,-0.020973041653633118,-0.2727692723274231,-0.017599675873999132,-0.01969181001186371,-0.3585178256034851,-0.07758113562572433,-0.005174800753593445,-0.2457958459854126,-0.07149378776061965,0.002013653516769409,-0.17572426795959473,-0.05037207349646522,-0.08110357820987701,-0.2326022982597351,-0.034382546390180124,-0.08229252696037292,-0.3071695566177368,-0.07734080224740936,-0.06211712956428528,-0.2331215739250183,-0.07164085477102233,-0.04928135871887207,-0.17986595630645752,-0.057617923314456476,-1.338589060987786,-1.46884961222559,1.391123580071086,1.3382164359362672,1.0278651355964668,0.16489692178046347,0.22416900786843597,0.29065596242426756,0.32059085334542886,0.35199400765135297,0.40988545034476903,0.424050035970914,0.06776319246034217,0.10882925393018199,0.05146194577177536,T
0.0,0.0,0.0,0.09828053414821625,-0.08157187700271606,-0.01887960620479312,0.13776223361492157,-0.22688019275665283,-0.018980416285559798,0.1447441726922989,-0.34720268845558167,-0.023235068472788,0.17831160128116608,-0.4106495678424835,-0.027049346643254424,0.10061223804950714,-0.30347931385040283,0.011984237653448915,0.1126900464296341,-0.4201596677303314,-0.01250172481195655,0.11959679424762726,-0.49703630805015564,-0.028567016872331763,0.12675337493419647,-0.5663975775241852,-0.04235149994747367,0.04174678027629852,-0.299386203289032,0.0008233848584477954,0.04559360444545746,-0.4053158760070801,-0.052895889433786536,0.052504003047943115,-0.3068186640739441,-0.07245517969386306,0.05784514546394348,-0.22800004482269287,-0.07197495997206893,-0.016306161880493164,-0.2751723527908325,-0.014864437098369265,-0.01571573317050934,-0.3582834005355835,-0.07538608163850036,-0.0011737793684005737,-0.24836879968643188,-0.07153556198136535,0.007468745112419128,-0.17895692586898804,-0.05178142786280837,-0.07633648812770844,-0.23624753952026367,-0.03170089125888076,-0.07811838388442993,-0.30362552404403687,-0.07457539886491027,-0.05769810080528259,-0.2312604784965515,-0.07032594532029357,-0.04320240020751953,-0.18000978231430054,-0.05738001019017425,-1.353622715032132,-1.4716951737100556,1.3489955444767578,1.3285481976854088,1.0383716734556687,0.16406002933029357,0.21879902933175888,0.28786934857423346,0.31978612153127545,0.3453421987350845,0.40538756945264404,0.4221143136535141,0.07030653759846452,0.1118645242328899,0.050682082383508846,T
0.0,0.0,0.0,0.09461399912834167,-0.0909048318862915,-0.019401079979639135,0.1315358579158783,-0.2368708848953247,-0.01967071462879666,0.13854628801345825,-0.35722798109054565,-0.02436402719924935,0.174671471118927,-0.41742315888404846,-0.028368209493260466,0.0939149260520935,-0.3097182512283325,0.014485510061581053,0.11098223924636841,-0.42425858974456787,-0.0115585112989951,0.1178593635559082,-0.5004661083221436,-0.02867560182223805,0.12369319796562195,-0.5715186595916748,-0.04300240148315915,0.03434395790100098,-0.3049052953720093,0.002883534873921789,0.03813508152961731,-0.41376250982284546,-0.054204055112700544,0.044344186782836914,-0.3099396228790283,-0.0743074910760928,0.049765318632125854,-0.22971457242965698,-0.0727607728959132,-0.02370956540107727,-0.2792186737060547,-0.013521270831029497,-0.02282242476940155,-0.3646124303340912,-0.07742403168688305,-0.009701952338218689,-0.2504323124885559,-0.07175148744593152,-0.0024350881576538086,-0.18156248331069946,-0.04910823796401509,-0.08308467268943787,-0.23840969800949097,-0.03126717452416905,-0.08487410843372345,-0.30992621183395386,-0.07582629938135632,-0.06352104246616364,-0.23500239849090576,-0.06968494225750455,-0.0490620881319046,-0.18287593126296997,-0.054286451083521925,-1.3362829202542768,-1.457538907876908,1.3685050389982438,1.3562969439693582,1.0211295678482901,0.1623089882662912,0.22546853518343038,0.29495252435045477,0.3241436525983185,0.34970754258867254,0.4098465127094215,0.4253087809549877,0.07101764678964308,0.10936505216038989,0.04664549573240815,T
0.0,0.0,0.0,0.09843838214874268,-0.08597636222839355,-0.018948915855798276,0.13818496465682983,-0.2319188117980957,-0.019685897486123594,0.14433422684669495,-0.3521153926849365,-0.024435767413887532,0.17649883031845093,-0.4151465892791748,-0.0283394357877107,0.09946078062057495,-0.3050551414489746,0.01041818272897288,0.11133041977882385,-0.42377740144729614,-0.0144691304059954,0.11854293942451477,-0.4997583031654358,-0.030588281782183202,0.12504899501800537,-0.571530282497406,-0.04486070710590795,0.03985130786895752,-0.3003530502319336,-0.0015933912702159603,0.04418781399726868,-0.4088670313358307,-0.05566608670524076,0.049783140420913696,-0.30580586194992065,-0.07441196727922872,0.054277628660202026,-0.22985023260116577,-0.07366440582445577,-0.018047809600830078,-0.27563029527664185,-0.01800266790560201,-0.018019497394561768,-0.3620353043079376,-0.07929300654104665,-0.005326554179191589,-0.24715644121170044,-0.07234592873028234,0.0016085952520370483,-0.1811169981956482,-0.05056021872333005,-0.07706849277019501,-0.23593676090240479,-0.035651308925661596,-0.08002921938896179,-0.30521970987319946,-0.07844237375429586,-0.06144249439239502,-0.23013907670974731,-0.07133219528368429,-0.049728989601135254,-0.18249475955963135,-0.05653673175147489,-1.364661373159846,-1.4750650739668156,1.3689619654709015,1.365744370592457,1.097932970018337,0.16462972106219712,0.22197468759507308,0.29215825133702483,0.3245087061658287,0.34893243299132803,0.40946314224074826,0.42649265177139495,0.07175622074617309,0.11427999592731455,0.05135606921224356,T
0.0,0.0,0.0,0.09262292087078094,-0.08531808853149414,-0.019030910600381645,0.12992693483829498,-0.23513954877853394,-0.018448517341571602,0.13585440814495087,-0.35730910301208496,-0.021760054547744545,0.17070750892162323,-0.416961133480072,-0.02456000881310061,0.09212426841259003,-0.31062769889831543,0.008855126183075157,0.10937909781932831,-0.42873042821884155,-0.01593883769627169,0.1167532354593277,-0.5055705904960632,-0.030847680438714775,0.12329687178134918,-0.5762401521205902,-0.04359767833765105,0.03126133978366852,-0.3027949333190918,-0.0021799496937866536,0.03305141627788544,-0.41200852394104004,-0.05782908448989943,0.040946975350379944,-0.30641788244247437,-0.075752171371537,0.0478048175573349,-0.22428035736083984,-0.07306780168827132,-0.026716068387031555,-0.2750557065010071,-0.017500704769449982,-0.02618485689163208,-0.3578987419605255,-0.07973750928457335,-0.008777543902397156,-0.24443256855010986,-0.07360822955186919,0.0003140270709991455,-0.17582708597183228,-0.05143800625618056,-0.08545823395252228,-0.23374950885772705,-0.03393791863735274,-0.08548302948474884,-0.3070152997970581,-0.07797338316257552,-0.06395223736763,-0.23076671361923218,-0.07153266916091994,-0.05101138353347778,-0.1781013011932373,-0.056269186232643875,-1.3501587658117793,-1.4539695214324053,1.3631282246787138,1.3048468616380782,1.016515334101643,0.16618536124801508,0.2285409220041242,0.29526186263194404,0.32590379984224094,0.35996492520561935,0.4188739710649251,0.43462387473383446,0.0678461103477116,0.10907404286332528,0.05137577083208994,T
0.0,0.0,0.0,0.09280666708946228,-0.07346653938293457,-0.020358025552208336,0.1292220950126648,-0.21969187259674072,-0.01899925944345704,0.13676822185516357,-0.3411121964454651,-0.02099547487633935,0.17281290888786316,-0.40108591318130493,-0.022703166575605782,0.09198284149169922,-0.28945744037628174,0.010525372354810325,0.10933643579483032,-0.4071335792541504,-0.012495141000921639,0.11612993478775024,-0.4841049909591675,-0.025580219448978814,0.12151160836219788,-0.5546341240406036,-0.03751064230638257,0.03379751741886139,-0.2835896611213684,0.00091130072067791,0.03499217331409454,-0.39380788803100586,-0.05351590131359807,0.041949450969696045,-0.29118812084198,-0.07048618932204953,0.048588886857032776,-0.20960891246795654,-0.06711895902591458,-0.023207753896713257,-0.25828778743743896,-0.013327126847083481,-0.022922873497009277,-0.3397613763809204,-0.07613316317039243,-0.00936037302017212,-0.2269417643547058,-0.06997790326314679,-0.000912398099899292,-0.15988200902938843,-0.047514335708196076,-0.08131849765777588,-0.22102242708206177,-0.02861466770010701,-0.08397579193115234,-0.28790760040283203,-0.07422522594171277,-0.06542220711708069,-0.21251201629638672,-0.06903375078874341,-0.05261988937854767,-0.1640530228614807,-0.05461508919435254,-1.334958187760534,-1.4598981331448064,1.3734628978682712,1.3479923058922498,1.1041494272511108,0.16189155782101883,0.22824339957969397,0.29725377317389806,0.32711548056855105,0.3526473024602198,0.41329997539808694,0.42763930490979374,0.07016510627068177,0.11098898803458479,0.05187544708934086,T
0.0,0.0,0.0,0.08904466032981873,-0.0790557861328125,-0.02061065216815372,0.12625405192375183,-0.2285364866256714,-0.02110670809900661,0.13311618566513062,-0.3528748154640198,-0.02466917340910335,0.16862976551055908,-0.4140166938304901,-0.027821629543661075,0.08820733428001404,-0.3047146797180176,0.0020376583534638115,0.10790294408798218,-0.42465779185295105,-0.023222658087371784,0.11533525586128235,-0.5008425116539001,-0.03712163050925632,0.12253448367118835,-0.5710704028606415,-0.04930414934909244,0.029091358184814453,-0.2984011769294739,-0.007877766390203433,0.03137195110321045,-0.40962618589401245,-0.0624025941387405,0.04008778929710388,-0.3074309825897217,-0.07840040256535907,0.048991858959198,-0.22815072536468506,-0.07509627868688007,-0.027288764715194702,-0.27073782682418823,-0.02189639141118427,-0.027656197547912598,-0.3530045747756958,-0.08193587442195316,-0.009238898754119873,-0.24440139532089233,-0.07508085598504444,0.002124592661857605,-0.17769640684127808,-0.053513507594226795,-0.08448119461536407,-0.22909069061279297,-0.03722584550535579,-0.08707471191883087,-0.2992174029350281,-0.07975485106265445,-0.06436620652675629,-0.2270338535308838,-0.07401131023919483,-0.04922112822532654,-0.17657387256622314,-0.059952426005958515,-1.3461864174985896,-1.4426257331508956,1.294749299352141,1.2646061451593011,0.9795203488916774,0.16367847301333938,0.22104159544692906,0.2890869257300293,0.32223920505031467,0.3507170125093156,0.41138989121892755,0.43026445662206536,0.06886348021881575,0.11093224326723854,0.051357989997889236,T
0.0,0.0,0.0,0.09782159328460693,-0.07931101322174072,-0.02242770961233731,0.13726982474327087,-0.227483868598938,-0.024317856717196662,0.14347466826438904,-0.3485250473022461,-0.02943037993022557,0.1796136200428009,-0.40967366099357605,-0.03344012408265229,0.10102969408035278,-0.30190539360046387,0.007758556560339969,0.11352068185806274,-0.4188997745513916,-0.018281232404795844,0.11971679329872131,-0.4963762164115906,-0.0347186809659874,0.12382236123085022,-0.5701510608196259,-0.04915523885497208,0.04208293557167053,-0.29707521200180054,-0.002776243795914013,0.04453080892562866,-0.4049542248249054,-0.05771709589966889,0.05122244358062744,-0.3029763102531433,-0.07693894936451073,0.05829125642776489,-0.227766215801239,-0.07643554343589898,-0.016386941075325012,-0.2718655467033386,-0.01809823683210965,-0.01811191439628601,-0.35591912269592285,-0.08143781854519005,-0.004458010196685791,-0.2420932650566101,-0.07612332685598489,0.006904721260070801,-0.17774313688278198,-0.05510565994986649,-0.07537898421287537,-0.23245632648468018,-0.034761566507903296,-0.07862648367881775,-0.29782599210739136,-0.07982823981651421,-0.059698790311813354,-0.2217887043952942,-0.07445334627040978,-0.04493050277233124,-0.17460983991622925,-0.06060072391041871,-1.3424346814711736,-1.486030555967682,1.3410688226470395,1.3282083674208938,1.0862782987506112,0.16989897119980424,0.21865368629305593,0.2891714573277434,0.3250770109840129,0.348599638259964,0.4094553862202336,0.43003533173801645,0.07171390674773508,0.11610483137919403,0.05192983728426191,T
0.0,0.0,0.0,0.08745971322059631,-0.0710442066192627,-0.022588987938879868,0.12478423118591309,-0.21984875202178955,-0.022479231573461433,0.1317249834537506,-0.3402557969093323,-0.024935864947556396,0.16661480069160461,-0.4027567505836487,-0.026939277641295334,0.08919689059257507,-0.2959950566291809,0.005655028287501196,0.10501661896705627,-0.41208627820014954,-0.0183147500379075,0.1114368736743927,-0.48899197578430176,-0.03180394238960638,0.1154940128326416,-0.5576510727405548,-0.043573680437921425,0.030681699514389038,-0.2900104522705078,-0.0028648957254429064,0.03198245167732239,-0.3971148133277893,-0.05738995141518011,0.039268165826797485,-0.29450416564941406,-0.07410896486771001,0.045469045639038086,-0.21395057439804077,-0.07053911603224172,-0.027103781700134277,-0.2637088894844055,-0.015912356890558144,-0.027192041277885437,-0.3442741632461548,-0.07903558678161993,-0.011548146605491638,-0.23206478357315063,-0.07329770094883337,-0.002142995595932007,-0.16478335857391357,-0.05109181544911756,-0.0857672244310379,-0.22414946556091309,-0.03009727141988172,-0.08595137298107147,-0.29137587547302246,-0.07647649116051092,-0.06508156657218933,-0.21513593196868896,-0.07163810647261037,-0.05183836817741394,-0.1647050976753235,-0.057221117533563515,-1.345965518621833,-1.4706300287482956,1.3787745915285132,1.3236363160149902,1.0521494237924975,0.1631121883482915,0.2243302612959011,0.29173708902442413,0.32309499600164293,0.3507613556128408,0.41010182465644557,0.42709093300427226,0.06844210387222763,0.10905892793024297,0.049695434204568074,T
0.0,0.0,0.0,0.08745971322059631,-0.0710442066192627,-0.022588987938879868,0.12478423118591309,-0.21984875202178955,-0.022479231573461433,0.1317249834537506,-0.3402557969093323,-0.024935864947556396,0.16661480069160461,-0.4027567505836487,-0.026939277641295334,0.08919689059257507,-0.2959950566291809,0.005655028287501196,0.10501661896705627,-0.41208627820014954,-0.0183147500379075,0.1114368736743927,-0.48899197578430176,-0.03180394238960638,0.1154940128326416,-0.5576510727405548,-0.043573680437921425,0.030681699514389038,-0.2900104522705078,-0.0028648957254429064,0.03198245167732239,-0.3971148133277893,-0.05738995141518011,0.039268165826797485,-0.29450416564941406,-0.07410896486771001,0.045469045639038086,-0.21395057439804077,-0.07053911603224172,-0.027103781700134277,-0.2637088894844055,-0.015912356890558144,-0.027192041277885437,-0.3442741632461548,-0.07903558678161993,-0.011548146605491638,-0.23206478357315063,-0.07329770094883337,-0.002142995595932007,-0.16478335857391357,-0.05109181544911756,-0.0857672244310379,-0.22414946556091309,-0.03009727141988172,-0.08595137298107147,-0.29137587547302246,-0.07647649116051092,-0.06508156657218933,-0.21513593196868896,-0.07163810647261037,-0.05183836817741394,-0.1647050976753235,-0.057221117533563515,-1.345965518621833,-1.4706300287482956,1.3787745915285132,1.3236363160149902,1.0521494237924975,0.1631121883482915,0.2243302612959011,0.29173708902442413,0.32309499600164293,0.3507613556128408,0.41010182465644557,0.42709093300427226,0.06844210387222763,0.10905892793024297,0.049695434204568074,T
0.0,0.0,0.0,0.0966101884841919,-0.0792967677116394,-0.021333068249163034,0.1367780566215515,-0.2215246558189392,-0.022283445683655145,0.14372938871383667,-0.33884260058403015,-0.026644643036064508,0.17817553877830505,-0.4001501798629761,-0.030119532359179857,0.09959396719932556,-0.2952553629875183,0.010256575780573485,0.11264893412590027,-0.4075470566749573,-0.01433451158308685,0.11996370553970337,-0.4823952913284302,-0.030245096993979814,0.12565293908119202,-0.5518008172512054,-0.043931427982982996,0.042266085743904114,-0.2894805669784546,0.00025663191254921003,0.04564942419528961,-0.3916740417480469,-0.05354604834073484,0.051795050501823425,-0.2930164337158203,-0.07299564742797315,0.05727151036262512,-0.21808385848999023,-0.07236132734769285,-0.014474570751190186,-0.2647097110748291,-0.01453327910357416,-0.014466136693954468,-0.3438764810562134,-0.07610229366773069,0.0012101829051971436,-0.23548352718353271,-0.07278451287501753,0.011834725737571716,-0.17153126001358032,-0.0531293187414974,-0.072625532746315,-0.22653239965438843,-0.030518615258273485,-0.07212546467781067,-0.2909887433052063,-0.07410460674518049,-0.052786946296691895,-0.21804273128509521,-0.06974746250861585,-0.039245426654815674,-0.16989880800247192,-0.05659501963609159,-1.3430610962366414,-1.4695670954183935,1.3636416082847387,1.295606215127468,1.0382039030930996,0.1604884397681011,0.21855417970249597,0.2827293345165242,0.3166821284087791,0.3406508892670428,0.3969376800587635,0.4159815088325753,0.06505110161995208,0.10787640252489569,0.051106231205187605,T
0.0,0.0,0.0,0.09496892988681793,-0.07907760143280029,-0.021008872593199612,0.13469813764095306,-0.220980703830719,-0.0218933068014735,0.14013393223285675,-0.33718231320381165,-0.02617550564781368,0.17363955080509186,-0.3981993794441223,-0.029589218253647687,0.09930957853794098,-0.29355180263519287,0.01155976003184378,0.11133350431919098,-0.40429767966270447,-0.01286027503982723,0.11837850511074066,-0.47827649116516113,-0.02890621794239223,0.12251003086566925,-0.5470550060272217,-0.042636941353237034,0.0419565886259079,-0.28755372762680054,0.0014376802803894861,0.04370222985744476,-0.39051389694213867,-0.05139094514623821,0.05044771730899811,-0.2929288148880005,-0.07070716021434009,0.055755868554115295,-0.21900635957717896,-0.07031240610257328,-0.015664473176002502,-0.26284903287887573,-0.013562505299603345,-0.01583661139011383,-0.3448469638824463,-0.0749483734168166,-0.002122029662132263,-0.23661422729492188,-0.07124574033394993,0.006693199276924133,-0.1738605499267578,-0.0514110728897208,-0.07508663833141327,-0.22485381364822388,-0.02972552103773296,-0.07399298250675201,-0.2912031412124634,-0.0736898883976096,-0.05553576350212097,-0.2180560827255249,-0.06906903831139743,-0.04300183057785034,-0.17069482803344727,-0.05569122655168712,-1.354497362196906,-1.4795312006268269,1.3721413395585795,1.3246487683626562,1.03596979832225,0.15739194825238975,0.21449172690358936,0.2796408316354886,0.31415252512128866,0.33477161263109273,0.3907526590355807,0.41114615388934916,0.06667300537395247,0.10994128986846037,0.04979576073696146,T
0.0,0.0,0.0,0.09263288974761963,-0.07300591468811035,-0.019787853512301723,0.13013622164726257,-0.21695750951766968,-0.01945250660492448,0.13790443539619446,-0.3335908055305481,-0.022382477226987163,0.1735788881778717,-0.39210015535354614,-0.024735331463947574,0.09685420989990234,-0.28691238164901733,0.009129843745991906,0.11160749197006226,-0.3976498544216156,-0.014314377609029094,0.11711713671684265,-0.472992479801178,-0.028972605171933452,0.1206001341342926,-0.5425994992256165,-0.04194000915004281,0.03951984643936157,-0.2817532420158386,-0.0009205501860414245,0.041750505566596985,-0.3879838287830353,-0.05244339064075021,0.04888509213924408,-0.29136133193969727,-0.06995764181329278,0.055649250745773315,-0.21534132957458496,-0.06838052526427774,-0.017611950635910034,-0.25667428970336914,-0.015398921373620311,-0.01756066083908081,-0.33831316232681274,-0.07480848387195138,-0.0017850100994110107,-0.23125886917114258,-0.07007270858003167,0.009288191795349121,-0.1675930619239807,-0.050112562182679454,-0.07580745220184326,-0.2180536985397339,-0.030970754030480663,-0.07558286190032959,-0.2857258915901184,-0.07367326125813989,-0.05596268177032471,-0.21331369876861572,-0.06859922960711984,-0.0418773889541626,-0.16446977853775024,-0.05525081411315469,-1.3276616874922957,-1.4781909352982507,1.3325402361836705,1.2775302517515417,1.0063124422131793,0.1595518752191077,0.2124878393593933,0.27819933126814994,0.313427815939966,0.3336413146723474,0.3911779346089628,0.41155926812118226,0.06655257208131364,0.10999709157997949,0.051260818882900294,T
0.0,0.0,0.0,0.09196944534778595,-0.07261544466018677,-0.01996617733488648,0.130292609333992,-0.21484321355819702,-0.020357519080739905,0.1373855620622635,-0.33156073093414307,-0.02404849014232724,0.17098306119441986,-0.3916240930557251,-0.027228867327671935,0.0962110310792923,-0.28707385063171387,0.007042900500941585,0.11251281201839447,-0.3987911343574524,-0.017631662702065398,0.11889265477657318,-0.4740228056907654,-0.03304063498030274,0.1236526221036911,-0.5428285002708435,-0.046250302037101676,0.03896516561508179,-0.28364086151123047,-0.0031003492603716154,0.04272899031639099,-0.3919140696525574,-0.05613106085906594,0.05032080411911011,-0.29657673835754395,-0.0744005326832351,0.05570720136165619,-0.21812957525253296,-0.07299651547322838,-0.017451152205467224,-0.2595193386077881,-0.017550576170783927,-0.0148114413022995,-0.3409885764122009,-0.07756027176032632,0.0006412416696548462,-0.23443388938903809,-0.07346383824000924,0.009271100163459778,-0.1674923300743103,-0.053645170917612006,-0.0753425806760788,-0.22179067134857178,-0.033128279885154654,-0.07154691219329834,-0.2846069931983948,-0.07660150869737237,-0.0515725314617157,-0.21267598867416382,-0.07257540865789025,-0.03881567716598511,-0.16413629055023193,-0.0596508455182132,-1.344562205330609,-1.4639087101131227,1.3205920164108371,1.2881939347447182,1.006072673528937,0.15843908364351436,0.20829995575598456,0.2763798211115201,0.3094611621938946,0.3317317773561324,0.39237784496472855,0.412072491159821,0.06870547353543655,0.10885701336200147,0.04820374627784433,T
0.0,0.0,0.0,0.09499755501747131,-0.07385307550430298,-0.0212497652225494,0.13635259866714478,-0.21574628353118896,-0.021865574335336646,0.14282891154289246,-0.3331817388534546,-0.025448102196335753,0.1776222586631775,-0.3901420831680298,-0.02833688973414894,0.10283851623535156,-0.2875155806541443,0.009252028847456018,0.11514982581138611,-0.40014782547950745,-0.014115386334836444,0.12170398235321045,-0.4749465584754944,-0.029385417392134627,0.12568658590316772,-0.5451803505420685,-0.0430883650385141,0.045230716466903687,-0.2829536199569702,-0.000625125406898519,0.04924388229846954,-0.3844572901725769,-0.05138360305654999,0.054407984018325806,-0.2867013216018677,-0.06969900025951858,0.060237571597099304,-0.21384167671203613,-0.06938073380815979,-0.01251266896724701,-0.259335458278656,-0.015127080184996089,-0.012768268585205078,-0.34029656648635864,-0.07529850645887848,-0.0012431740760803223,-0.23056668043136597,-0.07080200656282898,0.008840084075927734,-0.1686307191848755,-0.05111695795285698,-0.07132911682128906,-0.22181856632232666,-0.030774691765785178,-0.07302713394165039,-0.28811514377593994,-0.07427615269052978,-0.05665251612663269,-0.2135237455368042,-0.0689374689661264,-0.04322992265224457,-0.1660786271095276,-0.055445324321865996,-1.3384272999727336,-1.48235402347527,1.3569771703581845,1.3395963771370036,1.1038642177025466,0.16350589731070478,0.21180415027602664,0.2784864571789413,0.31461105882130147,0.3377408625693381,0.3942622602589565,0.415031207949563,0.06845240977505256,0.11395977919235233,0.05213251168544407,T
0.0,0.0,0.0,0.08817431330680847,-0.07786720991134644,-0.018802110974948327,0.12529611587524414,-0.2229166030883789,-0.0178648540128874,0.1339118778705597,-0.33967161178588867,-0.02067176712052099,0.16787558794021606,-0.3992140293121338,-0.023113715400259416,0.09242284297943115,-0.29698896408081055,0.010518829400379737,0.10857215523719788,-0.40927180647850037,-0.013063477290134351,0.11583292484283447,-0.48413342237472534,-0.0271498215694832,0.12028035521507263,-0.5529252588748932,-0.039503836010854165,0.03401839733123779,-0.2907034158706665,-0.0005538666698070571,0.0344218909740448,-0.3954278826713562,-0.05533959430948965,0.041066110134124756,-0.2919492721557617,-0.07316379336015455,0.047180235385894775,-0.21161407232284546,-0.07026332703725569,-0.02336844801902771,-0.2641647458076477,-0.016018555437486093,-0.023635417222976685,-0.3446041941642761,-0.0786883318175482,-0.0070684850215911865,-0.23173826932907104,-0.07372309354440443,0.003965213894844055,-0.16464316844940186,-0.05217419651643507,-0.08152897655963898,-0.22338706254959106,-0.03238765609757177,-0.08303634822368622,-0.2890869975090027,-0.07804734346763365,-0.062300413846969604,-0.21258360147476196,-0.07339127448693983,-0.04714955389499664,-0.16290920972824097,-0.05923152056829206,-1.3338139955589894,-1.4623776469510281,1.4058902487798526,1.3027549701444545,1.0538886402860133,0.1609113056060881,0.22307198835935171,0.2861644623037195,0.3194930036477004,0.34905150563291787,0.40532973471672934,0.42443526368171847,0.0638263573546247,0.10616154099360409,0.051144169746472824,T
0.0,0.0,0.0,0.09283703565597534,-0.07685333490371704,-0.018627470532639023,0.13256368041038513,-0.224517822265625,-0.017667973587496277,0.14079606533050537,-0.3424520492553711,-0.02057009207664251,0.173139750957489,-0.40632185339927673,-0.023226877847893235,0.09664246439933777,-0.3014584183692932,0.009983008553998474,0.1109822690486908,-0.41557854413986206,-0.013934669258279797,0.11650481820106506,-0.4923783540725708,-0.028867736632211205,0.12011143565177917,-0.5630298852920532,-0.04185065271912336,0.03655123710632324,-0.2944769859313965,-0.001666119961274859,0.038518160581588745,-0.4005926847457886,-0.056203957820518013,0.04716448485851288,-0.29738861322402954,-0.0752304831391406,0.054288387298583984,-0.21495020389556885,-0.07351978513060331,-0.02239339053630829,-0.267477810382843,-0.017524350607974526,-0.023067712783813477,-0.3510867953300476,-0.07959624024687528,-0.005677759647369385,-0.23778605461120605,-0.0749379211908412,0.005447700619697571,-0.16782063245773315,-0.05390182899890661,-0.08241201937198639,-0.2260327935218811,-0.03430149349032163,-0.08370931446552277,-0.29643332958221436,-0.07925701531229734,-0.06329146027565002,-0.21954697370529175,-0.07373315485773801,-0.049435168504714966,-0.16619127988815308,-0.05910560878573179,-1.351209375306032,-1.4813129544824821,1.351354250351,1.2983731712609747,1.0671321444051076,0.16543702573447466,0.22527484297486772,0.29155352190824135,0.32741760354078053,0.3542486955453543,0.411507139254435,0.4315401832041963,0.0678720058579324,0.11461242820410454,0.054907049757962706,T
0.0,0.0,0.0,0.09546831250190735,-0.08258241415023804,-0.019462021692312703,0.13298317790031433,-0.22867417335510254,-0.019865921391762242,0.13830915093421936,-0.34894049167633057,-0.024360841764725194,0.16991785168647766,-0.4146850109100342,-0.028426625459111676,0.09592795372009277,-0.30186325311660767,0.011381125384353652,0.10697975754737854,-0.41889217495918274,-0.012798424503422723,0.11285129189491272,-0.49711471796035767,-0.028797701625741468,0.11764222383499146,-0.5697415173053741,-0.04308001945785378,0.03609299659729004,-0.294985830783844,-0.0001701588032361201,0.03756415843963623,-0.40225785970687866,-0.054443030311382756,0.04599073529243469,-0.3006848692893982,-0.07443438719085549,0.052851855754852295,-0.2215920090675354,-0.0743587861495385,-0.02214336395263672,-0.26772594451904297,-0.0162065761821637,-0.024461135268211365,-0.35401707887649536,-0.07691990832856987,-0.0052716732025146484,-0.24331778287887573,-0.07271088163427208,0.00648266077041626,-0.17452263832092285,-0.053012828035868154,-0.08067359030246735,-0.22619593143463135,-0.03344622503093575,-0.08478371798992157,-0.2969743609428406,-0.07602391640714501,-0.06341803073883057,-0.22534513473510742,-0.07098060349992608,-0.048520177602767944,-0.17547720670700073,-0.05788528422883843,-1.374783893291559,-1.4899129558953055,1.3463036322852553,1.2728063156331366,1.0057830309000075,0.16363148059831026,0.22580822563407774,0.290497894721116,0.32393756532919443,0.35412691493616927,0.4105537854732722,0.4278484431000933,0.0660728984227778,0.11136814689941485,0.05501112096576768,T
0.0,0.0,0.0,0.09114128351211548,-0.07905954122543335,-0.01982625143140382,0.12819495797157288,-0.23359668254852295,-0.020721446140704813,0.13607457280158997,-0.3595953583717346,-0.025084325461683932,0.17301493883132935,-0.42320263385772705,-0.029348588897882166,0.09206798672676086,-0.30489087104797363,0.0022753417724388214,0.10798385739326477,-0.42638134956359863,-0.02310601563662118,0.11436638236045837,-0.5046011805534363,-0.03766195976644582,0.11999082565307617,-0.5768438279628754,-0.050736670731602374,0.03064829111099243,-0.2974069118499756,-0.008854058920441332,0.03208616375923157,-0.4072015881538391,-0.06529225164562291,0.040980204939842224,-0.3001788258552551,-0.08275903516918248,0.04746691882610321,-0.2167035937309265,-0.08031905943065709,-0.027377620339393616,-0.269217312335968,-0.023835608153639498,-0.028765007853507996,-0.35571742057800293,-0.08518808835655278,-0.009655967354774475,-0.24307358264923096,-0.07803903275638646,0.000730559229850769,-0.17188382148742676,-0.056153052835760775,-0.0850965827703476,-0.2264447808265686,-0.04000040271788663,-0.08864456415176392,-0.2997240424156189,-0.08357886725574559,-0.06587888300418854,-0.22585666179656982,-0.07749325537592,-0.05131547152996063,-0.1733776330947876,-0.06319712603002614,-1.3386723651590238,-1.468479615570769,1.3653363773255711,1.289662598997171,1.0039181351591064,0.16253360607700815,0.2416695241451074,0.3047015800843254,0.33576280916603535,0.3673699843129409,0.4221559166847411,0.4383272953580426,0.06475414498137867,0.10786611845015114,0.05206746384230291,T
0.0,0.0,0.0,0.08925572037696838,-0.08540672063827515,-0.018402534511828605,0.12591028213500977,-0.24038165807724,-0.018652512666726295,0.13301816582679749,-0.36350589990615845,-0.02284561560764331,0.16949161887168884,-0.4238050878047943,-0.026919526022815887,0.08772918581962585,-0.31399238109588623,0.004163980509197529,0.10443994402885437,-0.4316520690917969,-0.021405660522127334,0.11064556241035461,-0.5083250403404236,-0.036126901370430176,0.11728066205978394,-0.5785573124885559,-0.04902441145195979,0.026553168892860413,-0.3051157593727112,-0.007736369476610605,0.028448820114135742,-0.41371726989746094,-0.06552466095700282,0.03712715208530426,-0.3072776794433594,-0.08355978221907634,0.04346373677253723,-0.22132045030593872,-0.08083174468293208,-0.030974239110946655,-0.2752556800842285,-0.023438765642190162,-0.0325811505317688,-0.36079609394073486,-0.08468703271164912,-0.012946411967277527,-0.2508213520050049,-0.07799129278674144,-0.0031093358993530273,-0.17812812328338623,-0.056127757740163986,-0.08924077451229095,-0.2307955026626587,-0.04036451594247836,-0.09190015494823456,-0.3025912642478943,-0.08300092161908168,-0.06889550387859344,-0.23130762577056885,-0.07722058237805385,-0.055188193917274475,-0.17878246307373047,-0.06309405804886836,-1.3375222298204277,-1.4595590285401678,1.3716628638366433,1.2914102296460939,0.9911289532372575,0.16332248790594647,0.23850168865113014,0.3002469991262668,0.3324411299839166,0.3647836539113906,0.41813548901774716,0.435391130486924,0.06351872331623401,0.1074322288077229,0.05208296855030489,T
0.0,0.0,0.0,0.0892743319272995,-0.07455247640609741,-0.02328737028691963,0.12754224240779877,-0.2261641025543213,-0.02471062303338245,0.13624604046344757,-0.35015398263931274,-0.02896332130584911,0.17376939952373505,-0.4142058491706848,-0.0327188218459864,0.09145630896091461,-0.3044983148574829,0.004033426336906398,0.10702882707118988,-0.4229007363319397,-0.02107821167264179,0.11399339139461517,-0.5007774829864502,-0.03513744049523071,0.1207282692193985,-0.5717679560184479,-0.047665841363408123,0.030667230486869812,-0.2973942160606384,-0.005515954874493634,0.030517250299453735,-0.40423572063446045,-0.06253251009438232,0.0387628972530365,-0.29746466875076294,-0.08031379007551864,0.04756949841976166,-0.21415174007415771,-0.07727542095635132,-0.027204111218452454,-0.26935964822769165,-0.019594583146311795,-0.028893962502479553,-0.3504612445831299,-0.0838345470354338,-0.009618774056434631,-0.23687809705734253,-0.07823341660950378,0.0042616575956344604,-0.1669778823852539,-0.056216187261082684,-0.0844109058380127,-0.2271900177001953,-0.03493250482533172,-0.08827872574329376,-0.29535865783691406,-0.08137128078196243,-0.06636291742324829,-0.2192021608352661,-0.07650073193762497,-0.05025672912597656,-0.16749542951583862,-0.06221783482287124,-1.3297419184921495,-1.4617089079324388,1.3704711499159987,1.2726214344282163,1.0511075692512908,0.1662503504305104,0.23653342597835475,0.29975747219113935,0.3332472617802695,0.3650226892279807,0.4212119126224795,0.43894435335697257,0.06403859715906406,0.10838257291070769,0.05452084322311523,T
0.0,0.0,0.0,0.08855977654457092,-0.07818764448165894,-0.021788033469015033,0.12615910172462463,-0.22786808013916016,-0.022112463413172634,0.13311955332756042,-0.3492833375930786,-0.025214287264638813,0.16826394200325012,-0.4111383557319641,-0.027653707934909733,0.08836108446121216,-0.3034903407096863,0.004847835005826084,0.10623252391815186,-0.42249852418899536,-0.019532638414197834,0.11364248394966125,-0.49930769205093384,-0.032999870179587276,0.11989781260490417,-0.5697962045669556,-0.04498237445800868,0.02844417095184326,-0.2970382571220398,-0.004649869909876259,0.030315160751342773,-0.40750962495803833,-0.05970829054563609,0.03861866891384125,-0.3015668988227844,-0.07615539133399096,0.046050578355789185,-0.22002995014190674,-0.0723480999454793,-0.029113739728927612,-0.26940596103668213,-0.0184851910903987,-0.0293644517660141,-0.35013478994369507,-0.08080037385075656,-0.012535929679870605,-0.2359321117401123,-0.07392566352933017,-0.002519965171813965,-0.16924422979354858,-0.05124710202067462,-0.08672511577606201,-0.22786682844161987,-0.0335421122595605,-0.08954718708992004,-0.2948225140571594,-0.07843438982813922,-0.06850965321063995,-0.21910500526428223,-0.0725142478927907,-0.05514289438724518,-0.17073839902877808,-0.05763978585451213,-1.3449731942059349,-1.4529223445321453,1.3460295182548008,1.3112756759618596,1.06578415098225,0.16586619749040052,0.22684472429659985,0.2961079382817876,0.32818097709785565,0.3574770576425453,0.4188412549053233,0.43575954523711513,0.07027294706975389,0.1125600992222973,0.05264413757405273,T
0.0,0.0,0.0,0.08879391849040985,-0.07172536849975586,-0.020479747396311865,0.1268243044614792,-0.22024917602539062,-0.020139915239415274,0.13412974774837494,-0.34126579761505127,-0.02304417763312827,0.17024095356464386,-0.40212422609329224,-0.02572936688025962,0.09179382026195526,-0.29643911123275757,0.006219898514100208,0.10919789969921112,-0.4125358462333679,-0.01784362022241126,0.1160796731710434,-0.4894849956035614,-0.031453914311132536,0.12152247130870819,-0.5592152774333954,-0.04365816649456988,0.03237369656562805,-0.29015469551086426,-0.003928705886355743,0.03353269398212433,-0.39840948581695557,-0.059530764188966856,0.04201860725879669,-0.2937571406364441,-0.07718855079670917,0.049023136496543884,-0.2106725573539734,-0.07420352038403522,-0.02500118315219879,-0.262675404548645,-0.01822320122679244,-0.025013789534568787,-0.34408652782440186,-0.08158424433728229,-0.008633121848106384,-0.23000973463058472,-0.0757776492502309,0.0006089061498641968,-0.1605117917060852,-0.05357769813796054,-0.08322930335998535,-0.2208181619644165,-0.033511384692392454,-0.08366180956363678,-0.2872855067253113,-0.08015377756615649,-0.0624125599861145,-0.21016645431518555,-0.07525321033259402,-0.04892735183238983,-0.15899819135665894,-0.060727834072313414,-1.3364649124326242,-1.4581423383360936,1.3643079868040973,1.3251803923683763,1.0642230247291464,0.1644721524284912,0.22659986901546353,0.2952144982222968,0.3273301313007497,0.3560030635662685,0.416634803839681,0.4350021358529007,0.0697139879109187,0.11074537581813965,0.04955937692205391,T
0.0,0.0,0.0,0.09458976984024048,-0.07711130380630493,-0.018104644319841157,0.1351976990699768,-0.22128045558929443,-0.017871403894254456,0.14116346836090088,-0.34072643518447876,-0.021492091766425858,0.17189466953277588,-0.404838502407074,-0.024601718238422166,0.09733685851097107,-0.29952019453048706,0.008472803221216907,0.11164543032646179,-0.4153938293457031,-0.01576226373655487,0.11848264932632446,-0.49133193492889404,-0.030864964998194466,0.12442317605018616,-0.56092369556427,-0.044238569042512665,0.03828614950180054,-0.29345738887786865,-0.003009032751300822,0.040830641984939575,-0.39828360080718994,-0.05622399022323776,0.048789530992507935,-0.29684579372406006,-0.07441276480896164,0.05567371845245361,-0.2196701169013977,-0.07339056005222488,-0.018990933895111084,-0.2668900489807129,-0.018550028852054368,-0.019576191902160645,-0.34840166568756104,-0.07829835434896637,-0.002001345157623291,-0.23843157291412354,-0.07257450541002441,0.008315324783325195,-0.1727532148361206,-0.05217332561952759,-0.07732734084129333,-0.2260715365409851,-0.03510825505001236,-0.07769498229026794,-0.2928164601325989,-0.07720054855091263,-0.05778953433036804,-0.22019022703170776,-0.07104669680339981,-0.045677825808525085,-0.1723533272743225,-0.05710467492682625,-1.373477451580799,-1.4675460009410957,1.3393736307573307,1.2884744617713058,1.0383731788991741,0.1631445071597164,0.2186198537662886,0.2839397519466969,0.3184134849304384,0.3481098862000325,0.4051633685743692,0.42417128845116653,0.06666343188227669,0.11185264460305806,0.053994631408097446,T
0.0,0.0,0.0,0.09074100852012634,-0.07444798946380615,-0.01961613258808015,0.1283954679965973,-0.2225208282470703,-0.019136693314603548,0.1366465985774994,-0.3425939679145813,-0.022145749987057428,0.17174085974693298,-0.40401017665863037,-0.024601262048772554,0.09470582008361816,-0.29751962423324585,0.009107703357049246,0.10915178060531616,-0.4135357737541199,-0.014659117893270235,0.11470258235931396,-0.4896172881126404,-0.02882865628688691,0.11961129307746887,-0.5600453317165375,-0.041627692044666986,0.036059290170669556,-0.2926192283630371,-0.0014212993997624324,0.03726851940155029,-0.4003790318965912,-0.055182220400265436,0.04431155323982239,-0.297961950302124,-0.0726046915957248,0.05183085799217224,-0.21914851665496826,-0.0703737791487491,-0.021718591451644897,-0.2668449282646179,-0.016324363634875994,-0.02315276861190796,-0.3501434326171875,-0.07742459884374497,-0.006430298089981079,-0.23936772346496582,-0.07174918612926362,0.005793511867523193,-0.17299658060073853,-0.05080991423218606,-0.08045981824398041,-0.22740662097930908,-0.03232389128296731,-0.08267281949520111,-0.29144638776779175,-0.07650390079706071,-0.06278540194034576,-0.21726077795028687,-0.07155266216485856,-0.04837718605995178,-0.1695014238357544,-0.05804022958963273,-1.3363564026382586,-1.4762107064891044,1.3593406804680308,1.2856312076781469,1.0648456241989304,0.1645127999126245,0.22034573256620218,0.2844394554765718,0.32163070319915443,0.3475698863530525,0.40343676463586553,0.42514076857635896,0.06518771693927046,0.1118324010211355,0.054283336621485934,T
0.0,0.0,0.0,0.0875137448310852,-0.07760399580001831,-0.01603843864127441,0.12584149837493896,-0.22804349660873413,-0.014139307998860318,0.13311362266540527,-0.34634482860565186,-0.01643693853243633,0.16810479760169983,-0.40251225233078003,-0.018282268532360035,0.09316575527191162,-0.30429667234420776,0.009951603262877029,0.11065971851348877,-0.41821759939193726,-0.01354382220729633,0.11861160397529602,-0.4916635751724243,-0.027495848350966412,0.1260107159614563,-0.5594915449619293,-0.04001082699819847,0.03360623121261597,-0.30024564266204834,-0.001860308447660941,0.03747612237930298,-0.404941588640213,-0.056519070976222,0.044267892837524414,-0.29830402135849,-0.07347501289173408,0.04988861083984375,-0.21839511394500732,-0.07045522552057548,-0.023736774921417236,-0.2755710482597351,-0.01750163395031734,-0.021698102355003357,-0.3600222170352936,-0.07916914146467491,-0.005870610475540161,-0.24492228031158447,-0.07201163690611168,0.0017761588096618652,-0.17646878957748413,-0.04953231137319847,-0.0826260894536972,-0.2367711067199707,-0.03391330536528869,-0.07859174907207489,-0.30186641216278076,-0.07843493145033165,-0.05912141501903534,-0.2246965765953064,-0.07226716201826378,-0.04861648380756378,-0.175432026386261,-0.057341279797995526,-1.3331344881190013,-1.4427946078985594,1.3744315409157297,1.3188272047233827,1.064541127926419,0.16252510582710442,0.2188017080826377,0.2806436586419029,0.3139005301535616,0.3494872674942932,0.4026669297732246,0.42189616341908515,0.06381711929668497,0.10746664861283811,0.05040330651715323,T
0.0,0.0,0.0,0.08712254464626312,-0.07511579990386963,-0.021518615967252686,0.12467794120311737,-0.22428375482559204,-0.021491996905425026,0.13131831586360931,-0.3412463665008545,-0.02426528740546985,0.1673675924539566,-0.39943575859069824,-0.026157194709995224,0.0898725837469101,-0.30227047204971313,0.00600966023408489,0.10861463844776154,-0.4138035178184509,-0.01837100829801841,0.1161423772573471,-0.4874120354652405,-0.031759588009336426,0.12278075516223907,-0.5544669032096863,-0.04334863457701488,0.03048621118068695,-0.2982465624809265,-0.003407261761495306,0.03468392789363861,-0.4011065363883972,-0.0587093364062099,0.04166586697101593,-0.2967339754104614,-0.0746780205132751,0.048530951142311096,-0.21621233224868774,-0.07019628021738811,-0.02752789855003357,-0.2730836868286133,-0.017366392499425842,-0.022693470120429993,-0.3481590449810028,-0.08117877874396129,-0.0069643110036849976,-0.23364382982254028,-0.07472248557827754,0.0018894076347351074,-0.16619998216629028,-0.05165871415159984,-0.08634324371814728,-0.2339683175086975,-0.03239289108536525,-0.07967770099639893,-0.29273802042007446,-0.07894726279995723,-0.06015986204147339,-0.2145259976387024,-0.07364589158318324,-0.04958625137805939,-0.1665588617324829,-0.05860400754831119,-1.3317282803685173,-1.4410431646518123,1.3542784701595578,1.3022188723424137,1.0715845455645037,0.16131534911951706,0.21838720493366556,0.2859754483436661,0.31827758237707954,0.34630793836267587,0.4066520870271471,0.42447972105430787,0.06838617361377507,0.1099656881246465,0.051476910021334046,T
0.0,0.0,0.0,0.0875478982925415,-0.07785534858703613,-0.018878724436655503,0.12611761689186096,-0.23120397329330444,-0.018544739122882348,0.13443243503570557,-0.3514612913131714,-0.021570703025355797,0.17014607787132263,-0.4109840989112854,-0.0240526720987706,0.09176447987556458,-0.3095770478248596,0.004544817831918735,0.10879656672477722,-0.4253883361816406,-0.01959858090747879,0.11623802781105042,-0.4992378354072571,-0.03335825168658779,0.12334039807319641,-0.5680478811264038,-0.045571813370480996,0.032004475593566895,-0.3042675852775574,-0.006182859196707469,0.036175280809402466,-0.409199059009552,-0.060719674463763695,0.04439261555671692,-0.3012996315956116,-0.07694735565353916,0.049279868602752686,-0.21921366453170776,-0.07359259017874287,-0.025645703077316284,-0.27828818559646606,-0.020768415193453293,-0.022834807634353638,-0.35960984230041504,-0.08150896617342518,-0.006345316767692566,-0.24427896738052368,-0.07392513939310597,0.0003292858600616455,-0.17522484064102173,-0.051516370858445626,-0.08451728522777557,-0.2381037473678589,-0.03643752449323223,-0.07987736165523529,-0.3030923008918762,-0.0802199263231902,-0.05976976454257965,-0.22624582052230835,-0.07389868238140629,-0.05039113759994507,-0.1768534779548645,-0.05908833631445454,-1.3306217761943697,-1.449234336361277,1.370411149238071,1.3239085910535027,1.062473273626334,0.16388960719058077,0.22668158294198856,0.2905514940748727,0.3216423651779404,0.356609411951897,0.4116329370496153,0.42803703993940156,0.06581167205089711,0.10829909918500331,0.050746564568081264,T
0.0,0.0,0.0,0.09505593776702881,-0.08320623636245728,-0.01707676581712292,0.13708728551864624,-0.2298235297203064,-0.016914812546687585,0.14526209235191345,-0.35029131174087524,-0.020812119987326128,0.17552253603935242,-0.4123653769493103,-0.024070433971004945,0.1023707389831543,-0.3108024597167969,0.009031648117584723,0.1155160665512085,-0.4271721839904785,-0.014527414624112112,0.12219643592834473,-0.5020129084587097,-0.029302844476418954,0.12890976667404175,-0.572032243013382,-0.04265585325332211,0.043766140937805176,-0.3060389757156372,-0.0030764759764991823,0.04631394147872925,-0.41070324182510376,-0.0556166299399905,0.05118665099143982,-0.3092789053916931,-0.07293516181083248,0.056773632764816284,-0.2321757674217224,-0.0718905084547572,-0.01315450668334961,-0.280839204788208,-0.019211182069497568,-0.013494431972503662,-0.36409956216812134,-0.0789693721351199,0.0020155012607574463,-0.2518484592437744,-0.07288606248469875,0.011357724666595459,-0.1830196976661682,-0.052589112591462595,-0.0721239447593689,-0.24105244874954224,-0.03635747514339016,-0.07070678472518921,-0.30949342250823975,-0.07941741279931591,-0.052661746740341187,-0.23380404710769653,-0.07363319180579708,-0.04120911657810211,-0.1831437349319458,-0.05991910554142521,-1.363271836981151,-1.4695510364194637,1.3964811717877081,1.3252658992891648,1.0804333260717955,0.16633177202995778,0.21579990132205745,0.2820452550547496,0.3154602517202917,0.34742775625582073,0.40638558416562764,0.42446991195697464,0.06692476299695764,0.10956623284057769,0.0525669875843056,T
0.0,0.0,0.0,0.09221360087394714,-0.0842239260673523,-0.015739642432134104,0.1299493908882141,-0.2290019989013672,-0.01353783567826028,0.13821211457252502,-0.34881317615509033,-0.015824584638874484,0.1721823513507843,-0.40774011611938477,-0.017633373266260577,0.09536871314048767,-0.30439621210098267,0.015778433183033513,0.11100322008132935,-0.42003706097602844,-0.007382918497722102,0.11685693264007568,-0.49554502964019775,-0.022661805501382304,0.12153741717338562,-0.5657109618186951,-0.03598888625780816,0.03766658902168274,-0.2976444363594055,0.004120554892171668,0.04020032286643982,-0.40345680713653564,-0.05019189824740167,0.04556518793106079,-0.29989367723464966,-0.068802707245748,0.0505717396736145,-0.22068631649017334,-0.0668905008343863,-0.01898708939552307,-0.2721041440963745,-0.011727332486014319,-0.018338173627853394,-0.3578650951385498,-0.0722916427759337,-0.0031886249780654907,-0.24633938074111938,-0.06621493433992143,0.004290759563446045,-0.17831498384475708,-0.04448822920600648,-0.07861433923244476,-0.23345470428466797,-0.028513882657687617,-0.07728281617164612,-0.3013526201248169,-0.07160612230579133,-0.05914962291717529,-0.2264798879623413,-0.06534390186349626,-0.048752203583717346,-0.17776602506637573,-0.050384458502929164,-1.3387678959137808,-1.470986618598235,1.4046515890592297,1.327518730666692,1.07858380097832,0.16589061892942697,0.22311043191258575,0.2842947025748398,0.3189046254286131,0.35224726154659275,0.4047498270179819,0.4236742013497624,0.06274758122913046,0.1082007260608236,0.05304580374706085,T
0.0,0.0,0.0,0.09517410397529602,-0.08005154132843018,-0.02019510805365954,0.13547414541244507,-0.2277688980102539,-0.019778359827970604,0.1415666937828064,-0.3481783866882324,-0.02316366895792399,0.17303705215454102,-0.41258811950683594,-0.025820646581625084,0.09681659936904907,-0.3051179051399231,0.01222787130864944,0.10828956961631775,-0.4218255877494812,-0.011795591709589104,0.11428183317184448,-0.49853771924972534,-0.027582846728538613,0.1204364001750946,-0.5688833594322205,-0.041519804072951416,0.037460073828697205,-0.3003541827201843,0.001395337602669855,0.041353046894073486,-0.4066993296146393,-0.053288525117014984,0.04933524131774902,-0.30538153648376465,-0.07305701650438223,0.05584874749183655,-0.225627601146698,-0.07215674049911414,-0.02010318636894226,-0.27501994371414185,-0.014023911354517082,-0.018803521990776062,-0.3598545789718628,-0.07613143153247748,-0.0024485886096954346,-0.24742162227630615,-0.07145231790599738,0.006836414337158203,-0.1780925989151001,-0.05065028570351515,-0.07844552397727966,-0.2345644235610962,-0.030662939099048714,-0.07663291692733765,-0.29597002267837524,-0.07539135046062384,-0.05752114951610565,-0.22159522771835327,-0.07057855106649313,-0.04605303704738617,-0.17334270477294922,-0.05677653304991637,-1.3702860428242645,-1.481486042779613,1.3295110139968325,1.2997025731092322,1.0841396761517093,0.16490915866620734,0.22065206587569108,0.287420947720402,0.32440535701140616,0.34927937310311097,0.40696729019409983,0.4291516540745745,0.06827726736200856,0.11453245863549694,0.05310231221067235,T
0.0,0.0,0.0,0.08703954517841339,-0.07706016302108765,-0.018895710843327862,0.12460885941982269,-0.23011744022369385,-0.016422496202114445,0.13260458409786224,-0.3519139885902405,-0.01752579307806812,0.1677335649728775,-0.4103049635887146,-0.018059588062289578,0.08831392228603363,-0.3078915476799011,0.009890591700848717,0.10595159232616425,-0.4211609959602356,-0.012356592367115837,0.11243392527103424,-0.4969813823699951,-0.024664755004170758,0.11849062144756317,-0.5658592283725739,-0.03601312546682678,0.027575448155403137,-0.3015293478965759,-0.00021171480632986572,0.027941107749938965,-0.4062533378601074,-0.054906203436377865,0.03763143718242645,-0.3010791540145874,-0.0718654012556108,0.045943036675453186,-0.217637836933136,-0.06788587479544006,-0.029680266976356506,-0.27353203296661377,-0.014400638664785248,-0.029735729098320007,-0.3499906659126282,-0.07642183362198196,-0.00978754460811615,-0.23683500289916992,-0.071307375120643,0.0018233060836791992,-0.16753864288330078,-0.04952911196899734,-0.08660833537578583,-0.23016774654388428,-0.02953881865990482,-0.08538639545440674,-0.28965848684310913,-0.074855639624122,-0.06209832429885864,-0.21309137344360352,-0.07074176429462753,-0.04669557511806488,-0.16366326808929443,-0.056764557051184994,-1.3358827182103865,-1.454346962451319,1.3552529758161778,1.2818900516003824,1.0302654617127587,0.16316248582160145,0.22793322372283178,0.29404370503978594,0.3268210245363197,0.35569831249569445,0.41505487745445574,0.4347965846278091,0.06675687134620496,0.10721551416147168,0.048673405088024965,T
0.0,0.0,0.0,0.09216457605361938,-0.07992732524871826,-0.019990809932284748,0.13146179914474487,-0.22727584838867188,-0.021003707051210796,0.13815969228744507,-0.3460858464241028,-0.025710665360026752,0.16984683275222778,-0.4136453866958618,-0.029707326292925273,0.09635892510414124,-0.30428439378738403,0.008206619210607613,0.1075848639011383,-0.41996610164642334,-0.0169391713290743,0.11421570181846619,-0.49609971046447754,-0.03283908471458474,0.11942669749259949,-0.5669770240783691,-0.04674573868506471,0.03674435615539551,-0.29865193367004395,-0.0032405073008767715,0.03792330622673035,-0.40450718998908997,-0.05843360230320016,0.04659849405288696,-0.2999860644340515,-0.07753053188317338,0.0527988076210022,-0.21992021799087524,-0.0765018525718979,-0.02152964472770691,-0.2723998427391052,-0.019081731066041385,-0.022027313709259033,-0.3542896509170532,-0.08108150094740907,-0.00360243022441864,-0.2410677671432495,-0.07558229446404496,0.0065609365701675415,-0.17345809936523438,-0.05463731542223016,-0.08074545860290527,-0.23211520910263062,-0.03605653971427003,-0.07934549450874329,-0.2953559160232544,-0.07995863884680787,-0.05888545513153076,-0.2204042673110962,-0.07414735734456102,-0.046740442514419556,-0.17295026779174805,-0.060049446970158016,-1.3676747500130542,-1.4832082103615698,1.369640734247499,1.29416528550433,1.0491503799913473,0.16140873911284956,0.22633974723166836,0.29043453115499873,0.32379652263681885,0.35339454206367427,0.4093846896208765,0.4276313869302259,0.06554898310802951,0.11006470160424071,0.05330379822513484,T
0.0,0.0,0.0,0.0911312848329544,-0.07708185911178589,-0.020399547756259406,0.13225536048412323,-0.22468405961990356,-0.019702953860704864,0.14103229343891144,-0.3440169095993042,-0.02180903928035971,0.17404986917972565,-0.40774005651474,-0.022806737214868034,0.09648890793323517,-0.30322521924972534,0.007240951418335473,0.11112730205059052,-0.4180369973182678,-0.017091562614386047,0.11701865494251251,-0.49168819189071655,-0.031493099049274886,0.12119467556476593,-0.5626517832279205,-0.04433621989244696,0.03790499269962311,-0.29939407110214233,-0.002499122281168664,0.04145176708698273,-0.40103185176849365,-0.056513907030765975,0.04795931279659271,-0.29306310415267944,-0.07291409523839232,0.05466018617153168,-0.21798700094223022,-0.06981183739060637,-0.019920364022254944,-0.2761495113372803,-0.01669027434343573,-0.019090726971626282,-0.3543891906738281,-0.07921251060122725,-0.0030333995819091797,-0.23800504207611084,-0.07214553804749724,0.0077030956745147705,-0.17555618286132812,-0.04974413441175696,-0.0789894163608551,-0.2391795516014099,-0.03197512181157347,-0.07698610424995422,-0.2976566553115845,-0.07720406504029509,-0.05880226194858551,-0.2191542387008667,-0.07087887974137541,-0.04764704406261444,-0.1753629446029663,-0.05589668603295561,-1.3463284596570018,-1.4758504428177188,1.3678110421162832,1.3027971157329115,1.114268322156236,0.16368052591965243,0.22418768589710947,0.28562317875182586,0.3211676252078323,0.3510279909449682,0.4033898146076049,0.4224928056312874,0.06328777663150795,0.11083131117601797,0.05535047705254423,T
0.0,0.0,0.0,0.08764438331127167,-0.08000695705413818,-0.019491796669470318,0.12621791660785675,-0.22796040773391724,-0.01918068091283942,0.13055746257305145,-0.34528398513793945,-0.022263818708168515,0.1647523194551468,-0.40112030506134033,-0.024448073756801136,0.09215165674686432,-0.3104819059371948,0.006163404035461895,0.10965631902217865,-0.4210936725139618,-0.018459053066479214,0.1155795305967331,-0.4940224885940552,-0.032419245046483525,0.12162239849567413,-0.5603834688663483,-0.04440594772707129,0.03085099160671234,-0.3056498169898987,-0.004084486802028664,0.03367169201374054,-0.4065893590450287,-0.05958547751318122,0.03991927206516266,-0.29980891942977905,-0.07557889009724761,0.045310720801353455,-0.21800881624221802,-0.07148443098078872,-0.027087897062301636,-0.28012412786483765,-0.018540666726337918,-0.02578054368495941,-0.3577319383621216,-0.08040260459195281,-0.010037541389465332,-0.24320781230926514,-0.07248373265277053,-0.0027916282415390015,-0.17398369312286377,-0.049181263250218876,-0.08562220633029938,-0.24013888835906982,-0.03417341719280387,-0.08274273574352264,-0.30498427152633667,-0.07780721719275618,-0.06184247136116028,-0.2277909517288208,-0.0708348893643489,-0.05045631527900696,-0.17740470170974731,-0.055183879387485035,-1.3518278831553878,-1.4534091031954735,1.40728121485942,1.3457664477638889,1.0598864623069537,0.1649998346276479,0.21862322115120664,0.28224460117543415,0.31042459252949933,0.35077610367870804,0.4059355081088412,0.4198616674895895,0.06520772537911866,0.10401932184254545,0.04778729632581547,T
0.0,0.0,0.0,0.08617225289344788,-0.07758152484893799,-0.019598961510357782,0.12409406900405884,-0.22566670179367065,-0.020012349524197504,0.13023465871810913,-0.3442828059196472,-0.02374645199686043,0.16628122329711914,-0.4007585644721985,-0.02704101305514328,0.09060168266296387,-0.3063786029815674,0.0033787866769010577,0.10882070660591125,-0.4187372922897339,-0.020879120268521234,0.11577388644218445,-0.4921853542327881,-0.034410391636786386,0.1226499080657959,-0.5596780180931091,-0.046362359710631296,0.03003382682800293,-0.3018340468406677,-0.0068016687227761,0.03101027011871338,-0.40318095684051514,-0.06139211792558186,0.03849390149116516,-0.2978339195251465,-0.07734090153187267,0.04579037427902222,-0.2166944146156311,-0.07386078748911373,-0.027313977479934692,-0.27618110179901123,-0.02083616394608967,-0.026880204677581787,-0.3558701276779175,-0.08141459588020794,-0.009322315454483032,-0.24344980716705322,-0.07368062499969952,-0.00027476251125335693,-0.1731591820716858,-0.051373832561669275,-0.08574189245700836,-0.23604875802993774,-0.036007144190964624,-0.08452123403549194,-0.302093505859375,-0.07964111182898037,-0.06265917420387268,-0.22538447380065918,-0.07315542612284176,-0.04968045651912689,-0.17321878671646118,-0.05811335954874508,-1.3343599192457543,-1.4449419538445856,1.3877996520850604,1.3141246742605506,1.0497494259063058,0.1648001347329057,0.2199946725707755,0.2820325783977688,0.3137097346436433,0.3514898863243665,0.4055949768375245,0.42314122001313215,0.06338227907043258,0.10490381191604001,0.04940572996235669,T
0.0,0.0,0.0,0.08958831429481506,-0.07582962512969971,-0.019696935828865447,0.12810200452804565,-0.22676974534988403,-0.01962388474875776,0.13499516248703003,-0.3453851342201233,-0.022618835609496513,0.16978833079338074,-0.40488749742507935,-0.025277780186475196,0.09396284818649292,-0.3028704524040222,0.0032116157895913933,0.1106531023979187,-0.41794073581695557,-0.020960975255907455,0.11893174052238464,-0.4917002320289612,-0.034933348935187736,0.12670296430587769,-0.5600673854351044,-0.047312276255429664,0.03349253535270691,-0.2991514205932617,-0.007057177651763835,0.037853240966796875,-0.40378984808921814,-0.06232303548985807,0.045938849449157715,-0.2965845465660095,-0.07916497979694692,0.05117422342300415,-0.2131803035736084,-0.07584040407472936,-0.024483799934387207,-0.27498114109039307,-0.021111283268869796,-0.021131068468093872,-0.3570328950881958,-0.08296803925567953,-0.004760622978210449,-0.24058496952056885,-0.07620146666103689,0.002634972333908081,-0.16825252771377563,-0.053835766207517066,-0.08300349116325378,-0.23591095209121704,-0.0361950637810835,-0.07780982553958893,-0.2993028163909912,-0.08188131992155401,-0.057386428117752075,-0.22063308954238892,-0.0765676626973757,-0.04695144295692444,-0.1686183214187622,-0.06187649239236204,-1.3408961951517537,-1.4441813922055757,1.3679547418169093,1.3219711013819073,1.0789591547618327,0.16105013644255742,0.22543503419317212,0.2897177145680785,0.32062322600840626,0.35501441979409293,0.41098874602979313,0.4282385116743536,0.06614048639072505,0.10777020300655409,0.049587764483081075,T
0.0,0.0,0.0,0.08881697058677673,-0.08060353994369507,-0.01859173878348308,0.127767413854599,-0.23020702600479126,-0.01802958502686458,0.1339421272277832,-0.3480110168457031,-0.020903439738516383,0.16784808039665222,-0.406238317489624,-0.023096221976642184,0.09247207641601562,-0.3085397481918335,0.005822211957807966,0.10984170436859131,-0.4221982955932617,-0.01821090421891647,0.11745423078536987,-0.4945235848426819,-0.032161756896142535,0.12493181228637695,-0.5625073611736298,-0.04462227179921108,0.03270164132118225,-0.30401474237442017,-0.004795084719274811,0.037209540605545044,-0.40491199493408203,-0.059729281359080844,0.044535696506500244,-0.29593873023986816,-0.07612950309431987,0.05033981800079346,-0.21641260385513306,-0.07290410950100856,-0.024829253554344177,-0.2796935439109802,-0.019359558366899066,-0.0224916934967041,-0.3592686057090759,-0.0811604703894897,-0.0062551796436309814,-0.24283671379089355,-0.07360734745181041,0.0013973414897918701,-0.17519623041152954,-0.0509756873480125,-0.08408322930335999,-0.24156713485717773,-0.034925583296184115,-0.079592764377594,-0.30335092544555664,-0.07955410286105113,-0.05982452630996704,-0.22560399770736694,-0.07333365782416301,-0.04983504116535187,-0.17801082134246826,-0.05842727377331691,-1.3469224337401533,-1.4436750026069722,1.3721086655247652,1.3248967902630309,1.0765432686442096,0.16205499092106582,0.2232532044297187,0.28475655301334435,0.31539456464970705,0.35404173010374024,0.40653496465520533,0.4223517991053833,0.06398558780594679,0.10728326667801955,0.05130963802865496,T
0.0,0.0,0.0,0.09206581115722656,-0.08472061157226562,-0.017784913544872438,0.13153377175331116,-0.23543262481689453,-0.016967033510425722,0.13844788074493408,-0.35761380195617676,-0.020208090086796915,0.17608484625816345,-0.41508638858795166,-0.02284005238614384,0.10047975182533264,-0.31750547885894775,0.01190644175805744,0.1191186010837555,-0.43011778593063354,-0.012357234497883951,0.12582477927207947,-0.5037831366062164,-0.026963985999444162,0.1330251693725586,-0.5714928805828094,-0.03950871854029003,0.0394042432308197,-0.3144361972808838,0.0003326557547751463,0.044521868228912354,-0.42114534974098206,-0.05588431610665623,0.04774978756904602,-0.31282883882522583,-0.07354561193785969,0.05143851041793823,-0.2275804877281189,-0.06993655814729038,-0.01904347538948059,-0.28972679376602173,-0.015541896698394453,-0.016101226210594177,-0.3725912570953369,-0.0780045534571201,-0.0030935704708099365,-0.25727516412734985,-0.0711463089188129,0.002658367156982422,-0.185249924659729,-0.04791029124460522,-0.07930578291416168,-0.2497323751449585,-0.03241973324618641,-0.07631227374076843,-0.32155048847198486,-0.07623485430083576,-0.05724711716175079,-0.24293112754821777,-0.06911796285710636,-0.04636569321155548,-0.18966621160507202,-0.05294196261964146,-1.327716940840572,-1.4433528898240082,1.4331181778065425,1.3659896804486344,1.0691848405824576,0.16222554210613754,0.22515588354660343,0.28792628189253855,0.3166993822244713,0.35345737632480745,0.4076507379118966,0.4218680916131335,0.06458621328307076,0.10489592261634441,0.04922257698863049,T
0.0,0.0,0.0,0.09052559733390808,-0.08244192600250244,-0.019264978659293774,0.1314978003501892,-0.23243653774261475,-0.019012407702348355,0.14033904671669006,-0.3520497679710388,-0.022174972412130955,0.1795678734779358,-0.40610599517822266,-0.024390097078821782,0.0988023579120636,-0.3149396777153015,0.007475057779856797,0.1189008355140686,-0.4268493056297302,-0.01628087584390414,0.12765514850616455,-0.5003817081451416,-0.02977345262183917,0.13658523559570312,-0.567891538143158,-0.041789324325463895,0.03680044412612915,-0.3123190402984619,-0.0032868586247332132,0.043144017457962036,-0.41843730211257935,-0.05826356385364306,0.04874718189239502,-0.30877602100372314,-0.07393895958080066,0.05244588851928711,-0.2240651249885559,-0.06966447953595889,-0.022229894995689392,-0.28749996423721313,-0.018257682514331464,-0.015343382954597473,-0.3703634738922119,-0.0791513187111832,-0.0009518563747406006,-0.2548190951347351,-0.07038708899631274,0.0035489648580551147,-0.1847037672996521,-0.046792925638101224,-0.08265650272369385,-0.24769222736358643,-0.03446591768874896,-0.07436957955360413,-0.317568302154541,-0.07682281110896838,-0.05569447576999664,-0.24033546447753906,-0.0688068208517052,-0.04822097718715668,-0.19052690267562866,-0.05279683072581065,-1.3007661736596143,-1.4225246677859014,1.3953415740671375,1.325087071037805,1.028625105207546,0.16739793628290067,0.22203350530773053,0.282845545662873,0.31362733556175515,0.3539717956408458,0.4056248476804595,0.42018734438900573,0.06277121651398973,0.10610669256493918,0.05209640875311404,T
0.0,0.0,0.0,0.096181720495224,-0.07893407344818115,-0.022651884209949458,0.138505756855011,-0.2237788438796997,-0.02523977259977528,0.14671748876571655,-0.3420222997665405,-0.031216013681728327,0.17993083596229553,-0.4102150499820709,-0.03644556316419312,0.10353633761405945,-0.30353665351867676,0.007714921172123468,0.11865860223770142,-0.41645288467407227,-0.01879099148197838,0.12887462973594666,-0.49387848377227783,-0.0365780903665609,0.1375422179698944,-0.5649116933345795,-0.051610627648074114,0.043802499771118164,-0.30147093534469604,-0.0029316807339228035,0.05093741416931152,-0.4081040024757385,-0.05899121749087044,0.058766573667526245,-0.30487608909606934,-0.07955330001993843,0.06247171759605408,-0.2224225401878357,-0.07941424983425804,-0.01574370265007019,-0.27846503257751465,-0.01836863855703541,-0.009280234575271606,-0.36170291900634766,-0.08081852036400505,0.0062770843505859375,-0.24865829944610596,-0.07620256530924507,0.012099772691726685,-0.17784756422042847,-0.05552369120403,-0.07726053893566132,-0.240770161151886,-0.03525398808403679,-0.06796586513519287,-0.3071784973144531,-0.07924565809651085,-0.04868076741695404,-0.2325400710105896,-0.07356518643780419,-0.04024823009967804,-0.18165159225463867,-0.05934444206639,-1.3521539034535324,-1.4414192700460018,1.3388715937090132,1.3008261231073166,1.0114285945141495,0.16039902244040935,0.22150095083812316,0.28663899636601575,0.31736426285932484,0.3506200223169699,0.4068838250953978,0.42248993893888853,0.0672626294158913,0.11051541905990044,0.05248603648146785,T
0.0,0.0,0.0,0.09092511236667633,-0.08036142587661743,-0.01969348336744181,0.1325516253709793,-0.23046541213989258,-0.02092799428093306,0.139554962515831,-0.3479585647583008,-0.02536680246877543,0.1738484650850296,-0.4097902774810791,-0.029104734539865174,0.09816639125347137,-0.31247419118881226,0.001807697697663091,0.11566813290119171,-0.42788243293762207,-0.023939913838981308,0.12650518119335175,-0.5016017556190491,-0.039222423687456764,0.1357700377702713,-0.5703460872173309,-0.05231178994464747,0.03603394329547882,-0.30803680419921875,-0.009508200690029778,0.04364992678165436,-0.41308993101119995,-0.06506183813500277,0.05281488597393036,-0.2992071509361267,-0.08174368809151522,0.056144461035728455,-0.21553468704223633,-0.07872750680136553,-0.02313418686389923,-0.2824975252151489,-0.024658278331040062,-0.017150327563285828,-0.367023229598999,-0.08574071596550814,-0.0007787346839904785,-0.24758696556091309,-0.07684119860815875,0.0034927725791931152,-0.17866438627243042,-0.05355481873440615,-0.0836816132068634,-0.24270659685134888,-0.04102091561245791,-0.07599681615829468,-0.31296515464782715,-0.08382035116839281,-0.05676865577697754,-0.23504197597503662,-0.07520929048943392,-0.0509038120508194,-0.18637573719024658,-0.05895950342702738,-1.344451909683636,-1.4259939732135645,1.3567215854137478,1.3197658284113123,1.04380690948918,0.1650094987169794,0.2271331481443898,0.28712408390125554,0.3169032074484471,0.36363630479439163,0.4134148397693548,0.42694303590402877,0.06427767401034365,0.11094853368694414,0.05494045278651986,T
0.0,0.0,0.0,0.09703932702541351,-0.07978349924087524,-0.01869894232168079,0.14057748019695282,-0.2284662127494812,-0.019786078888319736,0.14954836666584015,-0.3468603491783142,-0.024782048943780666,0.18234257400035858,-0.41137731075286865,-0.029406384039067035,0.10542993247509003,-0.30834633111953735,0.00702407263652205,0.12035329639911652,-0.42397403717041016,-0.018085895511649852,0.13058234751224518,-0.4996657371520996,-0.034341026502989536,0.14029990136623383,-0.5702634453773499,-0.04841846640720249,0.04528723657131195,-0.30638450384140015,-0.005141117084168201,0.05460236966609955,-0.4102652072906494,-0.0600591939271915,0.06042937934398651,-0.30177849531173706,-0.07935377623453022,0.06192900240421295,-0.21826380491256714,-0.07851283665313602,-0.013675525784492493,-0.28357940912246704,-0.021304641324423557,-0.006738409399986267,-0.3666805028915405,-0.08189119066610218,0.0077632516622543335,-0.24997299909591675,-0.07613189186468006,0.012269362807273865,-0.17766976356506348,-0.055184990573071246,-0.07482355833053589,-0.24483394622802734,-0.038566891509436374,-0.06773720681667328,-0.3163476586341858,-0.08131971623315692,-0.04927605390548706,-0.23932486772537231,-0.07464132125987888,-0.04153329133987427,-0.18547087907791138,-0.05988666828288913,-1.3463094010797654,-1.4384410420399256,1.3841426625168058,1.3305555497116848,1.0597061330779243,0.16435446479523744,0.2275791167099307,0.28903998819898225,0.31804735332014666,0.36061855844014956,0.4129426325806335,0.425592092324334,0.06414012782822247,0.10853488937473066,0.05436527381079242,T
0.0,0.0,0.0,0.09313060343265533,-0.08707523345947266,-0.013412757762523597,0.13238553702831268,-0.23978060483932495,-0.012323693358155197,0.14136098325252533,-0.3586653470993042,-0.016501879305394596,0.17847420275211334,-0.41579359769821167,-0.02071496656611771,0.10009859502315521,-0.3147701025009155,0.010165221071986252,0.11758147180080414,-0.4317876100540161,-0.013832245007904476,0.12601815164089203,-0.5064648985862732,-0.02855362369194836,0.13479112088680267,-0.5759316682815552,-0.04158419741764874,0.03925074636936188,-0.31031566858291626,-0.0037655664932003674,0.04375661909580231,-0.4152210056781769,-0.0579729489840588,0.04934392869472504,-0.3080406188964844,-0.07521778716221661,0.05307586491107941,-0.2256605625152588,-0.07324351741448254,-0.019539862871170044,-0.28473615646362305,-0.02123637868538708,-0.017118558287620544,-0.3714316487312317,-0.08073840661421627,-0.0013535171747207642,-0.25688236951828003,-0.0733056254543385,0.005268648266792297,-0.1835881471633911,-0.05161760000959248,-0.08035044372081757,-0.24299699068069458,-0.039486434296520656,-0.0774778425693512,-0.319196879863739,-0.08157766981497616,-0.05704294145107269,-0.2420891523361206,-0.07438678665533871,-0.04625481367111206,-0.1859106421470642,-0.05934985353127331,-1.3146979804888983,-1.4387302061842648,1.4089142904066225,1.3302749287570548,1.0323909012433665,0.16598919630930004,0.22776152923875465,0.28968868697732486,0.3214798657388689,0.3596765638652621,0.4131700733075916,0.42999305953346506,0.0636837349471109,0.10698897081884862,0.05157578029478435,T
0.0,0.0,0.0,0.09522375464439392,-0.07656359672546387,-0.022116146153415173,0.13887327909469604,-0.22298097610473633,-0.02412730558832976,0.1473412811756134,-0.3400910496711731,-0.02948367326577994,0.17950648069381714,-0.4062674641609192,-0.03396257489045951,0.10315534472465515,-0.3051142692565918,0.005882983924244911,0.11800891160964966,-0.41837382316589355,-0.020506416550482243,0.12769219279289246,-0.4952327013015747,-0.037154574981535404,0.13644203543663025,-0.5659671127796173,-0.05113122715672347,0.04340052604675293,-0.3032378554344177,-0.004754229551757305,0.05121266841888428,-0.40789473056793213,-0.060858712634647816,0.057476043701171875,-0.3043694496154785,-0.0802417780371556,0.06104877591133118,-0.2227453589439392,-0.07903868808468673,-0.016017764806747437,-0.2811703085899353,-0.019967149114812344,-0.010485589504241943,-0.3626778721809387,-0.08297076924761626,0.004699528217315674,-0.24844872951507568,-0.07846039637049529,0.011768326163291931,-0.17679905891418457,-0.05761988936981055,-0.07710234820842743,-0.24480420351028442,-0.036428039065206974,-0.06927913427352905,-0.307638943195343,-0.08098586752137038,-0.0504036545753479,-0.2311602234840393,-0.07565236940106246,-0.04119245707988739,-0.17958271503448486,-0.061476332238520115,-1.352632430043857,-1.4438751108400496,1.354958309507946,1.3106076218667937,1.0675050565499018,0.16540412393360962,0.21843211972053667,0.2842390499065636,0.3163763528156869,0.35140477499300987,0.40865059394717784,0.42526099721520366,0.0673767408961969,0.11097875270888115,0.053033888252014,T
0.0,0.0,0.0,0.09560216963291168,-0.07960206270217896,-0.01962980053252039,0.13803739845752716,-0.22920578718185425,-0.020202074040234663,0.14797146618366241,-0.3497050404548645,-0.023779019553721525,0.18107669055461884,-0.4145369827747345,-0.02670002898997126,0.10261364281177521,-0.30471765995025635,0.004718834228306434,0.11960317194461823,-0.42183080315589905,-0.020472125921905615,0.12884844839572906,-0.49691230058670044,-0.03658251262134371,0.13783566653728485,-0.5673254430294037,-0.05066840520924387,0.042956575751304626,-0.3019261360168457,-0.006128384572029688,0.05062870681285858,-0.40551793575286865,-0.05912660232609568,0.05535419285297394,-0.2988366484642029,-0.07632576844519434,0.058055296540260315,-0.21976059675216675,-0.07494401357001124,-0.015740886330604553,-0.2789455056190491,-0.02109004913693724,-0.011797785758972168,-0.362379789352417,-0.07976056805676279,0.0026345252990722656,-0.24783825874328613,-0.07236183605021296,0.00798274576663971,-0.1802852749824524,-0.05137794262594042,-0.07632021605968475,-0.2406432032585144,-0.03733281588977633,-0.07079924643039703,-0.3088756799697876,-0.07866389474695978,-0.053441181778907776,-0.23283886909484863,-0.07099908015555201,-0.04672819375991821,-0.18346697092056274,-0.056177181963384726,-1.342611891054424,-1.4374679540266377,1.3890640116234922,1.3348184275091715,1.0932011043434293,0.1587894824762027,0.2303738351837039,0.2912651306385038,0.32448176481251867,0.35660374339675893,0.4082424190532872,0.4259238724672982,0.06376175475784286,0.11089096949477933,0.05480337665619944,T
0.0,0.0,0.0,0.09142638742923737,-0.07777237892150879,-0.02016847086479423,0.13347990810871124,-0.22968780994415283,-0.02021453594197986,0.14312849938869476,-0.35073238611221313,-0.023524784197709536,0.17926238477230072,-0.4113598167896271,-0.0260866551600909,0.09885035455226898,-0.3098273277282715,0.004936448583700681,0.11843745410442352,-0.42623716592788696,-0.020436479424736476,0.12787218391895294,-0.4999510645866394,-0.03528721508910415,0.13661254942417145,-0.5699318647384644,-0.048252380167744136,0.037278369069099426,-0.30688202381134033,-0.005516262439689612,0.0438523143529892,-0.4101293385028839,-0.0622646349423146,0.04979701340198517,-0.2978188395500183,-0.07950544980695007,0.054825350642204285,-0.21640193462371826,-0.07633828250100372,-0.021560490131378174,-0.28340578079223633,-0.02003990923394916,-0.017662420868873596,-0.3638898730278015,-0.08295848843981979,-0.0024668723344802856,-0.24558061361312866,-0.07533047226598022,0.004600390791893005,-0.17694365978240967,-0.05230578285982368,-0.08166888356208801,-0.24591565132141113,-0.035760934179327464,-0.07672861218452454,-0.3098389506340027,-0.08099341270854232,-0.05797748267650604,-0.22968608140945435,-0.07423134771516082,-0.04891803860664368,-0.17983335256576538,-0.05865033966829536,-1.3239303449027868,-1.4266227946291012,1.3792421652327622,1.3298410039901405,1.1106693489564525,0.16420749935953255,0.2312858648549694,0.2923315699804665,0.32507046812867735,0.36286713459824144,0.41456837706382754,0.43197042525433776,0.06387097968105411,0.10999978184781647,0.05359638616239283,T
0.0,0.0,0.0,0.09150104224681854,-0.07116526365280151,-0.019920709978393347,0.13453392684459686,-0.21803206205368042,-0.021115557726076872,0.1423279196023941,-0.3382449150085449,-0.025384580220631392,0.17804212868213654,-0.39911600947380066,-0.029034409176162512,0.10165531933307648,-0.2991011142730713,0.0013704146560513664,0.12023250758647919,-0.4151066541671753,-0.025126039485982687,0.12839548289775848,-0.4892460107803345,-0.040498742337874205,0.13645903766155243,-0.5585152506828308,-0.05371655287926558,0.040373340249061584,-0.2961423397064209,-0.009499602455250056,0.04800437390804291,-0.4001384675502777,-0.06514419751947287,0.053031012415885925,-0.2900412082672119,-0.08137115227764014,0.05692170560359955,-0.20965230464935303,-0.07823065805023077,-0.01890520751476288,-0.2719894051551819,-0.024362211551121504,-0.013490572571754456,-0.35356372594833374,-0.08585266160552862,0.0016274899244308472,-0.23689770698547363,-0.07754843073671225,0.008132442831993103,-0.16882222890853882,-0.054800686861923964,-0.07929489016532898,-0.23347502946853638,-0.040385974075249464,-0.07318742573261261,-0.2993563413619995,-0.08409307288711432,-0.054770827293395996,-0.222212553024292,-0.07670998709981802,-0.04688601195812225,-0.1741430163383484,-0.06135289880221251,-1.3350004429234785,-1.4374299375204462,1.3817485028071033,1.3144846189563657,1.0708527709664386,0.16473394172677577,0.22487030113496362,0.2861896691230056,0.3181281441372459,0.3578149553974153,0.41027840079649414,0.42586080091387923,0.06361986519002918,0.10971304289704235,0.055275140401135,T
0.0,0.0,0.0,0.09766599535942078,-0.07759201526641846,-0.020660817078109517,0.14205509424209595,-0.2233143448829651,-0.021267702257986798,0.15117278695106506,-0.3429504632949829,-0.025148147172089352,0.18385404348373413,-0.4060325026512146,-0.028398626870270505,0.1041409969329834,-0.30177032947540283,0.006164276586119399,0.12051177024841309,-0.4175909757614136,-0.019072049683686032,0.1298704743385315,-0.49192506074905396,-0.03475477491950585,0.13891711831092834,-0.5609627664089203,-0.048197559467311635,0.04420828819274902,-0.29738563299179077,-0.004235195847954287,0.0508478581905365,-0.4013441503047943,-0.059696196964736714,0.056473731994628906,-0.29530638456344604,-0.07827919667100502,0.06107097864151001,-0.21387243270874023,-0.07659721320008828,-0.013918295502662659,-0.27375155687332153,-0.01887318251168324,-0.008623674511909485,-0.3538172245025635,-0.08123694305753304,0.00558723509311676,-0.23874831199645996,-0.07513382976388527,0.011588186025619507,-0.16924434900283813,-0.05334341098999573,-0.0740894228219986,-0.23672103881835938,-0.034649084708448186,-0.06818625330924988,-0.3012116551399231,-0.07901378666495873,-0.05134221911430359,-0.2236192226409912,-0.07239398305749489,-0.04374252259731293,-0.1739060878753662,-0.05718616714214875,-1.345904170730293,-1.4374218010840283,1.3715586900504866,1.3314119327147442,1.120747020361861,0.16131557231717775,0.22803765805749376,0.2928210295624046,0.32508901754530806,0.3557129758801792,0.4118931603365639,0.4279923092932333,0.06663492042711713,0.11217476882650973,0.05552674244030068,T
0.0,0.0,0.0,0.0945703387260437,-0.07156169414520264,-0.020437305719887888,0.13986295461654663,-0.21905630826950073,-0.020788535402452624,0.15068557858467102,-0.3406895399093628,-0.024413049147760546,0.18505841493606567,-0.40389737486839294,-0.02733531586948601,0.1055837869644165,-0.29727089405059814,0.0049971645499411466,0.12254741787910461,-0.41432276368141174,-0.01970424682024685,0.1315460205078125,-0.4895727038383484,-0.03431078598026005,0.14039623737335205,-0.5600294470787048,-0.04756481006864277,0.045890748500823975,-0.29338228702545166,-0.00558819288510648,0.05054819583892822,-0.3980883061885834,-0.06082758858922688,0.05575951933860779,-0.29078567028045654,-0.07859976396087376,0.06156322360038757,-0.21085333824157715,-0.0767700652790424,-0.011752992868423462,-0.27011698484420776,-0.02030423648778168,-0.010300278663635254,-0.35038673877716064,-0.08299910083535877,0.0053141117095947266,-0.2334769368171692,-0.07652503803495136,0.014696776866912842,-0.16438943147659302,-0.05484691441181866,-0.07010599970817566,-0.2329035997390747,-0.0361162814510223,-0.06770016252994537,-0.2970616817474365,-0.08146862492088047,-0.04979383945465088,-0.21877092123031616,-0.0756634305429813,-0.039057910442352295,-0.16885018348693848,-0.06124354705337254,-1.3309915069874527,-1.4390750977899238,1.3831282345355407,1.3256584915659326,1.1194457868464571,0.16239437821959665,0.2291660148455943,0.29391689756353695,0.3247696252383141,0.3579645220453642,0.41512814445331114,0.4303777496949131,0.06599513967927306,0.10903612990834345,0.05393945417052968,T
0.0,0.0,0.0,0.09401822090148926,-0.07610344886779785,-0.017777721088542364,0.13854116201400757,-0.22008603811264038,-0.018648341920389555,0.15158531069755554,-0.33974355459213257,-0.023389254387630842,0.18496674299240112,-0.4018844962120056,-0.027943783130659483,0.10520777106285095,-0.2967619299888611,0.002846418956131913,0.12234354019165039,-0.41510146856307983,-0.022137590374960325,0.13068196177482605,-0.4900999665260315,-0.03726109365762653,0.13936588168144226,-0.5596373379230499,-0.05062670509160938,0.04420304298400879,-0.291989803314209,-0.009183175552799128,0.04985496401786804,-0.396767795085907,-0.06509148205460491,0.05555829405784607,-0.28963661193847656,-0.08327910180033626,0.060261160135269165,-0.20548975467681885,-0.08191773171366634,-0.01328858733177185,-0.26777034997940063,-0.0246836921835083,-0.010075896978378296,-0.34873145818710327,-0.08450604106129589,0.005630075931549072,-0.23414582014083862,-0.0772970902437109,0.01288922131061554,-0.16181635856628418,-0.05608724306167545,-0.07193033397197723,-0.22946763038635254,-0.04135442401112499,-0.06788727641105652,-0.29604262113571167,-0.08347625906409206,-0.049686968326568604,-0.22153961658477783,-0.07671841854990902,-0.040373772382736206,-0.17022424936294556,-0.062295767169608496,-1.3207714709141243,-1.4415800263598837,1.3872430377169473,1.3285793767294767,1.0813636019001815,0.16421144180662658,0.23264216491945267,0.2953699107573932,0.32317923485227196,0.3628747272683009,0.41744206452504723,0.4288926401618827,0.06443187189453982,0.10663510448227788,0.05392252891720316,T
0.0,0.0,0.0,0.09460660815238953,-0.0763387680053711,-0.019813523052185644,0.14093580842018127,-0.21807020902633667,-0.021703884361237158,0.15086019039154053,-0.3372042775154114,-0.027632126940339674,0.18302732706069946,-0.4008414149284363,-0.03284512309536325,0.11153551936149597,-0.30100417137145996,0.008045676739961038,0.12586069107055664,-0.41570454835891724,-0.017291410250514616,0.13345107436180115,-0.4916421175003052,-0.03402510134682046,0.1404842734336853,-0.5638219118118286,-0.04880725069150316,0.05026477575302124,-0.2981225848197937,-0.003990532720386852,0.05494129657745361,-0.401726096868515,-0.05819271354183542,0.058247894048690796,-0.29993778467178345,-0.07748525066480028,0.0644199550151825,-0.2222135066986084,-0.07782539202079164,-0.009070664644241333,-0.27429383993148804,-0.0204406905750929,-0.008626341819763184,-0.3564477562904358,-0.08068242145881044,0.0058969855308532715,-0.24465441703796387,-0.07539599610671388,0.017073288559913635,-0.17561054229736328,-0.05591820774778711,-0.06835363805294037,-0.23615747690200806,-0.03826530127033578,-0.06818996369838715,-0.3011711835861206,-0.08049623144969331,-0.05066011846065521,-0.22768449783325195,-0.07484297676190721,-0.03748686611652374,-0.17782938480377197,-0.061705051345676054,-1.3444466156148869,-1.4610909266501055,1.3864383171995878,1.3118180195747176,1.0840686009297746,0.16844154409250842,0.21441930487273642,0.279767204798695,0.31362537361145687,0.3499744033218278,0.4073552977534612,0.4250458297864659,0.06643450244722392,0.11115282483835158,0.05460525378006239,T
0.0,0.0,0.0,0.09202960133552551,-0.06980890035629272,-0.021422058272268174,0.1364162266254425,-0.21588897705078125,-0.022189084368850587,0.14848655462265015,-0.3339434862136841,-0.025967983457352517,0.1821729838848114,-0.39954549074172974,-0.02902930036475837,0.10476094484329224,-0.29342710971832275,0.004707750470284822,0.12059706449508667,-0.4084438681602478,-0.019860671761538384,0.1295492947101593,-0.4854291081428528,-0.03435809903135478,0.13667720556259155,-0.5570382177829742,-0.04734455414405048,0.0447065532207489,-0.2910920977592468,-0.005615787974651454,0.04978635907173157,-0.39516597986221313,-0.06093116097440898,0.05409276485443115,-0.28776103258132935,-0.07871359579553783,0.0576956570148468,-0.20590472221374512,-0.07639938585748851,-0.01404985785484314,-0.26826173067092896,-0.020169118347670434,-0.010885745286941528,-0.34777045249938965,-0.08257383846035182,0.001855596899986267,-0.23198401927947998,-0.0758963599084872,0.009113460779190063,-0.16379481554031372,-0.053826685923244355,-0.0734538733959198,-0.23182076215744019,-0.035916745591070054,-0.07075287401676178,-0.29401105642318726,-0.08062480382909953,-0.0543777197599411,-0.21740353107452393,-0.07454083852758586,-0.044905632734298706,-0.16976523399353027,-0.05992228903165042,-1.3266242992156734,-1.4503094942356551,1.4194849038278032,1.3525976788850738,1.1396217064635663,0.16393237909587147,0.23019850594823704,0.2924516701875177,0.3230536557863372,0.3599066777953218,0.41341611288210295,0.42772969400911776,0.06429209929007577,0.108779994792274,0.05434802995993096,T
0.0,0.0,0.0,0.09474237263202667,-0.07688736915588379,-0.018484183409874788,0.13722984492778778,-0.22140318155288696,-0.019666909062927118,0.14886052906513214,-0.3385067582130432,-0.02506579906648909,0.18480713665485382,-0.40244030952453613,-0.02996288501626765,0.10586832463741302,-0.2961254119873047,0.009066448724205145,0.1198330968618393,-0.41160887479782104,-0.01513635256296908,0.12984134256839752,-0.4891098737716675,-0.03083723672634875,0.13760559260845184,-0.5627597570419312,-0.04519912489659106,0.0452532023191452,-0.2922223210334778,-0.0036781135105243834,0.05054856836795807,-0.3958636522293091,-0.058184458696906916,0.05546341836452484,-0.28789222240448,-0.07733179890519892,0.05838514864444733,-0.2072988748550415,-0.07668046169883524,-0.013801544904708862,-0.2667648196220398,-0.020567401135032526,-0.010702893137931824,-0.3506813049316406,-0.08113844209319865,0.0060043781995773315,-0.2365962266921997,-0.07514439039832865,0.01550985872745514,-0.16845577955245972,-0.05449560173756396,-0.07319304347038269,-0.2266560196876526,-0.03855784126526629,-0.06971636414527893,-0.2930506467819214,-0.08123645448095118,-0.050413042306900024,-0.21891647577285767,-0.07486155145770823,-0.03879497945308685,-0.17081665992736816,-0.06082703062302386,-1.3138035612700565,-1.4523245471305932,1.4173786769318453,1.2810323805817065,1.0186818938007005,0.16712363989767337,0.23251386749476258,0.28880846348381206,0.3219431958912327,0.3641817094623724,0.41277475079752246,0.4298099035613231,0.057853924137880076,0.1038023569245039,0.05435613310344546,T
0.0,0.0,0.0,0.09201523661613464,-0.06739580631256104,-0.024993791994482706,0.13861465454101562,-0.21269971132278442,-0.029478890639573763,0.1519107222557068,-0.33195364475250244,-0.03631754201355619,0.18977892398834229,-0.3964695930480957,-0.04168036561909361,0.11385682225227356,-0.2876929044723511,0.00016794735697800434,0.13246896862983704,-0.4043610095977783,-0.02714127097728891,0.14170116186141968,-0.4815288484096527,-0.0439822783738677,0.14740923047065735,-0.5564762651920319,-0.058986261305243204,0.054166555404663086,-0.2845968008041382,-0.010006024320453832,0.061651766300201416,-0.38403835892677307,-0.06500868481102628,0.06035330891609192,-0.27784883975982666,-0.08329607528153105,0.06202775239944458,-0.20239222049713135,-0.08343383651676817,-0.004990816116333008,-0.26103055477142334,-0.02496209908726854,-0.0006247758865356445,-0.343206524848938,-0.08716888707581205,0.007996946573257446,-0.22609740495681763,-0.07948009651604337,0.014905884861946106,-0.16088128089904785,-0.05854075756374044,-0.06366696953773499,-0.22326558828353882,-0.04159254190030737,-0.06090746819972992,-0.28332287073135376,-0.08667363953295393,-0.04750026762485504,-0.20669668912887573,-0.08046803605261488,-0.0377240926027298,-0.16216260194778442,-0.06690885108414335,-1.2992581097675668,-1.4466080561937662,1.4754565785276395,1.3746795098228575,1.1692846523199256,0.16552137644231826,0.23234971138054336,0.2933980787846766,0.326584428037405,0.36423276555675943,0.41719603089587015,0.43561176790037814,0.06279831611227557,0.10755860165492939,0.05264557257322052,T
0.0,0.0,0.0,0.09126047790050507,-0.06382745504379272,-0.024015716034931245,0.1384575515985489,-0.21236395835876465,-0.026841298434895577,0.1517738550901413,-0.3360919952392578,-0.03181308390573889,0.1915895789861679,-0.39582812786102295,-0.03543719531969458,0.11418811976909637,-0.28846442699432373,0.0006817400664900219,0.1320929378271103,-0.40739908814430237,-0.025117476228636804,0.14271606504917145,-0.4852916896343231,-0.04039763541893393,0.14975325763225555,-0.5602855086326599,-0.054873882550758424,0.0548953115940094,-0.2862657308578491,-0.009259612988692822,0.0639343112707138,-0.3848791718482971,-0.06213295342401892,0.06270189583301544,-0.2789127826690674,-0.07815227540211112,0.06429310142993927,-0.20726221799850464,-0.07715587200598151,-0.0038869231939315796,-0.2634645700454712,-0.023932375703019204,-0.00041522085666656494,-0.34389668703079224,-0.08477780105547339,0.009023979306221008,-0.22977423667907715,-0.07639242591337592,0.016915395855903625,-0.16929364204406738,-0.055482364017528596,-0.06271350383758545,-0.22641754150390625,-0.04019657777623564,-0.06128230690956116,-0.28720128536224365,-0.08422645064072043,-0.04782642424106598,-0.21055972576141357,-0.07765831680969626,-0.03824567794799805,-0.1676461100578308,-0.06430323304609686,-1.288903871213207,-1.4406951274082285,1.4523986049613895,1.3533881274744657,1.1762991264206866,0.16969533840001325,0.22751152841230443,0.28605758776263485,0.3238692306761023,0.36322015641796584,0.4129413242335343,0.43532665561910155,0.06071457605441941,0.10992559885979436,0.05518567227863733,T
0.0,0.0,0.0,0.08800405263900757,-0.0669393539428711,-0.027915890420953104,0.13499930500984192,-0.21969735622406006,-0.032283605168739626,0.15148210525512695,-0.34334057569503784,-0.03809392554608948,0.19422456622123718,-0.40235471725463867,-0.04138534990994103,0.11315232515335083,-0.29761022329330444,-0.0009750960503502881,0.13209950923919678,-0.4184609353542328,-0.029904103930274317,0.14224693179130554,-0.4960141181945801,-0.04602280361501343,0.14842286705970764,-0.5711921155452728,-0.06002039937225945,0.05368322134017944,-0.2952684760093689,-0.009492250251749823,0.061774998903274536,-0.3914930820465088,-0.06798223508445389,0.05661416053771973,-0.280860960483551,-0.08499845219699509,0.05704161524772644,-0.21006137132644653,-0.08238677037803299,-0.005197048187255859,-0.2723384499549866,-0.023350779990831683,-0.002100706100463867,-0.347342312335968,-0.0887375558718837,0.004174143075942993,-0.2306700348854065,-0.08060398055163986,0.012899622321128845,-0.17423266172409058,-0.05794707043019898,-0.0625944435596466,-0.23529380559921265,-0.03913912651983864,-0.06277959048748016,-0.2831156253814697,-0.08512112600652344,-0.05075325071811676,-0.20599764585494995,-0.07920817388145096,-0.03964158892631531,-0.16953080892562866,-0.06529343230573303,-1.2572498030632127,-1.4425822103041208,1.5314022357814185,1.3883859838693287,1.2349913886340942,0.17493959731185357,0.23621154274518427,0.29140763116270635,0.3300005315345634,0.37251301668903875,0.4194560261129694,0.4435087877829689,0.05685254586473455,0.10483495818612242,0.052751173438009474,T
0.0,0.0,0.0,0.085945263504982,-0.06651639938354492,-0.026985981096874667,0.12751589715480804,-0.21929645538330078,-0.029804062624823047,0.14367498457431793,-0.3437860608100891,-0.03437528998161454,0.18714521825313568,-0.4053761959075928,-0.03685742110515733,0.10328571498394012,-0.29549598693847656,0.0037543470362315645,0.1217532604932785,-0.41609060764312744,-0.021701871012698604,0.13340528309345245,-0.4944610595703125,-0.03570433572436471,0.13947497308254242,-0.5707358717918396,-0.04894471034909387,0.04447527229785919,-0.2943708896636963,-0.004156792131613685,0.0515485554933548,-0.3920450210571289,-0.06121859938408036,0.05209307372570038,-0.278178870677948,-0.07746883348132272,0.05259515345096588,-0.20552706718444824,-0.07377761468793054,-0.013661757111549377,-0.2718718647956848,-0.01739100605751176,-0.010063275694847107,-0.34391486644744873,-0.08236267284060617,0.0014170259237289429,-0.22670722007751465,-0.0743037597885241,0.009683400392532349,-0.1722794771194458,-0.0512341694584002,-0.0707281231880188,-0.2361099123954773,-0.03243492037559648,-0.06775997579097748,-0.28333747386932373,-0.0786668048849215,-0.052963465452194214,-0.2054871916770935,-0.07306407258416314,-0.04265393316745758,-0.17006433010101318,-0.059124747817765666,-1.2606849026898652,-1.4400636309702342,1.4796545345415355,1.3405463614130153,1.1688638978236907,0.17209379617861775,0.24092196701352928,0.29296207452192585,0.3289062543993326,0.3754005514406912,0.41906246646134826,0.44012341770544877,0.05428462761849277,0.10163657915874962,0.05238418998593869,T
0.0,0.0,0.0,0.08489350974559784,-0.07002657651901245,-0.029577286379243617,0.12520302832126617,-0.22059935331344604,-0.03315508125891853,0.14048148691654205,-0.34470415115356445,-0.03768982125988174,0.18486599624156952,-0.40612533688545227,-0.03977928815951515,0.10082541406154633,-0.2930677533149719,0.0034880862330837203,0.1217263787984848,-0.41160207986831665,-0.021851770045067553,0.13340936601161957,-0.48998749256134033,-0.035638907389547114,0.14013002812862396,-0.5639022588729858,-0.04823149500956703,0.04376612603664398,-0.2925560474395752,-0.002330282168294673,0.05099974572658539,-0.38961708545684814,-0.05753533302416969,0.049373820424079895,-0.28301435708999634,-0.07275100930204559,0.050547435879707336,-0.2123371958732605,-0.06851076467504669,-0.013514086604118347,-0.2705380916595459,-0.013967014314438586,-0.010201290249824524,-0.34175050258636475,-0.0769505290555017,-0.001040920615196228,-0.2311738133430481,-0.06961678846349884,0.007933750748634338,-0.17802226543426514,-0.04731635137071777,-0.06929057836532593,-0.2350749969482422,-0.027688983293082003,-0.06664304435253143,-0.28439366817474365,-0.07241971178522277,-0.052233755588531494,-0.2093881368637085,-0.06731751693954635,-0.0402090847492218,-0.17287558317184448,-0.053842177079822306,-1.25965336826721,-1.426678361982623,1.48646172063703,1.342991672157574,1.1334419669633093,0.1639965364111777,0.23578659685114492,0.28867980653422515,0.3241361437582516,0.3627988896841286,0.4078960959477233,0.43060893713839005,0.05471234423311911,0.09896446288272269,0.04841715551417651,T
0.0,0.0,0.0,0.08871369063854218,-0.06430685520172119,-0.025437796099851084,0.13458360731601715,-0.20810681581497192,-0.027584023385117007,0.15166465938091278,-0.32860398292541504,-0.03118559493012185,0.19432185590267181,-0.3801848888397217,-0.03293257912881131,0.10875703394412994,-0.27985018491744995,0.0007921892494948679,0.12981535494327545,-0.3982659578323364,-0.0235492974359488,0.14258532226085663,-0.4743075370788574,-0.03700440338141675,0.15071634948253632,-0.5465604364871979,-0.04986339768655057,0.05142001807689667,-0.2780272364616394,-0.006798177103320313,0.06167955696582794,-0.374301016330719,-0.059491462616989566,0.05870123207569122,-0.27166593074798584,-0.07458949050194974,0.05855350196361542,-0.20421159267425537,-0.07226849308497663,-0.005569353699684143,-0.25590747594833374,-0.019219958766171885,-0.00019431114196777344,-0.33120548725128174,-0.07959366550929303,0.0067787617444992065,-0.22241538763046265,-0.0718345191169476,0.0141725093126297,-0.16948962211608887,-0.05095568632967229,-0.06240558624267578,-0.2215215563774109,-0.033264632879564715,-0.059729576110839844,-0.27325862646102905,-0.07584118804223294,-0.047183260321617126,-0.20084547996520996,-0.06988602837807889,-0.037471115589141846,-0.16503500938415527,-0.05698656996972318,-1.2366557573493902,-1.414753577634026,1.4744563061361144,1.3462038129383236,1.1550977436035996,0.17199495063854084,0.22226031335949253,0.277211620421226,0.3162553592632851,0.3545373341735033,0.4010319430404969,0.42541294472108293,0.056349691641827376,0.10370888030655546,0.05183538914280844,T
0.0,0.0,0.0,0.08507895469665527,-0.06630468368530273,-0.026697214471084862,0.1263294517993927,-0.2175438404083252,-0.028586882876140862,0.1430809199810028,-0.34261196851730347,-0.03209439456639984,0.18875592947006226,-0.4002014398574829,-0.033411850931031495,0.10077226161956787,-0.28877419233322144,0.006281743979172916,0.12260416150093079,-0.40777587890625,-0.018537485750300675,0.13438037037849426,-0.4847775101661682,-0.0315059439855645,0.14152273535728455,-0.5587142109870911,-0.043768932821137696,0.04497399926185608,-0.2883515954017639,-0.0010125658120045955,0.05417194962501526,-0.39059001207351685,-0.05641467660842636,0.05451449751853943,-0.283410906791687,-0.07205351233659485,0.056170642375946045,-0.21184700727462769,-0.06797840237794617,-0.011784672737121582,-0.2656583786010742,-0.01378385141669014,-0.007663100957870483,-0.3374429941177368,-0.07804056793628433,0.0025745928287506104,-0.22381770610809326,-0.07069273084579208,0.011344194412231445,-0.1687546968460083,-0.047743296028954774,-0.0682372897863388,-0.22954261302947998,-0.028187704982144624,-0.0658927857875824,-0.2801527976989746,-0.07371650427757004,-0.05099619925022125,-0.20282399654388428,-0.06822261750875214,-0.03994527459144592,-0.16541558504104614,-0.054213234933001786,-1.2414740969057674,-1.4209664464592016,1.4254754421421703,1.3365008399269973,1.1552953634961047,0.16540034231307646,0.23033942482223613,0.2916205044005814,0.327763082669584,0.35721399298963447,0.4111141875339894,0.4331448346751921,0.062180042257304,0.1067433673120523,0.05139804761199806,T
0.0,0.0,0.0,0.08180892467498779,-0.0664142370223999,-0.02828395117153093,0.12274134159088135,-0.2147732973098755,-0.0319054474316971,0.1375965178012848,-0.33616161346435547,-0.03619722399939462,0.18063724040985107,-0.3963753581047058,-0.0384410520278351,0.09729588031768799,-0.28679752349853516,-0.0019297510812492646,0.11605098843574524,-0.4059950113296509,-0.02755625110198423,0.128477543592453,-0.4822341203689575,-0.040875152983559815,0.1355176866054535,-0.5543040633201599,-0.05307808268894121,0.043118685483932495,-0.28490006923675537,-0.008158005141510216,0.05163353681564331,-0.38182878494262695,-0.06108328078020975,0.050477445125579834,-0.2783372402191162,-0.07500776399005815,0.05056828260421753,-0.21165800094604492,-0.07132024813522264,-0.011833012104034424,-0.26193344593048096,-0.01963582385410234,-0.008482754230499268,-0.3296939730644226,-0.08077487845052644,-0.00048226118087768555,-0.2212657928466797,-0.07245574642051622,0.0066611915826797485,-0.17162936925888062,-0.05059214804400369,-0.06685002148151398,-0.2265353798866272,-0.032954027243746964,-0.06574317812919617,-0.274514377117157,-0.07566915202964708,-0.05224476754665375,-0.20168137550354004,-0.06930371124376222,-0.043420448899269104,-0.168329656124115,-0.05581955734719202,-1.2621764877649104,-1.4288751435666731,1.46943291544465,1.36879042831142,1.1881104856749418,0.1642475268201556,0.22591687812185252,0.2842154553640637,0.319697810956476,0.353019440400456,0.4037869707957995,0.4254351881876307,0.059414846601840675,0.10349505840687546,0.050190226340742106,T
0.0,0.0,0.0,0.08183673024177551,-0.06455039978027344,-0.028520975350808442,0.12332531809806824,-0.21561455726623535,-0.031175505458783448,0.13809120655059814,-0.34019434452056885,-0.03438275688834125,0.17996367812156677,-0.40136072039604187,-0.035639848648976624,0.09623607993125916,-0.2852068543434143,-0.0017081922576167585,0.11667823791503906,-0.4032166600227356,-0.02818761216051513,0.1270858645439148,-0.48093128204345703,-0.041456665932606995,0.13298827409744263,-0.5508294999599457,-0.05277821430511409,0.04079541563987732,-0.28446871042251587,-0.007410685155015528,0.045400649309158325,-0.382131963968277,-0.06374698141164714,0.043789178133010864,-0.280581533908844,-0.07818461218423778,0.045572876930236816,-0.20557677745819092,-0.07250542947597438,-0.013419806957244873,-0.2625158429145813,-0.018394688233208,-0.013167977333068848,-0.3264158368110657,-0.08116569378919536,-0.005583971738815308,-0.22074443101882935,-0.07368671902961665,0.0036707520484924316,-0.1648498773574829,-0.05083800861186916,-0.0660628229379654,-0.22741669416427612,-0.03127671787090236,-0.06812974810600281,-0.2691817283630371,-0.07546976962633067,-0.05473192036151886,-0.19660156965255737,-0.07038207361049587,-0.04200658202171326,-0.15969932079315186,-0.05644986414856845,-1.2748287530579923,-1.4333068377805327,1.5103131565719845,1.3975604457382915,1.2294567926020297,0.15667675209664186,0.23747050292012953,0.2949857194140359,0.3281326384956289,0.35614729264276884,0.4070666905719753,0.42849272656978943,0.05843345327308965,0.09886810739752655,0.04596680411648766,T
0.0,0.0,0.0,0.07885769009590149,-0.06032538414001465,-0.032443071646554245,0.12263600528240204,-0.2091318964958191,-0.03866813604341246,0.13617940247058868,-0.3281756043434143,-0.04463061217771269,0.1746334284543991,-0.3917362093925476,-0.0491113540957997,0.09670303761959076,-0.2786032557487488,-0.01272577133582331,0.11355982720851898,-0.40078631043434143,-0.040909449500901474,0.12504111230373383,-0.4820975363254547,-0.05580661718354918,0.1329832822084427,-0.5543392896652222,-0.068377385778291,0.03950509428977966,-0.276716947555542,-0.017486893502933754,0.04287607967853546,-0.36439311504364014,-0.0726358023713658,0.03982430696487427,-0.26413512229919434,-0.08714355800853468,0.0413360595703125,-0.19491827487945557,-0.08359115098224379,-0.01798488199710846,-0.2542151212692261,-0.02725405704782702,-0.01844017207622528,-0.31461209058761597,-0.0882777598928044,-0.013310208916664124,-0.2112560272216797,-0.08021538977132536,-0.004711344838142395,-0.15942734479904175,-0.05874768172012068,-0.0742097944021225,-0.21956783533096313,-0.039171787841183914,-0.07573904097080231,-0.26334065198898315,-0.08115896110044218,-0.06335516273975372,-0.19367080926895142,-0.0741924372743199,-0.052359938621520996,-0.1590229868888855,-0.060238338006598724,-1.2933841233306322,-1.4399718272526714,1.5484162621773843,1.4316667734641197,1.2244556313899762,0.1678526031864606,0.23770883007877525,0.29348246331949196,0.3250868078290818,0.3709213923285003,0.41822871077376705,0.43660862193545485,0.05813750571471581,0.10033649274860085,0.04765030949377907,T
0.0,0.0,0.0,0.08525820076465607,-0.06198561191558838,-0.03207044471560039,0.12666648626327515,-0.2090362310409546,-0.03863152284679927,0.13860639929771423,-0.33114898204803467,-0.04567522351203479,0.17823946475982666,-0.3909226357936859,-0.05137969349084415,0.0987689197063446,-0.27756452560424805,-0.010053518047016041,0.1144862174987793,-0.39909762144088745,-0.03984395210204639,0.1248292326927185,-0.48197224736213684,-0.057299380940776246,0.13297846913337708,-0.555017501115799,-0.071817619544845,0.039492443203926086,-0.27493298053741455,-0.015604073000531571,0.043345168232917786,-0.3621124029159546,-0.07395703141150989,0.040891408920288086,-0.2624199390411377,-0.09181526843963184,0.04353991150856018,-0.19094282388687134,-0.09011772815642871,-0.017615437507629395,-0.25155866146087646,-0.02619384211061515,-0.017086535692214966,-0.31669390201568604,-0.08872768823562183,-0.010945990681648254,-0.21452420949935913,-0.08169072662053622,-0.0023621022701263428,-0.15942782163619995,-0.060537246806006806,-0.07332873344421387,-0.21662521362304688,-0.03910807688293971,-0.0758761316537857,-0.2609131932258606,-0.08227760140357532,-0.06283195316791534,-0.1922960877418518,-0.07637488637624301,-0.05043981969356537,-0.15492069721221924,-0.06277697328982867,-1.2945033919052686,-1.448116955938269,1.5226437844248117,1.4067229784284063,1.2155864257518876,0.17022245019438506,0.24111386276275304,0.2936099027544602,0.32862003918252725,0.3748994881156221,0.41810078303992526,0.4401360257580186,0.05567935196999468,0.10064682551868416,0.04828851916575301,T
0.0,0.0,0.0,0.08467142283916473,-0.06701087951660156,-0.03396894677646145,0.1240680068731308,-0.21830350160598755,-0.04007118462688908,0.13504938781261444,-0.344262957572937,-0.04624704166419491,0.17527835071086884,-0.40806859731674194,-0.05032302706606373,0.09774555265903473,-0.28763240575790405,-0.0069062149814485,0.11141069233417511,-0.40569615364074707,-0.03663996874458775,0.11895860731601715,-0.4872019588947296,-0.053727495364022104,0.12378339469432831,-0.5626760423183441,-0.06827225430972561,0.03971979022026062,-0.28346574306488037,-0.011495229668092577,0.04011325538158417,-0.3727175295352936,-0.07104053988225445,0.03955972194671631,-0.2728329300880432,-0.08884610875613674,0.04508015513420105,-0.20142990350723267,-0.08646277233130917,-0.016687408089637756,-0.25985461473464966,-0.02190975553460106,-0.02022366225719452,-0.318117618560791,-0.08528126671082958,-0.01033872365951538,-0.2167162299156189,-0.07885608716971859,0.003985002636909485,-0.16391229629516602,-0.05775797634489521,-0.07072073221206665,-0.22467035055160522,-0.03507538407213673,-0.0766867846250534,-0.2599210739135742,-0.07814391597278103,-0.061996981501579285,-0.1920287013053894,-0.07364690943725094,-0.04492171108722687,-0.15882039070129395,-0.061214401266646234,-1.3072133383500613,-1.47640958176302,1.5055473373828525,1.3585737712292758,1.1973919161543296,0.16295764033965662,0.24423578753065728,0.2982510862057756,0.3325849300808776,0.36972012756028794,0.4163702437518569,0.437676592999669,0.055645147225023714,0.0995786448235728,0.04917107025346848,T
0.0,0.0,0.0,0.08404113352298737,-0.06244373321533203,-0.03213347310004622,0.12377996742725372,-0.21163755655288696,-0.0378499906676808,0.1350453644990921,-0.33392709493637085,-0.043997770192007124,0.17431394755840302,-0.39701664447784424,-0.04847336003361136,0.09915955364704132,-0.2723047137260437,-0.006379712389687597,0.11180420219898224,-0.39516717195510864,-0.03303690070090681,0.12040634453296661,-0.47751104831695557,-0.04860242271600157,0.1276329904794693,-0.55205899477005,-0.06280713343797117,0.041408807039260864,-0.26794493198394775,-0.011495109664181768,0.044628843665122986,-0.362106591463089,-0.06602471882281691,0.04672345519065857,-0.2617720365524292,-0.08329871112285048,0.052163392305374146,-0.18977081775665283,-0.08246657812772185,-0.014709070324897766,-0.24319618940353394,-0.021882941963056624,-0.016515269875526428,-0.3191085159778595,-0.08236855083880812,-0.006576701998710632,-0.21610480546951294,-0.07601092571196943,0.003763049840927124,-0.15844279527664185,-0.05610278809247404,-0.07002195715904236,-0.20760422945022583,-0.03464351037321478,-0.07579825818538666,-0.26284724473953247,-0.07744445467172056,-0.0616639107465744,-0.19592899084091187,-0.07294542902884871,-0.04843622446060181,-0.15612822771072388,-0.06111012959657103,-1.3046645468194382,-1.4693654473066493,1.4340822998155376,1.356200893200985,1.1737330345421495,0.1619173929444774,0.24056514885156027,0.2932662446223823,0.32809277417685706,0.37006537726765254,0.41264691286550353,0.43331459790064697,0.05765447201374606,0.1060759480676919,0.052250564213446135,T
0.0,0.0,0.0,0.08293083310127258,-0.06903159618377686,-0.03213186797627543,0.12095633149147034,-0.21634769439697266,-0.03931260717043017,0.13164111971855164,-0.3378353714942932,-0.04672534999379252,0.17237022519111633,-0.39785921573638916,-0.05234527823456858,0.09618678689002991,-0.28255826234817505,-0.008919440702882753,0.1087871789932251,-0.3988645672798157,-0.03801417958864306,0.1159086525440216,-0.4774962067604065,-0.054716581971732126,0.12011721730232239,-0.5517710447311401,-0.06923667204507922,0.037009626626968384,-0.27718019485473633,-0.014818458379593835,0.037524059414863586,-0.36533844470977783,-0.07218079877027606,0.03929576277732849,-0.2602233290672302,-0.08887388420232867,0.04574747383594513,-0.18819457292556763,-0.08672947299608325,-0.02025429904460907,-0.2509967088699341,-0.025990820051518426,-0.025097548961639404,-0.31891053915023804,-0.08795031768211459,-0.01289898157119751,-0.2140214443206787,-0.07991161060461138,0.0017004162073135376,-0.15838193893432617,-0.05846122142800425,-0.07572369277477264,-0.2128734588623047,-0.03962102767953013,-0.0825851708650589,-0.2636628746986389,-0.08255527776607607,-0.06596924364566803,-0.1930629014968872,-0.07623301309475039,-0.04901015758514404,-0.1538885235786438,-0.06264737856515978,-1.2947725977320867,-1.4821389511864465,1.4729161883677306,1.3380386157031383,1.1455438157154096,0.16253992721154956,0.24493383515909534,0.29407065444056063,0.3294403929546177,0.3711047151328625,0.4108254219753103,0.4323361765744249,0.05318774700281746,0.10077655349498989,0.05090926316417247,T
0.0,0.0,0.0,0.08127471804618835,-0.07256859540939331,-0.032596667058648165,0.11649760603904724,-0.2258647084236145,-0.0387318290247336,0.12700346112251282,-0.3488534986972809,-0.04492412949341684,0.1685909628868103,-0.4093737006187439,-0.0493076227082625,0.09271940588951111,-0.2912808060646057,-0.008281221374751624,0.10524481534957886,-0.40923774242401123,-0.037223567016305026,0.11002916097640991,-0.4891737103462219,-0.052954845823229846,0.11288335919380188,-0.5625148713588715,-0.06616991455096155,0.032405510544776917,-0.28581470251083374,-0.013490045204640921,0.028237029910087585,-0.37646451592445374,-0.07231511617440134,0.02862250804901123,-0.2708280682563782,-0.08811568165558725,0.03646138310432434,-0.1925654411315918,-0.08378125423926264,-0.025310099124908447,-0.259100079536438,-0.02409639651316553,-0.031309664249420166,-0.324948787689209,-0.08706620032328516,-0.02030453085899353,-0.2180463671684265,-0.07864636624592691,-0.005340486764907837,-0.15788471698760986,-0.055667281843604144,-0.08008868992328644,-0.21888089179992676,-0.037186660565318164,-0.08682477474212646,-0.268433153629303,-0.08119617099303156,-0.07078012824058533,-0.19556879997253418,-0.0749341368152514,-0.052991390228271484,-0.1539800763130188,-0.060321666993083056,-1.2941992670708937,-1.4965913056639517,1.5273287673696827,1.375999962765944,1.1752794918094702,0.16295875332388313,0.25389771018137325,0.3057758297605763,0.33811927266577196,0.3777603729282752,0.421547671776016,0.44092528988366325,0.05431527365037566,0.0974198595517112,0.04781061409010004,T
0.0,0.0,0.0,0.07673987746238708,-0.07456636428833008,-0.030529668430865797,0.10763475298881531,-0.22832155227661133,-0.035238800446570906,0.11658433079719543,-0.35068479180336,-0.040356283883632216,0.15654194355010986,-0.41070765256881714,-0.04362904081779817,0.07856342196464539,-0.29915672540664673,-0.004872248384238276,0.09137970209121704,-0.41900166869163513,-0.03284320781666139,0.09884995222091675,-0.4979313015937805,-0.04826942632633546,0.10309663414955139,-0.5687459111213684,-0.06134665931302408,0.020119518041610718,-0.2905091643333435,-0.00958131893265346,0.01747715473175049,-0.3776967227458954,-0.06755734408933023,0.022098243236541748,-0.269336462020874,-0.08285114343005517,0.03023466467857361,-0.19485491514205933,-0.07830555165845254,-0.03553706407546997,-0.26124030351638794,-0.019585804889977965,-0.04166047275066376,-0.3260223865509033,-0.0818430426223884,-0.024996578693389893,-0.219529926776886,-0.07334634835559228,-0.009226873517036438,-0.16167831420898438,-0.05055582697230676,-0.0894571840763092,-0.21966034173965454,-0.03188280562597612,-0.09751543402671814,-0.26917004585266113,-0.07599489564734796,-0.07797117531299591,-0.1975434422492981,-0.07024186278420785,-0.05939403176307678,-0.15745139122009277,-0.05595963994699815,-1.3088077623809327,-1.480044082737326,1.4654409061034794,1.3124427365134066,1.1206294630783022,0.16683072937335156,0.25009184902862563,0.2991570023846627,0.33281688560947525,0.38092432774711227,0.42228023731942416,0.44222889843332286,0.05155482369513158,0.0971201669459574,0.050344916768600124,T
0.0,0.0,0.0,0.07908588647842407,-0.07540762424468994,-0.03383613164245958,0.1103951632976532,-0.22747981548309326,-0.042355721543430036,0.11716261506080627,-0.3483108878135681,-0.050828834722636884,0.15533480048179626,-0.41212573647499084,-0.05745133544027681,0.08116668462753296,-0.29775553941726685,-0.013811087894140428,0.09212663769721985,-0.417736291885376,-0.044850898633598035,0.09786790609359741,-0.4964273273944855,-0.06205066079914445,0.10265377163887024,-0.5689130425453186,-0.07625024924695367,0.022522658109664917,-0.2892001271247864,-0.019202448154686635,0.021228358149528503,-0.37712764739990234,-0.07914388338744516,0.024788886308670044,-0.2736409306526184,-0.09574806104123468,0.03357510268688202,-0.1999136209487915,-0.09282484064519281,-0.034372955560684204,-0.2600465416908264,-0.029913954163788503,-0.038889944553375244,-0.32544904947280884,-0.09330723593652124,-0.024879395961761475,-0.22150427103042603,-0.08563570837199563,-0.009682342410087585,-0.16356325149536133,-0.06389271626889581,-0.08938896656036377,-0.21872478723526,-0.04319317052781457,-0.09571556746959686,-0.2650732398033142,-0.08711599717557306,-0.07697314023971558,-0.19668108224868774,-0.0818402112525689,-0.05934208631515503,-0.15829414129257202,-0.06857681433379526,-1.3320552685200264,-1.4917194774743137,1.4476365562453077,1.320267232478649,1.1093811011560197,0.16540117939343674,0.24466181962703912,0.2983520846038267,0.33244043742854507,0.37540969039537314,0.4206279301518915,0.44141878081961305,0.05650270715388962,0.101812499718329,0.04993849904678775,T
0.0,0.0,0.0,0.0755251795053482,-0.06998413801193237,-0.03441910963687178,0.10626839101314545,-0.22722786664962769,-0.0417546681705403,0.1145128458738327,-0.35150936245918274,-0.0485889106634545,0.1550789624452591,-0.41583138704299927,-0.0533380299452233,0.07968543469905853,-0.2968814969062805,-0.01215088419797894,0.08821515738964081,-0.4182690382003784,-0.041841266268818345,0.09096555411815643,-0.49754244089126587,-0.05715318542155501,0.09429936110973358,-0.5700481235980988,-0.07012215774688002,0.020314127206802368,-0.28913748264312744,-0.0165384277347016,0.016506537795066833,-0.37760818004608154,-0.0760363243165898,0.01870720088481903,-0.27151626348495483,-0.0913132629934239,0.0280170738697052,-0.19653743505477905,-0.08683757256898161,-0.03685589134693146,-0.2606084942817688,-0.026374088192312684,-0.04404406249523163,-0.32624465227127075,-0.0904508061352658,-0.030090436339378357,-0.21970272064208984,-0.08195665996703383,-0.012951865792274475,-0.16051441431045532,-0.059039400482504334,-0.09172035753726959,-0.21927803754806519,-0.03871238377126929,-0.09901829063892365,-0.2643871307373047,-0.08395269286069151,-0.08024221658706665,-0.1927606463432312,-0.07859216403397795,-0.06104578077793121,-0.15298962593078613,-0.0646464950982022,-1.317552710462126,-1.5173490645577825,1.487802281531322,1.336371561674576,1.1373950237873414,0.16576176209310267,0.2534453805201395,0.3056486803562255,0.3402876665673613,0.3793462482454181,0.42334464058835336,0.4450504506060122,0.0545537536799523,0.09913931489316301,0.0486790211364853,T
0.0,0.0,0.0,0.07712253928184509,-0.07579505443572998,-0.029717084215816314,0.10906791687011719,-0.23483747243881226,-0.03424078990691548,0.11484724283218384,-0.3588358163833618,-0.03952617217772847,0.1527749001979828,-0.42401838302612305,-0.04272665848010426,0.08068782091140747,-0.3085916042327881,-0.003430213741820509,0.09344598650932312,-0.42804744839668274,-0.030990505786474998,0.0986117422580719,-0.5042433738708496,-0.04516666029566174,0.10291960835456848,-0.5736919939517975,-0.05747007598155385,0.02172553539276123,-0.300708532333374,-0.009550686189767177,0.02114245295524597,-0.392402708530426,-0.06800497715347653,0.02409997582435608,-0.28393781185150146,-0.08304135148399716,0.03216233849525452,-0.20780253410339355,-0.0779068062173689,-0.034062549471855164,-0.2722458243370056,-0.02098170314901715,-0.040079280734062195,-0.3373260498046875,-0.08401453887098675,-0.024692848324775696,-0.23005223274230957,-0.07520781104439145,-0.008779853582382202,-0.1709086298942566,-0.051988691286977584,-0.08746999502182007,-0.2312219738960266,-0.03462397699230557,-0.0940912663936615,-0.27873873710632324,-0.07905768250101453,-0.07406678795814514,-0.2040935754776001,-0.07290517185800915,-0.056253254413604736,-0.16282141208648682,-0.05828381721847897,-1.343747311478147,-1.4871303273752536,1.4589280964689852,1.3262969850406554,1.1426483582019533,0.15775848608655632,0.24758167009266058,0.30027401752317623,0.3345394252526403,0.3726683352071927,0.41798469847413533,0.44062527762732207,0.05511282300803574,0.0991998911658928,0.04815731386147102,T
0.0,0.0,0.0,0.07638764381408691,-0.07415705919265747,-0.0280108593262014,0.1089206337928772,-0.22691017389297485,-0.032993612051683385,0.11398744583129883,-0.34580105543136597,-0.038794641555028875,0.14868515729904175,-0.4115409255027771,-0.04326276964016529,0.07786452770233154,-0.3009423017501831,-0.006917183459478338,0.092074453830719,-0.4198690354824066,-0.03431135153837772,0.09956130385398865,-0.4954622983932495,-0.04850870853729816,0.1048315167427063,-0.5631725788116455,-0.060363718480545,0.01972368359565735,-0.2908954620361328,-0.01394386420466276,0.021213769912719727,-0.384097695350647,-0.07211331760950657,0.026406913995742798,-0.27774059772491455,-0.08737899845905872,0.03309634327888489,-0.1991971731185913,-0.08242127782173725,-0.036162808537483215,-0.26142263412475586,-0.02558356633849712,-0.03759762644767761,-0.32977020740509033,-0.08947323000498386,-0.020926833152770996,-0.22186970710754395,-0.08139703160591694,-0.008371531963348389,-0.15923601388931274,-0.05818865186043354,-0.09065482020378113,-0.21955657005310059,-0.038906929255205114,-0.09083528816699982,-0.272716224193573,-0.08508402592011066,-0.07078748941421509,-0.19639402627944946,-0.07876223808594318,-0.05703252553939819,-0.15106987953186035,-0.06338695919581028,-1.3586634431863132,-1.4683195065966221,1.4259839081149799,1.3052530728704879,1.1144295544218725,0.15784581107911966,0.24176567809178956,0.2971945020795994,0.33191102847239107,0.3709771301054931,0.4194993190907458,0.44275117497030764,0.05758887847538949,0.10217362371202597,0.049341443494818074,T
0.0,0.0,0.0,0.07522529363632202,-0.07655668258666992,-0.0256923824258255,0.10732460021972656,-0.22251462936401367,-0.03011782054678669,0.11481007933616638,-0.33560025691986084,-0.03621156846062412,0.1505584716796875,-0.3954918682575226,-0.041023164585988425,0.0785154402256012,-0.29356515407562256,-0.003785335988562011,0.09298521280288696,-0.4067617952823639,-0.03058555682079067,0.10105329751968384,-0.47871530055999756,-0.04490280856267681,0.10756400227546692,-0.5445058941841125,-0.05703543458954563,0.02080005407333374,-0.28700774908065796,-0.011550023750226401,0.02297532558441162,-0.3744125962257385,-0.06938244362251034,0.025629758834838867,-0.26639777421951294,-0.08455423970596065,0.029523730278015137,-0.1885104775428772,-0.07949770201818218,-0.033772945404052734,-0.2595147490501404,-0.02387566824332943,-0.03578564524650574,-0.32335078716278076,-0.08601351042167416,-0.020374685525894165,-0.21590536832809448,-0.0777579169429945,-0.008912712335586548,-0.15381819009780884,-0.05467782874480953,-0.08733439445495605,-0.21872186660766602,-0.03790761862770786,-0.08956795930862427,-0.2673605680465698,-0.08196044673101177,-0.06879749894142151,-0.1936160922050476,-0.07587223459855785,-0.05358748137950897,-0.15032893419265747,-0.06100100238696804,-1.3258744595069971,-1.4555506138940462,1.482459130898781,1.3397912342170288,1.112421005880384,0.15509256694697166,0.2397721934010247,0.28954658562393426,0.31903045997167895,0.3644489274548671,0.40768088889572934,0.42584654098901065,0.05177755236547922,0.09146203450495992,0.044810823423581975,T
0.0,0.0,0.0,0.07800930738449097,-0.06925845146179199,-0.02893619475488407,0.11409997940063477,-0.21508336067199707,-0.033756603054449386,0.1226252019405365,-0.3294221758842468,-0.03918245112125618,0.15615028142929077,-0.39482247829437256,-0.04307644864146454,0.08401912450790405,-0.28871041536331177,-0.005928149480119771,0.09916099905967712,-0.40167590975761414,-0.033020768813535994,0.1062750518321991,-0.47509506344795227,-0.04753859391038162,0.11090454459190369,-0.5415924787521362,-0.059612744055435485,0.027572661638259888,-0.2825453281402588,-0.01204678745542509,0.029819101095199585,-0.37231478095054626,-0.0693226312619899,0.03227442502975464,-0.26848137378692627,-0.08504635145489914,0.03702503442764282,-0.1926986575126648,-0.08056213011567337,-0.027121439576148987,-0.2571214437484741,-0.023005549363539046,-0.028849318623542786,-0.32232505083084106,-0.08575563182656509,-0.01612129807472229,-0.21573799848556519,-0.07811960627858383,-0.005356103181838989,-0.1569492220878601,-0.055477321646854705,-0.08010642230510712,-0.21902567148208618,-0.03585698505465729,-0.08156564831733704,-0.2668384313583374,-0.08081767757956726,-0.06446284055709839,-0.1930309534072876,-0.07499957134549362,-0.05174291133880615,-0.1523449420928955,-0.06033371811334831,-1.3409778777207217,-1.4648781568807976,1.4659763166518067,1.3568427273414458,1.1686183077022572,0.1535858383326081,0.23461641758538457,0.2875204310800317,0.3193977695001199,0.35663017331851127,0.401829532411532,0.4218623468810877,0.055445315025402404,0.09750984844504144,0.046614754802136484,T
0.0,0.0,0.0,0.08041304349899292,-0.0715709924697876,-0.02668985418768699,0.11434897780418396,-0.21113622188568115,-0.03150484591515834,0.1213432252407074,-0.32406842708587646,-0.03743327662142093,0.15441694855690002,-0.3857569694519043,-0.041919684706051896,0.08524274826049805,-0.27799999713897705,-0.004374083800037454,0.0992652177810669,-0.3874472677707672,-0.03221990793736751,0.10449695587158203,-0.459677129983902,-0.04860728859694774,0.10585543513298035,-0.5262936949729919,-0.061763497737963746,0.03017255663871765,-0.27184051275253296,-0.011112512757797788,0.03173929452896118,-0.35842394828796387,-0.06576908260377223,0.033815473318099976,-0.26137036085128784,-0.08180234461816127,0.03894996643066406,-0.1915280818939209,-0.07926210641654308,-0.023402482271194458,-0.24721240997314453,-0.02257824383469398,-0.024507418274879456,-0.31364667415618896,-0.08196247994693096,-0.012626409530639648,-0.21364879608154297,-0.07440729319842632,-0.002548426389694214,-0.15639448165893555,-0.053270457980950425,-0.07649162411689758,-0.2108963131904602,-0.03597320869358356,-0.07675780355930328,-0.26069188117980957,-0.07770675301345165,-0.06059637665748596,-0.19247788190841675,-0.07124990105422313,-0.04837605357170105,-0.15180933475494385,-0.05706601470502193,-1.3452436211631162,-1.487968899014141,1.4619375755206463,1.3450842412320534,1.126668055170369,0.14869025457712776,0.22595903328557645,0.2779303505173637,0.30960700491531723,0.34138593621073926,0.3854566450372662,0.4050010964873837,0.054373582484001606,0.0959344184521044,0.04605643261547942,T
0.0,0.0,0.0,0.08161196112632751,-0.0735669732093811,-0.02719668086508875,0.11481702327728271,-0.21492135524749756,-0.03211127940456038,0.12202486395835876,-0.3277173340320587,-0.03857598427573805,0.15666115283966064,-0.39041340351104736,-0.04372592616716986,0.08289733529090881,-0.279974102973938,-0.0001935836626927312,0.09609723091125488,-0.38724514842033386,-0.02779180344084864,0.10295173525810242,-0.4591115415096283,-0.04488556433359747,0.10627532005310059,-0.5262226462364197,-0.0590049696330226,0.029282033443450928,-0.27398884296417236,-0.0072436488408840205,0.03165063261985779,-0.36022675037384033,-0.06261637408177023,0.03582677245140076,-0.26290208101272583,-0.08071039218346243,0.03968501091003418,-0.19273710250854492,-0.07948769975344305,-0.02375352382659912,-0.24922853708267212,-0.019378388038674643,-0.024724304676055908,-0.31741276383399963,-0.07988586623112326,-0.011565089225769043,-0.21630537509918213,-0.07371240455547934,-0.0030462443828582764,-0.157676100730896,-0.05313281688729887,-0.0770895928144455,-0.21276700496673584,-0.033480193204084685,-0.07753755152225494,-0.26283466815948486,-0.07633867461125021,-0.06022807955741882,-0.1946590542793274,-0.07102915245930319,-0.048622697591781616,-0.15358692407608032,-0.05752997819224959,-1.3367279534758014,-1.4761434732368957,1.4434552284519426,1.3483595535828563,1.1224464106256504,0.14485469462614695,0.22969400897448775,0.28226424646591586,0.31341384878387174,0.3400689299939726,0.38441873088441014,0.40354773856419,0.055274171405446236,0.09659703852673479,0.04575952854673514,T
0.0,0.0,0.0,0.07863059639930725,-0.07094132900238037,-0.02378406406811351,0.11062264442443848,-0.2115260362625122,-0.025873648314391318,0.1181478202342987,-0.32295525074005127,-0.029726857631121817,0.15052515268325806,-0.38347870111465454,-0.032397220222865286,0.08025705814361572,-0.2769302725791931,0.001819254635247347,0.09518659114837646,-0.38565677404403687,-0.022957314117466154,0.10077500343322754,-0.456725537776947,-0.037165573178445044,0.10286745429039001,-0.5220186710357666,-0.04928462424746627,0.026438385248184204,-0.2704474925994873,-0.005513821574513855,0.02771332859992981,-0.3565192222595215,-0.058753466545258703,0.031923383474349976,-0.2571023106575012,-0.07458539524546737,0.03832042217254639,-0.18571418523788452,-0.07142570832244033,-0.026130855083465576,-0.24564015865325928,-0.01744350263348693,-0.02832534909248352,-0.3120848536491394,-0.0763439557837593,-0.013805657625198364,-0.20986437797546387,-0.06935552725068206,-0.0020226389169692993,-0.1520213484764099,-0.04821937003604049,-0.07866281270980835,-0.20893383026123047,-0.03098104739061469,-0.08039553463459015,-0.25980299711227417,-0.07337133803835982,-0.06314025819301605,-0.19008630514144897,-0.06773684391251678,-0.05008551478385925,-0.14893662929534912,-0.0538045375930416,-1.3427768847362902,-1.4788026722225593,1.4314761421106705,1.3187576422698408,1.1262792677663978,0.146507950234273,0.22737789094139002,0.27720630370251526,0.308633477372262,0.3424427346623079,0.3845776259146405,0.40321808071789994,0.05256205691473431,0.09575070918926026,0.04816176418095663,T
0.0,0.0,0.0,0.08384369313716888,-0.07843232154846191,-0.025040499056192544,0.11614854633808136,-0.22108370065689087,-0.02836881683251491,0.12243370711803436,-0.33497488498687744,-0.03374737233898273,0.15588338673114777,-0.3962278664112091,-0.03766502545258632,0.08317692577838898,-0.2863178253173828,0.0023290653429306474,0.0956365317106247,-0.3956470489501953,-0.02487307892224422,0.10156111419200897,-0.4678303003311157,-0.041476735035391954,0.10505948960781097,-0.5356248617172241,-0.05537099123975864,0.02794279158115387,-0.28105443716049194,-0.005708783520820049,0.031007841229438782,-0.36976486444473267,-0.06167356775185695,0.03562892973423004,-0.2669757008552551,-0.07936316088816753,0.040015265345573425,-0.1947791576385498,-0.07722611085555187,-0.025328293442726135,-0.2558653950691223,-0.01863038831433883,-0.025557175278663635,-0.322920560836792,-0.07886363671204677,-0.012471899390220642,-0.21879100799560547,-0.07145271555564037,-0.0046540796756744385,-0.16181355714797974,-0.04978188605091205,-0.07882921397686005,-0.21842724084854126,-0.033475292036744264,-0.07917667925357819,-0.26774001121520996,-0.07506305084607234,-0.06229080259799957,-0.1991676688194275,-0.06837736175438991,-0.052023351192474365,-0.16078436374664307,-0.05392304540655246,-1.3477033384830779,-1.4832471479399296,1.431769337046807,1.3544203681338893,1.1355111971145015,0.14837314723071926,0.23239407010419583,0.2841167832207005,0.31410007102992066,0.3469964626603036,0.38957920723350026,0.40642393850845077,0.05551649484910908,0.09811601778502338,0.04738045085359222,T
0.0,0.0,0.0,0.07944363355636597,-0.07231181859970093,-0.02623105213100274,0.11258798837661743,-0.21362751722335815,-0.030146227926557856,0.1192179024219513,-0.32542452216148376,-0.035060405508225756,0.1500106155872345,-0.3889448046684265,-0.038518100753968554,0.08155682682991028,-0.28154534101486206,-0.00441645994836648,0.09453275799751282,-0.39257049560546875,-0.030912535042112665,0.10063281655311584,-0.4656822085380554,-0.046279106066172915,0.10259371995925903,-0.5334038138389587,-0.059214755669778185,0.026896119117736816,-0.2760385274887085,-0.010944693126326399,0.029168307781219482,-0.3610260784626007,-0.0633033325528558,0.034561872482299805,-0.26233619451522827,-0.07826923184151013,0.040861546993255615,-0.19534629583358765,-0.07579685352796872,-0.02641598880290985,-0.25071942806243896,-0.022125452533906298,-0.02717435359954834,-0.31710514426231384,-0.0799320300673898,-0.012411832809448242,-0.2156122922897339,-0.07224924467558225,-0.001544564962387085,-0.16105186939239502,-0.05184208579415639,-0.07926519215106964,-0.2133728265762329,-0.0352080462133344,-0.08006918430328369,-0.2624906301498413,-0.07632778935188611,-0.06274262070655823,-0.19539833068847656,-0.07026494644636472,-0.05058285593986511,-0.15787994861602783,-0.056936353222077685,-1.360495868900782,-1.4874631199723345,1.3994236412657879,1.3002246342186263,1.0937477871763865,0.15204199196776605,0.2222473887315806,0.27368624865008084,0.3059880855879997,0.34364770719307347,0.3866403405227639,0.40556286412361536,0.05453793190179542,0.09882209267983395,0.04914076783489807,T
0.0,0.0,0.0,0.08033326268196106,-0.07246547937393188,-0.025282885247476905,0.11449095606803894,-0.21564334630966187,-0.027530192697056144,0.12263715267181396,-0.32863083481788635,-0.03099648777545294,0.1551477313041687,-0.3905211389064789,-0.03292616766095957,0.08462017774581909,-0.28345584869384766,-0.0008502933281553382,0.09845736622810364,-0.39406895637512207,-0.02626052249372801,0.10402873158454895,-0.4663510322570801,-0.040599852168567985,0.10648924112319946,-0.5340163707733154,-0.05288958486319384,0.028152525424957275,-0.278136670589447,-0.007861422674365848,0.03108462691307068,-0.3657103478908539,-0.062246091032036155,0.0340535044670105,-0.2603744864463806,-0.07744742866755328,0.03846654295921326,-0.18721812963485718,-0.07328791108132204,-0.026245862245559692,-0.25355368852615356,-0.01950383309424719,-0.0269547700881958,-0.3192496597766876,-0.07875701721907458,-0.012877047061920166,-0.2132701277732849,-0.07073297288418612,-0.0025595426559448242,-0.1573861837387085,-0.048747442030914634,-0.07969397306442261,-0.21625947952270508,-0.03293720942140421,-0.07943987846374512,-0.26476776599884033,-0.07477246161700091,-0.06209386885166168,-0.19329047203063965,-0.06807780202627978,-0.05049687623977661,-0.15476250648498535,-0.0535097153127273,-1.3423673849084998,-1.483736387911364,1.4578368397646915,1.329300456865042,1.1275332920143333,0.15152072543123815,0.23440693951435837,0.2814666793441252,0.3128447496333544,0.3534064339004555,0.39209939432423707,0.4104608807454532,0.05072558227219302,0.09469877205973526,0.04800907865663818,T
0.0,0.0,0.0,0.08085766434669495,-0.07305824756622314,-0.027603927713355958,0.11532104015350342,-0.21994376182556152,-0.03195780859561914,0.12284824252128601,-0.336046040058136,-0.03742288769455904,0.1584189236164093,-0.3987535834312439,-0.04134285793872827,0.08621072769165039,-0.29113924503326416,-0.003386971021539509,0.0995161235332489,-0.4017871618270874,-0.03084864066215509,0.10574999451637268,-0.47505849599838257,-0.04613267229171747,0.10977080464363098,-0.5432344377040863,-0.058890290271959245,0.02925693988800049,-0.28685450553894043,-0.010329184767327249,0.032109856605529785,-0.3788309097290039,-0.06725095183821672,0.0342196524143219,-0.27412235736846924,-0.08340917499037737,0.037986159324645996,-0.19813042879104614,-0.07927726925583833,-0.025403335690498352,-0.2613444924354553,-0.02208411851199621,-0.02643221616744995,-0.3286118805408478,-0.08390213520499223,-0.013235151767730713,-0.22152990102767944,-0.07633310527773851,-0.0027310550212860107,-0.16105717420578003,-0.05378006742568964,-0.07870955765247345,-0.22232002019882202,-0.03571777762146944,-0.07978098094463348,-0.2717100977897644,-0.07927787275286668,-0.06158825755119324,-0.19913160800933838,-0.07314188749762529,-0.048230841755867004,-0.15770840644836426,-0.05844743893714899,-1.3342810949247208,-1.477609935773254,1.4727258094905413,1.348460578071191,1.1300259875474505,0.1524511617896037,0.23399508732608068,0.28717398658933024,0.31750102814813785,0.3524908683518258,0.3983919290888289,0.416647142124772,0.055066484812783596,0.09522242995003569,0.04562285434281222,T
0.0,0.0,0.0,0.07970717549324036,-0.07423102855682373,-0.02660215247986386,0.11512351036071777,-0.22104650735855103,-0.029998216522908905,0.1223425567150116,-0.3379964530467987,-0.03436580833611558,0.15710923075675964,-0.400583416223526,-0.03671594124851296,0.08403471112251282,-0.29541367292404175,-0.0031758050676948812,0.09788092970848083,-0.4095873534679413,-0.029187146319127777,0.10481837391853333,-0.48211807012557983,-0.04289507654128144,0.10931259393692017,-0.550025075674057,-0.054837489245510795,0.026657819747924805,-0.2900731563568115,-0.009701017035222748,0.027730464935302734,-0.3784079849720001,-0.06559892904577325,0.030589759349822998,-0.26800817251205444,-0.07948941898164819,0.03469696640968323,-0.19446063041687012,-0.07400269222078393,-0.02744443714618683,-0.2640010714530945,-0.02096974824187825,-0.03071311116218567,-0.3288235068321228,-0.08159604829368661,-0.01587134599685669,-0.21951353549957275,-0.07206646513757775,-0.00469595193862915,-0.1640070080757141,-0.04865514275250504,-0.07968524098396301,-0.22479557991027832,-0.034111452965117195,-0.08331669867038727,-0.27279144525527954,-0.07622683208999703,-0.0653308629989624,-0.19968068599700928,-0.06886468988475869,-0.05262395739555359,-0.16254085302352905,-0.053650891153193214,-1.3410691037333142,-1.471840352246109,1.486913151280459,1.3471051876460343,1.1607498958776687,0.15689910156089523,0.23973186123516219,0.2866170163113283,0.3172574224621989,0.36330918871167356,0.4025020460134533,0.4199612713817059,0.049791817899074164,0.09297212444082592,0.04795042562601532,T
0.0,0.0,0.0,0.07822990417480469,-0.06822919845581055,-0.027461409662597802,0.11147147417068481,-0.21504127979278564,-0.031435201038354066,0.11686336994171143,-0.3317333459854126,-0.036289269198411134,0.15191137790679932,-0.3935586214065552,-0.03972168462418857,0.08129265904426575,-0.2894684672355652,-0.0036795689731174974,0.09503960609436035,-0.4028187394142151,-0.02993457773768249,0.10217219591140747,-0.47630995512008667,-0.04380907686495128,0.10803017020225525,-0.5423113405704498,-0.05565980644964519,0.023806482553482056,-0.284621000289917,-0.009950523358517316,0.02795305848121643,-0.3762816786766052,-0.06654747026109042,0.029989004135131836,-0.2691590189933777,-0.08150901841067615,0.032642662525177,-0.19278615713119507,-0.07621563421630206,-0.030904173851013184,-0.259006142616272,-0.020881427545779374,-0.03103633224964142,-0.32643336057662964,-0.08245609151267352,-0.01835721731185913,-0.21835476160049438,-0.07358226375722232,-0.010429933667182922,-0.1594061255455017,-0.049887610693209794,-0.08406431972980499,-0.21998417377471924,-0.03359571294926944,-0.08296358585357666,-0.2720702290534973,-0.07687444435500446,-0.06522238254547119,-0.19869160652160645,-0.06969877528094592,-0.054766714572906494,-0.15826421976089478,-0.05407472150468173,-1.3480241131863564,-1.4654403412033954,1.4748734517413788,1.3680559363073128,1.1276041239383767,0.15509007656282156,0.2335264629115578,0.284924714199245,0.31317613152480056,0.35756276396180603,0.40081067837828355,0.4171270989693744,0.054492889916134796,0.09397959014846734,0.04435148351411769,T
0.0,0.0,0.0,0.08294469118118286,-0.07288575172424316,-0.028332514660657893,0.11852613091468811,-0.21684306859970093,-0.03341544975549127,0.12509119510650635,-0.3328048586845398,-0.039405712830127726,0.1589534878730774,-0.39871740341186523,-0.043706005411447535,0.08736908435821533,-0.2872709035873413,-0.00498060925886179,0.10099750757217407,-0.4000348448753357,-0.032626939909757624,0.10760024189949036,-0.4738215208053589,-0.04805075933247949,0.1116010844707489,-0.5433094501495361,-0.06098371927648927,0.030814141035079956,-0.28310608863830566,-0.011562464731039057,0.03409761190414429,-0.37390342354774475,-0.06815989126473809,0.037436991930007935,-0.2692517638206482,-0.08414825608045007,0.041447848081588745,-0.195232093334198,-0.08044425209075357,-0.0239744633436203,-0.2588579058647156,-0.02303265963703538,-0.024226859211921692,-0.3235800266265869,-0.0844400357177868,-0.01010584831237793,-0.21763873100280762,-0.07707944323331262,0.00013622641563415527,-0.16003203392028809,-0.05510088612347985,-0.07790486514568329,-0.22229957580566406,-0.03645104353338624,-0.07744722068309784,-0.2705039978027344,-0.07927895893365289,-0.059364885091781616,-0.19904541969299316,-0.07324228246718789,-0.04700493812561035,-0.15962070226669312,-0.059048185097278605,-1.3520705947221474,-1.4764353907425771,1.4503710178195643,1.3314996062182407,1.1127741069577772,0.1521483160858695,0.23497626858942897,0.28669431132509865,0.31557266316707583,0.3550765028883573,0.3991566013140897,0.4151781854285467,0.05427425050070942,0.09535232855876796,0.04714295905046625,T
0.0,0.0,0.0,0.07916249334812164,-0.0764082670211792,-0.026406299190678162,0.11183144152164459,-0.22155612707138062,-0.03111405284897284,0.11811579763889313,-0.33689337968826294,-0.037530265616335434,0.15288694202899933,-0.3998427391052246,-0.04246864827171759,0.08505170047283173,-0.2957802414894104,-0.0011491525062252705,0.09745465219020844,-0.40675580501556396,-0.028290554748930496,0.10267691314220428,-0.479716956615448,-0.043410554396071,0.10739018023014069,-0.5460332036018372,-0.05597624542013602,0.026990756392478943,-0.2898118495941162,-0.008661593178369564,0.028264865279197693,-0.37922975420951843,-0.06722810851232008,0.029107317328453064,-0.2734372615814209,-0.08389294879332976,0.03347720205783844,-0.1954975724220276,-0.07955995933906035,-0.027897223830223083,-0.26338762044906616,-0.020938940214075608,-0.030879735946655273,-0.3306170403957367,-0.08342375593081908,-0.017360135912895203,-0.224190354347229,-0.07591480003491835,-0.00546400249004364,-0.16082996129989624,-0.05307242633596854,-0.08140057325363159,-0.22355890274047852,-0.03501622738138632,-0.08427777886390686,-0.2745587229728699,-0.07892109440461592,-0.0648258626461029,-0.20149022340774536,-0.0730213149060388,-0.048852548003196716,-0.15705960988998413,-0.058143291490234894,-1.3444638366174844,-1.4817686857760304,1.5021296531932469,1.3554504132560927,1.1156249332569683,0.15310652253877827,0.23667622007029737,0.28670913760166816,0.31566195473955155,0.35824343269476233,0.40139457449916854,0.4191804465035437,0.052136941534341244,0.09086068846716547,0.043552054274180706,T
0.0,0.0,0.0,0.07818064093589783,-0.06964510679244995,-0.028824784022063454,0.11363005638122559,-0.21426308155059814,-0.033865265708655556,0.12209030985832214,-0.32891392707824707,-0.03919544832059785,0.15532734990119934,-0.3932183086872101,-0.043089013707131585,0.08404079079627991,-0.28631192445755005,-0.008997298006207188,0.09816175699234009,-0.3985896706581116,-0.03593546913215562,0.10381320118904114,-0.47173118591308594,-0.05062345431396409,0.10705623030662537,-0.5385441482067108,-0.06287810967513963,0.02672553062438965,-0.2810049057006836,-0.014642567534238538,0.0291498601436615,-0.36867496371269226,-0.07032496498176499,0.031075268983840942,-0.26580703258514404,-0.08489728735038682,0.03574007749557495,-0.1910381317138672,-0.08046802894422456,-0.028239130973815918,-0.2558715343475342,-0.024873530652612885,-0.029390066862106323,-0.32251566648483276,-0.08535429106304093,-0.016178175806999207,-0.21729600429534912,-0.0771497266108696,-0.005156770348548889,-0.15684473514556885,-0.05506379173347398,-0.08146397769451141,-0.21811211109161377,-0.03705662504980012,-0.08166353404521942,-0.26817286014556885,-0.08071453140327378,-0.06382215023040771,-0.1957179307937622,-0.07480556533882066,-0.050127625465393066,-0.152984619140625,-0.060499075960606774,-1.3418766932216737,-1.4798012877077658,1.4709310217164213,1.341793221287432,1.1223388804715921,0.15313295079427336,0.2348998503243228,0.2857054761833965,0.316107533121329,0.3547483969667708,0.39785198183150783,0.41636872477291154,0.05330797813144233,0.09392194754664608,0.045136219441949434,T
0.0,0.0,0.0,0.08392208814620972,-0.07266479730606079,-0.026717742336508365,0.12036183476448059,-0.21827542781829834,-0.0313718331880537,0.12756681442260742,-0.33390095829963684,-0.03763167316984806,0.16088730096817017,-0.3998871445655823,-0.04265217239927921,0.08693486452102661,-0.2880210280418396,-0.0017415550673050006,0.10009795427322388,-0.3991333246231079,-0.029204390374538036,0.10657301545143127,-0.47276610136032104,-0.045811162693020435,0.11014008522033691,-0.5407986044883728,-0.05963856483769092,0.03073221445083618,-0.2820315957069397,-0.009257070151683422,0.034674763679504395,-0.37128758430480957,-0.06565602625679645,0.03838542103767395,-0.2711467742919922,-0.0836092209346262,0.04168879985809326,-0.19776856899261475,-0.08209667856764469,-0.023825138807296753,-0.2574799060821533,-0.021555458558317753,-0.023228436708450317,-0.3294619023799896,-0.0830792760379282,-0.010596871376037598,-0.2243945598602295,-0.07621048147749576,-0.003237903118133545,-0.16087102890014648,-0.05496768782806072,-0.07802490890026093,-0.22113585472106934,-0.035707255256888004,-0.07779808342456818,-0.2747451663017273,-0.07968882228207264,-0.060553520917892456,-0.20417505502700806,-0.07418986166786823,-0.0495406836271286,-0.15960168838500977,-0.060320598436113926,-1.3512496703619925,-1.4792519659332677,1.4414934080839925,1.36083807602531,1.137265895178559,0.14977088984088108,0.23464910240300174,0.2899410046270859,0.3194010600369778,0.34979305842163927,0.396483960497806,0.41329049926949946,0.05813636646015478,0.09889150333722074,0.046320176038175204,T
0.0,0.0,0.0,0.07798022031784058,-0.07615619897842407,-0.024718985169734253,0.11077859997749329,-0.21969878673553467,-0.028545769139732613,0.11922413110733032,-0.33247438073158264,-0.034191537856663956,0.15378925204277039,-0.3917272686958313,-0.03845551258286406,0.08119446039199829,-0.2910757064819336,-0.002526399887706532,0.09461194276809692,-0.403328537940979,-0.029465992211903824,0.10114380717277527,-0.4751042425632477,-0.04419551065524985,0.10658955574035645,-0.5399023592472076,-0.05630352741440703,0.02382117509841919,-0.2851564884185791,-0.010205819479729428,0.025714963674545288,-0.37199831008911133,-0.06771782806476523,0.02887427806854248,-0.2686694860458374,-0.08365080526431967,0.033888041973114014,-0.19344258308410645,-0.07919628193935324,-0.030094057321548462,-0.2598533034324646,-0.02234014517029692,-0.033078521490097046,-0.32173460721969604,-0.08307612708171774,-0.01813507080078125,-0.21848899126052856,-0.07546245327552725,-0.006079316139221191,-0.1587986946105957,-0.05308634808620383,-0.08255045115947723,-0.22151875495910645,-0.03623671850522925,-0.08517752587795258,-0.26859891414642334,-0.0781478958423989,-0.06618548929691315,-0.1980026364326477,-0.07190372815689017,-0.051716968417167664,-0.15646839141845703,-0.0572079906459706,-1.3257983423359392,-1.4690890969658394,1.4614701809462132,1.3374828446219826,1.1281691069288267,0.15551099250840336,0.2317177522856383,0.2825131496372181,0.31237724946855416,0.35400548950974575,0.39740945873251665,0.414828353992029,0.05289223688826837,0.09324863888147865,0.04569710733088085,T
0.0,0.0,0.0,0.07807750999927521,-0.07080864906311035,-0.02819845755711725,0.11238549649715424,-0.21361762285232544,-0.033494820121084956,0.11923442780971527,-0.32759952545166016,-0.03968237084463766,0.15218757092952728,-0.39275848865509033,-0.044608840021645335,0.08197738230228424,-0.2859666347503662,-0.0048044736044161596,0.09534548223018646,-0.3979852795600891,-0.03231011820152929,0.1021672934293747,-0.47121745347976685,-0.048082274618899135,0.1064382940530777,-0.5367098152637482,-0.06080072117165258,0.02575989067554474,-0.27890509366989136,-0.01117912051395109,0.02865801751613617,-0.3674356937408447,-0.06824074057058027,0.03179328143596649,-0.2657489776611328,-0.08506495622113874,0.035935208201408386,-0.1912807822227478,-0.08161793020681074,-0.028581812977790833,-0.25329113006591797,-0.02224143152252367,-0.029522210359573364,-0.321055144071579,-0.08460426447108915,-0.01617567241191864,-0.21638184785842896,-0.07750042644456556,-0.006927937269210815,-0.15640556812286377,-0.05522608873561552,-0.08228310942649841,-0.2153288722038269,-0.03508523968175581,-0.0811903327703476,-0.2683054804801941,-0.07954778638795545,-0.06371553242206573,-0.19578510522842407,-0.07316800323442152,-0.05263635516166687,-0.15269213914871216,-0.05798447248653105,-1.3521646542586179,-1.4735503879373564,1.4551897527130124,1.3509105296758437,1.128725666704441,0.15104628683655394,0.23261100152208478,0.2849218278641629,0.3155704245722807,0.3525505665606685,0.3968415588085672,0.4156613039381784,0.055258753136025546,0.0966126555419867,0.04585901242915579,T
0.0,0.0,0.0,0.07841861248016357,-0.07202571630477905,-0.027218873545919564,0.1114727258682251,-0.2145249843597412,-0.031690222144519,0.11834809184074402,-0.32729265093803406,-0.037041925758515504,0.15061643719673157,-0.39112749695777893,-0.04117667388955226,0.07956260442733765,-0.28432416915893555,-0.005378665335868504,0.09293931722640991,-0.39680910110473633,-0.03131453779379001,0.10055962204933167,-0.46945738792419434,-0.04585334745088687,0.10445147752761841,-0.5358811318874359,-0.05800470423737636,0.023444175720214844,-0.27806931734085083,-0.011590228349362519,0.026264876127243042,-0.3655540943145752,-0.06622251582184902,0.030194878578186035,-0.26294130086898804,-0.08143909734526744,0.033863604068756104,-0.18944621086120605,-0.07759143871108165,-0.030690088868141174,-0.2523424029350281,-0.022272356719170716,-0.031109020113945007,-0.3207002282142639,-0.08245627296010127,-0.016691207885742188,-0.2150799036026001,-0.07463718664685359,-0.007717147469520569,-0.15480756759643555,-0.052643285066281464,-0.08382938802242279,-0.21404623985290527,-0.03466234442630878,-0.08332458138465881,-0.26706868410110474,-0.07795888644496074,-0.06483255326747894,-0.1952286958694458,-0.07162039440909496,-0.05308011174201965,-0.15255695581436157,-0.05692552116552463,-1.3526740126069297,-1.472177969258036,1.453763481553928,1.3394767075497902,1.1070884260343896,0.15193688928828067,0.23303769052446552,0.28445849090265446,0.31370079239781984,0.3535531111246152,0.3972390487290946,0.4144316898837723,0.05411833797994843,0.09444589380643331,0.04541876023166681,T
0.0,0.0,0.0,0.07939714193344116,-0.0675966739654541,-0.027492680424899163,0.11585688591003418,-0.20760434865951538,-0.03345982621058852,0.12156596779823303,-0.31917667388916016,-0.040189268836826386,0.15505936741828918,-0.37808653712272644,-0.04542670289620787,0.08480435609817505,-0.28210335969924927,-0.006990298466831746,0.09796765446662903,-0.3915751576423645,-0.03505397851213843,0.10470527410507202,-0.46398743987083435,-0.05191009009823233,0.10885381698608398,-0.5309785008430481,-0.06591108332023055,0.02870190143585205,-0.2754831314086914,-0.014011367062181534,0.03312823176383972,-0.3580673038959503,-0.06844227651700407,0.036323726177215576,-0.2586830258369446,-0.08507773170813948,0.041222333908081055,-0.1901102066040039,-0.08400646487817198,-0.026159092783927917,-0.24971801042556763,-0.02563368419751555,-0.025904536247253418,-0.3169102668762207,-0.08497051785334975,-0.01358911395072937,-0.21403485536575317,-0.07695680002316863,-0.004339694976806641,-0.15701359510421753,-0.056355501363128724,-0.08106060326099396,-0.21221715211868286,-0.03916140163883597,-0.08160793781280518,-0.262090802192688,-0.08064056823596388,-0.06473293900489807,-0.1932826042175293,-0.07352685819014937,-0.0534001886844635,-0.15359503030776978,-0.05958856532916457,-1.3447748574444307,-1.4744627977847182,1.425178608308729,1.3396382606771475,1.1299272930706055,0.15972133689961154,0.21975889295700474,0.2725459718747548,0.3063524492518485,0.3475128940352657,0.3907205163217635,0.41078540162643234,0.05631415602559566,0.10142376389052846,0.049179453312400194,T
0.0,0.0,0.0,0.08079004287719727,-0.0742650032043457,-0.028014193272419163,0.1148577630519867,-0.21493470668792725,-0.03354789408130188,0.1221613883972168,-0.32836583256721497,-0.040383473953433224,0.15524107217788696,-0.39358580112457275,-0.04549290331286926,0.08448344469070435,-0.2854946255683899,-0.003253358865357825,0.09726071357727051,-0.39569127559661865,-0.030918396061487385,0.1037464439868927,-0.4688100814819336,-0.047199138423628995,0.10791736841201782,-0.5370089113712311,-0.060896010121531674,0.029037952423095703,-0.27960193157196045,-0.00994088126552839,0.030782103538513184,-0.3643338680267334,-0.06570023762268562,0.033748775720596313,-0.26310187578201294,-0.08235758261961479,0.0390857458114624,-0.1928771734237671,-0.08007412122768898,-0.02478545904159546,-0.2542988061904907,-0.021657855233378598,-0.028363794088363647,-0.3171386122703552,-0.08177708553356666,-0.014036089181900024,-0.2151305079460144,-0.07439181672615547,-0.001992166042327881,-0.15903359651565552,-0.05336507873816032,-0.07781660556793213,-0.21758520603179932,-0.03548672141713638,-0.08118879795074463,-0.26398706436157227,-0.07708099948448677,-0.06331203877925873,-0.1958882212638855,-0.07096222507042427,-0.049360573291778564,-0.15724897384643555,-0.057285998931355664,-1.3484868090028654,-1.4778931921583098,1.4554521679380519,1.3359497814956343,1.1301058731428109,0.1510288763480178,0.23189655684557117,0.2823774564091797,0.3125970717341907,0.35094792396104485,0.3936311019268453,0.4110400967003333,0.053223890690206284,0.0953526086063433,0.047402013495433985,T
0.0,0.0,0.0,0.0760294497013092,-0.07410693168640137,-0.024387283435881812,0.10754770040512085,-0.21574842929840088,-0.028343131950915534,0.11426639556884766,-0.32645243406295776,-0.03388828430217572,0.14670157432556152,-0.3860740661621094,-0.03839832935375043,0.0774945318698883,-0.28639620542526245,-0.004327092039257963,0.09089091420173645,-0.39776939153671265,-0.029847016743243415,0.09674414992332458,-0.4698562026023865,-0.04370354134482213,0.10160505771636963,-0.5334842205047607,-0.0551501290861971,0.02103734016418457,-0.27847886085510254,-0.01156016830247708,0.022761911153793335,-0.3633307218551636,-0.06677124667805501,0.02703404426574707,-0.26432543992996216,-0.08211259562414952,0.03357461094856262,-0.18996191024780273,-0.07802367228907414,-0.03261062502861023,-0.2520347237586975,-0.022967752254427154,-0.0354364812374115,-0.31684762239456177,-0.08192370105427571,-0.019053995609283447,-0.21691405773162842,-0.07521803695601292,-0.005553901195526123,-0.1552373170852661,-0.05414235610407658,-0.08486181497573853,-0.21277064085006714,-0.035944432205379684,-0.08698275685310364,-0.264326810836792,-0.07742197085064717,-0.0669817328453064,-0.19553375244140625,-0.07192251104754277,-0.05143330991268158,-0.15114659070968628,-0.0580243432883627,-1.3448451664685626,-1.473525577111094,1.4300952662900104,1.298233619352106,1.073761375690575,0.15415397955812693,0.22640160675281915,0.27652727632282137,0.30732450451363436,0.35019383108744956,0.39313326292940143,0.41182861134685633,0.05231479554498694,0.09345039133143125,0.046061417547831336,T
0.0,0.0,0.0,0.08194214105606079,-0.07339596748352051,-0.026820625640176843,0.11645126342773438,-0.21636468172073364,-0.031456626482032846,0.12359225749969482,-0.3298664093017578,-0.03757746843221099,0.15775319933891296,-0.3906916379928589,-0.042235482014440606,0.08460426330566406,-0.28439557552337646,-0.0021682756447276574,0.09626400470733643,-0.3944576382637024,-0.029415009073638032,0.10252118110656738,-0.46734750270843506,-0.04565060464265258,0.10639268159866333,-0.5355143249034882,-0.05946901021125228,0.029454529285430908,-0.2778213620185852,-0.009576275475048135,0.0322955846786499,-0.36471492052078247,-0.06472120014550597,0.03612664341926575,-0.26630765199661255,-0.08198689249875457,0.041713565587997437,-0.19691771268844604,-0.08061307249190719,-0.024377822875976562,-0.2522147297859192,-0.02186179114105613,-0.02482682466506958,-0.32176101207733154,-0.08272207108857543,-0.011316657066345215,-0.21907305717468262,-0.07636356679322631,-0.0004398822784423828,-0.16035324335098267,-0.05606516776206405,-0.07783479988574982,-0.21511518955230713,-0.0360145079863301,-0.07946883141994476,-0.2640112638473511,-0.07955895689847381,-0.06166812777519226,-0.19529640674591064,-0.07477387366416366,-0.04780358076095581,-0.1546834111213684,-0.061932425476335595,-1.3381634919917127,-1.48424768043186,1.42041393208467,1.3158781950812237,1.1095963800233282,0.15366038339975807,0.2258617513633656,0.27942946716084177,0.3129751954964654,0.34471880402934907,0.39007567703741997,0.4108633254718664,0.055802093015934084,0.09898007738590009,0.04770185459135124,T
0.0,0.0,0.0,0.08014491200447083,-0.07233202457427979,-0.02693850632191186,0.11399650573730469,-0.21689999103546143,-0.03205237063944821,0.12180665135383606,-0.3320482671260834,-0.03849749538481717,0.15570169687271118,-0.3950849771499634,-0.04343236509144788,0.08400580286979675,-0.2878342866897583,-0.004809684505616474,0.09610781073570251,-0.39925867319107056,-0.033231097193365144,0.10116162896156311,-0.472331702709198,-0.04990315336168294,0.10351881384849548,-0.5399722158908844,-0.0634939846712399,0.028272420167922974,-0.28088510036468506,-0.012042968453769731,0.02964279055595398,-0.367330402135849,-0.06845487180531507,0.03274226188659668,-0.2684251666069031,-0.08521074328005795,0.03837653994560242,-0.19753503799438477,-0.08314376595795636,-0.02550312876701355,-0.25537991523742676,-0.024073698477749872,-0.02815195918083191,-0.32288992404937744,-0.08416554603159909,-0.014502957463264465,-0.22220492362976074,-0.07717012885392194,-0.0023980140686035156,-0.16243982315063477,-0.05667539584815984,-0.07851850986480713,-0.2185644507408142,-0.03814685988605504,-0.08222001791000366,-0.2651888132095337,-0.08046116206229215,-0.06357039511203766,-0.19753634929656982,-0.07554158094704633,-0.04799138009548187,-0.15617376565933228,-0.06273739311278348,-1.3408795437974903,-1.493560052368136,1.450159865816119,1.3271336383872678,1.1157534790236137,0.15399793904688344,0.2297632932135669,0.2812815071758159,0.31395769871224893,0.348578164340451,0.3921085079467142,0.41262160543175974,0.05379812598953952,0.09576101744132373,0.04602193501087513,T
0.0,0.0,0.0,0.08264531195163727,-0.0746774673461914,-0.025659340018943766,0.11797536909580231,-0.21712154150009155,-0.03030951000244997,0.1255454570055008,-0.33202147483825684,-0.036888210619405726,0.15920911729335785,-0.3946720361709595,-0.04215374826879881,0.0846005529165268,-0.2845473289489746,-0.0012051103912078531,0.0965406745672226,-0.3971029818058014,-0.028559579099134424,0.10304607450962067,-0.4699113667011261,-0.04483411326499365,0.10633547604084015,-0.5385081470012665,-0.05843363567681692,0.02961467206478119,-0.2768521308898926,-0.00920442170889757,0.03176392614841461,-0.3664805293083191,-0.06522300332279585,0.03571854531764984,-0.2666251063346863,-0.08252904056997679,0.04017786681652069,-0.19570046663284302,-0.08071520417423628,-0.02350388467311859,-0.25171929597854614,-0.02192506990821741,-0.024483755230903625,-0.32055872678756714,-0.08340462535114668,-0.010579004883766174,-0.2167237401008606,-0.07652274012060545,-0.00121404230594635,-0.15658682584762573,-0.05541484295816801,-0.07660199701786041,-0.21590512990951538,-0.03641806408257864,-0.0786060243844986,-0.2641263008117676,-0.08011055230589292,-0.0604674369096756,-0.19300830364227295,-0.07470862060280226,-0.04786728322505951,-0.15039360523223877,-0.06108030914755247,-1.342604617473053,-1.4854206027375942,1.4413579974771784,1.3406447999766267,1.1574455811541084,0.15324636608444686,0.23185798255514314,0.28708911074878807,0.3202383291761736,0.34913311927953344,0.3967754962801611,0.41762589538700706,0.056948810666049766,0.09901848380892293,0.047062520861590795,T
0.0,0.0,0.0,0.07872635126113892,-0.07044696807861328,-0.0274585291248286,0.11157986521720886,-0.2128990888595581,-0.03281820113477352,0.11677548289299011,-0.3266042470932007,-0.03930245632943752,0.1485283076763153,-0.3914603292942047,-0.04436580757317188,0.08086192607879639,-0.2862166166305542,-0.0053591878589713815,0.09259036183357239,-0.3970639705657959,-0.032747651587101245,0.09778529405593872,-0.4698176681995392,-0.04874339620289447,0.10026466846466064,-0.5362882912158966,-0.06181827853140476,0.02507951855659485,-0.2790229916572571,-0.011749238843890453,0.026017963886260986,-0.36325135827064514,-0.067024081150862,0.02922266721725464,-0.26503950357437134,-0.0830448336404288,0.035186946392059326,-0.19499772787094116,-0.08045212099966648,-0.02874729037284851,-0.2531995177268982,-0.022815148482891345,-0.031094640493392944,-0.3213570713996887,-0.082187934915396,-0.017848461866378784,-0.22129452228546143,-0.07465014527258518,-0.0059435367584228516,-0.16222727298736572,-0.05380813325461986,-0.08152419328689575,-0.21565091609954834,-0.035901329616876865,-0.0841270387172699,-0.26530158519744873,-0.07856752643999698,-0.06497424840927124,-0.19694441556930542,-0.07322823921856525,-0.049225807189941406,-0.15416169166564941,-0.05978201622781398,-1.3667529046921145,-1.49336273681903,1.4510811888048867,1.325189853352955,1.0871384375492574,0.15265817182301053,0.22681229670316458,0.27642240290331815,0.3088969623788895,0.3474397192873546,0.38884679272802797,0.4103268701843375,0.05258915627264381,0.09377150324195233,0.04402736121736487,T
0.0,0.0,0.0,0.07686324417591095,-0.07334542274475098,-0.02396055554120391,0.109015092253685,-0.2156740427017212,-0.027103808346079283,0.11605991423130035,-0.3271968960762024,-0.0318565225329861,0.14803262054920197,-0.3862878680229187,-0.03570142072706073,0.07906027138233185,-0.2868909239768982,-0.0043887692604824835,0.09185425937175751,-0.3986637592315674,-0.0296590110388264,0.09694086015224457,-0.47109389305114746,-0.04357535821466296,0.10207892954349518,-0.534942239522934,-0.05523353499440997,0.022229745984077454,-0.281424343585968,-0.011492243605540686,0.023305758833885193,-0.36491096019744873,-0.06614406091241687,0.026979222893714905,-0.26625436544418335,-0.08159383815793841,0.032551541924476624,-0.19060099124908447,-0.07789716553954928,-0.03113435208797455,-0.25654149055480957,-0.022700269344137602,-0.03514944016933441,-0.32017600536346436,-0.07974138540296405,-0.01971229910850525,-0.22070997953414917,-0.0731768427517876,-0.007105499505996704,-0.15808433294296265,-0.0529787993159756,-0.08339238166809082,-0.21805256605148315,-0.03562998456029742,-0.08830930292606354,-0.2674080729484558,-0.07588340026407092,-0.06892317533493042,-0.19931143522262573,-0.07104357761411517,-0.05306938290596008,-0.15534484386444092,-0.05806299728422015,-1.345973298129229,-1.4782633658189948,1.4576349051351736,1.3314217819712988,1.1203863243324341,0.15559519235218203,0.22722067085066838,0.27594327264358154,0.3062298094587515,0.35129041104464853,0.39235586053823884,0.4100794821088033,0.0512836621392755,0.09259556521360514,0.04604544904349146,T
0.0,0.0,0.0,0.07888098061084747,-0.07771462202072144,-0.024978457002914567,0.11200951039791107,-0.21746230125427246,-0.030222646876252313,0.11959277093410492,-0.3294987678527832,-0.037335779502070565,0.15200583636760712,-0.391148179769516,-0.0431522019049293,0.08286865055561066,-0.2879560589790344,-0.004594005162841697,0.0956820696592331,-0.39838486909866333,-0.03286805002299609,0.10077403485774994,-0.4705503582954407,-0.04918349905220332,0.10381890833377838,-0.5375172197818756,-0.062327813341296334,0.026259228587150574,-0.28071099519729614,-0.012973413786864896,0.02798868715763092,-0.37051069736480713,-0.07053949309793772,0.031206980347633362,-0.2692635655403137,-0.08728742970434489,0.03683842718601227,-0.19424289464950562,-0.08413492514101328,-0.027487322688102722,-0.25503307580947876,-0.025747481717742104,-0.030242785811424255,-0.3242201805114746,-0.08622323347536387,-0.014810338616371155,-0.22192633152008057,-0.07873043788877787,-0.0021249502897262573,-0.1591741442680359,-0.05704541875330271,-0.08033910393714905,-0.2162979245185852,-0.040366623534835,-0.08324915170669556,-0.2671629786491394,-0.08237585051266016,-0.06299178302288055,-0.19751638174057007,-0.07630084825960459,-0.0471775084733963,-0.15311694145202637,-0.06211231274811091,-1.3444623407412843,-1.4870443106891256,1.4490533853417586,1.3121429191137601,1.087453811645486,0.15409696917031535,0.22811230445943392,0.27851077634887017,0.3103753780134752,0.3497479766201233,0.392896403609537,0.41299333150629874,0.05242100759843062,0.09354154943728019,0.045457922355154425,T
0.0,0.0,0.0,0.07771745324134827,-0.0763745903968811,-0.024175647082160356,0.1110692024230957,-0.22175627946853638,-0.028297196509669664,0.1182100772857666,-0.33517223596572876,-0.03431932012958372,0.1505088210105896,-0.39796221256256104,-0.03928193207306707,0.08222952485084534,-0.2931029200553894,-0.003278831852953079,0.09517720341682434,-0.4042777419090271,-0.029576921271513346,0.10054406523704529,-0.47768038511276245,-0.04445183034462774,0.10454678535461426,-0.5439547598361969,-0.05683021749777639,0.02513250708580017,-0.28692346811294556,-0.011578131834398153,0.02669423818588257,-0.377755343914032,-0.06780552248878324,0.030255496501922607,-0.2768710255622864,-0.08411090205831373,0.034439265727996826,-0.19925075769424438,-0.08075352142972791,-0.029003620147705078,-0.26085275411605835,-0.024103059800694826,-0.03144006431102753,-0.33291083574295044,-0.08333614598436201,-0.0154513418674469,-0.23077434301376343,-0.07670564334316099,-0.004110395908355713,-0.1649625301361084,-0.05584355946106756,-0.0821893960237503,-0.22109705209732056,-0.03831252585573042,-0.08496439456939697,-0.27655476331710815,-0.08008957784099424,-0.0642758458852768,-0.20858949422836304,-0.07531352471036756,-0.048909589648246765,-0.1626114845275879,-0.062187859224508646,-1.3505987876418408,-1.4820640348405616,1.4650389574247404,1.3168017840091018,1.0534632845805043,0.15305663194087982,0.23012688665034753,0.2796353952049984,0.3084763648908749,0.3517611595967863,0.3942606919451374,0.4110614949762581,0.051592237413740714,0.09104651575272305,0.04486084233713893,T
0.0,0.0,0.0,0.07946574687957764,-0.07619398832321167,-0.025465554667920998,0.11377164721488953,-0.2219446897506714,-0.03020177699467652,0.12001481652259827,-0.33648431301116943,-0.036413039190978935,0.15238255262374878,-0.40044867992401123,-0.04118636168381684,0.08216649293899536,-0.2941654920578003,-0.005475035513104132,0.09537580609321594,-0.4055390954017639,-0.03247671492239945,0.10287770628929138,-0.4768848419189453,-0.04768405772587769,0.1074637770652771,-0.5435841083526611,-0.06039197660824769,0.025427192449569702,-0.28802305459976196,-0.013314994162232807,0.0294019877910614,-0.3762879967689514,-0.06903354741475098,0.03400352597236633,-0.2713412642478943,-0.0845773658885669,0.03722250461578369,-0.1976279616355896,-0.08125081576249116,-0.028722792863845825,-0.2623395323753357,-0.025479470489830902,-0.028884559869766235,-0.3286125659942627,-0.08524015463730805,-0.012876719236373901,-0.22306114435195923,-0.07736206717631333,-0.0030358433723449707,-0.16244643926620483,-0.05592410929343217,-0.08247241377830505,-0.22405719757080078,-0.03943008102318757,-0.08174805343151093,-0.2737237811088562,-0.08149512775084489,-0.061248645186424255,-0.20322805643081665,-0.0754918447866153,-0.0485517680644989,-0.16080814599990845,-0.061730931623191765,-1.3577753018909775,-1.4697169793399016,1.4410432328683196,1.3191049078721175,1.0785299554102903,0.1500181564648943,0.23323396070089816,0.284253310221948,0.31273341159824386,0.3530148606031308,0.39683257037888864,0.41335007884022124,0.05346469955924922,0.09334304836074844,0.045545399387953774,T
0.0,0.0,0.0,0.08452729880809784,-0.07503873109817505,-0.025039613419053808,0.1217530220746994,-0.2169816493988037,-0.029408162631867185,0.1266493946313858,-0.33169400691986084,-0.03591776097643162,0.15765325725078583,-0.392276793718338,-0.04112544859277989,0.09149669110774994,-0.2892804741859436,0.0008592473484299035,0.10360629856586456,-0.39874500036239624,-0.025975758381960645,0.11154742538928986,-0.47183531522750854,-0.04284738580214764,0.11681611835956573,-0.5409598350524902,-0.05710924247729565,0.03605516254901886,-0.2849001884460449,-0.0074855700925269275,0.04091911017894745,-0.3740219473838806,-0.06225937808382298,0.04389239847660065,-0.2754557728767395,-0.08042453060376431,0.04647420346736908,-0.20472031831741333,-0.07964590767848279,-0.018201351165771484,-0.26153385639190674,-0.0205126182966211,-0.019013866782188416,-0.33437299728393555,-0.08024260977732922,-0.005096003413200378,-0.23039984703063965,-0.0745412168883064,0.003787204623222351,-0.1669047474861145,-0.05468150804269101,-0.07343098521232605,-0.22546547651290894,-0.03534002060520436,-0.0744725912809372,-0.2800809144973755,-0.07699223438727643,-0.056326672434806824,-0.21082884073257446,-0.07189332524764325,-0.04367877542972565,-0.16572129726409912,-0.05904197151291157,-1.368790823275754,-1.4705317482174913,1.4415745788113472,1.34248229454028,1.1087552479762217,0.15418923014657676,0.21803259725323995,0.27288701210223915,0.3030874137223339,0.3435185549645595,0.39075918911102625,0.4081207801301053,0.05702803931065106,0.0982266931497587,0.04748073100548101,T
0.0,0.0,0.0,0.07979726791381836,-0.06885778903961182,-0.025352133812276634,0.1175101101398468,-0.20875036716461182,-0.03028918467637709,0.12329766154289246,-0.31980395317077637,-0.036534864829746994,0.15423470735549927,-0.3767091631889343,-0.04158678688284567,0.08734771609306335,-0.2830182909965515,-0.006773855911461624,0.10048747062683105,-0.3927317261695862,-0.03397801555868796,0.10758641362190247,-0.4639294147491455,-0.04981198571798018,0.111898273229599,-0.5303284525871277,-0.06305506862875632,0.031648188829422,-0.27797114849090576,-0.014616560565201553,0.03571951389312744,-0.3618786334991455,-0.06896930225369147,0.03888848423957825,-0.2628325819969177,-0.08501550592657736,0.04353281855583191,-0.19371765851974487,-0.08320742882963827,-0.023285046219825745,-0.2540125250816345,-0.02670390196320227,-0.0231972336769104,-0.3244786262512207,-0.08684457875963858,-0.01005244255065918,-0.21908146142959595,-0.0798625279235523,4.5612454414367676e-05,-0.15745282173156738,-0.05947813801643065,-0.07893043756484985,-0.21775656938552856,-0.0403711091744583,-0.07935278117656708,-0.2684265971183777,-0.08355647362944296,-0.06067356467247009,-0.1976756453514099,-0.07826087661263159,-0.0468972772359848,-0.1538616418838501,-0.06514135785576514,-1.35553175284451,-1.4718501888038247,1.4306628636623735,1.3337210878080759,1.1060763247473624,0.15934635147910534,0.21387098673010302,0.26804406401874536,0.3001917603425,0.3434831321556051,0.38929070603909954,0.40858693861743206,0.05662398327370054,0.09882360187221405,0.04708005379333838,T
0.0,0.0,0.0,0.07975687086582184,-0.07540810108184814,-0.02594327508315253,0.11505134403705597,-0.21834158897399902,-0.030020061422435518,0.12162233889102936,-0.3312809467315674,-0.035468697089998,0.15240474045276642,-0.3953195810317993,-0.039314295638648744,0.08485846221446991,-0.2918128967285156,-0.0038657116315494733,0.09947668015956879,-0.401195764541626,-0.030817344326822038,0.10571931302547455,-0.47252029180526733,-0.04609049810871291,0.11059121787548065,-0.5389449000358582,-0.058781750042287584,0.028650090098381042,-0.2871507406234741,-0.011069570210127111,0.030517950654029846,-0.3739320635795593,-0.06551439641818213,0.03282667696475983,-0.27271145582199097,-0.08080125181779074,0.03863777220249176,-0.20171815156936646,-0.07761079399689841,-0.02564115822315216,-0.26273953914642334,-0.022892619956580873,-0.028674617409706116,-0.3285972476005554,-0.08195256768569159,-0.014920249581336975,-0.22432011365890503,-0.0743493097911756,-0.002659335732460022,-0.1652599573135376,-0.05333001865848708,-0.07905267179012299,-0.22538554668426514,-0.03661168320879149,-0.08289289474487305,-0.27313607931137085,-0.0779225262890737,-0.06449554860591888,-0.20321810245513916,-0.07197755156859564,-0.04974965751171112,-0.1621302366256714,-0.05837570085033583,-1.3627868412901718,-1.4670446622456588,1.4544174339605946,1.3392639102908184,1.1369786003147557,0.14958811092242208,0.22455386114417264,0.27743881882059307,0.3086157334954589,0.34481760138586054,0.3904691080096978,0.4095100571180924,0.0550876669699018,0.096848029102674,0.04719421105238934,T
0.0,0.0,0.0,0.08001625537872314,-0.07033520936965942,-0.025999179193760824,0.11622065305709839,-0.20974797010421753,-0.03204441451468654,0.12261754274368286,-0.32268762588500977,-0.03967975088396258,0.15722644329071045,-0.38081640005111694,-0.046303104693080854,0.08751535415649414,-0.2819259762763977,-0.004322452554490042,0.10139736533164978,-0.391977459192276,-0.0324359015468616,0.10822325944900513,-0.4654352068901062,-0.049510672772314024,0.11283612251281738,-0.532689243555069,-0.0636035540048141,0.03178390860557556,-0.2776221036911011,-0.012399385767068338,0.0363103449344635,-0.3647615313529968,-0.0679883995000381,0.038087815046310425,-0.26707690954208374,-0.08562499665656276,0.04215329885482788,-0.19664746522903442,-0.08455029510894008,-0.02300262451171875,-0.25361567735671997,-0.02496950895526595,-0.022748559713363647,-0.3291873335838318,-0.08575804167428203,-0.011300891637802124,-0.2260625958442688,-0.07900630318560786,-0.002322942018508911,-0.1629282832145691,-0.05836867549457736,-0.07841786742210388,-0.21628379821777344,-0.039255503648902845,-0.08110561966896057,-0.27491891384124756,-0.08272553616204448,-0.06351998448371887,-0.205988347530365,-0.07724362247624583,-0.05007876455783844,-0.15975236892700195,-0.06372085594573207,-1.3355312255876652,-1.4701626287225498,1.4434322493479155,1.346597291227482,1.106110709667871,0.15822724535534374,0.21716359069572866,0.2700578416027331,0.30305899600238523,0.3433950179323954,0.38727868252159053,0.4069682701226167,0.05581325324640839,0.09933781582305075,0.0478613102408397,T
0.0,0.0,0.0,0.07919968664646149,-0.06911051273345947,-0.023586802073033653,0.11936955153942108,-0.20704424381256104,-0.028419203944714866,0.12810872495174408,-0.31709325313568115,-0.03496216412654718,0.1607828587293625,-0.3721386194229126,-0.04045101430288156,0.09243164956569672,-0.2821149230003357,-0.006175794527145229,0.10694034397602081,-0.3908739686012268,-0.033013557903679214,0.11415533721446991,-0.4621390104293823,-0.048879058920057616,0.11826007068157196,-0.5272406041622162,-0.061933515481861434,0.03588147461414337,-0.2766358256340027,-0.014528578967066608,0.03989093005657196,-0.3591213822364807,-0.06766395073405107,0.04138977825641632,-0.26176077127456665,-0.08364122163525423,0.045643940567970276,-0.19199615716934204,-0.08222618501654466,-0.01919570565223694,-0.25276434421539307,-0.026973428093107543,-0.019472703337669373,-0.3228927254676819,-0.08460733842125734,-0.006385922431945801,-0.22184228897094727,-0.07850672852269014,0.0043594688177108765,-0.15999054908752441,-0.059572012983473144,-0.07457894086837769,-0.21650534868240356,-0.04091228719821771,-0.07565398514270782,-0.26938575506210327,-0.08171049308052858,-0.05821730196475983,-0.2023763656616211,-0.07671917777529558,-0.04466424882411957,-0.1578301191329956,-0.06441519211998781,-1.3250213394306452,-1.4658156220359888,1.4559622747639611,1.322151389836589,1.0993116232700766,0.16082541208847712,0.21379494190030518,0.26358126006695054,0.2968781691175782,0.3430188647760259,0.3845074122267527,0.4037430375076661,0.05223759715362945,0.09655509943228602,0.04907129862775534,T
0.0,0.0,0.0,0.08583508431911469,-0.05634850263595581,-0.027930141015872323,0.12946943938732147,-0.188326895236969,-0.03215218014918264,0.14186428487300873,-0.2975170612335205,-0.03672904573284086,0.17251397669315338,-0.36159491539001465,-0.03988466463886198,0.10268278419971466,-0.2603771686553955,-0.00627946952261027,0.11759297549724579,-0.3690740466117859,-0.030806400402411782,0.12556777894496918,-0.44266849756240845,-0.04574259795151647,0.13255156576633453,-0.509017676115036,-0.05902367882333692,0.04717503488063812,-0.2595696449279785,-0.011874765678271615,0.050691887736320496,-0.3436643183231354,-0.061031852438077294,0.048695340752601624,-0.25110870599746704,-0.07713795132838186,0.05232514441013336,-0.18289458751678467,-0.07688487000666555,-0.007418796420097351,-0.23869097232818604,-0.0221540206661075,-0.008195027709007263,-0.3094078600406647,-0.07697488047085699,-0.00027860701084136963,-0.21063697338104248,-0.07287442363701757,0.010649368166923523,-0.15436530113220215,-0.05631018109522756,-0.060702890157699585,-0.20302367210388184,-0.03437523595891889,-0.061921194195747375,-0.25417560338974,-0.07456433452568945,-0.04876433312892914,-0.18816345930099487,-0.07145416416130956,-0.03521279990673065,-0.14751994609832764,-0.061091382577046716,-1.3272982308863617,-1.4512408443229623,1.5037290740585254,1.3597213852418706,1.1402767177387896,0.15274313296142264,0.2153582192245186,0.2629529701653727,0.29829265192728915,0.3358460176933555,0.3750179367184061,0.3985291597824667,0.05050535127179712,0.0944153427717487,0.04637022046481875,T
0.0,0.0,0.0,0.08339020609855652,-0.06014901399612427,-0.02513093234991004,0.1232626736164093,-0.19575631618499756,-0.029007672462810774,0.1338663101196289,-0.30636343359947205,-0.03407548846696784,0.16681629419326782,-0.3639771640300751,-0.0383126932570832,0.0963464081287384,-0.26481562852859497,-0.0046565887892739966,0.11252844333648682,-0.3736557364463806,-0.029755038339843054,0.11994987726211548,-0.4470149576663971,-0.04533574091290404,0.12625417113304138,-0.5135402381420135,-0.0589866574296849,0.041178375482559204,-0.2626485824584961,-0.011913827751030226,0.04596441984176636,-0.35211271047592163,-0.06239660935496261,0.045369625091552734,-0.2603647708892822,-0.0792461905071633,0.04883500933647156,-0.19145792722702026,-0.07921673091148307,-0.01374402642250061,-0.24112945795059204,-0.023397854659904738,-0.014640271663665771,-0.32004207372665405,-0.07891932608579566,-0.005531132221221924,-0.2206241488456726,-0.07388404490446021,0.003727465867996216,-0.15940642356872559,-0.05630267145131995,-0.06863275170326233,-0.20574909448623657,-0.036579151768435736,-0.07198111712932587,-0.2662900686264038,-0.07644498081897666,-0.05780628323554993,-0.20234203338623047,-0.0721855136940377,-0.045423299074172974,-0.15777617692947388,-0.060941697228898306,-1.3174519671163276,-1.451126391716036,1.4636570540654052,1.3601778732087788,1.1201898864152227,0.15496579933961607,0.2090035182564375,0.2616240695681778,0.295912980505403,0.3312563080420143,0.3747313065749046,0.3950205324121629,0.05533524522867925,0.10009539953235837,0.04917779375394101,T
0.0,0.0,0.0,0.08811524510383606,-0.06500738859176636,-0.024025889148862944,0.13034868240356445,-0.20311522483825684,-0.026644125616105185,0.1406114101409912,-0.31712138652801514,-0.030973790248783217,0.17117133736610413,-0.3804600238800049,-0.03416022661879836,0.10368886590003967,-0.28033673763275146,0.0006935200300794975,0.11941146850585938,-0.38759100437164307,-0.023442924057992087,0.12723249197006226,-0.4608708322048187,-0.0393335968609172,0.13329648971557617,-0.5281648635864258,-0.053304888343365775,0.048724859952926636,-0.2781388759613037,-0.006790743244739161,0.051648467779159546,-0.3611491918563843,-0.055556919461043464,0.0514281690120697,-0.27208077907562256,-0.07358461249426185,0.054237931966781616,-0.20482462644577026,-0.07523835826471625,-0.005880922079086304,-0.255859911441803,-0.01880121420875369,-0.008965983986854553,-0.3285106420516968,-0.07127551365450202,0.004099428653717041,-0.23194515705108643,-0.068637009745391,0.016207650303840637,-0.16991817951202393,-0.05406309667781173,-0.0605819970369339,-0.21892285346984863,-0.03274094316914855,-0.06575612723827362,-0.2740703225135803,-0.07056781280592261,-0.049441829323768616,-0.21063244342803955,-0.06869268793419181,-0.033256664872169495,-0.16492509841918945,-0.05992728847816764,-1.3445493361852408,-1.4518915106553918,1.4957397647675583,1.3192234683302313,1.102323857103684,0.15248351962507356,0.21100050741683976,0.2614222877602486,0.29706247186834434,0.33286508454251373,0.3768958516156572,0.399603654014673,0.051621336295189744,0.09616276208987812,0.049715684996098436,T
0.0,0.0,0.0,0.08628745377063751,-0.06632375717163086,-0.026221124956030906,0.1274479478597641,-0.2052304744720459,-0.029349620023388923,0.13872544467449188,-0.3184998333454132,-0.03354816747607714,0.17227675020694733,-0.3745768070220947,-0.03639509020151621,0.09854407608509064,-0.2760520577430725,-0.000539069913905621,0.11577607691287994,-0.38440951704978943,-0.025172235944886268,0.1250646859407425,-0.4573359489440918,-0.04073916611971384,0.1321970373392105,-0.5246517062187195,-0.054496652016062797,0.044194117188453674,-0.27475506067276,-0.006785547395814717,0.0486898273229599,-0.36137694120407104,-0.0584951774567557,0.047203078866004944,-0.2675754427909851,-0.07604287056030756,0.04952879250049591,-0.19831812381744385,-0.07583213833870417,-0.009788081049919128,-0.2544976472854614,-0.01772812058927542,-0.011554315686225891,-0.3293134570121765,-0.07422700760664469,-0.0016551017761230469,-0.22941982746124268,-0.06988977877201563,0.007882878184318542,-0.1683695912361145,-0.05229534072579867,-0.06436611711978912,-0.22042113542556763,-0.030577928328533233,-0.06720361113548279,-0.27695876359939575,-0.07120807705225474,-0.0532895028591156,-0.21079277992248535,-0.06785933164658076,-0.04056327044963837,-0.1662731170654297,-0.05693092433514124,-1.3120153253550044,-1.4362441332155897,1.5011174621499448,1.3684338564276384,1.156634252105228,0.15533466693702766,0.21478869738918355,0.2637171989097379,0.2978108487658874,0.3366417171230622,0.377347261316239,0.39784587104907887,0.05129616733251455,0.09562145295041061,0.04849148916471625,T
0.0,0.0,0.0,0.08630678057670593,-0.06666022539138794,-0.024398337244960544,0.12636679410934448,-0.20380592346191406,-0.028162225276204822,0.13685566186904907,-0.31662511825561523,-0.03367378482219863,0.1697019338607788,-0.37324559688568115,-0.03820314922926116,0.09973537921905518,-0.2766626477241516,-0.0005206735906853055,0.11489194631576538,-0.3845648169517517,-0.026104345113012073,0.12354400753974915,-0.45734500885009766,-0.04278034263846564,0.13062024116516113,-0.5244558453559875,-0.057289525061818836,0.04396873712539673,-0.27557510137557983,-0.008302484765621898,0.049388229846954346,-0.36114752292633057,-0.060678380668136356,0.0482448935508728,-0.2674654722213745,-0.07874594920870948,0.04918849468231201,-0.19847148656845093,-0.07912190550563025,-0.011380434036254883,-0.25502216815948486,-0.020527686119052646,-0.013434961438179016,-0.3282180726528168,-0.07579692745206046,-0.001879364252090454,-0.22910994291305542,-0.07078131580350089,0.007174000144004822,-0.16703569889068604,-0.05334391364452529,-0.06695254147052765,-0.22073125839233398,-0.03464075469968009,-0.07065887749195099,-0.2780798077583313,-0.07316110575196433,-0.05482169985771179,-0.2122119665145874,-0.06857274764773535,-0.04150719940662384,-0.16673529148101807,-0.05728615367409873,-1.320408038250281,-1.4467961361581885,1.5032015019400564,1.362963109759984,1.1304159973268053,0.15617912135239617,0.21229573396514914,0.262560185994279,0.295390934549276,0.33600138617179603,0.3781377203103798,0.39697840049857663,0.052473102616778435,0.09608795452553577,0.048682126435683884,T
0.0,0.0,0.0,0.08432722091674805,-0.0675039291381836,-0.02670419919882505,0.12633934617042542,-0.2045535445213318,-0.03158355649207323,0.13866865634918213,-0.31663933396339417,-0.03771973918770044,0.17314156889915466,-0.37340226769447327,-0.04259313042853563,0.10335603356361389,-0.2792506217956543,-0.0024260101432034276,0.11845794320106506,-0.38739460706710815,-0.029009742248994996,0.1265496015548706,-0.461869478225708,-0.04586182679627626,0.1335623860359192,-0.529010683298111,-0.06013833503816812,0.04729989171028137,-0.2790667414665222,-0.009526325907749822,0.05150669813156128,-0.36659547686576843,-0.063356296677334,0.04806774854660034,-0.2745819687843323,-0.08152336772177904,0.04984629154205322,-0.2035541534423828,-0.08127709623072832,-0.00845019519329071,-0.2587963342666626,-0.021437190059764077,-0.010480120778083801,-0.3319450616836548,-0.07903503026459902,-0.0006234049797058105,-0.2329583764076233,-0.07517837877963274,0.010181069374084473,-0.16900813579559326,-0.057611113000852754,-0.06428682804107666,-0.22410428524017334,-0.03530027862284868,-0.06750364601612091,-0.27974778413772583,-0.07566784467194765,-0.05228602886199951,-0.21387702226638794,-0.07212849106286257,-0.03705541789531708,-0.1671459674835205,-0.06098475079630106,-1.300400484034789,-1.450439385353292,1.5370875723898136,1.3661974608012342,1.1248268761138764,0.16056304282989864,0.20988117431907927,0.26140597843231733,0.29449012654787937,0.3360510932924313,0.38055851522401973,0.40007062822693207,0.052599973240360254,0.09422029031982566,0.047273178445867405,T
0.0,0.0,0.0,0.08719787001609802,-0.06166571378707886,-0.025209934252366395,0.13227948546409607,-0.19530534744262695,-0.02953322305069861,0.1448552906513214,-0.3055737018585205,-0.03560203014598784,0.1778823733329773,-0.3648938238620758,-0.04054381026612219,0.1080775260925293,-0.2703402638435364,-0.0013296328597292018,0.12617352604866028,-0.37641555070877075,-0.028722471359238,0.13354551792144775,-0.449562132358551,-0.04690624101744589,0.13846543431282043,-0.5154142379760742,-0.061882712679967256,0.05251315236091614,-0.27078956365585327,-0.009580280433461041,0.057417333126068115,-0.35939115285873413,-0.06132608725415167,0.05497339367866516,-0.27077287435531616,-0.0808534033475965,0.05760395526885986,-0.20160764455795288,-0.08284330441342291,-0.003571063280105591,-0.24982959032058716,-0.022569441038235993,-0.004951387643814087,-0.3257620930671692,-0.07852031363831458,0.005105763673782349,-0.22696542739868164,-0.07602892144308981,0.016425728797912598,-0.16376745700836182,-0.06058434842811522,-0.0599915087223053,-0.2136581540107727,-0.037431572365626664,-0.06277017295360565,-0.2695200443267822,-0.07730908020125327,-0.04856109619140625,-0.20477509498596191,-0.07451830877648291,-0.0342988520860672,-0.1589314341545105,-0.06459814383374152,-1.3081070289741388,-1.4474311503388708,1.4973429729688545,1.3424943411561236,1.1318680849138447,0.1555959194412512,0.20280353597446174,0.2579148377048071,0.2957048839542194,0.3240573357692478,0.37222190731755667,0.3961407427612065,0.055924289258611495,0.10132810535145577,0.05095458981189409,T
0.0,0.0,0.0,0.08243384957313538,-0.05930072069168091,-0.024421048275463875,0.12493032217025757,-0.19426566362380981,-0.028710708878271873,0.13623788952827454,-0.3058847486972809,-0.034592539928191,0.1717526912689209,-0.36068204045295715,-0.03976849552177697,0.09851011633872986,-0.26761606335639954,-0.0023494448226770714,0.11406326293945312,-0.3740640878677368,-0.02687586370789319,0.12244212627410889,-0.4464973211288452,-0.0427877315499714,0.12910345196723938,-0.5129274427890778,-0.057065286598437126,0.04312083125114441,-0.2665678858757019,-0.010347222834163006,0.04977354407310486,-0.35248565673828125,-0.05959151025795251,0.050779759883880615,-0.2606961131095886,-0.07670610483669549,0.05391189455986023,-0.1933942437171936,-0.07765112902902871,-0.012824386358261108,-0.24606823921203613,-0.022551559767954643,-0.013188451528549194,-0.3219682574272156,-0.07679512437366753,-0.0036808550357818604,-0.22365713119506836,-0.07099751468681603,0.005113810300827026,-0.1633121371269226,-0.05362904157423287,-0.06961281597614288,-0.21254265308380127,-0.03650321151994973,-0.07310542464256287,-0.2707973122596741,-0.07475505109810143,-0.05825839936733246,-0.2066512107849121,-0.06939563985847741,-0.045953214168548584,-0.16280782222747803,-0.057973769418232735,-1.2965299637461967,-1.446724659134685,1.4243796636515635,1.3573387230462184,1.1267648295635295,0.15810635706858636,0.2046256589622433,0.25830872108627456,0.2941939283885596,0.3282609261158866,0.3709505266121178,0.3914442298217912,0.05732526636885458,0.10444409567267768,0.05106951460189933,T
0.0,0.0,0.0,0.08558845520019531,-0.04853874444961548,-0.02730214630175709,0.1309422254562378,-0.1844683289527893,-0.03204719942916512,0.14552924036979675,-0.2983112335205078,-0.037363658071647876,0.17986330389976501,-0.36195629835128784,-0.042098002852092975,0.1064642071723938,-0.26058995723724365,-0.008448769682239288,0.12283024191856384,-0.36837661266326904,-0.03478675928820252,0.1299743354320526,-0.4438195526599884,-0.051578721375356906,0.13649436831474304,-0.510184109210968,-0.06597198394049286,0.05038720369338989,-0.260698139667511,-0.014718071901391738,0.05553510785102844,-0.34931808710098267,-0.06502489593733429,0.054310739040374756,-0.2617948651313782,-0.0832964390229094,0.05786162614822388,-0.19180452823638916,-0.08498398807753205,-0.00543665885925293,-0.24012798070907593,-0.02533075992871403,-0.0068007707595825195,-0.317668616771698,-0.0803296997856009,0.003027811646461487,-0.222009539604187,-0.07810580578554749,0.014608144760131836,-0.15913289785385132,-0.06319659051407456,-0.0606510192155838,-0.20512455701828003,-0.03770423528660416,-0.0644596517086029,-0.2651683986186981,-0.07736685720194458,-0.05040697753429413,-0.20223510265350342,-0.07510596361864685,-0.03613908588886261,-0.15501874685287476,-0.06585648504007935,-1.3018441406909864,-1.451055933173412,1.4627267740131964,1.3281891963412562,1.1158232330909519,0.1544420554319027,0.20937056681258762,0.26162301009584193,0.2991323830924305,0.32794613234824815,0.3716089402688042,0.39489839722291115,0.05420607977010692,0.10094219918089248,0.050913727588942824,T
0.0,0.0,0.0,0.08654995262622833,-0.05858653783798218,-0.021794384332492367,0.13135521113872528,-0.2003343105316162,-0.022187821554138676,0.14175547659397125,-0.3196924328804016,-0.024428782971694485,0.17389251291751862,-0.3791504502296448,-0.02584013527829887,0.10497055947780609,-0.2772907018661499,0.0040080440359866465,0.1215348094701767,-0.3869593143463135,-0.018134968342378155,0.12942816317081451,-0.46109503507614136,-0.03241922518809082,0.13638125360012054,-0.5292234420776367,-0.04570495149691345,0.049448832869529724,-0.27814245223999023,-0.004011605853333489,0.05637900531291962,-0.37072989344596863,-0.05299579909641983,0.05422331392765045,-0.27864688634872437,-0.06990015319187881,0.05489806830883026,-0.20855873823165894,-0.06959594598610641,-0.0053221434354782104,-0.259178102016449,-0.01622302642662765,-0.0066144466400146484,-0.3360944986343384,-0.06898749432165863,0.0032846182584762573,-0.23715448379516602,-0.06417731008131744,0.011369064450263977,-0.17623132467269897,-0.047237521024539486,-0.060828521847724915,-0.226692795753479,-0.030058836551501766,-0.06270961463451385,-0.28875893354415894,-0.06764221003849746,-0.0499846488237381,-0.2210693359375,-0.06311528942187072,-0.0389275848865509,-0.1746397614479065,-0.052034476759030834,-1.3372541026304405,-1.446757515681537,1.4926438925472811,1.3722203491742442,1.1725371247186787,0.15469000438872751,0.2079932932816199,0.25998085086883593,0.29515591787276557,0.33085549984523965,0.37447494226725087,0.39555375794002057,0.05422025308250697,0.09976848291718521,0.0503218243708337,T
0.0,0.0,0.0,0.08334219455718994,-0.0618249773979187,-0.024759379305628215,0.12673428654670715,-0.20098739862442017,-0.028903470464733516,0.139230877161026,-0.31487181782722473,-0.034378518440512096,0.17520561814308167,-0.3728155493736267,-0.038898752161053096,0.10153219103813171,-0.27521812915802,-0.004835836213764821,0.11636093258857727,-0.38579362630844116,-0.029739820488480007,0.12436184287071228,-0.45900046825408936,-0.044658416040924465,0.1315692663192749,-0.5268730521202087,-0.05810478059270707,0.04533502459526062,-0.27477359771728516,-0.012675983921376144,0.05077242851257324,-0.36104726791381836,-0.0634087259850773,0.04830661416053772,-0.26509416103363037,-0.07924835486033288,0.05008688569068909,-0.19691962003707886,-0.07859086347439614,-0.0102967768907547,-0.25458699464797974,-0.024675118827012454,-0.012371301651000977,-0.3266336917877197,-0.0798463086567196,-0.003054499626159668,-0.22398221492767334,-0.0732193822942051,0.006898105144500732,-0.16360855102539062,-0.05504051325538484,-0.06583069264888763,-0.22118759155273438,-0.03844507140734521,-0.07101219892501831,-0.2779684066772461,-0.07759995860674707,-0.05654704570770264,-0.20981788635253906,-0.07211215151169625,-0.04272165894508362,-0.1652321219444275,-0.060287092902449047,-1.295848849724367,-1.452000151110076,1.5098363909518824,1.384000179736361,1.1791423120555644,0.16011822305098247,0.21585660788509864,0.2685050969528257,0.3009703929663441,0.3398656288834432,0.3840624899470575,0.4014492359040063,0.054542626300612566,0.0980689731402445,0.049646318804470756,T
0.0,0.0,0.0,0.08621102571487427,-0.05939608812332153,-0.02321651979062267,0.12824317812919617,-0.19677001237869263,-0.02612973219427772,0.1391027271747589,-0.3112253248691559,-0.03077344252440639,0.17410314083099365,-0.36760878562927246,-0.0345694686350555,0.10195490717887878,-0.2693191170692444,8.618437797736078e-05,0.11681467294692993,-0.3782384991645813,-0.023209799366924244,0.12593364715576172,-0.4522603154182434,-0.03837876795503803,0.13355043530464172,-0.5195012390613556,-0.05223485483500667,0.04640674591064453,-0.2681165337562561,-0.007700222364547926,0.052617281675338745,-0.351899653673172,-0.05763498722288318,0.051248520612716675,-0.25592297315597534,-0.07502222834799,0.05084824562072754,-0.18517053127288818,-0.07508624373647876,-0.008646592497825623,-0.2478085160255432,-0.019586511242124516,-0.009958773851394653,-0.3187596797943115,-0.07209377764436908,0.0017235875129699707,-0.22014862298965454,-0.06721347599003025,0.010286331176757812,-0.15947359800338745,-0.05040211631629177,-0.06418801844120026,-0.21430552005767822,-0.0332678745565147,-0.06663542985916138,-0.2715081572532654,-0.07039966462824054,-0.05097383260726929,-0.20614945888519287,-0.06607297836515613,-0.038094907999038696,-0.16031140089035034,-0.05516967951032825,-1.3085390523528404,-1.4451712707910536,1.5173005358638239,1.3596595626365524,1.120631493351093,0.15721272001693934,0.22017149190096896,0.2648701633883184,0.29664830632732336,0.344407715286478,0.38054427034474575,0.3980947923838633,0.0480166771321912,0.09235183235434667,0.04838849261821482,T
0.0,0.0,0.0,0.08453500270843506,-0.053183674812316895,-0.029345683030470582,0.12982580065727234,-0.19263893365859985,-0.035060187078698846,0.14418652653694153,-0.3067474961280823,-0.04099949935792324,0.17883381247520447,-0.37107574939727783,-0.04585339987991688,0.10568949580192566,-0.27159345149993896,-0.009727281726583215,0.1216050386428833,-0.3817707300186157,-0.03680643180726406,0.12915346026420593,-0.45791131258010864,-0.053480238862022134,0.13620492815971375,-0.5250379741191864,-0.06767711529849407,0.048756420612335205,-0.2709038257598877,-0.0156443353962743,0.0540446937084198,-0.3595625162124634,-0.06833203623412487,0.05254325270652771,-0.26735639572143555,-0.08657897005198834,0.05580177903175354,-0.1962847113609314,-0.08718011269687054,-0.007758885622024536,-0.24910950660705566,-0.026097973085626336,-0.008124232292175293,-0.32315006852149963,-0.0836271021735513,0.002369493246078491,-0.2236102819442749,-0.08123526463626263,0.013419270515441895,-0.16115736961364746,-0.06516287217257855,-0.06302110850811005,-0.21198129653930664,-0.03842033559797642,-0.06439131498336792,-0.2692626118659973,-0.08000346759675381,-0.04993532598018646,-0.20363998413085938,-0.07762941459535,-0.03702245652675629,-0.1573503017425537,-0.06751370916484234,-1.3027537634701458,-1.4509703291819285,1.4766577936323178,1.3345027748369775,1.1266174859673108,0.15975477588886963,0.21374935843425105,0.26725960574456914,0.30376388172832375,0.33844257144143564,0.38403829504159187,0.40645042898619294,0.05504731752198018,0.10065896363142897,0.05058519143756146,T
0.0,0.0,0.0,0.08534631133079529,-0.06595683097839355,-0.02393816786924674,0.12717950344085693,-0.2031625509262085,-0.028057031362450857,0.13881418108940125,-0.3159242868423462,-0.03419269996801688,0.17559701204299927,-0.36790192127227783,-0.039543081103957434,0.0997917652130127,-0.2732752561569214,-0.0021622304629005384,0.11588576436042786,-0.38382989168167114,-0.028013315080798407,0.12447836995124817,-0.4581577777862549,-0.04435844722310378,0.13143497705459595,-0.5248018801212311,-0.058512486546433706,0.04288861155509949,-0.27002018690109253,-0.01061089898566081,0.04771038889884949,-0.3574000597000122,-0.0643110871605046,0.04729354381561279,-0.26427072286605835,-0.08290528508941009,0.04952120780944824,-0.19292491674423218,-0.08330540361920669,-0.013035163283348083,-0.24813824892044067,-0.023243928357160826,-0.013715952634811401,-0.3253038227558136,-0.08146506550828292,-0.003004729747772217,-0.22553491592407227,-0.07719311121026351,0.006429433822631836,-0.16104114055633545,-0.05935433509866073,-0.06902290880680084,-0.2135818600654602,-0.03741708028236701,-0.07088176906108856,-0.27154070138931274,-0.07875351610699965,-0.05503836274147034,-0.20565783977508545,-0.07487637552539184,-0.04153530299663544,-0.15850496292114258,-0.06343783441106154,-1.2849418200320961,-1.4456491676981682,1.4849764689711042,1.3509276325624435,1.1078874890170978,0.16299657180787633,0.21566654939221425,0.2672247221335506,0.3016513358186538,0.34183648783049064,0.3846404314259205,0.4050828919261957,0.05360481479616134,0.0973448580119261,0.048031741329446154,T
0.0,0.0,0.0,0.08551916480064392,-0.05192607641220093,-0.029129089425978805,0.12893947958946228,-0.18978089094161987,-0.03460130618113055,0.14161884784698486,-0.302997887134552,-0.04010068402784839,0.1762612760066986,-0.36498934030532837,-0.044933752726493026,0.10053625702857971,-0.2612832188606262,-0.012479419458387042,0.116310715675354,-0.3733074367046356,-0.03845745475190654,0.12408939003944397,-0.4478682577610016,-0.05399654210704341,0.13153547048568726,-0.5145643055438995,-0.06766719148653522,0.04292130470275879,-0.25959569215774536,-0.018207799281654502,0.048194050788879395,-0.34640300273895264,-0.06979195551174655,0.04793480038642883,-0.251228928565979,-0.08695998565453067,0.051200032234191895,-0.17914408445358276,-0.08702454493540301,-0.012580126523971558,-0.2371768355369568,-0.028171823929724837,-0.0135468989610672,-0.31106796860694885,-0.08407645450132861,-0.00255584716796875,-0.21076619625091553,-0.08019071594971194,0.00823211669921875,-0.14923429489135742,-0.06349897907274737,-0.0667102187871933,-0.19977200031280518,-0.04004969970482364,-0.06987562775611877,-0.25904524326324463,-0.08084103242653384,-0.05466298758983612,-0.19248729944229126,-0.0775854565312244,-0.04128110408782959,-0.14566588401794434,-0.0669694595147945,-1.307001958825165,-1.4490114490370192,1.4682540570414668,1.3384143923981906,1.1314469439688022,0.15611876218322737,0.22400619146918047,0.2734667036389679,0.3089133626359278,0.34490651973445907,0.38557714369290297,0.40737159185645877,0.052353006380504934,0.09835420926336148,0.049641641681842964,T
0.0,0.0,0.0,0.08670714497566223,-0.06589531898498535,-0.02638572327222022,0.12889587879180908,-0.20380091667175293,-0.03196294664765986,0.13839882612228394,-0.31848523020744324,-0.03916662990476283,0.17024889588356018,-0.37943917512893677,-0.04553579598094615,0.10069811344146729,-0.27754396200180054,-0.006092013915882433,0.11729660630226135,-0.38851606845855713,-0.033429742449776256,0.12476915121078491,-0.46359384059906006,-0.050866712475077236,0.13121077418327332,-0.5317577719688416,-0.06550220086599978,0.043877750635147095,-0.27334749698638916,-0.01375586319144162,0.04863026738166809,-0.3630930781364441,-0.06691110565687808,0.05039563775062561,-0.27415478229522705,-0.08530597075249347,0.05575847625732422,-0.2036840319633484,-0.08627500816609057,-0.012572497129440308,-0.2507885694503784,-0.02593057475413474,-0.013326048851013184,-0.3271034061908722,-0.08234654053475055,-0.0005093216896057129,-0.232441246509552,-0.07861493214394244,0.011583670973777771,-0.1679452657699585,-0.06196552574063929,-0.06916852295398712,-0.21590638160705566,-0.04012455850268992,-0.07116813957691193,-0.2765604853630066,-0.0791667668464342,-0.05374370515346527,-0.2140095829963684,-0.07559290959860476,-0.038326576352119446,-0.16599321365356445,-0.06513358339096698,-1.3395634128856917,-1.4513402421267578,1.4018769442379448,1.2870741078899646,1.0173102277053665,0.15724162899551716,0.2097568271483626,0.26439426486142914,0.2984340900240502,0.3366384234508861,0.3829754345764329,0.4031459107396854,0.05682141172889874,0.10135381053213009,0.04994840633691278,T
0.0,0.0,0.0,0.08754070103168488,-0.0651320219039917,-0.024973701382101865,0.12920917570590973,-0.20613282918930054,-0.028217065775812955,0.13969416916370392,-0.3205200433731079,-0.033160110632003637,0.17430312931537628,-0.38026466965675354,-0.03724263019305596,0.09803591668605804,-0.2782307267189026,-0.0015934999557671858,0.1141718178987503,-0.38979971408843994,-0.0264508087877644,0.12334586679935455,-0.46399354934692383,-0.041769003192008824,0.12963546812534332,-0.532927930355072,-0.05542475513559708,0.04172797501087189,-0.27472370862960815,-0.009377138385595174,0.04751579463481903,-0.3658011555671692,-0.062257388303102346,0.050151482224464417,-0.2681732773780823,-0.07971038080197701,0.05170191824436188,-0.195845365524292,-0.07899765081149468,-0.01427815854549408,-0.25278156995773315,-0.021541975135029645,-0.013987168669700623,-0.32634854316711426,-0.08033444888335595,-0.002764284610748291,-0.22216755151748657,-0.07473912245971093,0.004421159625053406,-0.15994364023208618,-0.05539988137227425,-0.07061134278774261,-0.21887820959091187,-0.035336380520881505,-0.07001820206642151,-0.2763856053352356,-0.07730732269030938,-0.05379672348499298,-0.20663172006607056,-0.07237484462005028,-0.04274354875087738,-0.1612929105758667,-0.05990175686222443,-1.317398506464071,-1.447359954203327,1.4450166814454606,1.3720367665973212,1.1200795667686547,0.15906373289732115,0.2214532381627796,0.27821078273965033,0.308314598640048,0.3459744119294785,0.3934411057982547,0.40966707627719207,0.05936669112031024,0.10056748171706294,0.04718400413961495,T
0.0,0.0,0.0,0.08638778328895569,-0.06571394205093384,-0.02488060117591573,0.1296198070049286,-0.2088642716407776,-0.02819878057469083,0.14144021272659302,-0.32425805926322937,-0.03345714890290452,0.17621085047721863,-0.38216307759284973,-0.0375334695809002,0.1023637056350708,-0.2850912809371948,0.0010452448959981098,0.11719363927841187,-0.3954862654209137,-0.024171833031665813,0.12638086080551147,-0.469987154006958,-0.040354304098379146,0.13291102647781372,-0.538852870464325,-0.05453120925356103,0.045561373233795166,-0.28301310539245605,-0.006884300232719909,0.05077919363975525,-0.3696187138557434,-0.05937059231926156,0.051346153020858765,-0.27267318964004517,-0.07738105215955926,0.053540438413619995,-0.20185643434524536,-0.0773318038218136,-0.010966002941131592,-0.2618141174316406,-0.019409151830565463,-0.01178598403930664,-0.334496408700943,-0.07744163283039285,-0.0008160769939422607,-0.23145079612731934,-0.0724761114351864,0.008485183119773865,-0.16864228248596191,-0.05400152885247422,-0.06789062917232513,-0.22740143537521362,-0.033697769128572475,-0.0690796971321106,-0.28223270177841187,-0.07490400233198358,-0.05352960526943207,-0.21309417486190796,-0.07028364398409082,-0.04089263081550598,-0.16734671592712402,-0.05822736778188897,-1.308158495935161,-1.4509947514617378,1.4727944731873506,1.364985535617257,1.1483111539230786,0.1625624985920346,0.21807914984030904,0.2715198509015092,0.3054177316868166,0.34621711137177613,0.39056071224157296,0.41015184279429046,0.055974600608893955,0.10054116186582947,0.049394807436971506,T
0.0,0.0,0.0,0.08573955297470093,-0.06593173742294312,-0.027068306631598205,0.12891578674316406,-0.2079949975013733,-0.032089079669866294,0.1410275101661682,-0.32346704602241516,-0.038656848422441215,0.1765478551387787,-0.3829827904701233,-0.043944283328208655,0.10105746984481812,-0.28031784296035767,-0.003531895284730524,0.11747923493385315,-0.39279770851135254,-0.0313128074027631,0.12563377618789673,-0.4674389362335205,-0.048635027311000556,0.13132399320602417,-0.5370741188526154,-0.06333851342574093,0.04348534345626831,-0.2783602476119995,-0.011256167604777545,0.04932621121406555,-0.3686721920967102,-0.06691310828104946,0.048418283462524414,-0.2722615599632263,-0.08547062700167629,0.05063953995704651,-0.201840341091156,-0.08527316426411602,-0.013134747743606567,-0.25785934925079346,-0.023682285971197814,-0.013603389263153076,-0.3333553969860077,-0.08387998764887783,-0.0041439831256866455,-0.23064571619033813,-0.07786482100859615,0.0051857829093933105,-0.16821271181106567,-0.05826130037680599,-0.06913423538208008,-0.22444164752960205,-0.038131168983134955,-0.07167276740074158,-0.27765142917633057,-0.08059054886475536,-0.05638761818408966,-0.20780014991760254,-0.07555318897143337,-0.04327891767024994,-0.1630762219429016,-0.06299487029686901,-1.3050330314315364,-1.4534574679559438,1.4775727465698751,1.3692083143069989,1.172035219083723,0.16059058244739585,0.22060256299262285,0.2747565221900417,0.31093843269214877,0.3448067092565137,0.3898327663261631,0.4127476267398239,0.05654079483652729,0.1016038070961435,0.04873613372478602,T
0.0,0.0,0.0,0.08317631483078003,-0.06668204069137573,-0.026424509914967587,0.12370261549949646,-0.20994281768798828,-0.030608469130847027,0.13551390171051025,-0.32421672344207764,-0.03599757279679494,0.17012232542037964,-0.38786643743515015,-0.040242656575891544,0.0958411693572998,-0.2813361883163452,-0.005043303104493191,0.11359593272209167,-0.3939155340194702,-0.0314428019098969,0.12135425209999084,-0.46908092498779297,-0.046422879653427174,0.1270216405391693,-0.5376972854137421,-0.05921275864765363,0.03853781521320343,-0.27909553050994873,-0.012288853036615421,0.04143378138542175,-0.37180453538894653,-0.06685328807160573,0.04235370457172394,-0.27175796031951904,-0.08322668399140554,0.04639352858066559,-0.19644510746002197,-0.0809224503807755,-0.0180853009223938,-0.25662142038345337,-0.023971899854394962,-0.02129441499710083,-0.3302656412124634,-0.08305241491124349,-0.009475022554397583,-0.225935697555542,-0.07638150032088475,0.002360016107559204,-0.16244029998779297,-0.056095834331962635,-0.07371722161769867,-0.22136366367340088,-0.03745623629018979,-0.07887627184391022,-0.27901363372802734,-0.07910686309859472,-0.06253492832183838,-0.2100083827972412,-0.07363032128140645,-0.047979772090911865,-0.16467946767807007,-0.06052562545463758,-1.3155884006473817,-1.4497636531548321,1.4760335384537615,1.3570280574905547,1.1445796680976392,0.15590686977555965,0.22792749008588264,0.28100024176218286,0.31205920657492653,0.3506478880531729,0.39542170617822536,0.4120288664290488,0.0556352150345676,0.09957597978631537,0.05038956387797088,T
0.0,0.0,0.0,0.08870257437229156,-0.07157480716705322,-0.027285620568228808,0.13126204907894135,-0.21478521823883057,-0.03279495425326928,0.14430733025074005,-0.331687331199646,-0.04017568565709695,0.18238215148448944,-0.38896825909614563,-0.04618404246671304,0.10603837668895721,-0.2860730290412903,-0.0017888226992468503,0.12177793681621552,-0.39879658818244934,-0.029411071909500208,0.12900502979755402,-0.4753243923187256,-0.04723829589588746,0.1353553682565689,-0.5464117228984833,-0.06231783516509637,0.047020524740219116,-0.2852088212966919,-0.009789274072183218,0.052051275968551636,-0.37714725732803345,-0.06500639579994782,0.05224384367465973,-0.28210926055908203,-0.0846946593354474,0.05496436357498169,-0.20834863185882568,-0.08541947416765794,-0.010980948805809021,-0.2639489769935608,-0.02259935438437566,-0.012377887964248657,-0.33766278624534607,-0.08133147470457658,-0.0009585171937942505,-0.2354232668876648,-0.07731914333803758,0.00932300090789795,-0.1688368320465088,-0.05934275872809991,-0.06774555146694183,-0.22898107767105103,-0.037557067347599116,-0.07207810878753662,-0.2851676344871521,-0.07792996428711518,-0.05563165247440338,-0.21832185983657837,-0.07398947141869172,-0.04037788510322571,-0.17127180099487305,-0.06261649541361436,-1.2853273006186956,-1.4586577874718656,1.467807600125986,1.3604794048481508,1.1279736547584158,0.16431665355296107,0.22104013757483212,0.28001306179034036,0.3114703545610711,0.34749009648765933,0.398053960941718,0.4142609531952831,0.060368172993033924,0.10229777988759722,0.04976049782779716,T
0.0,0.0,0.0,0.08559605479240417,-0.06447410583496094,-0.025361732831775896,0.12890738248825073,-0.2025446891784668,-0.030037301844537012,0.14053761959075928,-0.3161584734916687,-0.036348401820838205,0.1760653555393219,-0.3733341097831726,-0.04169054261463856,0.10217902064323425,-0.2774970531463623,-0.0033010202651766463,0.11726084351539612,-0.38860106468200684,-0.02964489280301308,0.12598899006843567,-0.4634447693824768,-0.04621156982201313,0.13231325149536133,-0.5318175554275513,-0.06055997244137501,0.04449872672557831,-0.27430230379104614,-0.011272675609767191,0.05053526163101196,-0.3597477376461029,-0.06455378166455006,0.05061560869216919,-0.26293957233428955,-0.08258539370316242,0.05313792824745178,-0.19406718015670776,-0.08268835327643131,-0.012593209743499756,-0.2519274353981018,-0.023599318480670206,-0.01430848240852356,-0.3241005539894104,-0.08144629678744053,-0.0031805038452148438,-0.22312867641448975,-0.07598532668369984,0.007062941789627075,-0.16355597972869873,-0.05747515640276646,-0.06941719353199005,-0.21663737297058105,-0.03764846107977604,-0.07271474599838257,-0.27499228715896606,-0.07778104326742863,-0.05742931365966797,-0.20827209949493408,-0.07200013778227543,-0.04494810104370117,-0.1642943024635315,-0.05942214957493519,-1.3013913450151746,-1.452857026996893,1.463536002422726,1.3519327467563789,1.133505350625176,0.16441182789443184,0.2173655548570148,0.26938574517293,0.3042114216051207,0.3469063963189589,0.3889784418416836,0.4080379009028851,0.055261539325708875,0.10250508957236099,0.05201628299937507,T
0.0,0.0,0.0,0.08715260028839111,-0.06336784362792969,-0.030018401065319722,0.13183656334877014,-0.20500898361206055,-0.03444202310726041,0.14630889892578125,-0.31897813081741333,-0.039319761761873906,0.18066850304603577,-0.3840068578720093,-0.042766120949238484,0.10421380400657654,-0.2760998606681824,-0.005261206266879981,0.12047362327575684,-0.38978180289268494,-0.03165916047379369,0.12905630469322205,-0.4666443169116974,-0.04777518353745336,0.13665771484375,-0.5358960926532745,-0.06177564776822919,0.04669561982154846,-0.2740809917449951,-0.011216756620854085,0.051713839173316956,-0.3650313913822174,-0.06677864185854787,0.049941807985305786,-0.2675737738609314,-0.0859428911595046,0.05188632011413574,-0.19418829679489136,-0.08565013549610967,-0.010588929057121277,-0.25303828716278076,-0.022157088586538976,-0.013584703207015991,-0.32978755235671997,-0.08303286574169988,-0.0035227537155151367,-0.22474342584609985,-0.08009528807684774,0.007191687822341919,-0.1609804630279541,-0.06205051086232061,-0.06688797473907471,-0.21814340353012085,-0.03508085823938245,-0.07169264554977417,-0.2781703472137451,-0.07873029700800771,-0.05709773302078247,-0.20994198322296143,-0.07602357558295125,-0.04301336407661438,-0.16307342052459717,-0.0648477419404685,-1.3044697250820454,-1.4465573753071994,1.5059166147475709,1.3799995823461786,1.1617210859117826,0.1581369315518193,0.22938164000218697,0.28255084182725776,0.3143965035073033,0.3520659130259539,0.39663986371777915,0.4138579967254168,0.055680969632282785,0.0998703438705396,0.050248658760803255,T
0.0,0.0,0.0,0.0842771977186203,-0.061015307903289795,-0.029359160560510134,0.12974078953266144,-0.20580357313156128,-0.03473254163875339,0.14267344772815704,-0.32321232557296753,-0.04065258299126384,0.17974071204662323,-0.3816428780555725,-0.044938138324162935,0.10128150880336761,-0.28153151273727417,-0.006607269971958374,0.1181330531835556,-0.3945815861225128,-0.033649324077508425,0.12660880386829376,-0.46998122334480286,-0.04974418749227283,0.1326277107000351,-0.5392322242259979,-0.06368170176758525,0.04365044832229614,-0.2807449698448181,-0.012547597858450388,0.048735037446022034,-0.367808073759079,-0.06726292763962505,0.04746764898300171,-0.2695639729499817,-0.08452083413614986,0.05069683492183685,-0.19981694221496582,-0.08361482863440273,-0.013500183820724487,-0.26085931062698364,-0.02324407418384311,-0.01539166271686554,-0.3335455060005188,-0.0828248212219691,-0.005215883255004883,-0.22982358932495117,-0.07678239290728328,0.006510376930236816,-0.1686515212059021,-0.05748789628162143,-0.06927374005317688,-0.2280505895614624,-0.03600628544702289,-0.07320758700370789,-0.2792683243751526,-0.07776297127022502,-0.057708367705345154,-0.21012133359909058,-0.0729078227759814,-0.04297317564487457,-0.16709959506988525,-0.06079106276049373,-1.2937583575691913,-1.4497529568480256,1.4839455681960354,1.3570940898913288,1.1634301197502939,0.1644811141812512,0.22296410735297595,0.2745433792630942,0.30924148499989096,0.3491638613436548,0.3914532402830141,0.4114831284120392,0.05407149467617504,0.0992194319867814,0.04950788270755946,T
0.0,0.0,0.0,0.0848606526851654,-0.06124943494796753,-0.02621151653712417,0.12913066148757935,-0.2024669051170349,-0.030025695987397683,0.14128679037094116,-0.3175008296966553,-0.035148068867975724,0.17662927508354187,-0.37446051836013794,-0.039220731310898316,0.101662278175354,-0.27580690383911133,-0.004250366311872256,0.11869233846664429,-0.38871699571609497,-0.02973774781113292,0.12726256251335144,-0.4641146659851074,-0.04516470020299579,0.13368499279022217,-0.5320983827114105,-0.05869643350725795,0.044160425662994385,-0.2735140323638916,-0.011324219011122238,0.05000254511833191,-0.3602466583251953,-0.0648741978931966,0.0496009886264801,-0.2640969157218933,-0.08247544949536945,0.05194428563117981,-0.192243754863739,-0.08190746938472415,-0.01226663589477539,-0.2530468702316284,-0.022699320294314873,-0.01301109790802002,-0.3266666829586029,-0.08153737669473315,-0.004366934299468994,-0.22294467687606812,-0.07602268045430804,0.0042482465505599976,-0.15904361009597778,-0.05701053103094722,-0.06824058294296265,-0.2200920581817627,-0.03583821614866878,-0.070065438747406,-0.2747543454170227,-0.07833972161298419,-0.05525819957256317,-0.20458143949508667,-0.07406366949563647,-0.04193773865699768,-0.15768969058990479,-0.061982199155146134,-1.301347361663214,-1.446494042750045,1.475310140735085,1.3968869212677044,1.1718905897898848,0.16338270305916275,0.22079242626013743,0.2758979220004716,0.30783296000858856,0.349546436509285,0.3948717952048018,0.41355194660056765,0.05811335265307205,0.10003908157458372,0.04620582568921003,T
0.0,0.0,0.0,0.0907125473022461,-0.06431704759597778,-0.028048614094188906,0.13502410054206848,-0.20163333415985107,-0.03270859462969611,0.14833220839500427,-0.3143772482872009,-0.038382621536186434,0.18203628063201904,-0.37731868028640747,-0.04256823105566809,0.10876211524009705,-0.27705442905426025,-0.0025395723601491227,0.1257116198539734,-0.3861168324947357,-0.028296347761681773,0.13423073291778564,-0.46249550580978394,-0.04538838384502242,0.1411728858947754,-0.5308312773704529,-0.06030332861297438,0.04975038766860962,-0.2750231623649597,-0.009151576141050555,0.05411854386329651,-0.3612162470817566,-0.0619519632851393,0.0543346107006073,-0.2669961452484131,-0.08194120047443221,0.057257652282714844,-0.19395005702972412,-0.08373703626745055,-0.007552027702331543,-0.25215083360671997,-0.02060335321181128,-0.008719265460968018,-0.32601234316825867,-0.07688002852552245,0.004128009080886841,-0.22620493173599243,-0.07508955715053389,0.01564726233482361,-0.1641286015510559,-0.05981021193616698,-0.06321310997009277,-0.214214026927948,-0.03419630421154807,-0.06543569266796112,-0.27363091707229614,-0.07414109824054549,-0.050723299384117126,-0.20912432670593262,-0.0718515348231108,-0.0368385910987854,-0.16328442096710205,-0.06221509171479056,-1.309329240812329,-1.4437703172399612,1.4784609310096428,1.313094987537397,1.0929612673092457,0.15885822135772595,0.22179665932512432,0.27043541757892925,0.30613211794507905,0.34717534913992,0.38759196924500444,0.40838557466371705,0.051193200314902744,0.0989670867189477,0.05249264187972073,T
0.0,0.0,0.0,0.08038952946662903,-0.054396629333496094,-0.0287534255767099,0.12516453862190247,-0.19500434398651123,-0.03446925210299412,0.1360781490802765,-0.30877673625946045,-0.04021805303635517,0.1719696819782257,-0.3676321506500244,-0.044949987553977166,0.09669113159179688,-0.2735587954521179,-0.011513156467103158,0.11418524384498596,-0.3845784068107605,-0.03693704830946842,0.1244288980960846,-0.4592822790145874,-0.051912938826703225,0.13275393843650818,-0.5268450379371643,-0.06535242276730457,0.038954898715019226,-0.27266359329223633,-0.01706115307750622,0.04566502571105957,-0.35588210821151733,-0.06887031870427052,0.0464194118976593,-0.2568182945251465,-0.08469829487147251,0.04883351922035217,-0.18699204921722412,-0.08385761606039921,-0.01757502555847168,-0.25174200534820557,-0.02671035157980839,-0.017132848501205444,-0.32416361570358276,-0.08408885227980534,-0.006367206573486328,-0.22020673751831055,-0.07735243963541905,0.001740187406539917,-0.15954333543777466,-0.05845706316175381,-0.0734497606754303,-0.217859148979187,-0.0381800920003883,-0.07303579151630402,-0.2736765742301941,-0.08017901855053822,-0.05716545879840851,-0.20379239320755005,-0.07509562897028843,-0.04595901072025299,-0.15866833925247192,-0.06292101519646565,-1.306028516955995,-1.4293672453184656,1.4559952605156734,1.3642873051683468,1.1359968271877021,0.16397139390709975,0.21861692712227454,0.2688476070910236,0.3019251390246593,0.35006098140651315,0.3899681315414026,0.40925835318373877,0.05450884138809006,0.09893359529860385,0.04770722293598044,T
0.0,0.0,0.0,0.08656704425811768,-0.06195712089538574,-0.02731097667127358,0.13177534937858582,-0.2004144787788391,-0.032380826683933606,0.1446007788181305,-0.3134567141532898,-0.0383484884223293,0.17787206172943115,-0.37248262763023376,-0.043442070396835675,0.10335659980773926,-0.27273881435394287,-0.008790977211887707,0.12002602219581604,-0.3847033679485321,-0.03564997381180035,0.12935301661491394,-0.4603322148323059,-0.05215409389346348,0.136977881193161,-0.528333991765976,-0.06633082023471104,0.046634361147880554,-0.2706151604652405,-0.015669470565612187,0.05096808075904846,-0.3580162525177002,-0.06944454452603566,0.04974210262298584,-0.26542770862579346,-0.08732224992125737,0.05211871862411499,-0.19375115633010864,-0.08749917140811192,-0.009651124477386475,-0.24959594011306763,-0.02690237751811253,-0.011661052703857422,-0.32407572865486145,-0.08498246214001881,-0.000706791877746582,-0.22542685270309448,-0.08109049490302311,0.010763466358184814,-0.16161221265792847,-0.06392344078629719,-0.06549696624279022,-0.2158403992652893,-0.039931848557884564,-0.06771104037761688,-0.2700337767601013,-0.08170577874987828,-0.051771849393844604,-0.20426779985427856,-0.07884591809123265,-0.036697521805763245,-0.15789461135864258,-0.06839272371142613,-1.3090447059955297,-1.4400060934272982,1.4995656010726546,1.3428037365500647,1.1095462291761153,0.16112722210943986,0.21853796497467165,0.269056898364534,0.30346024930103027,0.34517640597269167,0.3878336522071119,0.4091313727440219,0.052375266971561044,0.09578108571836459,0.04760636466817089,T
0.0,0.0,0.0,0.08426082134246826,-0.06061899662017822,-0.027018061886565192,0.12685567140579224,-0.20104199647903442,-0.03165376284255217,0.13850697875022888,-0.3135494291782379,-0.037353024865524276,0.17428827285766602,-0.36940091848373413,-0.04215985261930655,0.09817847609519958,-0.27256619930267334,-0.006243200554536088,0.11470746994018555,-0.3832327425479889,-0.03179377042783926,0.12509921193122864,-0.4577355980873108,-0.04755191230310629,0.13374537229537964,-0.5249849855899811,-0.06163317062987517,0.040991634130477905,-0.27097994089126587,-0.013142643543915256,0.04617086052894592,-0.357055127620697,-0.06660876521004866,0.04483237862586975,-0.26063627004623413,-0.08414614298476408,0.04585787653923035,-0.1904100775718689,-0.08375546434058379,-0.015096485614776611,-0.24933868646621704,-0.024312770972983344,-0.016699790954589844,-0.3257039785385132,-0.08207935937775801,-0.006353631615638733,-0.2241988182067871,-0.07636503228081892,0.0017503350973129272,-0.16270917654037476,-0.05770070948733519,-0.07060234248638153,-0.21350014209747314,-0.03732614689602087,-0.0718899667263031,-0.27323657274246216,-0.07857962795628737,-0.056605204939842224,-0.2058289647102356,-0.0736516798390312,-0.04505099356174469,-0.15988701581954956,-0.061484803493158324,-1.2961794814615193,-1.4308135644146944,1.5104718090784663,1.37872390851733,1.1260534828002366,0.1607797522181341,0.22029999507228115,0.26924118584305734,0.3033245608304455,0.345925687085558,0.3855728876197934,0.4065275734488444,0.05208469189701611,0.09589619367718331,0.04688634081891331,T
0.0,0.0,0.0,0.08545544743537903,-0.05766242742538452,-0.02832363903330304,0.13119804859161377,-0.19722044467926025,-0.03263500131474473,0.14261901378631592,-0.31139498949050903,-0.03730436958180405,0.175408273935318,-0.3733406066894531,-0.04101773150073029,0.10155260562896729,-0.27569156885147095,-0.007826970739230887,0.11712494492530823,-0.3861572742462158,-0.033404318464860694,0.12707769870758057,-0.4613909423351288,-0.04904605619417168,0.13582950830459595,-0.528526782989502,-0.06283455140696503,0.04424700140953064,-0.2746161222457886,-0.01364836081670262,0.04853290319442749,-0.36111268401145935,-0.06642728842602708,0.04695284366607666,-0.264684796333313,-0.08355918325291611,0.04860508441925049,-0.1929263472557068,-0.0830060372482393,-0.012432575225830078,-0.2539713978767395,-0.02388141102896668,-0.013895556330680847,-0.32802101969718933,-0.08169592715607621,-0.003953278064727783,-0.22587883472442627,-0.076632452977762,0.005282729864120483,-0.16424530744552612,-0.058456634951696174,-0.06865176558494568,-0.21936637163162231,-0.035962899995908515,-0.06959375739097595,-0.2770724296569824,-0.07757843829499222,-0.055121272802352905,-0.20877277851104736,-0.07325769014464356,-0.04333941638469696,-0.16312545537948608,-0.0615695992837999,-1.3248549978100619,-1.4360477165365706,1.517497667430329,1.3758658106066701,1.1478841897937684,0.1601537636257152,0.22051837537601002,0.26956176455763964,0.30338253387532627,0.3467502740977195,0.3869669944396845,0.40696392198016723,0.05195602418193257,0.09665342407129346,0.04863504060336751,T
0.0,0.0,0.0,0.0867474377155304,-0.06575441360473633,-0.02697481962923831,0.13103380799293518,-0.20636612176895142,-0.03163502740745372,0.14458227157592773,-0.32160770893096924,-0.03786707672362155,0.1793932318687439,-0.38044339418411255,-0.04313818368201083,0.10378119349479675,-0.2797250747680664,-0.0014913851914641896,0.11921793222427368,-0.39149194955825806,-0.02797037179653472,0.12810483574867249,-0.46669167280197144,-0.04518311846141643,0.1349932849407196,-0.5358748137950897,-0.05991486090307063,0.0464271605014801,-0.27683359384536743,-0.008908732822881404,0.052180081605911255,-0.365227609872818,-0.06472348797206706,0.05080541968345642,-0.26667147874832153,-0.08428509163741893,0.05046945810317993,-0.19201630353927612,-0.08422107624893016,-0.010538965463638306,-0.2557916045188904,-0.02092584784214324,-0.011889666318893433,-0.32740017771720886,-0.08048435675983256,-0.0018320530652999878,-0.22283059358596802,-0.0756031610358221,0.005212455987930298,-0.1578291654586792,-0.05648986625556773,-0.06796950101852417,-0.22229939699172974,-0.03487830239419765,-0.0691734105348587,-0.27697646617889404,-0.07657555121068782,-0.053903862833976746,-0.2061893343925476,-0.07150165367011851,-0.04195205867290497,-0.1583738923072815,-0.05870727452521152,-1.2998248059231101,-1.4495431183159333,1.523173474965839,1.41137047213408,1.1842732653839734,0.1616486359036012,0.22831142750819924,0.2826588712873908,0.3135420247890079,0.3540945528790437,0.3997018586268647,0.41691318083107903,0.056718221504217764,0.0983541996901748,0.04716766021896499,T
0.0,0.0,0.0,0.08475703001022339,-0.05610615015029907,-0.031171695341100758,0.12992644309997559,-0.19539469480514526,-0.03734263499521262,0.14410018920898438,-0.308329701423645,-0.04366570432924277,0.17863255739212036,-0.37285465002059937,-0.049049553473224705,0.10344702005386353,-0.266366183757782,-0.010360919882288044,0.11872905492782593,-0.3791808784008026,-0.037429620523681706,0.12785524129867554,-0.45615312457084656,-0.05419482757591254,0.13703373074531555,-0.5250939428806305,-0.06872742717408187,0.04602241516113281,-0.26581406593322754,-0.0159325441464091,0.051555246114730835,-0.35139739513397217,-0.07038296853446013,0.048664480447769165,-0.2552174925804138,-0.08876399045132644,0.04949307441711426,-0.1829048991203308,-0.0887122312679196,-0.010649830102920532,-0.24502086639404297,-0.026161544968118733,-0.012946009635925293,-0.31895118951797485,-0.08573784773491866,-0.004874378442764282,-0.21532219648361206,-0.08112866525792128,0.003921955823898315,-0.15167272090911865,-0.06276930962943084,-0.06638716161251068,-0.20999544858932495,-0.038532638002862996,-0.06997984647750854,-0.2654574513435364,-0.08233030979775435,-0.05550044775009155,-0.19545745849609375,-0.07879841421984679,-0.041864439845085144,-0.14735734462738037,-0.0671476954712773,-1.3029298346052953,-1.4417033793054437,1.528959769300166,1.4159445449439778,1.1976402721382176,0.15782035568618277,0.22969090955047822,0.28186032013358336,0.3153854158489687,0.3532091564214616,0.3964368217527569,0.417958721766312,0.055246500392820065,0.09802970999955701,0.04598930854894099,T
0.0,0.0,0.0,0.08571736514568329,-0.050831139087677,-0.03285604507786388,0.1320241242647171,-0.19187062978744507,-0.03835187272292728,0.14470399916172028,-0.3067415952682495,-0.04313136429649944,0.17697684466838837,-0.3752710223197937,-0.04671275780660267,0.10232479870319366,-0.26589030027389526,-0.01120311652434225,0.11861033737659454,-0.3787592053413391,-0.0373132580624258,0.12767864763736725,-0.456684410572052,-0.05345045195085163,0.1368962675333023,-0.5259406268596649,-0.06775801421267147,0.044709742069244385,-0.2674611210823059,-0.014982834245387266,0.05164073407649994,-0.35257524251937866,-0.06786846907002086,0.04864409565925598,-0.25562262535095215,-0.08512516857248897,0.05026371777057648,-0.18400955200195312,-0.08472220392090435,-0.011729523539543152,-0.24825680255889893,-0.023660124997917364,-0.01231473684310913,-0.3239735960960388,-0.08158358723980541,-0.005199864506721497,-0.22159546613693237,-0.07650513739449138,0.0035135596990585327,-0.16100674867630005,-0.05834321470123882,-0.0665484368801117,-0.21447104215621948,-0.03464428127867336,-0.06772664189338684,-0.27206653356552124,-0.07714552969795818,-0.054219648241996765,-0.20292747020721436,-0.07345293999773617,-0.04168795049190521,-0.15723896026611328,-0.06211209089619274,-1.33042811348264,-1.438629847390599,1.5043410481332729,1.3978362128041832,1.161007421607023,0.1559095327287038,0.22942791145883534,0.27567859944566764,0.30879163318631725,0.35273511114112427,0.3885455986047792,0.40967455605216363,0.05210284292196147,0.09576937860370871,0.04535827105443656,T
0.0,0.0,0.0,0.0822782814502716,-0.05840921401977539,-0.030453347627549476,0.12581682205200195,-0.19944649934768677,-0.037179353673487014,0.13838425278663635,-0.3140171766281128,-0.04403693511012108,0.17568111419677734,-0.3741387724876404,-0.0496790027511409,0.09950649738311768,-0.2741851806640625,-0.012721446369319267,0.1165691614151001,-0.38598936796188354,-0.041140942860870666,0.12474849820137024,-0.46150216460227966,-0.05734875335219414,0.13131481409072876,-0.5293272435665131,-0.07089000849845917,0.0398298054933548,-0.2716407775878906,-0.018534037311106033,0.04279395937919617,-0.35588860511779785,-0.07668403445604355,0.04286998510360718,-0.25395041704177856,-0.09440931587341339,0.04728998243808746,-0.177620530128479,-0.09257922976139099,-0.017886459827423096,-0.2504969835281372,-0.028698028091817207,-0.020073309540748596,-0.3180044889450073,-0.09030359147909195,-0.00903204083442688,-0.21367710828781128,-0.08422376124980957,0.002997487783432007,-0.1509220004081726,-0.06416156797531158,-0.07379688322544098,-0.21699392795562744,-0.040900609482555694,-0.07568623125553131,-0.266268789768219,-0.08496040760400803,-0.06019352376461029,-0.1945515275001526,-0.08024178354862244,-0.04595464468002319,-0.14950978755950928,-0.06733039676073105,-1.292749584551972,-1.446767211263898,1.4916157254783982,1.3640619113933976,1.179497043835229,0.16140579339323005,0.23474177790544945,0.2822150991156229,0.3155639245584606,0.36160445878285036,0.39956959879397236,0.41914885291565285,0.05171688865311569,0.0973898061101591,0.04897249858695791,T
0.0,0.0,0.0,0.08730605244636536,-0.06355732679367065,-0.02703418398446189,0.13140588998794556,-0.2050359845161438,-0.03215059640056239,0.14528387784957886,-0.3198598623275757,-0.03847291695124255,0.18179988861083984,-0.37799525260925293,-0.0438969321752225,0.10466894507408142,-0.275954008102417,-0.006134691668513881,0.11855298280715942,-0.38890230655670166,-0.03243378551847087,0.1272764801979065,-0.46619516611099243,-0.04905593397266017,0.13546809554100037,-0.535550594329834,-0.06384689362889873,0.046490877866744995,-0.27399349212646484,-0.013609811683956252,0.050498902797698975,-0.3616098165512085,-0.06798506530171977,0.04875627160072327,-0.26790833473205566,-0.08699027450925456,0.05061165988445282,-0.19510263204574585,-0.08787719907409297,-0.010764002799987793,-0.25204670429229736,-0.025463411604825126,-0.014472275972366333,-0.329455703496933,-0.08283267917281734,-0.002666562795639038,-0.23129236698150635,-0.07936728002673732,0.009050846099853516,-0.166087806224823,-0.06280351432210551,-0.06696304678916931,-0.2160736322402954,-0.0392321124876176,-0.0725167840719223,-0.2749308943748474,-0.07977193596011745,-0.056659847497940063,-0.21104711294174194,-0.07689934225923167,-0.041141077876091,-0.16345423460006714,-0.06682889165526973,-1.2872817404653127,-1.4527059869151946,1.5186097941441545,1.3442384983989193,1.1145913861524714,0.16422643134938875,0.22507790209825976,0.27339897132511787,0.30940349536898354,0.3508638335533055,0.3904920905096458,0.41188165904688245,0.05068689534639729,0.09705764239581945,0.050260968274693174,T
0.0,0.0,0.0,0.08578893542289734,-0.05709409713745117,-0.028402164679889097,0.13105759024620056,-0.19931870698928833,-0.03377999002945842,0.1431695818901062,-0.3135361075401306,-0.039776653152827635,0.17624983191490173,-0.3767615854740143,-0.04515105123532237,0.10128089785575867,-0.2730768918991089,-0.010152424787108316,0.11568671464920044,-0.38586992025375366,-0.03642559806716861,0.12513846158981323,-0.46362411975860596,-0.05274367342603625,0.13441196084022522,-0.53207927942276,-0.06706619645369472,0.043488115072250366,-0.2721291780471802,-0.016756363314513578,0.05022338032722473,-0.36015424132347107,-0.07077815766346873,0.051174283027648926,-0.26465755701065063,-0.08936936045897426,0.05273440480232239,-0.18959587812423706,-0.08988760794413508,-0.013552248477935791,-0.2515087127685547,-0.027507636797551527,-0.013623446226119995,-0.32775402069091797,-0.0866614394904417,-0.0019270628690719604,-0.22480010986328125,-0.08297577883017482,0.006884902715682983,-0.15755575895309448,-0.06556268419039668,-0.070542111992836,-0.21783852577209473,-0.040015656602506056,-0.07058829069137573,-0.27512192726135254,-0.08332986022246303,-0.05454161763191223,-0.2060045599937439,-0.08036848540318431,-0.042311593890190125,-0.15621232986450195,-0.06947946186078013,-1.3214120658544417,-1.443569280727213,1.4592305076500902,1.3566076294882,1.1412328226152513,0.16085395086729296,0.2242477708753096,0.27701204598965723,0.31050132205815917,0.3520882038997187,0.3956400105384848,0.4153398350348594,0.05593519534330572,0.10073829044542672,0.04921483597460994,T
0.0,0.0,0.0,0.08586123585700989,-0.062492549419403076,-0.02734485679772547,0.12961286306381226,-0.2034708857536316,-0.03229969592300108,0.14053478837013245,-0.31815004348754883,-0.038602536930710585,0.17474624514579773,-0.37985891103744507,-0.04387175516691855,0.10229185223579407,-0.2789499759674072,-0.0047187944082622835,0.11736175417900085,-0.3902921676635742,-0.03186945842114142,0.1259993612766266,-0.46598392724990845,-0.04876504690852812,0.1322820782661438,-0.535660445690155,-0.06324272455182722,0.044712841510772705,-0.2767930030822754,-0.012089461474687369,0.04998186230659485,-0.36309558153152466,-0.06788782627788237,0.050378620624542236,-0.2661975622177124,-0.08709149660077742,0.05353027582168579,-0.19460004568099976,-0.0870900884410446,-0.012182295322418213,-0.2558189630508423,-0.02398874835577658,-0.014606520533561707,-0.3269463777542114,-0.08475928606000593,-0.0018374323844909668,-0.22409850358963013,-0.08084193469491652,0.010289669036865234,-0.15997987985610962,-0.06242784710136107,-0.06851716339588165,-0.22188347578048706,-0.037684565796524794,-0.0708865076303482,-0.27458417415618896,-0.0810410812636917,-0.05440057814121246,-0.2040509581565857,-0.07732599081006697,-0.03960476815700531,-0.15686964988708496,-0.06543699504342726,-1.3202954296597986,-1.4544983979517103,1.4639277899917298,1.340481005928649,1.1523490243733983,0.16148474748075337,0.2213914144955526,0.27457740944716447,0.3093065914142826,0.3500343452329442,0.39499118402181116,0.4159658098430908,0.05539229149315237,0.10048740808518343,0.04999128317370251,T
