x0,y0,z0,x1,y1,z1,x2,y2,z2,x3,y3,z3,x4,y4,z4,x5,y5,z5,x6,y6,z6,x7,y7,z7,x8,y8,z8,x9,y9,z9,x10,y10,z10,x11,y11,z11,x12,y12,z12,x13,y13,z13,x14,y14,z14,x15,y15,z15,x16,y16,z16,x17,y17,z17,x18,y18,z18,x19,y19,z19,x20,y20,z20,angle0,angle1,angle2,angle3,angle4,dist01,dist02,dist03,dist04,dist12,dist13,dist14,dist23,dist24,dist34,label
0.0,0.0,0.0,0.07460859417915344,-0.060963213443756104,-0.02366794777842074,0.13202053308486938,-0.1236952543258667,-0.0387543862852624,0.16922694444656372,-0.1742209792137146,-0.05779326466651469,0.16480040550231934,-0.23294740915298462,-0.07265083623858004,0.06595084071159363,-0.2900370955467224,-0.004004837868677669,0.11128252744674683,-0.3494699001312256,-0.0520694902333787,0.13304540514945984,-0.29920274019241333,-0.0887545136901906,0.13959622383117676,-0.2424439787864685,-0.10434497279854327,0.02433183789253235,-0.31005191802978516,-0.01370405351551085,0.041064292192459106,-0.4397832453250885,-0.04221977425547152,0.05512496829032898,-0.5135068595409393,-0.06332456452580004,0.06979846954345703,-0.5822941958904266,-0.07538431269856005,-0.017092257738113403,-0.3026232123374939,-0.03163783756824046,-0.006286799907684326,-0.4230140447616577,-0.05838897956343203,0.011631667613983154,-0.4942295253276825,-0.06707068664761096,0.03252270817756653,-0.5538349151611328,-0.06749144328566103,-0.06060877442359924,-0.2718921899795532,-0.05364717675180941,-0.06520159542560577,-0.360945463180542,-0.06941188258858233,-0.06336145102977753,-0.4272124469280243,-0.06802903992863207,-0.05522635579109192,-0.4855111241340637,-0.06279635561438113,-1.279304045650446,0.5737324665106388,-1.4053155835729718,-1.3758032567389085,-1.5456053011649833,0.026933911868044117,0.36203390067741936,0.3470823831911788,0.3349629917025335,0.34694365042354697,0.32928567082506666,0.31150838620830773,0.04689790021989865,0.1581080957083848,0.11121168395310953,F
0.0,0.0,0.0,0.07664471864700317,-0.06280916929244995,-0.021770861646729145,0.134994238615036,-0.12478983402252197,-0.03668750142176691,0.17179721593856812,-0.17524123191833496,-0.05602199276407305,0.16919803619384766,-0.23310494422912598,-0.07144918729980532,0.06986400485038757,-0.2931251525878906,-0.004176913941847715,0.11809250712394714,-0.35452473163604736,-0.05086856400092188,0.141002357006073,-0.30203235149383545,-0.08719163080175463,0.1486607789993286,-0.24419128894805908,-0.10339136113842073,0.028890937566757202,-0.3128153085708618,-0.015346443927484188,0.047127723693847656,-0.4443669319152832,-0.04264482175429407,0.06284540891647339,-0.5191499590873718,-0.06400804658849779,0.0788925290107727,-0.5866055190563202,-0.07757123251874987,-0.012926816940307617,-0.30491000413894653,-0.03437692736704889,-0.002630263566970825,-0.42750105261802673,-0.05953908403833452,0.015097111463546753,-0.4988113045692444,-0.06870253821332994,0.0361822247505188,-0.5578451752662659,-0.07091261138637606,-0.056746289134025574,-0.2731596827507019,-0.057376299700337086,-0.06325556337833405,-0.3638734221458435,-0.072457049688893,-0.06162610650062561,-0.431037962436676,-0.07127545466144625,-0.05407845973968506,-0.49051475524902344,-0.06715465029199663,-1.2649256328208567,0.5557275099019101,-1.3901596255560251,-1.379025648727657,-1.5585228822232995,0.02333850835638045,0.36485304032000215,0.3509265218645952,0.34075240930279005,0.3494497298426468,0.33321192290855534,0.3190273483182862,0.05149104256980605,0.16405705939807666,0.11260717838725207,F
0.0,0.0,0.0,0.07481133937835693,-0.060596764087677,-0.021191960467206172,0.1355358064174652,-0.12516921758651733,-0.034981368376122646,0.17435458302497864,-0.1768813133239746,-0.053452374680148296,0.16474613547325134,-0.23207157850265503,-0.06829859901796453,0.06887269020080566,-0.2909165620803833,-0.0005187630641216856,0.1138162910938263,-0.3534417748451233,-0.049570566309796504,0.13625001907348633,-0.30351918935775757,-0.08944745202194326,0.14510896801948547,-0.24752503633499146,-0.10786911685596579,0.02761012315750122,-0.31087255477905273,-0.011939397348271541,0.04489287734031677,-0.43966925144195557,-0.041049627853738,0.059452563524246216,-0.5155090391635895,-0.06466776718031042,0.07487356662750244,-0.5849712789058685,-0.07948350746761434,-0.014148414134979248,-0.3039588928222656,-0.03161055435072058,-0.003022998571395874,-0.42432698607444763,-0.05812913019786947,0.014686763286590576,-0.4949728548526764,-0.06901135136018866,0.036272019147872925,-0.554537445306778,-0.07198861826788061,-0.057979732751846313,-0.2739450931549072,-0.05532180358301275,-0.06355646252632141,-0.36342352628707886,-0.07015398730169409,-0.06231357157230377,-0.43059608340263367,-0.06964806307684057,-0.053932055830955505,-0.49074527621269226,-0.06625071008335226,-1.3040642543136653,0.5174430659570425,-1.400043248883926,-1.3722317361696847,-1.5521284148956553,0.024988551470284177,0.36416380541675436,0.34711645570229194,0.33872146852401164,0.3446780791316677,0.3257331740893787,0.3142823798140744,0.04915585107959404,0.15959144074932485,0.11048174501027092,F
0.0,0.0,0.0,0.07495248317718506,-0.06315958499908447,-0.021316541487038876,0.13230958580970764,-0.12257099151611328,-0.035873357334793354,0.16986718773841858,-0.16804242134094238,-0.05519908306902721,0.16573822498321533,-0.2249610424041748,-0.07051753265565708,0.0627051293849945,-0.29310333728790283,-0.00040923985667973284,0.10952985286712646,-0.3513578176498413,-0.050495345273674275,0.13396358489990234,-0.29726672172546387,-0.09051766259378269,0.14344757795333862,-0.23978066444396973,-0.10829684151119068,0.02310490608215332,-0.31192439794540405,-0.01170912677204683,0.03925338387489319,-0.43918365240097046,-0.04074538511937931,0.05565822124481201,-0.5139236450195312,-0.06504364324516132,0.07309567928314209,-0.5845359563827515,-0.0803189353436835,-0.018150895833969116,-0.30417048931121826,-0.03139375163024738,-0.006466507911682129,-0.42431193590164185,-0.05823770923322513,0.011387884616851807,-0.4956517219543457,-0.07019787294572666,0.032734066247940063,-0.5566997826099396,-0.0738024638385184,-0.061951830983161926,-0.2742922306060791,-0.05498939020341709,-0.06681874394416809,-0.36508363485336304,-0.07124219102567508,-0.06470422446727753,-0.4325736165046692,-0.0718665645808585,-0.05513398349285126,-0.49345898628234863,-0.06877002877897098,-1.2552234414058874,0.5836546878644125,-1.3894340098604356,-1.3719576984703552,-1.539698318739901,0.02676740821246851,0.37131759995520136,0.3574083071141271,0.3476717968773165,0.35186020088423786,0.33570107109337227,0.3221604065013934,0.04902970912736043,0.15728274189597105,0.10825983782270329,F
0.0,0.0,0.0,0.07407397031784058,-0.0596771240234375,-0.02106902872549199,0.1323333978652954,-0.123424232006073,-0.036359555398689736,0.1719525158405304,-0.173864483833313,-0.05628623378800057,0.1637980043888092,-0.23152238130569458,-0.07275618550704621,0.06639617681503296,-0.28987228870391846,-0.004685301178710688,0.11274802684783936,-0.35219627618789673,-0.054131663715111245,0.13544750213623047,-0.3013561964035034,-0.09279685405419968,0.1427243947982788,-0.24295032024383545,-0.11011388090776109,0.026081383228302002,-0.3098057508468628,-0.016514796143042076,0.04328584671020508,-0.4403722882270813,-0.045984513437019814,0.05965724587440491,-0.5152343511581421,-0.06905668166803025,0.0773177444934845,-0.5830475389957428,-0.08359374043868684,-0.015368908643722534,-0.3025221824645996,-0.03627830309198998,-0.005390554666519165,-0.42445260286331177,-0.06299386856483125,0.014087587594985962,-0.4962630867958069,-0.074891477202641,0.037337660789489746,-0.5563614964485168,-0.07908470866607331,-0.05875784158706665,-0.271226704120636,-0.05984240708278321,-0.0654163658618927,-0.3612155318260193,-0.07518482146190308,-0.06234058737754822,-0.42907047271728516,-0.07585596976207398,-0.05244949460029602,-0.48928579688072205,-0.07370482323096894,-1.2875481154429738,0.5511869115231439,-1.385435910811412,-1.3660678851711603,-1.5418748636519903,0.02397279311110766,0.36200659088002274,0.34858667391343245,0.33645944663205307,0.3463295368675279,0.3306553025055565,0.3142833341952596,0.04806820112934101,0.16009622302373674,0.11207534405701641,F
0.0,0.0,0.0,0.07587793469429016,-0.062056005001068115,-0.020089707434465254,0.13470128178596497,-0.12706488370895386,-0.03498661248414692,0.1722160279750824,-0.17805498838424683,-0.05478366567223247,0.16450029611587524,-0.23617547750473022,-0.07131437687604603,0.06633761525154114,-0.2937278747558594,-0.003416328089599574,0.11357048153877258,-0.35765641927719116,-0.05366836963622745,0.136786550283432,-0.3054053783416748,-0.0944680768105286,0.14433211088180542,-0.24723970890045166,-0.11340780286519703,0.02584126591682434,-0.31292593479156494,-0.015458632357706392,0.0433993935585022,-0.44320300221443176,-0.04361962257354435,0.06009665131568909,-0.5174704492092133,-0.06797896055905994,0.07748574018478394,-0.5859795808792114,-0.08440554617374119,-0.015768826007843018,-0.3050128221511841,-0.03537182240216907,-0.005403369665145874,-0.42739415168762207,-0.06066814540355381,0.013600170612335205,-0.4993918836116791,-0.07345437733857807,0.03587201237678528,-0.5605969429016113,-0.07924599675862964,-0.05915020406246185,-0.27420419454574585,-0.05903043328254398,-0.06585195660591125,-0.36473172903060913,-0.07397275148360904,-0.06268078088760376,-0.43177127838134766,-0.07487161932914432,-0.05268934369087219,-0.49236905574798584,-0.07336093215673145,-1.304189616192305,0.5375057384466467,-1.383867701903435,-1.371430141370211,-1.5411904014668956,0.02300375864970375,0.36046420582564054,0.34899071991662406,0.33586677295092443,0.3452725563139216,0.3315966662506971,0.3144930050856972,0.04874403197089986,0.16033865060358318,0.11179516256972064,F
0.0,0.0,0.0,0.0733078122138977,-0.06315469741821289,-0.02042566918296984,0.13205483555793762,-0.13155722618103027,-0.035039344136549744,0.16740134358406067,-0.18629801273345947,-0.054990642969443115,0.1554589569568634,-0.2425171136856079,-0.07182627663476637,0.06535020470619202,-0.29780763387680054,0.00027308854279795014,0.10894361138343811,-0.36054593324661255,-0.05072559908492735,0.13325753808021545,-0.3106425404548645,-0.09407965586049727,0.14403429627418518,-0.2547013759613037,-0.11495414868457488,0.024146735668182373,-0.31923145055770874,-0.012054858063294205,0.03977328538894653,-0.4475178122520447,-0.03866218522651366,0.05625361204147339,-0.5225888192653656,-0.06292314574582747,0.07307937741279602,-0.5901890695095062,-0.079460446988179,-0.017918020486831665,-0.31224703788757324,-0.0327690367446678,-0.008525222539901733,-0.4311254918575287,-0.05678784594400099,0.009294003248214722,-0.5024923384189606,-0.06882049635512999,0.02971699833869934,-0.5635823905467987,-0.07432376340491942,-0.06109538674354553,-0.28134065866470337,-0.05765675873024634,-0.06799313426017761,-0.3688150644302368,-0.07210720077617339,-0.06495510041713715,-0.43358051776885986,-0.07248239711387328,-0.05552445352077484,-0.49302929639816284,-0.0705469001875656,-1.3629191684777096,0.5011830089088538,-1.3921305147857395,-1.3834902349303901,-1.5444857617217302,0.016702668017932867,0.35729845226682977,0.34481002329266064,0.3275215308711537,0.34290901567751025,0.329356836544553,0.31084383905666413,0.050874465937150046,0.16117992071544832,0.11065190558258511,F
0.0,0.0,0.0,0.07665902376174927,-0.06425172090530396,-0.019888898284904144,0.13722705841064453,-0.12837272882461548,-0.0334349367039124,0.1758635938167572,-0.1789931058883667,-0.05195854410695233,0.17097720503807068,-0.2367653250694275,-0.06626568541096844,0.0708322525024414,-0.297723650932312,0.0008546437166785381,0.11793440580368042,-0.3566926121711731,-0.04774717793034711,0.13931256532669067,-0.30390167236328125,-0.08549410656260648,0.1460343599319458,-0.2458382248878479,-0.1019362266378323,0.029847383499145508,-0.3174116015434265,-0.011280637161604545,0.04738283157348633,-0.4449438452720642,-0.040433375092021606,0.06385883688926697,-0.519453763961792,-0.0629083643870274,0.08081600069999695,-0.5878688097000122,-0.07637937918471494,-0.011908531188964844,-0.31025415658950806,-0.03166670158671536,-0.0006816983222961426,-0.4298880696296692,-0.05840483486818471,0.01930391788482666,-0.4999040365219116,-0.06817257955836453,0.04224812984466553,-0.5590591132640839,-0.06995051905678906,-0.05608442425727844,-0.279579758644104,-0.055985206665269516,-0.061781033873558044,-0.36858195066452026,-0.07193828180598416,-0.058914557099342346,-0.4361777901649475,-0.07145362898873486,-0.049434930086135864,-0.497073233127594,-0.0672794263081471,-1.2689417270702763,0.6039466902245038,-1.3845273844174688,-1.3564722789621544,-1.5402325430874855,0.026541722496914756,0.36249510298406945,0.3470510923610692,0.3410890152256891,0.3481929857533874,0.3299680385596889,0.3183194507179827,0.04814020431036687,0.15877386968821985,0.11067083091117645,F
0.0,0.0,0.0,0.07768404483795166,-0.06147313117980957,-0.019105990468176515,0.13920429348945618,-0.12751054763793945,-0.03229249925783506,0.17552223801612854,-0.17669278383255005,-0.050406999005588204,0.16846206784248352,-0.2311144471168518,-0.06503959284594885,0.07029110193252563,-0.2936076521873474,-0.0032935787966721364,0.11629804968833923,-0.35746705532073975,-0.05494957701733938,0.138577401638031,-0.3042646050453186,-0.09734822349122396,0.14735469222068787,-0.24673807621002197,-0.11735523031524053,0.027216345071792603,-0.3136017322540283,-0.015764246745618493,0.0424288809299469,-0.44374918937683105,-0.046761362864288,0.06056734919548035,-0.5191406607627869,-0.07364812777808538,0.07898318767547607,-0.5874421894550323,-0.09137510792783132,-0.016397923231124878,-0.30530744791030884,-0.035925316675218255,-0.007216811180114746,-0.42754751443862915,-0.06336479918530813,0.011830300092697144,-0.49918729066848755,-0.07767588929704061,0.035007625818252563,-0.5612691640853882,-0.08385810540488592,-0.06052783131599426,-0.27376651763916016,-0.05966524319222799,-0.06740708649158478,-0.36328351497650146,-0.07558816955855718,-0.06419101357460022,-0.4303387999534607,-0.07739755050710073,-0.05323430895805359,-0.4920582175254822,-0.07620735005906454,-1.2955631977980744,0.5464223733406767,-1.3839609445431498,-1.372599972527369,-1.5373969344308782,0.026260599606264264,0.3673907047759462,0.3561070418182898,0.34240463606901955,0.3474966984243804,0.33399351575935504,0.31688786522825785,0.05117496749054686,0.16303241554088144,0.11214630701357951,F
0.0,0.0,0.0,0.07679960131645203,-0.059924185276031494,-0.021063450232503556,0.13648667931556702,-0.12400990724563599,-0.03637640501594319,0.17368730902671814,-0.17211127281188965,-0.05649645577406659,0.17153224349021912,-0.22821617126464844,-0.07299500282144322,0.07089078426361084,-0.29418712854385376,-0.005405523322878025,0.11644384264945984,-0.3556476831436157,-0.056483678028342865,0.13969525694847107,-0.3033943772315979,-0.09787216360902562,0.14838343858718872,-0.2446640133857727,-0.11724670554733052,0.02791118621826172,-0.31422096490859985,-0.017536740258691452,0.044661253690719604,-0.4454891085624695,-0.04728580589627995,0.061206698417663574,-0.5209313035011292,-0.07233705695009007,0.07881966233253479,-0.5898753702640533,-0.0889307888898827,-0.015230417251586914,-0.3064218759536743,-0.03751922722196355,-0.004630535840988159,-0.42902615666389465,-0.0638816836032845,0.014581948518753052,-0.5010343194007874,-0.07655655171012654,0.037585943937301636,-0.5629031956195831,-0.08189545150136723,-0.05919088423252106,-0.2746557593345642,-0.06138956870174184,-0.06639543175697327,-0.36528265476226807,-0.07673252697324529,-0.06332650780677795,-0.4330899119377136,-0.07744230653381123,-0.05336606502532959,-0.49461108446121216,-0.0754958050999619,-1.2463695524551544,0.568652093146651,-1.3881718118097814,-1.367708530951772,-1.5443206861042962,0.02839715969740625,0.37335371824291685,0.3604955137522249,0.34863376048535466,0.35215053582885714,0.33697516515247256,0.32121083503999104,0.049271875727936225,0.16293664617468062,0.11373689102839873,F
0.0,0.0,0.0,0.07792100310325623,-0.05770444869995117,-0.021832582395887812,0.143672376871109,-0.12069618701934814,-0.03389128748736425,0.17809456586837769,-0.17518407106399536,-0.04969034050068899,0.17207133769989014,-0.23248553276062012,-0.06149850491843267,0.07117539644241333,-0.2911427617073059,-0.002113248309484561,0.11498105525970459,-0.3510042428970337,-0.050313011598206,0.13584044575691223,-0.30142319202423096,-0.08845245916805311,0.14261791110038757,-0.24428921937942505,-0.10539605547151609,0.026994824409484863,-0.31388431787490845,-0.01237728618494316,0.04367056488990784,-0.44319140911102295,-0.04234625850281759,0.060092270374298096,-0.5188084244728088,-0.06663627256116911,0.07684621214866638,-0.5877655148506165,-0.08127845902404829,-0.01628267765045166,-0.30812573432922363,-0.030592107069111307,-0.006741911172866821,-0.42884010076522827,-0.0588472828682427,0.011981844902038574,-0.4995742440223694,-0.07175760049781843,0.03424200415611267,-0.5590454638004303,-0.07543033440074964,-0.061705201864242554,-0.2774685025215149,-0.05244179148635908,-0.0683838278055191,-0.36798787117004395,-0.06896753687820478,-0.06728529930114746,-0.43525779247283936,-0.07011388320884748,-0.05871294438838959,-0.4962366819381714,-0.06731814969739958,-1.3220189783846585,0.5804568343384969,-1.3907491269773462,-1.3720953894715995,-1.5571194250323603,0.03173060598613332,0.3678201873335862,0.35445495305588187,0.35046548125526084,0.3497168596645135,0.3328916199125621,0.3225083522354634,0.051380539808356204,0.16356592608288661,0.11218540697404403,F
0.0,0.0,0.0,0.07816576957702637,-0.05709958076477051,-0.022170324606406666,0.14205259084701538,-0.11924159526824951,-0.03603020755718944,0.1789221465587616,-0.17103856801986694,-0.05372466964792011,0.1717771589756012,-0.22882980108261108,-0.06766714228461979,0.0711025595664978,-0.2885895371437073,-0.005882709083664395,0.11600789427757263,-0.35245317220687866,-0.05646620763610599,0.13672995567321777,-0.304138720035553,-0.09654104782413242,0.14365419745445251,-0.24683576822280884,-0.11481174899410007,0.026440858840942383,-0.31073540449142456,-0.01670720501016376,0.04262334108352661,-0.44148555397987366,-0.04921796990703342,0.0601595938205719,-0.5167588591575623,-0.07526940180133579,0.07835501432418823,-0.584690511226654,-0.09139796419214008,-0.01750093698501587,-0.30478984117507935,-0.035380855930554844,-0.009151548147201538,-0.4252769947052002,-0.06465617640088794,0.010472148656845093,-0.49445435404777527,-0.07823941929410694,0.034614115953445435,-0.5525038540363312,-0.08277618212770221,-0.06301702558994293,-0.2738528847694397,-0.057708673907029606,-0.07137425243854523,-0.36380237340927124,-0.07396187706063984,-0.06920880079269409,-0.4309347867965698,-0.07522729857038257,-0.059155791997909546,-0.4913392961025238,-0.07307556344341037,-1.305930270182103,0.5222130817275655,-1.3835181917396528,-1.36343642630139,-1.5530442844647332,0.03339334989745549,0.36791920598888567,0.3515374701601315,0.34963018007738333,0.3441072662523622,0.32453461765834646,0.31766943033174244,0.054306970927929805,0.16620370399153303,0.11195489620576522,F
0.0,0.0,0.0,0.07867974042892456,-0.05691885948181152,-0.02231470268134217,0.14112746715545654,-0.1193464994430542,-0.034999340361991926,0.1771881878376007,-0.17117756605148315,-0.05120487470094304,0.17498937249183655,-0.2308446168899536,-0.0633226219183598,0.07091692090034485,-0.2906222939491272,-0.0053460631138477765,0.11639299988746643,-0.35105252265930176,-0.05485951859418492,0.1377917230129242,-0.2997779846191406,-0.09339929703537564,0.14508488774299622,-0.24282622337341309,-0.11029985878531079,0.027929633855819702,-0.31297409534454346,-0.015280975549558207,0.04436579346656799,-0.44399094581604004,-0.045971285141149565,0.060754597187042236,-0.519375205039978,-0.07045536074701886,0.07656043767929077,-0.588665097951889,-0.08512563589874844,-0.015107512474060059,-0.30695080757141113,-0.03298301208678822,-0.00536423921585083,-0.4272117614746094,-0.061393536216655775,0.013239234685897827,-0.4981246888637543,-0.07365560863081555,0.03504723310470581,-0.5586009323596954,-0.07681487832132916,-0.06055198609828949,-0.2763468027114868,-0.0542584206527863,-0.06895971298217773,-0.36571961641311646,-0.07124717119995694,-0.06736145913600922,-0.43272846937179565,-0.072097632623354,-0.05866827070713043,-0.4934004545211792,-0.06868543807331662,-1.2759491020407583,0.572449681275435,-1.3961964159897426,-1.3740705874637962,-1.5621179742986646,0.03221547922999287,0.3711115086813225,0.3563818243212581,0.3514704284851433,0.35256223199066583,0.3343978951394087,0.3229594322723777,0.05125622115222873,0.16541510166801587,0.11416522222234379,F
0.0,0.0,0.0,0.07752776145935059,-0.054136037826538086,-0.025436985288536107,0.14505848288536072,-0.11782181262969971,-0.03910175429729179,0.1825268566608429,-0.17197006940841675,-0.05565063374189094,0.17428115010261536,-0.23009556531906128,-0.06783710511473373,0.0738932192325592,-0.29094988107681274,-0.00735757172179774,0.12058871984481812,-0.3519608974456787,-0.05657098161128715,0.14098945260047913,-0.30040132999420166,-0.09569630863217071,0.14709144830703735,-0.2440434694290161,-0.11321455331591324,0.028957664966583252,-0.3155847191810608,-0.015715156663929974,0.04757136106491089,-0.44356071949005127,-0.04532293694165901,0.06533199548721313,-0.5190842747688293,-0.07089965881851867,0.08241021633148193,-0.5888675153255463,-0.08708081485775665,-0.014876365661621094,-0.3104379177093506,-0.031965472717558896,-0.0037172436714172363,-0.4299491047859192,-0.05918018983749107,0.014980614185333252,-0.4998426139354706,-0.07331937642840103,0.03688076138496399,-0.5593546032905579,-0.07858435155895904,-0.06066003441810608,-0.2802726626396179,-0.05212489606884674,-0.06500773131847382,-0.3704671859741211,-0.06852030100372986,-0.06320777535438538,-0.4368972182273865,-0.0707068154409285,-0.05394117534160614,-0.49700140953063965,-0.06896737309244827,-1.3161655579318667,0.56989007538145,-1.3776406043602827,-1.3657879842056406,-1.539805016380309,0.030558532569365183,0.3703479182922941,0.3567777752406631,0.35117539706742484,0.35083797456707555,0.3340172250781184,0.323112728365061,0.05425811685372033,0.164411323834792,0.1101659882306105,F
0.0,0.0,0.0,0.0775025486946106,-0.05349016189575195,-0.02694585650164072,0.14498499035835266,-0.11567801237106323,-0.04173555142182295,0.18371909856796265,-0.17020612955093384,-0.05911308444041197,0.17372289299964905,-0.2274988889694214,-0.07213621503609602,0.07424801588058472,-0.2914210557937622,-0.0088257902388591,0.12179028987884521,-0.35237425565719604,-0.05749187535542433,0.14212188124656677,-0.30090266466140747,-0.09563144213456098,0.14697811007499695,-0.24426794052124023,-0.11243783599633161,0.02938273549079895,-0.3167192339897156,-0.01663887790340368,0.048549383878707886,-0.4462275505065918,-0.04573257557052557,0.06676170229911804,-0.5218178629875183,-0.07086175597208921,0.08461719751358032,-0.5917682945728302,-0.08690936780470793,-0.015016108751296997,-0.31151384115219116,-0.03236371568340246,-0.002849370241165161,-0.4323163628578186,-0.05912036365765516,0.01675313711166382,-0.5028548836708069,-0.07369378871220533,0.039553284645080566,-0.5629791617393494,-0.07963701999682371,-0.06199054419994354,-0.2810644507408142,-0.052070434307040614,-0.06550665199756622,-0.37092679738998413,-0.06837857431668226,-0.06282876431941986,-0.4377589821815491,-0.07099751300114576,-0.05256326496601105,-0.498598575592041,-0.06985140508908216,-1.3192408821025456,0.5752004639127335,-1.3726155413672299,-1.3571039312764392,-1.5274864134595532,0.03156714278540775,0.3750093663186518,0.36131495571565203,0.35312953058862445,0.35305152525017225,0.33632861259337793,0.32326588482048807,0.053474951260599965,0.16582845299005175,0.11238469017140944,F
0.0,0.0,0.0,0.0793721079826355,-0.06023460626602173,-0.02233604307951964,0.14513370394706726,-0.12319350242614746,-0.03642308678212203,0.18492010235786438,-0.1757248044013977,-0.05436698686065711,0.1737469732761383,-0.23379331827163696,-0.0680570524531845,0.07442009449005127,-0.29885512590408325,-0.004920750052804124,0.12222087383270264,-0.3573291301727295,-0.05354846235098876,0.14416208863258362,-0.30372029542922974,-0.09063334729256667,0.15069317817687988,-0.2459920048713684,-0.10637626763167418,0.029673635959625244,-0.32356882095336914,-0.01601917076590098,0.047129303216934204,-0.45694661140441895,-0.04494480009856261,0.06457903981208801,-0.5323266983032227,-0.06772906299414672,0.08273723721504211,-0.6021446287631989,-0.08132349665942229,-0.015679597854614258,-0.3175448775291443,-0.034933183004284274,-0.005105048418045044,-0.4403364062309265,-0.06207489933552779,0.014020353555679321,-0.5119858384132385,-0.0732200887400154,0.03704765439033508,-0.572417825460434,-0.07595440711560286,-0.06326405704021454,-0.28537875413894653,-0.05764203112306632,-0.06831847131252289,-0.37795132398605347,-0.07422126795830764,-0.0653836727142334,-0.4466950595378876,-0.07459884848179854,-0.05460137128829956,-0.5077403485774994,-0.070995196362162,-1.3176370416121737,0.6060645373358039,-1.3825694778290312,-1.3667974674179308,-1.5318583649079232,0.026082281787394662,0.37942780604320686,0.3651756572564745,0.35663698893794,0.36257785566281403,0.34564305493378994,0.3326530436851794,0.054508905816362134,0.16665551746946214,0.11217272361757812,F
0.0,0.0,0.0,0.08039891719818115,-0.0582503080368042,-0.022919801617916846,0.1426355540752411,-0.11980676651000977,-0.03671380653506162,0.18164154887199402,-0.16740548610687256,-0.05469631179695966,0.1832733452320099,-0.22887617349624634,-0.06803646087175252,0.0724470317363739,-0.3004429340362549,-0.002501616110038185,0.12305498123168945,-0.35755932331085205,-0.053260432179030204,0.1454293429851532,-0.30121731758117676,-0.09419816880946996,0.1517183482646942,-0.2422361969947815,-0.11209167688613775,0.02745881676673889,-0.3257681727409363,-0.012621227274593139,0.046626538038253784,-0.4571687579154968,-0.04220953732257726,0.0658089816570282,-0.5351439416408539,-0.06791510581498983,0.0838574469089508,-0.6070937514305115,-0.083586202557143,-0.017636239528656006,-0.31935369968414307,-0.0309006232721174,-0.006833761930465698,-0.4421786665916443,-0.05816599502688291,0.012190461158752441,-0.5146292746067047,-0.07150496690994146,0.034453779458999634,-0.5765166878700256,-0.07549641429906728,-0.0640392154455185,-0.2861568331718445,-0.052963198716696525,-0.06867563724517822,-0.37778884172439575,-0.06988715528970602,-0.06628909707069397,-0.4467746615409851,-0.07108704894309881,-0.05624417960643768,-0.5080934166908264,-0.06764482110267522,-1.2141432583215177,0.6333592033966396,-1.372944471748456,-1.370943865866975,-1.5356879515234796,0.03426671944450932,0.39106528495616016,0.3781549819729117,0.36787350217420883,0.3711147221030656,0.3542519240272093,0.337532923228331,0.05810059529374338,0.1715503775304126,0.113612780167981,F
0.0,0.0,0.0,0.08081284165382385,-0.058986783027648926,-0.024689491323726998,0.14265623688697815,-0.11925899982452393,-0.03995631770004593,0.18143481016159058,-0.16908550262451172,-0.059210763729709015,0.18085652589797974,-0.23346352577209473,-0.0741818560730394,0.07258400321006775,-0.299932062625885,-0.005069543093043194,0.12165036797523499,-0.3588021993637085,-0.05585175887455307,0.14506173133850098,-0.30583399534225464,-0.09583059088100754,0.1526244580745697,-0.24766987562179565,-0.11319635943283402,0.027775585651397705,-0.3256012201309204,-0.015188321888047085,0.04685297608375549,-0.4588397741317749,-0.04506599292864166,0.06595653295516968,-0.5361406803131104,-0.06989941880812012,0.08515441417694092,-0.607507199048996,-0.08505752072443329,-0.017346084117889404,-0.31969666481018066,-0.033633300520079956,-0.0066509246826171875,-0.44347578287124634,-0.06158494339098297,0.012426525354385376,-0.51724773645401,-0.07452181116451584,0.03524318337440491,-0.5798521935939789,-0.07846243814339005,-0.06488056480884552,-0.28707218170166016,-0.056067721403735504,-0.07003162801265717,-0.37985938787460327,-0.07383906976093613,-0.06705404818058014,-0.4496411681175232,-0.0753480432998117,-0.056454747915267944,-0.5117467939853668,-0.07237175241817795,-1.248004998999949,0.5784442425386563,-1.3700003205471478,-1.3713386471323323,-1.5333115836380595,0.03160490515153813,0.3860926879731646,0.3757503888438541,0.36572970626724616,0.366108052567544,0.3523115893972382,0.3368244842492024,0.05706075960711568,0.17094797444371143,0.11422283510163062,F
0.0,0.0,0.0,0.08052000403404236,-0.059449732303619385,-0.02285437999140072,0.14514577388763428,-0.1232309341430664,-0.03656070088814545,0.183558851480484,-0.17389965057373047,-0.05405087178419876,0.18235936760902405,-0.23535364866256714,-0.06727056732248116,0.07034355401992798,-0.30231213569641113,-0.005717954280186177,0.1218424141407013,-0.36057090759277344,-0.056525015885341645,0.14631137251853943,-0.30654025077819824,-0.09747504969905663,0.15447601675987244,-0.24947243928909302,-0.11595705678533363,0.026048749685287476,-0.32812362909317017,-0.01648940672944832,0.046561211347579956,-0.4598756432533264,-0.04677413558434296,0.06586387753486633,-0.5369429588317871,-0.07303355416129875,0.08423832058906555,-0.6072730422019958,-0.08971229722570229,-0.018252819776535034,-0.32218605279922485,-0.03511700188587952,-0.007177114486694336,-0.4452303349971771,-0.06295208414863396,0.01180693507194519,-0.5179592967033386,-0.07769840737651634,0.03412625193595886,-0.5802625417709351,-0.0834290363438015,-0.06395883858203888,-0.2897200584411621,-0.05744522964428711,-0.06873206794261932,-0.3834525942802429,-0.07510059108804512,-0.06648994982242584,-0.45267319679260254,-0.07746095737289238,-0.056720033288002014,-0.5148670673370361,-0.07561665555309105,-1.250335806251349,0.5607921521730987,-1.365286120029029,-1.3705567330288815,-1.538655937345739,0.03125414377858653,0.38464499887432485,0.37541337366612804,0.3678134189400516,0.3646294083150992,0.3520030650336995,0.33917264063088925,0.05692790667352887,0.1685470905073006,0.11193576557753103,F
0.0,0.0,0.0,0.07839840650558472,-0.05775398015975952,-0.024234368884350488,0.1452673077583313,-0.12205511331558228,-0.038852365174676606,0.18430572748184204,-0.17553603649139404,-0.05725395069399042,0.17419373989105225,-0.23093849420547485,-0.0714403218118207,0.07370051741600037,-0.2981055974960327,-0.005340171465064714,0.1255960464477539,-0.3593405485153198,-0.057008871295835206,0.14807677268981934,-0.30314797163009644,-0.09833096475281877,0.15429165959358215,-0.24367129802703857,-0.11708409101643724,0.029898881912231445,-0.3217301368713379,-0.015835014590408036,0.04831930994987488,-0.45451879501342773,-0.04733178527035875,0.06726139783859253,-0.5318822264671326,-0.07410315186658067,0.08574581146240234,-0.6030333042144775,-0.09110659123339815,-0.014396309852600098,-0.3156315088272095,-0.034583078184510896,-0.002884984016418457,-0.437572181224823,-0.06312095136323137,0.017618626356124878,-0.5090788900852203,-0.07811568439879579,0.041319191455841064,-0.5702714920043945,-0.08407186479249162,-0.06096485257148743,-0.2840673327445984,-0.057299902149821946,-0.06594505906105042,-0.3747236132621765,-0.07380970329919023,-0.06299667060375214,-0.4423975348472595,-0.07576787234225435,-0.052475541830062866,-0.5041547417640686,-0.074209911235954,-1.3111299452599758,0.5940503332658315,-1.3748152711025492,-1.3553898878319732,-1.5322429888031879,0.02362661832182877,0.38246252584920704,0.36442081309533203,0.3550015228220367,0.365840928255825,0.34558713121755485,0.33257224785851974,0.0552001893519953,0.16994738191057815,0.11475572602060209,F
0.0,0.0,0.0,0.08141294121742249,-0.06261241436004639,-0.02259459221039606,0.1430312991142273,-0.12662547826766968,-0.03626849004302812,0.1800638735294342,-0.17976832389831543,-0.05429782965455843,0.18278425931930542,-0.24600905179977417,-0.06780256205473734,0.0703856348991394,-0.30562514066696167,-0.0005085270060476432,0.12105435132980347,-0.36587315797805786,-0.05015472942267252,0.14469116926193237,-0.31057143211364746,-0.08984494828854395,0.15152570605278015,-0.25091177225112915,-0.10715146237288309,0.026801377534866333,-0.3296857476234436,-0.01069549531911207,0.045501530170440674,-0.46148502826690674,-0.03847291567598177,0.0641358494758606,-0.5376337766647339,-0.06297295415077997,0.08263102173805237,-0.60898557305336,-0.07847673320446802,-0.017159387469291687,-0.3228168487548828,-0.029252811011417634,-0.006774246692657471,-0.44532638788223267,-0.05532401674662424,0.013363063335418701,-0.5171429514884949,-0.06822904073868585,0.03639581799507141,-0.5778858065605164,-0.07276847088013483,-0.06363978981971741,-0.2901332378387451,-0.051706696536882646,-0.06963926553726196,-0.38172048330307007,-0.06867430978689981,-0.0671873390674591,-0.45134198665618896,-0.07028878354702783,-0.057367101311683655,-0.5134032666683197,-0.06766689443264795,-1.2493591470132799,0.5932738570233165,-1.3735051540620558,-1.3638389622152638,-1.5427090866011772,0.03164069879348956,0.37654033778515916,0.36272821244543485,0.35940553996576247,0.3646413640109713,0.3466509919742577,0.33546682341176,0.05572153570267388,0.16951534370472998,0.11379579512387,F
0.0,0.0,0.0,0.08099338412284851,-0.05976909399032593,-0.021314706775939385,0.14897361397743225,-0.1262742280960083,-0.03433446784654848,0.18559658527374268,-0.1822090744972229,-0.051593618590032975,0.17149853706359863,-0.23643118143081665,-0.06513080199400179,0.07279208302497864,-0.30164843797683716,-0.002511381759887854,0.11918202042579651,-0.3649060130119324,-0.05328878213802568,0.14186793565750122,-0.3108859062194824,-0.09445111652055971,0.14912346005439758,-0.25043821334838867,-0.1134866048876404,0.027977973222732544,-0.3242168426513672,-0.014383467968201558,0.04516524076461792,-0.45519667863845825,-0.04494771932402841,0.06486323475837708,-0.5319914221763611,-0.07160860498586885,0.08397316932678223,-0.6020241379737854,-0.08897996147314302,-0.016613423824310303,-0.3170661926269531,-0.03434257035294763,-0.005790233612060547,-0.438978910446167,-0.06230334391037218,0.015885084867477417,-0.5099439918994904,-0.07770598878303758,0.04093480110168457,-0.5701985955238342,-0.084430957335627,-0.06315428018569946,-0.28442156314849854,-0.05800977547804109,-0.07050025463104248,-0.3761110305786133,-0.07467965235153429,-0.0675487369298935,-0.4450128972530365,-0.07727597107330553,-0.056933507323265076,-0.5080024600028992,-0.07655861427227251,-1.3690965542285038,0.59092316628648,-1.371899980761185,-1.3472516093052942,-1.5429801383539434,0.02639774638690884,0.37592406130932077,0.358395836832227,0.3548692128771355,0.357571283489863,0.33756701251006954,0.32984665370378496,0.05352724812385501,0.1693952993828991,0.11595932505710607,F
0.0,0.0,0.0,0.0793260931968689,-0.06003069877624512,-0.024052432582976735,0.1482277512550354,-0.1292346715927124,-0.0393756039750599,0.1877606213092804,-0.18732845783233643,-0.058872748942377484,0.17487311363220215,-0.24237149953842163,-0.0748593293440365,0.07267811894416809,-0.30337250232696533,-0.006548333757820046,0.11885708570480347,-0.37137293815612793,-0.059367471219303525,0.14258933067321777,-0.32200342416763306,-0.10153111147999994,0.1496410071849823,-0.25971299409866333,-0.12093453931927911,0.02507418394088745,-0.32657283544540405,-0.01854225698232881,0.04249033331871033,-0.46038973331451416,-0.04947383034348718,0.061366915702819824,-0.5406292080879211,-0.075968840004208,0.07884803414344788,-0.6124545037746429,-0.093502417982819,-0.021581977605819702,-0.31925302743911743,-0.03909747007608644,-0.010945796966552734,-0.4426146149635315,-0.06792414265990487,0.009805887937545776,-0.5162650048732758,-0.08450533527255288,0.033022552728652954,-0.5786315500736237,-0.0925989829313778,-0.07016468048095703,-0.28483766317367554,-0.06361831057191125,-0.08333535492420197,-0.37510624527931213,-0.08211988288283578,-0.08403636515140533,-0.44406577944755554,-0.08631014901519052,-0.07692807912826538,-0.5087404847145081,-0.08693641501784555,-1.339496857662111,0.5160131507019255,-1.3848704780733274,-1.3633055435898522,-1.6009939930422141,0.03061677039380094,0.38233786879581855,0.3649553441375919,0.3665464185329496,0.3597752321666246,0.3395716555676237,0.33667230648695257,0.056955833274204754,0.18714378219873526,0.1302839301785441,F
0.0,0.0,0.0,0.0816400945186615,-0.0597834587097168,-0.021856358232611228,0.15215271711349487,-0.12864553928375244,-0.03520203750085216,0.19339320063591003,-0.1857190728187561,-0.05281004677962642,0.18254873156547546,-0.24467581510543823,-0.06659619505953174,0.0771438479423523,-0.3035484552383423,-0.004090412943327237,0.12473830580711365,-0.3700408935546875,-0.05710907648753505,0.14823603630065918,-0.32100892066955566,-0.09901607032369952,0.15567949414253235,-0.25898367166519165,-0.11757883425306659,0.02899119257926941,-0.3267744183540344,-0.016184283378237296,0.047195762395858765,-0.46129029989242554,-0.04855649541568141,0.06569981575012207,-0.5447364449501038,-0.07461342211317401,0.08272096514701843,-0.6194949150085449,-0.09038991476845126,-0.018556803464889526,-0.3203415274620056,-0.03660908709716182,-0.008328497409820557,-0.4435262084007263,-0.06580583746981006,0.012161314487457275,-0.5172227025032043,-0.07906576241802554,0.03545588254928589,-0.5794785618782043,-0.08317673947166782,-0.06817172467708588,-0.28705763816833496,-0.06083825226377826,-0.08047342300415039,-0.3789430260658264,-0.07740091528248172,-0.08035203814506531,-0.4480607211589813,-0.07786881919454913,-0.07286056876182556,-0.5109484195709229,-0.07457090164970737,-1.3145874184307786,0.5161391538653269,-1.3892638810214055,-1.3653055055445937,-1.5917358167624784,0.030441266054896037,0.3878852157536725,0.36569001282273006,0.36896478230654195,0.3678196616959998,0.3423020470829452,0.3401717133148001,0.061929771118764826,0.18970491655520813,0.12817501327984573,F
0.0,0.0,0.0,0.08212372660636902,-0.06176823377609253,-0.023988947559331564,0.14891669154167175,-0.13120412826538086,-0.040843757156466154,0.1889801323413849,-0.1881333589553833,-0.06254408723506799,0.17685970664024353,-0.24288606643676758,-0.08115698612127176,0.07714232802391052,-0.30723559856414795,-0.006680734742616323,0.12346720695495605,-0.3736540675163269,-0.06350853509101739,0.1481180489063263,-0.32103854417800903,-0.11096894210967889,0.15714675188064575,-0.2589138150215149,-0.1338096655050265,0.029221385717391968,-0.3303290605545044,-0.01973678945395818,0.04712042212486267,-0.46581655740737915,-0.0510721153655993,0.06624415516853333,-0.5468309223651886,-0.07888081884775033,0.08428758382797241,-0.6200460195541382,-0.09784051990899911,-0.0189686119556427,-0.3225959539413452,-0.041654384050701765,-0.0065424442291259766,-0.44917261600494385,-0.07014047569427362,0.014279365539550781,-0.5240626037120819,-0.08644616073760858,0.03767910599708557,-0.5887085497379303,-0.09476043498906961,-0.06872899830341339,-0.28762441873550415,-0.06777744210157266,-0.08124105632305145,-0.3787343502044678,-0.08559116191062799,-0.08033493161201477,-0.4477967619895935,-0.08873026287946573,-0.0718969851732254,-0.513055145740509,-0.08883926487359872,-1.3256278010770872,0.54334735030677,-1.3829678337710245,-1.3610557612437801,-1.5848484411194739,0.025406481654290863,0.38835451350211886,0.3727793309076741,0.36724817648806984,0.36840864202664975,0.3507664257873472,0.3421240264337248,0.056163931666096976,0.18931631380706163,0.13315538777143543,F
0.0,0.0,0.0,0.08125066757202148,-0.06366515159606934,-0.02470287529533266,0.14510631561279297,-0.12941902875900269,-0.04183018987779974,0.18544381856918335,-0.18269747495651245,-0.06361018528943418,0.17967796325683594,-0.24371683597564697,-0.0815649073362863,0.07469940185546875,-0.30937623977661133,-0.006177908626995077,0.12454935908317566,-0.37495410442352295,-0.06252371927504896,0.14766737818717957,-0.320697546005249,-0.10819115897422193,0.15515097975730896,-0.25837594270706177,-0.12903750350480436,0.027727782726287842,-0.3319106698036194,-0.018173404389671077,0.04657605290412903,-0.46657729148864746,-0.05112998967771887,0.06623101234436035,-0.5474252700805664,-0.0785548131704843,0.08582711219787598,-0.6211130321025848,-0.09605596622233747,-0.01990582048892975,-0.3239545226097107,-0.03911710565691351,-0.008541285991668701,-0.4476861357688904,-0.06872244586949705,0.013001203536987305,-0.5216306149959564,-0.0833760838747537,0.03762820363044739,-0.584244966506958,-0.08898060431485533,-0.06975340843200684,-0.2891141176223755,-0.06429943850045561,-0.08017529547214508,-0.3815310001373291,-0.08191855659489988,-0.07896803319454193,-0.4520884156227112,-0.08344424178605436,-0.07068932056427002,-0.5163260698318481,-0.08116876741652845,-1.277075101594232,0.5649918354966209,-1.372540268871257,-1.3532563591583109,-1.574915418374259,0.028573804957496982,0.3888905644208577,0.36896821257808154,0.3701345312067265,0.3693020371410555,0.34641337096143066,0.3428441472929565,0.06068269150140577,0.1883552526119624,0.12785015671964364,F
0.0,0.0,0.0,0.08076250553131104,-0.05784034729003906,-0.026147392104803657,0.14702469110488892,-0.11992102861404419,-0.04387494781190071,0.18873465061187744,-0.17399853467941284,-0.06523256235891495,0.1804085671901703,-0.23574835062026978,-0.08267529540830765,0.08021938800811768,-0.29563623666763306,-0.010133169117807483,0.12696275115013123,-0.36198174953460693,-0.06532532953792725,0.14806783199310303,-0.31252825260162354,-0.10862883412414703,0.1547541320323944,-0.25167638063430786,-0.12788228177601013,0.033506035804748535,-0.3200535774230957,-0.02023313054019127,0.054533809423446655,-0.455951452255249,-0.053898463483392334,0.07326185703277588,-0.535625696182251,-0.07898583495193634,0.09197807312011719,-0.6084079742431641,-0.09385621034675751,-0.01322813332080841,-0.31567519903182983,-0.03884306409531746,-0.001043945550918579,-0.4368569850921631,-0.06776833021217499,0.020381808280944824,-0.5084046125411987,-0.07833913200670395,0.04481911659240723,-0.5685479640960693,-0.08040568464571152,-0.062774658203125,-0.2846382260322571,-0.06179959559017334,-0.07285726070404053,-0.3748272955417633,-0.07616889708810959,-0.07012975215911865,-0.44248631596565247,-0.07389936828190002,-0.06085610389709473,-0.5026220381259918,-0.06876333289915237,-1.2901806013647081,0.5328784141888709,-1.370730681158958,-1.3451542196822432,-1.5619951926634246,0.030196890293416392,0.38300802519037497,0.359360657060626,0.3597640985392344,0.3622130083959877,0.33540022066980557,0.3308496589865305,0.06174777396561703,0.185873478325217,0.12455312095855725,F
0.0,0.0,0.0,0.08006212115287781,-0.05923086404800415,-0.026253843131200938,0.14686396718025208,-0.12304908037185669,-0.04424096775306907,0.18850764632225037,-0.1767491102218628,-0.06627396625532356,0.17930522561073303,-0.2372099757194519,-0.08423518520845619,0.07965078949928284,-0.30031055212020874,-0.009170524227158694,0.12693223357200623,-0.3674057722091675,-0.06530268621696678,0.1485152244567871,-0.3136342167854309,-0.10895785075678077,0.1544989049434662,-0.2503558397293091,-0.1280736340309545,0.032657086849212646,-0.3232324719429016,-0.020068084272281794,0.05293726921081543,-0.45818889141082764,-0.05420792234195915,0.07350116968154907,-0.5387092232704163,-0.08033771944297996,0.09399378299713135,-0.6134996116161346,-0.09606129807485786,-0.014570534229278564,-0.31714558601379395,-0.039788567843572764,-0.0022788941860198975,-0.4393562972545624,-0.07022767645372596,0.020022869110107422,-0.5117632448673248,-0.0829674689198896,0.0449410080909729,-0.5727127194404602,-0.08645360303177085,-0.06456686556339264,-0.28506726026535034,-0.06379307192815986,-0.07310980558395386,-0.37794455885887146,-0.08060389143480506,-0.07099562883377075,-0.44807201623916626,-0.0805611847068235,-0.06199502944946289,-0.5109385848045349,-0.07685267311586585,-1.2939237144440128,0.5885201079944,-1.3625486507309454,-1.3420126673646835,-1.5594105301085757,0.028074317188721234,0.3858392571059507,0.36140812662974525,0.3649015819693987,0.3681497913104551,0.34046569674469573,0.3387816268038602,0.06379455540517812,0.18668495876515717,0.12349639603999348,F
0.0,0.0,0.0,0.08171692490577698,-0.05896419286727905,-0.02485529656192398,0.14877399802207947,-0.12188178300857544,-0.041119407365528104,0.1892562210559845,-0.17822325229644775,-0.06117539430638885,0.1806141436100006,-0.24074167013168335,-0.07721073875805473,0.0781988799571991,-0.298164427280426,-0.0076834284388098695,0.12366664409637451,-0.36286288499832153,-0.061423159638849256,0.14668181538581848,-0.3095836043357849,-0.10332798163076973,0.15508192777633667,-0.24727469682693481,-0.12197491476914024,0.03265291452407837,-0.3220762014389038,-0.018425467858520506,0.05222851037979126,-0.45713016390800476,-0.0513321566083107,0.07155877351760864,-0.5368130207061768,-0.07682056675335502,0.09095194935798645,-0.6103959083557129,-0.09233054469009971,-0.013516396284103394,-0.31732213497161865,-0.037576119849887846,-0.0016276538372039795,-0.43914085626602173,-0.06727289358755684,0.020273149013519287,-0.5106030702590942,-0.07955551842829323,0.04489010572433472,-0.5703512132167816,-0.08292669008156395,-0.06279601156711578,-0.28621816635131836,-0.060805838058200834,-0.07276874780654907,-0.37750399112701416,-0.07723171214243507,-0.07093316316604614,-0.4468269944190979,-0.07692294518133735,-0.06250382959842682,-0.5085365474224091,-0.0731180826821003,-1.3090618191785108,0.5847029467717567,-1.371283647367572,-1.3439405337791006,-1.5694820773879994,0.0263547810307289,0.3803729287358309,0.35645962653960817,0.3616910908498141,0.36874065194126027,0.3413512459179533,0.3400019358605497,0.06103499854756227,0.18418470486134464,0.12391331749000775,F
0.0,0.0,0.0,0.08289803564548492,-0.05097997188568115,-0.030101143002610797,0.15519745647907257,-0.11334145069122314,-0.045729609385233516,0.19438226521015167,-0.17282670736312866,-0.06309978123019278,0.18658949434757233,-0.2345726490020752,-0.075918564751845,0.08701904118061066,-0.29124462604522705,-0.014957608834009761,0.1363157480955124,-0.3550366163253784,-0.06651862914870321,0.15513016283512115,-0.3060147762298584,-0.10439603234837591,0.15880204737186432,-0.24607765674591064,-0.12027516420195639,0.039169684052467346,-0.31808221340179443,-0.022015027880769367,0.061104968190193176,-0.4543743431568146,-0.05493008549521505,0.08121846616268158,-0.5328834056854248,-0.07791856135438024,0.09988100826740265,-0.6002490222454071,-0.09057481046031057,-0.008181869983673096,-0.3148886561393738,-0.03742652218053877,0.004629418253898621,-0.43726658821105957,-0.06792882289002478,0.026160672307014465,-0.5084632635116577,-0.07879493589709341,0.04992218315601349,-0.5670397877693176,-0.08009596373150885,-0.05811932682991028,-0.28444308042526245,-0.05710354278991758,-0.06667965650558472,-0.37388408184051514,-0.07521556521962225,-0.06440922617912292,-0.4409864842891693,-0.07529462333033621,-0.056081488728523254,-0.5013137459754944,-0.07067471946785986,-1.3174180708093661,0.5616248363935543,-1.3588661787229677,-1.3443163129706692,-1.5614000438896056,0.03007502971924546,0.37581587447407216,0.3594611972221859,0.3606106194244724,0.35903905774849537,0.33892700450502433,0.3336471119794364,0.05998947791903392,0.18469566686798083,0.12472646480554127,F
0.0,0.0,0.0,0.08188682794570923,-0.05657297372817993,-0.02308876395426296,0.14962562918663025,-0.12066531181335449,-0.036607674809317814,0.18820089101791382,-0.17546051740646362,-0.05384760305486225,0.17957329750061035,-0.23422014713287354,-0.0672141756137421,0.07907968759536743,-0.29787033796310425,-0.005453361218940245,0.12652000784873962,-0.36151766777038574,-0.05712341845236324,0.1487848460674286,-0.3104937672615051,-0.09821812018952869,0.15666717290878296,-0.2509949803352356,-0.1166930864771416,0.03367328643798828,-0.32196229696273804,-0.016394780503731,0.05565112829208374,-0.45675522089004517,-0.04807061657510303,0.07647162675857544,-0.5369668006896973,-0.07368507936797641,0.09633657336235046,-0.609019547700882,-0.08934842005572818,-0.012610644102096558,-0.3171839714050293,-0.03557212606273197,5.066394805908203e-07,-0.4397980272769928,-0.06464909717641376,0.022023051977157593,-0.5120495557785034,-0.0785546000321915,0.047285616397857666,-0.5722654163837433,-0.08296138003669284,-0.061862483620643616,-0.2864009737968445,-0.05852362096510433,-0.0699092447757721,-0.3788294792175293,-0.07490034356914066,-0.06753784418106079,-0.4476308822631836,-0.07578491375051044,-0.05757041275501251,-0.5091423988342285,-0.07289574250779651,-1.3129388573000493,0.5434736785883673,-1.3558724765602734,-1.3401622516330485,-1.5515294133342876,0.02839164617952591,0.3839309090336531,0.3630077611214898,0.3630693925330886,0.36307213068340877,0.33938034413258383,0.33546658967585175,0.061293250427840736,0.18347426315824739,0.1223899595320789,F
0.0,0.0,0.0,0.08399009704589844,-0.055932700634002686,-0.024024278878925998,0.15296202898025513,-0.1155771017074585,-0.03868353834724303,0.19203132390975952,-0.17258882522583008,-0.05665843656635161,0.17998546361923218,-0.23266452550888062,-0.0708791660366046,0.08221369981765747,-0.29238396883010864,-0.007458779982982833,0.13212761282920837,-0.3536573648452759,-0.05870213082408782,0.1542544960975647,-0.3030869960784912,-0.09932659289216872,0.1616363823413849,-0.24519044160842896,-0.11766492298221465,0.037645041942596436,-0.31819844245910645,-0.017470057144521434,0.06059864163398743,-0.45019859075546265,-0.04898831343626853,0.08196660876274109,-0.5294651985168457,-0.0748849632439601,0.10206040740013123,-0.6010944545269012,-0.09103015533065673,-0.007722944021224976,-0.3153614401817322,-0.035352700412033755,0.004684865474700928,-0.43652182817459106,-0.06366619190549727,0.027104496955871582,-0.5077188014984131,-0.07693894675350066,0.052571892738342285,-0.5666638016700745,-0.08135653755044814,-0.056154727935791016,-0.28719156980514526,-0.057058204918860156,-0.06336991488933563,-0.3777161240577698,-0.07262916585779067,-0.05939266085624695,-0.44530564546585083,-0.0729543762502658,-0.04767221212387085,-0.5058395266532898,-0.06991877874708052,-1.3439710449072266,0.53614917703698,-1.346913666194811,-1.3353180570997925,-1.5320204600457588,0.022216826008095086,0.3765805717014272,0.357476900681458,0.3556017415241379,0.36085587594172963,0.33947044661015274,0.3342873513188077,0.06028750234980226,0.17746368257682046,0.11725388262630726,F
0.0,0.0,0.0,0.07957741618156433,-0.05596667528152466,-0.022280635150963235,0.14721998572349548,-0.11737930774688721,-0.03482882103591578,0.18691372871398926,-0.1699935793876648,-0.050209088089758325,0.18221411108970642,-0.23197972774505615,-0.06119937619834559,0.07970654964447021,-0.2956169843673706,-0.008026724520021844,0.1299740970134735,-0.35606980323791504,-0.05666814169555323,0.15031161904335022,-0.30311495065689087,-0.09477816692262309,0.15641048550605774,-0.24568289518356323,-0.11149761995940821,0.03437349200248718,-0.32326585054397583,-0.017919072720104623,0.05775359272956848,-0.45495176315307617,-0.04822847789793627,0.07919877767562866,-0.5317860841751099,-0.07335514000325816,0.09910225868225098,-0.6010812222957611,-0.08860058507590907,-0.011569321155548096,-0.32016420364379883,-0.0350067893293442,-0.0013143420219421387,-0.44188013672828674,-0.06224773249297755,0.019391626119613647,-0.5133638978004456,-0.07527372411161082,0.04391682147979736,-0.57284215092659,-0.07923334262042658,-0.05939789116382599,-0.2890022397041321,-0.05555055460601466,-0.06829111278057098,-0.38017746806144714,-0.0706876384344639,-0.06651715934276581,-0.44847428798675537,-0.07062379440932887,-0.05631929636001587,-0.5094379186630249,-0.06681376120715754,-1.274431450581961,0.5770763024377545,-1.3418881012313852,-1.3546348917098299,-1.5568312795577617,0.029216500322743814,0.37834308939131256,0.3678496049347261,0.3658978466417194,0.359989171748037,0.34595953963488896,0.3388519920310911,0.061990947976451306,0.18042825408587831,0.11860596944727964,F
0.0,0.0,0.0,0.07956966757774353,-0.05400186777114868,-0.02396248150276392,0.14749592542648315,-0.11971205472946167,-0.037962969947926695,0.18818464875221252,-0.17451810836791992,-0.055027939934603864,0.17535224556922913,-0.23127013444900513,-0.06825715731488913,0.07884132862091064,-0.2909681797027588,-0.011557996828429395,0.12871631979942322,-0.3513343334197998,-0.06184830944644659,0.1492869257926941,-0.30220335721969604,-0.10031746755944937,0.15498587489128113,-0.24638551473617554,-0.11720204036342352,0.03217518329620361,-0.3179444670677185,-0.022342306185834104,0.054869145154953,-0.4515291452407837,-0.05256523619996756,0.0763433575630188,-0.5295307636260986,-0.07550143133508413,0.09550708532333374,-0.5994249582290649,-0.08903002421962469,-0.01365727186203003,-0.3140925168991089,-0.04094692375170439,-0.007811248302459717,-0.4391788840293884,-0.06838306467639654,0.010248959064483643,-0.5145779848098755,-0.08198467325078695,0.03190299868583679,-0.578624039888382,-0.08675440828906744,-0.05981738865375519,-0.28093910217285156,-0.06336888353931158,-0.07761445641517639,-0.3713207542896271,-0.0794864712248966,-0.08238525688648224,-0.43938541412353516,-0.08111599515783041,-0.07937370240688324,-0.5013167858123779,-0.07892924975263327,-1.3260977782587564,0.5296898282965231,-1.3494859708890683,-1.4002395848195017,-1.6593044764957492,0.025362645284302657,0.37671371608586224,0.3758090233820896,0.3712283697199072,0.35801476934651344,0.35430471632525307,0.34628653517557173,0.0669190409435609,0.20052058101871637,0.13549507643767134,F
0.0,0.0,0.0,0.07956966757774353,-0.05400186777114868,-0.02396248150276392,0.14749592542648315,-0.11971205472946167,-0.037962969947926695,0.18818464875221252,-0.17451810836791992,-0.055027939934603864,0.17535224556922913,-0.23127013444900513,-0.06825715731488913,0.07884132862091064,-0.2909681797027588,-0.011557996828429395,0.12871631979942322,-0.3513343334197998,-0.06184830944644659,0.1492869257926941,-0.30220335721969604,-0.10031746755944937,0.15498587489128113,-0.24638551473617554,-0.11720204036342352,0.03217518329620361,-0.3179444670677185,-0.022342306185834104,0.054869145154953,-0.4515291452407837,-0.05256523619996756,0.0763433575630188,-0.5295307636260986,-0.07550143133508413,0.09550708532333374,-0.5994249582290649,-0.08903002421962469,-0.01365727186203003,-0.3140925168991089,-0.04094692375170439,-0.007811248302459717,-0.4391788840293884,-0.06838306467639654,0.010248959064483643,-0.5145779848098755,-0.08198467325078695,0.03190299868583679,-0.578624039888382,-0.08675440828906744,-0.05981738865375519,-0.28093910217285156,-0.06336888353931158,-0.07761445641517639,-0.3713207542896271,-0.0794864712248966,-0.08238525688648224,-0.43938541412353516,-0.08111599515783041,-0.07937370240688324,-0.5013167858123779,-0.07892924975263327,-1.3260977782587564,0.5296898282965231,-1.3494859708890683,-1.4002395848195017,-1.6593044764957492,0.025362645284302657,0.37671371608586224,0.3758090233820896,0.3712283697199072,0.35801476934651344,0.35430471632525307,0.34628653517557173,0.0669190409435609,0.20052058101871637,0.13549507643767134,F
0.0,0.0,0.0,0.07925647497177124,-0.051763296127319336,-0.025917232706262894,0.14961406588554382,-0.11658179759979248,-0.0396441991618417,0.18817660212516785,-0.17079120874404907,-0.055198627262427635,0.1748642921447754,-0.2247830033302307,-0.06633677214296085,0.08317190408706665,-0.2889862656593323,-0.014763596206023522,0.1305154263973236,-0.3467698097229004,-0.060309550463273354,0.1496448814868927,-0.2944669723510742,-0.09326694041402561,0.1544715166091919,-0.23592698574066162,-0.10689055055291874,0.03670525550842285,-0.31716758012771606,-0.024132965802266426,0.05720317363739014,-0.4484557807445526,-0.05231515943916065,0.07896393537521362,-0.5227533578872681,-0.07393326491029484,0.09895282983779907,-0.5874302089214325,-0.08684281140477879,-0.009958580136299133,-0.31467825174331665,-0.040913394390656777,-0.0033131837844848633,-0.43732425570487976,-0.06783529996783955,0.016987144947052002,-0.5111158490180969,-0.08335883051069004,0.04056546092033386,-0.5714797377586365,-0.0899020272484563,-0.05747576057910919,-0.28263700008392334,-0.061253896652772255,-0.07751275599002838,-0.37162545323371887,-0.0786899912348531,-0.08421477675437927,-0.4408593773841858,-0.08291966348798496,-0.0819023996591568,-0.5034221708774567,-0.08280201136977894,-1.341535660312435,0.6397616875319702,-1.3444216283240424,-1.3765339017872393,-1.6809835394126291,0.023239054154777603,0.37050714680379765,0.3717994106121896,0.3789048953383244,0.35586070376945367,0.3543589125581996,0.3569682091775185,0.0605268732004171,0.19941405289596484,0.14010784876195848,F
0.0,0.0,0.0,0.07731026411056519,-0.04913520812988281,-0.028439312791533666,0.14551705121994019,-0.10733199119567871,-0.045849643265910345,0.18619507551193237,-0.15925264358520508,-0.06503196767539521,0.17524313926696777,-0.2144104242324829,-0.08025048634976883,0.08148384094238281,-0.2819138765335083,-0.020072610667057234,0.12951594591140747,-0.33919358253479004,-0.07005909792155762,0.14934411644935608,-0.2900962829589844,-0.10628844014377137,0.15419647097587585,-0.23354291915893555,-0.12164028695792695,0.0350804328918457,-0.31072378158569336,-0.029238616665907102,0.05747950077056885,-0.4431069493293762,-0.06033225319356461,0.07798635959625244,-0.5181554555892944,-0.08185455164880295,0.09680134057998657,-0.5850718319416046,-0.09400832614869614,-0.011485129594802856,-0.3083674907684326,-0.046148687219329076,-0.0033555924892425537,-0.43023771047592163,-0.07536589316100617,0.016472697257995605,-0.5051774382591248,-0.08955728969544907,0.039053142070770264,-0.5680100321769714,-0.0945381145832016,-0.05947892367839813,-0.27627789974212646,-0.06686943731278916,-0.07925792038440704,-0.3641255795955658,-0.08516033700675507,-0.08467040956020355,-0.43218106031417847,-0.08825429490775605,-0.08203069865703583,-0.49426931142807007,-0.0869656499382927,-1.3000048588131092,0.58701051756438,-1.3495075705553095,-1.3785545141130136,-1.6738821985185168,0.028443182105137074,0.37887068367208965,0.3789200417961503,0.3801457936404122,0.3561836289266065,0.3537318700399625,0.35182599008381266,0.06021594010117495,0.20056419418550955,0.14177090809458817,F
0.0,0.0,0.0,0.08069086074829102,-0.053605616092681885,-0.0255758759547291,0.1483049988746643,-0.11680424213409424,-0.04087672913263418,0.1893167793750763,-0.16884338855743408,-0.0590169631857691,0.1762751042842865,-0.2235974669456482,-0.07301636943410017,0.08363357186317444,-0.2915136218070984,-0.012827627079587955,0.1308768093585968,-0.34955763816833496,-0.060743497403365154,0.15106052160263062,-0.2971949577331543,-0.09561713198016264,0.15678909420967102,-0.23845094442367554,-0.11028788396905043,0.03851702809333801,-0.3188520073890686,-0.02346160793493368,0.060902684926986694,-0.45048537850379944,-0.052641784491044064,0.08249995112419128,-0.5260917842388153,-0.0736598164756117,0.10245665907859802,-0.5940629541873932,-0.08564750263283827,-0.007127851247787476,-0.31557697057724,-0.04194244900534727,0.0020654797554016113,-0.4375867247581482,-0.06966900983641722,0.022400617599487305,-0.5114148557186127,-0.0825450361687956,0.0450131893157959,-0.572148323059082,-0.08658044198344328,-0.05401736497879028,-0.28289157152175903,-0.06433229306529142,-0.07378102838993073,-0.37099969387054443,-0.08184100845645048,-0.07964770495891571,-0.4396046996116638,-0.0839774251897154,-0.07780788838863373,-0.5011203587055206,-0.08176616737435438,-1.314640989643434,0.627531470812659,-1.3425165747221077,-1.3703042546402464,-1.6793839393804129,0.02450164039035512,0.3777483819817747,0.37244783476159843,0.3762673552361261,0.3597386759794708,0.3519201520558129,0.3521803024636626,0.061481731236847144,0.2028142823582029,0.14188019188275836,F
0.0,0.0,0.0,0.08065974712371826,-0.05150109529495239,-0.024971840267681955,0.1507645845413208,-0.11475503444671631,-0.03949023160865295,0.18960395455360413,-0.16830801963806152,-0.05667163181831825,0.1740502417087555,-0.22199392318725586,-0.06949104118874061,0.08581554889678955,-0.28850823640823364,-0.012988427949750303,0.13164931535720825,-0.348730206489563,-0.06114031497170913,0.15092992782592773,-0.29465192556381226,-0.0962491681032418,0.15559732913970947,-0.2354636788368225,-0.11092432338526237,0.03861263394355774,-0.31589215993881226,-0.023732028266095995,0.06137940287590027,-0.44786325097084045,-0.05321473378469932,0.08335360884666443,-0.5251451730728149,-0.0745061163954972,0.10325106978416443,-0.5949981212615967,-0.08664063859512794,-0.008817851543426514,-0.3130107522010803,-0.04218497622539985,0.0023332834243774414,-0.4359044134616852,-0.06970199692776191,0.022755026817321777,-0.5091299712657928,-0.08220935363104331,0.045731812715530396,-0.5700803697109222,-0.08590271074106681,-0.05715732276439667,-0.2806679606437683,-0.06446272630026328,-0.07550972700119019,-0.3690081238746643,-0.08087846386959541,-0.08027654886245728,-0.4370809495449066,-0.08200797188808906,-0.07693915069103241,-0.49807289242744446,-0.07918318111231315,-1.3569773573300088,0.6499649543931009,-1.3432173759317785,-1.3616998828813767,-1.6615371581266243,0.022846100313617845,0.37966387045160077,0.37098489655613015,0.37311562866481446,0.36332512458982413,0.3521913705795251,0.3507660381433156,0.0626846015865838,0.20460453450364394,0.14224360107865958,F
0.0,0.0,0.0,0.07839572429656982,-0.05561661720275879,-0.02328880442186687,0.15004649758338928,-0.12191522121429443,-0.03717683194085453,0.19208285212516785,-0.17569047212600708,-0.05427576912447307,0.17399442195892334,-0.23139876127243042,-0.06700408769651744,0.08288276195526123,-0.299408495426178,-0.009910826886738278,0.13166984915733337,-0.36311399936676025,-0.0609377355675349,0.15179771184921265,-0.30869680643081665,-0.09997412873312328,0.15815305709838867,-0.24859577417373657,-0.11699264807506893,0.036180853843688965,-0.326560378074646,-0.02148587381347511,0.05906647443771362,-0.4601806402206421,-0.05277503220244739,0.08350500464439392,-0.5385322570800781,-0.07687333537145946,0.10580018162727356,-0.6080783605575562,-0.09101384444042537,-0.010869100689888,-0.3230425715446472,-0.04104214100047443,-0.0011645853519439697,-0.4468153715133667,-0.06913888765379284,0.020017951726913452,-0.5202971696853638,-0.08359723104044292,0.04462766647338867,-0.5822179615497589,-0.08870319587990139,-0.05900512635707855,-0.28956139087677,-0.06441549522682521,-0.07772727310657501,-0.37781912088394165,-0.08034826381012294,-0.08303838968276978,-0.44633448123931885,-0.08216141475244854,-0.07965290546417236,-0.5086968541145325,-0.08006931407257412,-1.3554525739435503,0.593797782843113,-1.328360682005194,-1.3598535700918282,-1.6647427730406978,0.023381319324885685,0.3828027885635288,0.37391157872962216,0.37580739615226594,0.363274763069628,0.35240853880988837,0.3524262300349883,0.06641413138101526,0.2104032588498386,0.1443988012402783,F
0.0,0.0,0.0,0.08146381378173828,-0.05547553300857544,-0.022396919724371855,0.15152868628501892,-0.1165999174118042,-0.03593736089470667,0.1895788609981537,-0.1678430438041687,-0.05247703887226862,0.17858141660690308,-0.22235071659088135,-0.0648047397256164,0.08369508385658264,-0.29749131202697754,-0.011545566317465727,0.13307970762252808,-0.3565986752510071,-0.06260372645857615,0.15250679850578308,-0.2970017194747925,-0.10213974065783304,0.1577455699443817,-0.23632347583770752,-0.11981792695524973,0.036557942628860474,-0.3238900303840637,-0.0238358596682815,0.058162540197372437,-0.45681285858154297,-0.05602146260144991,0.08030319213867188,-0.5343056321144104,-0.08289516664746088,0.0998837947845459,-0.6050518155097961,-0.09961249626877589,-0.011800006031990051,-0.31900036334991455,-0.04350802622440142,-0.002333402633666992,-0.4410531520843506,-0.07300423033240122,0.01785537600517273,-0.5141892433166504,-0.09026224113705439,0.041948288679122925,-0.5775421559810638,-0.09764349408152384,-0.061008527874946594,-0.28409063816070557,-0.06641424394848627,-0.07916831970214844,-0.3734695315361023,-0.0836953664541511,-0.08421798050403595,-0.4415745735168457,-0.08634574658873362,-0.08098830282688141,-0.5043698251247406,-0.08499699778559489,-1.3203514594514016,0.690411905145642,-1.3492637114700572,-1.3658257133937077,-1.661250871364526,0.02508725786358224,0.3907089028858182,0.3805648042888344,0.38328999051001356,0.3732406375275642,0.36033206633215364,0.35894666369040373,0.06413504685488484,0.20700622909046507,0.14306500457505816,F
0.0,0.0,0.0,0.08133941888809204,-0.056752145290374756,-0.02204236726541353,0.14947062730789185,-0.1190565824508667,-0.035693987862060794,0.18884730339050293,-0.16954249143600464,-0.05277669768113924,0.1768147349357605,-0.2248021364212036,-0.06556393171925379,0.08135393261909485,-0.29927748441696167,-0.008642494336555728,0.13073670864105225,-0.3572118282318115,-0.06018938462514711,0.14994800090789795,-0.3000972270965576,-0.10039807076830698,0.15483874082565308,-0.24046367406845093,-0.11811026896614862,0.03462719917297363,-0.3258877992630005,-0.02093511785645319,0.05737709999084473,-0.45712292194366455,-0.05143661390323473,0.08109703660011292,-0.5345714092254639,-0.0768936794557078,0.1028166115283966,-0.6044484078884125,-0.09271626140255762,-0.013273999094963074,-0.3214224576950073,-0.041098672554682025,-0.0030015110969543457,-0.4425663352012634,-0.06910621340651346,0.017701655626296997,-0.5150326192378998,-0.08516670729298426,0.04269358515739441,-0.5768463015556335,-0.0917770561136706,-0.06232164800167084,-0.28745347261428833,-0.06472920592207743,-0.07880723476409912,-0.3755330443382263,-0.08175650204796625,-0.08289362490177155,-0.4443505108356476,-0.08443178947348429,-0.07861843705177307,-0.507628858089447,-0.08292286063809229,-1.3177550706644325,0.674956345205036,-1.33072527219677,-1.3550888697850971,-1.6446789066941971,0.026985701373201717,0.3867906587635812,0.37672745721949796,0.38109980299288915,0.3676835438126226,0.35458399289172465,0.3547949963788454,0.06615628899820682,0.2056518953877228,0.139669829284897,F
0.0,0.0,0.0,0.0807008445262909,-0.05683332681655884,-0.02220414773969992,0.15026521682739258,-0.1195879578590393,-0.03744852737932547,0.19227394461631775,-0.17101484537124634,-0.05692080603390082,0.1757693886756897,-0.2246294617652893,-0.07251369403152808,0.08445346355438232,-0.3003190755844116,-0.006922030909350951,0.13402220606803894,-0.3623769283294678,-0.06131056518702849,0.15473711490631104,-0.30673855543136597,-0.10496451155691489,0.16042736172676086,-0.2450616955757141,-0.12480007307081564,0.037818968296051025,-0.3249063491821289,-0.019646518020323356,0.062040627002716064,-0.4557083249092102,-0.05142196090369566,0.0857924222946167,-0.5355802774429321,-0.07779791401176794,0.10786834359169006,-0.6091236472129822,-0.09434512452631338,-0.010059952735900879,-0.31967276334762573,-0.04065611035971983,0.003521353006362915,-0.4386959969997406,-0.06860114084034308,0.02534496784210205,-0.5117030143737793,-0.08386679933815344,0.050623148679733276,-0.5743536353111267,-0.0900544469192539,-0.05962894856929779,-0.28617626428604126,-0.06548275248556479,-0.0742708146572113,-0.3732646107673645,-0.08039877013712271,-0.07616160809993744,-0.4409726858139038,-0.08117258743791922,-0.0701359361410141,-0.503002405166626,-0.07871943907289847,-1.332604678266103,0.6288275867719413,-1.329148279413726,-1.336886688470369,-1.6192165724528202,0.025551007208826918,0.3904437610803689,0.37144121869744684,0.3714309146949569,0.36783631552262375,0.3471169064992191,0.3459665359365374,0.0669773548907621,0.2072371627305781,0.14026316198445682,F
0.0,0.0,0.0,0.07885602116584778,-0.05598759651184082,-0.023342651046050378,0.1454324722290039,-0.11760866641998291,-0.03871257483137924,0.18887650966644287,-0.165269672870636,-0.05797428890241463,0.18471404910087585,-0.22241419553756714,-0.0734399731375106,0.0802590548992157,-0.2995653748512268,-0.009249341405165978,0.13502353429794312,-0.35876405239105225,-0.06305805846227486,0.1586153507232666,-0.3009237051010132,-0.1064633975840934,0.1644333302974701,-0.23710155487060547,-0.12619125350488503,0.03638973832130432,-0.3253670930862427,-0.021355385623110124,0.06068435311317444,-0.45627862215042114,-0.05212803437484581,0.08523416519165039,-0.5366981327533722,-0.07919119550956566,0.10634741187095642,-0.6088776290416718,-0.09668450310005028,-0.010263428092002869,-0.3200518488883972,-0.041634074143303224,0.003454148769378662,-0.43925610184669495,-0.06959192707313377,0.026109665632247925,-0.5129027962684631,-0.08646896734012444,0.05082795023918152,-0.5760040879249573,-0.0942285235144027,-0.05935981869697571,-0.28609752655029297,-0.06559805079473335,-0.07556313276290894,-0.37386554479599,-0.08287413670791466,-0.07758015394210815,-0.4419594705104828,-0.08547975375427086,-0.07190071046352386,-0.5050753951072693,-0.08417833103908379,-1.2121971239179878,0.6384112758289487,-1.3288740015890794,-1.3364972485459548,-1.628003970397727,0.025040488800353002,0.3943289429733852,0.37808900997903855,0.3817702038772508,0.3762863580379998,0.3574368605625953,0.35730065473436257,0.06452193677683926,0.20626996118082794,0.14175049778644774,F
0.0,0.0,0.0,0.08031713962554932,-0.05289280414581299,-0.02560906413577868,0.14906099438667297,-0.11861425638198853,-0.04264026809119059,0.1893678605556488,-0.17083477973937988,-0.06312197375677897,0.1752288043498993,-0.22420841455459595,-0.07986406165741755,0.08100220561027527,-0.297288715839386,-0.011128591593433157,0.1308804154396057,-0.35807865858078003,-0.06530687886856867,0.15153580904006958,-0.3001583218574524,-0.1085468225517161,0.15276244282722473,-0.23520928621292114,-0.12768224555634333,0.033882737159729004,-0.3238765597343445,-0.02266342121743037,0.05644509196281433,-0.45263034105300903,-0.05150518495224787,0.07930514216423035,-0.5298082232475281,-0.07675832438849284,0.09875306487083435,-0.5994941890239716,-0.09328699040793254,-0.014724582433700562,-0.3172426223754883,-0.04279246482633425,-0.0029425323009490967,-0.4365309178829193,-0.06964047181986643,0.01888790726661682,-0.5082655549049377,-0.0864036597647555,0.04240807890892029,-0.57029989361763,-0.09470646012209727,-0.06445060670375824,-0.2815955877304077,-0.06681316274784876,-0.07869459688663483,-0.3706923723220825,-0.08439092266939952,-0.08074207603931427,-0.43768033385276794,-0.08772887963436915,-0.07507094740867615,-0.5009546279907227,-0.08750051933907343,-1.327875245770278,0.7131925322610362,-1.3396399254881428,-1.3487494045651334,-1.6191738824242656,0.025015126969704843,0.3829986308695488,0.37070292281921174,0.37314666336661606,0.3682668914296976,0.3527942754732144,0.3500409124416528,0.063459154795199,0.1998119924668507,0.13641879448740504,F
0.0,0.0,0.0,0.08090806007385254,-0.05357086658477783,-0.022757203958605032,0.15091219544410706,-0.1161147952079773,-0.03544091962990592,0.19141989946365356,-0.16594111919403076,-0.05121375405011008,0.1807350516319275,-0.22157394886016846,-0.0626999565285189,0.08201774954795837,-0.2974655032157898,-0.006429200235430699,0.13443446159362793,-0.35473352670669556,-0.057108683220718603,0.155533105134964,-0.29632705450057983,-0.0980906464975817,0.1599944829940796,-0.23406291007995605,-0.11615212791380713,0.036129534244537354,-0.3249521851539612,-0.016851607419226866,0.059754252433776855,-0.4525926113128662,-0.04555021011051963,0.08315226435661316,-0.5320481956005096,-0.07238916092333625,0.10264289379119873,-0.6026844084262848,-0.08954417490181754,-0.011410951614379883,-0.3210146427154541,-0.03508149244603942,0.0016939342021942139,-0.44014519453048706,-0.06127937667784522,0.02246314287185669,-0.5128946304321289,-0.07857868605074714,0.045721471309661865,-0.5739860236644745,-0.08652119123158286,-0.0610281378030777,-0.2881244421005249,-0.05672598042306731,-0.07561612129211426,-0.37382328510284424,-0.07260763429817985,-0.07856033742427826,-0.4416578412055969,-0.0752978824895365,-0.07288801670074463,-0.5040863156318665,-0.07395145081696342,-1.2952017906166704,0.6826756306919369,-1.3357361136707073,-1.348677365616404,-1.6256577603709375,0.024210438652999215,0.3890290059968764,0.37738963597231,0.37965497253351715,0.3730563145520907,0.3586168489466446,0.3565766372183703,0.06374673031033448,0.20132730674408617,0.137674179965361,F
0.0,0.0,0.0,0.08097624778747559,-0.05253112316131592,-0.0249679449723601,0.15188395977020264,-0.11313474178314209,-0.039752275474512544,0.19254541397094727,-0.16328120231628418,-0.057225477673256364,0.17993590235710144,-0.22041535377502441,-0.0707534000055432,0.0812985897064209,-0.2967182993888855,-0.011772423774147,0.1315155327320099,-0.35546189546585083,-0.06309020964070555,0.15311339497566223,-0.2949015498161316,-0.10352167186900374,0.15819355845451355,-0.23044264316558838,-0.12130530623360869,0.03508535027503967,-0.3230717182159424,-0.022361366801106897,0.057309746742248535,-0.4515568017959595,-0.05103376207514998,0.08078944683074951,-0.5300477147102356,-0.07834166733189818,0.10095584392547607,-0.6005838215351105,-0.09664263276025054,-0.013395547866821289,-0.3173750638961792,-0.04073982758089301,0.00035879015922546387,-0.43771594762802124,-0.06794444171353575,0.022369176149368286,-0.5109901428222656,-0.08697343317433592,0.04696989059448242,-0.5726079940795898,-0.09677999166413542,-0.06420502066612244,-0.2829093337059021,-0.06253305522366759,-0.07851460576057434,-0.3718203902244568,-0.0807123154179692,-0.08060656487941742,-0.441764235496521,-0.08564787802859541,-0.07418535649776459,-0.506352037191391,-0.08629014042779204,-1.3150406654300626,0.711361311657225,-1.3377483018651246,-1.3385527677326783,-1.6154328553379644,0.023943183808769405,0.38828586570839085,0.3764566590840942,0.38254071825772124,0.37454058243304683,0.3597885930075331,0.36072975178945765,0.060804030120357046,0.19888204862755968,0.13808854304812654,F
0.0,0.0,0.0,0.080084890127182,-0.05546116828918457,-0.022699380385120094,0.149880051612854,-0.11944293975830078,-0.036871496679623306,0.18934029340744019,-0.16957581043243408,-0.054521411748964965,0.17560073733329773,-0.22132843732833862,-0.0684252270482375,0.07999399304389954,-0.2998180389404297,-0.008886661472160995,0.13144421577453613,-0.357558012008667,-0.06236494714244145,0.1535070240497589,-0.2973177433013916,-0.10566534483655232,0.15890583395957947,-0.2336546778678894,-0.12525178128703374,0.03418588638305664,-0.3240588903427124,-0.021157674583037078,0.05668222904205322,-0.4536650776863098,-0.051154330464441955,0.07997378706932068,-0.5339988768100739,-0.07861528927310246,0.10076701641082764,-0.6069173216819763,-0.0966518261454894,-0.014520063996315002,-0.31781476736068726,-0.04145508268697995,5.2928924560546875e-05,-0.43782222270965576,-0.06928012901767033,0.02197703719139099,-0.5113235712051392,-0.08719278508647221,0.04675629734992981,-0.5742703676223755,-0.0956922137163474,-0.06540130078792572,-0.28431230783462524,-0.06520672524197835,-0.07880213856697083,-0.37390685081481934,-0.08263517552836674,-0.080268993973732,-0.4431385099887848,-0.08605999881251591,-0.07326814532279968,-0.5076102614402771,-0.08547539645655888,-1.3235159570916537,0.6977483360186718,-1.3396178778600982,-1.3362580605024765,-1.6060120201299566,0.020752252998088052,0.39278349446506167,0.37572449464242874,0.37933231284897584,0.37776331660584644,0.3586036344889486,0.3591050242287096,0.06311086580649103,0.20037497282220226,0.1372932503625286,F
0.0,0.0,0.0,0.0814027488231659,-0.053916335105895996,-0.02194551557727209,0.14997205138206482,-0.11570596694946289,-0.035442480747178706,0.19078317284584045,-0.16417652368545532,-0.0525330732805287,0.18185997009277344,-0.21803271770477295,-0.06581484705634466,0.08354038000106812,-0.2970995306968689,-0.007726565398797902,0.13500934839248657,-0.35476750135421753,-0.060467818681672725,0.1568339467048645,-0.2969292998313904,-0.10280247211881033,0.1625789999961853,-0.23386991024017334,-0.1216715964717423,0.037540286779403687,-0.3240305781364441,-0.019831441272572192,0.061270177364349365,-0.4534498453140259,-0.04921652928419462,0.08518680930137634,-0.5316131114959717,-0.07550695717759481,0.1066456139087677,-0.601061999797821,-0.09219458878465048,-0.010884612798690796,-0.3196144104003906,-0.03987623557873121,0.003395289182662964,-0.43964749574661255,-0.06721618205733648,0.02622959017753601,-0.5122581720352173,-0.08399182737298361,0.05242753028869629,-0.5729438662528992,-0.09140443236060491,-0.0614498108625412,-0.28645724058151245,-0.06332704604096762,-0.07447214424610138,-0.3742401599884033,-0.08090173632331243,-0.07486209273338318,-0.4431060552597046,-0.08393252820201269,-0.06652309000492096,-0.5059734582901001,-0.08252339244313589,-1.268705736727518,0.6747311017930314,-1.3263359248097775,-1.325892790225276,-1.5939033948134969,0.02495140227059128,0.39034424591236166,0.3777759651399043,0.38026834555655764,0.37142775113461257,0.35651717199153227,0.3557078977254143,0.06107560908810584,0.19755817052506924,0.13650745624668292,F
0.0,0.0,0.0,0.08055165410041809,-0.05301928520202637,-0.02605300048574577,0.14961379766464233,-0.1131746768951416,-0.04197113426610599,0.1906525194644928,-0.16247916221618652,-0.06095680432602535,0.1809960901737213,-0.21692436933517456,-0.07607449056789051,0.08325645327568054,-0.29553258419036865,-0.010685607103852135,0.1364862322807312,-0.3526500463485718,-0.06434336515351902,0.15667632222175598,-0.2937735915184021,-0.10735417368098865,0.15960636734962463,-0.23098379373550415,-0.12653618516608844,0.036887913942337036,-0.32172703742980957,-0.021190515032259327,0.05939549207687378,-0.4505356252193451,-0.05161924498364101,0.0827879011631012,-0.5291716456413269,-0.07897553803607593,0.10353761911392212,-0.5995715856552124,-0.09653513344213138,-0.0116807222366333,-0.3165329694747925,-0.04003556655928264,0.0030122697353363037,-0.4357096552848816,-0.06827198179647098,0.026064425706863403,-0.5084097385406494,-0.0863841346113361,0.05171772837638855,-0.5702411830425262,-0.09482578398868213,-0.062383875250816345,-0.28358668088912964,-0.06257759990378986,-0.0754089206457138,-0.3709626793861389,-0.08056596132203708,-0.07551218569278717,-0.4390769898891449,-0.08444629820272098,-0.0673045963048935,-0.5019785761833191,-0.08392706724092136,-1.2770651034480596,0.7018371118726819,-1.3353636056328846,-1.3259237736601082,-1.5933241252487385,0.02559663370367802,0.3904083847670226,0.3762255516007884,0.3780332415907047,0.3728279293199005,0.35599934637427866,0.353449794936368,0.05954471927444267,0.1967522758877011,0.13720822594783155,F
0.0,0.0,0.0,0.080087810754776,-0.05459451675415039,-0.022306407304938602,0.14894771575927734,-0.11480593681335449,-0.03571384443574743,0.19045695662498474,-0.1634202003479004,-0.05230752049618559,0.18189594149589539,-0.21900665760040283,-0.06472259803348379,0.08468878269195557,-0.2944335341453552,-0.010839370513792801,0.1369461715221405,-0.35204535722732544,-0.062312670486505795,0.15747028589248657,-0.2955440282821655,-0.10185225351386862,0.16211766004562378,-0.23447704315185547,-0.11902558847003775,0.038851380348205566,-0.32066094875335693,-0.022691693591411877,0.06237226724624634,-0.45337241888046265,-0.05343126921587782,0.08568930625915527,-0.5328957140445709,-0.07891216172509985,0.10638374090194702,-0.6039713323116302,-0.09460005952649908,-0.009413465857505798,-0.31708937883377075,-0.04209957687788801,0.003910690546035767,-0.4379470646381378,-0.07036289616161184,0.026488780975341797,-0.5097888708114624,-0.08620999051862555,0.0517735481262207,-0.5709721446037292,-0.09252838088804083,-0.05960935354232788,-0.28543347120285034,-0.06488498343759375,-0.07543794810771942,-0.3721883296966553,-0.08224970890813665,-0.07727263867855072,-0.440080463886261,-0.08487173958354788,-0.07075107097625732,-0.5029881596565247,-0.08307421995931463,-1.2645445676294267,0.658899326269934,-1.3367942613644375,-1.3343013056540403,-1.6219650326120356,0.02511002282429772,0.3923007688165572,0.3752486393016517,0.38009999529223254,0.37367405511327806,0.3541253681062521,0.3554237830735659,0.06380610898952604,0.2038978733057746,0.14012174883118275,F
0.0,0.0,0.0,0.08251181244850159,-0.053603172302246094,-0.026498231023822427,0.15193024277687073,-0.11281025409698486,-0.04128960418728411,0.19139719009399414,-0.1650456190109253,-0.05833304199603617,0.1805248260498047,-0.22280454635620117,-0.07086203146008074,0.08630138635635376,-0.2929103970527649,-0.012924550950799585,0.13662785291671753,-0.35044538974761963,-0.062315842986379266,0.1553025245666504,-0.2968844175338745,-0.09793314236429751,0.1581069827079773,-0.2373267412185669,-0.11236298728016436,0.04003018140792847,-0.3206338882446289,-0.02252304452684939,0.06300634145736694,-0.4540647268295288,-0.05267088013914645,0.0850479006767273,-0.5313152074813843,-0.07477287101772845,0.10564976930618286,-0.5997936725616455,-0.08737079697874606,-0.008258208632469177,-0.3174549341201782,-0.04016506943133891,0.00394594669342041,-0.4382510781288147,-0.06886716830757678,0.026277661323547363,-0.509503185749054,-0.08224557238844454,0.05147916078567505,-0.5690861642360687,-0.08625718849924624,-0.059444814920425415,-0.285789430141449,-0.061575724661622644,-0.07550489902496338,-0.373058557510376,-0.07972582328346789,-0.07664507627487183,-0.4420333504676819,-0.08219565349844515,-0.06976425647735596,-0.5052587985992432,-0.07990965890911639,-1.3164617584216431,0.6587383443058913,-1.339926526208493,-1.3377107547319496,-1.6177816837798342,0.026710556784148774,0.38435280069163674,0.36954531874312846,0.3773924077700343,0.36624313721235713,0.3484735386923947,0.3517284307816207,0.062268819605381,0.19926596005508648,0.13701787778882896,F
0.0,0.0,0.0,0.08081796765327454,-0.05358010530471802,-0.02333730919204413,0.15107274055480957,-0.11503970623016357,-0.036915200705749385,0.19026297330856323,-0.16630220413208008,-0.05353266274474322,0.17776980996131897,-0.21925950050354004,-0.06592897599480807,0.08593553304672241,-0.2961310148239136,-0.008248201514703624,0.1336541473865509,-0.3556930422782898,-0.05962457409046351,0.15417027473449707,-0.2987878918647766,-0.09990165656350314,0.15912926197052002,-0.23667383193969727,-0.11726775294087588,0.03940790891647339,-0.32337868213653564,-0.01948040066204726,0.06450709700584412,-0.4530367851257324,-0.048831633235437266,0.08864098787307739,-0.5318178534507751,-0.07370998984120547,0.11059954762458801,-0.6042162179946899,-0.08909219777129351,-0.00916820764541626,-0.32079416513442993,-0.03877061134122073,0.006720989942550659,-0.4387730360031128,-0.06598930334590136,0.0301496684551239,-0.5111514925956726,-0.08185462182305514,0.05581262707710266,-0.572747141122818,-0.08824640041135012,-0.06089182198047638,-0.289887011051178,-0.06163199892185389,-0.07302527129650116,-0.3785170018672943,-0.07790746068499743,-0.0737474262714386,-0.44711190462112427,-0.07989219849847018,-0.0665884017944336,-0.5098815560340881,-0.07784347509883105,-1.3200273296104266,0.682211850474204,-1.322528532333751,-1.3183882544546446,-1.5966847283635635,0.025509389815626962,0.39077297563156316,0.3739345751968357,0.37970003267483426,0.3707324354861536,0.3515957852292788,0.3543880983333744,0.0631815595110176,0.20073514357615305,0.1376012124123875,F
0.0,0.0,0.0,0.08121347427368164,-0.050467729568481445,-0.026765670870958047,0.15239283442497253,-0.10683727264404297,-0.043127624561606126,0.19242525100708008,-0.16050827503204346,-0.06201863126975127,0.18239322304725647,-0.2174338698387146,-0.07686177106720038,0.0882088840007782,-0.28990286588668823,-0.014225985167144017,0.13791924715042114,-0.3491052985191345,-0.06656333269697257,0.15853485465049744,-0.2965143322944641,-0.10578448536020346,0.16337335109710693,-0.23465293645858765,-0.12250498892885275,0.0411074161529541,-0.318761944770813,-0.024254732077537255,0.06657439470291138,-0.45185020565986633,-0.05670592399459906,0.09046834707260132,-0.531903475522995,-0.08169427724700995,0.11301529407501221,-0.6034157872200012,-0.09660996707302161,-0.0074918270111083984,-0.31660765409469604,-0.042309778054772096,0.006806552410125732,-0.4365687668323517,-0.07209721418243475,0.031249552965164185,-0.5082752704620361,-0.0879003575645072,0.05845150351524353,-0.5685178339481354,-0.09392309399467536,-0.059697046875953674,-0.28575295209884644,-0.06407708885294028,-0.07389132678508759,-0.3746664524078369,-0.08179132850986548,-0.07387393712997437,-0.44348156452178955,-0.08459685953479834,-0.065473273396492,-0.5068187117576599,-0.08312172653299399,-1.3059108513361317,0.6338667374976313,-1.3233578486756297,-1.3147680775223631,-1.5969193796997374,0.025656417993549126,0.392167486635254,0.3723190831737439,0.3810267533805884,0.3721854027346117,0.34996337504901565,0.3555910386754134,0.0647693938740794,0.20295113625182534,0.13843457664795542,F
0.0,0.0,0.0,0.08395187556743622,-0.049073219299316406,-0.02873316898259759,0.1584760695695877,-0.10868579149246216,-0.04551234028551221,0.20156191289424896,-0.16613632440567017,-0.06455036184999585,0.18767444789409637,-0.22618234157562256,-0.0794711478731358,0.09488426148891449,-0.29122352600097656,-0.01551301430228591,0.1449977308511734,-0.35338127613067627,-0.06991801343176007,0.16366969048976898,-0.299376904964447,-0.11095787517044187,0.167912557721138,-0.2365359663963318,-0.12885606966230512,0.0470229834318161,-0.32058703899383545,-0.02491382069203496,0.07226048409938812,-0.4558475613594055,-0.058670419522258044,0.09504808485507965,-0.5368843078613281,-0.08472946218464017,0.11655054986476898,-0.6098303198814392,-0.10042158446523786,-0.002717435359954834,-0.31854182481765747,-0.042608994313212634,0.012578710913658142,-0.43970972299575806,-0.07343530587169766,0.03528980910778046,-0.5122272372245789,-0.08882652900430799,0.060635343194007874,-0.5743123590946198,-0.09449737451288343,-0.05563846230506897,-0.2874259352684021,-0.06431806764814496,-0.0703125,-0.37616202235221863,-0.08247571370813489,-0.0706821084022522,-0.44457805156707764,-0.08501830629322171,-0.06330147385597229,-0.5079815089702606,-0.08328793875190854,-1.327226033137681,0.6427675096604565,-1.334894470147804,-1.3279893688644049,-1.6055264865180507,0.02230985993089322,0.3901850588234082,0.37058527118704726,0.3773588266393246,0.3768112660137725,0.35440272603489936,0.35657062551673485,0.0662422514373415,0.20668800332981857,0.1405706807933306,F
0.0,0.0,0.0,0.0837700217962265,-0.05131876468658447,-0.028659436223080093,0.1542634516954422,-0.11151665449142456,-0.045868850615789825,0.20024935901165009,-0.16662275791168213,-0.0659858131082558,0.19497640430927277,-0.2296581268310547,-0.08206257161216968,0.09388701617717743,-0.2941627502441406,-0.012981337797810966,0.14520104229450226,-0.3587522506713867,-0.06732967433052295,0.16421423852443695,-0.30828094482421875,-0.10834025528745883,0.1670578271150589,-0.2447921633720398,-0.12593439158516162,0.04685117304325104,-0.3243520259857178,-0.022488967818190986,0.07424472272396088,-0.46084874868392944,-0.05503648084120982,0.09687002003192902,-0.540868878364563,-0.07879289176779025,0.11814768612384796,-0.6116811037063599,-0.09247755941467517,-0.0018125921487808228,-0.32327020168304443,-0.04081810947971576,0.013616561889648438,-0.4445374608039856,-0.07045584109144443,0.03758437931537628,-0.5167029500007629,-0.08328584518747562,0.06337855756282806,-0.576604038476944,-0.08688954946117633,-0.05419297516345978,-0.29269981384277344,-0.06351976033764117,-0.06969185173511505,-0.38152799010276794,-0.08100996103601688,-0.07007001340389252,-0.450327068567276,-0.08198603179769748,-0.06345555186271667,-0.5121024250984192,-0.07870952722149127,-1.238929672403646,0.5935645844664759,-1.3275733581472724,-1.31892803740318,-1.6129885305988436,0.0317566688204722,0.38967192200450546,0.3710653027111238,0.3828339817657584,0.370134700388143,0.34763272486277336,0.3529747780110883,0.06503889565823072,0.20711264876995894,0.14229318129202026,F
0.0,0.0,0.0,0.08279486000537872,-0.0493621826171875,-0.027788260791709263,0.15638934075832367,-0.1090691089630127,-0.04400038889448865,0.19874654710292816,-0.16555142402648926,-0.06271497330467923,0.1877136379480362,-0.22616982460021973,-0.07720805874865277,0.09269128739833832,-0.29521292448043823,-0.013684453282763798,0.1410592943429947,-0.36075788736343384,-0.06627410075466855,0.16043777763843536,-0.3090105652809143,-0.106643894527366,0.16463036835193634,-0.2476770281791687,-0.12434500626127942,0.044299378991127014,-0.3249751329421997,-0.023040283311416943,0.0711161345243454,-0.4570888876914978,-0.05477574265401586,0.0958562046289444,-0.5373165607452393,-0.07991232893269284,0.11923615634441376,-0.6106579303741455,-0.09549658915798886,-0.0050262510776519775,-0.3240947723388672,-0.04068496993582471,0.01027129590511322,-0.44280391931533813,-0.06892348996203168,0.03415776789188385,-0.5150999128818512,-0.08342150769036039,0.0608840137720108,-0.5763242542743683,-0.08908502182762845,-0.05798405408859253,-0.29474377632141113,-0.06249476766984685,-0.07017360627651215,-0.3843737244606018,-0.07833697072069867,-0.0695892721414566,-0.45306748151779175,-0.07965407690804227,-0.06139490008354187,-0.5153445601463318,-0.07750968060295804,-1.3094172378167475,0.5839160460103854,-1.3142679744385344,-1.3152009448401623,-1.5862567171608837,0.03154991507171744,0.3905384346877987,0.3724162700380585,0.38167668437879987,0.36580837858373777,0.3446335812260507,0.35033316948402454,0.06770357344567902,0.2042356900506461,0.1366406084209323,F
0.0,0.0,0.0,0.07957017421722412,-0.04897528886795044,-0.02590176195121785,0.14804017543792725,-0.10759443044662476,-0.04176724247849961,0.18803098797798157,-0.15550023317337036,-0.06026254140056153,0.1829567849636078,-0.2134714126586914,-0.07479394145525475,0.08948680758476257,-0.29250872135162354,-0.013174730466971596,0.13880258798599243,-0.3529178500175476,-0.06509128131187936,0.15602698922157288,-0.2976357936859131,-0.10587100602901955,0.15721288323402405,-0.23479938507080078,-0.12374177493370553,0.041139841079711914,-0.3240733742713928,-0.023970374020109375,0.0727207362651825,-0.4522295594215393,-0.05410643957770844,0.10001963376998901,-0.5278263688087463,-0.07933510013140221,0.12359893321990967,-0.5931028723716736,-0.0951182908586361,-0.009970605373382568,-0.32297325134277344,-0.04307288594759484,0.005589306354522705,-0.4425329566001892,-0.07107896276033898,0.02962377667427063,-0.5145624279975891,-0.0889845109752514,0.05639520287513733,-0.5736581087112427,-0.09733766980684777,-0.06366926431655884,-0.29035764932632446,-0.06578724749601861,-0.07750989496707916,-0.3801795244216919,-0.08306784846104165,-0.07850006222724915,-0.4493792653083801,-0.086893334167371,-0.070797860622406,-0.5115445256233215,-0.08676683075941583,-1.2522429291358483,0.7057115082580385,-1.2733816791332322,-1.3119954187345615,-1.6030140144312235,0.033430986875564464,0.38424393263581463,0.38177518263238325,0.3914575338768033,0.35987676591788764,0.3535384551363204,0.35857603396406323,0.06996027591471383,0.2108124222632438,0.14154918793801036,F
0.0,0.0,0.0,0.08155456185340881,-0.05110466480255127,-0.025852285565065358,0.14930665493011475,-0.10808670520782471,-0.04196002358310125,0.19072717428207397,-0.15512454509735107,-0.06120694080107114,0.19011396169662476,-0.21701812744140625,-0.07632119977586171,0.09090074896812439,-0.2941371202468872,-0.011148739845680211,0.14269819855690002,-0.35531777143478394,-0.06399396830909154,0.1597883403301239,-0.30034321546554565,-0.1060610862981548,0.1592637002468109,-0.23719191551208496,-0.1246654393684139,0.04327014088630676,-0.3247503638267517,-0.021730436251687024,0.07524979114532471,-0.4532679617404938,-0.05198833742849729,0.10449719429016113,-0.5283692479133606,-0.07791931206099889,0.12989816069602966,-0.5934561491012573,-0.09444765770547292,-0.006833702325820923,-0.32384926080703735,-0.04082948365919492,0.008504718542098999,-0.4415258467197418,-0.06793765747659108,0.03279775381088257,-0.5115707218647003,-0.08465812379233739,0.06002429127693176,-0.5688674747943878,-0.09243677580468557,-0.05973729491233826,-0.29279404878616333,-0.063856750966238,-0.073306605219841,-0.38206154108047485,-0.0799082520019283,-0.07340824604034424,-0.45050597190856934,-0.08248173469416997,-0.06541231274604797,-0.5113018155097961,-0.08152288967482946,-1.212363539186535,0.6945317325042407,-1.2589270207017595,-1.304411916616594,-1.5967621880852465,0.036860824144917446,0.38122372282076805,0.3751283588088528,0.3897390999036221,0.35747243117195604,0.34620389500685766,0.35442283799315544,0.07407402062644129,0.21188561905902345,0.13801502366658316,F
0.0,0.0,0.0,0.08070719242095947,-0.05041104555130005,-0.02770112517242751,0.1510632038116455,-0.11407488584518433,-0.04399444038932643,0.19193509221076965,-0.16786223649978638,-0.06310762713616214,0.17787742614746094,-0.2215237021446228,-0.07813551525538287,0.0870460569858551,-0.2969765067100525,-0.009437893209508275,0.1398586928844452,-0.35576534271240234,-0.06348705540364108,0.1592346727848053,-0.2979282736778259,-0.10669113944237552,0.16095703840255737,-0.2338840365409851,-0.12573205183213076,0.0394665002822876,-0.327528178691864,-0.01954929965501151,0.06912454962730408,-0.45271557569503784,-0.049787993235042904,0.09573489427566528,-0.5292479395866394,-0.07582987348502002,0.11838245391845703,-0.5971274375915527,-0.09208990882103762,-0.010818660259246826,-0.3250417709350586,-0.03868837530677638,0.004383653402328491,-0.4397376775741577,-0.06690678994124255,0.02754765748977661,-0.5103413462638855,-0.0848635981506618,0.05303776264190674,-0.5698970854282379,-0.09302271406119189,-0.06341195106506348,-0.2921164631843567,-0.06182632098858676,-0.07739362120628357,-0.378478467464447,-0.07903894285624347,-0.07897509634494781,-0.4455551505088806,-0.0824825043505939,-0.07231619954109192,-0.5069342255592346,-0.0818687478727611,-1.3262379942790112,0.7065964356597054,-1.286035640329209,-1.3156861180345452,-1.6122228554852225,0.020954173518127117,0.3802864943726207,0.37006615052535213,0.37954712119970874,0.3657299053273841,0.3529183178912802,0.35912784529136166,0.07079138900294168,0.2109521081382972,0.14027807226313171,F
0.0,0.0,0.0,0.07876527309417725,-0.04843544960021973,-0.027623309528905793,0.14753779768943787,-0.11003077030181885,-0.043588041102964326,0.18881094455718994,-0.16028869152069092,-0.06163360807903473,0.18033194541931152,-0.21821165084838867,-0.0754554893434829,0.08213227987289429,-0.2931233048439026,-0.014384872055131837,0.13452497124671936,-0.3499146103858948,-0.06679470348962013,0.15534967184066772,-0.28962457180023193,-0.10803529877074425,0.1597287654876709,-0.22521936893463135,-0.12608574587710564,0.035617291927337646,-0.3249916434288025,-0.023916267564970894,0.06541085243225098,-0.45097124576568604,-0.054238627439815446,0.09251391887664795,-0.5275092422962189,-0.08066708851464455,0.11440280079841614,-0.5945163369178772,-0.09718466061957542,-0.013975799083709717,-0.322318434715271,-0.041693287676650925,-0.0024938881397247314,-0.4389488697052002,-0.07047713059790794,0.01934075355529785,-0.5118267238140106,-0.08975654352315132,0.0438021719455719,-0.5724117755889893,-0.09870944429047768,-0.06519471108913422,-0.2875896692276001,-0.06306150812514488,-0.08204895257949829,-0.3747166395187378,-0.08162544924624626,-0.08696949481964111,-0.4442198872566223,-0.08646244812615578,-0.08328548073768616,-0.5069276690483093,-0.08660363662846748,-1.2764596378368067,0.7188811701348353,-1.2864068751806013,-1.3437540594919255,-1.653089015679628,0.021762332964822766,0.3820364758348334,0.3796025650743784,0.3909617456207922,0.3720681303694662,0.36603489222848695,0.3720423231588263,0.07398013534699453,0.216223105601281,0.1429665683786652,F
0.0,0.0,0.0,0.07867339253425598,-0.048448145389556885,-0.024250212027254747,0.14213991165161133,-0.1073465347290039,-0.03710237414998119,0.17930680513381958,-0.15245723724365234,-0.05272024394434993,0.17998576164245605,-0.20925921201705933,-0.0641360645131499,0.08058103919029236,-0.2855771780014038,-0.008029105043533491,0.1330336332321167,-0.3388015627861023,-0.0562177327410609,0.1529865562915802,-0.28471219539642334,-0.09469159589571063,0.15675610303878784,-0.2258143424987793,-0.11133528397840564,0.036123573780059814,-0.3173907399177551,-0.01764026553792064,0.06769031286239624,-0.43897634744644165,-0.044453165395680116,0.09595200419425964,-0.511810839176178,-0.06797343389553134,0.11964133381843567,-0.573691338300705,-0.0823628147081763,-0.011352360248565674,-0.31601929664611816,-0.03543394701046054,-0.00043460726737976074,-0.42985063791275024,-0.061389288766804384,0.021353960037231445,-0.49940693378448486,-0.07874710009855335,0.0461941659450531,-0.5556619763374329,-0.08633545683187549,-0.06063346564769745,-0.28334885835647583,-0.056723440899077104,-0.07706022262573242,-0.3685150146484375,-0.07428640769285266,-0.08124332129955292,-0.4356226325035095,-0.07856956021350925,-0.07690104842185974,-0.4951116442680359,-0.07805368946355884,-1.215224512197187,0.6652464304056721,-1.2557880287734706,-1.3351239735048614,-1.6474655849904487,0.02852524117531262,0.3693944025523769,0.3713422494250467,0.3843207595340369,0.3498512688307033,0.34788418113343045,0.3565342917152655,0.0756276692846178,0.21166878922259247,0.13718153853106646,F
0.0,0.0,0.0,0.07716041803359985,-0.049599647521972656,-0.02503316428945368,0.1422361433506012,-0.10817158222198486,-0.03835529972300833,0.18228203058242798,-0.1549585461616516,-0.0540893687723667,0.18454521894454956,-0.2160583734512329,-0.06543677438483542,0.08275151252746582,-0.28532397747039795,-0.009017197866597826,0.13711854815483093,-0.33890050649642944,-0.05703001607642477,0.15556612610816956,-0.28562045097351074,-0.09456712145791357,0.1577611267566681,-0.22688835859298706,-0.11056181181655234,0.039226263761520386,-0.31771713495254517,-0.01815779272899931,0.07292783260345459,-0.4394814074039459,-0.045311284702876264,0.10134676098823547,-0.5110785365104675,-0.06829640407548254,0.1256471574306488,-0.5722171366214752,-0.08226253975615805,-0.007322221994400024,-0.31741827726364136,-0.035507173728802854,0.004658550024032593,-0.4299982786178589,-0.06132215027199095,0.027078360319137573,-0.4988210201263428,-0.07791482795462912,0.05248269438743591,-0.5550181269645691,-0.08529316772208517,-0.05667518079280853,-0.2859259843826294,-0.0564646399436981,-0.07283774018287659,-0.3696824312210083,-0.07344681907878226,-0.07621677219867706,-0.4354488253593445,-0.07723595340237921,-0.07099233567714691,-0.4939582347869873,-0.07667267460809057,-1.1970652489576086,0.6618302197613866,-1.2434421574082029,-1.324214211362541,-1.6395097823244462,0.028890762753855232,0.36099590888686256,0.36377771357550187,0.3775285085294461,0.3468187883614747,0.344605126505267,0.35164536872499463,0.0751587957965002,0.21164013316483918,0.13774757160178014,F
0.0,0.0,0.0,0.07561787962913513,-0.047232627868652344,-0.02786681530989199,0.13874763250350952,-0.10446512699127197,-0.044511043559680274,0.1778157651424408,-0.1523314118385315,-0.06319870157159357,0.17744922637939453,-0.21173620223999023,-0.07790087265885859,0.08176866173744202,-0.28055453300476074,-0.017072762455711654,0.13273665308952332,-0.33338624238967896,-0.06708374721921473,0.15080302953720093,-0.2801060676574707,-0.10468590361989527,0.15274348855018616,-0.22108930349349976,-0.12057320130980997,0.03724077343940735,-0.3126155734062195,-0.026030802261004737,0.06823697686195374,-0.43520480394363403,-0.054754776041875175,0.09512928128242493,-0.5065907835960388,-0.07726980103171854,0.11910036206245422,-0.5686770975589752,-0.09080875767386942,-0.009790152311325073,-0.3113592863082886,-0.04303904725230723,0.0013860762119293213,-0.4252484142780304,-0.07019727034486323,0.024120599031448364,-0.4950258731842041,-0.08696690304196864,0.050247758626937866,-0.5523740649223328,-0.09457983179009943,-0.05902309715747833,-0.2781537175178528,-0.06377562982953577,-0.07596075534820557,-0.3610289692878723,-0.08190524680532008,-0.07952314615249634,-0.42676442861557007,-0.08652678234494715,-0.07480061054229736,-0.48567795753479004,-0.08666154099620371,-1.2245476418920118,0.6973894162728451,-1.2613771634140136,-1.3266604887473092,-1.6466776771096567,0.026416926103238793,0.3616785765264447,0.3636129355388415,0.3723896689235835,0.3492121626506913,0.34677798056892,0.34897488860832315,0.07075641223945649,0.2109180988483988,0.141723199838756,F
0.0,0.0,0.0,0.07357203960418701,-0.05230587720870972,-0.02584095314122692,0.13299813866615295,-0.10994929075241089,-0.04266482792772308,0.17185905575752258,-0.15654069185256958,-0.06265347652114883,0.16563507914543152,-0.20891624689102173,-0.07877250216878906,0.07422494888305664,-0.27990132570266724,-0.011289337798729093,0.12191745638847351,-0.33734458684921265,-0.061715657040252836,0.14190134406089783,-0.2853437662124634,-0.1006442999092485,0.14699339866638184,-0.2266802191734314,-0.11735253982223526,0.030690878629684448,-0.3077583909034729,-0.021413808837309034,0.057494014501571655,-0.4318739175796509,-0.050051601752414854,0.0836905837059021,-0.5039851665496826,-0.07198023252166763,0.1083296537399292,-0.5686160027980804,-0.08483430199302688,-0.01485300064086914,-0.30474525690078735,-0.039946524575128706,-0.004413604736328125,-0.4164581894874573,-0.06596887312807098,0.016933917999267578,-0.4854966700077057,-0.0807075967637445,0.04115802049636841,-0.5425867140293121,-0.08646352045215622,-0.06201961636543274,-0.2711274027824402,-0.06244145907439247,-0.081189826130867,-0.3531809449195862,-0.07725023679412857,-0.08549769222736359,-0.4169424772262573,-0.07912179283775345,-0.08169500529766083,-0.47319167852401733,-0.07739684186853424,-1.2522506583212298,0.6314748929284292,-1.281516231686925,-1.3395131440966201,-1.6678622604710118,0.025750164316625263,0.36423594850110996,0.35613272633978366,0.36195811143754375,0.34411475599680497,0.33316368464242674,0.33625330585553614,0.07203854653180733,0.2126385964624341,0.14109761479036256,F
0.0,0.0,0.0,0.07591906189918518,-0.0490458607673645,-0.025434827174876773,0.1386624574661255,-0.10514646768569946,-0.041353732090328776,0.17956489324569702,-0.15171539783477783,-0.059901375066374385,0.17352521419525146,-0.20651501417160034,-0.07427198786649569,0.07991653680801392,-0.2769051194190979,-0.014528922479485118,0.13057491183280945,-0.33232831954956055,-0.06427583445224627,0.14844828844070435,-0.2800513505935669,-0.10167086471233233,0.15046516060829163,-0.2225590944290161,-0.11754054922971591,0.03617009520530701,-0.3065636157989502,-0.024176846932505214,0.0638430118560791,-0.43019554018974304,-0.05375100274000033,0.0905090868473053,-0.5005343556404114,-0.075439136218165,0.11549559235572815,-0.5626774728298187,-0.08789518822345599,-0.00924372673034668,-0.3045075535774231,-0.04165551413211688,0.0009062886238098145,-0.41614946722984314,-0.06842798341426715,0.022795051336288452,-0.48335498571395874,-0.08254508275899752,0.048404961824417114,-0.5385122895240784,-0.08767550785455569,-0.05563823878765106,-0.27153480052948,-0.06289767075691088,-0.07262721657752991,-0.35223454236984253,-0.07862887133273944,-0.07633112370967865,-0.41566789150238037,-0.08056233425054415,-0.07203121483325958,-0.4714910686016083,-0.07858677555236682,-1.23954746249222,0.656388555175372,-1.2704393113439811,-1.3292493627902073,-1.6525961967701301,0.028092322487467247,0.36085888373200015,0.3547918663030628,0.3612620506758615,0.3419113657510704,0.33202816998950924,0.3338738756627895,0.07130994873991228,0.20852161454047485,0.1378285772322186,F
0.0,0.0,0.0,0.07517105340957642,-0.04776424169540405,-0.026535260121534066,0.13402381539344788,-0.10348868370056152,-0.043792494203160004,0.1754198968410492,-0.14995455741882324,-0.06423393320591231,0.17646661400794983,-0.2086315155029297,-0.08147027772218962,0.07941338419914246,-0.26996147632598877,-0.0141691384866931,0.1275010108947754,-0.33110666275024414,-0.06209522169382353,0.14892637729644775,-0.2855038046836853,-0.09865379017145415,0.15357264876365662,-0.2282126545906067,-0.11478127222807188,0.0372045636177063,-0.2965961694717407,-0.02359589617998381,0.06563416123390198,-0.4211457669734955,-0.051248055513212876,0.08984360098838806,-0.4914129674434662,-0.07208963912279387,0.11299675703048706,-0.5533652603626251,-0.08530164193660994,-0.006747633218765259,-0.29376816749572754,-0.04100627880842467,0.008048295974731445,-0.4037853181362152,-0.06607798915655394,0.029982656240463257,-0.47064009308815,-0.07921514343769331,0.05418288707733154,-0.5255580544471741,-0.08525199871809264,-0.053085654973983765,-0.26351863145828247,-0.0625571651414134,-0.06705416738986969,-0.3444134593009949,-0.07844321113378783,-0.06866730749607086,-0.4076186418533325,-0.08063660990745802,-0.0641404539346695,-0.4638552665710449,-0.07991763633043547,-1.1871318693895947,0.5127400786303059,-1.283770644457184,-1.313742231838492,-1.6259215361833437,0.030125647753664282,0.3505278556544817,0.33969948625103874,0.35075764318575225,0.3276745642100948,0.31351652515286405,0.320821501254974,0.06505622183689262,0.198468210293445,0.13344529613264336,F
0.0,0.0,0.0,0.07467618584632874,-0.048988521099090576,-0.02696411819957234,0.13440322875976562,-0.1032172441482544,-0.044384678321108595,0.17542538046836853,-0.14813566207885742,-0.06473185257814862,0.171453058719635,-0.20577752590179443,-0.08154095100067593,0.07561168074607849,-0.27062666416168213,-0.014388753527924791,0.12194707989692688,-0.329988956451416,-0.06302324818275906,0.14399391412734985,-0.2831178903579712,-0.09991191463373639,0.15047237277030945,-0.2268836498260498,-0.11607752876184918,0.03456205129623413,-0.29761308431625366,-0.023160315545425192,0.060775578022003174,-0.4191754460334778,-0.05218329416416623,0.08600911498069763,-0.49003875255584717,-0.07395341383121945,0.11116978526115417,-0.5536109209060669,-0.08738510446451642,-0.008590012788772583,-0.2956079840660095,-0.039947835223898664,0.002593904733657837,-0.4061746597290039,-0.06607452170752026,0.024471759796142578,-0.4723840653896332,-0.08016713844440915,0.04995572566986084,-0.5264467000961304,-0.08620365844868161,-0.05428522825241089,-0.26567137241363525,-0.06085480885408856,-0.06857168674468994,-0.34641289710998535,-0.07625149326227643,-0.07081426680088043,-0.4092511236667633,-0.07866497473619916,-0.06523032486438751,-0.4644398093223572,-0.07799961553715207,-1.2241352203837113,0.5288144284483078,-1.2800263803857368,-1.322411794617104,-1.6258053344284904,0.029760000840225995,0.35301861670323875,0.3429144517466202,0.3506069037100112,0.32908266902453215,0.315977241951744,0.32087471493017417,0.06697056057595308,0.19765749667892094,0.13081544534614042,F
0.0,0.0,0.0,0.07700330018997192,-0.050132930278778076,-0.025712822784157652,0.14161908626556396,-0.10795462131500244,-0.04007283340808954,0.18018224835395813,-0.1586397886276245,-0.05671088140127267,0.16755351424217224,-0.21168124675750732,-0.06951210017916765,0.07857584953308105,-0.2696952819824219,-0.012204868007870573,0.12386810779571533,-0.3272082209587097,-0.05717397223827447,0.14252999424934387,-0.279829740524292,-0.09000963832852449,0.14757263660430908,-0.22578972578048706,-0.10410647209403123,0.03558993339538574,-0.2948623299598694,-0.021082277629943746,0.05832749605178833,-0.41715097427368164,-0.0494299505245408,0.08010408282279968,-0.4877564609050751,-0.06976509209391679,0.101662278175354,-0.5512526333332062,-0.08178035284993257,-0.008624076843261719,-0.2916022539138794,-0.037604113329621214,0.003808140754699707,-0.4024741053581238,-0.06425947066065874,0.02537405490875244,-0.46674513816833496,-0.07622540112254228,0.049848586320877075,-0.5195522904396057,-0.08008158322093095,-0.05518084764480591,-0.2625533938407898,-0.05801522474405374,-0.07049243152141571,-0.34301453828811646,-0.07463277991530504,-0.07263977825641632,-0.405257910490036,-0.07675051059243287,-0.0671168714761734,-0.4611296057701111,-0.07513022537943925,-1.3257925152229182,0.5667138454680597,-1.3185817759234078,-1.3196951156127543,-1.630832118325686,0.02445985796199805,0.3459051626838719,0.3296043531187988,0.3424830999440381,0.32868505473134146,0.30959075309011025,0.3185536752156066,0.060741834045100536,0.19133363910779275,0.1307445157613305,F
0.0,0.0,0.0,0.07471916079521179,-0.048604726791381836,-0.025391325693362887,0.1397804617881775,-0.1066279411315918,-0.03891934488319748,0.1789139211177826,-0.15761297941207886,-0.05426228452824944,0.1661750078201294,-0.20984721183776855,-0.06580222059392327,0.07692933082580566,-0.2670906186103821,-0.013075330633455451,0.12001851201057434,-0.3238477110862732,-0.0561668168415963,0.1401333212852478,-0.28041785955429077,-0.08731360394858712,0.1469275951385498,-0.22822707891464233,-0.10048337687157982,0.0340842604637146,-0.2937573790550232,-0.021399198438757594,0.05745279788970947,-0.41638296842575073,-0.048520770262712176,0.08027899265289307,-0.48594018816947937,-0.0673943724145829,0.10317426919937134,-0.5471868515014648,-0.07826256413363808,-0.009865909814834595,-0.2923438549041748,-0.03709451888107651,0.001168757677078247,-0.40432941913604736,-0.0628567080607354,0.02312493324279785,-0.4696780741214752,-0.07507516850137108,0.048630595207214355,-0.5223348736763,-0.07918140698575371,-0.05597928166389465,-0.26415956020355225,-0.05652634088301056,-0.07171612977981567,-0.3457878828048706,-0.07229992408656472,-0.07386566698551178,-0.4082605242729187,-0.07465080578231209,-0.06778395175933838,-0.46316635608673096,-0.07342458177708977,-1.3204476588873841,0.5068322618303892,-1.3046438842621781,-1.3217347407603377,-1.6300448254810238,0.026613575646624026,0.34317215148550956,0.33386408572625426,0.344829499333415,0.3219467192865576,0.3100994923166859,0.31827270120044465,0.059938578348048804,0.1904892568180797,0.1305881319997145,F
0.0,0.0,0.0,0.07714337110519409,-0.05220341682434082,-0.023702345310852024,0.14029967784881592,-0.10849010944366455,-0.03750792097966382,0.18036919832229614,-0.15819662809371948,-0.053841240226432774,0.17143794894218445,-0.21240228414535522,-0.06621251580040166,0.07670706510543823,-0.2721867561340332,-0.009268081269368622,0.12298667430877686,-0.32506442070007324,-0.052630587934658024,0.1424577832221985,-0.28117138147354126,-0.08450812426130483,0.14692819118499756,-0.22988766431808472,-0.09769661304275701,0.03496617078781128,-0.2995843291282654,-0.01846107979039857,0.05898568034172058,-0.42178285121917725,-0.04458770853202054,0.08143845200538635,-0.4913395047187805,-0.0631456556610317,0.10372188687324524,-0.5542528927326202,-0.07349919107477376,-0.007530480623245239,-0.297771155834198,-0.035056676237985585,0.002449631690979004,-0.407608300447464,-0.059618722169801686,0.024475574493408203,-0.4728925824165344,-0.07039653089563558,0.04935985803604126,-0.5266138911247253,-0.07316159036676595,-0.05279359221458435,-0.26846325397491455,-0.05535859566847989,-0.06715507805347443,-0.3502281904220581,-0.07028376635830114,-0.06825302541255951,-0.4134051501750946,-0.07095413234750936,-0.06203845143318176,-0.46896061301231384,-0.06789534118692586,-1.2796519400328417,0.54216024282766,-1.3071020454636237,-1.3271356014879097,-1.6168733214367361,0.030107586171941193,0.34849290330451194,0.33709345030695376,0.34689105731229913,0.3272301730230474,0.3123556199404321,0.3175262706052326,0.06098478981826709,0.18641690571229885,0.1254331847228151,F
0.0,0.0,0.0,0.07788187265396118,-0.05313742160797119,-0.025038209128865674,0.1376173198223114,-0.10671591758728027,-0.03971772300053544,0.17627552151679993,-0.1510711908340454,-0.05722317503739305,0.17626845836639404,-0.20885610580444336,-0.07092185350109048,0.07437241077423096,-0.2724497318267822,-0.010363167468199208,0.1203189492225647,-0.32772672176361084,-0.05690995635438867,0.14211592078208923,-0.2810443639755249,-0.09229534151006646,0.1500648558139801,-0.22738152742385864,-0.10798040809083886,0.03305879235267639,-0.2975817322731018,-0.019529782552012875,0.05648002028465271,-0.4207625389099121,-0.048292164075860455,0.08029451966285706,-0.4925821125507355,-0.07033676685739465,0.10382145643234253,-0.556517481803894,-0.08374190362144418,-0.009759485721588135,-0.2945944666862488,-0.03658693687964387,0.0010928511619567871,-0.4064854681491852,-0.06349086048055597,0.022746622562408447,-0.4726232886314392,-0.07705010505367227,0.04785031080245972,-0.5266493260860443,-0.08204727651525445,-0.05486544966697693,-0.26503634452819824,-0.05745275350261636,-0.07116535305976868,-0.3458080291748047,-0.07444360883880563,-0.07300138473510742,-0.4086792469024658,-0.07719166608501382,-0.06673261523246765,-0.464476078748703,-0.07588581772495218,-1.2090371125870247,0.5370392811054964,-1.3040273640185864,-1.327456559940453,-1.6302287656778212,0.032090809165584676,0.35512955446014893,0.3427590282993324,0.3526912138659304,0.3323686634627675,0.31624204105087395,0.32127086659089493,0.06344190940622192,0.19380482769480573,0.1303639506274486,F
0.0,0.0,0.0,0.0749066174030304,-0.052127718925476074,-0.026781387466655815,0.13711556792259216,-0.11249613761901855,-0.042714811701046074,0.1773970127105713,-0.16176873445510864,-0.06130135415838822,0.170151025056839,-0.21565890312194824,-0.07608731820033654,0.07508301734924316,-0.27897417545318604,-0.012029245335327232,0.12195950746536255,-0.33559650182724,-0.05779408647464379,0.1432669758796692,-0.2886505722999573,-0.09140906466888055,0.14826536178588867,-0.23361653089523315,-0.10559708609031304,0.03285279870033264,-0.30415475368499756,-0.02095842904196843,0.05743366479873657,-0.42743390798568726,-0.04797057418869599,0.08031809329986572,-0.49946129322052,-0.06751500799106225,0.10359054803848267,-0.5650271773338318,-0.0790718345229493,-0.010420918464660645,-0.30010056495666504,-0.03795155866788491,0.0023676156997680664,-0.4126472771167755,-0.06368698908732995,0.025185436010360718,-0.4794235825538635,-0.07646485402034386,0.05045109987258911,-0.5346688330173492,-0.08117631806777581,-0.05587241053581238,-0.268706738948822,-0.05903915672348603,-0.07110446691513062,-0.35005104541778564,-0.07572341694282159,-0.0719003975391388,-0.41399282217025757,-0.07871180756734475,-0.06506593525409698,-0.47140735387802124,-0.07783189399884805,-1.260887883896553,0.5548436210065362,-1.3060051156445336,-1.3168904633877072,-1.6161204542614651,0.028310045073317656,0.35565220107107587,0.34072776150613804,0.34746839925674955,0.33440821693884143,0.31654402292046113,0.31946004099354,0.06119991847228063,0.19289810963438012,0.13170497388996233,F
0.0,0.0,0.0,0.0719802975654602,-0.05331218242645264,-0.02483986916320191,0.13068777322769165,-0.11172246932983398,-0.040091911724971396,0.16808676719665527,-0.15881675481796265,-0.05803869145290719,0.1658364236354828,-0.21227014064788818,-0.07205298023598061,0.06778088212013245,-0.2782898545265198,-0.012010816878841979,0.11372268199920654,-0.3378479480743408,-0.05873186739461289,0.1376051902770996,-0.2893102765083313,-0.09430583792106972,0.14678955078125,-0.23382240533828735,-0.10968861209528313,0.027157366275787354,-0.3042028546333313,-0.021149756781028373,0.04872730374336243,-0.42735546827316284,-0.049872870019839866,0.07341530919075012,-0.5000324845314026,-0.07151757406370507,0.09787449240684509,-0.5657592117786407,-0.08450915890114175,-0.01590481400489807,-0.300509512424469,-0.0379006922461258,-0.006503075361251831,-0.4110313057899475,-0.06427511053459511,0.01680716872215271,-0.4788898825645447,-0.07797333823816643,0.043651729822158813,-0.5351561903953552,-0.08298325019256936,-0.061368316411972046,-0.2692234516143799,-0.05838094877378808,-0.07669991254806519,-0.3533027768135071,-0.07423026340381966,-0.07816790044307709,-0.4188988506793976,-0.07629612313883172,-0.07086080312728882,-0.47696125507354736,-0.07467784958259926,-1.2345028513713174,0.5126304974005343,-1.3067391878449626,-1.322231523129332,-1.6164591193875357,0.028762536028840307,0.35996298074275407,0.34523108278916526,0.3550872614063821,0.3355215736813239,0.3184956202666039,0.32632526228764075,0.06226277298756525,0.19067426956459319,0.12845143323298394,F
0.0,0.0,0.0,0.0727110207080841,-0.056066155433654785,-0.022926079251107012,0.1308192014694214,-0.11658972501754761,-0.036933086954292094,0.16769006848335266,-0.1627599000930786,-0.054310009025272166,0.17019084095954895,-0.21851080656051636,-0.06788848727219943,0.06738880276679993,-0.2833073139190674,-0.007269948397066628,0.11674061417579651,-0.3395674228668213,-0.05369591354602221,0.14044305682182312,-0.2890584468841553,-0.0905352497028673,0.14759066700935364,-0.23277491331100464,-0.10677953451150302,0.027121037244796753,-0.3089461326599121,-0.0174882897662485,0.05009669065475464,-0.431380033493042,-0.04315193011635188,0.07300367951393127,-0.5036091208457947,-0.06578846662515048,0.0948067307472229,-0.5674196779727936,-0.08067605286115054,-0.015692204236984253,-0.30413883924484253,-0.03550790264480952,-0.0038871467113494873,-0.41509634256362915,-0.060032155506547724,0.018451571464538574,-0.4823603630065918,-0.07564256726973895,0.043521612882614136,-0.5383192896842957,-0.08314597248309497,-0.0611918568611145,-0.2724667191505432,-0.057078097157415186,-0.07463206350803375,-0.3570375442504883,-0.07336266725533847,-0.07644791901111603,-0.42179739475250244,-0.07663266747468356,-0.07011865079402924,-0.48000138998031616,-0.0763581359314287,-1.2021598455275189,0.5622333902967243,-1.3146802766510663,-1.32313193624051,-1.6137833354864,0.026725130569716815,0.3569596120329205,0.34398046342712424,0.35514219271172265,0.33878202792189077,0.32278124784469364,0.32942112534677553,0.058966057295092744,0.1866610257982724,0.1277305247557546,F
0.0,0.0,0.0,0.07445457577705383,-0.055455148220062256,-0.025851551218039504,0.13389015197753906,-0.11781913042068481,-0.041625935359007826,0.17201411724090576,-0.16804224252700806,-0.060846898479468337,0.1683943271636963,-0.21937310695648193,-0.07606803603292178,0.06964623928070068,-0.28685975074768066,-0.008133384173817149,0.11753791570663452,-0.3477271795272827,-0.056663643343455306,0.14147216081619263,-0.2966616749763489,-0.09522055812001895,0.149634450674057,-0.23987776041030884,-0.11239322997451495,0.02779531478881836,-0.3114267587661743,-0.017474831787950507,0.05008164048194885,-0.4340367317199707,-0.045056644601828566,0.0733380913734436,-0.508544921875,-0.06782305963159274,0.09566423296928406,-0.576966792345047,-0.08233487583518695,-0.016023069620132446,-0.3066757321357727,-0.03517797939301204,-0.004326164722442627,-0.41761693358421326,-0.06034015841603946,0.017842352390289307,-0.4859688878059387,-0.07500361628652286,0.04249808192253113,-0.5437440872192383,-0.08141700155854892,-0.06191636621952057,-0.2744576334953308,-0.05700882129193019,-0.0763482004404068,-0.35727155208587646,-0.07186532743097018,-0.07849667966365814,-0.42163318395614624,-0.0738450659048624,-0.0731888860464096,-0.4788457155227661,-0.07262890018344592,-1.243271235304213,0.5310745999607821,-1.320565069018206,-1.328781267426717,-1.6258930376226837,0.02779161346823995,0.36491493588411,0.34794596908492137,0.3545257162761421,0.3413821902938106,0.3222001646145049,0.32673524902873863,0.06269280463500244,0.19529240005205517,0.13264717564539466,F
0.0,0.0,0.0,0.07435664534568787,-0.05573087930679321,-0.025861070737505543,0.13221600651741028,-0.11565035581588745,-0.04285705021050035,0.1714729368686676,-0.16364532709121704,-0.06370294770624696,0.17124611139297485,-0.21949118375778198,-0.08065687796499788,0.07197591662406921,-0.28604090213775635,-0.0078729374932891,0.12089267373085022,-0.34514033794403076,-0.0582910620274788,0.1445598304271698,-0.2937036156654358,-0.09848960420515596,0.1523887813091278,-0.234735906124115,-0.11642482808258592,0.030153006315231323,-0.3106735944747925,-0.01734209923472463,0.05219176411628723,-0.4328530430793762,-0.04608928716208993,0.07519182562828064,-0.5075516700744629,-0.06965319743778764,0.09764903783798218,-0.5766847729682922,-0.0845749520364052,-0.013698667287826538,-0.306068480014801,-0.035335927516484844,-0.0011970102787017822,-0.4186084270477295,-0.061632047653461086,0.02071473002433777,-0.4865798354148865,-0.07619309356834947,0.044774144887924194,-0.5443897843360901,-0.08238860151197969,-0.06004081666469574,-0.2741117477416992,-0.05743664062049447,-0.0743415504693985,-0.35620683431625366,-0.07327618381407319,-0.07612577080726624,-0.41958677768707275,-0.07531416347649156,-0.07056018710136414,-0.47634169459342957,-0.07389022341396867,-1.2112677516881012,0.5679070983441656,-1.3223065826154536,-1.3301962079234397,-1.6227663656452243,0.024248720748067033,0.3646968458993658,0.34864632361377,0.3527640442392995,0.34630256575905366,0.3278207349509554,0.32875461903550757,0.061957409526497774,0.19586494513424152,0.1339124738515444,F
0.0,0.0,0.0,0.0748491883277893,-0.0565028190612793,-0.022196899758370137,0.13396742939949036,-0.11789339780807495,-0.03600191104570172,0.16949915885925293,-0.16601663827896118,-0.05356329086581013,0.1669498085975647,-0.22058910131454468,-0.06767151284375927,0.0672377347946167,-0.28365957736968994,-0.007862874896915173,0.11441096663475037,-0.34187859296798706,-0.0556295939103677,0.1380552351474762,-0.28970056772232056,-0.09405522573152325,0.14605268836021423,-0.23145949840545654,-0.11154538917699597,0.02532404661178589,-0.3084171414375305,-0.018558114425928807,0.04606381058692932,-0.4327573776245117,-0.04571336659947178,0.06883352994918823,-0.5080971717834473,-0.06960984099069378,0.08983659744262695,-0.5740304589271545,-0.08575571853080532,-0.018855750560760498,-0.30360013246536255,-0.036950116635949826,-0.008547186851501465,-0.4168384075164795,-0.06173925998965046,0.013357877731323242,-0.4845423102378845,-0.07799432951370022,0.037951380014419556,-0.5409654080867767,-0.0863523386732652,-0.06502166390419006,-0.2715163826942444,-0.0589070894137933,-0.0799003541469574,-0.3552088737487793,-0.07406313496986172,-0.08173982799053192,-0.4191477298736572,-0.07716091501870892,-0.07568337023258209,-0.47700512409210205,-0.07740700024524472,-1.2600359521173838,0.5849816789338118,-1.3325286042192985,-1.3358909325282016,-1.6226344689910046,0.023555363871704198,0.3617557748062507,0.3453716440559881,0.35301563167412686,0.3471528652781267,0.32784112157222456,0.33084669255429205,0.06152538804956151,0.19186134394154622,0.13039852143478423,F
0.0,0.0,0.0,0.07435464859008789,-0.052755892276763916,-0.02448628002781561,0.13485383987426758,-0.11116796731948853,-0.03917440863330057,0.17603087425231934,-0.15751361846923828,-0.05714252682406595,0.17586570978164673,-0.2148640751838684,-0.07122518585998705,0.07137483358383179,-0.27970415353775024,-0.00983390582729271,0.11988627910614014,-0.34121978282928467,-0.05884942876178911,0.14370030164718628,-0.2915493845939636,-0.09742861704904726,0.15225255489349365,-0.2350127100944519,-0.11467376070100954,0.029919803142547607,-0.3049492835998535,-0.019334803316780835,0.052670568227767944,-0.42962223291397095,-0.04846076013524225,0.07585176825523376,-0.5051721334457397,-0.07195108847696474,0.09753426909446716,-0.5731509923934937,-0.08678788410503557,-0.013657480478286743,-0.3010985851287842,-0.03679595978934458,-0.0011206269264221191,-0.4131665527820587,-0.06292409913618258,0.021056652069091797,-0.48137933015823364,-0.07728271650154284,0.04606896638870239,-0.5386634767055511,-0.08325639085848024,-0.05948227643966675,-0.270161509513855,-0.0581264803000181,-0.07356281578540802,-0.35262513160705566,-0.07355345504362276,-0.07506489753723145,-0.4165138006210327,-0.07545594589788607,-0.06901650130748749,-0.4731714427471161,-0.07394442426044634,-1.1941747753817498,0.5048221638803231,-1.3238393140279667,-1.3244900263682393,-1.6177261703912118,0.031041078791367603,0.3667496825407024,0.3488455919475173,0.35593537818733056,0.3425369888886898,0.3216811193266759,0.3250839540346403,0.06195212765452111,0.19425516587462247,0.13241552547516314,F
0.0,0.0,0.0,0.07572352886199951,-0.05453836917877197,-0.0223085778864629,0.1379185914993286,-0.1180959939956665,-0.035353518194199296,0.17500898241996765,-0.16939038038253784,-0.051987367785216065,0.16678735613822937,-0.2207382321357727,-0.06536590970182488,0.06944286823272705,-0.28360456228256226,-0.007294302443654033,0.11503002047538757,-0.3429163098335266,-0.054624236291886064,0.139889657497406,-0.29441601037979126,-0.09273854560279915,0.1499004364013672,-0.23818331956863403,-0.1103327862086303,0.02680608630180359,-0.3078874349594116,-0.01820902257287571,0.047258198261260986,-0.43288153409957886,-0.04554194874191353,0.06980961561203003,-0.5084901750087738,-0.06925663269186089,0.09117737412452698,-0.5748811364173889,-0.08513094401979515,-0.017640531063079834,-0.3031105399131775,-0.036866660332918855,-0.005409300327301025,-0.41681432723999023,-0.06248197249198029,0.016634702682495117,-0.4848135709762573,-0.07878718442344734,0.04149249196052551,-0.5416001975536346,-0.08695834792280266,-0.06416092813014984,-0.27150440216064453,-0.05909381351494858,-0.0776701271533966,-0.35641276836395264,-0.07515893048667976,-0.07872144877910614,-0.420426607131958,-0.07878474063301155,-0.0715983510017395,-0.4785863757133484,-0.07929461366558144,-1.296623141177714,0.5139352116477433,-1.3342146782708586,-1.3277499302135285,-1.6066962525153858,0.024279603245098584,0.3621243792305765,0.3444578404407751,0.3511600924294005,0.341780365020999,0.32220193088194454,0.3268873540300471,0.05980140807124579,0.18912593061087707,0.1294615020183028,F
0.0,0.0,0.0,0.07506704330444336,-0.05532073974609375,-0.024601709933591565,0.13719207048416138,-0.11593806743621826,-0.0397101183399684,0.17565017938613892,-0.16518372297286987,-0.05816766889543601,0.16813424229621887,-0.21825653314590454,-0.07288705082387992,0.07066044211387634,-0.2886720895767212,-0.00872870431990691,0.11712402105331421,-0.3462101221084595,-0.057873136268568715,0.1405484974384308,-0.2956029772758484,-0.09708785535545417,0.1486881673336029,-0.23778557777404785,-0.1148722422286994,0.027163952589035034,-0.3125957250595093,-0.018812640474749287,0.04720097780227661,-0.4376857876777649,-0.047525687979174336,0.06954491138458252,-0.5127031803131104,-0.07141139628143378,0.09105938673019409,-0.5795064866542816,-0.08677752585859366,-0.017613351345062256,-0.3067476749420166,-0.03695112736673423,-0.00619545578956604,-0.420637309551239,-0.06338737429828711,0.01584187150001526,-0.4885413646697998,-0.0789811712667472,0.04095327854156494,-0.5453924238681793,-0.08604999901504584,-0.06432531774044037,-0.27353692054748535,-0.05891637028904029,-0.07802510261535645,-0.35771405696868896,-0.07493829251976081,-0.07875433564186096,-0.421671599149704,-0.07789156855793067,-0.07129091024398804,-0.4792408347129822,-0.07739597828836509,-1.2771295929927802,0.5778917307487311,-1.3358293837312623,-1.3301390583573562,-1.6046456193354028,0.027559633806342434,0.36938064685406596,0.3509884450237909,0.3541711582460614,0.3465461815108758,0.32592756561391284,0.3266365498154402,0.060616758059011525,0.19081619398473215,0.130287338847199,F
0.0,0.0,0.0,0.07432526350021362,-0.05903792381286621,-0.023407284676835616,0.13338223099708557,-0.12008482217788696,-0.037962206214473326,0.17252054810523987,-0.16734778881072998,-0.055805884808108885,0.16664019227027893,-0.2207227349281311,-0.06964419460277327,0.06613507866859436,-0.28729861974716187,-0.00791581305097111,0.11377403140068054,-0.344272255897522,-0.056607261806533415,0.1373557150363922,-0.2932904362678528,-0.09447518414239653,0.14546510577201843,-0.2365606427192688,-0.11091923391799696,0.024086862802505493,-0.31046706438064575,-0.018049564719007094,0.04379644989967346,-0.43591493368148804,-0.047040340065763075,0.06649386882781982,-0.5107547044754028,-0.07016656970958479,0.08878767490386963,-0.5785357356071472,-0.08432603305558928,-0.020228475332260132,-0.30499303340911865,-0.03612385368327864,-0.01138925552368164,-0.41840535402297974,-0.06275130486469038,0.010524481534957886,-0.4873695969581604,-0.0773161319492317,0.035977303981781006,-0.5444106161594391,-0.0828589466808296,-0.06671401858329773,-0.2727193236351013,-0.057860930025384505,-0.08246968686580658,-0.3572591543197632,-0.07358030652980574,-0.0838232934474945,-0.42356759309768677,-0.07576817697267302,-0.076266810297966,-0.48292022943496704,-0.07412145709972151,-1.2516236362750564,0.5690158778281659,-1.3339666675388158,-1.340211392291062,-1.6162110847858233,0.02644283667478575,0.36618459540948556,0.34906537329260523,0.35742319178020837,0.3466400082585489,0.32674024069277396,0.3314484704607886,0.06287653818594764,0.19074933317263576,0.1279836272730619,F
0.0,0.0,0.0,0.07492482662200928,-0.05861610174179077,-0.023066845469827513,0.1347060203552246,-0.12198346853256226,-0.036676174708361486,0.17141586542129517,-0.17261642217636108,-0.05378858626698957,0.16505053639411926,-0.22590720653533936,-0.06754980862950788,0.061820924282073975,-0.28848183155059814,-0.007301197134609083,0.10773265361785889,-0.3494099974632263,-0.05557337657427297,0.13443467020988464,-0.30193138122558594,-0.09418129057502256,0.145771324634552,-0.24544590711593628,-0.111721514471526,0.019089996814727783,-0.3108651638031006,-0.017851114951724867,0.03703218698501587,-0.4384264647960663,-0.04613872499083982,0.05777740478515625,-0.5158247947692871,-0.07002243281220899,0.07764407992362976,-0.5845689177513123,-0.08541358888959394,-0.02490830421447754,-0.3038291931152344,-0.0363520744523953,-0.016500115394592285,-0.41797155141830444,-0.06273067624186979,0.0044796764850616455,-0.4879065752029419,-0.07887583852624402,0.02885541319847107,-0.5462623536586761,-0.08634063483094678,-0.07096964120864868,-0.2699280381202698,-0.05846437693452344,-0.08782021701335907,-0.3538057208061218,-0.07479341954802976,-0.09009075164794922,-0.4190247654914856,-0.07828768969392286,-0.08387894928455353,-0.4779254198074341,-0.07821860046004758,-1.2867058219514824,0.47370454428545733,-1.3600408833453632,-1.3525610548463254,-1.6327815810096824,0.027449022322269607,0.3691586538672736,0.3481041968587747,0.3542302480888773,0.3458984501472986,0.32273807469452775,0.3267812297736767,0.0620300479880666,0.19355238210441528,0.13182933289918075,F
0.0,0.0,0.0,0.07678419351577759,-0.05776405334472656,-0.02702282597962835,0.13877692818641663,-0.12221235036849976,-0.04231064995471456,0.1770211160182953,-0.1756594181060791,-0.06050571655575254,0.16902032494544983,-0.22926920652389526,-0.07515515615884283,0.06466200947761536,-0.2863014340400696,-0.009193920955993917,0.11158713698387146,-0.3459972143173218,-0.058161938988604334,0.13749432563781738,-0.2981353998184204,-0.09693657090608099,0.1474970579147339,-0.24269849061965942,-0.11432993640843847,0.021920114755630493,-0.30989181995391846,-0.017821206205525186,0.04102069139480591,-0.43581265211105347,-0.0459511191183708,0.06124791502952576,-0.5127657949924469,-0.06946912636701086,0.08141854405403137,-0.5829193592071533,-0.08453201731387594,-0.022052764892578125,-0.30417871475219727,-0.03481771653238752,-0.012352675199508667,-0.41720303893089294,-0.06123044570628622,0.008879244327545166,-0.48722967505455017,-0.07669750084821203,0.033117443323135376,-0.5454100966453552,-0.08354649176541784,-0.06825272738933563,-0.2722434997558594,-0.05586242532078245,-0.08323559165000916,-0.355587899684906,-0.07230492910090902,-0.0851740688085556,-0.42120230197906494,-0.075579571031966,-0.07905149459838867,-0.48013177514076233,-0.07520816703978994,-1.295472310652236,0.4845303897864221,-1.3562299242374893,-1.345960645197122,-1.6226947330617716,0.025369207614749187,0.3643384450044214,0.34411430606709426,0.35280540810033384,0.34657843183970327,0.3236000813608963,0.3281749704719573,0.06115505792447645,0.19056736536803615,0.12978108449577586,F
0.0,0.0,0.0,0.07460075616836548,-0.05834484100341797,-0.022761871334637362,0.13452395796775818,-0.12109583616256714,-0.037645262893761355,0.17508801817893982,-0.16980868577957153,-0.05662411567243453,0.17635184526443481,-0.2248048186302185,-0.07228205841454383,0.06693682074546814,-0.29119032621383667,-0.007412984263623912,0.11894038319587708,-0.3490278720855713,-0.05764388781460639,0.14825895428657532,-0.2970081567764282,-0.09812838327559348,0.1607409119606018,-0.236494243144989,-0.11646641534241553,0.025986671447753906,-0.31486475467681885,-0.018719910871709544,0.04475831985473633,-0.444339394569397,-0.0462586220768344,0.06589749455451965,-0.5194287002086639,-0.07011429708870764,0.08673363924026489,-0.5844408571720123,-0.08575859409245368,-0.01811125874519348,-0.30840975046157837,-0.038135648932779986,-0.007505893707275391,-0.4254457950592041,-0.06442202371033545,0.014718234539031982,-0.49585965275764465,-0.07985697430046912,0.039840131998062134,-0.5524943768978119,-0.08698975038203116,-0.06415358185768127,-0.27589190006256104,-0.06125312414440032,-0.07874821126461029,-0.3640668988227844,-0.07881103944453116,-0.07996851205825806,-0.43093621730804443,-0.08211564761074897,-0.0726473331451416,-0.49033123254776,-0.08157685887488242,-1.1874313231543776,0.5278917253796379,-1.3491558592804105,-1.3376890806351678,-1.6103847431026959,0.019502407136126564,0.3706339205591215,0.3549871750592278,0.36401218020356635,0.35573012611862476,0.3383387106545043,0.344823563786759,0.05674133082140743,0.18509164164120265,0.12852115129358616,F
0.0,0.0,0.0,0.07570773363113403,-0.05720651149749756,-0.025041034515766114,0.135768860578537,-0.11595678329467773,-0.041308570723799676,0.17624932527542114,-0.1650465726852417,-0.06131687022354981,0.17956650257110596,-0.22329837083816528,-0.0779843480100908,0.06810036301612854,-0.2883303165435791,-0.00845484908279559,0.11900261044502258,-0.3437374234199524,-0.056560292910603494,0.14764848351478577,-0.2944033741950989,-0.09436025477555177,0.15906670689582825,-0.23528754711151123,-0.11116651452687165,0.027754753828048706,-0.31302887201309204,-0.018690053444174737,0.04851895570755005,-0.44019895792007446,-0.04568352929857156,0.0696561336517334,-0.5161174237728119,-0.06839278347399613,0.09124723076820374,-0.583856999874115,-0.08330349631216905,-0.015553295612335205,-0.307803750038147,-0.03714024655130288,-0.004264950752258301,-0.4226614534854889,-0.06311353303101441,0.018523216247558594,-0.4923984408378601,-0.07796590782311341,0.04404270648956299,-0.5487746894359589,-0.08486607677843949,-0.062384217977523804,-0.2761853337287903,-0.05949962518718621,-0.07625675201416016,-0.3634355664253235,-0.07703861601260087,-0.07593373954296112,-0.4302665889263153,-0.0804623068084993,-0.06726519763469696,-0.48926305770874023,-0.08016511059906861,-1.1833943154914426,0.5279027519733627,-1.3405167677912833,-1.3283452422124198,-1.593699360010294,0.02374830458035891,0.3712180205001887,0.3525642257409621,0.3628541068923574,0.35510582189179396,0.333923208346184,0.3401906685838663,0.058813566615636755,0.18459199292648362,0.1262183973570079,F
0.0,0.0,0.0,0.07729366421699524,-0.05596494674682617,-0.021664440188743583,0.13849294185638428,-0.11703693866729736,-0.0350459940025587,0.17780008912086487,-0.16426986455917358,-0.05253283821437549,0.18253004550933838,-0.22140532732009888,-0.06653352968785953,0.07161137461662292,-0.2914860248565674,-0.004646820504405014,0.12465786933898926,-0.3486645221710205,-0.053513599116541855,0.15286970138549805,-0.2972235083580017,-0.09339212768171024,0.1632150113582611,-0.23533880710601807,-0.11113694452140521,0.029854238033294678,-0.317396342754364,-0.015595586527325622,0.052162736654281616,-0.44394630193710327,-0.04135604344699573,0.07386639714241028,-0.5205233693122864,-0.06539971523378085,0.09350287914276123,-0.5855776369571686,-0.08134155117366504,-0.014649540185928345,-0.3130831718444824,-0.03451086722705554,-0.0007493793964385986,-0.4289843440055847,-0.059090779651143066,0.022195547819137573,-0.49802547693252563,-0.07418540262077045,0.04689896106719971,-0.5532642602920532,-0.08119661502931308,-0.062304407358169556,-0.28239864110946655,-0.057021325010992996,-0.07416127622127533,-0.3703234791755676,-0.0738091483006258,-0.07316245138645172,-0.43600994348526,-0.07652545862291049,-0.06382603943347931,-0.49483925104141235,-0.07533392452094745,-1.1715211458474224,0.5498774120216738,-1.3377733090671515,-1.319935821854434,-1.577958827670224,0.02381622142998129,0.37489639563172644,0.3585054287737281,0.3680454200638637,0.35710925402953997,0.3385351050317508,0.3448015648852023,0.056710488372921565,0.1816200520288606,0.12519387941034832,F
0.0,0.0,0.0,0.07927662134170532,-0.05763602256774902,-0.025023748459261697,0.14322906732559204,-0.12087464332580566,-0.04009353678111438,0.18508702516555786,-0.17412841320037842,-0.05854736577157382,0.18162226676940918,-0.2336062788963318,-0.07336514006738071,0.07409083843231201,-0.29096323251724243,-0.008765558073264401,0.1215936541557312,-0.34938615560531616,-0.05705818842534427,0.14884668588638306,-0.30088257789611816,-0.0937102244365633,0.16042938828468323,-0.24210762977600098,-0.10926453332785968,0.031431376934051514,-0.3164748549461365,-0.018820236729425233,0.053922295570373535,-0.445079505443573,-0.046259793745321076,0.07589137554168701,-0.5222131013870239,-0.06684615771655444,0.09845754504203796,-0.5914781391620636,-0.07921616296653156,-0.013415694236755371,-0.3130875825881958,-0.037148605393213074,-0.0010880231857299805,-0.4300330877304077,-0.06360491673831348,0.022508978843688965,-0.501085638999939,-0.07540920685414676,0.048722535371780396,-0.5576688051223755,-0.07902164320830707,-0.06140679121017456,-0.2825227975845337,-0.05951868306283359,-0.07326793670654297,-0.37081485986709595,-0.07652323256616,-0.07260812819004059,-0.4394671320915222,-0.07787434320334796,-0.06395488977432251,-0.49898433685302734,-0.07526472519521121,-1.242545492006053,0.5149388212599645,-1.3317288025688214,-1.3220004436879844,-1.5825673826849995,0.02283442719333271,0.367408001151372,0.3502554203857053,0.3615710904662758,0.35482426943991285,0.3347495726265983,0.3410776258841931,0.060138525548169425,0.18690345756181617,0.1270435710833561,F
0.0,0.0,0.0,0.07789692282676697,-0.05890655517578125,-0.022023022521494795,0.13938090205192566,-0.12031590938568115,-0.03627745096778767,0.1790323555469513,-0.16856610774993896,-0.05462744121646779,0.18008485436439514,-0.22670483589172363,-0.06964439188337224,0.0687268078327179,-0.29633867740631104,-0.006026747051834036,0.11990317702293396,-0.35364770889282227,-0.056586098272561,0.14635908603668213,-0.3018701672554016,-0.09764608030414479,0.15571731328964233,-0.24079638719558716,-0.11615696584081547,0.026487350463867188,-0.3209577798843384,-0.018165456477760245,0.048349589109420776,-0.45167917013168335,-0.04587109421586888,0.07116955518722534,-0.5291165113449097,-0.07108181749677556,0.0933103859424591,-0.5979255437850952,-0.0878586176524152,-0.01839640736579895,-0.3145717978477478,-0.03843664785122769,-0.004223257303237915,-0.4318442940711975,-0.06523940746879475,0.01918920874595642,-0.5025801658630371,-0.08223117177581685,0.044997572898864746,-0.561691403388977,-0.09045670961236851,-0.06674017012119293,-0.28145813941955566,-0.062191930014847685,-0.08004596829414368,-0.37150609493255615,-0.0803682584056844,-0.07942378520965576,-0.43923699855804443,-0.08428690617179768,-0.06993865966796875,-0.5007014274597168,-0.08417682384347813,-1.2053830452121022,0.5682389635817539,-1.3340541937224635,-1.319679814223908,-1.585384060314686,0.028148692264103194,0.38122778274774977,0.3611988012401749,0.3709257200033038,0.36254083779244783,0.3394590878588422,0.34419652538360257,0.06039073467371384,0.19000731482752517,0.13011577429546728,F
0.0,0.0,0.0,0.07879388332366943,-0.05842047929763794,-0.024926896306908475,0.14169028401374817,-0.121848464012146,-0.04110984048548971,0.18381798267364502,-0.17300468683242798,-0.06144528007808958,0.181476891040802,-0.2294938564300537,-0.07826531967822348,0.07206493616104126,-0.2980813980102539,-0.005818338698929892,0.12332296371459961,-0.35825449228286743,-0.056671860727703915,0.1516706645488739,-0.3072682023048401,-0.09778859755698477,0.16268032789230347,-0.2454850673675537,-0.11610460570756231,0.029026687145233154,-0.3234901428222656,-0.016737108218706,0.050571948289871216,-0.45418620109558105,-0.04374840772453581,0.07216137647628784,-0.5318408310413361,-0.0674504145115975,0.09327882528305054,-0.6008059680461884,-0.0829538135856751,-0.01629006862640381,-0.31808042526245117,-0.0363774738341931,-0.0018384456634521484,-0.4358072876930237,-0.06247107973996435,0.021396279335021973,-0.5062284469604492,-0.07740719160739218,0.04642575979232788,-0.564153641462326,-0.08406256428662573,-0.06498338282108307,-0.2862253189086914,-0.0600976153344277,-0.0766950398683548,-0.3766205310821533,-0.07727075657550131,-0.0758240669965744,-0.4433290958404541,-0.07981308093968664,-0.06670677661895752,-0.5032207369804382,-0.07869506916705404,-1.216761176767696,0.5259091157620801,-1.3431205855991728,-1.3212426643522384,-1.5787382344135705,0.024678525349848456,0.3816432667246227,0.36088222423574606,0.3694882109471078,0.3620352345055634,0.3392120055654093,0.3450306060436699,0.059486156287728374,0.1873986929999877,0.128498208716891,F
0.0,0.0,0.0,0.07933872938156128,-0.05979710817337036,-0.021440082887295375,0.14221695065498352,-0.12287724018096924,-0.034259261289719234,0.17877286672592163,-0.1735219955444336,-0.051242215285185466,0.1773713231086731,-0.2274121642112732,-0.06480394090164054,0.06976953148841858,-0.29725372791290283,-0.0028337270078395704,0.11995777487754822,-0.35364776849746704,-0.05134124095189918,0.14717793464660645,-0.3011589050292969,-0.09072252894389976,0.15732386708259583,-0.2398098111152649,-0.10837910110700477,0.027403652667999268,-0.3221626877784729,-0.014846389839533458,0.049269646406173706,-0.451266348361969,-0.04148992309916366,0.0719861388206482,-0.5301992893218994,-0.06631435985315193,0.09347090125083923,-0.6000879406929016,-0.08286043787944664,-0.017767488956451416,-0.3167616128921509,-0.035008122870806346,-0.004322648048400879,-0.4345133900642395,-0.061025017598751674,0.018552035093307495,-0.5048585534095764,-0.07826147014844764,0.04377076029777527,-0.5626952946186066,-0.08671996528852333,-0.06692689657211304,-0.2845325469970703,-0.05862198556411613,-0.08096073567867279,-0.37367093563079834,-0.07592076594579567,-0.08084319531917572,-0.4410633444786072,-0.07980347956168998,-0.07202692329883575,-0.5016724467277527,-0.07981637651670326,-1.246384362213644,0.5806476451541789,-1.3374121743111211,-1.3256078473882331,-1.5942792943612731,0.023571214263876115,0.38200329208543105,0.36092088872650413,0.3706995924966194,0.3658927874357075,0.3422708627938867,0.3481003087882944,0.06219577148964324,0.19254905708177142,0.13089267164761795,F
0.0,0.0,0.0,0.07975238561630249,-0.056577205657958984,-0.02181299444228557,0.14405837655067444,-0.12267011404037476,-0.03526710946053413,0.1850367784500122,-0.17468035221099854,-0.052786799556912456,0.17765328288078308,-0.22867852449417114,-0.06691353995293525,0.07404932379722595,-0.2924448251724243,-0.0050723975890889506,0.12398767471313477,-0.35143500566482544,-0.05520174506992248,0.14917156100273132,-0.29954618215560913,-0.09596823383063224,0.15599194169044495,-0.23715752363204956,-0.11422639567345527,0.028493136167526245,-0.31850141286849976,-0.01715552847772983,0.04858699440956116,-0.44931331276893616,-0.04437330592364219,0.07025507092475891,-0.5276392698287964,-0.06848564971178916,0.08950728178024292,-0.5956518650054932,-0.08419390249937919,-0.019012272357940674,-0.31218963861465454,-0.037422826922835384,-0.006143540143966675,-0.42987072467803955,-0.06349200982540992,0.015756040811538696,-0.5004221200942993,-0.07909895706862358,0.03957235813140869,-0.5596788227558136,-0.08629048842877296,-0.06823816895484924,-0.27865713834762573,-0.06127762276619819,-0.08094361424446106,-0.3685452342033386,-0.07875559706181434,-0.08080202341079712,-0.4345574378967285,-0.08162006962984947,-0.07202427089214325,-0.4947277903556824,-0.08074518520325569,-1.263900744171072,0.5935487173021623,-1.3541047627802498,-1.3383588691333488,-1.5883170519849132,0.023261709493164567,0.37741111557034873,0.3586468168392669,0.36485763350035805,0.36460718972636064,0.34288993543780183,0.34399685391089174,0.06154312608660804,0.1904681373686225,0.12912181929969532,F
0.0,0.0,0.0,0.07782375812530518,-0.05869930982589722,-0.022478356840366587,0.13956013321876526,-0.12340223789215088,-0.03755526791726993,0.17718708515167236,-0.17517703771591187,-0.057075148331279024,0.1780909299850464,-0.22959637641906738,-0.07335063989674495,0.07221329212188721,-0.30060505867004395,-0.0067130614764039365,0.12147256731987,-0.3597751259803772,-0.058195138233060106,0.14829155802726746,-0.3077837824821472,-0.10006945009743617,0.15956705808639526,-0.2462119460105896,-0.11949397798096584,0.02859315276145935,-0.3252106308937073,-0.01918421860253261,0.04970589280128479,-0.4552675485610962,-0.047739045577401384,0.07195860147476196,-0.5345819592475891,-0.07296750869070934,0.09347778558731079,-0.6041726171970367,-0.08987683977400707,-0.017163753509521484,-0.3181837797164917,-0.03987163107311176,-0.004935562610626221,-0.4373553395271301,-0.06673633481776164,0.017753899097442627,-0.5088414549827576,-0.08351622696434902,0.04316505789756775,-0.5682220458984375,-0.09200017328774379,-0.06563271582126617,-0.2824214696884155,-0.06422423000847743,-0.08063453435897827,-0.3702629804611206,-0.08170432026898311,-0.08004704117774963,-0.4367913007736206,-0.08533077861582683,-0.07140249013900757,-0.4971190392971039,-0.0854480731061642,-1.2227345562178369,0.5569265359449201,-1.3422665222502839,-1.334043003512884,-1.597663822006512,0.02488395030875031,0.3840139897975428,0.3645165771112725,0.36580779357273574,0.3640104861892168,0.3424031689072716,0.3410297665438228,0.06183699656579307,0.19658579263203066,0.13483827576345778,F
0.0,0.0,0.0,0.07849857211112976,-0.05941057205200195,-0.024518147403682633,0.1395229697227478,-0.1225355863571167,-0.039316550189937516,0.1806412637233734,-0.17289340496063232,-0.05747840210267441,0.18787601590156555,-0.23775535821914673,-0.07123041927286522,0.07320383191108704,-0.29995858669281006,-0.008983548092032834,0.1253911256790161,-0.357380747795105,-0.060608253175701066,0.14962127804756165,-0.3010716438293457,-0.10045486717888252,0.15711501240730286,-0.23758381605148315,-0.11727777897783653,0.029224038124084473,-0.3262321352958679,-0.019196657756651803,0.05138754844665527,-0.4571111798286438,-0.0486181530303611,0.073813796043396,-0.5363474488258362,-0.07279448240467445,0.09459960460662842,-0.607309490442276,-0.08739754586883919,-0.01695391535758972,-0.32045650482177734,-0.03756701603003876,-0.00594484806060791,-0.43928977847099304,-0.06537266104885475,0.01662793755531311,-0.5112525522708893,-0.07951667934128182,0.0416375994682312,-0.5703831315040588,-0.08439471601911919,-0.0661325454711914,-0.2852829098701477,-0.059624616349424286,-0.08039014041423798,-0.3723104000091553,-0.07807606487938301,-0.08038339018821716,-0.4414539039134979,-0.08014299749800102,-0.07228273153305054,-0.5030706524848938,-0.07725126325556175,-1.1734580022588466,0.6392268592277546,-1.3422701894756994,-1.3405199931281737,-1.5990281819241505,0.0307614818025616,0.38114399581687286,0.363355074275024,0.3715841482599444,0.3749736664303391,0.35226469772715496,0.35086548026892656,0.06456415393013111,0.19676241880537598,0.13232086625754505,F
0.0,0.0,0.0,0.07707014679908752,-0.06275022029876709,-0.020274531084339742,0.13789427280426025,-0.1268334984779358,-0.033670527848641996,0.17622649669647217,-0.17891132831573486,-0.05143703332845462,0.1749299168586731,-0.24132591485977173,-0.06550209409300578,0.0643388032913208,-0.2997996211051941,-0.002222926809679393,0.11835774779319763,-0.3572341203689575,-0.051857961329858426,0.1455044150352478,-0.3034013509750366,-0.09207066333596003,0.15428853034973145,-0.2418319582939148,-0.10976261085573924,0.022539615631103516,-0.32585591077804565,-0.014724122348468427,0.04450470209121704,-0.456636518239975,-0.04176281577650798,0.06664901971817017,-0.5360927879810333,-0.06688422894779933,0.08603566884994507,-0.6050305068492889,-0.08316869473759425,-0.023007631301879883,-0.31946253776550293,-0.03520530647341502,-0.011116266250610352,-0.4369437098503113,-0.06170796788040889,0.010333478450775146,-0.5068522095680237,-0.07805478757921946,0.033111006021499634,-0.5650878250598907,-0.08540720677677882,-0.0714980959892273,-0.28461986780166626,-0.05894110536877406,-0.08549162745475769,-0.37165117263793945,-0.0772520247728039,-0.08597375452518463,-0.43808209896087646,-0.0804152060181309,-0.07848824560642242,-0.49885880947113037,-0.07924891448323024,-1.257942697975031,0.5724602924197982,-1.3471586885439906,-1.346179123405464,-1.6034125758948994,0.020647588647799957,0.3744104933936794,0.3534605748417666,0.36130867256971666,0.36955600221839113,0.3452221716531857,0.3467676883024368,0.06630563900629988,0.19580742517127744,0.12977162813869805,F
0.0,0.0,0.0,0.0776931643486023,-0.05825638771057129,-0.024779992296657838,0.1420709192752838,-0.11904489994049072,-0.04021613311704186,0.1823391616344452,-0.17029225826263428,-0.05874645721848992,0.17376628518104553,-0.22706562280654907,-0.07319378864701775,0.07087162137031555,-0.29661548137664795,-0.009553552723787107,0.12102967500686646,-0.35508447885513306,-0.06138894346293,0.14432650804519653,-0.2994108200073242,-0.10283292096789864,0.15105733275413513,-0.23877811431884766,-0.12122385215695886,0.025369614362716675,-0.3216906189918518,-0.01972440828319577,0.04488849639892578,-0.4516838788986206,-0.04972101387318162,0.06559175252914429,-0.5304641127586365,-0.07618283492263345,0.08525398373603821,-0.6017455160617828,-0.09325253230269936,-0.021850720047950745,-0.31495827436447144,-0.037865329652390756,-0.011222004890441895,-0.432968407869339,-0.06550677132543115,0.009666472673416138,-0.5030862092971802,-0.08258708578284768,0.0339091420173645,-0.5621266961097717,-0.09029673796828774,-0.0713217556476593,-0.2801024317741394,-0.05958618608053712,-0.08424636721611023,-0.3656364679336548,-0.07629637432034997,-0.085805743932724,-0.4320076107978821,-0.0792569966309884,-0.07819651067256927,-0.49187952280044556,-0.07830370229419259,-1.285387744029231,0.624873878013814,-1.3601379536849423,-1.3489160045336603,-1.6032471535319874,0.02555149658539292,0.3849927920323252,0.36307842587657824,0.365529276699347,0.36888401357339246,0.34391569306895653,0.3414932615752243,0.06485324714696658,0.19694314051958864,0.1322964199174965,F
0.0,0.0,0.0,0.07744640111923218,-0.05898129940032959,-0.024322554686506237,0.14326468110084534,-0.12291133403778076,-0.039581882053454365,0.18308627605438232,-0.1769634485244751,-0.05850127174838349,0.1712915599346161,-0.23061853647232056,-0.07349452956898972,0.0713236927986145,-0.29886394739151,-0.005610730250765528,0.12210026383399963,-0.35935020446777344,-0.05845395683630272,0.14444801211357117,-0.3044082522392273,-0.10189265593274399,0.14953505992889404,-0.24226099252700806,-0.12166607215388581,0.02641168236732483,-0.3230143189430237,-0.016602648639519657,0.04619041085243225,-0.45244646072387695,-0.046636482918103184,0.0665326714515686,-0.5305787324905396,-0.07420580669625565,0.08556517958641052,-0.6011067628860474,-0.09242943509801194,-0.019836783409118652,-0.3159250020980835,-0.036043176644881214,-0.007451385259628296,-0.4304240942001343,-0.06348632856591507,0.013405859470367432,-0.49979645013809204,-0.08155826314671799,0.03676420450210571,-0.5591936707496643,-0.09054408057912156,-0.06874196231365204,-0.2820435166358948,-0.05925320296867653,-0.08222164213657379,-0.3671453595161438,-0.07553019955142304,-0.08401134610176086,-0.43219250440597534,-0.078867836141427,-0.07714098691940308,-0.4920809268951416,-0.07883748992665573,-1.316228204218421,0.6264672066583602,-1.361208455476237,-1.3421948684672866,-1.6107632643103151,0.024675738600583225,0.38027692304266125,0.3550482054947461,0.3606678692952702,0.3645029938088356,0.3363979612885241,0.33733074248053635,0.06432917271045753,0.1958569108623268,0.13220632745997196,F
0.0,0.0,0.0,0.07968279719352722,-0.05927950143814087,-0.0228215655929489,0.1440487504005432,-0.12280088663101196,-0.03554337235755156,0.18516132235527039,-0.17364633083343506,-0.05166059868997763,0.18315237760543823,-0.2328803539276123,-0.06320645051664542,0.07793471217155457,-0.29991793632507324,-0.0053428560181600915,0.1281128227710724,-0.35806089639663696,-0.05528042974538039,0.15016937255859375,-0.3026944398880005,-0.09479892390436362,0.15713238716125488,-0.24114060401916504,-0.11241845178074072,0.03277790546417236,-0.3255934715270996,-0.01631223546928595,0.05452001094818115,-0.45589086413383484,-0.04648053782648276,0.07657596468925476,-0.5348905622959137,-0.07176065581506919,0.09655362367630005,-0.604403167963028,-0.08732329445547293,-0.014366641640663147,-0.3199329376220703,-0.03532546522683333,-0.003301560878753662,-0.43523508310317993,-0.06311045723623465,0.01852518320083618,-0.5036792755126953,-0.07757407563394736,0.043227821588516235,-0.5605100393295288,-0.08270099150604437,-0.06371727585792542,-0.28509438037872314,-0.058038791144554125,-0.07868236303329468,-0.368588924407959,-0.0746033577866001,-0.07956729829311371,-0.43293583393096924,-0.07595367866224478,-0.07264353334903717,-0.4905431270599365,-0.07310152935451697,-1.2294690930050103,0.6384644824944735,-1.3459222759171057,-1.3358175461283268,-1.6142166313929163,0.02729966362961987,0.38148203828079963,0.3562584625424237,0.36307251716326516,0.36827907481750194,0.33907386550540125,0.33911442338162884,0.069066981326408,0.20394064543369053,0.13535708222182283,F
0.0,0.0,0.0,0.0778210461139679,-0.05780816078186035,-0.023600383897104393,0.14613771438598633,-0.12449431419372559,-0.03780390625146879,0.18456226587295532,-0.18047261238098145,-0.0555241846039678,0.16749387979507446,-0.23151898384094238,-0.06933611934331907,0.07561549544334412,-0.3003544807434082,-0.00731996051294459,0.12227228283882141,-0.3612033724784851,-0.0588530108824159,0.14266780018806458,-0.30715250968933105,-0.100030186821499,0.14838925004005432,-0.2473202347755432,-0.1188222349181558,0.028191566467285156,-0.3239145278930664,-0.018899605844893586,0.047975361347198486,-0.45263734459877014,-0.050438120265283715,0.06959164142608643,-0.5332484841346741,-0.07704137568620695,0.09013980627059937,-0.6062641143798828,-0.09405840491203321,-0.020299836993217468,-0.3176388740539551,-0.03859593649653448,-0.00934484601020813,-0.43360719084739685,-0.06686251168397916,0.013190746307373047,-0.5026481449604034,-0.08388442849067701,0.03951022028923035,-0.5616736114025116,-0.09166796063331617,-0.07057736814022064,-0.28362876176834106,-0.0619977780177976,-0.08484958112239838,-0.3686532974243164,-0.07729771291164411,-0.08471603691577911,-0.43390417098999023,-0.07980690454391492,-0.07602334022521973,-0.4927813708782196,-0.07927013491539014,-1.373838954839072,0.6297651652321702,-1.3548158921874964,-1.3304457621131816,-1.5968287145061577,0.02479246678276739,0.3826454828604114,0.3540930600856593,0.35715356826836886,0.36363952811110284,0.33267504943451565,0.33258409463831307,0.06746605022097996,0.20121760441386663,0.13451447658004323,F
0.0,0.0,0.0,0.07574853301048279,-0.05631887912750244,-0.023872708655204633,0.14138180017471313,-0.11991041898727417,-0.039505526176895955,0.18221667408943176,-0.17102646827697754,-0.05875759919663892,0.1738724708557129,-0.22693121433258057,-0.07424802308460698,0.07369112968444824,-0.2958812713623047,-0.009739949121382097,0.12389731407165527,-0.35673147439956665,-0.0646967140354775,0.14684569835662842,-0.3005841374397278,-0.10939375286480413,0.15366241335868835,-0.2376958727836609,-0.12995403235336767,0.028271913528442383,-0.31953954696655273,-0.021409764639344075,0.04845127463340759,-0.44899284839630127,-0.05431074996968732,0.07029250264167786,-0.5298039317131042,-0.08288941507717595,0.09046125411987305,-0.6023313999176025,-0.101378112784829,-0.019589126110076904,-0.3125772476196289,-0.04119434183022008,-0.006788730621337891,-0.42955487966537476,-0.07061977659842,0.014756858348846436,-0.5000919103622437,-0.0880697963156365,0.03941720724105835,-0.5607974231243134,-0.09605895703217016,-0.06984992325305939,-0.27791696786880493,-0.0645789874114655,-0.08215078711509705,-0.3635350465774536,-0.08112766569038854,-0.08124901354312897,-0.4278799295425415,-0.08332950597187505,-0.0718640685081482,-0.48667630553245544,-0.0821694654740952,-1.2760472715964912,0.6289963470069748,-1.354329897973273,-1.3374104444386916,-1.5804441958871402,0.022898128648460612,0.3845552371436673,0.359923413084855,0.35756671990127625,0.3700722283249279,0.3427047985561231,0.33593667545388606,0.06580703571831903,0.19931284761281312,0.13370662812829054,F
0.0,0.0,0.0,0.07739251852035522,-0.05823177099227905,-0.021635495984639874,0.14252647757530212,-0.12343764305114746,-0.036068246626939526,0.18105095624923706,-0.1756761074066162,-0.0547455483318231,0.168440580368042,-0.22826695442199707,-0.06987856414326643,0.07269030809402466,-0.2965121865272522,-0.004894304481979361,0.12175697088241577,-0.35950547456741333,-0.05868201043614363,0.14437445998191833,-0.3018677830696106,-0.10325464692124342,0.15001794695854187,-0.23618680238723755,-0.12365809913882231,0.027020394802093506,-0.3206937909126282,-0.017334259042229405,0.04640406370162964,-0.44890743494033813,-0.047177520507659665,0.06783115863800049,-0.5293610692024231,-0.07528656806954359,0.08668777346611023,-0.6009030938148499,-0.09413923408993696,-0.021009892225265503,-0.3141040802001953,-0.038061798477258435,-0.00816035270690918,-0.43039363622665405,-0.06549820389756178,0.012607753276824951,-0.5000102519989014,-0.08385143514880156,0.03529888391494751,-0.5597608387470245,-0.09325933542260145,-0.0711851716041565,-0.28066879510879517,-0.062239226812209836,-0.08409056067466736,-0.366202712059021,-0.07862296041258787,-0.08426837623119354,-0.4298488199710846,-0.08198792573222136,-0.07613691687583923,-0.48892563581466675,-0.08210294034489607,-1.32845201879866,0.6625052913571369,-1.360991314295525,-1.3454714519788185,-1.594568954928183,0.020052865469387508,0.38149864196082556,0.35723228672574187,0.3574368480493387,0.37017385659618446,0.3433083459978288,0.3391503211825182,0.06582934848050373,0.1976128307705107,0.1320437945242116,F
0.0,0.0,0.0,0.07997098565101624,-0.05834400653839111,-0.025217763385171565,0.1447497010231018,-0.12128621339797974,-0.03873457503914324,0.18311071395874023,-0.17311525344848633,-0.0550417092204043,0.17979082465171814,-0.23273766040802002,-0.06666860101222483,0.07464781403541565,-0.2988811731338501,-0.007532965628797683,0.122995525598526,-0.35666799545288086,-0.057842989689106616,0.14526379108428955,-0.3032780885696411,-0.09758834657668558,0.15249493718147278,-0.24472033977508545,-0.11525381473302332,0.028426021337509155,-0.3238028287887573,-0.01708685351013628,0.04909500479698181,-0.4538223147392273,-0.04754121345877138,0.07146373391151428,-0.5331289172172546,-0.07285208371877161,0.09262546896934509,-0.6045939028263092,-0.08848103252648798,-0.01874449849128723,-0.3182709217071533,-0.03479210776686159,-0.008468002080917358,-0.4340672791004181,-0.0626173478126475,0.013084173202514648,-0.5026891529560089,-0.07703938452004877,0.038239240646362305,-0.5604402124881744,-0.08219140139817682,-0.06798878312110901,-0.284312903881073,-0.056368095105881366,-0.08252088725566864,-0.3686896562576294,-0.07264688727855173,-0.08310553431510925,-0.43365994095802307,-0.07376184431313959,-0.0753454715013504,-0.4922643303871155,-0.0709016558289477,-1.266174995168806,0.6078566418763403,-1.3460221028771688,-1.3396949796877984,-1.6061585350282253,0.02981023444393206,0.38193568078497725,0.35696752453727726,0.3639349145728459,0.36481959186313734,0.3357579518294278,0.33643614418918294,0.07005291001575531,0.20206971491785206,0.13247429084141665,F
0.0,0.0,0.0,0.07800555229187012,-0.06058377027511597,-0.025880966502370484,0.14313924312591553,-0.12214422225952148,-0.04206600243145431,0.18365776538848877,-0.17535948753356934,-0.06154855916196311,0.17426389455795288,-0.23377394676208496,-0.07701345736080611,0.07288938760757446,-0.300412654876709,-0.007595949507447131,0.12403330206871033,-0.35783636569976807,-0.059998816046061165,0.1453377604484558,-0.3025752902030945,-0.10233814472252334,0.15005898475646973,-0.24302875995635986,-0.12165912443691695,0.028558075428009033,-0.32444286346435547,-0.01787117885345424,0.05002415180206299,-0.4531688988208771,-0.049107870253862984,0.07113227248191833,-0.5336994826793671,-0.07700155133301223,0.09056970477104187,-0.6077033877372742,-0.09538705104881728,-0.018151074647903442,-0.3181246519088745,-0.03654900023633445,-0.005444556474685669,-0.43403053283691406,-0.0652683397560736,0.016824066638946533,-0.5038433074951172,-0.08359956199223006,0.041539669036865234,-0.5635597407817841,-0.09252694452101196,-0.06817996501922607,-0.2843555212020874,-0.058973280879797585,-0.08146099746227264,-0.36812520027160645,-0.07603676075035537,-0.08166901767253876,-0.4343833923339844,-0.07983009720140899,-0.07374453544616699,-0.49504774808883667,-0.0799928402333876,-1.2988817429848596,0.6393973706997652,-1.355275603210106,-1.332224254420453,-1.5972010842084172,0.025913880947454785,0.3831813464041602,0.35549175795983784,0.36023906036525155,0.3694950048110705,0.33840294258939246,0.33704834376452514,0.06597428264578244,0.19922465380257842,0.13410570810388373,F
0.0,0.0,0.0,0.07679718732833862,-0.05689573287963867,-0.026212421728700974,0.1445864737033844,-0.12079674005508423,-0.04142421252879558,0.18456509709358215,-0.17620444297790527,-0.059325592143864014,0.17139357328414917,-0.2318297028541565,-0.0725257001057571,0.07610565423965454,-0.2966921925544739,-0.009738443902165272,0.12449660897254944,-0.35725653171539307,-0.061254495306343415,0.14347940683364868,-0.3014243245124817,-0.10189325131329952,0.14706802368164062,-0.2413703203201294,-0.12023467339429317,0.02926051616668701,-0.32126450538635254,-0.019222760124534943,0.049707889556884766,-0.4507451057434082,-0.0523879616692966,0.07156747579574585,-0.5314500033855438,-0.07976717270764766,0.09222948551177979,-0.6051405370235443,-0.09710077710303722,-0.01899951696395874,-0.3162488341331482,-0.036700004263252595,-0.007991403341293335,-0.4315783977508545,-0.0656078807249969,0.014607936143875122,-0.49945586919784546,-0.0819100714460319,0.0406872034072876,-0.5575495064258575,-0.08883863456401286,-0.06941770017147064,-0.2830195426940918,-0.05807986251863895,-0.08239145576953888,-0.3658010959625244,-0.07237325377616344,-0.08213207125663757,-0.4291782081127167,-0.07349898435029445,-0.07390494644641876,-0.48618727922439575,-0.07186755306872783,-1.3338961666345284,0.6621741243045602,-1.35251209092099,-1.328309430583109,-1.5928791482333444,0.026129595195795337,0.3816122792849774,0.3509665875338769,0.3533682787672797,0.3678804640492027,0.3335957983079596,0.3297944767493074,0.07015349626275952,0.20432945706163858,0.13499603060552318,F
0.0,0.0,0.0,0.07909788191318512,-0.055088818073272705,-0.024130313373717627,0.14619167149066925,-0.11845743656158447,-0.03944139433613714,0.1882096379995346,-0.17226135730743408,-0.05838638050070699,0.1784505695104599,-0.22780835628509521,-0.0732464666437238,0.08436046540737152,-0.29553085565567017,-0.00874319923630651,0.13299579918384552,-0.35897910594940186,-0.06267786277047094,0.15137068927288055,-0.3043443560600281,-0.10538628948441442,0.15546788275241852,-0.24307769536972046,-0.12480633956900533,0.03724031150341034,-0.32124918699264526,-0.020621019132050833,0.060722097754478455,-0.45183151960372925,-0.055050170696887335,0.08282111585140228,-0.5330429077148438,-0.08311991644612249,0.1038322001695633,-0.6077202558517456,-0.100392098255071,-0.011679485440254211,-0.3169442415237427,-0.040615576035889944,0.0018244832754135132,-0.432145357131958,-0.0705733026336759,0.02442200481891632,-0.500530481338501,-0.08682916564455923,0.05051179230213165,-0.5602780282497406,-0.09343402338734563,-0.06369148194789886,-0.2839173674583435,-0.0643874357413381,-0.07680070400238037,-0.36732423305511475,-0.07932544750681814,-0.0750550627708435,-0.43019944429397583,-0.08004617197028097,-0.06572951376438141,-0.4868326783180237,-0.07784676057806905,-1.283929808180534,0.6355571901536146,-1.3423966883488532,-1.3205727232106692,-1.5808397448188871,0.027592691182621438,0.3871704437007493,0.35623645727219044,0.3559740334248085,0.36828038317385947,0.33411350182506,0.32915768248354466,0.07137107856120511,0.2082426018714435,0.13750003877323497,F
0.0,0.0,0.0,0.08274266123771667,-0.056717097759246826,-0.02146979253967629,0.14983099699020386,-0.11899805068969727,-0.03495637718816624,0.18967679142951965,-0.16994673013687134,-0.053069599161347014,0.19006431102752686,-0.23144537210464478,-0.06738644484659062,0.08664208650588989,-0.2989892363548279,-0.0037481430475168054,0.13767632842063904,-0.3569803833961487,-0.05602413062234746,0.15610271692276,-0.30016201734542847,-0.09888238851209508,0.16014322638511658,-0.24022912979125977,-0.11897787098070012,0.041139304637908936,-0.3246338367462158,-0.01651557740052567,0.06397882103919983,-0.4536919593811035,-0.04810681585450993,0.08732318878173828,-0.535637766122818,-0.0763438979186617,0.10918444395065308,-0.6094048321247101,-0.0947689900197588,-0.006879061460494995,-0.3186429738998413,-0.037400372514923674,0.005711153149604797,-0.43620234727859497,-0.06586612407346593,0.02925702929496765,-0.5038138031959534,-0.08304766211887227,0.05656960606575012,-0.5635055899620056,-0.0912403428949915,-0.05680578947067261,-0.28401118516921997,-0.0618591794766985,-0.07085585594177246,-0.36735260486602783,-0.07885217312951909,-0.06809721887111664,-0.43014276027679443,-0.0816365072526537,-0.057534441351890564,-0.48832380771636963,-0.08091264609475957,-1.2271923635787436,0.6744023346338874,-1.3362473529070253,-1.3172532345851578,-1.5743626693093193,0.031183741040411557,0.3865163726377346,0.3578894026599695,0.35677958582599867,0.37267612842869247,0.3394630532570343,0.330052323497634,0.06982164132104893,0.20604805553146052,0.13664565129822984,F
0.0,0.0,0.0,0.08058995008468628,-0.05221742391586304,-0.027018728774976353,0.1469455063343048,-0.1126670241355896,-0.04602639853675328,0.1904500126838684,-0.1631898283958435,-0.06959519639332257,0.18351706862449646,-0.21735429763793945,-0.08956471934635601,0.08666592836380005,-0.29415255784988403,-0.008598936830651382,0.13804006576538086,-0.35385823249816895,-0.0663750331075903,0.15933391451835632,-0.28955382108688354,-0.11336130752880536,0.16225361824035645,-0.21791595220565796,-0.1344771619113203,0.04059121012687683,-0.32075566053390503,-0.020086941418242077,0.06548100709915161,-0.44893306493759155,-0.050348972079348187,0.08811724185943604,-0.5283532440662384,-0.07705967232305966,0.10829919576644897,-0.6015333533287048,-0.09472088619787655,-0.009176403284072876,-0.3157486319541931,-0.040911366340708355,0.006919562816619873,-0.43072059750556946,-0.06836516514141522,0.03009757399559021,-0.49802690744400024,-0.08416754856426678,0.05438229441642761,-0.556346982717514,-0.09174323185999356,-0.06245516240596771,-0.2824742794036865,-0.0661321143778082,-0.07443824410438538,-0.3664367198944092,-0.08217768475134335,-0.0724649727344513,-0.42885690927505493,-0.0835765387089964,-0.06410112977027893,-0.4858933091163635,-0.08204978808481656,-1.2347086637712983,0.7896722607281454,-1.3341694963289534,-1.312526948544502,-1.5788876614460912,0.021270866886241923,0.3914732113807248,0.362755882718983,0.3652779391943668,0.38739306930931733,0.3552066791557329,0.3507824621668049,0.07034799457127276,0.20759212911524852,0.13784789418378682,F
0.0,0.0,0.0,0.08056917786598206,-0.05095338821411133,-0.028806016737149776,0.1442960798740387,-0.11104673147201538,-0.048272528642343104,0.1903543472290039,-0.16034454107284546,-0.07217373787753445,0.19173911213874817,-0.2224542498588562,-0.09231674759976727,0.09139010310173035,-0.29193300008773804,-0.00941061782978636,0.1420944631099701,-0.3571871519088745,-0.06788893132798535,0.16294130682945251,-0.2991403341293335,-0.11482425867907864,0.16697224974632263,-0.22884589433670044,-0.13585741161696774,0.045178234577178955,-0.32098764181137085,-0.01962765022508961,0.07023662328720093,-0.4495481848716736,-0.05069210469119412,0.09196215867996216,-0.5304024815559387,-0.07731188922517163,0.11275067925453186,-0.6054337024688721,-0.09461358278386456,-0.004086971282958984,-0.31745344400405884,-0.039466173344777644,0.012256264686584473,-0.43054336309432983,-0.06767803519360882,0.03483152389526367,-0.4986678957939148,-0.08253826289765698,0.059035271406173706,-0.5584425628185272,-0.08924313723437649,-0.05707843601703644,-0.2853415012359619,-0.06392216771237713,-0.06803694367408752,-0.36779624223709106,-0.08151203482739788,-0.06649672985076904,-0.4310411214828491,-0.08329808055751187,-0.059146493673324585,-0.4890995919704437,-0.08150202124707562,-1.1682048740635977,0.6955340604950013,-1.3375615991185132,-1.3146214707990616,-1.5809455514974435,0.0255783226951358,0.39104019441864507,0.36124570003068873,0.3661192779320645,0.3804712287944905,0.34682034999048283,0.34476321331852694,0.0713688464664637,0.2075626732484671,0.1370232724880846,F
0.0,0.0,0.0,0.08164981007575989,-0.050076842308044434,-0.025352338956707854,0.1480099856853485,-0.10976028442382812,-0.043453453736418624,0.1904618740081787,-0.15946924686431885,-0.06591907765161409,0.1819203495979309,-0.2140689492225647,-0.0851921128798665,0.08892422914505005,-0.2868310213088989,-0.010567241976076502,0.1381053924560547,-0.34471195936203003,-0.06589269514572038,0.15865647792816162,-0.28888875246047974,-0.11061646665822877,0.16192197799682617,-0.22452914714813232,-0.13102556641590013,0.04165986180305481,-0.31385737657546997,-0.02239815394770517,0.06551003456115723,-0.44484150409698486,-0.05172685410272493,0.08723926544189453,-0.5226642489433289,-0.07699277128469362,0.10809433460235596,-0.5927222967147827,-0.0941412734557332,-0.008716017007827759,-0.309634804725647,-0.042847043531054396,0.0054627954959869385,-0.4272725284099579,-0.0689315783549489,0.027896910905838013,-0.49326291680336,-0.08441403384696855,0.05326840281486511,-0.5509941577911377,-0.09267775590907945,-0.061876460909843445,-0.27751320600509644,-0.06744943435680284,-0.07367298007011414,-0.3617780804634094,-0.08256108935367479,-0.071157306432724,-0.42337632179260254,-0.08431935186874284,-0.061309605836868286,-0.4804519712924957,-0.08399750168811693,-1.2564773047273978,0.7065089792463569,-1.3369239790344827,-1.3194150000991343,-1.568003101962023,0.022568797206274013,0.385783149006264,0.3606520755243885,0.36072250507547177,0.3721069880843573,0.3440712172994999,0.33960098930793253,0.06889934959342953,0.20322972471260806,0.13455229519635062,F
0.0,0.0,0.0,0.08276434242725372,-0.049243390560150146,-0.026538648881881954,0.15150447189807892,-0.10686445236206055,-0.04520546761986566,0.19463898241519928,-0.15732645988464355,-0.06830855948564363,0.18766631186008453,-0.2159672975540161,-0.08777311188813997,0.0925779789686203,-0.2873069643974304,-0.009705361218124153,0.14265038073062897,-0.34775274991989136,-0.06760079158183885,0.16381870210170746,-0.28745925426483154,-0.11422471446630311,0.16813524067401886,-0.21866273880004883,-0.13545275969144654,0.04548661410808563,-0.3144565224647522,-0.020862761192887547,0.06836996972560883,-0.4436435103416443,-0.05351724220153642,0.09251253306865692,-0.5239610970020294,-0.08131623757716966,0.11522330343723297,-0.597425252199173,-0.09928212804433656,-0.0038459748029708862,-0.3099108934402466,-0.0409348469757731,0.01072782278060913,-0.42822080850601196,-0.06987370295163942,0.03433908522129059,-0.4963891804218292,-0.08576465887662721,0.06029455363750458,-0.555565595626831,-0.09301511687871766,-0.055574193596839905,-0.27729088068008423,-0.0652665693843062,-0.06730885803699493,-0.3612087368965149,-0.0821744923078711,-0.0642859935760498,-0.4243486225605011,-0.08428778988954377,-0.05409853160381317,-0.4823397994041443,-0.08303690446254564,-1.2507441906295647,0.7374947224870614,-1.3291647996064144,-1.3153978695108812,-1.563599817164908,0.01971618992569252,0.3882758821140194,0.36269900585287496,0.3597284382378178,0.3824404720457437,0.35374164119955503,0.3448382835905131,0.06906083117741611,0.20473042096059887,0.13582266078778546,F
0.0,0.0,0.0,0.08252590894699097,-0.04867208003997803,-0.02339033292565773,0.15247082710266113,-0.10690557956695557,-0.03868993813131283,0.19715791940689087,-0.1548091173171997,-0.05852067539427708,0.19719108939170837,-0.21739435195922852,-0.0745726309153838,0.09480279684066772,-0.2875821590423584,-0.006306727174262505,0.14766201376914978,-0.3465193510055542,-0.06107252532575558,0.16740885376930237,-0.28703778982162476,-0.105340630504827,0.1702982485294342,-0.22104531526565552,-0.12524623492691944,0.049132972955703735,-0.3170219659805298,-0.018025210816006165,0.07473433017730713,-0.44578954577445984,-0.04864459926221798,0.09992122650146484,-0.5257139205932617,-0.07513959029648731,0.12237775325775146,-0.5971573293209076,-0.09206075290177296,0.0003090798854827881,-0.31416141986846924,-0.03827004948590229,0.016351565718650818,-0.4314963221549988,-0.06583724984858463,0.040706515312194824,-0.4984282851219177,-0.0809544406268401,0.06732955574989319,-0.5563868582248688,-0.0875898159477515,-0.05115887522697449,-0.2824798822402954,-0.06241850996349285,-0.06253919005393982,-0.36509233713150024,-0.07896349647973011,-0.058585405349731445,-0.4273151159286499,-0.08053943583701084,-0.04771554470062256,-0.4839208722114563,-0.07860959390137623,-1.1862023723823016,0.72240716620102,-1.3150592364274087,-1.3008629934228515,-1.553704496480202,0.027139536154998666,0.387061951421345,0.3630150647343226,0.36196083409700014,0.3791525035968792,0.35079410218387846,0.3415165771644517,0.06850208290451547,0.2043385064765249,0.13596578344041324,F
0.0,0.0,0.0,0.08176051080226898,-0.04706686735153198,-0.028315439423352018,0.15297438204288483,-0.10591226816177368,-0.04612211843374325,0.19736634194850922,-0.15917712450027466,-0.06722787727954938,0.19139020144939423,-0.221638023853302,-0.08490323980691983,0.09653596580028534,-0.2831568121910095,-0.014471045298307672,0.14406011998653412,-0.3473678231239319,-0.07049628307464673,0.16124524176120758,-0.29190772771835327,-0.11479800154808117,0.16574375331401825,-0.22943460941314697,-0.1356145884597595,0.04934476315975189,-0.3104391098022461,-0.025105911841421857,0.07509632408618927,-0.4400317966938019,-0.05983362679722859,0.09703193604946136,-0.5191855430603027,-0.08859414567592694,0.11882619559764862,-0.5926028490066528,-0.10758413334730221,-0.000997498631477356,-0.3075063228607178,-0.04412138049843861,0.015573456883430481,-0.4208625555038452,-0.07444407751205517,0.038114503026008606,-0.4883642792701721,-0.09046506096962048,0.06479214131832123,-0.5490862727165222,-0.09818563570621563,-0.055093541741371155,-0.2765836715698242,-0.06738346030357434,-0.06702975928783417,-0.3602778911590576,-0.08371259977462842,-0.06397129595279694,-0.4232146143913269,-0.08520371427181317,-0.05444715917110443,-0.48115095496177673,-0.08434797783735348,-1.2502861920101713,0.6600874546378206,-1.3293548167135953,-1.3049134205370816,-1.5676365819501243,0.02680535484474162,0.37799528627525014,0.35106897401015114,0.3574674380826386,0.36618632889761865,0.335213982132524,0.33443258895835515,0.06937846520265534,0.20602228073441098,0.13723417278377054,F
0.0,0.0,0.0,0.08245617151260376,-0.04525160789489746,-0.027629167943160837,0.152317076921463,-0.102264404296875,-0.045057202859680956,0.19786286354064941,-0.15439605712890625,-0.06592950893835337,0.19653618335723877,-0.21797233819961548,-0.08381106628374368,0.09761366248130798,-0.2794044017791748,-0.013300229965608423,0.14465656876564026,-0.34336215257644653,-0.06790344340996057,0.1627625823020935,-0.2893173098564148,-0.11133725120023996,0.16706401109695435,-0.2251642346382141,-0.13128605408863336,0.051170140504837036,-0.3062169551849365,-0.023601935415427988,0.07650911808013916,-0.4375903010368347,-0.055125559850495165,0.09667098522186279,-0.5174460411071777,-0.08215033186868936,0.11636951565742493,-0.5912513136863708,-0.10017625166372568,0.0010078102350234985,-0.3037494421005249,-0.04218250809506685,0.017931193113327026,-0.4173123836517334,-0.06982146127418787,0.0398249626159668,-0.4849303364753723,-0.08391554577545435,0.06405720114707947,-0.5443850457668304,-0.09052283985809595,-0.054118335247039795,-0.273886501789093,-0.06501674576000482,-0.06754325330257416,-0.3581153154373169,-0.08018072618440897,-0.06503626704216003,-0.4212356209754944,-0.08026909752086908,-0.057117462158203125,-0.47884708642959595,-0.07812417967514307,-1.2057619951245175,0.6630427634364424,-1.345922908888754,-1.3145446892249317,-1.5854279833658411,0.030336979284750917,0.3817903719982133,0.35227253141396064,0.3638623450528086,0.3695804125138125,0.335428575338568,0.3385444169438644,0.07023549898829966,0.20671826667421753,0.13776256073853158,F
0.0,0.0,0.0,0.08027961850166321,-0.04350775480270386,-0.030549788541691214,0.15010550618171692,-0.1010022759437561,-0.04849219477881661,0.19343209266662598,-0.15433764457702637,-0.06915705434192887,0.19221100211143494,-0.21583837270736694,-0.08622423342575303,0.09462815523147583,-0.2761707901954651,-0.01593594595004788,0.14246174693107605,-0.3411722779273987,-0.0708499752651619,0.1583167314529419,-0.2885594964027405,-0.1139674463044571,0.1602616012096405,-0.2275596261024475,-0.13380174121965638,0.04737773537635803,-0.30452990531921387,-0.02475952140201798,0.0726298987865448,-0.43406379222869873,-0.058556636489527136,0.09274163842201233,-0.5120640099048615,-0.08625200919021836,0.11221322417259216,-0.5833359658718109,-0.1042752169739174,-0.0020998865365982056,-0.30253350734710693,-0.04211518696655503,0.013271629810333252,-0.41407424211502075,-0.07147793254961243,0.03482726216316223,-0.48062655329704285,-0.08667588762153855,0.05947437882423401,-0.5390267074108124,-0.09363975159038773,-0.05528917908668518,-0.27247869968414307,-0.0639208086501526,-0.06698578596115112,-0.35594403743743896,-0.07966929457296601,-0.06471140682697296,-0.41814863681793213,-0.08073013804067841,-0.056761711835861206,-0.47439831495285034,-0.07935240647901765,-1.2193597683348432,0.6374877671125386,-1.3423103377462018,-1.3160875455246144,-1.578088865677141,0.03403163233133654,0.37610387588645183,0.3493847604719968,0.3589438062207925,0.3590061983804456,0.32736799925300725,0.3286768271701426,0.06888175516086686,0.20104711086410126,0.13299495435407405,F
0.0,0.0,0.0,0.08098015189170837,-0.04385542869567871,-0.030581714185814235,0.1525259017944336,-0.100807785987854,-0.04751684849236426,0.19289812445640564,-0.15623819828033447,-0.0667493786392015,0.189215749502182,-0.21750879287719727,-0.0821796279129785,0.09183093905448914,-0.2762351632118225,-0.01523445879195151,0.13833138346672058,-0.34165096282958984,-0.069968983131389,0.15450820326805115,-0.28919827938079834,-0.11257202138278899,0.156672865152359,-0.22679460048675537,-0.13173496683214125,0.04427942633628845,-0.3049148917198181,-0.023040506589154575,0.06846067309379578,-0.4346635937690735,-0.057986620413998935,0.08992812037467957,-0.514530599117279,-0.08596388210628447,0.11040130257606506,-0.5871206820011139,-0.10334593017671523,-0.004711180925369263,-0.3031432628631592,-0.039339679825047824,0.009297892451286316,-0.41460126638412476,-0.06979718019340453,0.0314580500125885,-0.4821946918964386,-0.08526023437354979,0.056618690490722656,-0.5403946042060852,-0.09145668854091582,-0.05740974843502045,-0.2734827399253845,-0.059953067052106235,-0.06917642056941986,-0.35647863149642944,-0.07568890561435637,-0.06805774569511414,-0.4194719195365906,-0.07647643943403182,-0.061078205704689026,-0.476027250289917,-0.07437951077793059,-1.2661888344017265,0.6514395165117494,-1.3406442761242627,-1.3178322222695522,-1.5889062040223307,0.033841772187160675,0.3779215072287103,0.3490518975969084,0.35983170626857125,0.3632849329696238,0.3291744221533394,0.3309568591029601,0.07124532061005474,0.2043207584402025,0.13414811077388591,F
0.0,0.0,0.0,0.07930389046669006,-0.04964536428451538,-0.027981919600875926,0.14663580060005188,-0.10505962371826172,-0.04363619106939609,0.1871030628681183,-0.15540862083435059,-0.06169183868101413,0.18482589721679688,-0.2163802981376648,-0.07554563450744922,0.08567607402801514,-0.27938520908355713,-0.011909457287998748,0.13319244980812073,-0.33996081352233887,-0.06299193519285495,0.14940467476844788,-0.2862318754196167,-0.10356524157455738,0.15213963389396667,-0.22743505239486694,-0.12188797014883335,0.04024168848991394,-0.30778932571411133,-0.019712769790800166,0.06374585628509521,-0.4345964789390564,-0.052680450856001926,0.08723282814025879,-0.5123963356018066,-0.07987007069519336,0.10964316129684448,-0.5829827189445496,-0.09682700353792484,-0.0075080543756484985,-0.30554741621017456,-0.03554272967508609,0.004610151052474976,-0.4157373309135437,-0.06440712827375705,0.0264723002910614,-0.4821697473526001,-0.07965281921556766,0.051256537437438965,-0.5385185480117798,-0.08547860699823673,-0.058595478534698486,-0.27489542961120605,-0.05533028709820087,-0.0698876678943634,-0.3573359251022339,-0.06995003241232212,-0.06862333416938782,-0.4203268885612488,-0.0703908758156615,-0.06071913242340088,-0.4759564697742462,-0.06782131212881382,-1.2403140396742145,0.663441205069536,-1.3237560109366295,-1.3237107296162687,-1.5813581687116085,0.034505063421134644,0.3742322523806273,0.3487317391689855,0.35731239897673517,0.35807833412833323,0.32703262894686047,0.3272181982934435,0.07338978363803964,0.20119127499244843,0.12826754957581074,F
0.0,0.0,0.0,0.0810791552066803,-0.05208712816238403,-0.025254647049138157,0.1488867700099945,-0.10800504684448242,-0.03970008044225892,0.18972504138946533,-0.1594487428665161,-0.057716150569746105,0.1905147135257721,-0.2233583927154541,-0.07188621236664972,0.08715802431106567,-0.2879623770713806,-0.005476445692607967,0.1357482671737671,-0.34891611337661743,-0.05694727300388536,0.15442755818367004,-0.2941973805427551,-0.09949131383282861,0.15953147411346436,-0.23396337032318115,-0.11915884240252694,0.0430280864238739,-0.3158320188522339,-0.014714118826219647,0.06761181354522705,-0.44070884585380554,-0.0450508899865838,0.09072259068489075,-0.5179634094238281,-0.07279076500518045,0.11325344443321228,-0.5892994701862335,-0.09112309737784585,-0.003380000591278076,-0.3136994242668152,-0.03230538665039262,0.011473089456558228,-0.42452478408813477,-0.05924061014039239,0.03444063663482666,-0.49087589979171753,-0.0753466196237298,0.060200393199920654,-0.5471988022327423,-0.08283024354560098,-0.05397549271583557,-0.28461819887161255,-0.05385410858971795,-0.06289608776569366,-0.36734622716903687,-0.06850671096427163,-0.060186684131622314,-0.43062347173690796,-0.06997238172871789,-0.05076621472835541,-0.48658043146133423,-0.06851063742024621,-1.224467848855294,0.6410108696967884,-1.3194316912123598,-1.304947941123494,-1.5549071782894863,0.032747926263212025,0.3740082564359615,0.3490765430651472,0.357074681293299,0.3583369920856224,0.32860782011239825,0.32869514372787473,0.06772807754020771,0.1935294538514595,0.12644435515311722,F
0.0,0.0,0.0,0.07925623655319214,-0.0455285906791687,-0.030041932013062933,0.14922204613685608,-0.09937429428100586,-0.04714368179085682,0.1904342770576477,-0.15150851011276245,-0.06649391620996425,0.18323549628257751,-0.21177512407302856,-0.08173568069580028,0.08746993541717529,-0.2758927345275879,-0.01497160724940727,0.13417533040046692,-0.336169958114624,-0.06894299655797909,0.1500142216682434,-0.2822256088256836,-0.11170339852216671,0.15310797095298767,-0.22427141666412354,-0.13143044232967327,0.04191061854362488,-0.30433130264282227,-0.022868216853765944,0.06644973158836365,-0.43106019496917725,-0.05802747502568195,0.09012284874916077,-0.5103821754455566,-0.08642307191732357,0.11338463425636292,-0.5840784907341003,-0.1043508526647372,-0.006182432174682617,-0.30273497104644775,-0.039034466143874624,0.007538884878158569,-0.4135547876358032,-0.06961839913967083,0.02965298295021057,-0.4802127480506897,-0.08567179262283275,0.055242687463760376,-0.5385808050632477,-0.09213373332860897,-0.057856276631355286,-0.27295857667922974,-0.05939050286653469,-0.06852909922599792,-0.35599857568740845,-0.07497754215839336,-0.06659045815467834,-0.41918084025382996,-0.07609875768068264,-0.05785477161407471,-0.47576749324798584,-0.07427344739082287,-1.276948104786195,0.6664266453992513,-1.3206525965657836,-1.3160104924235136,-1.5707889059314257,0.0326163319673953,0.37879933969447954,0.35097594253283393,0.3575143189539217,0.361993196108865,0.32919296066024606,0.3282614130361541,0.07382767352583675,0.20261837601584307,0.12936980865357997,F
0.0,0.0,0.0,0.08021637797355652,-0.047226786613464355,-0.03001340620329529,0.1478787362575531,-0.10080456733703613,-0.047323280499483644,0.18859294056892395,-0.1524476408958435,-0.06693850226810127,0.18627044558525085,-0.21682697534561157,-0.08241534002235085,0.08796647191047668,-0.2793765068054199,-0.01383642621448189,0.13531440496444702,-0.3404463529586792,-0.06729718066861778,0.15147480368614197,-0.28767818212509155,-0.10927992828300148,0.1551615297794342,-0.22842150926589966,-0.12822142757585198,0.042299121618270874,-0.30866873264312744,-0.02156180843820721,0.06798020005226135,-0.4376073479652405,-0.055741549954916536,0.0918576717376709,-0.516211062669754,-0.08264049656798989,0.11536666750907898,-0.5870829522609711,-0.09906832642963082,-0.005977943539619446,-0.3068349361419678,-0.03779510550310761,0.007495790719985962,-0.4195306897163391,-0.06812364377191216,0.02958640456199646,-0.48675358295440674,-0.08254728980472237,0.055169492959976196,-0.5431467294692993,-0.0874138078849569,-0.05808819830417633,-0.27630436420440674,-0.05823215983917862,-0.06908413767814636,-0.3602253794670105,-0.07443304129054695,-0.06632740795612335,-0.42409437894821167,-0.07506900049855858,-0.05645528435707092,-0.4804930090904236,-0.07225434996297508,-1.2512381881889647,0.6488012888895128,-1.3141423883665948,-1.3175924944229973,-1.56279941227873,0.03319936534697764,0.3769838646242333,0.3516703594427579,0.35837906932011704,0.36086238617293354,0.33022775725154035,0.3291226474265621,0.07452577739879379,0.20219841524649512,0.12800617011845447,F
0.0,0.0,0.0,0.08218441903591156,-0.04382199048995972,-0.030194775733122015,0.15383140742778778,-0.098957359790802,-0.047387502687939786,0.19737590849399567,-0.150928795337677,-0.06717514579273143,0.19408999383449554,-0.21192419528961182,-0.08296310489154735,0.09632463753223419,-0.2757892608642578,-0.014313883679875516,0.14309366047382355,-0.33886557817459106,-0.06952978258109965,0.1599537581205368,-0.2829574942588806,-0.11254683469510951,0.1633559614419937,-0.21890777349472046,-0.13195593242622294,0.04940362274646759,-0.30480921268463135,-0.022591901543506765,0.0745055228471756,-0.4332168698310852,-0.05792770122266688,0.09729187190532684,-0.5133383870124817,-0.08621803258634486,0.11899419128894806,-0.5866963565349579,-0.10389566754079738,0.00020459294319152832,-0.303669810295105,-0.03937730898238101,0.015434503555297852,-0.41412147879600525,-0.06994680647827067,0.03817068040370941,-0.48054784536361694,-0.08473818336702266,0.06348927319049835,-0.5380736589431763,-0.09036426578737178,-0.05270402133464813,-0.27423644065856934,-0.060565165775784635,-0.063627228140831,-0.3566930890083313,-0.07609060739255824,-0.06147833168506622,-0.4195391535758972,-0.07631129358983912,-0.05347009003162384,-0.47601860761642456,-0.07369176630950847,-1.2284533085855385,0.7036695067173974,-1.3287620661729023,-1.3071018245340142,-1.5745928219360503,0.031517473116514594,0.38222186280283277,0.35132608908852636,0.36198322301737224,0.37045432709830406,0.3344252051751156,0.33633245103676557,0.0737899902033972,0.20492313787636396,0.13240212249239094,F
0.0,0.0,0.0,0.08150503039360046,-0.041892826557159424,-0.02975702450260087,0.15225037932395935,-0.09507781267166138,-0.046190244859303675,0.19280406832695007,-0.14530515670776367,-0.06519377023562356,0.193216472864151,-0.20876973867416382,-0.08036918730124398,0.09415289759635925,-0.27695393562316895,-0.013661091929520808,0.14250430464744568,-0.3404316306114197,-0.0687203982530491,0.15848416090011597,-0.2860983610153198,-0.11264106423243447,0.16060471534729004,-0.2243884801864624,-0.13266719669684335,0.04712936282157898,-0.3063141703605652,-0.021640766194309435,0.07308202981948853,-0.4338793158531189,-0.05647457928046151,0.09677574038505554,-0.5134972333908081,-0.08561534226521417,0.11901623010635376,-0.5857790410518646,-0.10396712065323754,-0.002285599708557129,-0.30471986532211304,-0.03812102020367547,0.013603389263153076,-0.4166460931301117,-0.06873043418511315,0.03628450632095337,-0.48381975293159485,-0.08497967362984582,0.062061458826065063,-0.5416429936885834,-0.09154376179560586,-0.055027320981025696,-0.27534306049346924,-0.05874097511753007,-0.0645831972360611,-0.3592453598976135,-0.07486036956890985,-0.06208223104476929,-0.4215922951698303,-0.07583715558632775,-0.053393661975860596,-0.4770677089691162,-0.07353469521387979,-1.2249526719448793,0.6692481330198954,-1.3190242205888159,-1.3055987734918253,-1.5626980437919196,0.036158979725187716,0.38424170791916473,0.357779599210499,0.36441783637769415,0.36377567206624134,0.3322065618606523,0.33112248210464096,0.07205440061817046,0.2038217962118046,0.1322870073589523,F
0.0,0.0,0.0,0.08150503039360046,-0.041892826557159424,-0.02975702450260087,0.15225037932395935,-0.09507781267166138,-0.046190244859303675,0.19280406832695007,-0.14530515670776367,-0.06519377023562356,0.193216472864151,-0.20876973867416382,-0.08036918730124398,0.09415289759635925,-0.27695393562316895,-0.013661091929520808,0.14250430464744568,-0.3404316306114197,-0.0687203982530491,0.15848416090011597,-0.2860983610153198,-0.11264106423243447,0.16060471534729004,-0.2243884801864624,-0.13266719669684335,0.04712936282157898,-0.3063141703605652,-0.021640766194309435,0.07308202981948853,-0.4338793158531189,-0.05647457928046151,0.09677574038505554,-0.5134972333908081,-0.08561534226521417,0.11901623010635376,-0.5857790410518646,-0.10396712065323754,-0.002285599708557129,-0.30471986532211304,-0.03812102020367547,0.013603389263153076,-0.4166460931301117,-0.06873043418511315,0.03628450632095337,-0.48381975293159485,-0.08497967362984582,0.062061458826065063,-0.5416429936885834,-0.09154376179560586,-0.055027320981025696,-0.27534306049346924,-0.05874097511753007,-0.0645831972360611,-0.3592453598976135,-0.07486036956890985,-0.06208223104476929,-0.4215922951698303,-0.07583715558632775,-0.053393661975860596,-0.4770677089691162,-0.07353469521387979,-1.2249526719448793,0.6692481330198954,-1.3190242205888159,-1.3055987734918253,-1.5626980437919196,0.036158979725187716,0.38424170791916473,0.357779599210499,0.36441783637769415,0.36377567206624134,0.3322065618606523,0.33112248210464096,0.07205440061817046,0.2038217962118046,0.1322870073589523,F
0.0,0.0,0.0,0.08166366815567017,-0.04631716012954712,-0.028099822067503055,0.15199175477027893,-0.1014586091041565,-0.044511860423568805,0.19479140639305115,-0.15147507190704346,-0.06390911918211373,0.1904297173023224,-0.21219724416732788,-0.07918672096062096,0.09355494379997253,-0.2806660532951355,-0.011063547991994938,0.14277702569961548,-0.3404175043106079,-0.06452479045915993,0.15870490670204163,-0.28672271966934204,-0.10667705368328484,0.1601085364818573,-0.22610574960708618,-0.12541911583471688,0.047164469957351685,-0.31114959716796875,-0.01993488352823647,0.07374647259712219,-0.4385722875595093,-0.05312473904419335,0.0986965000629425,-0.5164160430431366,-0.07975550573397072,0.12259772419929504,-0.5870981216430664,-0.09586530011225136,-0.001498207449913025,-0.31006211042404175,-0.03730461951423081,0.012955993413925171,-0.4198347330093384,-0.06655534934330376,0.03590330481529236,-0.4860340356826782,-0.0808716176085511,0.061431676149368286,-0.5420929789543152,-0.08570803534317406,-0.05340583622455597,-0.27988356351852417,-0.058878081106428226,-0.06394267082214355,-0.36223894357681274,-0.07418390195894631,-0.06219981610774994,-0.4253719449043274,-0.07418946009207161,-0.054206714034080505,-0.480948805809021,-0.07087015938091668,-1.2367026658534026,0.6866950696690123,-1.3039555652321708,-1.3059538731614206,-1.5747794795514487,0.033358964760842415,0.38098798828888014,0.3542198335101318,0.36342039764143586,0.3629360187502216,0.331036330144617,0.33298049477116776,0.07593910917623939,0.206221935378018,0.13080843701321893,F
0.0,0.0,0.0,0.0811205506324768,-0.042324841022491455,-0.029949524803555505,0.1531178057193756,-0.09753638505935669,-0.046681057094133394,0.1956724226474762,-0.14800435304641724,-0.0659240553067093,0.19079753756523132,-0.20668071508407593,-0.08115495684603502,0.09502160549163818,-0.27834784984588623,-0.013723773314154641,0.14292699098587036,-0.33833789825439453,-0.06878554019192507,0.1587871015071869,-0.284227192401886,-0.1122441956684952,0.16034987568855286,-0.22316229343414307,-0.13190120401839067,0.047780632972717285,-0.3079102039337158,-0.02229989263275911,0.07403066754341125,-0.43519914150238037,-0.05689723732928087,0.09757286310195923,-0.5140172839164734,-0.08505999985197832,0.12021481990814209,-0.5852822363376617,-0.10248672160366823,-0.0019088834524154663,-0.3069566488265991,-0.039518068908250825,0.014208227396011353,-0.41853034496307373,-0.07014183643320848,0.03763848543167114,-0.48571836948394775,-0.08634867462376405,0.06431728601455688,-0.5433685481548309,-0.09278563353279878,-0.05504113435745239,-0.27785980701446533,-0.0609959581778412,-0.06507019698619843,-0.36183345317840576,-0.07715846541384508,-0.06241735816001892,-0.42466557025909424,-0.07847918513277818,-0.0530911386013031,-0.48073065280914307,-0.07650933357933809,-1.238378607033398,0.7014337965529766,-1.3153565156597713,-1.297666670491001,-1.5611846169504193,0.034622283845320505,0.38512469659499865,0.3596608832917509,0.3668583578567863,0.3643373104019739,0.3342967302289152,0.33451237097035985,0.06986624043464824,0.20240056539742757,0.13307232659014956,F
0.0,0.0,0.0,0.08144040405750275,-0.04833918809890747,-0.02711032904326771,0.1535363346338272,-0.1059522032737732,-0.043050253909228786,0.19403858482837677,-0.15841591358184814,-0.06151914424836491,0.18297888338565826,-0.21420955657958984,-0.07594272695124005,0.08859612047672272,-0.2883010506629944,-0.012371453602014526,0.13762949407100677,-0.34854382276535034,-0.06557239047825192,0.15540842711925507,-0.29237520694732666,-0.10791935227453564,0.15750430524349213,-0.23132061958312988,-0.12697296790420864,0.04125915467739105,-0.31756311655044556,-0.02161220103144501,0.06559912860393524,-0.4457838535308838,-0.054484905820487484,0.08962760865688324,-0.5233666002750397,-0.08216686002552365,0.11225272715091705,-0.594434916973114,-0.09972164235651348,-0.008308932185173035,-0.31448543071746826,-0.03903187639653538,0.006430402398109436,-0.42907655239105225,-0.06891089133560513,0.030230984091758728,-0.49731940031051636,-0.08674796126425122,0.05672721564769745,-0.5554404854774475,-0.09449732504427288,-0.06087657809257507,-0.2827908396720886,-0.06011527977526043,-0.07058961689472198,-0.37021541595458984,-0.07664244822800015,-0.06907086074352264,-0.4365561306476593,-0.07944657854378079,-0.0594550222158432,-0.4957510828971863,-0.07861915431558941,-1.3052510106045416,0.6909317039859517,-1.3197909183570076,-1.3071684989389836,-1.5641212087464558,0.030687825088012436,0.38674735146103634,0.3638379178193379,0.3715371174276395,0.3659230770105792,0.3394255577512531,0.3420450550732953,0.0678501887643977,0.19804557632152098,0.1306182880586361,F
0.0,0.0,0.0,0.08214232325553894,-0.04652589559555054,-0.03081766811803277,0.15333518385887146,-0.10349690914154053,-0.048901817925724345,0.19818392395973206,-0.15389758348464966,-0.06959078756764825,0.19258421659469604,-0.21499204635620117,-0.08617994485095437,0.09284934401512146,-0.2905350923538208,-0.014048701316568213,0.1419278383255005,-0.35216355323791504,-0.07014105764821466,0.15987473726272583,-0.29394006729125977,-0.11511685249999459,0.16296076774597168,-0.22969073057174683,-0.13559476582005914,0.04546082019805908,-0.31984883546829224,-0.022467295803579646,0.07113960385322571,-0.448941171169281,-0.057015492745193797,0.09572654962539673,-0.5292521715164185,-0.08604137150243218,0.11935234069824219,-0.6030430495738983,-0.10455078182414468,-0.0047203004360198975,-0.3172990679740906,-0.03968975243762429,0.01129254698753357,-0.43052560091018677,-0.07012218532756265,0.03513211011886597,-0.49944639205932617,-0.08699980673983987,0.06153494119644165,-0.5583382844924927,-0.09410590229228433,-0.05840413272380829,-0.2854466438293457,-0.06129225639298852,-0.0682007372379303,-0.37110424041748047,-0.07715237436488565,-0.06666778028011322,-0.4365539252758026,-0.07839872983888085,-0.0584954172372818,-0.49451327323913574,-0.07648459372714456,-1.2323189814734985,0.7147511166703471,-1.315565108252226,-1.3025479241883962,-1.5712329555764972,0.033069624118839326,0.39490060616004985,0.3675058527761844,0.37573008770038774,0.37589047475808884,0.34394245592736133,0.3452156151916625,0.073084661223368,0.2083471558576366,0.13594454386704627,F
0.0,0.0,0.0,0.08329156041145325,-0.04784858226776123,-0.028652429235961563,0.15673747658729553,-0.1068112850189209,-0.045696442602064735,0.20054104924201965,-0.16086441278457642,-0.06567817333140624,0.19250991940498352,-0.22355401515960693,-0.0814377084652449,0.09307146072387695,-0.2961084246635437,-0.014323313375797397,0.14335429668426514,-0.36248552799224854,-0.07137882116236938,0.16158032417297363,-0.3054364323616028,-0.11604000779786361,0.1644303798675537,-0.23964083194732666,-0.1358870953599478,0.04354771971702576,-0.3253069519996643,-0.02398123371401084,0.06798633933067322,-0.45935001969337463,-0.05991576391258491,0.09200170636177063,-0.5425145030021667,-0.0886873320023085,0.11462080478668213,-0.6182193756103516,-0.10641952010789169,-0.007668346166610718,-0.3224231004714966,-0.042202638117458946,0.00646442174911499,-0.44143760204315186,-0.07314001920619262,0.029747068881988525,-0.5118423104286194,-0.08927742543616546,0.056271880865097046,-0.5724126696586609,-0.09563762101331008,-0.06191748380661011,-0.2896406650543213,-0.06459842029013885,-0.07650339603424072,-0.3775452971458435,-0.08003358694710982,-0.07562822103500366,-0.4436304569244385,-0.08061184140839828,-0.06686641275882721,-0.5021849870681763,-0.07808251830735458,-1.273459020117693,0.6694245357353418,-1.3327540015450934,-1.3203930086767788,-1.5940763412128358,0.03236118377000052,0.402277840448289,0.37451724121071633,0.3806721689242141,0.3818412071683121,0.34990764049995104,0.34989661282637735,0.07418120538890952,0.2154102816876844,0.14175671680256158,F
0.0,0.0,0.0,0.08513545989990234,-0.04608786106109619,-0.02826685588053124,0.1592724323272705,-0.10733020305633545,-0.04416660162797825,0.20646250247955322,-0.16117751598358154,-0.06339698228231327,0.206332266330719,-0.22922158241271973,-0.07848095092168705,0.10097905993461609,-0.2954745888710022,-0.012159052669915127,0.15389475226402283,-0.36327123641967773,-0.0693434769212331,0.17197644710540771,-0.30931800603866577,-0.11391358020892994,0.1739588975906372,-0.24443131685256958,-0.1334522062837209,0.051138848066329956,-0.3266265392303467,-0.022023060724052357,0.07854476571083069,-0.46192795038223267,-0.057005676805886196,0.1024303138256073,-0.5460614562034607,-0.08500873240819828,0.12448257207870483,-0.621698409318924,-0.10208492669454472,-0.0007728487253189087,-0.32469356060028076,-0.040728866487654614,0.014915376901626587,-0.4409952163696289,-0.07120710554710286,0.0390283465385437,-0.5108159482479095,-0.08577127698055165,0.06645128130912781,-0.5715477168560028,-0.09092250409713643,-0.05589692294597626,-0.29306560754776,-0.0638537103234853,-0.06818720698356628,-0.3819214701652527,-0.08036224487415211,-0.06585067510604858,-0.4485410451889038,-0.08056776168933766,-0.056098803877830505,-0.507946789264679,-0.07722610923639195,-1.2023471699071835,0.6103339646799232,-1.3271713097775732,-1.3049203533115843,-1.5717358268052921,0.035768296371396543,0.4009207304536781,0.3698024774031285,0.3828286921659244,0.38049752409730536,0.34432982256804073,0.34980987722694706,0.07669890913757307,0.21342226783379675,0.1380710011907191,F
0.0,0.0,0.0,0.08668561279773712,-0.05018138885498047,-0.025673709144285795,0.16081954538822174,-0.11195635795593262,-0.04222306915133345,0.20745159685611725,-0.1644311547279358,-0.06284291975705969,0.20335151255130768,-0.2289227843284607,-0.07960984789340841,0.09585599601268768,-0.30594009160995483,-0.01054615460842001,0.15087495744228363,-0.3719101548194885,-0.06943547659128058,0.1723988801240921,-0.31238406896591187,-0.11771812968461859,0.17582692205905914,-0.24466127157211304,-0.1400441520711695,0.046184465289115906,-0.3358357548713684,-0.02276663043110716,0.07426242530345917,-0.47112661600112915,-0.05746177144854414,0.10063417255878448,-0.5573602318763733,-0.08864149384706366,0.12414814531803131,-0.636389821767807,-0.10945093565194952,-0.006138026714324951,-0.33208703994750977,-0.04368711196391928,0.013741686940193176,-0.45524007081985474,-0.07430401377885687,0.03875689208507538,-0.5288290977478027,-0.09302288972347128,0.06603236496448517,-0.5928532779216766,-0.102250053813151,-0.06133292615413666,-0.29835742712020874,-0.06852889739482748,-0.06981927156448364,-0.39127302169799805,-0.08594512872903692,-0.06628003716468811,-0.4597918391227722,-0.08838564835994589,-0.054954737424850464,-0.5214672684669495,-0.08757128499954092,-1.222034979372666,0.6538289007056666,-1.3169904986062149,-1.3007920033710274,-1.5422164487940029,0.031706514511762186,0.41509343524161746,0.38897551653153356,0.390261955584451,0.39512270626207924,0.3650924787685008,0.36039108517150004,0.07261456173638764,0.2128028098122741,0.14047719135303774,F
0.0,0.0,0.0,0.08722332119941711,-0.05248391628265381,-0.023584545280300517,0.16174963116645813,-0.11592811346054077,-0.03747511903520717,0.20562630891799927,-0.1691654920578003,-0.055587197344266315,0.2051018476486206,-0.23410463333129883,-0.0694216328370203,0.09598544239997864,-0.3106880784034729,-0.00598514188777699,0.15026414394378662,-0.38004928827285767,-0.06387656057950153,0.17017632722854614,-0.3165282607078552,-0.11148705954428806,0.17334908246994019,-0.2457020878791809,-0.13320881749268665,0.04682040214538574,-0.3397213816642761,-0.01847926216896667,0.07352742552757263,-0.47666841745376587,-0.05277131373759403,0.0984259843826294,-0.5625374019145966,-0.08523596699114933,0.12031888961791992,-0.6408464014530182,-0.10697441424008503,-0.005004525184631348,-0.33581113815307617,-0.03963564584728374,0.013244330883026123,-0.4586910903453827,-0.07021934414979114,0.03709888458251953,-0.5326813161373138,-0.09023693079825534,0.06283539533615112,-0.5967007577419281,-0.1001673700916399,-0.0604078471660614,-0.30242007970809937,-0.06445228184338703,-0.06845207512378693,-0.39692577719688416,-0.08184389645930423,-0.06587204337120056,-0.4666324853897095,-0.0847022073971857,-0.05544745922088623,-0.5296136736869812,-0.0840131479012598,-1.219196199753453,0.6986638630538928,-1.3313974789179215,-1.316397321881798,-1.5489664860455465,0.03380442350466297,0.41548407419204175,0.3895069869606766,0.393968950860492,0.3986868820310765,0.36798551777117916,0.3646280927816479,0.0724788932966602,0.20800607950345631,0.13598349359079123,F
0.0,0.0,0.0,0.09034985303878784,-0.05011463165283203,-0.02532477546139944,0.17006459832191467,-0.11519867181777954,-0.039192656610453014,0.21763455867767334,-0.17371469736099243,-0.05727075282140959,0.21099704504013062,-0.24032670259475708,-0.07155592608853567,0.10282689332962036,-0.3100135326385498,-0.0032202783937691493,0.15412908792495728,-0.3803628087043762,-0.05905797946854818,0.17296600341796875,-0.3226146697998047,-0.10589727628632772,0.17720121145248413,-0.2565717101097107,-0.12790334839030493,0.052508920431137085,-0.3418353199958801,-0.013991640504741554,0.07893878221511841,-0.4788113832473755,-0.04686679932876814,0.1028624176979065,-0.5629808008670807,-0.07863145935937155,0.12613052129745483,-0.6400608718395233,-0.09986521917983282,0.0007975250482559204,-0.33921897411346436,-0.033430332873308544,0.019708365201950073,-0.4660298824310303,-0.0628229888121723,0.04472130537033081,-0.5413199961185455,-0.08099191505118597,0.07248377799987793,-0.6047895550727844,-0.08972634989424932,-0.05351899564266205,-0.3088994026184082,-0.056931505535089855,-0.053808167576789856,-0.40808436274528503,-0.073885126594746,-0.04661571979522705,-0.4794616401195526,-0.07636834550305593,-0.031222030520439148,-0.54332035779953,-0.07540672141715277,-1.2546440757442536,0.6230688290702757,-1.3287699473050163,-1.3071469784361833,-1.4759665431176245,0.037497448407122234,0.40864377263573903,0.38989626310415526,0.3879113760380918,0.38687485387027337,0.3636226181353798,0.35449264413587467,0.06420310625581716,0.18471208033132308,0.1205543733519068,F
0.0,0.0,0.0,0.09089647233486176,-0.05235445499420166,-0.023981596668505745,0.17126454412937164,-0.11916667222976685,-0.037110138078475075,0.2194659262895584,-0.18237519264221191,-0.054422973980450706,0.21075402200222015,-0.2548133134841919,-0.06750617488219746,0.1057150810956955,-0.3161109685897827,-0.0022256074932158754,0.1572556346654892,-0.3886595368385315,-0.057448483397507744,0.17737047374248505,-0.33564072847366333,-0.10181602402522572,0.18258409202098846,-0.2689690589904785,-0.12153990878655918,0.055539295077323914,-0.348316490650177,-0.013316170637750702,0.08316542208194733,-0.4917106330394745,-0.04646931528046139,0.10746778547763824,-0.5778990089893341,-0.07444379045560368,0.1309422105550766,-0.654423713684082,-0.09135034992291935,0.004389211535453796,-0.34749895334243774,-0.03311236887171276,0.02191193401813507,-0.4771864414215088,-0.062311913212084846,0.04810662567615509,-0.552447497844696,-0.07563981725766666,0.07679007947444916,-0.6134985685348511,-0.07933845682933338,-0.05071274936199188,-0.3169425129890442,-0.05711683570339687,-0.052780985832214355,-0.4159160852432251,-0.0721430586178542,-0.04490800201892853,-0.48712557554244995,-0.07087538703277119,-0.030176937580108643,-0.5482763051986694,-0.06598536982133396,-1.2875059115319265,0.5501240239894909,-1.3292762212843459,-1.3050499085095082,-1.4822570689775856,0.031526656752441255,0.40750263458582786,0.3828856880171161,0.37969494965205064,0.3888986689952852,0.3604066537088116,0.3511122235145366,0.06787724807370345,0.19294209552085,0.12528322462422606,F
0.0,0.0,0.0,0.09168492257595062,-0.05541872978210449,-0.022017111452072413,0.1700923889875412,-0.1218106746673584,-0.03481463660463646,0.21793510019779205,-0.18128710985183716,-0.05276846458181694,0.21167881786823273,-0.2522624731063843,-0.06672203858360604,0.10466744005680084,-0.31913667917251587,0.0014883698571850346,0.15658341348171234,-0.3902859687805176,-0.05506969188317612,0.17757295072078705,-0.33431994915008545,-0.10126858522161797,0.18386869132518768,-0.26711559295654297,-0.12192049940094307,0.054932668805122375,-0.3500939607620239,-0.011311222249418051,0.08185501396656036,-0.49208641052246094,-0.0440075950787957,0.10614447295665741,-0.5780436098575592,-0.07256819625362709,0.12982527911663055,-0.6547705829143524,-0.09016201217636421,0.003221258521080017,-0.348422646522522,-0.03312050123676613,0.021531596779823303,-0.47728869318962097,-0.06234009136423424,0.047831401228904724,-0.5517299771308899,-0.07629662324652031,0.07662512362003326,-0.6133068203926086,-0.08074261565670326,-0.052417635917663574,-0.3183606266975403,-0.05906460379227951,-0.05513671040534973,-0.4158186912536621,-0.07507622559532479,-0.048380717635154724,-0.4866536855697632,-0.07433865536913231,-0.03439716994762421,-0.5490208864212036,-0.0698523404167588,-1.2621934598456184,0.5811557274260098,-1.329764910068517,-1.3004631740997812,-1.4928291190838627,0.03152805588080807,0.41074661321469635,0.3854770045507539,0.3855112808371227,0.3914039877700959,0.3624217829654004,0.3565257083024432,0.0674499825598324,0.19532539795186604,0.1282911960174936,F
0.0,0.0,0.0,0.09173551201820374,-0.05095803737640381,-0.028305422832204385,0.16877633333206177,-0.11750274896621704,-0.04428196543915419,0.21547260880470276,-0.17453008890151978,-0.06388485649688391,0.20640626549720764,-0.24017292261123657,-0.07930646309716849,0.10260757803916931,-0.313890278339386,-0.009064541515840574,0.15468108654022217,-0.3854326605796814,-0.06756310382945685,0.172313392162323,-0.3255712389945984,-0.11474179694516806,0.17450571060180664,-0.25722235441207886,-0.13631993750198035,0.046697765588760376,-0.3480798006057739,-0.02056237900717406,0.07678699493408203,-0.48507192730903625,-0.05577801758511214,0.10473945736885071,-0.5711733400821686,-0.08707262048585562,0.1303156018257141,-0.6486794650554657,-0.10719421723945288,-0.011295422911643982,-0.34568506479263306,-0.0414556845472589,0.005633115768432617,-0.4723038673400879,-0.07388705233199744,0.029887735843658447,-0.550998330116272,-0.09489089468581824,0.05791357159614563,-0.6173788011074066,-0.10486451754434256,-0.0707273930311203,-0.30940401554107666,-0.06640725800855307,-0.08451919257640839,-0.40513163805007935,-0.08575941840274481,-0.08400443196296692,-0.4784606099128723,-0.09050414929254202,-0.07424786686897278,-0.5435333549976349,-0.09079813430173544,-1.2731520529745266,0.6674855531209224,-1.2994853020732509,-1.321369325225165,-1.5858316425812087,0.03617082425610543,0.41553265132562944,0.4053817397393004,0.41327266296220955,0.39394344160921335,0.37855830855248684,0.3792786987965622,0.07887829577870376,0.23000416775505528,0.15139285230261196,F
0.0,0.0,0.0,0.08889700472354889,-0.04596072435379028,-0.031532004585812956,0.16976071894168854,-0.11169511079788208,-0.04682074498231259,0.21837012469768524,-0.17527037858963013,-0.0645487756639227,0.20587731897830963,-0.2436389923095703,-0.07804595690066662,0.10225318372249603,-0.3111536502838135,-0.008614101557384402,0.15411506593227386,-0.3855474591255188,-0.0644642339258894,0.1722366362810135,-0.3296607732772827,-0.11012778442199078,0.17389638721942902,-0.2617558240890503,-0.13103152077491131,0.04703731834888458,-0.34864360094070435,-0.017711831366966635,0.0806770771741867,-0.4870678782463074,-0.048868872335503966,0.10870714485645294,-0.5713533759117126,-0.07877753686005917,0.13308002054691315,-0.6436914503574371,-0.09849081944520321,-0.010060876607894897,-0.3480426073074341,-0.03649915020758954,0.00758148729801178,-0.4720749258995056,-0.06687481712395993,0.030368909239768982,-0.549891471862793,-0.08889944862420407,0.05585204064846039,-0.6134711802005768,-0.10031576465661374,-0.06984111666679382,-0.31260669231414795,-0.059587128570626646,-0.0836913138628006,-0.40852028131484985,-0.08026916544730511,-0.08557720482349396,-0.4832748770713806,-0.08720920990998593,-0.07823292911052704,-0.5508571863174438,-0.08916710328156796,-1.3036140184794942,0.6036426302125539,-1.2870425761850093,-1.3273934525307516,-1.6060044159476194,0.03675594632018273,0.4066219569195078,0.3991032840483744,0.4184514927665568,0.38411039871548663,0.37099617178890787,0.3835997781481682,0.08293024543283016,0.23080589956232714,0.1479840915276557,F
0.0,0.0,0.0,0.08929388225078583,-0.05386441946029663,-0.027748577866020696,0.16973848640918732,-0.13008171319961548,-0.04399910067326118,0.21773646771907806,-0.19159084558486938,-0.06449578200584938,0.20343683660030365,-0.2579309344291687,-0.08129610364443352,0.10397158563137054,-0.3251801133155823,-0.011646418470206754,0.15533249080181122,-0.4054104685783386,-0.07160151993042518,0.1752321869134903,-0.34382736682891846,-0.11865505074268867,0.1773756891489029,-0.27080410718917847,-0.1394398460269599,0.0491899698972702,-0.35873645544052124,-0.02542130892283012,0.08242179453372955,-0.5011608600616455,-0.058604373234572904,0.1131519228219986,-0.59102663397789,-0.08808809016949226,0.1391645222902298,-0.6705135703086853,-0.10749634598499824,-0.009438425302505493,-0.356639564037323,-0.048939766931596296,0.006541430950164795,-0.4884324073791504,-0.0808170760155349,0.029072746634483337,-0.5717069804668427,-0.1037435034394889,0.05337826907634735,-0.6405269801616669,-0.11600460355288078,-0.07067704200744629,-0.3209158778190613,-0.07664066051250984,-0.09679995477199554,-0.41727733612060547,-0.09816059713369896,-0.10891835391521454,-0.4947017431259155,-0.10562540088898231,-0.11181275546550751,-0.5641240477561951,-0.10827796404367973,-1.3130789650652048,0.6375716346397015,-1.289843581210697,-1.3530318664715897,-1.7383484569960346,0.029067197721705296,0.41755881240378906,0.4109711764801585,0.439473011624784,0.40153175239323946,0.3899620019741418,0.4119059893139939,0.09087616205101104,0.2725955327194988,0.1820040732218452,F
0.0,0.0,0.0,0.08981265127658844,-0.05596160888671875,-0.028521543573873487,0.17084495723247528,-0.1329132318496704,-0.04533052278711125,0.2193886786699295,-0.193772554397583,-0.06653639135910794,0.19692669808864594,-0.25356441736221313,-0.0843306502516441,0.10036559402942657,-0.3275492191314697,-0.011728539336758104,0.15250249207019806,-0.4036448001861572,-0.07106186656309887,0.17153118550777435,-0.3417664170265198,-0.11611845551087185,0.1700514703989029,-0.2687639594078064,-0.13496447561337277,0.04422523081302643,-0.3597000241279602,-0.025834331494110074,0.07815317809581757,-0.5022269487380981,-0.057238882612722364,0.10850347578525543,-0.5892631411552429,-0.08309909163071438,0.13349418342113495,-0.6674233376979828,-0.09923888204647824,-0.015755966305732727,-0.35473138093948364,-0.05021060464932248,0.0003228038549423218,-0.489881694316864,-0.08250846175505444,0.024459972977638245,-0.572912871837616,-0.10608403591467663,0.05040140450000763,-0.6427748799324036,-0.11842838881565854,-0.0783265084028244,-0.3166539669036865,-0.0786158835704498,-0.10897843539714813,-0.413252592086792,-0.10247343240334317,-0.12418897449970245,-0.4898333251476288,-0.11194387285067364,-0.1284245401620865,-0.5601949691772461,-0.11566824672772213,-1.3578975839801304,0.7007521455129139,-1.28845140276576,-1.3450333996370483,-1.7736730905019016,0.03087562050827948,0.41869187937973307,0.4158779217935694,0.4470746285998306,0.4003320311065364,0.3926834691469282,0.41715699962440894,0.08667154307531903,0.2830182693380109,0.19697248575529558,F
0.0,0.0,0.0,0.08834230899810791,-0.04604959487915039,-0.029737378420975347,0.17057135701179504,-0.12020659446716309,-0.046952248501327176,0.22038838267326355,-0.18016493320465088,-0.06803059666111722,0.2053312063217163,-0.24885600805282593,-0.0860914745803143,0.10972118377685547,-0.316422700881958,-0.016829705747511525,0.15910813212394714,-0.39746254682540894,-0.07624863176300778,0.1791609823703766,-0.337815523147583,-0.12202558009579434,0.18068140745162964,-0.26034748554229736,-0.1420849421496655,0.051517486572265625,-0.3526192903518677,-0.030607425558116574,0.0805218517780304,-0.5009846091270447,-0.061066483097818036,0.10672342777252197,-0.5923056602478027,-0.08780227689697995,0.12911054491996765,-0.6703924536705017,-0.10562652437641873,-0.011174455285072327,-0.3494788408279419,-0.054274530100371976,0.007133424282073975,-0.4833648204803467,-0.08636265336230053,0.030598565936088562,-0.5701292157173157,-0.11003215699150815,0.054876357316970825,-0.6420503556728363,-0.12328692613795056,-0.07593943178653717,-0.31142836809158325,-0.08205569623663678,-0.10847491025924683,-0.4069277048110962,-0.10804843990757718,-0.12631714344024658,-0.4860943555831909,-0.11846133409693493,-0.1344892978668213,-0.5588489472866058,-0.12287618308022275,-1.3069069452078776,0.6687579257960731,-1.331305121255689,-1.3487590545587793,-1.803162885393511,0.02719681303437509,0.42837199279190014,0.420996979311451,0.4599713006718461,0.4132752469596016,0.4019004748756526,0.4340918061360047,0.07946061368996717,0.28622863402118603,0.2068376796443026,F
0.0,0.0,0.0,0.08868272602558136,-0.05614030361175537,-0.0281129533857154,0.16866661608219147,-0.1382564902305603,-0.04423452340662948,0.21720494329929352,-0.19991445541381836,-0.06499791689813605,0.20029230415821075,-0.264376163482666,-0.08239316739738456,0.09946747124195099,-0.3323679566383362,-0.01002248269170991,0.15090994536876678,-0.41089504957199097,-0.06949280746877662,0.1715468019247055,-0.3464937210083008,-0.11646518655717841,0.17352725565433502,-0.26917117834091187,-0.13703676857650748,0.043035998940467834,-0.36570197343826294,-0.024675523719196235,0.07012580335140228,-0.5140412747859955,-0.053276741734151756,0.09652291238307953,-0.6042523384094238,-0.0795176456183242,0.1197354644536972,-0.6850226819515228,-0.09684952892959586,-0.018120869994163513,-0.3595825433731079,-0.049726771047716056,-0.005173489451408386,-0.4920141100883484,-0.07946099885404578,0.01834133267402649,-0.5761321783065796,-0.10170426019132606,0.04325525462627411,-0.6475404500961304,-0.11389162190855018,-0.08167998492717743,-0.31904923915863037,-0.07913073696792594,-0.11698359251022339,-0.41673654317855835,-0.10254020043313972,-0.13485611975193024,-0.49407708644866943,-0.11075556077659598,-0.14264963567256927,-0.5660792589187622,-0.11343239047229758,-1.3251031032199405,0.7064189893431995,-1.3350662996403264,-1.3607960859556738,-1.8127710454449868,0.027191174834964728,0.42829066989971776,0.4140960099562673,0.4567646351137755,0.4193161454747229,0.40016758996754037,0.43373060178129963,0.08517124045185712,0.28808588762905607,0.20296934227873115,F
0.0,0.0,0.0,0.09135594964027405,-0.054343581199645996,-0.03280090810127945,0.17273586988449097,-0.12856954336166382,-0.05100950495668144,0.21561717987060547,-0.1918121576309204,-0.07255570859976501,0.19904029369354248,-0.25812196731567383,-0.09049556673832626,0.10603645443916321,-0.33047038316726685,-0.01852148295708389,0.15264123678207397,-0.41128987073898315,-0.0798375558979103,0.16943660378456116,-0.34423959255218506,-0.12736738742657394,0.17052119970321655,-0.2673048973083496,-0.1483921659118721,0.04560461640357971,-0.36124980449676514,-0.03138452292748184,0.07155361771583557,-0.506996750831604,-0.06362904132672043,0.09613707661628723,-0.6012327373027802,-0.09285638750858993,0.11692461371421814,-0.6853270530700684,-0.11285714329548568,-0.018733441829681396,-0.3542117476463318,-0.054570677591044614,-0.0024121254682540894,-0.48833364248275757,-0.08730097384520263,0.02127021551132202,-0.5754404366016388,-0.11244020880528183,0.04643407464027405,-0.649397224187851,-0.12668731333084793,-0.08462302386760712,-0.31321805715560913,-0.08211206914253921,-0.1173601895570755,-0.41194188594818115,-0.10663366587229461,-0.13401320576667786,-0.4901053309440613,-0.11653263391323776,-0.14147144556045532,-0.5615223050117493,-0.12074719638891906,-1.3704786674819616,0.7750635762530452,-1.3541783207748344,-1.3535135654879267,-1.7958640420428553,0.02996105681179202,0.4350254822339565,0.4199821243030736,0.45607018043704106,0.42144408494763663,0.4017364320877284,0.4288394731065832,0.07911933203990452,0.28652423822508355,0.2074379086428349,F
0.0,0.0,0.0,0.08980107307434082,-0.05600959062576294,-0.031128631284673247,0.1717664897441864,-0.13548922538757324,-0.048712767040569815,0.2171015441417694,-0.19802933931350708,-0.07052449074967626,0.19417890906333923,-0.26139992475509644,-0.08936545190795186,0.10401397943496704,-0.3361106514930725,-0.01508927748932365,0.15042707324028015,-0.41662484407424927,-0.07455205855353597,0.16737091541290283,-0.35086750984191895,-0.1211755716560674,0.1666393280029297,-0.2726515531539917,-0.14175279376490835,0.04221701622009277,-0.36835676431655884,-0.02963178729100946,0.06557831168174744,-0.5156439244747162,-0.0593246923147035,0.08786952495574951,-0.6097499430179596,-0.08748356190903905,0.10646060109138489,-0.6926858127117157,-0.10681554613097433,-0.024144068360328674,-0.36044448614120483,-0.05457736489756826,-0.008022904396057129,-0.49689215421676636,-0.0863516324518514,0.014972925186157227,-0.5841354131698608,-0.11233925012334112,0.039297834038734436,-0.658371776342392,-0.12760129508956197,-0.09225739538669586,-0.31777703762054443,-0.0837430947779012,-0.12778347730636597,-0.41564446687698364,-0.10917118874772314,-0.14682650566101074,-0.4942212998867035,-0.12026993868335012,-0.1556779444217682,-0.5672937035560608,-0.12553794620021108,-1.3946388718762686,0.7920106968182298,-1.3752461558327937,-1.3609859193003955,-1.8196992094245976,0.029749414559108463,0.44011591507691716,0.42611594473033165,0.4647266097821742,0.42432329464089025,0.40619693088641434,0.4366948830669446,0.07542075556585111,0.290585268178301,0.21519937158075356,F
0.0,0.0,0.0,0.08928102254867554,-0.056572556495666504,-0.03488427512601788,0.1742716133594513,-0.13756626844406128,-0.054230747001923874,0.21788063645362854,-0.20586615800857544,-0.07683672495440419,0.1877097189426422,-0.26757919788360596,-0.0962509710367101,0.10304242372512817,-0.33909690380096436,-0.018536155300893142,0.14974725246429443,-0.4174063801765442,-0.07851320244625981,0.1688542366027832,-0.3537253737449646,-0.1246608991201299,0.1706179976463318,-0.2776058316230774,-0.14469289519146855,0.041101545095443726,-0.3711785674095154,-0.031208527463235214,0.06444990634918213,-0.5196070671081543,-0.06140147261575635,0.08574569225311279,-0.6139336824417114,-0.08809399344281132,0.10395291447639465,-0.6971254944801331,-0.10598090775565083,-0.02481473982334137,-0.364737868309021,-0.054572028296746566,-0.008226290345191956,-0.49968329071998596,-0.08754082508639272,0.015647143125534058,-0.5852700173854828,-0.11262094714001591,0.04053524136543274,-0.6583667695522308,-0.12674151100472386,-0.09317462146282196,-0.3251763582229614,-0.08249646164730962,-0.12957128882408142,-0.4212031364440918,-0.10821536667899068,-0.15111485123634338,-0.49646955728530884,-0.1190761748726743,-0.1617957353591919,-0.5668970346450806,-0.12404601760462697,-1.4678022946610214,0.7382907151800137,-1.3803072959247817,-1.3518057392451086,-1.8474048609609002,0.01981565848051127,0.43763594826543767,0.4175826301713053,0.46015783160813445,0.42478345169951276,0.4023685068868144,0.4406680043259159,0.07432388593746704,0.29594221841509377,0.22204624866528355,F
0.0,0.0,0.0,0.09185485541820526,-0.06221485137939453,-0.02972839038704933,0.17305339872837067,-0.1440143585205078,-0.045140821597328795,0.2113696187734604,-0.2122286558151245,-0.06462783750032486,0.18896381556987762,-0.2767167091369629,-0.08064540114139618,0.10217095911502838,-0.34287601709365845,-0.01070297054832281,0.14336909353733063,-0.42577916383743286,-0.06774137552713455,0.1593615859746933,-0.3614768981933594,-0.11222244437669815,0.1617262214422226,-0.2867712378501892,-0.13220766570304932,0.04380325973033905,-0.3726120591163635,-0.02455670583879055,0.06610618531703949,-0.5201337933540344,-0.054685048869600905,0.08865480124950409,-0.6154283881187439,-0.08322077628110947,0.1091141551733017,-0.7010182440280914,-0.10304364945625366,-0.01862262189388275,-0.3660702109336853,-0.04864158864950241,-0.004601538181304932,-0.4978615641593933,-0.08034631248449386,0.018206432461738586,-0.5841168165206909,-0.10598484810327591,0.042592450976371765,-0.6584395170211792,-0.12089516606067718,-0.08343039453029633,-0.3265411853790283,-0.07694057758783401,-0.11886826157569885,-0.4227469563484192,-0.1006651186559111,-0.13744015991687775,-0.4992983043193817,-0.11096385504936279,-0.14739613234996796,-0.5701398253440857,-0.11597376700376572,-1.451470402541287,0.7555740345754174,-1.3744853224506512,-1.3644019921947392,-1.8275856697766322,0.029034119265236205,0.4317496505805373,0.40882377429887234,0.44635763653077554,0.41757467792532665,0.39029497179355893,0.41934995647109624,0.0789815492554622,0.2879699430192262,0.20950536352231966,F
0.0,0.0,0.0,0.09024648368358612,-0.05412095785140991,-0.03218282301023123,0.17605642974376678,-0.13689351081848145,-0.048956944682146286,0.21958036720752716,-0.20833104848861694,-0.06914836082651732,0.19522185623645782,-0.27572208642959595,-0.08607102099850295,0.11124970018863678,-0.33731138706207275,-0.015159759745444035,0.1509130448102951,-0.4207390546798706,-0.0726889214296591,0.16675327718257904,-0.3571232557296753,-0.11693903718187926,0.16975657641887665,-0.28385215997695923,-0.13686695609285948,0.050519511103630066,-0.3706091046333313,-0.028298148028994774,0.07297103106975555,-0.5213848948478699,-0.0592435142774832,0.0933370441198349,-0.6141006648540497,-0.08669670585587141,0.11298112571239471,-0.6983699798583984,-0.10535262439444182,-0.013258948922157288,-0.3659396171569824,-0.051523163058305954,0.003864109516143799,-0.497525155544281,-0.08357791516974089,0.024758294224739075,-0.5832936763763428,-0.10667700234844801,0.04797638952732086,-0.6579432785511017,-0.11980059657290099,-0.07936654984951019,-0.3275444507598877,-0.07927402023270247,-0.10871484875679016,-0.42652368545532227,-0.10292302731468794,-0.12416528165340424,-0.5047447383403778,-0.11152608607008574,-0.1305544525384903,-0.5765131115913391,-0.11528476242020247,-1.4336124088105815,0.7403467274979545,-1.3824836365953972,-1.3640843581778577,-1.7735704495657212,0.02673160249729229,0.4305749407210503,0.40960257222480495,0.4434021246869288,0.41838794772577453,0.3934140044728903,0.41932940120300044,0.0765502051276183,0.27232090301305995,0.19622470196135453,F
0.0,0.0,0.0,0.09222710132598877,-0.048931658267974854,-0.028480883116600353,0.17363598942756653,-0.12260311841964722,-0.045451118970987636,0.22026032209396362,-0.18827444314956665,-0.06687117683398469,0.20632484555244446,-0.25902843475341797,-0.08433841484296067,0.11335304379463196,-0.3231360912322998,-0.009948990667936641,0.15997904539108276,-0.40468376874923706,-0.07207501995074495,0.17362433671951294,-0.33674734830856323,-0.12142913358914598,0.1742565929889679,-0.26253920793533325,-0.14404324757563813,0.05647331476211548,-0.35474318265914917,-0.023093515435931522,0.08261573314666748,-0.5017066299915314,-0.058856285537359554,0.10303997993469238,-0.5926654934883118,-0.09054413008200868,0.12166881561279297,-0.6790852546691895,-0.11154315936076387,-0.0020098239183425903,-0.35123342275619507,-0.045789479638216335,0.01467275619506836,-0.4819886386394501,-0.0767888681839679,0.03496548533439636,-0.5645327568054199,-0.09410287755238755,0.057948142290115356,-0.638891875743866,-0.10233278142916902,-0.062260791659355164,-0.31535112857818604,-0.07320968377101167,-0.07244209945201874,-0.4181774854660034,-0.08958222287404283,-0.07058553397655487,-0.4920293390750885,-0.0903023587416385,-0.06322059035301208,-0.5588455200195312,-0.08820724802720292,-1.335620234658347,0.782874178586233,-1.3724312808765455,-1.3653039132325302,-1.5747380755844693,0.03225985664583426,0.4285024799962003,0.4078135356656285,0.40316873221385907,0.4198524542967089,0.3939149480161513,0.37972732741926607,0.07533811729881519,0.22054860286795852,0.1452214888888295,F
0.0,0.0,0.0,0.09198518097400665,-0.050168395042419434,-0.027412422167572004,0.17669881880283356,-0.12498199939727783,-0.041985530572446805,0.22329576313495636,-0.19130027294158936,-0.06056416051319502,0.2081744223833084,-0.26191091537475586,-0.07465518282583616,0.11238883435726166,-0.32489126920700073,-0.006639778314593059,0.15917159616947174,-0.40241527557373047,-0.06699524091413878,0.17383532226085663,-0.33278465270996094,-0.11566167341402434,0.17609138786792755,-0.2581440210342407,-0.13772408680847548,0.05638231337070465,-0.355949342250824,-0.018247381018909437,0.08181239664554596,-0.503499448299408,-0.05286066995790861,0.10219575464725494,-0.5959422290325165,-0.08331973867348097,0.12022916972637177,-0.6820535659790039,-0.10287953184774778,-0.00047129392623901367,-0.35331159830093384,-0.03918635861805342,0.017164945602416992,-0.4855470061302185,-0.0687298478358116,0.03898100554943085,-0.5657425224781036,-0.08247391151121519,0.06360556185245514,-0.6359192728996277,-0.08726694451502226,-0.05917152762413025,-0.31945693492889404,-0.06487432138851545,-0.0625101774930954,-0.42298054695129395,-0.07875222729376219,-0.05720259249210358,-0.49590206146240234,-0.0759763048761215,-0.046327635645866394,-0.5611813068389893,-0.0706747324936714,-1.3448531195352644,0.8087338981651887,-1.3774553196781163,-1.347831758688881,-1.5177117948013872,0.032303414628916935,0.42924842960884046,0.40097681595528895,0.39285374472981793,0.4275744259318732,0.39416646480432566,0.37590134158943683,0.07303838693860136,0.20579424784336534,0.132932582473546,F
0.0,0.0,0.0,0.08836820721626282,-0.05209815502166748,-0.025360503283110347,0.16730114817619324,-0.12412625551223755,-0.039747801658478465,0.20747247338294983,-0.191841721534729,-0.05812625312503883,0.19281083345413208,-0.2585226893424988,-0.07192166247662612,0.09846574068069458,-0.31898266077041626,-0.0035245616946042446,0.14263680577278137,-0.39388710260391235,-0.0598929534226329,0.1585182547569275,-0.32902514934539795,-0.10593398013409683,0.1636471152305603,-0.26154202222824097,-0.1267024884491832,0.044978052377700806,-0.34891587495803833,-0.013258029755917278,0.06523337960243225,-0.49402737617492676,-0.04599444666203567,0.08112919330596924,-0.5783826112747192,-0.07586748996075698,0.09811756014823914,-0.6575168073177338,-0.09474124112423965,-0.007865428924560547,-0.34354299306869507,-0.031394728508558956,0.006507396697998047,-0.4772600531578064,-0.059338734534350124,0.02497851848602295,-0.5571906268596649,-0.07423392036255905,0.047621190547943115,-0.6266429722309113,-0.07999982037839004,-0.060572728514671326,-0.30935174226760864,-0.05363241681155273,-0.05874745547771454,-0.412769615650177,-0.06657192209061691,-0.05228574573993683,-0.48634278774261475,-0.06558895954188415,-0.03940176963806152,-0.5506223440170288,-0.06184130632576057,-1.3832184979681295,0.7223550109759169,-1.4002736937179772,-1.3772531841538098,-1.4832727251083873,0.02931959808215005,0.4100769710532649,0.39571779727612894,0.37315533132441286,0.40136037798461993,0.3830936163541605,0.3532651724864765,0.05918679781655714,0.17417804783961463,0.11555142367607717,F
0.0,0.0,0.0,0.09052501618862152,-0.0488741397857666,-0.02621078324753512,0.1661793440580368,-0.11833173036575317,-0.042261969496195206,0.21038870513439178,-0.18020504713058472,-0.06308439021248091,0.20286674797534943,-0.2482202649116516,-0.07947946732181776,0.09739901125431061,-0.31382232904434204,-0.0029172713055061195,0.1465824991464615,-0.3857468366622925,-0.06257938240904082,0.1657547801733017,-0.3213157653808594,-0.11115757768291701,0.17152564227581024,-0.25088202953338623,-0.13271525149482954,0.047122642397880554,-0.3425927758216858,-0.013408277381842026,0.06948380172252655,-0.48446810245513916,-0.047255885054056534,0.08757014572620392,-0.5703508257865906,-0.07676545177835692,0.10567091405391693,-0.6507502198219299,-0.09466980044979323,-0.0026660263538360596,-0.33796924352645874,-0.03304555659431685,0.012185260653495789,-0.4681432247161865,-0.06191983466285933,0.03303574025630951,-0.5491781830787659,-0.07464478557247389,0.05612228810787201,-0.6198139786720276,-0.07803600673813094,-0.05204315483570099,-0.30510610342025757,-0.05724225958127249,-0.05079193413257599,-0.40606021881103516,-0.07152491455215682,-0.0426754504442215,-0.4791719913482666,-0.0694337600960182,-0.029389560222625732,-0.5430890023708344,-0.06386351232666243,-1.2955144258979394,0.703966453007624,-1.383039525281609,-1.3651606684621993,-1.4758922733375537,0.031453932939637386,0.41409829114807195,0.39951949215029037,0.37535391969250204,0.4052547530058277,0.3865601081959281,0.3546150498354697,0.058413331951070784,0.1727202056936499,0.11488689304405753,F
0.0,0.0,0.0,0.08836206793785095,-0.06494593620300293,-0.023509237260753935,0.15748688578605652,-0.14454275369644165,-0.03941045449786884,0.20398017764091492,-0.2066633701324463,-0.06202490748577816,0.20161470770835876,-0.27412497997283936,-0.0801028472345422,0.08872991800308228,-0.33648771047592163,0.009713513499860937,0.1455862820148468,-0.40429192781448364,-0.04787123324089748,0.16996902227401733,-0.3396461606025696,-0.09717825920992595,0.1751568615436554,-0.2678701877593994,-0.11924117924385769,0.0443556010723114,-0.3637157678604126,-0.002964283150816982,0.06737825274467468,-0.5059898495674133,-0.028888511748249357,0.08219709992408752,-0.594268798828125,-0.055070494578416174,0.09733971953392029,-0.676243931055069,-0.07262304546051723,-0.0016200840473175049,-0.357868492603302,-0.026055754439170187,0.013898223638534546,-0.4880426824092865,-0.049052303002412145,0.03171321749687195,-0.5657966732978821,-0.05884674684816105,0.04926905035972595,-0.6323145925998688,-0.06220674263053638,-0.04816350340843201,-0.3243104815483093,-0.0544656489949773,-0.03954280912876129,-0.4217680096626282,-0.06694970400744182,-0.02996714413166046,-0.491216778755188,-0.06313811363392574,-0.01863713562488556,-0.5520940124988556,-0.05729375527911884,-1.2425746118562397,0.671032860225046,-1.402859212276029,-1.3874537747543185,-1.4418904208953018,0.027187130214651523,0.4154189740229156,0.3892415675475686,0.3546514592316539,0.41572180818893867,0.3855742019692249,0.3440047905016521,0.06511970525091747,0.16989359378752644,0.10510276669393495,F
0.0,0.0,0.0,0.08497899770736694,-0.061597228050231934,-0.023511135149249185,0.15597569942474365,-0.13703519105911255,-0.03895478801752006,0.2022569179534912,-0.19810408353805542,-0.06036822231436645,0.200545996427536,-0.2683814764022827,-0.07689136000300323,0.08657515048980713,-0.33017396926879883,0.006250639781853806,0.13940313458442688,-0.39687395095825195,-0.05136376352930938,0.1627492606639862,-0.33108001947402954,-0.09946733446741973,0.17109251022338867,-0.26390141248703003,-0.12057621510649597,0.041996389627456665,-0.35608482360839844,-0.0061199931795385965,0.06440308690071106,-0.4941125214099884,-0.03466190876389419,0.08225706219673157,-0.5768810212612152,-0.06144326658869659,0.10139772295951843,-0.6572665572166443,-0.07806043060446655,-0.0035611391067504883,-0.349362850189209,-0.02833365382576858,0.010580748319625854,-0.4770313501358032,-0.05399551721239959,0.030697017908096313,-0.5579060912132263,-0.06525307627345,0.05169209837913513,-0.6287994980812073,-0.06806955220127975,-0.048716768622398376,-0.3151770830154419,-0.05537251489187156,-0.043520063161849976,-0.41664373874664307,-0.06971778454209243,-0.035057321190834045,-0.49086207151412964,-0.06713173272038375,-0.02348494529724121,-0.5546850562095642,-0.06082918601060783,-1.243654679347399,0.6649886280490961,-1.376068006688939,-1.3755836200179767,-1.4658349092422003,0.029792261113628937,0.4013252872816281,0.38994696218223507,0.3635376220703367,0.39949155242621404,0.3839362853636953,0.34987928440168675,0.057280210987272664,0.16161263929468342,0.1055676957684734,F
0.0,0.0,0.0,0.0843765139579773,-0.06499552726745605,-0.022865762295225522,0.14794230461120605,-0.13649725914001465,-0.039391798259714506,0.19163095951080322,-0.19345229864120483,-0.06263690936754074,0.19126731157302856,-0.2590387463569641,-0.08154219883869018,0.07871562242507935,-0.325439989566803,0.007308086553564408,0.13076892495155334,-0.3918766975402832,-0.049287175120809934,0.1560153067111969,-0.3308805823326111,-0.0973437328953537,0.1657269299030304,-0.2674676179885864,-0.11896456527898636,0.03511452674865723,-0.35016191005706787,-0.005571602670499942,0.05752617120742798,-0.48647546768188477,-0.032371421637037656,0.07505026459693909,-0.5688684582710266,-0.057920211287239454,0.09395775198936462,-0.649435967206955,-0.07439763593862381,-0.008268699049949646,-0.3436657786369324,-0.0284684573430809,0.006891965866088867,-0.46950727701187134,-0.05203499767372932,0.028477728366851807,-0.5481148362159729,-0.06259636330793228,0.05027487874031067,-0.6173444092273712,-0.06588440138290252,-0.05128197371959686,-0.3119516968727112,-0.056382292242744825,-0.0467095822095871,-0.41199564933776855,-0.06968301284501877,-0.037938445806503296,-0.48363620042800903,-0.06696022051761474,-0.025637134909629822,-0.545432060956955,-0.06128883111665573,-1.230959064314418,0.5877227462820829,-1.3766529976374635,-1.3600588098525914,-1.4613976169083693,0.026895296481569894,0.40234206893359187,0.38504780763054647,0.359261283123464,0.3886523314004548,0.3684330945575159,0.3374676826843415,0.05420388831855053,0.158492111752106,0.10456586273805803,F
0.0,0.0,0.0,0.08643409609794617,-0.06772118806838989,-0.020086753044154193,0.14961394667625427,-0.1385074257850647,-0.0363684751576443,0.19446471333503723,-0.19499462842941284,-0.060181324232246425,0.19615191221237183,-0.26478439569473267,-0.07957169492902949,0.07894232869148254,-0.3315887451171875,0.012283445473883603,0.13236188888549805,-0.3994995355606079,-0.04611241151752665,0.15849152207374573,-0.336577832698822,-0.0957796581572552,0.16723120212554932,-0.26935964822769165,-0.1178579114860554,0.03819304704666138,-0.35448068380355835,-0.0025686920637895128,0.05943450331687927,-0.4922431409358978,-0.029201525125529315,0.07592388987541199,-0.5759490430355072,-0.05440256451430514,0.09254574775695801,-0.655873030424118,-0.07070538480940058,-0.004001781344413757,-0.34697282314300537,-0.02792549212637141,0.010136812925338745,-0.4725657105445862,-0.051247329313184764,0.030920475721359253,-0.5497225522994995,-0.05962616284551814,0.051159799098968506,-0.616499662399292,-0.06152096470060542,-0.047125861048698425,-0.31386035680770874,-0.058413510072853114,-0.04348112642765045,-0.41102004051208496,-0.07176840384664729,-0.0337352454662323,-0.48033884167671204,-0.06764473100366786,-0.020519554615020752,-0.5412393808364868,-0.060839415389921214,-1.2177022498322594,0.6139636318188546,-1.3923753479378165,-1.3689232648805805,-1.4543130105259288,0.029280375811563362,0.4045794823364834,0.3804291546374295,0.3512461862381731,0.39366294175495326,0.3660310916296836,0.33040722700946884,0.05712319017649607,0.16101129220724492,0.10393286164523663,F
0.0,0.0,0.0,0.08442708849906921,-0.0668368935585022,-0.019386155650835235,0.1441647708415985,-0.13283342123031616,-0.03535732452652951,0.18802744150161743,-0.1867082715034485,-0.05871218268654843,0.19154420495033264,-0.2567758560180664,-0.07796988461993237,0.07398867607116699,-0.31966274976730347,0.012357254392583172,0.12581008672714233,-0.3847883939743042,-0.044532759235124786,0.15349313616752625,-0.3241503834724426,-0.09419929806969662,0.16382816433906555,-0.25885283946990967,-0.11694740329764386,0.03486776351928711,-0.34300071001052856,-0.001686096311431129,0.05462208390235901,-0.47610822319984436,-0.028628237665515144,0.06932052969932556,-0.5592023134231567,-0.056827781841974456,0.08328410983085632,-0.6383385360240936,-0.07597011153481503,-0.007059365510940552,-0.335887610912323,-0.02548372571251889,0.008212119340896606,-0.4607340693473816,-0.04871889029524823,0.026939332485198975,-0.5376769304275513,-0.06034444470785161,0.04491505026817322,-0.6044204533100128,-0.06520243559859296,-0.050552308559417725,-0.30457812547683716,-0.05391669099114438,-0.045789480209350586,-0.4004918932914734,-0.06757064734480878,-0.037587687373161316,-0.4696064591407776,-0.06566778396151562,-0.025281712412834167,-0.5314351916313171,-0.060962071762304504,-1.2056675259360063,0.5950351777312008,-1.4083061978423557,-1.3796107284355865,-1.4598593264373716,0.027793754108155978,0.3966236591135985,0.37730210048326557,0.34993032032090493,0.38793909136079024,0.3654549280460994,0.3317584726799969,0.05121153255589947,0.15236424384286879,0.10126417882549266,F
0.0,0.0,0.0,0.08182668685913086,-0.06563442945480347,-0.02129281401491312,0.1443929672241211,-0.1336105465888977,-0.0374142629638925,0.19124794006347656,-0.18771880865097046,-0.060176170392395534,0.19178074598312378,-0.2575698494911194,-0.07861632011687902,0.07431003451347351,-0.31868255138397217,0.008172049225805722,0.12847232818603516,-0.3839898109436035,-0.04861069001114515,0.15299823880195618,-0.32451438903808594,-0.0965563570693746,0.1613689363002777,-0.261816143989563,-0.11824216596639303,0.034124284982681274,-0.3419254422187805,-0.00514030126711873,0.05513572692871094,-0.4754021167755127,-0.03359861202395109,0.07248309254646301,-0.5544905066490173,-0.06063073031461386,0.09076496958732605,-0.6297049224376678,-0.07821774385726599,-0.007339164614677429,-0.334692120552063,-0.028256163893701114,0.006763100624084473,-0.456331729888916,-0.05350746489918379,0.028569906949996948,-0.5329994559288025,-0.06562499604976324,0.051416486501693726,-0.6000846922397614,-0.07012566827094702,-0.04941000044345856,-0.30288082361221313,-0.05599779166138319,-0.046794354915618896,-0.3978157043457031,-0.07120963834083227,-0.03787274658679962,-0.4679591655731201,-0.07033391944921163,-0.024392858147621155,-0.5287392139434814,-0.06608185075080542,-1.2056541774077658,0.5786177309316087,-1.3764605639227845,-1.3529191796918896,-1.46048128137337,0.030706826360813688,0.3856017370264023,0.3701601583678302,0.3467907890073985,0.37460255394703645,0.35568968491088815,0.3252005066879938,0.04925100159506672,0.15315155755122048,0.10410203652899185,F
0.0,0.0,0.0,0.08305418491363525,-0.06895291805267334,-0.018474381526743855,0.1420794129371643,-0.13509923219680786,-0.034068018307721104,0.1857585608959198,-0.1865338683128357,-0.05693693470004746,0.19006210565567017,-0.2566450238227844,-0.07569801073316285,0.07174333930015564,-0.31696993112564087,0.00860677369144014,0.12390011548995972,-0.3797244429588318,-0.046616289874350514,0.15045645833015442,-0.3209478259086609,-0.09295960526708313,0.16140276193618774,-0.2587173581123352,-0.11394422512296387,0.031933873891830444,-0.3383384346961975,-0.006010849604194846,0.052216678857803345,-0.47088685631752014,-0.03343915577772805,0.0701894462108612,-0.5498746633529663,-0.05871464695576378,0.0886695384979248,-0.6232673525810242,-0.07527410995010086,-0.009564414620399475,-0.33052825927734375,-0.030074190458094563,0.003788203001022339,-0.45473265647888184,-0.05436330672148415,0.025801628828048706,-0.531387597322464,-0.06461218755487153,0.04893752932548523,-0.5962586402893066,-0.06797189276460358,-0.05140852928161621,-0.2984050512313843,-0.0586019830012674,-0.05143660306930542,-0.39581263065338135,-0.07411142449620911,-0.042740702629089355,-0.4680017828941345,-0.07322034250739762,-0.02856917679309845,-0.530337780714035,-0.06880162667278,-1.1948062543543034,0.5761709313399792,-1.3742449759547266,-1.3540979241763536,-1.4726387546138253,0.02873417045677645,0.3803845220549237,0.3677683435722061,0.3502961073719296,0.3717348789915219,0.35578440904549663,0.33146190049369123,0.04804272153547919,0.1496022115159783,0.10174895193806753,F
0.0,0.0,0.0,0.08250376582145691,-0.06016683578491211,-0.02612606359991787,0.14670464396476746,-0.12440943717956543,-0.042994887739155274,0.19050493836402893,-0.17957472801208496,-0.0646891902980542,0.18914732336997986,-0.2471134066581726,-0.08229231944653748,0.07801216840744019,-0.3052036762237549,-0.0010233974863922413,0.1291547417640686,-0.37125253677368164,-0.057384164243671876,0.15190228819847107,-0.31796759366989136,-0.1047512527403569,0.1595049798488617,-0.259085476398468,-0.12659877648923157,0.03357258439064026,-0.32990384101867676,-0.011283102616403085,0.055000483989715576,-0.46249109506607056,-0.04199256485674141,0.07520872354507446,-0.5399156808853149,-0.06995120009753464,0.09545665979385376,-0.6125524938106537,-0.08813892415139435,-0.010559052228927612,-0.3238569498062134,-0.030959767460558396,0.0045292675495147705,-0.4460148513317108,-0.058488634586069566,0.027718067169189453,-0.5184088945388794,-0.07213975599381683,0.05217325687408447,-0.5808482766151428,-0.07726480177018402,-0.05595935881137848,-0.2934325337409973,-0.05525457969281433,-0.05602368712425232,-0.38983625173568726,-0.07202122470710037,-0.04839742183685303,-0.458709716796875,-0.07273454329344986,-0.03441034257411957,-0.5201393961906433,-0.06968470773074387,-1.2377832670932698,0.5149816749824011,-1.355254004453527,-1.331375600061485,-1.4760287159054928,0.031968718824664726,0.3772580905165236,0.36075041000339525,0.35287564518192294,0.3592229387165234,0.33919227343795744,0.3251957891936307,0.053652682657023026,0.15939140163687865,0.10574633731625516,F
0.0,0.0,0.0,0.08210426568984985,-0.06259149312973022,-0.02260895575267341,0.14532357454299927,-0.13259786367416382,-0.03810026439708736,0.1863117814064026,-0.18676787614822388,-0.059720016446533464,0.18621021509170532,-0.25124484300613403,-0.07741780522150066,0.07571914792060852,-0.31153953075408936,0.0043957965554568545,0.12611648440361023,-0.37669873237609863,-0.05263880955857303,0.15122205018997192,-0.32000476121902466,-0.10151420476717021,0.1616213619709015,-0.2599334120750427,-0.12447278889698055,0.03333616256713867,-0.3340528607368469,-0.008846280526938699,0.05222246050834656,-0.4655410647392273,-0.038946866419735215,0.07102760672569275,-0.545287162065506,-0.06719390245956447,0.0903078019618988,-0.6194464862346649,-0.0857809701828387,-0.010547250509262085,-0.3255589008331299,-0.031919806626262925,0.0015419721603393555,-0.4462171196937561,-0.059880911734524034,0.023937076330184937,-0.5208813548088074,-0.07456482144874599,0.0478937029838562,-0.586121678352356,-0.08064357879442241,-0.055770471692085266,-0.29206907749176025,-0.05955307873767879,-0.058698028326034546,-0.38659048080444336,-0.07798597159666087,-0.05333130061626434,-0.45649054646492004,-0.08015058132690456,-0.04175104200839996,-0.520613431930542,-0.07824878337663677,-1.2389335580600256,0.5409738985202535,-1.3737615824664613,-1.3501602303932743,-1.5095308238141578,0.026078783143806024,0.3804861665294948,0.3623174745622703,0.35288209282675,0.3665177680998012,0.34544574896164676,0.3306272938705812,0.05393976837651415,0.1649469941946607,0.11102932339696454,F
0.0,0.0,0.0,0.08126211166381836,-0.05977970361709595,-0.022961938928204972,0.14487653970718384,-0.1271735429763794,-0.038876243110138375,0.18618690967559814,-0.17833513021469116,-0.06047442200346609,0.18419304490089417,-0.2414621114730835,-0.07782616111202856,0.07250171899795532,-0.3036035895347595,0.0036522923620907477,0.12573829293251038,-0.36622607707977295,-0.05341434496207853,0.1519891619682312,-0.3062260150909424,-0.1018480026976647,0.16154903173446655,-0.24340635538101196,-0.12387341650887151,0.03282633423805237,-0.32612359523773193,-0.00806878710849901,0.05359211564064026,-0.4526028037071228,-0.03736537339850088,0.07214421033859253,-0.5304469466209412,-0.06527978571816107,0.09026980400085449,-0.6035150289535522,-0.08339198323650976,-0.008925110101699829,-0.3171495199203491,-0.02932815084918161,0.0052208006381988525,-0.43385764956474304,-0.05550908314748426,0.025568872690200806,-0.5083357989788055,-0.06886002066298147,0.04642242193222046,-0.5735113322734833,-0.0740346277014794,-0.051538437604904175,-0.2841559648513794,-0.05512643250389715,-0.048906564712524414,-0.3734769821166992,-0.07106122764511724,-0.041698142886161804,-0.43999266624450684,-0.07142652216120382,-0.029752030968666077,-0.5003734230995178,-0.06815217825337072,-1.2394670033870263,0.5944459786447601,-1.3665981089646948,-1.3581637550473586,-1.4703737195351083,0.0227273275299773,0.3740372845550106,0.35949607729060007,0.33586837120656726,0.36709533514943293,0.3496046796794025,0.32035631800105807,0.05313016778387163,0.15825116659159205,0.10560161472765746,F
0.0,0.0,0.0,0.07998356223106384,-0.05941206216812134,-0.023573351265554265,0.14424017071723938,-0.12659037113189697,-0.03850098437226279,0.18393835425376892,-0.18166500329971313,-0.058569793762330846,0.17985767126083374,-0.24623751640319824,-0.07461110240376456,0.07148391008377075,-0.3018645644187927,0.0019537169154091316,0.1229214072227478,-0.3646519184112549,-0.05374306550777419,0.14754456281661987,-0.30762940645217896,-0.10083832329667075,0.15759709477424622,-0.2483510971069336,-0.12247422075427039,0.030710577964782715,-0.3250206708908081,-0.008929559202556447,0.05021136999130249,-0.45268040895462036,-0.03852129092967971,0.06861412525177002,-0.5302388966083527,-0.06612032389796241,0.087283194065094,-0.6025917232036591,-0.08403952157652839,-0.011741384863853455,-0.31795376539230347,-0.029061750681762533,0.0025328397750854492,-0.4362485408782959,-0.056132410825853185,0.023730367422103882,-0.5080417990684509,-0.06934699899113639,0.04649898409843445,-0.5706669390201569,-0.0741399276868151,-0.05513088405132294,-0.2873225212097168,-0.05359933635747893,-0.05418290197849274,-0.37919455766677856,-0.0703453320876406,-0.04584096372127533,-0.4459682106971741,-0.07098520285046561,-0.031797170639038086,-0.5059249401092529,-0.06776185071623786,-1.2814621252565002,0.5560292689093197,-1.369737029494177,-1.3442907523202443,-1.464458543533599,0.02236069070727503,0.36818250166520694,0.3507691401780548,0.33501541775080695,0.36115158287114923,0.3409256401973381,0.31970998165590797,0.051793277824132386,0.15337731322425122,0.10159633000090962,F
0.0,0.0,0.0,0.0792216956615448,-0.06035411357879639,-0.023874813510218473,0.14020514488220215,-0.12511688470840454,-0.03907061350170693,0.182073175907135,-0.17952662706375122,-0.05920617636863312,0.1783175766468048,-0.2453368902206421,-0.07516439613524994,0.07124567031860352,-0.29938459396362305,0.002114681009089736,0.1207510232925415,-0.3649635314941406,-0.051347408263126226,0.14273083209991455,-0.3127914071083069,-0.09656170365039429,0.1503903567790985,-0.25597530603408813,-0.11731126513902268,0.029360651969909668,-0.32259058952331543,-0.007668148080000492,0.04895448684692383,-0.4515156149864197,-0.036573465732971044,0.07008600234985352,-0.526450514793396,-0.06336931493703446,0.09186342358589172,-0.5963490307331085,-0.08081853744212708,-0.012934386730194092,-0.3160609006881714,-0.026485957024732443,0.000599205493927002,-0.43466949462890625,-0.05243249964539132,0.02326488494873047,-0.5061700344085693,-0.06616025027457795,0.04748842120170593,-0.5673955678939819,-0.07154045608464799,-0.056249842047691345,-0.285963773727417,-0.04961307328764519,-0.057834088802337646,-0.37703007459640503,-0.06530604865972123,-0.05210690200328827,-0.4454681873321533,-0.0664313918036612,-0.04033045470714569,-0.5062212944030762,-0.0638579687160643,-1.2637967502094976,0.5016755754333527,-1.3463302118445364,-1.334865816111854,-1.498645538679458,0.029884870763632027,0.3615022038226368,0.34761769198241055,0.34039335181607433,0.34536889607271615,0.327980773586591,0.3146386540600871,0.052985317277272,0.15999446963607905,0.10702544885696307,F
0.0,0.0,0.0,0.08057370781898499,-0.060150742530822754,-0.023959192863287626,0.14238795638084412,-0.12242758274078369,-0.03882495448607415,0.18388181924819946,-0.17759114503860474,-0.05839537218827218,0.18848782777786255,-0.24754691123962402,-0.07391363517064065,0.0745118260383606,-0.29594486951828003,0.0021740110157111303,0.12435278296470642,-0.36133819818496704,-0.05033608288186997,0.1468123495578766,-0.31165164709091187,-0.09502957150954217,0.15483176708221436,-0.25538814067840576,-0.11557034537810296,0.03287583589553833,-0.320953905582428,-0.007141020099254547,0.053388386964797974,-0.45049041509628296,-0.035384004420222936,0.07397770881652832,-0.5249935388565063,-0.062125911420764623,0.094991534948349,-0.5942005813121796,-0.07944598928708047,-0.009282976388931274,-0.31575775146484375,-0.025314857667865454,0.004542917013168335,-0.4338550567626953,-0.051186328238429724,0.02688869833946228,-0.5057074725627899,-0.06466557220238656,0.050599515438079834,-0.5667597353458405,-0.06966475532072991,-0.053033336997032166,-0.28678131103515625,-0.04768248782175988,-0.05391263961791992,-0.3779972791671753,-0.06405232236403435,-0.048243939876556396,-0.44594812393188477,-0.06502206758278817,-0.03679269552230835,-0.5065111517906189,-0.06192967057842225,-1.2177828805133286,0.46759157464656975,-1.347270374143945,-1.3366003266880622,-1.4970186188132464,0.03455742034152394,0.359040838551319,0.34772117242667255,0.34324013760420324,0.34405627927716914,0.3283544308343462,0.3158839998773867,0.052188613926300705,0.15829251230099323,0.1061474934087259,F
0.0,0.0,0.0,0.07898688316345215,-0.05977916717529297,-0.025834104236054145,0.14122632145881653,-0.12484478950500488,-0.04164170679061385,0.1815868318080902,-0.18134528398513794,-0.06176145207493278,0.1767534613609314,-0.24757146835327148,-0.07758688014357062,0.07166889309883118,-0.29722511768341064,-0.0008094005904411006,0.12205201387405396,-0.3640103340148926,-0.05578166824190589,0.14366060495376587,-0.3115190863609314,-0.1020986123046157,0.15125438570976257,-0.2550746202468872,-0.12353905868141624,0.02950727939605713,-0.321368932723999,-0.00994013734518262,0.05029991269111633,-0.45004940032958984,-0.0407200066408393,0.07271513342857361,-0.5249193012714386,-0.06906676125137778,0.09565672278404236,-0.5961610376834869,-0.08750693332760306,-0.012760519981384277,-0.3151087164878845,-0.028168136443781577,0.0006431937217712402,-0.43154653906822205,-0.05589855295031043,0.02336779236793518,-0.5021378993988037,-0.07075867634623023,0.0478978157043457,-0.5641602873802185,-0.07659064811079475,-0.055863067507743835,-0.285180926322937,-0.050762700106787406,-0.057159602642059326,-0.37592852115631104,-0.06735353004543754,-0.051840826869010925,-0.44323086738586426,-0.06884085219709846,-0.04065053164958954,-0.504334032535553,-0.06651474368183585,-1.289016971222822,0.4870660745116671,-1.3345655527080962,-1.3318904842854393,-1.5014923918928884,0.02658007049280908,0.3578985454757163,0.34180734010616654,0.3364394604418139,0.34558796894934923,0.3259087758722387,0.3145755106825559,0.05748879217220722,0.16435287185100708,0.10686435602132283,F
0.0,0.0,0.0,0.08182844519615173,-0.061328768730163574,-0.025436317691827526,0.14225882291793823,-0.1234976053237915,-0.04235253311159681,0.1805487871170044,-0.1779623031616211,-0.06446537203552793,0.1811261773109436,-0.2453608512878418,-0.08265470541479658,0.07147374749183655,-0.29922693967819214,0.0008330343717091182,0.12127873301506042,-0.3606957197189331,-0.05532774529817175,0.14657655358314514,-0.30413633584976196,-0.1029713658190019,0.15640029311180115,-0.24333864450454712,-0.1249730867839105,0.02997693419456482,-0.3216046094894409,-0.009286386104548683,0.05010870099067688,-0.4478697180747986,-0.03811956397655081,0.07024601101875305,-0.5231766700744629,-0.0654175413346536,0.09010699391365051,-0.5936046242713928,-0.08352549202206205,-0.012576192617416382,-0.3138374090194702,-0.028964536408210506,0.0024441182613372803,-0.43012332916259766,-0.055946512291455974,0.02485579252243042,-0.5021250247955322,-0.0698273313737161,0.047591060400009155,-0.5636157691478729,-0.07526374436380934,-0.056550949811935425,-0.28223174810409546,-0.053187431911254635,-0.05768227577209473,-0.3729169964790344,-0.0711953250265367,-0.0516011118888855,-0.44069963693618774,-0.07291211761000227,-0.04033784568309784,-0.5020076036453247,-0.07035113699200224,-1.262053050970196,0.5820330426349409,-1.353229095961171,-1.334417011859186,-1.4971586278489866,0.024808439485461506,0.35994196361098146,0.345134495799119,0.33898948210283525,0.3564843027408134,0.33825565138386876,0.3249854237953669,0.05202822343839772,0.15939219041406563,0.10736414011000704,F
0.0,0.0,0.0,0.08043062686920166,-0.05787605047225952,-0.02526806997164499,0.14560776948928833,-0.12148874998092651,-0.04117625536426317,0.1870623230934143,-0.177384614944458,-0.06189173417195093,0.18250134587287903,-0.24309903383255005,-0.07854213895305406,0.0750349760055542,-0.2951533794403076,0.0011110939874185988,0.1267516314983368,-0.3594416379928589,-0.05421436162694704,0.15004441142082214,-0.30437809228897095,-0.10045226993068468,0.15749144554138184,-0.24449872970581055,-0.12135292174323808,0.0330578088760376,-0.3197375535964966,-0.008467386048579328,0.053440749645233154,-0.44679340720176697,-0.03771454425557863,0.07371991872787476,-0.5221600532531738,-0.06492381872638475,0.09354820847511292,-0.5921802222728729,-0.08252885522350084,-0.010119706392288208,-0.31394726037979126,-0.02745811598404657,0.004530280828475952,-0.4293166995048523,-0.054532117713534944,0.027117103338241577,-0.5004274249076843,-0.06867414297565233,0.05028945207595825,-0.5616236329078674,-0.07410894664033663,-0.05481332540512085,-0.2842397689819336,-0.05087006049259912,-0.05602322518825531,-0.37337833642959595,-0.06811333777412187,-0.05052079260349274,-0.44034141302108765,-0.06982067557080995,-0.039304181933403015,-0.5008743405342102,-0.06737342061504137,-1.2762456598244911,0.5508823507358558,-1.3523107262013174,-1.331563632667172,-1.4993269940929828,0.025049037169700673,0.3602365011708476,0.3448737523753583,0.3400673476100849,0.35351259926652306,0.33475434520536795,0.3231980396302387,0.05296248822348674,0.1612033550436572,0.10824738231894324,F
0.0,0.0,0.0,0.07783490419387817,-0.05805790424346924,-0.023479500607408,0.1381048858165741,-0.12381070852279663,-0.0393924804486403,0.17872953414916992,-0.17605334520339966,-0.06030869279877038,0.18120723962783813,-0.23866331577301025,-0.0772582458414206,0.06801095604896545,-0.29177045822143555,-0.0005672257359208288,0.12248513102531433,-0.3533473610877991,-0.05515073408261628,0.15051326155662537,-0.2972854971885681,-0.10091783274785371,0.16081103682518005,-0.23710715770721436,-0.12158167530671449,0.029179394245147705,-0.3168935775756836,-0.011947634451843214,0.05336073040962219,-0.4413338899612427,-0.04072699864283891,0.07561707496643066,-0.5176739692687988,-0.06795653124228807,0.09544637799263,-0.5883866250514984,-0.08556562830582948,-0.012400627136230469,-0.3105337619781494,-0.032250551328814936,0.002831399440765381,-0.42534148693084717,-0.058648062691844416,0.023972630500793457,-0.49663299322128296,-0.07293798942939134,0.04511445760726929,-0.5588741302490234,-0.0785787494935164,-0.05553242564201355,-0.2793324589729309,-0.05673481319919915,-0.057278260588645935,-0.37091225385665894,-0.07322128285542817,-0.051802605390548706,-0.4369186460971832,-0.07381863315478654,-0.040912508964538574,-0.495721697807312,-0.07062459905520768,-1.2117766327847252,0.5323244251286342,-1.3313938027544014,-1.3432109395276652,-1.5033358006239765,0.02045548133613333,0.36008515443032413,0.34793133090523737,0.33972959024617455,0.3573091137964152,0.3419352030157872,0.3279845564613702,0.05834629002039806,0.16486520188738507,0.10671864270525498,F
0.0,0.0,0.0,0.07790049910545349,-0.05658423900604248,-0.024581655932280455,0.13974130153656006,-0.12194377183914185,-0.040126632971379195,0.17907708883285522,-0.17519497871398926,-0.060557402742716704,0.17769569158554077,-0.23800265789031982,-0.07704613737544719,0.07220616936683655,-0.2921944856643677,0.00014975499695424332,0.12323999404907227,-0.3536835312843323,-0.05519764877638522,0.14845633506774902,-0.29723674058914185,-0.10175931833467189,0.15674921870231628,-0.2378360629081726,-0.12282231829843226,0.03116750717163086,-0.31677520275115967,-0.010381851417633925,0.053430378437042236,-0.43973827362060547,-0.038668762964817915,0.07413217425346375,-0.5160403549671173,-0.06546926878175441,0.09256133437156677,-0.5868590772151947,-0.08293055377683345,-0.011754035949707031,-0.3106652498245239,-0.030253082586142455,0.0033311843872070312,-0.4239625334739685,-0.056477416379067336,0.025237739086151123,-0.49474307894706726,-0.07065435133657161,0.04711061716079712,-0.5568862855434418,-0.07642114542207423,-0.056134775280952454,-0.280481219291687,-0.05453292287668887,-0.05921047925949097,-0.3693746328353882,-0.07163326822004024,-0.055025964975357056,-0.43463820219039917,-0.0731430017181367,-0.045294374227523804,-0.4944276809692383,-0.07065913460931483,-1.2547321637107747,0.5714154762137097,-1.3472805460493613,-1.336128613880143,-1.5201708651905588,0.020947135368248694,0.3590942217335298,0.3445855911783468,0.3398210733788279,0.3548762446414488,0.33736281287598197,0.32658976086704666,0.05444387877045182,0.16597517707577353,0.11153367078524931,F
0.0,0.0,0.0,0.07708102464675903,-0.054909348487854004,-0.024882527853094416,0.14228573441505432,-0.12325018644332886,-0.03754651066168435,0.18153062462806702,-0.17787057161331177,-0.05326384570702203,0.17293062806129456,-0.236095130443573,-0.06511469077571519,0.06868639588356018,-0.2798163890838623,-0.0032586488804895453,0.11592400074005127,-0.343289852142334,-0.05324604254468568,0.1404445469379425,-0.2988044023513794,-0.09520003836854585,0.14853104948997498,-0.24267840385437012,-0.11437822025521882,0.022753208875656128,-0.306274950504303,-0.011680010559700804,0.04449877142906189,-0.4313248097896576,-0.03857795786365159,0.06846153736114502,-0.5045263171195984,-0.06335198771461137,0.08836299180984497,-0.566938728094101,-0.07917476337655671,-0.02172103524208069,-0.3017030954360962,-0.02860154848798402,-0.012686878442764282,-0.41369879245758057,-0.053511692995869,0.0056220293045043945,-0.4818369150161743,-0.06704081487163194,0.025428175926208496,-0.5385113954544067,-0.0724195156644214,-0.06576128304004669,-0.27051621675491333,-0.04971106242641099,-0.07502412796020508,-0.3544718623161316,-0.06547734778627046,-0.07626155018806458,-0.4169265031814575,-0.06676320623859056,-0.07091699540615082,-0.4750915765762329,-0.06454492252572663,-1.3056251131649284,0.4353629236125099,-1.3242157428284462,-1.3742635446638347,-1.5959930134838363,0.025272097721782138,0.34148085042576243,0.33647075761344575,0.3414395477017307,0.3297953199198782,0.32042390110396574,0.3196456276306223,0.06905725371975811,0.1838641171340237,0.11534498457064375,F
0.0,0.0,0.0,0.07832372188568115,-0.060706496238708496,-0.021482483351974224,0.14095807075500488,-0.12798243761062622,-0.032758920321612095,0.17922216653823853,-0.1836950182914734,-0.047895490060000157,0.17613691091537476,-0.24681347608566284,-0.05903905523791764,0.06872457265853882,-0.2864384055137634,0.0002197112198700779,0.11566820740699768,-0.35114938020706177,-0.0478123155035064,0.13967850804328918,-0.30423110723495483,-0.08853273359909508,0.1500159502029419,-0.2503474950790405,-0.10759126661196206,0.025415688753128052,-0.31096476316452026,-0.009681684764473175,0.04758301377296448,-0.43654564023017883,-0.03652881724610779,0.07178598642349243,-0.5104056000709534,-0.06158970562592003,0.09372833371162415,-0.5755335688591003,-0.07808875558748696,-0.017591774463653564,-0.30668574571609497,-0.02768194941654656,-0.00789254903793335,-0.42121025919914246,-0.051715033928303455,0.011768758296966553,-0.48925432562828064,-0.06512431321516488,0.033899784088134766,-0.5453606843948364,-0.07086460558548424,-0.061772316694259644,-0.2765735983848572,-0.049651007036118244,-0.07375195622444153,-0.36243194341659546,-0.06394372401609871,-0.07475346326828003,-0.4267215430736542,-0.06482569394484017,-0.06892235577106476,-0.4850008487701416,-0.0626954388417289,-1.2829757377035744,0.41782784352672303,-1.3181115605450993,-1.3583136610758566,-1.6050876024651164,0.0263589430513823,0.3388924209682534,0.3306990109408697,0.34174152322366425,0.33002163315571326,0.317042183160978,0.32093017655130024,0.06700640496955608,0.18614891940567327,0.11922961964992158,F
0.0,0.0,0.0,0.07781365513801575,-0.059054791927337646,-0.024078842870011385,0.13616043329238892,-0.12075340747833252,-0.03876300217868334,0.17436307668685913,-0.1724819540977478,-0.05776621463061815,0.17256295680999756,-0.23531603813171387,-0.07352646129490381,0.06463134288787842,-0.28024446964263916,-0.00030703811259513714,0.11297035217285156,-0.34266674518585205,-0.049897462747111376,0.13955500721931458,-0.3002011179924011,-0.09281293737055307,0.15005210041999817,-0.24613118171691895,-0.11300665574432855,0.022553473711013794,-0.3043292164802551,-0.009593225701763686,0.04467234015464783,-0.4300665259361267,-0.03573777960897928,0.06847479939460754,-0.5066694617271423,-0.06092255251766687,0.09019818902015686,-0.5743836164474487,-0.07786791460873133,-0.020142510533332825,-0.3011717200279236,-0.02756381469131952,-0.009423047304153442,-0.4168415069580078,-0.050871536753192004,0.010239183902740479,-0.4866752624511719,-0.06504694061638361,0.030854374170303345,-0.5436182916164398,-0.07170989053608423,-0.06434547901153564,-0.2730749845504761,-0.049852416536822375,-0.07521529495716095,-0.35767698287963867,-0.06348200576664453,-0.07578675448894501,-0.4218047857284546,-0.06447761940123087,-0.07063645124435425,-0.47955602407455444,-0.06286693798662668,-1.263133751475944,0.3799510398513693,-1.3253607611058102,-1.363475857937359,-1.6012544587051685,0.02497410631393602,0.3489280407734113,0.33931048008794434,0.3446724862987269,0.3336647293562518,0.3204788269128973,0.32123292774153234,0.06684454781723928,0.18670847271683869,0.12001817264879769,F
0.0,0.0,0.0,0.0768904983997345,-0.053434669971466064,-0.026877574926714942,0.13781768083572388,-0.11764127016067505,-0.04206216179440503,0.17761841416358948,-0.17172908782958984,-0.06080045395205502,0.17408734560012817,-0.23161792755126953,-0.07611079730699544,0.06808722019195557,-0.27863746881484985,-0.004885697575758741,0.11700445413589478,-0.3411937355995178,-0.05536435761163716,0.14301559329032898,-0.2996448278427124,-0.09737159528444295,0.1519530713558197,-0.24412298202514648,-0.11653510697792058,0.023641467094421387,-0.3031601905822754,-0.013254833711783931,0.04476556181907654,-0.43056559562683105,-0.040274324199657485,0.0672423243522644,-0.5063207745552063,-0.06434446044872288,0.08740746974945068,-0.5737030506134033,-0.0800336024970818,-0.020526155829429626,-0.29897528886795044,-0.030494984543423698,-0.010852158069610596,-0.4165733754634857,-0.05531753443787579,0.008798271417617798,-0.48622941970825195,-0.07004793950031285,0.029492586851119995,-0.5450208187103271,-0.07683662541816716,-0.06608171761035919,-0.26881736516952515,-0.052176663956146285,-0.07804170250892639,-0.3539099097251892,-0.0675715453238297,-0.07930268347263336,-0.4176024794578552,-0.07004241862009053,-0.07408526539802551,-0.4766770601272583,-0.06938351907442097,-1.262708772111825,0.3904183081503564,-1.3393244289930288,-1.370238742748567,-1.6092818828622792,0.025422479889202144,0.3528960644409683,0.34515071554980153,0.34877445908285337,0.33584096875957253,0.3248631687140718,0.32430653543271043,0.06462819886140413,0.18839837137096063,0.124093677573866,F
0.0,0.0,0.0,0.07769453525543213,-0.05509305000305176,-0.025974331908315662,0.14148420095443726,-0.12081873416900635,-0.03860236752817059,0.17717137932777405,-0.17379963397979736,-0.05410367671439076,0.16526243090629578,-0.22780472040176392,-0.06628236968109036,0.06441187858581543,-0.2763937711715698,-0.005702677667528633,0.10994607210159302,-0.3415462374687195,-0.053281791992873195,0.1365799903869629,-0.300453245639801,-0.09339771468231106,0.14758580923080444,-0.24652361869812012,-0.1115449373800459,0.018505513668060303,-0.3013042211532593,-0.013819625154525284,0.03875407576560974,-0.4259897470474243,-0.03792020726987744,0.0627259910106659,-0.5042759776115417,-0.061305225380152706,0.08349645137786865,-0.5716226994991302,-0.07704279620239163,-0.027150869369506836,-0.2983875274658203,-0.030580813549846653,-0.018878191709518433,-0.4124852120876312,-0.05362028677055264,-0.0014072954654693604,-0.48187077045440674,-0.0705661182481947,0.017781108617782593,-0.538068950176239,-0.07921660739967251,-0.07391917705535889,-0.2695683240890503,-0.051474377997607235,-0.09695641696453094,-0.35111820697784424,-0.06641580212900067,-0.10885515809059143,-0.4137785732746124,-0.070451066382617,-0.11231084167957306,-0.47158917784690857,-0.07108475316354657,-1.3520956151474448,0.3447841048480648,-1.334850869083677,-1.385481784960548,-1.758595071437056,0.02574606974448289,0.3534069582773381,0.3435325788066054,0.36942899635227955,0.33135608961910357,0.3191362414517074,0.343803395953832,0.07378590900503307,0.21987997059447767,0.14609406442812542,F
0.0,0.0,0.0,0.07865291833877563,-0.0547868013381958,-0.02765124137880548,0.14184710383415222,-0.11953127384185791,-0.041520793320557914,0.17781579494476318,-0.17342084646224976,-0.05868512052478536,0.16867700219154358,-0.23079460859298706,-0.07260649311723455,0.0661572813987732,-0.278289794921875,-0.004637644490173898,0.11038467288017273,-0.34418636560440063,-0.053400263519904456,0.1369897425174713,-0.3025619387626648,-0.09426194834890111,0.1478745937347412,-0.2475292682647705,-0.1124952550548528,0.020729005336761475,-0.302717924118042,-0.012491400683245502,0.03937461972236633,-0.4281097650527954,-0.0363841879683946,0.06281724572181702,-0.5069709420204163,-0.05894776839198812,0.08312168717384338,-0.5763806402683258,-0.0740537907499288,-0.025164932012557983,-0.2988336682319641,-0.029634975226542792,-0.0166168212890625,-0.41299962997436523,-0.05317712980689748,0.001671433448791504,-0.48316460847854614,-0.06928486782493337,0.02030739188194275,-0.5413607954978943,-0.0772057961243604,-0.07297468185424805,-0.26966822147369385,-0.05121979522886022,-0.09563657641410828,-0.3515937328338623,-0.06760383057775243,-0.10767768323421478,-0.4151655435562134,-0.07184169846954092,-0.1127898246049881,-0.4744958281517029,-0.07226055520953878,-1.3341749207046716,0.3600203360507569,-1.3466366795416118,-1.3854544012909569,-1.7627857869982797,0.026698109145294503,0.3560188439070131,0.34418730033526307,0.37230882208364896,0.33516587501818423,0.32032851478552854,0.34562951016268545,0.0719167937325018,0.22082082190660096,0.14894896070391422,F
0.0,0.0,0.0,0.07787981629371643,-0.05669146776199341,-0.02802248644189831,0.14351710677146912,-0.12595099210739136,-0.042599823051261865,0.18126413226127625,-0.18048346042633057,-0.06054499717907902,0.1681925356388092,-0.23199284076690674,-0.07540397691087719,0.06635424494743347,-0.28717607259750366,-0.007620679405647479,0.11232465505599976,-0.3512510061264038,-0.057387117021846734,0.1366952359676361,-0.3067585229873657,-0.0988145803149223,0.14519822597503662,-0.2512337565422058,-0.11830646889762875,0.01961606740951538,-0.3106665015220642,-0.01721550869302746,0.03715488314628601,-0.43634846806526184,-0.04360768916563984,0.058505862951278687,-0.5146842002868652,-0.06847342448787685,0.0772564709186554,-0.5835423767566681,-0.08562510060625073,-0.02734263241291046,-0.30401498079299927,-0.03602147819952961,-0.018642842769622803,-0.4198838174343109,-0.06300638961153027,0.0006699860095977783,-0.48989054560661316,-0.08237199085311886,0.0210798978805542,-0.5485756993293762,-0.0927861367400169,-0.07505835592746735,-0.27095526456832886,-0.05907710241632458,-0.09863430261611938,-0.3548968434333801,-0.07898383187608715,-0.11026258766651154,-0.41960084438323975,-0.08633564757661816,-0.11424031853675842,-0.4810234010219574,-0.08936590301351544,-1.342169666135248,0.4277216441080644,-1.3626234562872046,-1.375326517209723,-1.7551976394990525,0.029982513516808727,0.3631204264722718,0.3490943060603769,0.3765428754586944,0.33918299065398466,0.3222073715938518,0.34657126119822645,0.06617005280796896,0.2172122481754316,0.15124441800556748,F
0.0,0.0,0.0,0.07668700814247131,-0.057653069496154785,-0.028206518762033284,0.13924536108970642,-0.12632626295089722,-0.04467013935021669,0.17764058709144592,-0.18048131465911865,-0.06520420769624025,0.17013120651245117,-0.2351197600364685,-0.08268596688679963,0.06797394156455994,-0.2905545234680176,-0.007604023352485001,0.11294379830360413,-0.35310155153274536,-0.058096279300968945,0.1396728754043579,-0.30997204780578613,-0.09959263066224366,0.15015769004821777,-0.25197672843933105,-0.11882526884249955,0.020812690258026123,-0.31451189517974854,-0.017781025640886128,0.03797683119773865,-0.44124487042427063,-0.043373391874354184,0.05832555890083313,-0.519584596157074,-0.06576940128974229,0.07671234011650085,-0.5881835520267487,-0.08078916827611238,-0.026401624083518982,-0.30736666917800903,-0.037461259313147366,-0.018600016832351685,-0.4242193102836609,-0.06373131731919557,0.0009409189224243164,-0.4940788745880127,-0.07998706112078935,0.021760612726211548,-0.5520970821380615,-0.08813810805253297,-0.07465992867946625,-0.27233731746673584,-0.06174987266234666,-0.09838254749774933,-0.356259286403656,-0.08217215249709398,-0.10964886844158173,-0.4209345579147339,-0.08833247879914552,-0.11316590011119843,-0.48223844170570374,-0.08994477698973924,-1.2941801742204277,0.43887674629157075,-1.3693098226001859,-1.3764823618763418,-1.752227175095442,0.02613615778346368,0.36521380835513356,0.349983507935986,0.3759320330209602,0.34413550769040574,0.3264322842016156,0.3497996136801889,0.06574135420117078,0.21743530650036175,0.15193878211148468,F
0.0,0.0,0.0,0.07463720440864563,-0.05683755874633789,-0.028368947769848774,0.14230960607528687,-0.12727707624435425,-0.0445645057813806,0.18554681539535522,-0.18235021829605103,-0.06442569729253478,0.1725042164325714,-0.23915314674377441,-0.0806207933680696,0.07013052701950073,-0.2971673011779785,-0.00881488967999644,0.11882627010345459,-0.36145251989364624,-0.06143315296932883,0.14194735884666443,-0.31194865703582764,-0.10417701091930098,0.14897212386131287,-0.2524545192718506,-0.12365834947988219,0.023002952337265015,-0.3211864233016968,-0.018908012400714824,0.04192477464675903,-0.44743552803993225,-0.04650738623305983,0.06327241659164429,-0.5265688896179199,-0.07053180571958251,0.08179768919944763,-0.5965250730514526,-0.0864920445935411,-0.024079889059066772,-0.31392961740493774,-0.03848720874950118,-0.01551365852355957,-0.4310756325721741,-0.06573105391427703,0.003550887107849121,-0.5014575719833374,-0.08235730763837523,0.023984193801879883,-0.560964435338974,-0.09051650550529189,-0.07104845345020294,-0.2785124182701111,-0.06267073538467116,-0.09498021006584167,-0.36175811290740967,-0.08266881641313262,-0.10693691670894623,-0.42774173617362976,-0.08859166290923781,-0.11111049354076385,-0.49086225032806396,-0.08994979944392867,-1.3071838742799289,0.5158933866794583,-1.3604198238524423,-1.378633110011628,-1.7572651938960735,0.027031202191410968,0.3687036313837362,0.3544301095978218,0.3792028171578709,0.35056661371320463,0.3328668667384683,0.3528189537171817,0.06787458437885822,0.2199504468602078,0.15220016718621082,F
0.0,0.0,0.0,0.07609167695045471,-0.05368679761886597,-0.02846358468681842,0.14540532231330872,-0.11988723278045654,-0.0460165714278844,0.19066840410232544,-0.17098957300186157,-0.06717477863580257,0.17857110500335693,-0.2300034761428833,-0.08501763021499187,0.07921203970909119,-0.2899402379989624,-0.013804100769760907,0.12678658962249756,-0.35442501306533813,-0.06905736898929149,0.14625343680381775,-0.2999213933944702,-0.11317256962806255,0.1509329080581665,-0.2381095290184021,-0.13360554849654704,0.03207084536552429,-0.31542396545410156,-0.02463130591362983,0.05202668905258179,-0.44082722067832947,-0.05410755922943622,0.07343211770057678,-0.5196113586425781,-0.07981512820273906,0.09319564700126648,-0.5927653908729553,-0.09723650043756038,-0.016291648149490356,-0.30907511711120605,-0.044573710615935624,-0.00619390606880188,-0.4233875274658203,-0.07292879497558147,0.012971296906471252,-0.49407708644866943,-0.0905485091164735,0.03390038013458252,-0.5556870996952057,-0.09975932663232356,-0.06423741579055786,-0.27318668365478516,-0.06897107636481792,-0.08993925154209137,-0.35309791564941406,-0.08957719927579433,-0.10192054510116577,-0.4181597828865051,-0.09593950336724788,-0.10693199932575226,-0.4798462986946106,-0.09775107478648692,-1.2782492182127214,0.6257809892106895,-1.3538688133171581,-1.3700123892958702,-1.7745239108662005,0.028802396143408626,0.3726730143271642,0.3563698097261151,0.3793856330466035,0.35932488316584554,0.3384555007518191,0.353455762824155,0.06993374256718465,0.2297864143128871,0.15995495053567924,F
0.0,0.0,0.0,0.0759916603565216,-0.052594661712646484,-0.03060870299788121,0.14445802569389343,-0.11934125423431396,-0.04886476191433076,0.1874035894870758,-0.171420156955719,-0.07056679445059899,0.17623579502105713,-0.22651314735412598,-0.08898357915433053,0.07711547613143921,-0.2866935729980469,-0.014771565410512721,0.12488806247711182,-0.3498702645301819,-0.07076687979252938,0.14666035771369934,-0.2934683561325073,-0.11616144942792062,0.15288051962852478,-0.23239797353744507,-0.1375775622084916,0.030025601387023926,-0.3098651170730591,-0.025052076752501762,0.04865264892578125,-0.43445098400115967,-0.05522931980641488,0.06998267769813538,-0.5130371153354645,-0.08251470940859917,0.08923673629760742,-0.5861226320266724,-0.10164738314898614,-0.0186043381690979,-0.3017508387565613,-0.04466989132316712,-0.008997350931167603,-0.4175265431404114,-0.07366467135699395,0.010422810912132263,-0.48875999450683594,-0.09293321388514642,0.031250372529029846,-0.5512997508049011,-0.10365108269007806,-0.06720040738582611,-0.26531362533569336,-0.06894333529027108,-0.08921803534030914,-0.34823423624038696,-0.08986645060332421,-0.09904102981090546,-0.4137338399887085,-0.09703867005856637,-0.10265927016735077,-0.47713804244995117,-0.09998196231873635,-1.2825424509011547,0.6218009028895242,-1.3596576701920742,-1.373612973101211,-1.7366559316467263,0.024085266614029936,0.3699835370462051,0.35567838072658103,0.3749603918125749,0.3594045981620063,0.3413095900026645,0.3538336975193551,0.06763912654438549,0.2206846575147571,0.15307433290136194,F
0.0,0.0,0.0,0.07816857099533081,-0.05307191610336304,-0.030010954040022852,0.14853623509407043,-0.121826171875,-0.04821717229756928,0.1881500780582428,-0.17934393882751465,-0.07001882282170868,0.1673024594783783,-0.2366410493850708,-0.08841178056869126,0.07966876029968262,-0.2875019907951355,-0.010256018052729132,0.12459227442741394,-0.34957796335220337,-0.06579606470737076,0.1417231559753418,-0.2940570116043091,-0.11089689520272827,0.14504241943359375,-0.23310327529907227,-0.1319118314710579,0.03372105956077576,-0.31154316663742065,-0.019715626287194254,0.05301558971405029,-0.4353235960006714,-0.04889833790335274,0.07313206791877747,-0.5119189620018005,-0.07436012712392426,0.0924558937549591,-0.5835327506065369,-0.09185332295569992,-0.013050958514213562,-0.305478036403656,-0.03870522839102364,-0.0016550123691558838,-0.4189136326313019,-0.06551553544673538,0.018637508153915405,-0.4865455627441406,-0.08061211046847916,0.04072922468185425,-0.5470448136329651,-0.08833945033225632,-0.0607990026473999,-0.27268534898757935,-0.06263833728704071,-0.07505562901496887,-0.3579397201538086,-0.08012351629409409,-0.07780227065086365,-0.42351576685905457,-0.08400201288137055,-0.07444149255752563,-0.4863724410533905,-0.0848180973258934,-1.4087812701588651,0.6940216589900664,-1.3581169422553538,-1.3517381495143377,-1.6345531009109031,0.022539414994160217,0.35487442959011994,0.33521825819325285,0.34757144061406015,0.35435315695957137,0.33081797425588205,0.3351394604411927,0.06330100977066519,0.19311878031512625,0.13017461697223429,F
0.0,0.0,0.0,0.07759878039360046,-0.05018883943557739,-0.030923413436397595,0.14866334199905396,-0.11535018682479858,-0.04887239481089978,0.19369539618492126,-0.17155981063842773,-0.06982739115832715,0.18116387724876404,-0.23225051164627075,-0.08723210389493374,0.08521685004234314,-0.2825567126274109,-0.012571943316146417,0.1320091187953949,-0.34702998399734497,-0.06636261041043667,0.1503237783908844,-0.2954103946685791,-0.10974931563018231,0.15562200546264648,-0.23877835273742676,-0.12984335268615155,0.039810910820961,-0.30702120065689087,-0.02038229475496678,0.06187206506729126,-0.4339653551578522,-0.049486169915184064,0.08108079433441162,-0.5101312100887299,-0.07417090828298001,0.10000205039978027,-0.5827033817768097,-0.0907916411268559,-0.005719214677810669,-0.3019956350326538,-0.03720474089263348,0.005298227071762085,-0.4121893644332886,-0.06283634002087979,0.024538040161132812,-0.48138701915740967,-0.07578135872958569,0.04528433084487915,-0.5439660251140594,-0.08180167372105984,-0.053028494119644165,-0.2705674171447754,-0.05912689710734753,-0.06414954364299774,-0.35560059547424316,-0.07424250091193585,-0.06598185002803802,-0.4205387234687805,-0.07517553712008862,-0.06353317201137543,-0.48187798261642456,-0.07368250037310986,-1.299625358369059,0.5562993296491122,-1.3558344655386991,-1.3630531324254662,-1.6204674699355497,0.026362851204865013,0.3597283090336328,0.3400438390375757,0.34955760638208705,0.3483934629136081,0.32452105911746804,0.3273017290833884,0.06704186478989027,0.19211853134176607,0.12528437232575773,F
0.0,0.0,0.0,0.08302819728851318,-0.057418107986450195,-0.025659087621662025,0.15002542734146118,-0.11918079853057861,-0.044147582300993804,0.19259092211723328,-0.17350739240646362,-0.06718485573777855,0.18622341752052307,-0.23711395263671875,-0.08669434259185493,0.08563408255577087,-0.2878383994102478,-0.005693448749426011,0.12994816899299622,-0.3536275029182434,-0.0597747764969796,0.14964953064918518,-0.29990166425704956,-0.10429553458938301,0.15635031461715698,-0.23767966032028198,-0.12506358096847237,0.041640788316726685,-0.3097098469734192,-0.015158840031418208,0.061744630336761475,-0.4424262046813965,-0.0436932123685807,0.07859507203102112,-0.5169740915298462,-0.067364459433648,0.09787923097610474,-0.5873871743679047,-0.08338098744401634,-0.002047792077064514,-0.30458056926727295,-0.03336475560912788,0.009268254041671753,-0.42183154821395874,-0.056709801354500655,0.03166395425796509,-0.4917968809604645,-0.0654508150602311,0.056493550539016724,-0.5524812638759613,-0.06901032994041145,-0.047010600566864014,-0.27545595169067383,-0.056548630395028,-0.056826889514923096,-0.36199843883514404,-0.06767016420612038,-0.0532841682434082,-0.42917826771736145,-0.06465784976730049,-0.04423053562641144,-0.49109092354774475,-0.06081372270831764,-1.2729879775163366,0.6169376685992374,-1.3709676934672688,-1.3388963837259318,-1.5579045824645545,0.029878458833386,0.3612423357777152,0.3410078875705203,0.3429479935415713,0.3545620016351543,0.3302596295846413,0.32318716839468,0.05414053132831567,0.17166290713442078,0.1179581087482961,F
0.0,0.0,0.0,0.08104406297206879,-0.05792170763015747,-0.024818651147057835,0.1472669094800949,-0.12025231122970581,-0.041057297728826825,0.1903340071439743,-0.1725560426712036,-0.06170263677077514,0.19031848013401031,-0.23355042934417725,-0.07868547900753242,0.08484713733196259,-0.2883813977241516,-0.0048333073517881076,0.12905223667621613,-0.3513419032096863,-0.05653931736188156,0.15076766908168793,-0.3011438846588135,-0.10016245558099968,0.1619342714548111,-0.24457186460494995,-0.1213982866628669,0.04189898073673248,-0.31218940019607544,-0.014784662753214661,0.061538442969322205,-0.44359099864959717,-0.04293923243122322,0.07887376844882965,-0.5177863240242004,-0.06693454249935371,0.0992283970117569,-0.5874440371990204,-0.08313470496969444,-0.0007615387439727783,-0.3082946538925171,-0.03322092606859428,0.010856524109840393,-0.42475587129592896,-0.05736915557818634,0.032803937792778015,-0.4939561188220978,-0.06667436077432853,0.05793248116970062,-0.5533919930458069,-0.0700127349718116,-0.04472166299819946,-0.2795577645301819,-0.05650211661296112,-0.053890615701675415,-0.36769914627075195,-0.06946300133304817,-0.05213503539562225,-0.43505212664604187,-0.06719962670641166,-0.044521182775497437,-0.4963221549987793,-0.0631859989388488,-1.2076625380410275,0.5167934443276191,-1.3654542100969402,-1.3357503796575885,-1.5698714508726783,0.03044889714836536,0.36542863725183955,0.3461570143632537,0.3524182842574271,0.34855896693249205,0.3258623085180848,0.32557958058640657,0.05352470809118529,0.17019735340106443,0.11727625365140862,F
0.0,0.0,0.0,0.07778564095497131,-0.05986618995666504,-0.025144914273965924,0.14171013236045837,-0.1319597363471985,-0.04315727401231584,0.187022864818573,-0.1894335150718689,-0.06646834138487634,0.182851642370224,-0.25128018856048584,-0.08549430045937356,0.07733911275863647,-0.3028983473777771,-0.003117395208079188,0.12217065691947937,-0.36792123317718506,-0.060339866314876645,0.14680302143096924,-0.31013357639312744,-0.10753479424570855,0.15798574686050415,-0.24855542182922363,-0.12853639397476968,0.03475223481655121,-0.3269476890563965,-0.0131819584563857,0.05326038599014282,-0.453701376914978,-0.040453786139238446,0.06917271018028259,-0.5282179713249207,-0.06284417036627588,0.08789670467376709,-0.603423684835434,-0.07635108206127939,-0.006493523716926575,-0.31940531730651855,-0.032542081658590405,0.004249557852745056,-0.4304576516151428,-0.054158648584831326,0.02563709020614624,-0.505338728427887,-0.0610147548065072,0.04694795608520508,-0.5708162486553192,-0.061946617548215954,-0.04736731946468353,-0.2851557731628418,-0.05722172382925805,-0.05032581090927124,-0.3729100823402405,-0.06824769649361428,-0.04466238617897034,-0.4418545067310333,-0.06404764029835519,-0.03595621883869171,-0.5001894533634186,-0.057340787832487194,-1.2387628766696657,0.5929523091866431,-1.3808917193679149,-1.361347543556824,-1.5177794820625843,0.025014737920675864,0.36472110188702056,0.3472363829537248,0.3314101721908315,0.36172359326383324,0.34085397384642274,0.3176998141098296,0.052345438246417575,0.1612353968897668,0.10890934961249248,F
0.0,0.0,0.0,0.07796333730220795,-0.05833852291107178,-0.02340922042810689,0.14523731172084808,-0.12860625982284546,-0.03985144108617078,0.1901647299528122,-0.18607813119888306,-0.06170783847653638,0.1812879890203476,-0.24682384729385376,-0.07959743872368108,0.08114014565944672,-0.30049794912338257,-0.0006529891778654928,0.1251693218946457,-0.36582261323928833,-0.056455316991446125,0.14722146093845367,-0.30670011043548584,-0.10228070154869329,0.1583564132452011,-0.2463754415512085,-0.12330393776380788,0.039464548230171204,-0.32314831018447876,-0.011831468940613377,0.05795459449291229,-0.44986048340797424,-0.04139657229268323,0.07216472923755646,-0.5254866480827332,-0.0660972251006342,0.08874155580997467,-0.6007897257804871,-0.08153679505073796,-0.0021559447050094604,-0.3165574073791504,-0.03195991277777921,0.010847315192222595,-0.4310802221298218,-0.05688228741371404,0.03160351514816284,-0.5013476610183716,-0.06526513680898915,0.05323536694049835,-0.5637331902980804,-0.06686907544815313,-0.04442882537841797,-0.285649836063385,-0.056901383251783955,-0.044190049171447754,-0.3781282901763916,-0.07032759025776159,-0.03667500615119934,-0.44548487663269043,-0.06723143443548452,-0.024923175573349,-0.5043022632598877,-0.06144662484609853,-1.2748027239690982,0.6113438532091587,-1.3951411489595162,-1.3503416921188856,-1.4818233720958573,0.022935959435814373,0.36586429920501407,0.34180258294064325,0.32987600563161096,0.3611865352438803,0.3343147843962007,0.31641373711366827,0.051321304250708445,0.14909561222285245,0.09818753921199917,F
0.0,0.0,0.0,0.08061251044273376,-0.0601155161857605,-0.022756217734780648,0.1448388397693634,-0.13183969259262085,-0.04006008500036273,0.18974003195762634,-0.18749362230300903,-0.0632150068300632,0.18053323030471802,-0.24943780899047852,-0.08238554442104373,0.07690221071243286,-0.3019378185272217,-0.0018833370300797014,0.1202172338962555,-0.3683643937110901,-0.05971810290392909,0.14466765522956848,-0.3090921640396118,-0.10769986802515064,0.1567244827747345,-0.2464248538017273,-0.12962652439054523,0.03431415557861328,-0.32482028007507324,-0.013687865564492085,0.04989883303642273,-0.4496367573738098,-0.04133832523402248,0.06451070308685303,-0.5235933661460876,-0.06509614432033572,0.08236733078956604,-0.5983781218528748,-0.08032635295566593,-0.0069366395473480225,-0.3160967230796814,-0.034603756608333924,-0.0007178038358688354,-0.42411327362060547,-0.056286931725111344,0.016524523496627808,-0.4972422122955322,-0.06329002672609363,0.035130977630615234,-0.5624204874038696,-0.06512269818958316,-0.04615458846092224,-0.2808077931404114,-0.06069473990973506,-0.05127759277820587,-0.36521339416503906,-0.07172327929910693,-0.04461905360221863,-0.4302294850349426,-0.06782084399637256,-0.03403644263744354,-0.48540589213371277,-0.06198694998201404,-1.2761054453132041,0.6076705171964567,-1.3969103273221788,-1.401646422102883,-1.5116364168501366,0.023998632417617453,0.36248570422587134,0.34510863806854186,0.3189374245973628,0.3597222385997678,0.3385826648676101,0.3057804234190679,0.05936517948196065,0.16221147664627705,0.10351511923948277,F
0.0,0.0,0.0,0.07922184467315674,-0.05492335557937622,-0.02376650205691533,0.14710599184036255,-0.12529414892196655,-0.041013692755896614,0.1924341320991516,-0.18185794353485107,-0.06360385685105996,0.18614381551742554,-0.24395722150802612,-0.08232614516158776,0.08516532182693481,-0.29884177446365356,-0.006081470538575218,0.12952658534049988,-0.36507242918014526,-0.0655338776006289,0.14994195103645325,-0.29873645305633545,-0.11409202336211877,0.15897628664970398,-0.23348838090896606,-0.13692898421426491,0.04313831031322479,-0.32194459438323975,-0.018451190803844497,0.0610540509223938,-0.4488980174064636,-0.05128955959220605,0.074862539768219,-0.5257428884506226,-0.07955487190623955,0.09009632468223572,-0.6026207506656647,-0.09806835769553857,0.0005265921354293823,-0.3132018446922302,-0.039465503086049125,0.01239156723022461,-0.4301932454109192,-0.06687919168611245,0.03122347593307495,-0.5013317167758942,-0.07790965705056863,0.05239805579185486,-0.5673701167106628,-0.0819782552017756,-0.04284483194351196,-0.27858251333236694,-0.06508698432584481,-0.0462055504322052,-0.37075507640838623,-0.08059105395217614,-0.03922373056411743,-0.43793225288391113,-0.07952017455239968,-0.026765838265419006,-0.4986434578895569,-0.07566937922378258,-1.2529685256376606,0.7246988452044899,-1.405028400081848,-1.3694777539140388,-1.4978598426707195,0.02911479431950383,0.3713012895796998,0.3499768978488748,0.3319572256724045,0.375503868905283,0.35047957543164054,0.3237396358442509,0.05161169122941996,0.1564226407584677,0.10483451604802677,F
0.0,0.0,0.0,0.08155927062034607,-0.059155285358428955,-0.02051466481771058,0.15038737654685974,-0.12848174571990967,-0.036074241269488994,0.18945538997650146,-0.18648773431777954,-0.057131679374833766,0.1782323718070984,-0.24625235795974731,-0.07432560773577279,0.08595463633537292,-0.302257776260376,-0.0015276212898243102,0.1268557906150818,-0.36663585901260376,-0.05764466302480287,0.1446177363395691,-0.30012476444244385,-0.1041913941689927,0.15323778986930847,-0.23606348037719727,-0.1265147715994317,0.042448222637176514,-0.32317256927490234,-0.015363786947091285,0.0597003698348999,-0.4500631093978882,-0.04771900700416154,0.07306364178657532,-0.5266039073467255,-0.07651896925654,0.08795154094696045,-0.6011630296707153,-0.09570013137545175,-0.0015977174043655396,-0.3151487708091736,-0.03743969427432603,0.010949909687042236,-0.43290865421295166,-0.06444960238422937,0.02948206663131714,-0.5046955645084381,-0.07637435348715371,0.051046475768089294,-0.5699707567691803,-0.08123205753054208,-0.04642373323440552,-0.2819059491157532,-0.06371084751572198,-0.047741517424583435,-0.3758012652397156,-0.07766834797348565,-0.04043148458003998,-0.4435964822769165,-0.07612985523428506,-0.027916789054870605,-0.5047253370285034,-0.07251095922674722,-1.338625701824561,0.7772407292901321,-1.4085485498815278,-1.3670703794500663,-1.4879284845413403,0.026991523718328407,0.366213343988347,0.34780720791695613,0.330614212387749,0.3708907860714267,0.3491949797824221,0.32403113227670516,0.04832123471746728,0.15075045094316286,0.10243125494026716,F
0.0,0.0,0.0,0.08342906832695007,-0.06249809265136719,-0.021259077158120476,0.15029659867286682,-0.12871456146240234,-0.03779886875703653,0.19257104396820068,-0.185214102268219,-0.0601426607783111,0.18240952491760254,-0.24717026948928833,-0.07865995381429514,0.08731776475906372,-0.3009384274482727,-7.741803996452745e-05,0.13059833645820618,-0.3658926486968994,-0.05619777206733545,0.14938101172447205,-0.30345606803894043,-0.10272053096845468,0.15797477960586548,-0.2389320731163025,-0.12531697962835153,0.04526156187057495,-0.3231574296951294,-0.013513182554689251,0.062268808484077454,-0.4500768184661865,-0.04588656340196451,0.0761793851852417,-0.5258533954620361,-0.07435412172630151,0.09155109524726868,-0.5976989269256592,-0.09344010267808756,0.002336069941520691,-0.3163217306137085,-0.03560716871574243,0.012384504079818726,-0.43351301550865173,-0.06348123614147028,0.03263336420059204,-0.5033378899097443,-0.07590455774619898,0.05589473247528076,-0.5646872520446777,-0.08113387439802011,-0.042441874742507935,-0.2846996784210205,-0.06202783275797685,-0.04809296131134033,-0.37429749965667725,-0.07752664599969705,-0.040949150919914246,-0.4399319887161255,-0.07752453748538812,-0.027526885271072388,-0.4992803633213043,-0.07505525861337503,-1.3060627907934519,0.7202827453801892,-1.4037606540713523,-1.3584042093506328,-1.5014003360281527,0.0257861330549839,0.3621126812558539,0.34179383686339815,0.32807437530976946,0.36486403116234245,0.34137482716339845,0.3196749910217933,0.0485916338948921,0.15448553041068558,0.10600578946402132,F
0.0,0.0,0.0,0.08714932203292847,-0.0616152286529541,-0.020224373027332376,0.1540958285331726,-0.12635469436645508,-0.036418966188676904,0.19631481170654297,-0.1827085018157959,-0.058728161438949655,0.18514028191566467,-0.2468755841255188,-0.07727025000716026,0.09247729182243347,-0.3012327551841736,0.0033981602791470777,0.1338828206062317,-0.3645286560058594,-0.05250789149070556,0.15169364213943481,-0.30678999423980713,-0.09886880515480811,0.158448725938797,-0.24149209260940552,-0.12090710847044761,0.049236953258514404,-0.32550573348999023,-0.009621439672656606,0.06802044808864594,-0.4545851945877075,-0.04045372007752235,0.08203110098838806,-0.52951779961586,-0.06656493543053443,0.09780120849609375,-0.5987831056118011,-0.0834436669793206,0.0059784650802612305,-0.32074248790740967,-0.03152064157987411,0.017105787992477417,-0.439464807510376,-0.0573123797621804,0.03721627593040466,-0.5085407197475433,-0.06651650665665443,0.06010136008262634,-0.5672994554042816,-0.06925768701697166,-0.03984561562538147,-0.2901571989059448,-0.05789531318808372,-0.04512938857078552,-0.37913525104522705,-0.07105697242880638,-0.037126898765563965,-0.4427209496498108,-0.06857351510191734,-0.023236796259880066,-0.4995831251144409,-0.06408004759217079,-1.3186910563258856,0.7358748708955021,-1.3949219300635596,-1.3547089018963687,-1.4916555534950628,0.027229049586247483,0.3625838074492675,0.3439566677045785,0.32753947545547063,0.36240169611115375,0.3403272572424952,0.3156273277714102,0.04911719455331163,0.15649547829245353,0.10738132840718091,F
0.0,0.0,0.0,0.08476376533508301,-0.0597606897354126,-0.020654504988883104,0.15377327799797058,-0.12691646814346313,-0.0374660658282977,0.19640645384788513,-0.18330341577529907,-0.0597845966560584,0.18403232097625732,-0.24533063173294067,-0.07906958634087857,0.09313857555389404,-0.29670435190200806,-0.004006040618364182,0.13346722722053528,-0.3622269034385681,-0.058161554728243914,0.15153327584266663,-0.30263644456863403,-0.10279097581336316,0.16049614548683167,-0.23993420600891113,-0.12499927902648267,0.04943057894706726,-0.31857234239578247,-0.018402453382108774,0.06616808474063873,-0.44912105798721313,-0.05072902688810643,0.08134669065475464,-0.5253407955169678,-0.07863450223634061,0.10003149509429932,-0.5985470414161682,-0.09812564576098737,0.004023492336273193,-0.3114662170410156,-0.04088955918381032,0.01471284031867981,-0.4312378168106079,-0.06919124150702771,0.0349583625793457,-0.5027826428413391,-0.08202894205281552,0.060368701815605164,-0.5665202438831329,-0.08837970519492444,-0.043467432260513306,-0.27836114168167114,-0.06742429161498364,-0.051479771733284,-0.36976563930511475,-0.082457953934167,-0.0440652072429657,-0.4381522536277771,-0.08238159293362912,-0.030127018690109253,-0.5004056692123413,-0.08103389466235456,-1.320614442821437,0.7003095080150061,-1.3919926225010861,-1.3533736212262057,-1.5107885561457637,0.02414690388567464,0.3630674466519419,0.34417358651863705,0.3330577990551367,0.3636744968593806,0.3415903176474961,0.3227732545676064,0.05097894595703662,0.16301217024693637,0.11207413802366745,F
0.0,0.0,0.0,0.08480693399906158,-0.05867576599121094,-0.019331586247460564,0.15291281044483185,-0.1253836750984192,-0.03482054237105103,0.19806860387325287,-0.18052101135253906,-0.055778507774846275,0.18980784714221954,-0.24410796165466309,-0.07332172680474969,0.0916682630777359,-0.2963545322418213,-0.0019000835513338643,0.13353331387043,-0.3599722981452942,-0.054798700546996315,0.1547207087278366,-0.30383169651031494,-0.09823053765870782,0.16467709839344025,-0.24195390939712524,-0.11936433303930016,0.049353256821632385,-0.31867122650146484,-0.01592944439329358,0.06885123252868652,-0.44998249411582947,-0.04665331233121606,0.08533768355846405,-0.5266423225402832,-0.07220800656654092,0.10367386043071747,-0.5982454419136047,-0.089468163138406,0.00531044602394104,-0.3122902512550354,-0.03796752605416032,0.01673053205013275,-0.4333649277687073,-0.0642429708299801,0.0361541211605072,-0.5040311217308044,-0.07408662576057168,0.05982236564159393,-0.5649856328964233,-0.07787781644441338,-0.04123680293560028,-0.27886730432510376,-0.06412914085962029,-0.048827603459358215,-0.36938178539276123,-0.07766449142076226,-0.04219658672809601,-0.437233030796051,-0.07565887708045693,-0.02982454001903534,-0.49794694781303406,-0.07226293224670144,-1.269495307682574,0.6403730474372927,-1.3788897925446348,-1.3583302958172474,-1.5187515229612079,0.025222895825072825,0.3644618204846284,0.3462061601163166,0.33566741930676114,0.36147621109123923,0.3396233345448868,0.3215016688332214,0.05503788232753791,0.1669778753053373,0.11194084595104507,F
0.0,0.0,0.0,0.08387574553489685,-0.05014193058013916,-0.024123439286682924,0.15274542570114136,-0.11271452903747559,-0.04131888942870887,0.19844645261764526,-0.16700667142868042,-0.0626062822535971,0.1902584433555603,-0.23125916719436646,-0.08056125016960891,0.09109270572662354,-0.2837168574333191,-0.01128944913003238,0.13251641392707825,-0.3498247265815735,-0.0638495084837416,0.1539001762866974,-0.2954627275466919,-0.10527777643952163,0.16495192050933838,-0.23562538623809814,-0.1252041158274153,0.04673898220062256,-0.3083510994911194,-0.022658180166814645,0.06753319501876831,-0.43676450848579407,-0.05598387466821464,0.08703088760375977,-0.5115745067596436,-0.08165864618572982,0.10886338353157043,-0.5828435122966766,-0.09850909533057006,0.0015937834978103638,-0.30249011516571045,-0.041651643534038385,0.01361924409866333,-0.42145341634750366,-0.06980054052624496,0.03416752815246582,-0.490238219499588,-0.08054743679318221,0.05991281569004059,-0.5508425831794739,-0.08464178415093215,-0.045596808195114136,-0.26865822076797485,-0.06479813875708373,-0.05320391058921814,-0.35767316818237305,-0.07929246099743636,-0.046280890703201294,-0.4242960512638092,-0.07815624745640548,-0.0328821986913681,-0.48304909467697144,-0.07539840759787353,-1.2643202604874184,0.577164629060514,-1.3482214145575826,-1.3401514968904116,-1.5115599695471518,0.025680419920713862,0.3608832324793869,0.34514278556016276,0.33643708730580063,0.3517191365904581,0.33225757295931946,0.316791461718216,0.058482626107011056,0.17335148071988296,0.11492115461212864,F
0.0,0.0,0.0,0.08563035726547241,-0.05321073532104492,-0.021102806579250455,0.1573050320148468,-0.11722874641418457,-0.0336281024179641,0.20184829831123352,-0.17479664087295532,-0.05019221457459366,0.19170665740966797,-0.23931646347045898,-0.06355056914307511,0.09497520327568054,-0.2807561159133911,-0.005363423868942618,0.13308417797088623,-0.3499692678451538,-0.05335934090234673,0.15326792001724243,-0.3002965450286865,-0.09193670752264893,0.16399434208869934,-0.24097782373428345,-0.11019619556881821,0.05132612586021423,-0.30598098039627075,-0.015992775585431218,0.07081001996994019,-0.43717724084854126,-0.04493409770347512,0.08980312943458557,-0.5139005184173584,-0.06799474361159241,0.10918426513671875,-0.5829027891159058,-0.08280986550070679,0.0061914920806884766,-0.3025864362716675,-0.033955790128487706,0.018089354038238525,-0.42374125123023987,-0.05924599247791207,0.037645965814590454,-0.49332737922668457,-0.06708967688300049,0.061058834195137024,-0.5505052208900452,-0.06844767185666001,-0.0422375351190567,-0.27257972955703735,-0.055897351380366445,-0.049830615520477295,-0.36284714937210083,-0.06833964588858521,-0.044986218214035034,-0.42835405468940735,-0.06461012366034424,-0.03503502905368805,-0.4850594401359558,-0.059138029839772344,-1.2961397028240609,0.5228385856871264,-1.364826163188169,-1.3529951666732964,-1.5369119182173803,0.027762070138500253,0.353357479610931,0.3375015503002044,0.3343671678868393,0.3462900900786877,0.3261946173304003,0.31494209950812757,0.05801430453140194,0.1742771521353025,0.11626341115155803,F
0.0,0.0,0.0,0.08525946736335754,-0.05338829755783081,-0.022943681333600807,0.1529894769191742,-0.1142115592956543,-0.038785917912065315,0.19959908723831177,-0.16938716173171997,-0.059190599475442696,0.18881180882453918,-0.23484867811203003,-0.07575250253492527,0.08969473838806152,-0.2841079831123352,-0.0058397746127241135,0.13263720273971558,-0.35049766302108765,-0.05852119461113148,0.15380290150642395,-0.2989487648010254,-0.09900086209589176,0.1637476086616516,-0.2380235195159912,-0.11718449578100376,0.04583689570426941,-0.31025463342666626,-0.017470728833615112,0.07079577445983887,-0.4411923289299011,-0.0486319868307703,0.09341961145401001,-0.5151138007640839,-0.07039088592344456,0.11719170212745667,-0.5840900540351868,-0.08338767871671848,0.0011177510023117065,-0.30721890926361084,-0.03757782116943531,0.012303203344345093,-0.4287523627281189,-0.06478413775974445,0.032001301646232605,-0.4960584044456482,-0.07283012405449085,0.05599907040596008,-0.5532160997390747,-0.07394149735981159,-0.047026172280311584,-0.2753946781158447,-0.06206955224686794,-0.05985194444656372,-0.3613736629486084,-0.07642625853830509,-0.05737932026386261,-0.42775148153305054,-0.07440483406597309,-0.04886765778064728,-0.4868040084838867,-0.06992450192981892,-1.2821465961959455,0.5566686478637748,-1.315889267915249,-1.351293597692245,-1.5795066279255405,0.02526447600378048,0.3565094365371009,0.34495947390917436,0.3463712132214763,0.34918404709743867,0.33310075071053674,0.32725675427015244,0.06854005566733315,0.1924585297462776,0.12412734004018296,F
0.0,0.0,0.0,0.08561994135379791,-0.05125969648361206,-0.023896208352255144,0.15404100716114044,-0.11093324422836304,-0.03994149374108247,0.19692014157772064,-0.16534292697906494,-0.060172666183518686,0.18519820272922516,-0.22717583179473877,-0.07713519441227845,0.09044747054576874,-0.27689647674560547,-0.008529169804262438,0.1321418434381485,-0.3433017134666443,-0.06096036764125756,0.15282504260540009,-0.29301345348358154,-0.10190526055436067,0.16264037787914276,-0.23299872875213623,-0.12102885948758058,0.04590119421482086,-0.3021817207336426,-0.02033818358819417,0.07142464816570282,-0.43312495946884155,-0.05259439381103448,0.09451200067996979,-0.5093849301338196,-0.07705329763035706,0.11767874658107758,-0.5784870982170105,-0.09250516103844575,0.0005444437265396118,-0.2987704873085022,-0.04030433329086236,0.013614699244499207,-0.41990798711776733,-0.06890317457060746,0.033377692103385925,-0.48928579688072205,-0.08028208868842057,0.05717070400714874,-0.5476179122924805,-0.08409735964875154,-0.04768432676792145,-0.2670637369155884,-0.06444503026347093,-0.06073148548603058,-0.3548756539821625,-0.07985345678667954,-0.05830119550228119,-0.4210742115974426,-0.07936888592581681,-0.05008392035961151,-0.4800291657447815,-0.07656947927813462,-1.3089159693207086,0.5463262051654614,-1.3166379380184554,-1.3470521567912719,-1.5820633764005259,0.02329724427788539,0.3577408040380102,0.34507124971917386,0.34538744322114884,0.34840172462902735,0.3318268867320091,0.3259994844504325,0.06792738664023214,0.19452063357330138,0.12677457595253053,F
0.0,0.0,0.0,0.08477450907230377,-0.04788839817047119,-0.02683178581500556,0.1561107188463211,-0.11010092496871948,-0.04073769845271613,0.20129261910915375,-0.16704398393630981,-0.05770811312103774,0.19732104241847992,-0.23221784830093384,-0.07048776991868522,0.09200723469257355,-0.28064417839050293,-0.007712286563759108,0.13911183178424835,-0.3485031723976135,-0.059548820035701056,0.1590253859758377,-0.29823535680770874,-0.1002678672244599,0.16757865250110626,-0.2393169403076172,-0.11869193114543464,0.04722197353839874,-0.3101200461387634,-0.015911684038286467,0.0745849758386612,-0.4387415051460266,-0.046354232954030294,0.09928153455257416,-0.5125979781150818,-0.06954293944144752,0.1234927624464035,-0.5793775320053101,-0.08357474453950431,0.0020521581172943115,-0.3083711862564087,-0.032695172952657,0.014743432402610779,-0.42519259452819824,-0.05906302727962043,0.03562788665294647,-0.49278491735458374,-0.06879139937663581,0.06015796959400177,-0.5498118698596954,-0.07098913438821342,-0.04630531370639801,-0.2765936851501465,-0.05409192167425658,-0.056822121143341064,-0.36145898699760437,-0.06802206732535865,-0.053964510560035706,-0.4265185594558716,-0.0662397990396073,-0.04552792012691498,-0.484508216381073,-0.061704671608453054,-1.2453308927314712,0.5004318388073419,-1.294764051947147,-1.3346246580728875,-1.5670573387010156,0.030577881962563162,0.3549231760724535,0.34594749757227644,0.35018002289591954,0.34290635999890745,0.3285518290829907,0.3248586972204865,0.06989581077407478,0.19382512268682198,0.12423395044736271,F
0.0,0.0,0.0,0.08255402743816376,-0.0526999831199646,-0.028850314314667003,0.15268070995807648,-0.11642062664031982,-0.046652323673669116,0.19798876345157623,-0.1730021834373474,-0.06790992162675025,0.1865444928407669,-0.23511886596679688,-0.08497561804503562,0.0864422470331192,-0.2855856418609619,-0.009232768896225707,0.13458220660686493,-0.3532068729400635,-0.0633214964672959,0.15728531777858734,-0.30447572469711304,-0.1049113973185456,0.16663329303264618,-0.24368727207183838,-0.12279328994006278,0.040684774518013,-0.314603328704834,-0.0175205516770518,0.06799910962581635,-0.44140172004699707,-0.04795045323223235,0.09574224054813385,-0.5163357257843018,-0.06969496897906424,0.12504594027996063,-0.5864584743976593,-0.08204300991744162,-0.00448077917098999,-0.3121347427368164,-0.03507186762541892,0.004595324397087097,-0.4268640875816345,-0.06152231536358954,0.027391567826271057,-0.4959067404270172,-0.07207091442793967,0.053774699568748474,-0.5538612306118011,-0.07454177282303931,-0.05115397274494171,-0.27784913778305054,-0.057610849957171695,-0.06749510765075684,-0.35822856426239014,-0.07214853457659842,-0.06839810311794281,-0.42613911628723145,-0.0719465791389382,-0.06263618171215057,-0.4872986078262329,-0.06838943354338767,-1.2928861542356347,0.4814709406784425,-1.2699018361414018,-1.3343083886215745,-1.6255624097443768,0.02167656478734164,0.3566813597868916,0.3452890282429828,0.3545216929539556,0.3452848172927173,0.33006809399728393,0.33453097757576256,0.07837199790071843,0.21226694998026613,0.1340972633303507,F
0.0,0.0,0.0,0.08222746849060059,-0.0488736629486084,-0.030036399008594117,0.1520194113254547,-0.11109673976898193,-0.048311367498598656,0.19854387640953064,-0.16432631015777588,-0.06976654367323931,0.18962955474853516,-0.2266351580619812,-0.08709515617962893,0.08787795901298523,-0.28255605697631836,-0.013087629208229146,0.13646382093429565,-0.34905821084976196,-0.06832657741185244,0.1600082814693451,-0.29856276512145996,-0.11016010479804095,0.17050513625144958,-0.23704582452774048,-0.12800344811554965,0.042330652475357056,-0.3124346137046814,-0.021186424286923966,0.07078167796134949,-0.4387803077697754,-0.05260172100540217,0.09950226545333862,-0.5138441622257233,-0.0743613986837488,0.12877076864242554,-0.5842196643352509,-0.08635346578236636,-0.002847999334335327,-0.309872567653656,-0.0385330467092615,0.006156295537948608,-0.4241639971733093,-0.06596128629323061,0.02917805314064026,-0.4941578507423401,-0.07681863741751727,0.054866403341293335,-0.552794486284256,-0.07916402058478411,-0.04968647658824921,-0.2750493288040161,-0.060956816987953744,-0.06958159804344177,-0.3548535108566284,-0.07685884075041827,-0.07258790731430054,-0.4234740734100342,-0.07763073580142077,-0.06884606182575226,-0.48550084233283997,-0.07433626042481478,-1.256093570901424,0.5034496226912095,-1.2628669897703713,-1.3375368508436305,-1.6615864229267432,0.02177441983412999,0.3627264409620661,0.3529036899263264,0.36581564599737665,0.3496733225260629,0.33625813588684644,0.3449911475582007,0.08030813798177569,0.2209022804360159,0.140830424816399,F
0.0,0.0,0.0,0.08189725875854492,-0.05026298761367798,-0.029597305985731737,0.14850333333015442,-0.111255943775177,-0.048347794743818895,0.19296884536743164,-0.1644505262374878,-0.0705575619960257,0.18873241543769836,-0.22601336240768433,-0.08894202608112778,0.08867847919464111,-0.28381234407424927,-0.01326349127535309,0.13714724779129028,-0.3510385751724243,-0.06912997859959091,0.15766912698745728,-0.29921531677246094,-0.1129985501194426,0.1638784110546112,-0.23794221878051758,-0.13262583810333695,0.04149430990219116,-0.3118816614151001,-0.022393797817272798,0.07039889693260193,-0.440147340297699,-0.054931086781067506,0.09663060307502747,-0.5172240138053894,-0.08027027297262634,0.12201946973800659,-0.5887227952480316,-0.0960053329492041,-0.006864637136459351,-0.30973249673843384,-0.040522457393450395,0.006866961717605591,-0.42674314975738525,-0.06833772856239761,0.028405696153640747,-0.49624329805374146,-0.08194067824129547,0.05230233073234558,-0.5556119978427887,-0.08732798445467438,-0.058199092745780945,-0.27702486515045166,-0.06344861287121262,-0.07228709757328033,-0.36117392778396606,-0.07842180627827133,-0.07229796051979065,-0.4267694652080536,-0.07901423174385513,-0.06678187847137451,-0.48612281680107117,-0.07676505047325577,-1.2336248699187113,0.547722247402022,-1.2877353196976637,-1.3346519618815034,-1.6118200208890185,0.027568444791794117,0.36879364120778496,0.35671897691795507,0.36461552717441625,0.35326927943854447,0.3366946839936039,0.3388182084806706,0.07718033671827107,0.21487834852073096,0.13787601373525407,F
0.0,0.0,0.0,0.0804089605808258,-0.04665178060531616,-0.029106013313622725,0.1490653157234192,-0.10579156875610352,-0.04730040936240698,0.19144442677497864,-0.15920740365982056,-0.06843702106246496,0.18419530987739563,-0.2214154601097107,-0.08594521491298224,0.08739346265792847,-0.2781413793563843,-0.015832124114723456,0.134922593832016,-0.3436223268508911,-0.07165909169683005,0.1556491255760193,-0.29100561141967773,-0.115924719557853,0.1634359359741211,-0.23048818111419678,-0.13613999991187598,0.0405811071395874,-0.3054679036140442,-0.02492790094086672,0.06870844960212708,-0.43286511301994324,-0.057699315086694014,0.0956794023513794,-0.511311411857605,-0.0846412962532952,0.1215716302394867,-0.5838112533092499,-0.10205875693330313,-0.008115634322166443,-0.3029889464378357,-0.04250939174065138,0.005479604005813599,-0.419050931930542,-0.07069588808784033,0.026586860418319702,-0.48752811551094055,-0.0861717572666123,0.0505044162273407,-0.5466490089893341,-0.09322821705112005,-0.059748902916908264,-0.2707265615463257,-0.06452917663821722,-0.07236398756504059,-0.35448020696640015,-0.07975761203536536,-0.07293334603309631,-0.4184751510620117,-0.08110243438252951,-0.06774470210075378,-0.47657936811447144,-0.07970391570100333,-1.2758295863194637,0.55979611661686,-1.2876412104966082,-1.3347017936691536,-1.609619123522459,0.022655371797461167,0.3677668231095821,0.3516391849066095,0.35858386687609367,0.3557946225563192,0.33572488325265626,0.33764679731919633,0.08019714028780124,0.2175760807009505,0.13745038580412902,F
0.0,0.0,0.0,0.08265312016010284,-0.04418027400970459,-0.030857176496709826,0.15527229011058807,-0.10258293151855469,-0.04816330501350308,0.20092816650867462,-0.1573285460472107,-0.06781141364487553,0.19523464143276215,-0.22149807214736938,-0.08357731902512455,0.09585832059383392,-0.2756837010383606,-0.015029035485412123,0.14317481219768524,-0.3410643935203552,-0.06700219118508244,0.1615801900625229,-0.2930173873901367,-0.10628126466187382,0.16582868993282318,-0.23421847820281982,-0.123128942190732,0.05023081600666046,-0.30704832077026367,-0.022263894765700343,0.08055524528026581,-0.4387187361717224,-0.051688964455451014,0.105687215924263,-0.5143988132476807,-0.07277201765688801,0.13047637045383453,-0.5841832160949707,-0.08496974313172245,0.003500893712043762,-0.30790793895721436,-0.03819266611250782,0.019016101956367493,-0.4222213625907898,-0.06443098837050343,0.04093383252620697,-0.49019092321395874,-0.07431471252354527,0.06394912302494049,-0.5474711060523987,-0.0765327429166689,-0.04758252203464508,-0.2795330286026001,-0.05898541116627598,-0.06101679801940918,-0.3645830750465393,-0.07393141740473652,-0.06127771735191345,-0.42928558588027954,-0.07285660409840489,-0.05665791034698486,-0.48724713921546936,-0.068604714213933,-1.2465958294962038,0.5349688270325856,-1.2889502319718995,-1.3236288498556479,-1.6144602840416276,0.032039330733214494,0.368421154794988,0.3514175666879216,0.36615901503264675,0.3517457949435449,0.32940348360028693,0.3369329170590511,0.07598456207838016,0.21075066322939182,0.134807205595073,F
0.0,0.0,0.0,0.07998402416706085,-0.04465717077255249,-0.03068624329409886,0.151601180434227,-0.10205566883087158,-0.048227098627307896,0.1980534940958023,-0.15621799230575562,-0.0683786169125824,0.1912648230791092,-0.2204563021659851,-0.08474478576920319,0.09292592108249664,-0.2773144245147705,-0.01301531479350615,0.13958893716335297,-0.34392571449279785,-0.06623740945599366,0.158316507935524,-0.29481273889541626,-0.10807989244005967,0.1637382060289383,-0.23411297798156738,-0.12669321600935746,0.04749329388141632,-0.3080407381057739,-0.02042431835673142,0.07713566720485687,-0.4365162253379822,-0.050215125872114186,0.1026252955198288,-0.5131743848323822,-0.0738473356201439,0.12851689755916595,-0.5840926468372345,-0.08845273856661606,0.0007600933313369751,-0.3086152672767639,-0.03669086922548104,0.015552893280982971,-0.4219589829444885,-0.06258301143191147,0.03686739504337311,-0.4890908896923065,-0.07458248440764237,0.06073559820652008,-0.54551962018013,-0.07895455215714264,-0.050276875495910645,-0.27966469526290894,-0.057888553334692006,-0.06423917412757874,-0.36235541105270386,-0.07175503377459336,-0.06531357765197754,-0.42584219574928284,-0.07126072500489045,-0.06051565706729889,-0.48261386156082153,-0.06813468490383912,-1.2475508479339894,0.5478012776032578,-1.285305552118443,-1.3228425953600291,-1.621203571205589,0.03072815387488596,0.3690104244095606,0.3502913633879717,0.3634831442180132,0.35174750771348084,0.3279994421086757,0.3347274775892411,0.0779883512290309,0.2145489467925297,0.13659795522974535,F
0.0,0.0,0.0,0.07927566766738892,-0.044257283210754395,-0.031402741309818794,0.15164732933044434,-0.10134077072143555,-0.04831949317139106,0.19527190923690796,-0.1569080352783203,-0.06719252162855582,0.18755289912223816,-0.22122573852539062,-0.08217947625797706,0.09239736199378967,-0.27412086725234985,-0.014059678402361442,0.13708022236824036,-0.341602623462677,-0.06654475325029807,0.15395525097846985,-0.2948247790336609,-0.108554077085671,0.1579197645187378,-0.23555368185043335,-0.1274466558663221,0.04589816927909851,-0.3059714436531067,-0.020216488030371238,0.07555678486824036,-0.4340015649795532,-0.049282063481030036,0.1017683744430542,-0.5107417404651642,-0.07318018817585425,0.12787100672721863,-0.5802704095840454,-0.08840281957071738,-0.0007230043411254883,-0.3079685568809509,-0.035157006916222144,0.013446986675262451,-0.41960179805755615,-0.060125347909149696,0.03459435701370239,-0.4867057204246521,-0.07305198603552299,0.05791497230529785,-0.5422632098197937,-0.07843070172947364,-0.05104139447212219,-0.28053444623947144,-0.05501129546445327,-0.06457693874835968,-0.3633913993835449,-0.06795368039291816,-0.06726497411727905,-0.42644447088241577,-0.06769226932209449,-0.06393583118915558,-0.48289650678634644,-0.06515436315220313,-1.2797981431137633,0.5320029014559068,-1.2803996258169696,-1.3255593293079464,-1.6344299336908878,0.03291523395564442,0.36397115832915705,0.3462239882568784,0.3629299828285282,0.3460239156824028,0.3226014460798977,0.332262514277765,0.07961403133845629,0.2151082053700741,0.13554343857710494,F
0.0,0.0,0.0,0.08022986352443695,-0.0452038049697876,-0.03167247650233662,0.15283410251140594,-0.10251414775848389,-0.0489975499829427,0.19766511023044586,-0.15780913829803467,-0.06863364827839291,0.18830905854701996,-0.22085916996002197,-0.08400987339226162,0.09190796315670013,-0.27437567710876465,-0.011009770157016874,0.14002709090709686,-0.34128338098526,-0.06388394040075696,0.15702705085277557,-0.2912697196006775,-0.10663136345354474,0.15956427156925201,-0.23188430070877075,-0.12557129812446988,0.046509161591529846,-0.3050110936164856,-0.016694755004920125,0.0752449482679367,-0.43063467741012573,-0.04476694640723622,0.10168014466762543,-0.5066200196743011,-0.0683798442503587,0.1269519180059433,-0.5770696401596069,-0.08333838981596386,0.0008707195520401001,-0.30628323554992676,-0.031542817773498655,0.014979705214500427,-0.4169769287109375,-0.05576068040934956,0.03573010861873627,-0.48286181688308716,-0.0676912541410104,0.057597413659095764,-0.5381489992141724,-0.07217923057285702,-0.04825296998023987,-0.2794445753097534,-0.05146822211352742,-0.059985265135765076,-0.36170417070388794,-0.06409684819189465,-0.06264559924602509,-0.4237104058265686,-0.06306701404062665,-0.06054304540157318,-0.47892624139785767,-0.05957031873074925,-1.2795608764192592,0.5607877861146079,-1.2833058915464373,-1.3308562705796076,-1.6323286007424505,0.030786625122352456,0.3614562183379708,0.3431593942433089,0.358505206378014,0.3467224887092374,0.3227929764766801,0.33087301407568076,0.07952901083755745,0.21162818343428097,0.13215333181738348,F
0.0,0.0,0.0,0.08139187097549438,-0.04578179121017456,-0.031181131204476742,0.15229469537734985,-0.10392600297927856,-0.048712064226975826,0.19449472427368164,-0.15873003005981445,-0.06887895306002179,0.186552494764328,-0.2214210033416748,-0.08506627817999401,0.09057378768920898,-0.2771400809288025,-0.011699167726447968,0.13757985830307007,-0.3436771035194397,-0.0656556679810194,0.15489795804023743,-0.2933201193809509,-0.109032300015798,0.158412903547287,-0.233942449092865,-0.12835363735806027,0.04444625973701477,-0.306244432926178,-0.018330045690646557,0.07311779260635376,-0.4317692518234253,-0.04708196287404576,0.09937828779220581,-0.5076875984668732,-0.0709480686987547,0.12474775314331055,-0.5777129828929901,-0.08607714315306225,-0.002611607313156128,-0.3062313199043274,-0.034210310032477764,0.01239149272441864,-0.4193044602870941,-0.05960622866999188,0.033675551414489746,-0.48580610752105713,-0.07230771770130673,0.05601993203163147,-0.5414961278438568,-0.07724247564922848,-0.053059354424476624,-0.27835845947265625,-0.055034392228236584,-0.06452597677707672,-0.3622928559780121,-0.06941722025524655,-0.06680390238761902,-0.42504051327705383,-0.06949359615694561,-0.06432072818279266,-0.48108696937561035,-0.0665922804678587,-1.2870930168957964,0.5670154422613157,-1.2831934699471232,-1.3265565425767014,-1.626288334822111,0.03079972723194429,0.3616127774006826,0.3456686784460702,0.36105925816715,0.3454150000520321,0.32415056058732045,0.3327020958897901,0.07768638223272398,0.21232870064882867,0.13465192507975962,F
0.0,0.0,0.0,0.07910177111625671,-0.050282299518585205,-0.029078105404920507,0.1515541672706604,-0.10986602306365967,-0.045889032944984365,0.1945018768310547,-0.16640841960906982,-0.06552182690793984,0.17938664555549622,-0.22573620080947876,-0.08120327250654213,0.08987706899642944,-0.2807055711746216,-0.009823492668516565,0.13699010014533997,-0.34630805253982544,-0.06153153808409684,0.1534799337387085,-0.2963525652885437,-0.10323567496234887,0.15578985214233398,-0.2379206418991089,-0.12204440490896218,0.043892353773117065,-0.30907386541366577,-0.017548330068535734,0.07126516103744507,-0.43610674142837524,-0.04571133287245743,0.095730721950531,-0.5117669701576233,-0.06967844621831887,0.12004551291465759,-0.582226037979126,-0.08523973630363457,-0.002238661050796509,-0.30826181173324585,-0.03407930018002503,0.0102749764919281,-0.4190841019153595,-0.058652209058351445,0.031203478574752808,-0.4840947389602661,-0.07184945599729531,0.05446383357048035,-0.5388963222503662,-0.07764258043462746,-0.0514083057641983,-0.2800920009613037,-0.055403495147771764,-0.06419123709201813,-0.3620782196521759,-0.0681309457271766,-0.06738047301769257,-0.4237838089466095,-0.06806171493226998,-0.06470483541488647,-0.4797148108482361,-0.06588678614789956,-1.335058480869273,0.5757523236527219,-1.298906390922476,-1.3297232542177386,-1.6373063502336864,0.026556906146050285,0.3613950387433939,0.33715718977224113,0.352258123312343,0.34615583709745623,0.3175741208009964,0.327234361549571,0.07860293207468545,0.2112847436417707,0.1330549621757279,F
0.0,0.0,0.0,0.08094249665737152,-0.04738008975982666,-0.03282199813668285,0.15400700271129608,-0.10433679819107056,-0.05194438262526546,0.1961156278848648,-0.15935713052749634,-0.07336732386295353,0.1833391934633255,-0.2201848030090332,-0.09110956280176197,0.08876679837703705,-0.2759212851524353,-0.016192879664345128,0.13470108807086945,-0.3397147059440613,-0.07193758724872623,0.15225331485271454,-0.2896804213523865,-0.11543681858722721,0.15602637827396393,-0.2313917875289917,-0.135121677207394,0.04303215444087982,-0.3047822117805481,-0.02360394610707317,0.0709461122751236,-0.432060569524765,-0.05518189086262737,0.09597299993038177,-0.5071580410003662,-0.07990532009546314,0.12211070954799652,-0.5782441794872284,-0.09549052654449497,-0.00274108350276947,-0.30345380306243896,-0.04027367024366413,0.010462895035743713,-0.4150826334953308,-0.06884947060291324,0.03130306303501129,-0.48226356506347656,-0.08306149034444843,0.05483604967594147,-0.5397626161575317,-0.08894981830064808,-0.051703765988349915,-0.27377915382385254,-0.061921615290088994,-0.06640893220901489,-0.3546169102191925,-0.07912759123985325,-0.06988948583602905,-0.4179002344608307,-0.08145086853448902,-0.06692709028720856,-0.4769585430622101,-0.08043979494516407,-1.3228124252360123,0.5848026620160469,-1.2892994293684412,-1.3318010448681816,-1.6455821249281353,0.029522641744918587,0.363256719588948,0.3444459850542865,0.35856096603394977,0.3485066059521395,0.3245489956090269,0.33167948469353536,0.07750297140883147,0.21446228086205754,0.13700588984072243,F
0.0,0.0,0.0,0.0797719657421112,-0.04665827751159668,-0.031860344622202774,0.15240532159805298,-0.10344576835632324,-0.04976366883880701,0.19329464435577393,-0.16116398572921753,-0.06960555217034425,0.1798481047153473,-0.2226061224937439,-0.08564089289671983,0.08680364489555359,-0.27313417196273804,-0.015614511024125477,0.1325322687625885,-0.3379437327384949,-0.0681766798234662,0.14938774704933167,-0.2908351421356201,-0.10892324200636949,0.1529305875301361,-0.23379528522491455,-0.12721304646498766,0.04114606976509094,-0.3026048541069031,-0.02249891920752134,0.06822577118873596,-0.42953795194625854,-0.05298423073060121,0.09294119477272034,-0.5061017274856567,-0.07729469290740099,0.11814278364181519,-0.5773286521434784,-0.09275874546534624,-0.0038687586784362793,-0.30233240127563477,-0.038107947025366684,0.0084456205368042,-0.4143006205558777,-0.06534172645575609,0.029420942068099976,-0.48164790868759155,-0.07975172302491274,0.052905768156051636,-0.5387725234031677,-0.08607544055945482,-0.051814064383506775,-0.2731337547302246,-0.058444619689055344,-0.06763029098510742,-0.353732168674469,-0.07407299480206575,-0.07086552679538727,-0.4168681502342224,-0.07620269856221284,-0.06765089929103851,-0.4754059314727783,-0.07540808669097032,-1.3444418063640922,0.5366607103223459,-1.2975376922053579,-1.335135786490718,-1.6489316068620643,0.029150473307319687,0.3600494683927397,0.3406986203012158,0.35378453952086325,0.34529026265705337,0.32096118191714895,0.3271572965846099,0.07577891034403414,0.2119139769025897,0.13619557642897503,F
0.0,0.0,0.0,0.08156277239322662,-0.04610872268676758,-0.03207942677306619,0.15483321249485016,-0.10525280237197876,-0.04799882156419244,0.19991855323314667,-0.16056615114212036,-0.06600590256618943,0.19098062813282013,-0.22339391708374023,-0.07975089011358705,0.09111656248569489,-0.2760964035987854,-0.011056757733399536,0.13557596504688263,-0.3384934067726135,-0.06187560615705934,0.1561560183763504,-0.2905743718147278,-0.1010469367878386,0.16394783556461334,-0.23235750198364258,-0.1179183146135756,0.0462445467710495,-0.3063288927078247,-0.016866354473108913,0.07202978432178497,-0.43435072898864746,-0.044973066277975704,0.09661625325679779,-0.5111069679260254,-0.06569321659969773,0.12058945000171661,-0.5814918875694275,-0.07727258113789048,0.0008303672075271606,-0.30558764934539795,-0.031780434973711635,0.012911021709442139,-0.4178791344165802,-0.05826709625887361,0.03474538028240204,-0.4848025143146515,-0.06734001842903581,0.057769760489463806,-0.5401372909545898,-0.06803547797369447,-0.047561243176460266,-0.27618151903152466,-0.05181714353727784,-0.06217612326145172,-0.3579682409763336,-0.06848852542805162,-0.06492385268211365,-0.4225183129310608,-0.0680755993502089,-0.06234578788280487,-0.48111671209335327,-0.06316536126303163,-1.2738732195953977,0.5408246269115661,-1.306912106183712,-1.3326428108254091,-1.6428140965989666,0.028480128656546717,0.3649507835649252,0.3436153374769302,0.3613797339626124,0.35181638506042373,0.3255797630775981,0.33628849017974,0.07520981353248914,0.20866355003143017,0.1338326331276728,F
0.0,0.0,0.0,0.0786866843700409,-0.04866892099380493,-0.031929125809654124,0.14858952164649963,-0.10597938299179077,-0.04934725704191578,0.19332456588745117,-0.16080349683761597,-0.0690290981769408,0.1909635066986084,-0.22576844692230225,-0.08495364876984013,0.08610749244689941,-0.27911901473999023,-0.012135326662644275,0.13427004218101501,-0.34502774477005005,-0.0644899735092963,0.15505856275558472,-0.2951262593269348,-0.10687365176676167,0.16092893481254578,-0.23502427339553833,-0.12589333745239628,0.04210484027862549,-0.30932343006134033,-0.017954997518643268,0.0690842866897583,-0.43481728434562683,-0.04594787376521481,0.09460970759391785,-0.5091298520565033,-0.0705431232094611,0.11940717697143555,-0.5777524411678314,-0.08650210293529881,-0.0022707879543304443,-0.3080596923828125,-0.032838402116283305,0.01089411973953247,-0.41637712717056274,-0.058287886702999,0.03378564119338989,-0.4846166670322418,-0.07298736068008793,0.05804198980331421,-0.5412619709968567,-0.07960311862228764,-0.0499531626701355,-0.2787342667579651,-0.0525069998442973,-0.0635627806186676,-0.3613882064819336,-0.06807335259912861,-0.06627236306667328,-0.4259987473487854,-0.0701359787821616,-0.062369123101234436,-0.4842361807823181,-0.06877828183172596,-1.2307950242551398,0.5325391581356848,-1.2904026905169212,-1.3177132645407492,-1.631140709245971,0.031428423951603446,0.35918385338021613,0.34235112587331656,0.36191572329485244,0.3452342007373674,0.3230592064707167,0.33461709079397434,0.071394962073506,0.2044209241359614,0.13323204141836348,F
0.0,0.0,0.0,0.08182188868522644,-0.04830896854400635,-0.02932590153400838,0.15335693955421448,-0.10504508018493652,-0.044650633822726604,0.1988089680671692,-0.15724635124206543,-0.0626283967900747,0.19393238425254822,-0.21616756916046143,-0.07643791381602227,0.0907706618309021,-0.27933013439178467,-0.00872801523988187,0.13832321763038635,-0.33988553285598755,-0.05953826103691995,0.15750539302825928,-0.28851205110549927,-0.09970089886670053,0.16280338168144226,-0.22936218976974487,-0.11715138051991403,0.0461823046207428,-0.30830085277557373,-0.015897893350171444,0.07286140322685242,-0.4364323914051056,-0.04227567557578027,0.09621047973632812,-0.5114960670471191,-0.06304656062607705,0.11850839853286743,-0.580551415681839,-0.07525924686675012,0.00029900670051574707,-0.3068142533302307,-0.03204352129583299,0.013383656740188599,-0.4179759621620178,-0.056809005330848095,0.03552389144897461,-0.4845350384712219,-0.0663321623611921,0.05794030427932739,-0.5398755371570587,-0.06796108279709756,-0.0484137088060379,-0.27752065658569336,-0.053093028258132335,-0.06260113418102264,-0.3591690957546234,-0.0685352394390577,-0.06437422335147858,-0.4233807921409607,-0.06778058503155648,-0.06095798313617706,-0.4816984534263611,-0.06293750647787988,-1.2206965138973613,0.6064744426894043,-1.3111339722485367,-1.328339254163923,-1.6321571939121922,0.033809951406277544,0.37210800210094575,0.3511135063763981,0.3680703056300385,0.3539716343562975,0.32774197764082125,0.3372576735097736,0.07295903737898679,0.2048904348574186,0.13236833390863734,F
0.0,0.0,0.0,0.08291268348693848,-0.04733246564865112,-0.03286244369559199,0.1544167399406433,-0.10208922624588013,-0.04923661075048358,0.1994248628616333,-0.1555413007736206,-0.06742028168849856,0.19419720768928528,-0.21922260522842407,-0.08143976352624804,0.08923754096031189,-0.27757447957992554,-0.011643457445131844,0.13536208868026733,-0.33764952421188354,-0.06254763178043277,0.1563340127468109,-0.2906953692436218,-0.10217718056850345,0.16328269243240356,-0.2318376898765564,-0.11917892865352542,0.045522719621658325,-0.30658990144729614,-0.016473463023828572,0.07077896595001221,-0.43367987871170044,-0.044425934771822995,0.09347712993621826,-0.5115451812744141,-0.06580296925716311,0.11553993821144104,-0.5826771855354309,-0.07802879087142855,0.0010487884283065796,-0.3059002161026001,-0.030329097281025952,0.01419869065284729,-0.41681087017059326,-0.05656358249001414,0.03556746244430542,-0.48246145248413086,-0.06510847083740146,0.05788359045982361,-0.5359712541103363,-0.06544803104810626,-0.047439396381378174,-0.27827900648117065,-0.04933321497850329,-0.06130737066268921,-0.3586098849773407,-0.06586314759664447,-0.06316505372524261,-0.42294520139694214,-0.06506538412980944,-0.05883307754993439,-0.48120927810668945,-0.05975483379774005,-1.243401318691421,0.5533238448082896,-1.3224272608364755,-1.3286134571101302,-1.626883234776547,0.033389333839528995,0.37186852244826085,0.3448349008013793,0.36422704734006794,0.35407304655222865,0.32187916302576813,0.33394850544846866,0.07420039397699368,0.20174658575471488,0.12892499605244925,F
0.0,0.0,0.0,0.07891097664833069,-0.05233818292617798,-0.030793099584144557,0.14621594548225403,-0.10964947938919067,-0.04991386357144734,0.1906827688217163,-0.1625109314918518,-0.07212603363589665,0.1830112338066101,-0.2239929437637329,-0.09067120674447438,0.08343374729156494,-0.28290271759033203,-0.010230949999851191,0.13031122088432312,-0.34493452310562134,-0.06385012242392918,0.1515086591243744,-0.297185480594635,-0.1069728759248676,0.15794941782951355,-0.23932158946990967,-0.12611720237330815,0.039551734924316406,-0.30929476022720337,-0.01740796204106232,0.06579622626304626,-0.43586376309394836,-0.04599321904973408,0.08904072642326355,-0.5129379034042358,-0.06895563277797123,0.1135057806968689,-0.5862420201301575,-0.08322301033334156,-0.004923537373542786,-0.3069813847541809,-0.0338452336509647,0.007893413305282593,-0.4171702265739441,-0.05911229449705502,0.029830366373062134,-0.4842592477798462,-0.07018327239350697,0.05361461639404297,-0.5404524803161621,-0.07371628555850407,-0.053345754742622375,-0.2779318690299988,-0.055333244534296,-0.06594261527061462,-0.3599402606487274,-0.06902988526420017,-0.06640464067459106,-0.4236462712287903,-0.06810815903739353,-0.06055915355682373,-0.48111626505851746,-0.06446121159390827,-1.2594649103961983,0.5292116894791046,-1.3098519938473936,-1.3251309406478502,-1.6062831590508064,0.029377916863782962,0.36885688463185573,0.3418919754436956,0.35417359578889307,0.3497556605561517,0.31869352709529053,0.32589977126763703,0.07538987676024916,0.20334705730874195,0.12867181581797535,F
0.0,0.0,0.0,0.07800573110580444,-0.053926706314086914,-0.028723767311618076,0.14552295207977295,-0.110775887966156,-0.04554133890692924,0.18880364298820496,-0.1632678508758545,-0.06550157843653892,0.18332001566886902,-0.22397196292877197,-0.08147822348897193,0.08129122853279114,-0.2839297652244568,-0.006732689966753469,0.129942387342453,-0.3454972505569458,-0.05930515779678558,0.14943727850914001,-0.2949962019920349,-0.10281927167002891,0.15431129932403564,-0.23799067735671997,-0.12256863741700386,0.03750157356262207,-0.309773325920105,-0.01453970680509542,0.06308931112289429,-0.43552565574645996,-0.04414274199430679,0.08712178468704224,-0.5125077664852142,-0.06991751520459388,0.11113050580024719,-0.5848729014396667,-0.08649090705935691,-0.007505550980567932,-0.3079218864440918,-0.031366735981151805,0.006056547164916992,-0.4179060459136963,-0.057594608799860225,0.028741538524627686,-0.4843001961708069,-0.07181014149014686,0.05344042181968689,-0.5404590964317322,-0.07749716220919822,-0.056338340044021606,-0.28018516302108765,-0.05281741200511192,-0.06640927493572235,-0.3638722896575928,-0.06632129131381248,-0.06648653745651245,-0.42645031213760376,-0.06632953165595268,-0.059911519289016724,-0.48249566555023193,-0.063648544536278,-1.2485287522778512,0.5615634046960273,-1.3092810936498194,-1.3144704157994505,-1.5884563480455935,0.03221847262344012,0.368050013928972,0.34210059130517306,0.35495927148769935,0.34955952041687516,0.31884491287495015,0.3250755377847281,0.07280612518852335,0.1993400932451808,0.127312300555231,F
0.0,0.0,0.0,0.07870849967002869,-0.055692315101623535,-0.02783722244691944,0.1433561146259308,-0.11333835124969482,-0.04613074474525547,0.18672838807106018,-0.16517603397369385,-0.06823563762497997,0.1791059970855713,-0.22549468278884888,-0.0869089234669218,0.07974261045455933,-0.2862532138824463,-0.0073351445656726355,0.12781980633735657,-0.3460225462913513,-0.061646545310736656,0.14827778935432434,-0.29567110538482666,-0.10697487183404064,0.1540570855140686,-0.23948073387145996,-0.12817271240544414,0.03662273287773132,-0.31116390228271484,-0.01650832407665348,0.06145903468132019,-0.4362744092941284,-0.046716040005208015,0.08498397469520569,-0.5128246545791626,-0.07330643572402096,0.1087152361869812,-0.5866070091724396,-0.09099910595011806,-0.008248791098594666,-0.30788540840148926,-0.034690054138422965,0.005396515130996704,-0.4200085997581482,-0.061493763705016136,0.02745795249938965,-0.4864398241043091,-0.07645359822106457,0.05171486735343933,-0.5442629456520081,-0.08332035877299404,-0.056743085384368896,-0.2790829539299011,-0.05736941658449268,-0.06738840043544769,-0.36324232816696167,-0.07179165073227978,-0.06653153896331787,-0.4254903197288513,-0.07251899131131267,-0.059020280838012695,-0.48240935802459717,-0.07087470777821636,-1.2622272639278256,0.5617469792696099,-1.31480584834137,-1.3223595102371173,-1.5819955621271453,0.028688980389730966,0.36790891737772735,0.3432807966420857,0.350298836123145,0.3500750409622654,0.32150602830410613,0.3231350808632131,0.07100747680760211,0.1974648175659894,0.1268390292747648,F
0.0,0.0,0.0,0.07919454574584961,-0.05062735080718994,-0.030950411661137878,0.14718559384346008,-0.10574579238891602,-0.04971045392619544,0.19156166911125183,-0.15795403718948364,-0.071324495105614,0.1874392032623291,-0.2225779891014099,-0.08905560287701064,0.08584785461425781,-0.27949976921081543,-0.011794377556611835,0.13458627462387085,-0.33983558416366577,-0.06571929666267806,0.15438157320022583,-0.2927272319793701,-0.10909543695913726,0.15973800420761108,-0.2359129786491394,-0.12848596039282256,0.040815770626068115,-0.3066612482070923,-0.018602262689341842,0.06663727760314941,-0.43387365341186523,-0.048396734027733146,0.09110170602798462,-0.5107920467853546,-0.07245138051973754,0.11691707372665405,-0.5825101435184479,-0.08747080477940017,-0.004244819283485413,-0.30463099479675293,-0.03437580305205756,0.008527606725692749,-0.4155835509300232,-0.06015678632127219,0.031222134828567505,-0.4811663031578064,-0.07125914606319839,0.056755244731903076,-0.5360244512557983,-0.07479855182634765,-0.052354276180267334,-0.2759111523628235,-0.05513776230679923,-0.06387968361377716,-0.35721009969711304,-0.06863611700998717,-0.06264375150203705,-0.41880708932876587,-0.06720673057304793,-0.054919108748435974,-0.47385066747665405,-0.0632058731006282,-1.2389920368348846,0.5329498013169147,-1.3016118010016005,-1.3130399957956964,-1.5837532598016808,0.0307437534355707,0.36677585326400236,0.3395982650931606,0.34910673195825975,0.34923233925668673,0.31728905549887615,0.3204559562673229,0.076028713346547,0.20330901441227245,0.12781525970973692,F
0.0,0.0,0.0,0.07830825448036194,-0.050406038761138916,-0.029855465165837813,0.14773911237716675,-0.10750341415405273,-0.04720755817697864,0.19392913579940796,-0.16176259517669678,-0.06750041770146709,0.19136163592338562,-0.22745507955551147,-0.08398604171679835,0.08392199873924255,-0.2790980339050293,-0.009705666102036048,0.1320948302745819,-0.3429127335548401,-0.0630697734873138,0.1535109579563141,-0.2928720712661743,-0.10649838822291713,0.16152629256248474,-0.23482584953308105,-0.12651905196116786,0.04163321852684021,-0.30706316232681274,-0.017193277947171737,0.0670400857925415,-0.4324072003364563,-0.04774730058716159,0.0909571647644043,-0.5107269883155823,-0.07410900818513255,0.1151670515537262,-0.5854023098945618,-0.09130133467124324,-0.0020573586225509644,-0.30556410551071167,-0.03354493307278972,0.011161118745803833,-0.41653507947921753,-0.06057550164268832,0.03376287221908569,-0.483325719833374,-0.07440762745545726,0.05869579315185547,-0.5402553081512451,-0.08024408446954112,-0.04996933043003082,-0.27698391675949097,-0.05461123736904483,-0.061191022396087646,-0.3602215647697449,-0.06974985229180675,-0.060693055391311646,-0.4235919117927551,-0.07039558666156154,-0.054095178842544556,-0.48086708784103394,-0.06820112245486598,-1.221997814143677,0.5184354780570344,-1.3125095674118519,-1.3174924383901376,-1.5910299014340494,0.030732327662009156,0.3659669853889313,0.3397708181227805,0.3527983756458324,0.35362838373989863,0.32227513990505724,0.3271527317308855,0.07229975651343434,0.19894048177407386,0.127470640051173,F
0.0,0.0,0.0,0.07851895689964294,-0.05120176076889038,-0.030945385257837188,0.15011775493621826,-0.10891854763031006,-0.048463769639965903,0.19874295592308044,-0.16296136379241943,-0.06868567356013955,0.19373947381973267,-0.22658270597457886,-0.08489906826162041,0.0858934223651886,-0.28203314542770386,-0.010339274454054248,0.13408643007278442,-0.3457869291305542,-0.0640122298254937,0.15468177199363708,-0.29711776971817017,-0.10751715340757073,0.16207051277160645,-0.23981726169586182,-0.12737436630868615,0.04308098554611206,-0.30961740016937256,-0.01717918777012528,0.06926310062408447,-0.4363742172718048,-0.04733993151330651,0.09406322240829468,-0.5142139196395874,-0.07261832841777505,0.12021961808204651,-0.5884523689746857,-0.0888542760267228,-0.00028458237648010254,-0.3075740933418274,-0.033083197112318885,0.013306915760040283,-0.4191126525402069,-0.059854478026863944,0.03645393252372742,-0.48636752367019653,-0.07348243930482568,0.06187829375267029,-0.5438106060028076,-0.07905586847209634,-0.04740726947784424,-0.27864736318588257,-0.05392896794819535,-0.05893827974796295,-0.35972535610198975,-0.06869368293428124,-0.05901467800140381,-0.4223392605781555,-0.06947386303090752,-0.05285310745239258,-0.4797278046607971,-0.06740133502626122,-1.2157738247933165,0.5060473989679255,-1.3009003086098228,-1.3134909304749163,-1.5978725906254834,0.034323119890352034,0.36926253829423455,0.34354171706649855,0.35339827691615144,0.3511380574839954,0.3200787936350357,0.322101274688443,0.07346153500807621,0.20438982168680556,0.1314149909649454,F
0.0,0.0,0.0,0.07959295809268951,-0.0501827597618103,-0.03190857779608791,0.14918266236782074,-0.11195379495620728,-0.049308283742533376,0.19387345016002655,-0.1668466329574585,-0.06957616892086094,0.19321827590465546,-0.2283480167388916,-0.08614057537542408,0.08567287027835846,-0.2883773446083069,-0.009821681793795278,0.13517726957798004,-0.3499463200569153,-0.06401290979610508,0.15755538642406464,-0.300992488861084,-0.10832112517582004,0.1642463356256485,-0.24165987968444824,-0.12845718350635593,0.04165138304233551,-0.3170664310455322,-0.016705625247226408,0.06784798204898834,-0.44311463832855225,-0.04461712252722805,0.09071798622608185,-0.5211310982704163,-0.0691645168923003,0.11258839070796967,-0.5933073163032532,-0.08513267573343342,-0.0030795782804489136,-0.3143804669380188,-0.03310140084849422,0.013292357325553894,-0.4270462989807129,-0.05922726776825016,0.036588266491889954,-0.49523410201072693,-0.07318008926139896,0.0601586252450943,-0.553316056728363,-0.07921831544862812,-0.05189099907875061,-0.28381556272506714,-0.05449290063606327,-0.06254352629184723,-0.36711585521698,-0.07166814294086521,-0.061686769127845764,-0.43027523159980774,-0.07377343114839618,-0.05497351288795471,-0.4888339042663574,-0.07210841264949863,-1.209107995416258,0.5364176595325415,-1.3194335834627922,-1.312062405951574,-1.5858305014904728,0.03188383632205556,0.3737599078624407,0.35115395149171136,0.359794471365316,0.3554215285456051,0.32857849007793266,0.3303821127275891,0.06594073967494117,0.1974631240493294,0.13195968027098587,F
0.0,0.0,0.0,0.07791626453399658,-0.05092668533325195,-0.031521511206818786,0.14661258459091187,-0.11039948463439941,-0.049801249931050506,0.19490349292755127,-0.16357624530792236,-0.07097265956778642,0.1933356523513794,-0.22700798511505127,-0.0884445094861519,0.08455339074134827,-0.2850799560546875,-0.011846751848651138,0.1360088586807251,-0.34873950481414795,-0.06582318333764192,0.15871930122375488,-0.29965513944625854,-0.11008919117827531,0.16676709055900574,-0.2418850064277649,-0.13063526240964052,0.04172462224960327,-0.31347179412841797,-0.018857858086420265,0.06866079568862915,-0.44118359684944153,-0.048905705044461456,0.09337007999420166,-0.5198225975036621,-0.07504885731120226,0.1187092661857605,-0.5935185849666595,-0.0922778704561722,-0.002634957432746887,-0.3115311861038208,-0.03482564253587839,0.011059105396270752,-0.4222714304924011,-0.06126282451529619,0.03444540500640869,-0.48943060636520386,-0.07530513493199464,0.05986633896827698,-0.5462108254432678,-0.08151858387370226,-0.050201043486595154,-0.2821267247200012,-0.055774752924634186,-0.06079408526420593,-0.36303892731666565,-0.07049585221190569,-0.06003767251968384,-0.42557230591773987,-0.07119444845099565,-0.053168997168540955,-0.4823068082332611,-0.06925682810921785,-1.1897011182186084,0.48375929915689786,-1.3025238140901652,-1.310511984852165,-1.5856216589859164,0.030450192755615075,0.37403090422547414,0.3459833968394404,0.3548831234652921,0.354902420447591,0.32255538254712063,0.325844327046368,0.07550174961313892,0.20471980045391278,0.12984879911320032,F
0.0,0.0,0.0,0.0789797306060791,-0.04320871829986572,-0.034234282686867346,0.15196692943572998,-0.10464739799499512,-0.05144501583234273,0.1973537802696228,-0.16214966773986816,-0.07006238879219495,0.1915859580039978,-0.22690731287002563,-0.08414074511782133,0.0884932279586792,-0.27847784757614136,-0.016003112434901823,0.13711604475975037,-0.34432774782180786,-0.07035162033096753,0.1551946997642517,-0.2940424084663391,-0.11249761016622983,0.1592448353767395,-0.23513370752334595,-0.13083690883175336,0.04200088977813721,-0.3127519488334656,-0.021175445183672537,0.07135853171348572,-0.4387218952178955,-0.05165673153058492,0.09856343269348145,-0.514656275510788,-0.07586385042921506,0.12563341856002808,-0.5848838090896606,-0.09065961570993863,-0.004698231816291809,-0.3138366937637329,-0.03572388844148122,0.006704747676849365,-0.4254201650619507,-0.06302270771519147,0.0282137393951416,-0.49441635608673096,-0.07738471509472333,0.053093016147613525,-0.5523159503936768,-0.08301061125055753,-0.05388838052749634,-0.28341883420944214,-0.055287887468495,-0.06849376857280731,-0.36596018075942993,-0.07149818272844755,-0.07145161926746368,-0.4315510392189026,-0.07368308784023725,-0.06719528138637543,-0.49069637060165405,-0.07209083171144925,-1.257418705277779,0.5496502552411526,-1.2726342971989562,-1.3330471561317172,-1.6349068182186561,0.03337097214321956,0.3640012490429047,0.35365389340290715,0.369529967444263,0.35136143909950357,0.3344738912350358,0.3414489731121913,0.07951588144639166,0.21460237904541538,0.13515268083678883,F
0.0,0.0,0.0,0.07905443012714386,-0.04500985145568848,-0.030174682258490293,0.1520463079214096,-0.10478758811950684,-0.04563614573967811,0.19622768461704254,-0.1610439419746399,-0.06263372522485611,0.18650417029857635,-0.2243257761001587,-0.07508555275094864,0.08765150606632233,-0.27587950229644775,-0.0140508491237199,0.13524751365184784,-0.34108251333236694,-0.06476819735658523,0.15314681828022003,-0.29240530729293823,-0.10372993570459244,0.15720342099666595,-0.23530155420303345,-0.12065053206575271,0.04135070741176605,-0.3103369474411011,-0.020437002523664205,0.07111634314060211,-0.4373614192008972,-0.05045362409842369,0.09886880218982697,-0.5124247670173645,-0.07361480069053528,0.12474219501018524,-0.5798437595367432,-0.08731123280418274,-0.005629926919937134,-0.31286948919296265,-0.03533178043258545,0.0038109272718429565,-0.42454954981803894,-0.061955655335310666,0.02525167167186737,-0.4924051761627197,-0.07605269026649353,0.049514517188072205,-0.548194408416748,-0.08123533648145553,-0.054992690682411194,-0.28332090377807617,-0.05466082540047523,-0.07183940708637238,-0.36472082138061523,-0.0689770526875293,-0.07554057240486145,-0.42801058292388916,-0.07018092495096084,-0.0721360296010971,-0.48383110761642456,-0.06807812523734924,-1.2901463347662285,0.528138786164497,-1.2707175564658737,-1.3406163522427044,-1.6560874900656715,0.03128900149600412,0.36084287181311947,0.3516490524058815,0.3663847296074307,0.3460680026364205,0.3309060867096606,0.3381767622417948,0.08161424469309493,0.2190421526895287,0.13762808588372066,F
0.0,0.0,0.0,0.07850900292396545,-0.04559117555618286,-0.03396401644985758,0.15003585815429688,-0.1059269905090332,-0.05326178760569178,0.19563749432563782,-0.16129136085510254,-0.07428451718132578,0.1845579743385315,-0.22360289096832275,-0.09084732176106058,0.08737960457801819,-0.27833646535873413,-0.018940056649256576,0.13381877541542053,-0.3437858819961548,-0.07416945786516749,0.15225088596343994,-0.29496508836746216,-0.11573344559710108,0.15765303373336792,-0.23665958642959595,-0.13372143448631846,0.039898425340652466,-0.3105405569076538,-0.025310260218788017,0.06843692064285278,-0.43814700841903687,-0.05787245274822794,0.09568417072296143,-0.515140950679779,-0.08123686255257212,0.12300273776054382,-0.5870370268821716,-0.0950201982383021,-0.007703647017478943,-0.3120651841163635,-0.040821765524555076,0.002641737461090088,-0.42664259672164917,-0.06927239240448557,0.023501604795455933,-0.4937478303909302,-0.08223531485836588,0.047618478536605835,-0.5500288605690002,-0.08661438615362727,-0.057271331548690796,-0.2819913625717163,-0.06138108388822161,-0.07597708702087402,-0.36317968368530273,-0.0770039418463,-0.07989178597927094,-0.42624780535697937,-0.07819110245745264,-0.07626025378704071,-0.4825925827026367,-0.07605276347439371,-1.2854367659434622,0.5353063958825888,-1.2788240807479094,-1.3423725032368117,-1.6651751561311572,0.029905737331418727,0.3686101169224985,0.3539863544548406,0.36756197919153444,0.352086628245241,0.33212633938308234,0.3394089933022412,0.08397851458918068,0.2249764025858373,0.14104464504043768,F
0.0,0.0,0.0,0.08071178197860718,-0.04395854473114014,-0.0340710850334176,0.15480199456214905,-0.10802483558654785,-0.052191355255843064,0.19957172870635986,-0.16640794277191162,-0.07187306600570764,0.190251886844635,-0.23071914911270142,-0.08737311976909723,0.09384781122207642,-0.27879035472869873,-0.018957003009916207,0.13619229197502136,-0.34886646270751953,-0.07333187478542413,0.1546693742275238,-0.30070358514785767,-0.11460644471407022,0.16165649890899658,-0.2405797839164734,-0.13296445178747263,0.04449629783630371,-0.3129129409790039,-0.025135994879008194,0.07235783338546753,-0.44002199172973633,-0.05718023794651117,0.099051833152771,-0.5189247131347656,-0.081339922723771,0.12584826350212097,-0.592218428850174,-0.09607634413004007,-0.004168599843978882,-0.3145744204521179,-0.04035998600483026,0.007175862789154053,-0.4288453459739685,-0.06871771532058801,0.028037339448928833,-0.4976094365119934,-0.0830697165703782,0.05210593342781067,-0.5558973550796509,-0.08888851570844736,-0.05419275164604187,-0.28339821100234985,-0.06054901796341028,-0.07284758985042572,-0.36333227157592773,-0.07683313357591715,-0.07746322453022003,-0.4262905716896057,-0.07910120206832971,-0.07476381957530975,-0.483667254447937,-0.07800629454612817,-1.2895275027641644,0.5131529804216871,-1.2873722594786265,-1.3416986084258582,-1.6731545093936837,0.03024778223147963,0.36719144318782243,0.3533060572383768,0.3663551127552989,0.3534571633646196,0.33380607705896115,0.33909598246161227,0.08220189562675735,0.22809771007349203,0.14599014235331198,F
0.0,0.0,0.0,0.08067163825035095,-0.048408567905426025,-0.033230236789876244,0.15093201398849487,-0.11105859279632568,-0.05277864175170066,0.19555935263633728,-0.16690760850906372,-0.07482683571308257,0.18855103850364685,-0.23001503944396973,-0.09276726009576919,0.0901038646697998,-0.28503483533859253,-0.01773024449377658,0.13932421803474426,-0.3524220585823059,-0.07574503036468627,0.15876755118370056,-0.29923462867736816,-0.12102124752729537,0.1635679304599762,-0.23766952753067017,-0.14174220623701217,0.04303508996963501,-0.31616532802581787,-0.025934937468463204,0.07147523760795593,-0.4454920291900635,-0.060255612305098794,0.09794735908508301,-0.5228936672210693,-0.08753762306898238,0.12274205684661865,-0.5942802727222443,-0.10503406735389831,-0.005364269018173218,-0.31499993801116943,-0.04340695875018241,0.005341857671737671,-0.42819923162460327,-0.07312099548309448,0.025139302015304565,-0.49655473232269287,-0.08877217682331207,0.048422545194625854,-0.5555126070976257,-0.0960166296574414,-0.05681677162647247,-0.28229451179504395,-0.06586471857755782,-0.07561877369880676,-0.36338376998901367,-0.08251326443880203,-0.07886680960655212,-0.42606937885284424,-0.08449618431060912,-0.07494214177131653,-0.4829815626144409,-0.08370264532297256,-1.2645060183475945,0.5726694405457202,-1.2916805709193135,-1.3507824269074322,-1.6608685386091788,0.026129425469978484,0.3701621026550541,0.35437926178813384,0.36526800831221296,0.35894007235523817,0.3380572184949051,0.34214770072691947,0.0838231573622285,0.2268621723753788,0.14310694743452076,F
0.0,0.0,0.0,0.07976144552230835,-0.04800945520401001,-0.03349722593742399,0.15028724074363708,-0.1123276948928833,-0.05193464129882841,0.19790223240852356,-0.1681070327758789,-0.0727353063197711,0.19299978017807007,-0.23293638229370117,-0.08939721852260618,0.09001779556274414,-0.2870105504989624,-0.01583580903428583,0.14063644409179688,-0.3561479449272156,-0.07232121795135527,0.15975749492645264,-0.30577874183654785,-0.11705735742765455,0.16432398557662964,-0.24517172574996948,-0.13726965009885816,0.0429149866104126,-0.31928539276123047,-0.022579752353010463,0.07236051559448242,-0.44818758964538574,-0.05427737950998335,0.09821414947509766,-0.5271404981613159,-0.08007214635330229,0.12268897891044617,-0.5985473394393921,-0.09651097327190428,-0.005377426743507385,-0.3188124895095825,-0.03867705583292036,0.005770623683929443,-0.43065378069877625,-0.0658443760843852,0.026813015341758728,-0.4994242787361145,-0.07987392365652113,0.05090141296386719,-0.5571475028991699,-0.08596258282381086,-0.05673007667064667,-0.28708404302597046,-0.059996717122373866,-0.07386548817157745,-0.36846423149108887,-0.07511650442796736,-0.0760926753282547,-0.4317450225353241,-0.07610522627550154,-0.07114790380001068,-0.4884745478630066,-0.07425744503456144,-1.2304367650636587,0.5128145690476739,-1.2925467757057032,-1.3389106230450354,-1.6422657865048498,0.03117699192540627,0.3723103285699761,0.35398417576100244,0.3675238128523236,0.35581989563607763,0.3319541617542171,0.33859012675323674,0.08286978393896982,0.22290974977404152,0.14004288798767436,F
0.0,0.0,0.0,0.08105862140655518,-0.04983973503112793,-0.031820987038145176,0.154241681098938,-0.11272776126861572,-0.050575759880075566,0.20130127668380737,-0.16991519927978516,-0.07233199539018642,0.18741878867149353,-0.23304539918899536,-0.0903296625835992,0.09188741445541382,-0.2899802327156067,-0.01307633022202026,0.1386345624923706,-0.35862743854522705,-0.06941547306610119,0.15794050693511963,-0.3069382309913635,-0.11348538162542354,0.16336938738822937,-0.24433869123458862,-0.13318231018615734,0.043121546506881714,-0.31995856761932373,-0.021554513521323315,0.07215473055839539,-0.4506053030490875,-0.05283814730478298,0.09493058919906616,-0.5280508995056152,-0.07761461349559795,0.11776632070541382,-0.5996700823307037,-0.09317201437784206,-0.00592958927154541,-0.31825947761535645,-0.03945326121879589,0.005977407097816467,-0.43098580837249756,-0.06648919793201458,0.025541484355926514,-0.5006494522094727,-0.07998804809881221,0.048337459564208984,-0.5605289936065674,-0.08585019471479427,-0.05823294818401337,-0.28583699464797974,-0.0625368660910226,-0.07592280209064484,-0.3657240867614746,-0.07695111694170009,-0.07929550111293793,-0.4289933741092682,-0.0774737751705743,-0.07597672939300537,-0.48697125911712646,-0.07560581030679714,-1.3017366965507038,0.5682513335379054,-1.3100102439335046,-1.3504391013948496,-1.658787125209831,0.02656900726994759,0.37318242801949264,0.3557936490704993,0.3658627355671887,0.35824577762923826,0.33646493388315224,0.3408183190726854,0.07970189198428991,0.2241369987645139,0.14444638409911506,F
0.0,0.0,0.0,0.08361417055130005,-0.05432802438735962,-0.02976715869303348,0.1560344099998474,-0.1193612813949585,-0.04751554994876983,0.19858306646347046,-0.17857259511947632,-0.06845587610300186,0.18165713548660278,-0.23923110961914062,-0.08557072400148513,0.08946752548217773,-0.2949792742729187,-0.010983753269869112,0.13548660278320312,-0.3624138832092285,-0.0661410403161824,0.15522226691246033,-0.307219922542572,-0.11026536791618469,0.16150659322738647,-0.24494808912277222,-0.13066022216375472,0.04145115613937378,-0.32381463050842285,-0.02055128409560325,0.06939297914505005,-0.45402634143829346,-0.05100339024360778,0.0935421884059906,-0.5317034721374512,-0.07643333940799835,0.11648336052894592,-0.6037168502807617,-0.0930882927685559,-0.007405638694763184,-0.3216491937637329,-0.039328255942422174,0.004455924034118652,-0.43744784593582153,-0.06611183404024246,0.024033725261688232,-0.5069161057472229,-0.08066974698598983,0.04661574959754944,-0.5665102899074554,-0.08759722231920364,-0.059118032455444336,-0.28904956579208374,-0.06300648420150878,-0.07830774784088135,-0.37012559175491333,-0.077473716130811,-0.08186423778533936,-0.4333226680755615,-0.0786072176605046,-0.0785437524318695,-0.49144500494003296,-0.07746370255048873,-1.360210859404348,0.6070256361352764,-1.3088881727416397,-1.353654202509491,-1.666482266374038,0.02094583987300118,0.3702667634123833,0.3540449657219087,0.3623759802560035,0.36158279199300464,0.34147057695131594,0.34407106527365827,0.07915687709904604,0.2250345352296913,0.14594416040216365,F
0.0,0.0,0.0,0.08438634872436523,-0.050546884536743164,-0.031903247375424826,0.1585623323917389,-0.11596095561981201,-0.050653929848607504,0.2019888460636139,-0.17619025707244873,-0.07243372409456583,0.1866742968559265,-0.23854273557662964,-0.09068033008688303,0.091419517993927,-0.2916627526283264,-0.013770150047179186,0.13597774505615234,-0.3604227304458618,-0.06953398792856547,0.156939297914505,-0.30805253982543945,-0.11249960868471476,0.16405192017555237,-0.24555903673171997,-0.13177141456716868,0.04228168725967407,-0.3212399482727051,-0.022702847633894407,0.07001712918281555,-0.4521302580833435,-0.05379931538217875,0.09290891885757446,-0.5305169820785522,-0.07801236121767374,0.1153537929058075,-0.6043173670768738,-0.09335256277435633,-0.006963074207305908,-0.31918197870254517,-0.04110111578219744,0.0038077831268310547,-0.43343761563301086,-0.06891844331138941,0.02367711067199707,-0.504042774438858,-0.08320805339926096,0.04657432436943054,-0.5654316544532776,-0.089747427989181,-0.0592961460351944,-0.28626519441604614,-0.06456517337673517,-0.07891377806663513,-0.3673822283744812,-0.08050291894787165,-0.08322130143642426,-0.43093153834342957,-0.08226945905798289,-0.08080172538757324,-0.48982563614845276,-0.08144511937015864,-1.3453621618177223,0.5655827790977207,-1.3181762469441123,-1.3567167964234716,-1.676053028616084,0.02368544718952247,0.37266297821602606,0.3556464080727664,0.36699661932365796,0.36204840448705583,0.3407630805771486,0.34586049114659995,0.07901084696667525,0.22712407139695867,0.14812470440682138,F
0.0,0.0,0.0,0.08508889377117157,-0.05262327194213867,-0.028724779226848796,0.15955357253551483,-0.11986982822418213,-0.045099493899414256,0.2065059095621109,-0.17801642417907715,-0.06529457572943898,0.19574932754039764,-0.24070799350738525,-0.08136556003339024,0.0949878841638565,-0.2980274558067322,-0.007685238347420409,0.1422891467809677,-0.36798638105392456,-0.06437121782548161,0.16328974068164825,-0.31223803758621216,-0.1091201872015688,0.17056767642498016,-0.24744725227355957,-0.12949391905314656,0.04651583731174469,-0.32777345180511475,-0.01835581179804535,0.07440073788166046,-0.46205949783325195,-0.050887883492777064,0.0976027101278305,-0.5425939559936523,-0.07728361044175358,0.12053777277469635,-0.6174459457397461,-0.093866218664715,-0.0031808018684387207,-0.32489198446273804,-0.03849237863070698,0.011253610253334045,-0.4428706169128418,-0.06727286134011479,0.03180132806301117,-0.5128532648086548,-0.0816628381992075,0.0557219535112381,-0.5744443535804749,-0.08772462312228413,-0.056261152029037476,-0.2897135615348816,-0.06354115609175892,-0.07335005700588226,-0.37159937620162964,-0.07963833663708897,-0.07569783926010132,-0.43645375967025757,-0.08057450208909245,-0.07119181752204895,-0.49640053510665894,-0.07866130475051136,-1.279762432022582,0.5897745640604365,-1.32061353613087,-1.3390050424570044,-1.6429091221389498,0.026067856866571593,0.3841721783556257,0.36192212354640196,0.36964341027096165,0.3733658051106739,0.3465784822153635,0.34702361583457225,0.07778320741024751,0.22674264537287753,0.14898974085440764,F
0.0,0.0,0.0,0.08788949251174927,-0.05014944076538086,-0.027192266246743202,0.16251277923583984,-0.11539769172668457,-0.042976073509521484,0.20868641138076782,-0.17372077703475952,-0.06274569365984917,0.1965080201625824,-0.24009215831756592,-0.07916508946425438,0.09998947381973267,-0.29385852813720703,-0.007597866988248825,0.1479703187942505,-0.3592718839645386,-0.0632055658460331,0.16743412613868713,-0.30358004570007324,-0.10860565636164665,0.17255640029907227,-0.2392057180404663,-0.1298593539357853,0.05149981379508972,-0.3229096531867981,-0.018313722273774147,0.0803074836730957,-0.4559811055660248,-0.0476016360879612,0.10233667492866516,-0.5364717841148376,-0.07461343292004585,0.12248614430427551,-0.6101768612861633,-0.09349415037638664,0.0006001144647598267,-0.3214712142944336,-0.03804458264119148,0.01614135503768921,-0.43769747018814087,-0.063162203466959,0.03609552979469299,-0.5068936347961426,-0.07827923778302193,0.05921781063079834,-0.5671426057815552,-0.08694342110163689,-0.05440501868724823,-0.2909777760505676,-0.06253644410378456,-0.06989575922489166,-0.37363630533218384,-0.07562092278010368,-0.07021696865558624,-0.4368889629840851,-0.07627157453305244,-0.06399726867675781,-0.4950906038284302,-0.07569775316721916,-1.3046363971393813,0.6455055283038534,-1.3285403912585225,-1.3365735839604793,-1.6177566177936096,0.023968017657932363,0.37741479233985725,0.35469789514413075,0.36453698403073626,0.37433490306997014,0.3469700826430211,0.348474838518717,0.07651685561139024,0.21913673807164846,0.14273558334984476,F
0.0,0.0,0.0,0.08384092152118683,-0.05195188522338867,-0.030629477303563135,0.1562102884054184,-0.11928033828735352,-0.04962057883673765,0.2021053582429886,-0.17743289470672607,-0.07250108460718252,0.19128675758838654,-0.24271750450134277,-0.09167503456407644,0.09465755522251129,-0.2985389828681946,-0.010647378701804655,0.14349333941936493,-0.3663212060928345,-0.06975360105568029,0.16333352029323578,-0.307584285736084,-0.11793407688671209,0.16791494190692902,-0.23991525173187256,-0.13994730899864294,0.04491265118122101,-0.32802814245224,-0.020365976568399446,0.0726252943277359,-0.46006426215171814,-0.05082316960030653,0.09676606953144073,-0.5399030148983002,-0.0780093137436495,0.1199716180562973,-0.6141522228717804,-0.09660740087562658,-0.007417693734169006,-0.3259023427963257,-0.0398296404891596,0.007779970765113831,-0.44133931398391724,-0.06645009557539083,0.028816774487495422,-0.510383129119873,-0.08164144198232748,0.05242951214313507,-0.5702439248561859,-0.08957169095808126,-0.0634184181690216,-0.2943260073661804,-0.06442984829479315,-0.07378104329109192,-0.3793586492538452,-0.07915066073471166,-0.07297560572624207,-0.4425010085105896,-0.07997751871877767,-0.06644389033317566,-0.4999718964099884,-0.07878383884960272,-1.2939300101690756,0.6748892638516178,-1.3142469235498608,-1.330592689007832,-1.5855073133574897,0.023539209605082902,0.37821898304739765,0.3557455419862633,0.3641495695924345,0.37729547157343246,0.3499341606299643,0.35007644977945224,0.0805597586007498,0.21860441148116627,0.13809070858764594,F
0.0,0.0,0.0,0.08246789872646332,-0.05390089750289917,-0.030546045032536995,0.15355117619037628,-0.12192791700363159,-0.04911876666287185,0.2001756876707077,-0.18010640144348145,-0.0712017511103511,0.19080571830272675,-0.2464122772216797,-0.08968337821701766,0.09178073704242706,-0.3022177815437317,-0.011641625416672241,0.14284555613994598,-0.3687342405319214,-0.07051272886732818,0.1626894623041153,-0.31288498640060425,-0.11856054711083175,0.166849747300148,-0.24792665243148804,-0.14064735370615722,0.04283080995082855,-0.3320852518081665,-0.02131817127505542,0.07220445573329926,-0.4657266139984131,-0.052358338711059105,0.09692580997943878,-0.5457292795181274,-0.07973194318751098,0.11993210017681122,-0.6183569431304932,-0.0983166043732524,-0.009006187319755554,-0.3292410373687744,-0.040569709715640556,0.0070965588092803955,-0.44637608528137207,-0.06805788176993133,0.028448954224586487,-0.5155988335609436,-0.08394852477053405,0.05260021984577179,-0.5752629935741425,-0.09221779006460906,-0.06523506343364716,-0.29654109477996826,-0.06474214243630172,-0.07501152157783508,-0.3823508024215698,-0.08056014972666503,-0.07316896319389343,-0.4454229474067688,-0.08208760070542098,-0.06461203098297119,-0.503287136554718,-0.08131982582548858,-1.2800085980393123,0.6261380168742001,-1.3077099344070189,-1.3254316307108436,-1.5677828201789477,0.024003788845773397,0.37863690290867974,0.3567121436806761,0.3622470427864662,0.3733896970712226,0.34670165092801114,0.34464986821067295,0.07994166996803803,0.21748010651759686,0.13754721275991305,F
0.0,0.0,0.0,0.08476297557353973,-0.05323195457458496,-0.030900172404187742,0.15581144392490387,-0.11920672655105591,-0.04952650841249806,0.19971568882465363,-0.17720848321914673,-0.07173169355763775,0.19238980114459991,-0.2428833246231079,-0.09015482615603787,0.09125097095966339,-0.2979743480682373,-0.010973215549427096,0.14162220060825348,-0.36514973640441895,-0.07039602052344662,0.1612163931131363,-0.3061804175376892,-0.11894778858794552,0.16526465117931366,-0.23928219079971313,-0.14123501580132825,0.042591363191604614,-0.3268664479255676,-0.0201767342902599,0.0707627683877945,-0.4578437805175781,-0.051615133396524016,0.09437330067157745,-0.5376774072647095,-0.07986945610417706,0.11606897413730621,-0.6115115284919739,-0.09905967812909466,-0.008721604943275452,-0.3239351511001587,-0.039101473502057615,0.006823256611824036,-0.4391418993473053,-0.06663620423449856,0.027649328112602234,-0.5073826313018799,-0.08250421982182843,0.05089204013347626,-0.5663467943668365,-0.09055744808091504,-0.06407053768634796,-0.29155778884887695,-0.06301137011422497,-0.07398828864097595,-0.3764162063598633,-0.07856664013041836,-0.07274985313415527,-0.4390670657157898,-0.07980267655028683,-0.06584380567073822,-0.49585679173469543,-0.07859855841769559,-1.283235701179121,0.6704523181748275,-1.318173488837024,-1.3296622147290884,-1.579475877011225,0.0273631490412428,0.3764460403864855,0.35305839832783065,0.3614971241259273,0.37546623613640756,0.3464857126404522,0.34531383504365665,0.07929619117419165,0.21556501940687275,0.1363675114046766,F
0.0,0.0,0.0,0.0821191668510437,-0.05119580030441284,-0.03369192611052085,0.1556563675403595,-0.11590701341629028,-0.05338359456135322,0.20408236980438232,-0.17732161283493042,-0.07576696779204894,0.1930115520954132,-0.24577432870864868,-0.09447414632512618,0.09362950921058655,-0.2997198700904846,-0.012991166856124892,0.1423037052154541,-0.36886221170425415,-0.06972442771865417,0.16230428218841553,-0.3163478374481201,-0.11514228041841079,0.1684129238128662,-0.2526453137397766,-0.13610048051549484,0.045984163880348206,-0.32855772972106934,-0.02061343583835651,0.07502463459968567,-0.4611131548881531,-0.05250549520923187,0.09610298275947571,-0.5393730998039246,-0.07931139524652053,0.11841040849685669,-0.6132238209247589,-0.09707264806701232,-0.0038674473762512207,-0.3261259198188782,-0.037802325744166865,0.011533260345458984,-0.44076985120773315,-0.06600591744853546,0.03242582082748413,-0.5106426477432251,-0.08115698601676513,0.056821972131729126,-0.572036862373352,-0.08858867939187576,-0.05949479341506958,-0.29481083154678345,-0.06011896784974624,-0.07097640633583069,-0.37926357984542847,-0.07492970879746963,-0.06951569020748138,-0.4416896104812622,-0.07574524189902831,-0.06201161444187164,-0.49896252155303955,-0.0746301880068927,-1.2907161308372659,0.5618133744713583,-1.3216570681289712,-1.3288370591742378,-1.5831238932852647,0.025540222173679406,0.3749459427118657,0.3535460968020951,0.35936204093714763,0.3640289979955966,0.3383245510388737,0.3372945814786109,0.0740911671430318,0.2135597127161785,0.13950369380152147,F
0.0,0.0,0.0,0.07994529604911804,-0.06515061855316162,-0.02574478498573285,0.14476144313812256,-0.129616379737854,-0.04400531797583085,0.19346538186073303,-0.18589341640472412,-0.06663534640247804,0.1884630024433136,-0.25150519609451294,-0.08645702748472672,0.08156710863113403,-0.29908639192581177,-0.006092832786094959,0.1276398003101349,-0.36842048168182373,-0.05900332181627732,0.15276917815208435,-0.31981348991394043,-0.10330651550466996,0.16761070489883423,-0.2605820298194885,-0.12577010541136247,0.0397169291973114,-0.3221815824508667,-0.0173821229385851,0.06320735812187195,-0.4541337788105011,-0.04854017718608361,0.08309438824653625,-0.5319788455963135,-0.07637531905348283,0.10624882578849792,-0.6048631370067596,-0.09608267842705231,-0.004985421895980835,-0.31618809700012207,-0.03716525657947045,0.008660733699798584,-0.43602627515792847,-0.06460584550077897,0.03139868378639221,-0.5056475400924683,-0.07912248223001939,0.059434980154037476,-0.5660736858844757,-0.08716433345253449,-0.05488014221191406,-0.28462642431259155,-0.06134852244431954,-0.06504620611667633,-0.37006664276123047,-0.07682037948544007,-0.05709671974182129,-0.43438583612442017,-0.07832037507469636,-0.042399004101753235,-0.49290236830711365,-0.07827848791058045,-1.2265371616845746,0.4207715546662595,-1.3396433485488635,-1.3184904525020373,-1.510941935784821,0.022742190381631108,0.362796093210459,0.34000230191076625,0.33402074908342816,0.34970667848075876,0.3240789091400279,0.31317218514663164,0.06079603327072537,0.18609511293662892,0.1253961804259436,F
0.0,0.0,0.0,0.07773242890834808,-0.059171199798583984,-0.027177727474565927,0.1450497955083847,-0.12459075450897217,-0.044901785134072725,0.19668342173099518,-0.18179327249526978,-0.06611740279078049,0.1913159340620041,-0.24676012992858887,-0.08405448931335968,0.08142067492008209,-0.2938312888145447,-0.007620072616930429,0.1294826716184616,-0.3620295524597168,-0.058171988158221666,0.15534140169620514,-0.3153696656227112,-0.09885035890221161,0.1680404096841812,-0.2553849220275879,-0.11781105834126038,0.038656994700431824,-0.317810595035553,-0.016453754781480256,0.0632438212633133,-0.4503924250602722,-0.045010511456723634,0.08145762979984283,-0.5282213389873505,-0.06861064272999329,0.1016371101140976,-0.5995668768882751,-0.08386800873159928,-0.005713433027267456,-0.3128357529640198,-0.03364880818008942,0.007495179772377014,-0.4331931471824646,-0.058819566546674196,0.029622957110404968,-0.5031953454017639,-0.06944688099503082,0.055560991168022156,-0.5615209639072418,-0.07353055912136597,-0.05503937602043152,-0.28195762634277344,-0.05539160284280342,-0.0628509670495987,-0.3669378161430359,-0.06859888571381134,-0.054736509919166565,-0.4309878349304199,-0.06730740207314057,-0.04079809784889221,-0.48731374740600586,-0.06407627153276962,-1.2087815062082685,0.4177297332682947,-1.3508844195337555,-1.329214868679837,-1.501558003058687,0.024822108569047534,0.36402594985104525,0.3427882540681425,0.33427977308147744,0.35052905192796563,0.32614551311872203,0.31209694370508384,0.05975366291444611,0.1813520155554475,0.12162148254741402,F
0.0,0.0,0.0,0.07717850804328918,-0.06116795539855957,-0.027182501856174213,0.14089959859848022,-0.12214785814285278,-0.04570843011507009,0.1896369457244873,-0.17824935913085938,-0.0680416795648,0.18471026420593262,-0.24374502897262573,-0.08708508044847463,0.07656681537628174,-0.29063570499420166,-0.003946089766856176,0.12113675475120544,-0.3546236753463745,-0.053997517678823215,0.14724713563919067,-0.31399035453796387,-0.09422073245414708,0.16117414832115173,-0.25710976123809814,-0.11268253356584523,0.03479143977165222,-0.31528937816619873,-0.012784625519003612,0.05742451548576355,-0.44519150257110596,-0.041686439070787173,0.07599392533302307,-0.5225952863693237,-0.06409919739135717,0.09855413436889648,-0.5940889716148376,-0.07775568694242452,-0.0077377259731292725,-0.312167763710022,-0.030408681485738498,0.0039358437061309814,-0.4293941259384155,-0.05632546276220296,0.02639031410217285,-0.49816960096359253,-0.06573532253869985,0.053104281425476074,-0.5543031096458435,-0.06809291720756505,-0.05596834421157837,-0.283072292804718,-0.052685772184219104,-0.06465873122215271,-0.3678041100502014,-0.06616693467267964,-0.057113245129585266,-0.42960137128829956,-0.06399054557451223,-0.04279574751853943,-0.48260849714279175,-0.05956521734961484,-1.224980977959668,0.37727238689469106,-1.3459587898301872,-1.3246201671084556,-1.5048759055263452,0.027065934668316822,0.3607821459753596,0.3372928344555257,0.32987079561103244,0.3427480917138876,0.31623248167867984,0.3040615041459034,0.06040367493120261,0.1800213467844982,0.11973693253723246,F
0.0,0.0,0.0,0.07880185544490814,-0.05645406246185303,-0.023231064107051225,0.14167596399784088,-0.11206138134002686,-0.038525940056672425,0.1860760897397995,-0.16747069358825684,-0.05710461842619452,0.1835045963525772,-0.23413729667663574,-0.0731012086828855,0.07653747498989105,-0.27296698093414307,-0.0066099708413389635,0.11992092430591583,-0.3304675817489624,-0.051295322503676744,0.14532627165317535,-0.29275399446487427,-0.08628686624371085,0.157936230301857,-0.23893362283706665,-0.1026528711875585,0.03732706606388092,-0.29807180166244507,-0.016833708759179444,0.05773173272609711,-0.42644810676574707,-0.04367695110641989,0.07704891264438629,-0.5012230277061462,-0.06541379648052725,0.09833134710788727,-0.5648231208324432,-0.07954654949509177,-0.003994569182395935,-0.29523706436157227,-0.03448889138900313,0.006568998098373413,-0.4122883379459381,-0.060183101471295686,0.028807654976844788,-0.4786148965358734,-0.07128764795862708,0.05460937321186066,-0.5301989912986755,-0.07571253287397894,-0.05066768825054169,-0.26698118448257446,-0.05587503420912299,-0.06022903323173523,-0.3503117561340332,-0.07212327527605567,-0.05257168412208557,-0.41072380542755127,-0.07310423361860785,-0.038047850131988525,-0.46253833174705505,-0.07129620122515234,-1.2406893233026306,0.3960174308956857,-1.3459691929020479,-1.326364667927604,-1.5063529474169415,0.0260143438729647,0.3414785449841669,0.3229032449062243,0.31820201030875855,0.33129549801385066,0.30905008374238196,0.2973362164792925,0.055771330872913166,0.17047423124342076,0.1147315383351598,F
0.0,0.0,0.0,0.07945771515369415,-0.05242156982421875,-0.023843527802284825,0.1432884782552719,-0.11056411266326904,-0.03900331541245805,0.18620257079601288,-0.16575920581817627,-0.05717292710488664,0.18611203134059906,-0.23003631830215454,-0.07241375281756746,0.07687424123287201,-0.2702088952064514,-0.008734255128558743,0.11972068250179291,-0.3261744976043701,-0.05357281401103364,0.14678718149662018,-0.28298574686050415,-0.0878916336531006,0.16088427603244781,-0.2285342812538147,-0.10313847198432313,0.03920935094356537,-0.29502642154693604,-0.017788452127035725,0.05847068130970001,-0.41969919204711914,-0.04085651322549211,0.07832841575145721,-0.49138081073760986,-0.05873537718599664,0.09945623576641083,-0.5558909773826599,-0.07016441508477556,-0.001215428113937378,-0.2920857071876526,-0.034414331459458936,0.010027691721916199,-0.40766260027885437,-0.05667037799304353,0.032033905386924744,-0.4755637049674988,-0.06472920163815843,0.055623188614845276,-0.5287269353866577,-0.06725176706260072,-0.04639241099357605,-0.26402193307876587,-0.05501923247521745,-0.05560176074504852,-0.3501768112182617,-0.07125452443307267,-0.04875911772251129,-0.41316476464271545,-0.07209923400824891,-0.03499235212802887,-0.4663557708263397,-0.06938612743562089,-1.2266229290574333,0.4604963383261004,-1.3438250715034705,-1.335072660144246,-1.5145130145004597,0.025272430693990214,0.3371801977445708,0.3259500311554331,0.32362637721664883,0.33307027881712736,0.31811244257283755,0.30810179220837436,0.05156763713950776,0.16153320401667207,0.11000608343511623,F
0.0,0.0,0.0,0.07756802439689636,-0.047490596771240234,-0.026267272648823337,0.139524906873703,-0.10270804166793823,-0.041979859811675624,0.18088731169700623,-0.15682202577590942,-0.05991812725127943,0.17989709973335266,-0.22177022695541382,-0.07487179268659361,0.07548397779464722,-0.2590221166610718,-0.011452848320317344,0.115155428647995,-0.3139253258705139,-0.05512265045703657,0.14102885127067566,-0.27872490882873535,-0.08772952784360655,0.15501359105110168,-0.22906601428985596,-0.10224153031171568,0.03816983103752136,-0.2851693034172058,-0.01887791906059988,0.057922035455703735,-0.4066983461380005,-0.04468080331147917,0.07751083374023438,-0.4770616292953491,-0.06256478209556349,0.09881070256233215,-0.5394457876682281,-0.07313102413476713,-0.0016534924507141113,-0.28457725048065186,-0.03378841583193548,0.009715050458908081,-0.39577609300613403,-0.05853597377003439,0.03176659345626831,-0.4603501558303833,-0.06593049247325666,0.056053727865219116,-0.5110171735286713,-0.0667941041714073,-0.04659484326839447,-0.2597101330757141,-0.05276361037553556,-0.05388791859149933,-0.34331420063972473,-0.06938794930042036,-0.04587739706039429,-0.4039354920387268,-0.06973846186460264,-0.03161679208278656,-0.4551253318786621,-0.06635238905013807,-1.243878297120635,0.3602304841214931,-1.3366852783378735,-1.3212623148543134,-1.49429857658005,0.025931014580402867,0.3278608937954898,0.3146442067758783,0.3149487758746645,0.31542727909439083,0.2988135049121448,0.2931445291616725,0.051345350199851376,0.15531023991985407,0.10397123655599831,F
0.0,0.0,0.0,0.07657426595687866,-0.050085604190826416,-0.024102582978230203,0.13756686449050903,-0.1033773422241211,-0.038399747954827035,0.1780959963798523,-0.15549933910369873,-0.05536193345687934,0.17821502685546875,-0.21752500534057617,-0.06924475674532005,0.07291275262832642,-0.26148128509521484,-0.006996046668064082,0.11426994204521179,-0.31778448820114136,-0.05009769965909072,0.13986390829086304,-0.2814006805419922,-0.08360732291839668,0.15362167358398438,-0.23036277294158936,-0.09873779808185645,0.03602325916290283,-0.2874002456665039,-0.0149279380311782,0.05601963400840759,-0.4093468487262726,-0.03954681699178764,0.0764555037021637,-0.479308545589447,-0.05825110097430297,0.09858754277229309,-0.5410967767238617,-0.06952923481367179,-0.002777993679046631,-0.2864888906478882,-0.030355452941876138,0.007458537817001343,-0.3972097933292389,-0.05412699599764892,0.029378741979599,-0.46069538593292236,-0.06267012600801536,0.05407440662384033,-0.5102570652961731,-0.06445380990408012,-0.046849921345710754,-0.2615906596183777,-0.049720148937922204,-0.05490963160991669,-0.3445953130722046,-0.06542788391016074,-0.048170626163482666,-0.4037880301475525,-0.06572479699752876,-0.03469337522983551,-0.45343345403671265,-0.06238656808636733,-1.2286961828106127,0.36800056517384283,-1.3290101114643156,-1.32199235345633,-1.5075137099662308,0.027742409810859167,0.3332254904078222,0.31796690475164324,0.3177778844487691,0.31556992356807323,0.2970698120844785,0.2919299340149851,0.05415262773600002,0.15952636536961953,0.10539754215250023,F
0.0,0.0,0.0,0.07591861486434937,-0.04745668172836304,-0.025478305472148577,0.13554200530052185,-0.10153496265411377,-0.042135844184173266,0.17783769965171814,-0.1536005735397339,-0.0617558939290177,0.17710474133491516,-0.2177969217300415,-0.0786388983857762,0.07509377598762512,-0.2610120177268982,-0.009616027763200918,0.11688664555549622,-0.3174125850200653,-0.05394423956991545,0.14214298129081726,-0.27838969230651855,-0.08790116961122862,0.15421253442764282,-0.22353196144104004,-0.1032680442464482,0.03812277317047119,-0.2852237820625305,-0.017680220482958475,0.05884250998497009,-0.40493303537368774,-0.04299408028842322,0.07725784182548523,-0.47526028752326965,-0.062081339014781634,0.09721425175666809,-0.5363156795501709,-0.07416667248131148,-0.0015440583229064941,-0.28277283906936646,-0.0333164205682408,0.009259223937988281,-0.39339929819107056,-0.056670880122197786,0.031225591897964478,-0.45742684602737427,-0.06476656551481597,0.05587223172187805,-0.5069226324558258,-0.06718213315130583,-0.04608370363712311,-0.25639402866363525,-0.05310225690723769,-0.05414119362831116,-0.3378431797027588,-0.06810782308699004,-0.04564167559146881,-0.3970170021057129,-0.06826208735824935,-0.030506044626235962,-0.44732779264450073,-0.06562499905945174,-1.22746265336662,0.44240260726791525,-1.3396640282993357,-1.320036514872491,-1.4893899144087934,0.02359965714946083,0.32838497134968014,0.31351395182633424,0.30949419889580654,0.3179346765321653,0.2999684776013506,0.2901818869463288,0.05072586951494641,0.15566411957825477,0.1049416578724038,F
0.0,0.0,0.0,0.07381218671798706,-0.04773050546646118,-0.028688145270905352,0.13049188256263733,-0.1006695032119751,-0.04727788216467843,0.17216667532920837,-0.15248537063598633,-0.0682847122013186,0.17401182651519775,-0.21920311450958252,-0.08668826467391,0.07129925489425659,-0.26112300157546997,-0.014262692472300387,0.11083373427391052,-0.3210272789001465,-0.06024615413542733,0.1361033022403717,-0.2864704132080078,-0.09489130920763955,0.1504758894443512,-0.2354474663734436,-0.11094891226883874,0.034780532121658325,-0.28624892234802246,-0.02119822002049432,0.05562642216682434,-0.4074268341064453,-0.04902461118098245,0.07441818714141846,-0.47550272941589355,-0.06880603677626596,0.09650477766990662,-0.5359489619731903,-0.0813404092847918,-0.004300475120544434,-0.28475505113601685,-0.03599505073424325,0.007992863655090332,-0.3945655822753906,-0.062320202058515406,0.030678093433380127,-0.45871782302856445,-0.07236668414469705,0.05683523416519165,-0.5094237625598907,-0.0759395430147265,-0.04888501763343811,-0.26051604747772217,-0.05498965031500802,-0.05550365149974823,-0.3432391881942749,-0.07238905078764901,-0.046744972467422485,-0.4028851389884949,-0.07447795516844735,-0.03146752715110779,-0.4538060426712036,-0.07339884287711129,-1.218923103832491,0.31358210189831137,-1.3284607437274851,-1.3051143217462513,-1.4809283754230596,0.02859754012637759,0.326090899146458,0.31298303204726674,0.31186583443065613,0.3053097275945432,0.2895368425488442,0.2842250423259946,0.04772063375299809,0.15206699179195768,0.10435855701234956,F
0.0,0.0,0.0,0.07742495834827423,-0.05066198110580444,-0.024861000886744478,0.13962377607822418,-0.10474330186843872,-0.039882729238456704,0.18213270604610443,-0.15756547451019287,-0.05770107585806272,0.18020643293857574,-0.22055178880691528,-0.07251978520173452,0.07586871087551117,-0.26084816455841064,-0.007628686668908813,0.11713750660419464,-0.31635960936546326,-0.04953653219956777,0.14166779816150665,-0.2800089120864868,-0.08105489466208837,0.15342621505260468,-0.22836315631866455,-0.09518889937419317,0.03903503715991974,-0.28632962703704834,-0.015891816875523546,0.05908958613872528,-0.4081372618675232,-0.04075752425808332,0.0789242833852768,-0.47803154587745667,-0.058688240534252145,0.10001431405544281,-0.5369835793972015,-0.06962483230847738,0.00011545419692993164,-0.28519922494888306,-0.03171793598551176,0.010530367493629456,-0.39700525999069214,-0.05581829178947828,0.033185943961143494,-0.459963321685791,-0.06327515695113561,0.058747127652168274,-0.5075730085372925,-0.06459966901559255,-0.04426419734954834,-0.2600017189979553,-0.0516247399510803,-0.05138985812664032,-0.3418213725090027,-0.06743024889249227,-0.04295019805431366,-0.40025794506073,-0.06738920364398382,-0.02830025553703308,-0.4493744969367981,-0.0642151669027271,-1.2337393406069235,0.39665055395794213,-1.3321516104611364,-1.3130005545653805,-1.4866961334524442,0.027896192077480696,0.3264350686233654,0.3116625473427473,0.3095720770595406,0.31320823218636157,0.29482583191933426,0.286130254944826,0.05067506637339845,0.15537046083234776,0.10471061871940464,F
0.0,0.0,0.0,0.07721155881881714,-0.05137509107589722,-0.021746681304875892,0.13974043726921082,-0.1053541898727417,-0.03573209163755564,0.1813666820526123,-0.15694361925125122,-0.05307622370332865,0.17489102482795715,-0.21792614459991455,-0.06756235775560526,0.076311856508255,-0.2632584571838379,-0.00506069255084185,0.1184895932674408,-0.3172236979007721,-0.04549759370297579,0.14243832230567932,-0.2793072462081909,-0.0761624213776031,0.15279972553253174,-0.2265745997428894,-0.08995216456264643,0.03944098949432373,-0.2867361307144165,-0.014539317460958046,0.05877852439880371,-0.40634262561798096,-0.03768464294284968,0.07797455787658691,-0.4757455587387085,-0.055426796199981254,0.09788793325424194,-0.5338411331176758,-0.06689977762312083,0.0005222558975219727,-0.2844858169555664,-0.03125708294123797,0.01017788052558899,-0.3965616822242737,-0.05344406631797938,0.03195685148239136,-0.4598906636238098,-0.06130569544643549,0.05673357844352722,-0.5075794458389282,-0.06386152026266245,-0.04306513071060181,-0.25976431369781494,-0.05183754605263857,-0.05093279480934143,-0.3416167199611664,-0.06678515044063715,-0.042051687836647034,-0.39944618940353394,-0.06754090008348612,-0.025510966777801514,-0.4483637809753418,-0.06556683895200877,-1.2681392755721534,0.44719775475676443,-1.3385380089216323,-1.3239710629289907,-1.4779872950750386,0.02372385468089264,0.3251641986475251,0.3128261770612367,0.3053890346719217,0.3121346303494259,0.29697209994540685,0.28457888871796505,0.04881963886196752,0.15011217891424675,0.1013442656685605,F
0.0,0.0,0.0,0.07674387097358704,-0.04845327138900757,-0.026828046380614978,0.13478603959083557,-0.09974563121795654,-0.044669698416328174,0.17252078652381897,-0.1494411826133728,-0.06538075530443166,0.17075201869010925,-0.21124815940856934,-0.0834722476593015,0.07293844223022461,-0.2649306058883667,-0.011708890511727077,0.11452561616897583,-0.31766560673713684,-0.056907705455159885,0.1395263373851776,-0.27735447883605957,-0.0925187798729894,0.15206408500671387,-0.2257322072982788,-0.10981583171997045,0.03609779477119446,-0.28681838512420654,-0.01961077698979352,0.05498439073562622,-0.4033052921295166,-0.04690602371010755,0.07370340824127197,-0.4709640145301819,-0.0693324463954923,0.0951293408870697,-0.5321511626243591,-0.0849613206974027,-0.003406703472137451,-0.28298383951187134,-0.03505567037973378,0.008755981922149658,-0.3909685015678406,-0.060663859783744556,0.03186601400375366,-0.4535679221153259,-0.07332793944988225,0.05835479497909546,-0.5044485330581665,-0.07973470115575765,-0.04745018482208252,-0.257565438747406,-0.05450583571109746,-0.052826181054115295,-0.3388203978538513,-0.07128903591546987,-0.04290638864040375,-0.39744770526885986,-0.074396188794708,-0.026145055890083313,-0.44862276315689087,-0.07498503053102468,-1.2587751498970248,0.45995632790727187,-1.3346668401209507,-1.2988289112979132,-1.4597434096112913,0.023643741426144494,0.3296930798045593,0.31400572447999586,0.3084074585396899,0.3116635064794975,0.2940479914615506,0.28537466213757584,0.046041317440092815,0.14725648655070953,0.10127557149670213,F
0.0,0.0,0.0,0.07562115788459778,-0.05454134941101074,-0.025136175014779383,0.13190311193466187,-0.10739833116531372,-0.0423461072228406,0.16994839906692505,-0.15631383657455444,-0.06294412017683726,0.16828200221061707,-0.21851390600204468,-0.08064050079207163,0.06661605834960938,-0.2728549838066101,-0.007700261109278017,0.11041587591171265,-0.32675275206565857,-0.05343139768461924,0.1363925039768219,-0.28556281328201294,-0.08953344673733454,0.14956611394882202,-0.2339809536933899,-0.10656808913569193,0.030504584312438965,-0.2948669195175171,-0.016909042753979975,0.05041533708572388,-0.41349664330482483,-0.04400935993413668,0.07100933790206909,-0.4817456603050232,-0.06655973792891245,0.09360626339912415,-0.5432778596878052,-0.0819308146915887,-0.008195817470550537,-0.29033029079437256,-0.03395513296942454,0.004086434841156006,-0.3985469937324524,-0.05971138031105738,0.027672111988067627,-0.4617714285850525,-0.07276133299689036,0.05398070812225342,-0.5132738351821899,-0.07901429981808406,-0.051505282521247864,-0.263996422290802,-0.05492681116680842,-0.056023165583610535,-0.34823453426361084,-0.07194924206356745,-0.046303555369377136,-0.4077114164829254,-0.07518661619047862,-0.029045984148979187,-0.4597057104110718,-0.07556003928999644,-1.2543980797121304,0.4382494959816448,-1.3220364719230957,-1.2988180530244018,-1.4565376845061777,0.024279910166933174,0.3332387906301562,0.31614585507413956,0.3116276956799819,0.31431843873890486,0.2951966860541404,0.287843616191423,0.049703381349098345,0.1484179165846692,0.09880777105570208,F
0.0,0.0,0.0,0.0776684582233429,-0.053769707679748535,-0.023395986007074043,0.1326363980770111,-0.10514044761657715,-0.04017765511713378,0.1723874807357788,-0.15232819318771362,-0.060743392155984566,0.17477941513061523,-0.21489596366882324,-0.07868349616370551,0.07206133008003235,-0.2696495056152344,-0.00560788455373995,0.11460432410240173,-0.3209131956100464,-0.05066688422999732,0.1413491666316986,-0.2806301712989807,-0.08708597783885352,0.15565326809883118,-0.22897034883499146,-0.10502946441016547,0.03738963603973389,-0.2913123369216919,-0.01575625565789096,0.05702024698257446,-0.41026660799980164,-0.0418265244825875,0.07663765549659729,-0.47770464420318604,-0.0633365816339051,0.09911710023880005,-0.5381074547767639,-0.07834130589805,-0.0011541545391082764,-0.2874939441680908,-0.033742067114928886,0.011863023042678833,-0.39691680669784546,-0.05845381383738868,0.03567895293235779,-0.4593360424041748,-0.06940599595151298,0.062474727630615234,-0.5087308883666992,-0.07461883191905372,-0.04509170353412628,-0.26170462369918823,-0.05571121041617744,-0.050569355487823486,-0.34507250785827637,-0.0725940695866143,-0.04036515951156616,-0.40418919920921326,-0.07475604926190726,-0.022930502891540527,-0.45522207021713257,-0.07438646321139686,-1.2041833099741897,0.45290236747107165,-1.325708274715162,-1.290749394562574,-1.4567751893058871,0.023746532759269887,0.33194947488888515,0.3145652647809022,0.311200657410933,0.31426436092301696,0.29486980157835624,0.2882394918978375,0.04696430691921254,0.14753170643444444,0.10078316833829923,F
0.0,0.0,0.0,0.07715088129043579,-0.05305588245391846,-0.02357058948643953,0.1359630525112152,-0.1049315333366394,-0.03877313411601335,0.1761597990989685,-0.15492600202560425,-0.05724532506235391,0.17495843768119812,-0.21771740913391113,-0.07280377275117189,0.07357621192932129,-0.26514285802841187,-0.0062953296563819094,0.11624971032142639,-0.3169550895690918,-0.0477931497133568,0.1414613425731659,-0.2780076265335083,-0.07941583520539552,0.1534954011440277,-0.22684502601623535,-0.09396565682061464,0.038930416107177734,-0.28690868616104126,-0.015375344779272382,0.05895465612411499,-0.4059523940086365,-0.039778850737889115,0.0778975784778595,-0.47510063648223877,-0.05867766937979013,0.09854787588119507,-0.5350876450538635,-0.0711771247423485,0.0005919337272644043,-0.28403329849243164,-0.03194335452087671,0.012367665767669678,-0.3946678936481476,-0.0558156294263199,0.034909963607788086,-0.457558274269104,-0.06483504897721559,0.05993020534515381,-0.5056714415550232,-0.0680209619439438,-0.04337559640407562,-0.2602720856666565,-0.05245661712058336,-0.04759310185909271,-0.3427704870700836,-0.06897344416745455,-0.03801348805427551,-0.40200233459472656,-0.07031553960212023,-0.022131115198135376,-0.452090859413147,-0.06869845068820268,-1.2379153292365355,0.44687524049962773,-1.335043680140236,-1.3092052840678576,-1.4604929841454588,0.02332327865773597,0.32643903045205597,0.3100790528589989,0.30622737638880204,0.3131018088796135,0.2941064702911012,0.2856227559301838,0.04854521094727487,0.14646462137532112,0.09800479127048228,F
0.0,0.0,0.0,0.07880449295043945,-0.0548437237739563,-0.022927105571710626,0.13709798455238342,-0.10673826932907104,-0.03845264963396744,0.17621946334838867,-0.1579645276069641,-0.05739731169828133,0.17298948764801025,-0.2214646339416504,-0.0735111331153746,0.07283240556716919,-0.2671240568161011,-0.005564248334252397,0.11540573835372925,-0.3180080056190491,-0.04752597786077217,0.14039736986160278,-0.27841490507125854,-0.07963834158667282,0.1518307328224182,-0.22731363773345947,-0.09453852675446228,0.038461267948150635,-0.2884504199028015,-0.015139804366611997,0.05838140845298767,-0.40725183486938477,-0.04026871375330643,0.07800951600074768,-0.4762284755706787,-0.06018443978913979,0.09953564405441284,-0.5377397239208221,-0.07354129306563095,0.00029283761978149414,-0.2847737669944763,-0.032120505492770235,0.012163907289505005,-0.39475196599960327,-0.05657454035767273,0.03483065962791443,-0.4570571780204773,-0.06651769779213623,0.06010362505912781,-0.5059389472007751,-0.07040530643948273,-0.04393959045410156,-0.2599204182624817,-0.05289251930602745,-0.04770663380622864,-0.34296339750289917,-0.0695009922195311,-0.03758157789707184,-0.4022160768508911,-0.07117408714779572,-0.021134689450263977,-0.4524562954902649,-0.07000471852310852,-1.267597710752066,0.46679465952647314,-1.330534743186261,-1.306679169676748,-1.4529006636886628,0.021952306282623506,0.3246927773757924,0.30605367646327447,0.30173058154431714,0.31480014500450515,0.29333585763485465,0.2839124048782745,0.050657413297984365,0.14776532933337208,0.09726282834831917,F
0.0,0.0,0.0,0.07443350553512573,-0.05245250463485718,-0.02244526739920616,0.1300731599330902,-0.10358965396881104,-0.03674003515149593,0.16574260592460632,-0.1515214443206787,-0.05468069422747135,0.16417822241783142,-0.21178925037384033,-0.06946380469705105,0.063260018825531,-0.2675479054450989,-0.0015245592057624435,0.106448233127594,-0.3198474049568176,-0.04202079806233883,0.13261911273002625,-0.2814261317253113,-0.07426465335990429,0.1461513638496399,-0.23359549045562744,-0.08920219573880672,0.030704259872436523,-0.2892591953277588,-0.009924468917205331,0.048341333866119385,-0.4065365791320801,-0.032846179192318914,0.06684690713882446,-0.47174614667892456,-0.051925160323634145,0.08788830041885376,-0.5292977094650269,-0.06470816615725994,-0.003704369068145752,-0.28599077463150024,-0.025853554119720457,0.006904482841491699,-0.39166706800460815,-0.04790399629379749,0.029118776321411133,-0.45253831148147583,-0.05682037804032802,0.053697556257247925,-0.5005603134632111,-0.06005096468831539,-0.041458338499069214,-0.2631295323371887,-0.04579249802733898,-0.044605106115341187,-0.3473394811153412,-0.06072007897998333,-0.033936649560928345,-0.40685194730758667,-0.0615947398891592,-0.016412407159805298,-0.45696377754211426,-0.05974767390395641,-1.2654489449665114,0.38875598693907165,-1.3369269369927266,-1.3093961961599483,-1.4422951841276466,0.028292750596965982,0.32654520941681225,0.30918393307714365,0.30450537641137615,0.3013874365122452,0.28252065988490377,0.2762614184441297,0.04466368676329308,0.12692846532136715,0.0825594629019595,F
0.0,0.0,0.0,0.074896901845932,-0.056307971477508545,-0.01826214238590751,0.1303880512714386,-0.10907989740371704,-0.03039660684353862,0.16762477159500122,-0.15791285037994385,-0.04712022102958713,0.16558748483657837,-0.21968358755111694,-0.06074951968676601,0.06526386737823486,-0.2697283625602722,0.0047044776607378935,0.10967665910720825,-0.324974924325943,-0.03500250733978305,0.1347348392009735,-0.2891503572463989,-0.06729247800595317,0.1466507911682129,-0.24217504262924194,-0.08237886063344035,0.03311794996261597,-0.292766273021698,-0.005210584565617182,0.049708664417266846,-0.4114874005317688,-0.02769541188663993,0.0674821138381958,-0.4773481488227844,-0.047103367816276887,0.08701196312904358,-0.536403477191925,-0.0601331331539825,-0.00030922889709472656,-0.2909587621688843,-0.02250376909560714,0.009344488382339478,-0.3974303901195526,-0.04389901838786159,0.03144019842147827,-0.457327663898468,-0.052159458469219544,0.056049466133117676,-0.505217432975769,-0.0549267307627872,-0.03701886534690857,-0.27009910345077515,-0.0435240641940311,-0.04103673994541168,-0.3542017936706543,-0.05718798569924388,-0.030440613627433777,-0.41262733936309814,-0.05689562864191089,-0.012754678726196289,-0.46140915155410767,-0.0542211905825809,-1.262683199920515,0.326435724320208,-1.35309598209452,-1.3135824626188175,-1.444638179578871,0.029401767270367068,0.3263213157390993,0.30582373097009463,0.30039503257679784,0.3002118610499803,0.27820837373689833,0.2710603223423474,0.043945939221670505,0.1248099823930069,0.0815670023412712,F
0.0,0.0,0.0,0.07792288064956665,-0.05636632442474365,-0.025155584217884552,0.13616123795509338,-0.10806775093078613,-0.04285488359806777,0.17216870188713074,-0.16241687536239624,-0.06373021088717223,0.16457787156105042,-0.2260066270828247,-0.08199609898207427,0.0632748007774353,-0.2699783444404602,-0.008906321490087521,0.1079358160495758,-0.3232969641685486,-0.05099928088662864,0.13488289713859558,-0.28392457962036133,-0.08437690966007949,0.14763537049293518,-0.23543858528137207,-0.1006294497120166,0.02902647852897644,-0.29222750663757324,-0.016849161015727532,0.04666581749916077,-0.41476792097091675,-0.04070063762543441,0.06408765912055969,-0.48122528195381165,-0.060358648078420174,0.08335709571838379,-0.5402361750602722,-0.07488804392693282,-0.007819026708602905,-0.289689302444458,-0.03210397891876937,0.0026535093784332275,-0.39980074763298035,-0.05430218286988975,0.025012999773025513,-0.46282875537872314,-0.06383864663717986,0.04970434308052063,-0.5134522914886475,-0.06898664765236617,-0.049122244119644165,-0.26709282398223877,-0.051429540740230095,-0.05474370718002319,-0.3535791337490082,-0.0657599502074504,-0.04397651553153992,-0.414128839969635,-0.06650344364521743,-0.025792241096496582,-0.46643519401550293,-0.06598719291565658,-1.3343591986737862,0.38860927421912006,-1.3551357300555593,-1.3191721032096333,-1.4542914827722606,0.01939098187050441,0.3245566564570748,0.30954957200951183,0.3066703043833042,0.3115016329700688,0.294757708922356,0.2888538898964041,0.043010279925659124,0.13175796951341728,0.0889401016257381,F
0.0,0.0,0.0,0.07903674244880676,-0.058863282203674316,-0.023440054456443704,0.1341778039932251,-0.11235582828521729,-0.04058098497495166,0.17333030700683594,-0.16291522979736328,-0.0620095663021516,0.17032909393310547,-0.22726017236709595,-0.08075637074813358,0.06446671485900879,-0.27783334255218506,-0.003389804695473231,0.10945621132850647,-0.33010491728782654,-0.04711415323123447,0.1384715735912323,-0.29069089889526367,-0.08287808748588077,0.15396782755851746,-0.24123156070709229,-0.10063083174333087,0.03025233745574951,-0.30086469650268555,-0.01282431727901212,0.04758423566818237,-0.4228743314743042,-0.03690527083978168,0.06631970405578613,-0.48900753259658813,-0.05658826308950893,0.0877225399017334,-0.5462773144245148,-0.07081647666797153,-0.007040351629257202,-0.2986113429069519,-0.030196693564505495,0.0032880306243896484,-0.4101717472076416,-0.053016559059472,0.026078730821609497,-0.47283127903938293,-0.06203143748149387,0.05181649327278137,-0.520930826663971,-0.06641152950629703,-0.04809868335723877,-0.2746468186378479,-0.051802341664881624,-0.055479198694229126,-0.3605998158454895,-0.06730287971601001,-0.04567676782608032,-0.42189913988113403,-0.06819750818118564,-0.02759896218776703,-0.4736245274543762,-0.06724978687867633,-1.2659805631808365,0.38820089319487827,-1.3407636194175332,-1.3119936155198588,-1.4681333180739857,0.021514895526755645,0.32953873777664033,0.31668231669991953,0.31602359224804527,0.3121559706264809,0.29776933098150477,0.2949118345071552,0.04395097981064671,0.13629921606050047,0.0924375492476626,F
0.0,0.0,0.0,0.07665097713470459,-0.050634562969207764,-0.020596477341342734,0.1349703073501587,-0.10822832584381104,-0.03618398601977901,0.1767577826976776,-0.16020655632019043,-0.05678771356909351,0.17421531677246094,-0.22492629289627075,-0.07509040008156376,0.06560534238815308,-0.27343809604644775,-0.0038036582045890555,0.11103171110153198,-0.3292087912559509,-0.05039302925436573,0.14059919118881226,-0.2937508225440979,-0.08632788727848606,0.1548386812210083,-0.23814362287521362,-0.10241621653406696,0.0275382399559021,-0.3015868663787842,-0.01607458214132862,0.048476964235305786,-0.42417609691619873,-0.04113246421187,0.06979399919509888,-0.49636921286582947,-0.059473886292863654,0.09113317728042603,-0.5594426095485687,-0.07054920415251331,-0.011551588773727417,-0.29956263303756714,-0.03646018276779728,-0.002855837345123291,-0.4138823449611664,-0.06163361961810665,0.020391523838043213,-0.4823208451271057,-0.07177204559414463,0.04563784599304199,-0.5363274216651917,-0.0751445658025034,-0.0529489666223526,-0.27092063426971436,-0.0606528140124567,-0.07015267014503479,-0.35835394263267517,-0.08029735009043293,-0.06955586373806,-0.42444807291030884,-0.08334055463640766,-0.061397165060043335,-0.48196420073509216,-0.08194070230095463,-1.2463821322286672,0.37664710253051276,-1.3289920247123248,-1.3337906695343913,-1.6108055548086835,0.02345531532651139,0.34467928282563554,0.33690180912335627,0.34868571473668175,0.3275537056264947,0.3175506263185566,0.3258932576854079,0.05103074641657367,0.17108012499051134,0.1200493789281265,F
0.0,0.0,0.0,0.07736915349960327,-0.050983726978302,-0.021823914704015124,0.13778820633888245,-0.10556000471115112,-0.036399520916035044,0.17951372265815735,-0.15371966361999512,-0.055266384017755854,0.1791423261165619,-0.21567130088806152,-0.07147970793872105,0.06807473301887512,-0.2727245092391968,-0.005629215837558377,0.11353161931037903,-0.3330283463001251,-0.05167825518279301,0.14242607355117798,-0.29653340578079224,-0.08917985109715687,0.15800324082374573,-0.242611825466156,-0.10728652028470265,0.02982771396636963,-0.3007587790489197,-0.0163421910080217,0.051132261753082275,-0.4251045286655426,-0.04169568045168148,0.07358014583587646,-0.4977111220359802,-0.06269698588280903,0.09559473395347595,-0.5601415634155273,-0.0770262777629398,-0.009599059820175171,-0.30097538232803345,-0.035030297917415965,-0.0005742311477661133,-0.41658633947372437,-0.05913616342573391,0.021771252155303955,-0.48452895879745483,-0.0720325335684322,0.04705008864402771,-0.5385006070137024,-0.07845754919677006,-0.051976218819618225,-0.27546626329421997,-0.05764459071784245,-0.07181687653064728,-0.3621661067008972,-0.07461890576510655,-0.07499842345714569,-0.42778199911117554,-0.07825224844842182,-0.0699339509010315,-0.4860284924507141,-0.07868523893981205,-1.2115290464496407,0.3231161619589832,-1.3224774225455058,-1.336672593963187,-1.6558751312719593,0.034244018332547796,0.35445727799269483,0.3488081422416385,0.3676030505893412,0.32360462946622526,0.31600755216340526,0.3334771913298556,0.05314991610723223,0.18136287601793893,0.12821305828577423,F
0.0,0.0,0.0,0.08304184675216675,-0.04799604415893555,-0.027477955636641127,0.15045499801635742,-0.10473054647445679,-0.044154802528282744,0.19407135248184204,-0.16161680221557617,-0.06369643118705426,0.19119945168495178,-0.23039281368255615,-0.08047076520051633,0.08151209354400635,-0.2747761607170105,-0.012142476816734415,0.1253241002559662,-0.33739161491394043,-0.058061128673216444,0.15288570523262024,-0.2993509769439697,-0.09242746439304028,0.16689738631248474,-0.2437412142753601,-0.10793604907121335,0.03931507468223572,-0.30688250064849854,-0.02125458997215901,0.06769266724586487,-0.431548148393631,-0.046558326301237685,0.09390008449554443,-0.5040525496006012,-0.06545989420737897,0.11947393417358398,-0.567999541759491,-0.07750806417789136,-0.003815382719039917,-0.30837762355804443,-0.03882929515566502,0.005692154169082642,-0.4273964762687683,-0.0644331147941557,0.02935081720352173,-0.5002951622009277,-0.07909489628400479,0.05566328763961792,-0.5568513572216034,-0.08649579640950833,-0.05057193338871002,-0.27976304292678833,-0.06048207562889729,-0.0782884806394577,-0.36568015813827515,-0.080724911955258,-0.08768098056316376,-0.4355769753456116,-0.08718000557746564,-0.08815358579158783,-0.4970797300338745,-0.0890719240578619,-1.2572539903642004,0.34862358637788354,-1.2729442025278115,-1.3358413613739157,-1.7420376148824095,0.027726705173057087,0.3451417863792893,0.3534759290443405,0.3862124168127483,0.32770786800987317,0.3322814865793488,0.3594876937225521,0.06477716132691792,0.21940557591384205,0.1557431876526107,F
0.0,0.0,0.0,0.07978171110153198,-0.04937410354614258,-0.02839620310928126,0.14827242493629456,-0.10871034860610962,-0.04548525337244769,0.19666695594787598,-0.1620590090751648,-0.06556013871099253,0.19402745366096497,-0.22977060079574585,-0.08226831156875392,0.08462998270988464,-0.2788437008857727,-0.01406241107846995,0.13222691416740417,-0.3446252942085266,-0.06480704147483607,0.1575806438922882,-0.302795946598053,-0.10219374943639536,0.16875091195106506,-0.24361175298690796,-0.11859746921922465,0.04259774088859558,-0.31058406829833984,-0.023166011014239984,0.07151120901107788,-0.4394528269767761,-0.052469788977163034,0.09757605195045471,-0.5129348039627075,-0.0716787417617013,0.1234237551689148,-0.5781018435955048,-0.08267880875732203,-0.0018843114376068115,-0.31067371368408203,-0.041135488935964304,0.008645564317703247,-0.4290187656879425,-0.06959965724612971,0.03200250864028931,-0.5010921359062195,-0.08115704257156153,0.05796894431114197,-0.5587923526763916,-0.08474686641361018,-0.05004650354385376,-0.28077661991119385,-0.06355172295238276,-0.0765036791563034,-0.36533689498901367,-0.08413966644670268,-0.08329859375953674,-0.4346974492073059,-0.08789914000894328,-0.08188554644584656,-0.4964980483055115,-0.08680196751024027,-1.2094396521434478,0.396628759810587,-1.277383575194797,-1.334090197483442,-1.7173317311357599,0.02881806820019727,0.35541459867481656,0.3560438613108013,0.38375970982245666,0.3375472883275778,0.3340830058156139,0.3560479077844929,0.06824359826373555,0.22093231709116748,0.15310081300224518,F
0.0,0.0,0.0,0.0855303704738617,-0.050752460956573486,-0.027524974399682378,0.15398624539375305,-0.10590088367462158,-0.044998668336745595,0.19910085201263428,-0.16140317916870117,-0.06641021391141066,0.19657248258590698,-0.23107612133026123,-0.08480162193762908,0.08903861045837402,-0.27977538108825684,-0.00966718347507367,0.1375977098941803,-0.34741446375846863,-0.06232138370859275,0.16258224844932556,-0.30374521017074585,-0.1032881887792314,0.17163199186325073,-0.24147063493728638,-0.12168955078112731,0.045518726110458374,-0.31042343378067017,-0.019326487758632993,0.07805085182189941,-0.4375472068786621,-0.047315750473615026,0.10506150126457214,-0.5129424333572388,-0.06978613158452163,0.13054731488227844,-0.5802106261253357,-0.0846296029328073,-0.00029605627059936523,-0.31107062101364136,-0.03820541893827567,0.013448506593704224,-0.4278751611709595,-0.06469772031294951,0.03618308901786804,-0.5007432699203491,-0.07957164218413482,0.060574084520339966,-0.5584706664085388,-0.08707234283673415,-0.05097156763076782,-0.2837103605270386,-0.06158045327055106,-0.07633188366889954,-0.36927714943885803,-0.08011600395428786,-0.08370830118656158,-0.43874871730804443,-0.08473709990965972,-0.08353090286254883,-0.5003689229488373,-0.08551857640730987,-1.2428669462667383,0.4342499931707911,-1.2654816666642335,-1.3295488152858441,-1.719959589353879,0.027019881395252892,0.35532270573211916,0.3545176334449568,0.38855697078197937,0.3412224088665786,0.3358911709708393,0.36350574463158275,0.07327263347098192,0.22848234259768468,0.15537715398886515,F
0.0,0.0,0.0,0.08321453630924225,-0.04312044382095337,-0.02964739690503393,0.15558336675167084,-0.0997052788734436,-0.04674823026141439,0.2071743756532669,-0.15308624505996704,-0.06687509830078397,0.20592100918293,-0.222121000289917,-0.08389720137199674,0.09752888977527618,-0.2744450569152832,-0.014044672278373582,0.1463300734758377,-0.34240078926086426,-0.06599077398857389,0.17056195437908173,-0.2998201847076416,-0.10521392340740476,0.17993591725826263,-0.23970627784729004,-0.12254622395118986,0.05362264811992645,-0.3093956708908081,-0.02232271435639177,0.08607782423496246,-0.4369257688522339,-0.05029243419846807,0.11303834617137909,-0.5112745761871338,-0.07053117270550047,0.1399407535791397,-0.5789776742458344,-0.08289693857511793,0.00791880488395691,-0.3122097849845886,-0.0397129413016728,0.023885026574134827,-0.4286101460456848,-0.06646069700798307,0.048153266310691833,-0.5013389587402344,-0.07967953200420652,0.07421909272670746,-0.5608140826225281,-0.08540801520427976,-0.042369455099105835,-0.28495675325393677,-0.06175821463546072,-0.06731651723384857,-0.37093472480773926,-0.08140639032205854,-0.07473310828208923,-0.4416711926460266,-0.08590490932544981,-0.07420918345451355,-0.5045304894447327,-0.08579393292745863,-1.1806701385677774,0.39894583677944706,-1.2609188744379909,-1.3101721220040918,-1.714799602530896,0.03137621693422043,0.3629050562839011,0.36339840233304094,0.3977788888211329,0.3416206866276368,0.33806252273301163,0.36704440503093655,0.06818542927825832,0.22672136832757303,0.15874128647309244,F
0.0,0.0,0.0,0.0859324038028717,-0.044996023178100586,-0.026952574201061452,0.16058248281478882,-0.1034461259841919,-0.04134753363592836,0.20689657330513,-0.15978682041168213,-0.058372181080414975,0.20441776514053345,-0.22828000783920288,-0.07202724384529802,0.10187509655952454,-0.2805495858192444,-0.012924746781720842,0.14976182579994202,-0.3472181558609009,-0.06249216216070863,0.17161443829536438,-0.30290836095809937,-0.0997554214523575,0.179403156042099,-0.24213004112243652,-0.11645316349728319,0.056562066078186035,-0.3163437247276306,-0.02240419963760587,0.08771035075187683,-0.4456556439399719,-0.050513249062134946,0.11453887820243835,-0.5195009708404541,-0.07165806757672044,0.13992324471473694,-0.583042323589325,-0.08461195992691728,0.009392350912094116,-0.31910765171051025,-0.04040509852035257,0.026238009333610535,-0.4347778558731079,-0.06803256290419313,0.05247488617897034,-0.5062845945358276,-0.08274458365900728,0.08060947060585022,-0.5633213222026825,-0.08927387016279908,-0.04208265244960785,-0.2911115288734436,-0.06245047616226884,-0.06654238700866699,-0.3779473900794983,-0.08330454694493028,-0.07371275126934052,-0.4486936330795288,-0.08871639537079545,-0.07253316044807434,-0.5113717019557953,-0.08905470388395997,-1.2330983408858738,0.4600866072515386,-1.2678504283421046,-1.2870470032096124,-1.7081734446674588,0.028592902795871553,0.3605770983317476,0.35718507265281235,0.396033739045285,0.34319068713355244,0.3360417106908695,0.3687315819060556,0.06250633323697682,0.22421953996037275,0.16171403306427756,F
0.0,0.0,0.0,0.0869799554347992,-0.04497593641281128,-0.02626278168685303,0.16214889287948608,-0.10080939531326294,-0.04097955032415257,0.20820236206054688,-0.15737706422805786,-0.059075852028797726,0.20409688353538513,-0.22370046377182007,-0.0741712200564848,0.10286346077919006,-0.28136885166168213,-0.009004389039944272,0.15273797512054443,-0.34952282905578613,-0.05938465251750813,0.17625027894973755,-0.3052963614463806,-0.09966664492316113,0.18493056297302246,-0.24440240859985352,-0.11886770009226666,0.05738860368728638,-0.31648504734039307,-0.01896428792900906,0.08828896284103394,-0.444754421710968,-0.045612928561638455,0.11527189612388611,-0.5196347832679749,-0.06977292626328335,0.14035212993621826,-0.5849376022815704,-0.08646426825947628,0.010152429342269897,-0.3180621266365051,-0.037646458588312726,0.026714056730270386,-0.43335822224617004,-0.06358406423754559,0.052045196294784546,-0.5049763321876526,-0.08134411006398068,0.0793999433517456,-0.5619611144065857,-0.09152397989458905,-0.040456488728523254,-0.2889384627342224,-0.06040664493269787,-0.06400033831596375,-0.37622687220573425,-0.0798620033187376,-0.07058441638946533,-0.4463707208633423,-0.08652498304076062,-0.06856513023376465,-0.508734941482544,-0.0890112492365347,-1.241854588318598,0.42322116359922707,-1.2710635011222489,-1.294157408216806,-1.6979907812415782,0.028212025158825215,0.3668182981397344,0.3605129604591451,0.39444800321014833,0.34344061324756175,0.33463449211236024,0.3662400229556679,0.065138990201704,0.2223809054522978,0.15724722091441062,F
0.0,0.0,0.0,0.08375285565853119,-0.04189741611480713,-0.030659855327684227,0.15843401849269867,-0.0990675687789917,-0.046686696804243866,0.20533813536167145,-0.15838563442230225,-0.06503825912542993,0.19982652366161346,-0.22959250211715698,-0.08007896969385797,0.10153435170650482,-0.2774755358695984,-0.01415316758968288,0.1483374983072281,-0.3460637331008911,-0.06523122171230966,0.17020590603351593,-0.3048267960548401,-0.10387515554495508,0.17800389230251312,-0.2451317310333252,-0.12130480537481958,0.05569387972354889,-0.31338852643966675,-0.021607975459772888,0.08573661744594574,-0.44318199157714844,-0.050581204689223114,0.11129800975322723,-0.5192126035690308,-0.07240898439951593,0.13694368302822113,-0.5863079130649567,-0.08613052496977502,0.008380576968193054,-0.3162943124771118,-0.038039951569516006,0.02597247064113617,-0.43181857466697693,-0.0659025041229313,0.05042527616024017,-0.502379834651947,-0.0803511468536442,0.07734371721744537,-0.5596316754817963,-0.0869075758225506,-0.04392985999584198,-0.2886412739753723,-0.059000904656130615,-0.06630077958106995,-0.37372025847435,-0.07896659801073724,-0.07195860147476196,-0.4435463845729828,-0.08399913737841302,-0.06930416822433472,-0.5059923827648163,-0.08452748040028268,-1.2637049928003028,0.40014423135763083,-1.281445229262863,-1.2946325306561648,-1.6870136595453258,0.026789827822221404,0.36221559333328296,0.3520339384628334,0.38578261150167137,0.3436380770102894,0.3302161199975675,0.35945730820687083,0.06529760773748805,0.22133404743439083,0.15614985119340755,F
0.0,0.0,0.0,0.08363449573516846,-0.046045660972595215,-0.0261950648663003,0.15657523274421692,-0.10098165273666382,-0.040532109075542166,0.20682966709136963,-0.1548398733139038,-0.05832392417764254,0.20930638909339905,-0.2243138551712036,-0.0724187760887105,0.09906932711601257,-0.28228259086608887,-0.004171064802761748,0.14764633774757385,-0.3470613956451416,-0.05368522622561045,0.17212095856666565,-0.3028934597969055,-0.09392135285710879,0.1824524700641632,-0.24364745616912842,-0.11250029199695177,0.05605539679527283,-0.31659603118896484,-0.012526130982990935,0.08487319946289062,-0.4457970857620239,-0.03901671686148234,0.10918587446212769,-0.5212836563587189,-0.06165282868718691,0.1329863965511322,-0.5899248719215393,-0.07614258372163363,0.011986970901489258,-0.3199681043624878,-0.029653197833653167,0.027383416891098022,-0.43481016159057617,-0.05415911667918749,0.051541149616241455,-0.5046221613883972,-0.06593731486177035,0.07753899693489075,-0.5615051090717316,-0.07045866244411059,-0.03679051995277405,-0.2952834367752075,-0.05128911578034945,-0.05316685140132904,-0.38383597135543823,-0.0669515325961072,-0.054785653948783875,-0.4514927864074707,-0.06802668862914629,-0.04892057180404663,-0.5114076435565948,-0.06544969671344347,-1.1667645467757002,0.4338957709549196,-1.2964347402143037,-1.3057843854618785,-1.6268628788182649,0.03308959194030222,0.37349184305800565,0.36202290997016257,0.3861398796599579,0.3497927116006916,0.33472425121702537,0.3538771007752826,0.062306476747144714,0.19812899910483794,0.13602124310812022,F
0.0,0.0,0.0,0.08524027466773987,-0.04263979196548462,-0.025457478678731604,0.1584853231906891,-0.09825551509857178,-0.03918731919577567,0.20587804913520813,-0.15536433458328247,-0.05639195031574218,0.20685544610023499,-0.22336506843566895,-0.07017679474404304,0.09951770305633545,-0.2784150242805481,-0.004134767307846232,0.14792892336845398,-0.34400880336761475,-0.05364594570448844,0.17209091782569885,-0.29776889085769653,-0.09417777470400779,0.18232783675193787,-0.23947632312774658,-0.1128663863902375,0.05749973654747009,-0.31200969219207764,-0.01242420784285514,0.0859481692314148,-0.44089311361312866,-0.03801312259486167,0.10949039459228516,-0.5158795416355133,-0.0609847973947808,0.132032573223114,-0.5873506367206573,-0.0758122350936219,0.014001131057739258,-0.3152967691421509,-0.029142036653070136,0.03004664182662964,-0.4309382736682892,-0.052565082526712104,0.05328992009162903,-0.5003517270088196,-0.06377539745619742,0.07763886451721191,-0.5585516691207886,-0.06796915046027152,-0.03433692455291748,-0.291640043258667,-0.05020000002434699,-0.045945584774017334,-0.3832939565181732,-0.06491269133141486,-0.0451800674200058,-0.4503057301044464,-0.06477972081950156,-0.03818492591381073,-0.50971320271492,-0.06120367682626693,-1.201875518813968,0.4395382988257109,-1.3064387923383232,-1.3149215011209578,-1.5884399564415614,0.02934580290425985,0.37159649651918375,0.35923109864660646,0.3768819946906325,0.3514913250582049,0.33581074629639635,0.34878911907841,0.061547185813819474,0.18708706040617612,0.12569942812394416,F
0.0,0.0,0.0,0.08256825804710388,-0.04058438539505005,-0.025013118298318204,0.15344706177711487,-0.09327036142349243,-0.03929368524399024,0.19450226426124573,-0.1528119444847107,-0.056851064102318105,0.19448164105415344,-0.2223098874092102,-0.07100321842875701,0.09199076890945435,-0.2721073627471924,-0.004470732310380754,0.13745072484016418,-0.33713585138320923,-0.051551201628114995,0.15836608409881592,-0.2921467423439026,-0.08879714204516631,0.16772663593292236,-0.23732566833496094,-0.10572746886458617,0.05201181769371033,-0.30436116456985474,-0.013184714378382978,0.07806894183158875,-0.43306154012680054,-0.04138852773752433,0.09853535890579224,-0.5077446699142456,-0.06580321981158477,0.12001696228981018,-0.5756241083145142,-0.08119955404248458,0.01023070514202118,-0.3061308264732361,-0.02974570660438758,0.027549415826797485,-0.42618033289909363,-0.05624641223397475,0.049944400787353516,-0.4972175061702728,-0.06894463791098815,0.07484164834022522,-0.5561715364456177,-0.07363401098695022,-0.03575184941291809,-0.28199952840805054,-0.050155238495733556,-0.0318174809217453,-0.377315491437912,-0.0669635508820079,-0.021519556641578674,-0.4429173469543457,-0.06874066336598617,-0.0059057921171188354,-0.49925732612609863,-0.06673221035447341,-1.2629085871586692,0.4305195208479479,-1.325160597639595,-1.3179259513550052,-1.434274639241574,0.03068067756499587,0.3610760682701067,0.35465099542211653,0.3418406166400005,0.34164608508181626,0.3320998472317231,0.31425533157572105,0.04918548101582568,0.1472699069709785,0.0987895565163989,F
0.0,0.0,0.0,0.0817347913980484,-0.03933173418045044,-0.028072887102183586,0.1556100696325302,-0.09403425455093384,-0.04305001627844263,0.20357556641101837,-0.1512499451637268,-0.06116085034054208,0.20821167528629303,-0.22216778993606567,-0.07591829728525568,0.10329999029636383,-0.2762156128883362,-0.0051886630263595634,0.14612554013729095,-0.34482342004776,-0.052437081003603225,0.1689077764749527,-0.3036971688270569,-0.09203280043047357,0.18098954856395721,-0.24801385402679443,-0.11095568072241235,0.06296469271183014,-0.3100024461746216,-0.01160923578035522,0.08820284903049469,-0.4398370385169983,-0.036269984209951645,0.10979117453098297,-0.5160713195800781,-0.058732806706842666,0.1322663575410843,-0.5832255482673645,-0.07380008232038904,0.020204350352287292,-0.3116675615310669,-0.026430129075464492,0.03858320415019989,-0.42822161316871643,-0.04847160261314798,0.061812445521354675,-0.4990566372871399,-0.057595885360655075,0.08726607263088226,-0.5560318529605865,-0.060972626322922,-0.025912761688232422,-0.2875511050224304,-0.04604645353001047,-0.018960967659950256,-0.38072651624679565,-0.06066571455639291,-0.008134767413139343,-0.44721099734306335,-0.060678011739668136,0.007788941264152527,-0.5026823282241821,-0.05758536141556192,-1.181252495506445,0.34821395386733195,-1.3223900591776268,-1.3029569596903847,-1.4154028041653437,0.03753749075616228,0.36895852902276605,0.3550958340799308,0.34475741979528857,0.33873415726655737,0.3219614536061037,0.3079845485069773,0.05257872864987545,0.14826273118321087,0.09572244355366531,F
0.0,0.0,0.0,0.08710157871246338,-0.045631468296051025,-0.02376417593868041,0.15785875916481018,-0.0988013744354248,-0.03961837069900298,0.20370018482208252,-0.15625929832458496,-0.060351786779477834,0.20708918571472168,-0.22670358419418335,-0.07793576048524642,0.09947529435157776,-0.2801310420036316,0.0010030589827749736,0.1451023519039154,-0.3440000116825104,-0.04779018239887023,0.16758519411087036,-0.29922038316726685,-0.08814192341478133,0.17825204133987427,-0.24360942840576172,-0.10702360944659972,0.05985173583030701,-0.3114587664604187,-0.008878294022991895,0.0861738920211792,-0.4392971992492676,-0.03505178691656852,0.10448199510574341,-0.513761043548584,-0.05785165877850318,0.1260656714439392,-0.585261195898056,-0.07245138810785079,0.018966615200042725,-0.3128622770309448,-0.027194147574022054,0.03809821605682373,-0.43054378032684326,-0.05067533032806182,0.06057310104370117,-0.5023078918457031,-0.058719651418044805,0.08483332395553589,-0.5628644824028015,-0.06069615633995795,-0.025967463850975037,-0.28995281457901,-0.05002608300955558,-0.019465461373329163,-0.38535070419311523,-0.06474355386407638,-0.007590919733047485,-0.4521171450614929,-0.06311648117215896,0.008162230253219604,-0.5088379979133606,-0.05845021979720855,-1.2033686812512294,0.43411341107947427,-1.3335207184489595,-1.3131858758912704,-1.4161167574703626,0.03342736101163165,0.3675981104080553,0.35770189434626437,0.3452126315965948,0.3456144491098775,0.3326422195999595,0.3150821129777777,0.046922481336699955,0.1405052548299224,0.09379401705757763,F
0.0,0.0,0.0,0.08535057306289673,-0.04548150300979614,-0.025126281077348267,0.15671542286872864,-0.1005709171295166,-0.0400658891297212,0.20043456554412842,-0.15703880786895752,-0.05907671607502607,0.20500528812408447,-0.22698336839675903,-0.07441012270220426,0.09551361203193665,-0.2816736698150635,-0.00047666093388443187,0.14097315073013306,-0.34749066829681396,-0.05131123296388296,0.16344982385635376,-0.29790329933166504,-0.09387338615425733,0.17555606365203857,-0.24069803953170776,-0.11416195041903165,0.055505573749542236,-0.3108874559402466,-0.009238849276982819,0.08190816640853882,-0.4392126202583313,-0.03835699416168836,0.1018800437450409,-0.5144161880016327,-0.06440549797781614,0.12410107254981995,-0.586757630109787,-0.08115254051455167,0.014286935329437256,-0.3110007047653198,-0.0265010677970281,0.03258170187473297,-0.4283376634120941,-0.05254552594789175,0.05529451370239258,-0.5002813637256622,-0.06307017512091306,0.08042988181114197,-0.5614155530929565,-0.06611920602091459,-0.0311100035905838,-0.2874569892883301,-0.04821737564572004,-0.024135634303092957,-0.3811681866645813,-0.0637051285005441,-0.012499943375587463,-0.4475729167461395,-0.06289847649105695,0.0036043524742126465,-0.5049546957015991,-0.05877912125953344,-1.2059007055658764,0.4731410265752386,-1.327087357715622,-1.3125604271168994,-1.4125233833318336,0.03248613590971913,0.3687587442879713,0.3568808176670557,0.3432643233490168,0.3498640540844361,0.3345275982285126,0.31527602399655236,0.05049152174435782,0.14564058372160402,0.09534144101735922,F
0.0,0.0,0.0,0.08663725852966309,-0.048841893672943115,-0.022132265512055938,0.15619799494743347,-0.1020883321762085,-0.03682592058569867,0.199432373046875,-0.15746468305587769,-0.056492059622115676,0.20282617211341858,-0.22531342506408691,-0.07325548226029355,0.09406352043151855,-0.2814563512802124,0.001357492394589599,0.14038023352622986,-0.34798455238342285,-0.04967508012444455,0.16326972842216492,-0.29859429597854614,-0.09358912998825986,0.1749413013458252,-0.2414570450782776,-0.11519261742026288,0.055390745401382446,-0.3094026446342468,-0.009158956017500941,0.08000215888023376,-0.4378665089607239,-0.03695922637373883,0.09877106547355652,-0.5137800574302673,-0.06461747283131558,0.11911553144454956,-0.585337907075882,-0.08391289705426175,0.013885170221328735,-0.30813848972320557,-0.02790373483688313,0.033341825008392334,-0.4265148937702179,-0.0522066980043121,0.054638832807540894,-0.5002425312995911,-0.06490727806479413,0.07841360569000244,-0.5625342428684235,-0.07108417445809323,-0.031294986605644226,-0.28451406955718994,-0.05081565970570523,-0.024266377091407776,-0.3811132609844208,-0.06630537206322629,-0.012550130486488342,-0.44943416118621826,-0.06762476557881314,0.003961920738220215,-0.5076859891414642,-0.06596741372734982,-1.2090495771093681,0.45929002915991146,-1.343834329736319,-1.322381812300053,-1.4141103546329703,0.032220839295213306,0.369628325496104,0.35943896094425615,0.3453711849860243,0.3483827834915003,0.33527326611198155,0.31640448677280103,0.046654623151571914,0.1388890723476775,0.09247369533578904,F
0.0,0.0,0.0,0.08605395257472992,-0.05056929588317871,-0.0219795311463713,0.15542198717594147,-0.1048964262008667,-0.03807389909752601,0.2012401968240738,-0.16170912981033325,-0.05966581577786201,0.2025674432516098,-0.23215270042419434,-0.07841175595649474,0.09767298400402069,-0.282634437084198,0.0034666956739783927,0.14287050068378448,-0.3503362238407135,-0.04649286890753501,0.16633610427379608,-0.30392366647720337,-0.08881161908038848,0.17929412424564362,-0.24611318111419678,-0.10922583738692992,0.05890341103076935,-0.3108716607093811,-0.007345547772729333,0.08382628858089447,-0.4408717155456543,-0.03432844752796882,0.10179980099201202,-0.5176327228546143,-0.059637797869527276,0.12280185520648956,-0.5909343063831329,-0.07673568079599136,0.01852072775363922,-0.3109981417655945,-0.02650681870409244,0.03775906562805176,-0.4299788475036621,-0.049895932771050866,0.05988241732120514,-0.5025522410869598,-0.059211017437064584,0.08368007838726044,-0.5635788440704346,-0.06276792833932632,-0.02577434480190277,-0.28926610946655273,-0.05007936234005683,-0.020061731338500977,-0.3838556408882141,-0.0639431456697821,-0.007807299494743347,-0.4502507746219635,-0.06272794107326263,0.008412465453147888,-0.507399708032608,-0.059119658417785104,-1.215997371247618,0.4207300637356954,-1.3464783969665362,-1.318326558910728,-1.4153367351626172,0.027139314631165576,0.3675415484141336,0.3521043797180137,0.3368338917052549,0.34941806606546194,0.3315516444261023,0.3122037643282998,0.04773714214147129,0.14164378422551915,0.09392182325080795,F
0.0,0.0,0.0,0.08853818476200104,-0.04456484317779541,-0.01974724415640594,0.16318054497241974,-0.1079096794128418,-0.029753392524526134,0.21496786177158356,-0.16037243604660034,-0.04495490524868728,0.22067485749721527,-0.22690355777740479,-0.05643995288710357,0.1090533584356308,-0.28988176584243774,0.008403501511111244,0.15550561249256134,-0.3521880805492401,-0.03670037347774269,0.1751943975687027,-0.3009277582168579,-0.07528146538834335,0.18171416223049164,-0.23961955308914185,-0.09316402856211425,0.0705874115228653,-0.3195875883102417,-0.0012313548563724908,0.09571926295757294,-0.4502108097076416,-0.02184627573888065,0.11599670350551605,-0.5266816914081573,-0.04114324409465553,0.13749633729457855,-0.5972467660903931,-0.05372685003976585,0.029252976179122925,-0.318026602268219,-0.019406581259772793,0.046193256974220276,-0.43987423181533813,-0.038192758298919216,0.06865812838077545,-0.5121961832046509,-0.042848074770972744,0.09257091581821442,-0.5701245665550232,-0.042739929593608394,-0.017293602228164673,-0.2904263734817505,-0.04211375672321083,-0.01515890657901764,-0.3815736174583435,-0.05363840047220947,-0.00513690710067749,-0.44771844148635864,-0.049773676283166424,0.009725883603096008,-0.5040885806083679,-0.043473200834796444,-1.12070286694127,0.6051592037145791,-1.3343296332249437,-1.3247224102666657,-1.4450051442687517,0.04098331748937146,0.37956917441575505,0.36634857818752736,0.34832600601847596,0.36035043987916177,0.34231576403519953,0.3154739838753425,0.0524776828991656,0.15812569797104672,0.10594362086822812,F
0.0,0.0,0.0,0.08488021790981293,-0.047858238220214844,-0.022474470865688545,0.15758879482746124,-0.10661447048187256,-0.03581121688779376,0.2090255469083786,-0.15882885456085205,-0.054107492175660354,0.2117464393377304,-0.22870689630508423,-0.06902060410078548,0.1028604656457901,-0.28815633058547974,0.0023450329054526264,0.14535607397556305,-0.3550494909286499,-0.0453902532726147,0.16879911720752716,-0.307420015335083,-0.0856223379641392,0.18021170794963837,-0.24557417631149292,-0.10470762601192973,0.06413976848125458,-0.3175714612007141,-0.007444838379285557,0.08743153512477875,-0.45015957951545715,-0.030591947343907577,0.10852278769016266,-0.5261118412017822,-0.05220045274194263,0.13198356330394745,-0.5949836671352386,-0.066860352960191,0.022968485951423645,-0.3167412281036377,-0.025765112918577415,0.04019595682621002,-0.43950092792510986,-0.047227227446398956,0.06258125603199005,-0.5116157233715057,-0.0545084712475159,0.08686704933643341,-0.5675797462463379,-0.05646362280543826,-0.022519931197166443,-0.2916680574417114,-0.04875467469986461,-0.018977895379066467,-0.3865886926651001,-0.06353850415047191,-0.00969502329826355,-0.4549133777618408,-0.06264687081869624,0.00547434389591217,-0.5114548802375793,-0.05856426185067676,-1.153294862823414,0.5032299376620938,-1.3309446374191662,-1.3213616391428125,-1.444108355489843,0.035762332397841615,0.37486102657244336,0.36115048175850945,0.34999228530904664,0.3527221941041915,0.33526230381699657,0.3181598578021364,0.0527870695593724,0.15159696842557568,0.09886745209333836,F
0.0,0.0,0.0,0.08677157759666443,-0.04686605930328369,-0.024340925216449705,0.1592387557029724,-0.10635006427764893,-0.03797310724831959,0.2092984914779663,-0.16136491298675537,-0.056235091238988844,0.21579602360725403,-0.23091542720794678,-0.07120681315637967,0.1057727038860321,-0.28716444969177246,0.001721788952352199,0.15119105577468872,-0.3531307578086853,-0.04685779795028111,0.17497798800468445,-0.3074467182159424,-0.08876701205946347,0.18561714887619019,-0.24793267250061035,-0.10909814149118802,0.06634485721588135,-0.31919872760772705,-0.006463861968143192,0.09155258536338806,-0.4509534239768982,-0.030115598290933576,0.11237314343452454,-0.5266688764095306,-0.05237504228927037,0.1333899199962616,-0.5948990881443024,-0.06724922865606686,0.024499401450157166,-0.31974393129348755,-0.023280541822089162,0.04305601119995117,-0.4387206435203552,-0.04471019044495961,0.06722882390022278,-0.5088010132312775,-0.0522201968727245,0.0926540195941925,-0.5651183128356934,-0.05410418048478505,-0.021336659789085388,-0.29560399055480957,-0.044891001134885755,-0.018389537930488586,-0.38806235790252686,-0.05960288777924916,-0.008389130234718323,-0.45524829626083374,-0.05833498150087735,0.00666499137878418,-0.5125452280044556,-0.05371684342600247,-1.1445904098418662,0.4567058042787949,-1.3322458624118558,-1.2998681377061287,-1.4424312344518422,0.03464608372361766,0.37319548676394454,0.3561678282976517,0.35078644976342305,0.3508751587404097,0.3305281740497745,0.31944276357941176,0.05046095678392502,0.15113360252782368,0.1007871133732027,F
0.0,0.0,0.0,0.08673027157783508,-0.04714608192443848,-0.024638604136669073,0.162144273519516,-0.10413879156112671,-0.03869529231127444,0.20894169807434082,-0.16226190328598022,-0.056584762173258696,0.207504004240036,-0.23093390464782715,-0.07122942222889606,0.10404667258262634,-0.28279489278793335,-0.0031990583487981894,0.14751684665679932,-0.34947752952575684,-0.052160126852356825,0.17133557796478271,-0.30604976415634155,-0.09279075427588168,0.18325677514076233,-0.24807190895080566,-0.11243581934508029,0.0619027316570282,-0.31509101390838623,-0.01185672427203599,0.0861218273639679,-0.44727110862731934,-0.03812408982452098,0.10681819915771484,-0.5229877233505249,-0.06065437360342685,0.1275610327720642,-0.5900540053844452,-0.07550192786987964,0.01834923028945923,-0.31641191244125366,-0.02886553830143157,0.034526705741882324,-0.4364798665046692,-0.05281576304372493,0.05883029103279114,-0.5048211216926575,-0.06174845411118213,0.08489271998405457,-0.5583218336105347,-0.0643967555337781,-0.028985261917114258,-0.29200196266174316,-0.050400761651360426,-0.030459001660346985,-0.38464421033859253,-0.0661171318465108,-0.0239400714635849,-0.4531719982624054,-0.06635365797814075,-0.011093974113464355,-0.512913703918457,-0.06317933811482135,-1.227242565436867,0.4131367438565289,-1.3363961437062513,-1.3023599363552834,-1.4899843070656844,0.029692411664962053,0.3679104856350355,0.34959459815247707,0.3567880089590206,0.34648776313045676,0.32546966540407324,0.328501735303433,0.05317438896371439,0.1586689542559902,0.10618542124935615,F
0.0,0.0,0.0,0.0894252210855484,-0.044093430042266846,-0.023158747571613958,0.16465331614017487,-0.10216677188873291,-0.035862326490786245,0.2144235223531723,-0.1572219729423523,-0.052890192586090734,0.2165686935186386,-0.2256232500076294,-0.06635635333051937,0.10675464570522308,-0.28115904331207275,0.00043141176891481336,0.14946778118610382,-0.34847787022590637,-0.046565323936846426,0.17383702099323273,-0.30333495140075684,-0.08542102562179821,0.1857766956090927,-0.24310660362243652,-0.10393202291717785,0.06700561940670013,-0.3133271336555481,-0.008389704729523828,0.09056626260280609,-0.44516444206237793,-0.03152839826336162,0.11157451570034027,-0.5204658806324005,-0.05105048032393711,0.13408108055591583,-0.5887928903102875,-0.06386898444881695,0.025136753916740417,-0.31583553552627563,-0.025743963065650632,0.0403052419424057,-0.43740731477737427,-0.04647766040554302,0.06339426338672638,-0.5058400332927704,-0.051590774077084234,0.08832506835460663,-0.5582810640335083,-0.05182019235482471,-0.021503224968910217,-0.2915656566619873,-0.04792913781395214,-0.024958536028862,-0.383237361907959,-0.06137425439348476,-0.01901206374168396,-0.45073214173316956,-0.05898945765486019,-0.007545366883277893,-0.5075817406177521,-0.053719829636719396,-1.1727301130918113,0.44877251039107346,-1.331946148994179,-1.3158392684981663,-1.5062711244919857,0.035409247222750566,0.3724196476152272,0.3565215962991428,0.36017732090870536,0.3495303211736592,0.3298965900853744,0.32759810429090547,0.05499621982746368,0.16325838860110709,0.10845073419537951,F
0.0,0.0,0.0,0.08526933193206787,-0.045493125915527344,-0.022306234254841684,0.15744245052337646,-0.09950274229049683,-0.03594502681434619,0.20346224308013916,-0.1552056074142456,-0.053720659255390046,0.20850878953933716,-0.22427129745483398,-0.06857834258616435,0.09887868165969849,-0.27783286571502686,-0.002867146772672413,0.14257469773292542,-0.34541061520576477,-0.050935304402713655,0.16722095012664795,-0.30116480588912964,-0.0913111666733073,0.18049263954162598,-0.2447110414505005,-0.11113611856043804,0.0584375262260437,-0.30933862924575806,-0.01267712251782882,0.08203688263893127,-0.440186083316803,-0.038413746892814515,0.10234329104423523,-0.5156925320625305,-0.06257783123791683,0.12282192707061768,-0.5839770138263702,-0.07910875478327739,0.016304776072502136,-0.311118483543396,-0.03020596006453502,0.032908350229263306,-0.4326210021972656,-0.053183017908935426,0.056519269943237305,-0.5029763579368591,-0.06340611228287685,0.08243542909622192,-0.5599900484085083,-0.0677736426287936,-0.029604092240333557,-0.2880774736404419,-0.05183962979853618,-0.02840980887413025,-0.38180050253868103,-0.06728436300099361,-0.019891485571861267,-0.44856759905815125,-0.06771414229214656,-0.004805326461791992,-0.5069606006145477,-0.06502621123135555,-1.182308327618937,0.38552665561096267,-1.3405214137228185,-1.3110760809959865,-1.457980556921419,0.0346797894356733,0.3697707949393696,0.35861061327757,0.35414143249028024,0.34413269401360014,0.33017581490587977,0.32110771944433375,0.046972797751396254,0.14906456234880297,0.10209344623268198,F
0.0,0.0,0.0,0.08503881096839905,-0.044319987297058105,-0.02138764486230116,0.15623700618743896,-0.10131460428237915,-0.03491032384849291,0.20271813869476318,-0.15660643577575684,-0.053090690454013156,0.2072421908378601,-0.22355735301971436,-0.06830319278455477,0.09940981864929199,-0.27968400716781616,-0.000798437854285794,0.14614251255989075,-0.3468754291534424,-0.04981250577188234,0.1695404350757599,-0.3051450848579407,-0.09098126255489092,0.17983081936836243,-0.24785912036895752,-0.11074156575418215,0.05874836444854736,-0.3111078143119812,-0.01073181052274208,0.08345571160316467,-0.44424867630004883,-0.035940828552014636,0.10315823554992676,-0.5191729962825775,-0.058695292850501346,0.12304306030273438,-0.5847024023532867,-0.07381401472306948,0.016809672117233276,-0.3119269013404846,-0.028701741998560237,0.03290441632270813,-0.43342241644859314,-0.0507123943469594,0.05639776587486267,-0.5040877163410187,-0.05970276780939798,0.08172693848609924,-0.5600059926509857,-0.06308793537832003,-0.02734115719795227,-0.2881701588630676,-0.050889505823619174,-0.02595461905002594,-0.38172489404678345,-0.06567694508052568,-0.018092304468154907,-0.44931283593177795,-0.06562795006252031,-0.004236564040184021,-0.5080481767654419,-0.06246836372233133,-1.1755124648464303,0.3768186862025224,-1.3399844783946175,-1.3148555550409604,-1.4661013922174322,0.03663276104985171,0.37083047372218425,0.35909854592111523,0.3544831343805943,0.34159661327019936,0.3272003076398525,0.3187148360264419,0.0481345465767669,0.14857985419748745,0.10044569875401524,F
0.0,0.0,0.0,0.08917473256587982,-0.03946906328201294,-0.02457660310537335,0.1656656414270401,-0.10191667079925537,-0.036504850393242805,0.2133459597826004,-0.1566820740699768,-0.05223101065129754,0.21951858699321747,-0.2254934310913086,-0.06424383134216782,0.10502277314662933,-0.28336817026138306,-0.0025136497766595767,0.1465587466955185,-0.3502235412597656,-0.046876591300673454,0.17230798304080963,-0.30305856466293335,-0.08312159091801163,0.1866900473833084,-0.24109238386154175,-0.1002253225502443,0.06456030905246735,-0.31604015827178955,-0.010366259744472472,0.08567942678928375,-0.44718748331069946,-0.031271644538350074,0.10899762809276581,-0.5210346877574921,-0.049710848039097755,0.13404516875743866,-0.5839967429637909,-0.06255092532009598,0.021774664521217346,-0.3162139654159546,-0.02658081487388131,0.03482124209403992,-0.4387596547603607,-0.045580052441067664,0.05904124677181244,-0.5114495754241943,-0.05109896943540093,0.08542747795581818,-0.5644693672657013,-0.05260332733959672,-0.02206265926361084,-0.2884674072265625,-0.047723085289902656,-0.01980409026145935,-0.38077598810195923,-0.06156817883820054,-0.012099310755729675,-0.4527741074562073,-0.0606292492207956,0.0019239485263824463,-0.5127306282520294,-0.056900203829712837,-1.159825946532006,0.4776746733124447,-1.3170710575129523,-1.3198027785586384,-1.464244024391256,0.03634611864349937,0.36855166510062964,0.36453410104979983,0.36035070989559526,0.3469220124708964,0.3388610059635534,0.32852069508990395,0.05239273098948282,0.1501162081237506,0.09823307254635524,F
0.0,0.0,0.0,0.08714336156845093,-0.044328510761260986,-0.025697608775374192,0.16360414028167725,-0.10778743028640747,-0.03906566958772828,0.21148452162742615,-0.16597861051559448,-0.055881179234859246,0.21427181363105774,-0.23744314908981323,-0.06950438704240014,0.1057632565498352,-0.28513556718826294,-0.005960485729303855,0.14829513430595398,-0.3541843891143799,-0.052478856704112786,0.17183604836463928,-0.30876898765563965,-0.09054531838643243,0.18282243609428406,-0.24735945463180542,-0.10857419606196572,0.06383642554283142,-0.3170406222343445,-0.013421798421916264,0.08490714430809021,-0.44987329840660095,-0.03618967097150971,0.10578244924545288,-0.5264008045196533,-0.05691010069000413,0.1280638873577118,-0.5918833911418915,-0.07122805651175668,0.01999872922897339,-0.3173133134841919,-0.02895982127535035,0.03529134392738342,-0.44273996353149414,-0.04990568693625619,0.058683186769485474,-0.5165321230888367,-0.05703882064568688,0.08415454626083374,-0.570920467376709,-0.059367935470220345,-0.0261431485414505,-0.2911362051963806,-0.04918837111341645,-0.025758370757102966,-0.38540539145469666,-0.06416943605887582,-0.018342018127441406,-0.45654958486557007,-0.063645846507427,-0.004152968525886536,-0.5164847671985626,-0.060010015330192346,-1.198257977124302,0.4557947331899402,-1.3412280491906483,-1.3230213073679202,-1.4735213501423032,0.03297569503517204,0.36477348003697646,0.35796316162381003,0.35436366926796786,0.3488484506030396,0.33827072213346154,0.3277014430804834,0.04865669952171887,0.15220463025904216,0.10373746970931894,F
0.0,0.0,0.0,0.08897939324378967,-0.045273661613464355,-0.02681744293022348,0.16550645232200623,-0.10568928718566895,-0.04098979950595094,0.21066975593566895,-0.1653958559036255,-0.058222560292961134,0.20758309960365295,-0.2360125184059143,-0.07208822116899682,0.1051035225391388,-0.28889358043670654,-0.005860144353391661,0.15041330456733704,-0.35540273785591125,-0.0568643678789158,0.1738514006137848,-0.3024056553840637,-0.0996914152865429,0.18419799208641052,-0.24018049240112305,-0.12023664460230066,0.06392577290534973,-0.3211267590522766,-0.013476333661856188,0.08921244740486145,-0.45610344409942627,-0.03932452768731309,0.1118793785572052,-0.5335069298744202,-0.06404004440355493,0.13354310393333435,-0.6041210293769836,-0.08098734364557458,0.01962655782699585,-0.3217313289642334,-0.029507426625968947,0.037881091237068176,-0.4449983537197113,-0.053707243955614103,0.06288886070251465,-0.5167220234870911,-0.06545809105682565,0.08961305022239685,-0.5741901695728302,-0.07030883625793649,-0.02936112880706787,-0.296186625957489,-0.04998133898425294,-0.027390331029891968,-0.3920711278915405,-0.06628551528501703,-0.020287811756134033,-0.4619389772415161,-0.06727616683292581,-0.006980642676353455,-0.5228237807750702,-0.06478459582376672,-1.2584978034818044,0.5520177557564455,-1.3295834308661019,-1.3003679154366956,-1.472365157448359,0.023753636791399434,0.37548075424473976,0.35816344913989795,0.3581875203339583,0.36744881568468607,0.34714373920865527,0.341227928007941,0.05315737002205566,0.16234582221746596,0.10940222760959088,F
0.0,0.0,0.0,0.08854794502258301,-0.04487663507461548,-0.02571547246515138,0.16457977890968323,-0.10725551843643188,-0.03865746810078008,0.21302783489227295,-0.16367709636688232,-0.05520822136639936,0.21565347909927368,-0.23094981908798218,-0.0683013725185333,0.10952824354171753,-0.28809696435928345,-0.0009649714895090256,0.1567874550819397,-0.35326889157295227,-0.051163293709748814,0.17889252305030823,-0.3055722117424011,-0.093839027276033,0.18645095825195312,-0.2464655041694641,-0.11392863868712766,0.06743335723876953,-0.3224530816078186,-0.008348346976333687,0.0960669219493866,-0.4567832350730896,-0.033020787229531834,0.11778321862220764,-0.5327982604503632,-0.05571948393225057,0.13843831419944763,-0.6025170683860779,-0.07022899418115003,0.022213757038116455,-0.3244916796684265,-0.024476087009304592,0.042593494057655334,-0.4444287419319153,-0.0476685765290199,0.06693398952484131,-0.5138683617115021,-0.05700085713505132,0.09194067120552063,-0.5699838399887085,-0.05922702356218679,-0.02836775779724121,-0.2998642325401306,-0.04518514527916295,-0.023326963186264038,-0.39274775981903076,-0.06053892924427373,-0.01583479344844818,-0.46038779616355896,-0.059619397213452885,-0.003352329134941101,-0.5198699533939362,-0.05495947628259046,-1.1792167271417826,0.4960707961354493,-1.3224969582621466,-1.294055374264407,-1.4575790285228964,0.03306846998858449,0.37950547089793124,0.3609001609379951,0.3625443256316283,0.35927417158767483,0.337040513838993,0.33282920658891835,0.0567489361481437,0.1641192619825721,0.10766688229683695,F
0.0,0.0,0.0,0.08200868964195251,-0.03756582736968994,-0.02937963538920485,0.15458467602729797,-0.09228348731994629,-0.043317695419546,0.2030043601989746,-0.14534443616867065,-0.059837957184072366,0.21037626266479492,-0.21086758375167847,-0.07234558210825526,0.10508406162261963,-0.2700153589248657,-0.005314471005704036,0.15215137600898743,-0.33314043283462524,-0.053459589640851846,0.1713619828224182,-0.28896844387054443,-0.09236176804756724,0.17615628242492676,-0.2306070327758789,-0.10949837164139353,0.06380534172058105,-0.3043776750564575,-0.009824093702491155,0.09237438440322876,-0.43317872285842896,-0.03586151943659388,0.1139538586139679,-0.507729709148407,-0.05594269306516253,0.13509151339530945,-0.5735360383987427,-0.06724214301561915,0.021249830722808838,-0.30888599157333374,-0.02305154808914267,0.04132497310638428,-0.42282336950302124,-0.046942224066015115,0.06484708189964294,-0.48886188864707947,-0.05234902844881617,0.08891704678535461,-0.5410015285015106,-0.05036527038669192,-0.026748627424240112,-0.28780674934387207,-0.04125497610425555,-0.0230017751455307,-0.3752235770225525,-0.05519125358318888,-0.015406295657157898,-0.4388137459754944,-0.05125954494928919,-0.0038847029209136963,-0.4923681616783142,-0.04338805125212275,-1.1310413863936237,0.5062784071162427,-1.311892220066105,-1.2871338381410296,-1.4594878382838568,0.03950509961253072,0.37040005597820713,0.35176805227043245,0.35376593497219333,0.3453789486244666,0.3224211953512765,0.31770055871618874,0.05648518125107615,0.1609428871148903,0.10477294076766411,F
0.0,0.0,0.0,0.08340851962566376,-0.03596174716949463,-0.029195056114133422,0.15541310608386993,-0.09079539775848389,-0.044014963138636176,0.20457948744297028,-0.14360857009887695,-0.06168559827261788,0.20477168262004852,-0.21071654558181763,-0.07564450689011437,0.10572390258312225,-0.2681846618652344,-0.007056524328675096,0.14887629449367523,-0.33377572894096375,-0.05441033728772027,0.1670098453760147,-0.28608739376068115,-0.09230616577320916,0.1724613457918167,-0.224442720413208,-0.10939282812529427,0.06501562893390656,-0.3020455241203308,-0.012464714053805892,0.09218715131282806,-0.425558477640152,-0.037371120232876365,0.11516676843166351,-0.4973774254322052,-0.05808634944611413,0.13890938460826874,-0.5616601407527924,-0.07118590809756142,0.022518321871757507,-0.3057609796524048,-0.02642306946569306,0.04103223979473114,-0.4180428385734558,-0.04925806336456162,0.064154252409935,-0.48380663990974426,-0.05652229749017579,0.08832915127277374,-0.5349696278572083,-0.057385879386004035,-0.024265602231025696,-0.2834029197692871,-0.04536217712217194,-0.022612571716308594,-0.3707290291786194,-0.05989329032951218,-0.015190228819847107,-0.4368431866168976,-0.058608959246214454,-0.003355950117111206,-0.49247777462005615,-0.05376997851186616,-1.1803370216026035,0.5801852734984041,-1.2935006640720856,-1.2911957454438825,-1.4711174139839684,0.035105067176344894,0.3570703702226236,0.3445271026663248,0.35029487820679417,0.33888246145197043,0.321722219315553,0.32055344612778,0.05719041425713282,0.15819489640392437,0.10105303265316265,F
0.0,0.0,0.0,0.0800173282623291,-0.033833205699920654,-0.0333639268250181,0.15546062588691711,-0.08342444896697998,-0.051962751564474274,0.20396655797958374,-0.13632488250732422,-0.07248495113560693,0.1956576108932495,-0.19859987497329712,-0.08950906586358087,0.10851165652275085,-0.2558664083480835,-0.016671137553544213,0.1526159644126892,-0.31645601987838745,-0.06537358057209985,0.16666340827941895,-0.2704889178276062,-0.10088937323996561,0.16633066534996033,-0.21252036094665527,-0.11543573778578775,0.06473040580749512,-0.28941792249679565,-0.021443746653289963,0.09477013349533081,-0.41434445977211,-0.04870195653745668,0.11658287048339844,-0.48410117626190186,-0.06647423994252222,0.13974714279174805,-0.5474968552589417,-0.0759894732804014,0.020476728677749634,-0.29370617866516113,-0.034813835886211564,0.03988903760910034,-0.40567976236343384,-0.0606703717679693,0.06294810771942139,-0.4704453647136688,-0.06711113047310846,0.08675134181976318,-0.5226776599884033,-0.06618951600501077,-0.028285875916481018,-0.27316147089004517,-0.05320650306055086,-0.02692599594593048,-0.35959747433662415,-0.0689239386887266,-0.01962430775165558,-0.4229286015033722,-0.06714182686516779,-0.009032770991325378,-0.47725018858909607,-0.0614844222039892,-1.2350067611744984,0.6432995200390589,-1.2879176558103909,-1.2890510763651313,-1.4767377520723703,0.03246305075980245,0.353348387990904,0.34188738816137104,0.34575157225128594,0.3360296644841824,0.3202037146605206,0.31754403859783065,0.058519632385545146,0.1645298055779656,0.10601061939608795,F
0.0,0.0,0.0,0.08268821239471436,-0.02842390537261963,-0.03447188484244634,0.15164366364479065,-0.07585692405700684,-0.05607802468114187,0.1880696713924408,-0.13704687356948853,-0.079380799557498,0.1769704818725586,-0.20718252658843994,-0.09999489458971311,0.10322761535644531,-0.24525922536849976,-0.019171840052536027,0.14274993538856506,-0.30938205122947693,-0.07118204655819227,0.15464961528778076,-0.2627623677253723,-0.11135854991846372,0.15479373931884766,-0.20746225118637085,-0.12918051752023985,0.060258686542510986,-0.2772323489189148,-0.022668116267254845,0.0905722975730896,-0.39458972215652466,-0.04977928521805097,0.11399629712104797,-0.4614611268043518,-0.07065049978666593,0.1403522491455078,-0.5265308618545532,-0.08446035953932096,0.01618286967277527,-0.2818284034729004,-0.03476316901617338,0.03852355480194092,-0.3888419270515442,-0.05917172926240255,0.06320089101791382,-0.450664758682251,-0.06896686228685667,0.08880388736724854,-0.5038926303386688,-0.07268821122818281,-0.03247220814228058,-0.26534581184387207,-0.05166386860184957,-0.023029059171676636,-0.3493991792201996,-0.06567001017504026,-0.00934872031211853,-0.4069678783416748,-0.06533559831552793,0.0073784589767456055,-0.4575638771057129,-0.06288085552625944,-1.3802801630128974,0.6325194897148395,-1.2599365782974747,-1.2547320888694302,-1.3663722262710436,0.022178506625655865,0.3214409031304049,0.3095322827333772,0.3024107718265794,0.3193952644485369,0.3036867304393939,0.2903137753635522,0.056300294210501985,0.14979477246283587,0.0936827292765163,F
0.0,0.0,0.0,0.08397144079208374,-0.02732640504837036,-0.03553864114729777,0.15309226512908936,-0.07359057664871216,-0.05722301953284159,0.18722385168075562,-0.13695591688156128,-0.08015571662036791,0.17571815848350525,-0.20583754777908325,-0.10058569290487185,0.10157331824302673,-0.24337905645370483,-0.019794051878136543,0.1389736533164978,-0.30967894196510315,-0.07131773360816851,0.1510719358921051,-0.26411867141723633,-0.11109448351709261,0.1510998010635376,-0.20844799280166626,-0.1284735588058652,0.05795508623123169,-0.27488934993743896,-0.02277371601013556,0.08878445625305176,-0.39335957169532776,-0.04869713389126673,0.11281970143318176,-0.4610110819339752,-0.06918639072029009,0.13847428560256958,-0.5248783528804779,-0.08285697676984682,0.013903260231018066,-0.2783524990081787,-0.03448582195488825,0.037565022706985474,-0.38610273599624634,-0.058252298615855125,0.06282007694244385,-0.4498196244239807,-0.06899080552904024,0.08804735541343689,-0.5037066042423248,-0.07361666240541354,-0.0347355455160141,-0.26032549142837524,-0.05099137999860659,-0.025850027799606323,-0.3463706374168396,-0.06535065301505938,-0.011491507291793823,-0.40471357107162476,-0.06603204586355105,0.006334781646728516,-0.45661377906799316,-0.06447175272552386,-1.4013487470451986,0.6142746378974262,-1.2591977954985556,-1.2529404404140618,-1.364537190865018,0.02475637181158024,0.32120731838941247,0.31050305072455003,0.3026209618121295,0.31668213782949856,0.3019159792596687,0.2873032688987951,0.05469111654278781,0.14873096699576693,0.0943116053011501,F
0.0,0.0,0.0,0.08441320061683655,-0.024985969066619873,-0.03652769212668261,0.1558336317539215,-0.07017546892166138,-0.058164517181566566,0.1903180480003357,-0.13570928573608398,-0.08144961183016619,0.17347681522369385,-0.2034130096435547,-0.1021356571192058,0.11009645462036133,-0.2427876591682434,-0.016322158994725555,0.14812281727790833,-0.3100876212120056,-0.0681882340187343,0.1532115340232849,-0.2614041566848755,-0.10898011063282809,0.14712664484977722,-0.20514559745788574,-0.12720063214247546,0.06581747531890869,-0.2744396924972534,-0.019562392281940788,0.0976158082485199,-0.3900478482246399,-0.04533838738744578,0.12087199091911316,-0.4575529396533966,-0.06731480990593752,0.14701345562934875,-0.5235927700996399,-0.08276190494244418,0.020393729209899902,-0.2794419527053833,-0.03222950433438143,0.04267546534538269,-0.38309717178344727,-0.05550283824150881,0.06732317805290222,-0.44581979513168335,-0.06844676916544756,0.09343835711479187,-0.5008488893508911,-0.07552210872118792,-0.0300932377576828,-0.2637016177177429,-0.05003699545805773,-0.02420845627784729,-0.3469373285770416,-0.06279507909958681,-0.013314709067344666,-0.40492820739746094,-0.06410963718836626,0.00040772557258605957,-0.45706531405448914,-0.06408611570542178,-1.439143252779175,0.7935920744054356,-1.255761536587514,-1.2521288488753233,-1.4143465674457676,0.026407069872835226,0.3212715182003156,0.30801665103323156,0.30707067806229976,0.3184471927578053,0.3005376333777095,0.2915304184540267,0.05820288044725777,0.1609942312423518,0.10281877197709259,F
0.0,0.0,0.0,0.084199458360672,-0.0291215181350708,-0.03555447013397384,0.15674623847007751,-0.07486951351165771,-0.05759103001375365,0.1942143440246582,-0.14049065113067627,-0.0818274557711618,0.17360353469848633,-0.20658063888549805,-0.10369333030004668,0.11448174715042114,-0.24502116441726685,-0.013765367318882227,0.15086308121681213,-0.3116157352924347,-0.06506969929952788,0.15651577711105347,-0.26760411262512207,-0.10563102514763045,0.15218818187713623,-0.2136671543121338,-0.12397442163248229,0.06968879699707031,-0.2778988480567932,-0.017714593199087858,0.10237598419189453,-0.3916761875152588,-0.042450571072294,0.12452319264411926,-0.4583086669445038,-0.06306453944463897,0.1517111361026764,-0.5252744257450104,-0.07741192133445907,0.024643391370773315,-0.28332585096359253,-0.031121378404094457,0.04716920852661133,-0.38620463013648987,-0.05314541758318114,0.07123690843582153,-0.44875288009643555,-0.0643449962260263,0.0975065529346466,-0.5044827163219452,-0.0704552993299501,-0.025865167379379272,-0.2676007151603699,-0.04987716825027633,-0.020282596349716187,-0.3500257432460785,-0.06195994244237113,-0.010098829865455627,-0.40795713663101196,-0.06240891442914176,0.002767622470855713,-0.46054238080978394,-0.061761786800815344,-1.4435014917303888,0.6936727314920248,-1.2506335425189194,-1.252532466083257,-1.4234702865460174,0.022557394294440435,0.319444841716272,0.307467719239788,0.30607429697356864,0.31160763659209856,0.2959117632857582,0.28857214181474944,0.05805542194449228,0.16240199473679048,0.10443283980790863,F
0.0,0.0,0.0,0.08192966878414154,-0.026431620121002197,-0.035361385615232166,0.15648876130580902,-0.07272398471832275,-0.056277191908719715,0.19764016568660736,-0.13597345352172852,-0.07919143390810746,0.17688925564289093,-0.1993727684020996,-0.09975140047228592,0.12011165916919708,-0.2396174669265747,-0.014848405206265625,0.1553065925836563,-0.3076358437538147,-0.06268731010115403,0.15737228095531464,-0.2679557800292969,-0.10008371126806992,0.14980928599834442,-0.21788758039474487,-0.11745032173550385,0.07399092614650726,-0.2752332091331482,-0.01896364864862221,0.10678730905056,-0.39017581939697266,-0.045584100009563144,0.12718020379543304,-0.4577617645263672,-0.06725888204729813,0.15182627737522125,-0.5242885947227478,-0.08209464204466599,0.02728147804737091,-0.28328561782836914,-0.031822002203824695,0.05272616446018219,-0.3854631781578064,-0.056129256905677494,0.07443051040172577,-0.4467483162879944,-0.06774325919306534,0.0974147766828537,-0.5011864900588989,-0.07353891682780045,-0.024812966585159302,-0.26962703466415405,-0.04969780025041359,-0.016506433486938477,-0.3516279458999634,-0.06269119185364502,-0.006789356470108032,-0.40898972749710083,-0.06303086382305878,0.004422828555107117,-0.460559606552124,-0.06214810040748375,-1.411088906305498,0.6316887851436236,-1.2678911816857028,-1.2594082146007848,-1.4188554177399073,0.032804314031428264,0.3258810320857526,0.3121020912879267,0.3129907872369935,0.30640765303014783,0.28810320515973015,0.28289032201053105,0.05911276213724869,0.1605900390974344,0.1014792889217626,F
0.0,0.0,0.0,0.08168995380401611,-0.024447381496429443,-0.0345973334645322,0.15459999442100525,-0.06918835639953613,-0.055348910335212054,0.1942335069179535,-0.1317974328994751,-0.07826006406894237,0.1732501983642578,-0.1953577995300293,-0.09876553708663494,0.11931365728378296,-0.2355506420135498,-0.013873599413543047,0.15320166945457458,-0.3021383285522461,-0.06173638993850261,0.15276432037353516,-0.26294517517089844,-0.09922187024703533,0.14245721697807312,-0.2133110761642456,-0.11631509656062633,0.07282978296279907,-0.27157682180404663,-0.018100017625599207,0.10509788990020752,-0.3859074115753174,-0.04403813177695781,0.12449601292610168,-0.4541267156600952,-0.06528804445615322,0.14775192737579346,-0.5213698744773865,-0.07969812298169643,0.02629789710044861,-0.2801262140274048,-0.031043298486380877,0.04983571171760559,-0.382385790348053,-0.0542714781498006,0.07004404067993164,-0.44282716512680054,-0.06530300522199184,0.09152930974960327,-0.4969603717327118,-0.07070630783191234,-0.025885537266731262,-0.26605159044265747,-0.0489652975832513,-0.019503578543663025,-0.3477943539619446,-0.060813561025767626,-0.011035799980163574,-0.40410396456718445,-0.06045317644229442,-0.0010883063077926636,-0.4551633298397064,-0.059089127871899905,-1.424040352718471,0.7654816348972794,-1.2793974579298384,-1.278573193241503,-1.440415417264116,0.03564446443074456,0.3270076984336644,0.31247786352835155,0.3128782954932782,0.30810429593943045,0.2881849659700497,0.2812433641231602,0.06129279367905392,0.1629009567677417,0.10161208350959472,F
0.0,0.0,0.0,0.08601360023021698,-0.022513628005981445,-0.036447661113555796,0.1700274497270584,-0.06888055801391602,-0.05258372996431149,0.20515112578868866,-0.13417696952819824,-0.06893565703612126,0.17882739007472992,-0.1956673264503479,-0.08247708727103031,0.13013581931591034,-0.23879021406173706,-0.017532061901505358,0.16057263314723969,-0.31246647238731384,-0.06087744061332501,0.15678100287914276,-0.26987338066101074,-0.09522502322178639,0.14592351019382477,-0.21740520000457764,-0.1113777627466277,0.08168958127498627,-0.2767174243927002,-0.019357727956588633,0.11092869937419891,-0.3956865668296814,-0.04362410877328671,0.13115070760250092,-0.4657518267631531,-0.06695662636738575,0.15348337590694427,-0.5293973386287689,-0.08374315698128498,0.03294861316680908,-0.28490811586380005,-0.029072066885049708,0.05587054789066315,-0.390947163105011,-0.05158710677605427,0.07553465664386749,-0.45264285802841187,-0.06569200206976689,0.09678025543689728,-0.5035985112190247,-0.07364794809799946,-0.02159181237220764,-0.26934564113616943,-0.043511176597888834,-0.015210330486297607,-0.3547559976577759,-0.05429008428436077,-0.008809715509414673,-0.41129058599472046,-0.05445407156329907,-1.8328428268432617e-06,-0.46202489733695984,-0.05410664353948391,-1.5015000567457861,0.9348515453372839,-1.2939625440438325,-1.286804400266576,-1.4592103842883837,0.03943602994568185,0.334690962057158,0.31867435864110494,0.3208212064965683,0.3120837165455721,0.29038193964500203,0.2848385543836205,0.06229625483733701,0.16762086728858994,0.1053334608896875,F
0.0,0.0,0.0,0.08298817276954651,-0.028266429901123047,-0.03306283310666913,0.16310879588127136,-0.07615220546722412,-0.05055609971896047,0.19581347703933716,-0.14391452074050903,-0.06952519968763227,0.17023316025733948,-0.20584863424301147,-0.08508562550559873,0.1210404634475708,-0.24907779693603516,-0.012634451246412937,0.1536196768283844,-0.32188180088996887,-0.060764985835703555,0.15002375841140747,-0.27832406759262085,-0.09935347244754666,0.13927146792411804,-0.2254064679145813,-0.11711417392507428,0.07287377119064331,-0.28432685136795044,-0.016469447618874256,0.10141927003860474,-0.4015592336654663,-0.044102365827711765,0.12202438712120056,-0.4737473726272583,-0.06890223429218167,0.14408501982688904,-0.5413346886634827,-0.08545369163766736,0.02523145079612732,-0.2907680869102478,-0.028601440346392337,0.04358837008476257,-0.3952433466911316,-0.05227387205377454,0.06326895952224731,-0.4560198187828064,-0.06576556221261853,0.08433952927589417,-0.5080796480178833,-0.07220670834794873,-0.027419209480285645,-0.27334117889404297,-0.0453937116326415,-0.024237051606178284,-0.3575318455696106,-0.055952409958990756,-0.018992215394973755,-0.4143134355545044,-0.05562332526460523,-0.010659486055374146,-0.4652663767337799,-0.053991674190911,-1.5159204011580634,0.9145093824358066,-1.3004991316920214,-1.3052241798226933,-1.4836930338971812,0.03662151348677241,0.3365035184936198,0.3141994613785381,0.3162589360144993,0.3159648887890666,0.2879611859840941,0.28286404299584433,0.06837705294555683,0.1724304212735686,0.10420071550597329,F
0.0,0.0,0.0,0.08746941387653351,-0.028532803058624268,-0.0323765165408787,0.1681646853685379,-0.07675790786743164,-0.047996558179491444,0.20142386853694916,-0.14529168605804443,-0.06486266844474642,0.17895551025867462,-0.20909208059310913,-0.07847823195659487,0.12812431156635284,-0.24765276908874512,-0.014473902923398896,0.1600530594587326,-0.324482262134552,-0.06187266476952402,0.15513022243976593,-0.27873682975769043,-0.09892972551786272,0.14420552551746368,-0.22464603185653687,-0.11605705313884584,0.08011485636234283,-0.2838748097419739,-0.018831152399414464,0.10846178233623505,-0.4055275321006775,-0.047294117440813466,0.1289200335741043,-0.47829481959342957,-0.07219704978668062,0.1505357176065445,-0.5463282465934753,-0.08889881514512865,0.031125888228416443,-0.2904905080795288,-0.031114516710275097,0.0524110347032547,-0.39842718839645386,-0.056607887079351826,0.07170082628726959,-0.4627014994621277,-0.06999947123729555,0.09277479350566864,-0.51817587018013,-0.07607758038246004,-0.023979991674423218,-0.27303415536880493,-0.04775205620133249,-0.018539905548095703,-0.3605000078678131,-0.059633295913570805,-0.011457428336143494,-0.4176863431930542,-0.0588185451229748,-0.0023852288722991943,-0.4691143035888672,-0.05667615674936144,-1.489434097562597,0.9607562832274193,-1.3086532951926304,-1.306372925690686,-1.4611060579234083,0.038072126804520365,0.3384315533058592,0.32087365882156116,0.3170110725514546,0.3217444927422169,0.2980014868780755,0.2850501449856714,0.06425636661612469,0.1713091032791435,0.10706291223091335,F
0.0,0.0,0.0,0.08690410852432251,-0.0391353964805603,-0.029667321993969153,0.16594231128692627,-0.09314793348312378,-0.0465997442891819,0.20412027835845947,-0.15962880849838257,-0.06608579534199066,0.180751770734787,-0.22600650787353516,-0.08226483541633911,0.11841768026351929,-0.26235806941986084,-0.01022053550090618,0.156520813703537,-0.3398895859718323,-0.059863152383826446,0.15987259149551392,-0.2927401065826416,-0.09931068348791428,0.15414801239967346,-0.2355169653892517,-0.11710747557785339,0.07075583934783936,-0.2948263883590698,-0.015494054584763717,0.098731130361557,-0.4179254174232483,-0.043445086508057784,0.11783105134963989,-0.49088650941848755,-0.06632385629322357,0.13819459080696106,-0.5607801675796509,-0.08115003484394379,0.022939756512641907,-0.29856300354003906,-0.02893968152906723,0.04252813756465912,-0.4064687490463257,-0.0519265108099205,0.06143897771835327,-0.47197628021240234,-0.059752779482863616,0.08204805850982666,-0.5292617380619049,-0.06184324476029701,-0.030308127403259277,-0.2796897292137146,-0.047158470778725814,-0.026025161147117615,-0.36501166224479675,-0.05634751397278137,-0.01768156886100769,-0.4248213768005371,-0.05185673239734001,-0.007421448826789856,-0.4778538644313812,-0.04655472415592499,-1.4597867324565095,0.6442772280085836,-1.3224574874812391,-1.3199775685976107,-1.4558122237489806,0.02825258854886348,0.33746780112543406,0.3189140282953839,0.31438233341799643,0.3256542067280374,0.3024638735839815,0.2912591001812045,0.06438823252938597,0.16757327577050238,0.10318702541632242,F
0.0,0.0,0.0,0.08997255563735962,-0.032615840435028076,-0.030488722541747393,0.17490869760513306,-0.0899314284324646,-0.04318028739970714,0.2111789882183075,-0.16139954328536987,-0.057457782843528094,0.187770813703537,-0.22929167747497559,-0.06878087348621875,0.12920832633972168,-0.25610458850860596,-0.008586899892804922,0.16044068336486816,-0.3319324553012848,-0.052560579547105135,0.16371554136276245,-0.2878769040107727,-0.0892299679605344,0.15937089920043945,-0.23182344436645508,-0.10688943839949161,0.08052331209182739,-0.29134660959243774,-0.012555688203690352,0.10518857836723328,-0.41487711668014526,-0.0345039410082677,0.12407886981964111,-0.4887567162513733,-0.05641116253417522,0.14347636699676514,-0.5549139678478241,-0.07199632055443317,0.03180865943431854,-0.2959401607513428,-0.02450817874949962,0.05010068416595459,-0.40379083156585693,-0.04406859404724628,0.0684385895729065,-0.46804535388946533,-0.05380621604007274,0.088215172290802,-0.5216740369796753,-0.058759134778199495,-0.021728724241256714,-0.2748265266418457,-0.04129036940020114,-0.020207718014717102,-0.3578811287879944,-0.050756019124207796,-0.01551501452922821,-0.41474491357803345,-0.047976594933686556,-0.008964583277702332,-0.4669187068939209,-0.044633713134942354,-1.4787630455143104,0.677787787135753,-1.3363390280321974,-1.3259300582050666,-1.5044458664814764,0.028512540878989395,0.32862117095025806,0.3088669129036591,0.30849865726748005,0.3234812552798673,0.29845687043570274,0.2891480885705573,0.06448792634632998,0.1760153665761265,0.11154394230595478,F
0.0,0.0,0.0,0.0870063304901123,-0.03654932975769043,-0.031281713313561,0.1709849238395691,-0.09539622068405151,-0.04522733009527258,0.2146458625793457,-0.16481709480285645,-0.061310537076693095,0.19863072037696838,-0.2374013066291809,-0.07450982174943022,0.12404066324234009,-0.26207947731018066,-0.009136697194676913,0.16024386882781982,-0.33532971143722534,-0.05563524357150129,0.16724812984466553,-0.28864723443984985,-0.09393573544095091,0.16484829783439636,-0.23227143287658691,-0.11255354425976805,0.07756626605987549,-0.2969317138195038,-0.01421412817309431,0.101124107837677,-0.4213132858276367,-0.038511898285847224,0.11846524477005005,-0.4966656565666199,-0.061876077122192896,0.13658806681632996,-0.5668749511241913,-0.07864373169014982,0.029346883296966553,-0.3003444969654083,-0.027671258813839472,0.04538321495056152,-0.4067080020904541,-0.04947054377863935,0.06292971968650818,-0.4723653793334961,-0.059572268194656885,0.08277648687362671,-0.529654860496521,-0.06475064895222715,-0.024660184979438782,-0.2775024175643921,-0.04613289973805479,-0.026556596159934998,-0.3614795506000519,-0.05769050858090452,-0.023043736815452576,-0.4209534525871277,-0.055619422263603724,-0.017695695161819458,-0.475974977016449,-0.052636083132725275,-1.3785196737718406,0.6308729772378073,-1.355538616414023,-1.3418793441792678,-1.5357202770008214,0.03416968945662853,0.3352643334410475,0.3143792982509139,0.32204737890862134,0.3357948109796657,0.3085007053109618,0.304489288490305,0.06542951384705477,0.17907061317513404,0.11391307762236055,F
0.0,0.0,0.0,0.08494071662425995,-0.042030274868011475,-0.029986939420894032,0.16399399936199188,-0.10232841968536377,-0.04629824965257967,0.2084091156721115,-0.16696882247924805,-0.06553203894753779,0.194328173995018,-0.23848921060562134,-0.0818484900798353,0.11401627957820892,-0.27098989486694336,-0.009320991141692048,0.15530143678188324,-0.3398289084434509,-0.06074192657132471,0.16647379100322723,-0.28887563943862915,-0.10273310079236353,0.16714076697826385,-0.22933417558670044,-0.12316260023970926,0.06910340487957001,-0.30077677965164185,-0.01654457769353712,0.09399829804897308,-0.4250389337539673,-0.04508704229255045,0.11048780381679535,-0.5013896822929382,-0.07048894747157419,0.12900854647159576,-0.5748912692070007,-0.08860129400153482,0.02107393741607666,-0.3000503182411194,-0.03252663000483835,0.03723524510860443,-0.4070757031440735,-0.05759169443507517,0.05487199127674103,-0.473774790763855,-0.06886674745936716,0.07656623423099518,-0.5340159237384796,-0.07478820069690073,-0.03230942785739899,-0.27532923221588135,-0.053451220532849675,-0.036947667598724365,-0.35964661836624146,-0.06705362631936396,-0.030882790684700012,-0.42116525769233704,-0.06659363492389048,-0.02131699025630951,-0.4782470166683197,-0.06505302621980036,-1.3515939997363136,0.6649797740787773,-1.3556384852177983,-1.3379181081368174,-1.516677345802791,0.028687449633808874,0.3426849847469896,0.3181256239791068,0.3224695992384096,0.3476546723288472,0.31785958163819794,0.3122081496649452,0.06649052549282188,0.1787117190933296,0.11265565512584007,F
0.0,0.0,0.0,0.0813041478395462,-0.029842257499694824,-0.03450889659258394,0.1613462120294571,-0.08733320236206055,-0.05224587914678125,0.2142838090658188,-0.14819681644439697,-0.07151302096578149,0.2070077806711197,-0.2216373085975647,-0.08838468191358118,0.1202981024980545,-0.2566426992416382,-0.02024695796104936,0.163382425904274,-0.32932716608047485,-0.06936784234973459,0.17333172261714935,-0.2866516709327698,-0.10828124133082895,0.17176778614521027,-0.23169797658920288,-0.12731362280580072,0.0737232118844986,-0.29281818866729736,-0.024826181653466506,0.10302455723285675,-0.41926559805870056,-0.053302546564069075,0.1187514215707779,-0.49669647216796875,-0.07892210927936105,0.13802649080753326,-0.5706310868263245,-0.09797720757457284,0.02499830722808838,-0.29727351665496826,-0.037414906147446914,0.04215101897716522,-0.4024752378463745,-0.06135263812872438,0.05848582088947296,-0.4664442539215088,-0.07533816394540338,0.07955823838710785,-0.5242252945899963,-0.08452234563561944,-0.028318747878074646,-0.274841845035553,-0.05500969809624223,-0.03383561968803406,-0.3607702851295471,-0.06700555381509332,-0.029740571975708008,-0.42286884784698486,-0.06813901809188394,-0.021199002861976624,-0.4792099893093109,-0.06923006621333627,-1.2430700171051983,0.45129143614804823,-1.3433393249860257,-1.3348701508504068,-1.5359725689905293,0.03664797749704749,0.35574580193394956,0.3283334815326639,0.34412500911668226,0.34060846763707026,0.30671620836612323,0.3138445126181165,0.07464605879870574,0.183604397838163,0.11035578541082255,F
0.0,0.0,0.0,0.0839538723230362,-0.03683823347091675,-0.032215629065603935,0.16357029974460602,-0.09624576568603516,-0.04932263895329925,0.21396227180957794,-0.15763086080551147,-0.06877889140901061,0.20390109717845917,-0.2307458519935608,-0.08568925067243072,0.11862273514270782,-0.26746922731399536,-0.013445972757608615,0.16197527945041656,-0.3374805748462677,-0.06200212642011138,0.17186670005321503,-0.29361748695373535,-0.10126184328851195,0.16932888329029083,-0.23728471994400024,-0.12018378480729552,0.07145659625530243,-0.30016282200813293,-0.018883608574242317,0.0994734913110733,-0.4259510040283203,-0.04692271008548232,0.11488623917102814,-0.5042157173156738,-0.07221001043376418,0.1331990510225296,-0.5781743228435516,-0.09049869730529281,0.0228034108877182,-0.3022257089614868,-0.032583095425934516,0.040101513266563416,-0.40992334485054016,-0.056038447017044746,0.0558379590511322,-0.4758763611316681,-0.06848169519957992,0.07554943859577179,-0.5344552099704742,-0.07606406911668273,-0.030312806367874146,-0.27833956480026245,-0.05126798554715606,-0.03543120622634888,-0.36340638995170593,-0.06230868055877181,-0.030689522624015808,-0.4256761372089386,-0.061763521576494895,-0.02216307818889618,-0.4819188117980957,-0.06117759674248191,-1.2794706956646353,0.536943890059866,-1.3522572218212507,-1.347456506906794,-1.530785476205935,0.03518514981071622,0.35454946296362955,0.3297173370990305,0.3379243511815816,0.34279890044267997,0.31161656629548284,0.31066865018605344,0.07235218478639238,0.1827635483342607,0.11094056548134555,F
