x0,y0,z0,x1,y1,z1,x2,y2,z2,x3,y3,z3,x4,y4,z4,x5,y5,z5,x6,y6,z6,x7,y7,z7,x8,y8,z8,x9,y9,z9,x10,y10,z10,x11,y11,z11,x12,y12,z12,x13,y13,z13,x14,y14,z14,x15,y15,z15,x16,y16,z16,x17,y17,z17,x18,y18,z18,x19,y19,z19,x20,y20,z20,angle0,angle1,angle2,angle3,angle4,dist01,dist02,dist03,dist04,dist12,dist13,dist14,dist23,dist24,dist34,label
0.0,0.0,0.0,0.06577014923095703,-0.023802459239959717,-0.0458112547057965,0.12733089923858643,-0.0903935432434082,-0.06955131533325698,0.10281378030776978,-0.1670980453491211,-0.08971839788139846,0.03693541884422302,-0.19854342937469482,-0.10139774921120193,0.1191159188747406,-0.27149897813796997,-0.038675360556254645,0.1305287778377533,-0.349847674369812,-0.09103522094667937,0.12161499261856079,-0.2689250707626343,-0.11887998523891952,0.11775568127632141,-0.20542508363723755,-0.12748206796825912,0.05778771638870239,-0.29122161865234375,-0.04002049582780387,0.062343448400497437,-0.40609437227249146,-0.09927911701382186,0.0675252377986908,-0.3213416337966919,-0.12075289728821303,0.07627665996551514,-0.2578493356704712,-0.12116034718931701,-0.0024363696575164795,-0.2903350591659546,-0.049952190544019004,-0.0062916576862335205,-0.3906714916229248,-0.10660224797905471,0.01379278302192688,-0.2962248921394348,-0.12189826759279754,0.03312358260154724,-0.22394198179244995,-0.1170874947565892,-0.058301568031311035,-0.26693588495254517,-0.06312831136168029,-0.08772300183773041,-0.36260658502578735,-0.09548216703117873,-0.10985107719898224,-0.42012619972229004,-0.11016732844294097,-0.12690745294094086,-0.48303359746932983,-0.11534318717897918,-2.267009291760323,1.5913800308042567,1.0648712645183072,1.0790780623814726,-1.878208246402344,0.08111271161157434,0.07116827786680702,0.025683001391162044,0.328297338364665,0.06684916910587836,0.08663410208103516,0.3700358579882186,0.0548807501132224,0.303301393830428,0.30452979764032473,I
0.0,0.0,0.0,0.06669929623603821,-0.021332979202270508,-0.04642712691187967,0.12926039099693298,-0.09102684259414673,-0.06902661168336977,0.10440397262573242,-0.16994696855545044,-0.08828998350858797,0.03856375813484192,-0.2033979892730713,-0.09889633947372545,0.12047609686851501,-0.2740135192871094,-0.0313196405148517,0.1301826536655426,-0.3512032628059387,-0.0828718169903766,0.1207573413848877,-0.2688162922859192,-0.11137965315342058,0.11557835340499878,-0.2051924467086792,-0.11977816366911043,0.05926230549812317,-0.29422861337661743,-0.03175074228406061,0.062055498361587524,-0.40534695982933044,-0.09093619131803621,0.06825131177902222,-0.31963813304901123,-0.11351738863945116,0.07622966170310974,-0.25643664598464966,-0.11351768666267503,-0.0005421042442321777,-0.2934470772743225,-0.04130765416979898,-0.00775909423828125,-0.3907538652420044,-0.0972257330393802,0.012579470872879028,-0.29504722356796265,-0.11271809035301317,0.031140774488449097,-0.2228873372077942,-0.10681033873319734,-0.056448400020599365,-0.2702330946922302,-0.05431572341680635,-0.08377818763256073,-0.36923348903656006,-0.08427165442466844,-0.10429763793945312,-0.4281352162361145,-0.09763368212938417,-0.12134841084480286,-0.49184805154800415,-0.10137241327524293,-2.2498617010948783,1.641842880827835,1.1488015565212863,1.1487559669653327,-1.8556809426567922,0.07703549806494585,0.06505243575288099,0.02085510415067024,0.3298110674525449,0.06460872617600259,0.08627174440721727,0.3718947800167143,0.05620110203244399,0.30733633794438037,0.30918088152729445,I
0.0,0.0,0.0,0.07252493500709534,-0.03128606081008911,-0.04569711378800889,0.12683215737342834,-0.09680616855621338,-0.0726363643168213,0.10896629095077515,-0.180774986743927,-0.09544113866078874,0.044581055641174316,-0.21259921789169312,-0.11113538435685655,0.12798812985420227,-0.2649991512298584,-0.0503662808893921,0.13956975936889648,-0.34809058904647827,-0.10296075633752366,0.1258644163608551,-0.2603362798690796,-0.13331103167521974,0.11776271462440491,-0.20079106092453003,-0.14625748834598085,0.06962478160858154,-0.2870936393737793,-0.05099095619308969,0.07685521245002747,-0.3969639241695404,-0.10469349316346666,0.07284566760063171,-0.2938547730445862,-0.1235554351567032,0.08007529377937317,-0.24304449558258057,-0.12690055212962648,0.01225927472114563,-0.28729671239852905,-0.059181323563933574,0.006987631320953369,-0.3881657123565674,-0.10429261467444917,0.023659557104110718,-0.28845226764678955,-0.1161466895698311,0.04078727960586548,-0.21695184707641602,-0.11527948669183274,-0.04766175150871277,-0.2667407989501953,-0.07111092499482652,-0.07555975019931793,-0.37240999937057495,-0.09631495020377656,-0.09187905490398407,-0.4313035011291504,-0.11032584152209779,-0.10329599678516388,-0.48940759897232056,-0.11912970087516328,-2.1884205801785725,1.7287244293822492,1.3378563543427164,1.1855189790458616,-1.8156378043387287,0.07412818480509972,0.04676276162382221,0.005773916991591166,0.31383196534256963,0.056618852252166674,0.07865359880730427,0.36354705324723885,0.04716327346319371,0.3071153023135246,0.30820792864028734,I
0.0,0.0,0.0,0.07370296120643616,-0.029355347156524658,-0.04271796625315005,0.13016930222511292,-0.09513610601425171,-0.06705394294320399,0.11367166042327881,-0.1783117651939392,-0.08778035547791774,0.048461973667144775,-0.21079713106155396,-0.10088934656440074,0.13069313764572144,-0.26437056064605713,-0.04648220073639209,0.14289674162864685,-0.3477618098258972,-0.09632792975961024,0.12932559847831726,-0.258807897567749,-0.1234412184005862,0.12205666303634644,-0.19961166381835938,-0.13434483017979915,0.07185506820678711,-0.2866235375404358,-0.0488472869640475,0.07970917224884033,-0.3947426974773407,-0.1027687033659106,0.07634422183036804,-0.2935132384300232,-0.12125467416106517,0.0827169120311737,-0.24009227752685547,-0.12372497376262004,0.013942807912826538,-0.28724032640457153,-0.058495330626357145,0.010351866483688354,-0.39020246267318726,-0.10517296847163493,0.026744693517684937,-0.2910228371620178,-0.11745529528914744,0.043858885765075684,-0.218705415725708,-0.1159733673578387,-0.04525843262672424,-0.26646560430526733,-0.07149693276940638,-0.07121400535106659,-0.370309442281723,-0.09767437633334453,-0.0870715081691742,-0.4273888170719147,-0.11151277180968577,-0.09843558073043823,-0.48303931951522827,-0.11950756516515071,-2.1858299562425216,1.7033775210501363,1.341471664338252,1.1592183146837194,-1.8115713817732848,0.07443986150442425,0.04507334476990685,0.009150376197920444,0.3093456006831789,0.056447285987596164,0.08049511620009407,0.3590933939452716,0.04435475242855205,0.303050310748308,0.30020014638212666,I
0.0,0.0,0.0,0.06643253564834595,-0.019819438457489014,-0.04494559738932935,0.127986878156662,-0.0862303376197815,-0.06783892188369123,0.11031952500343323,-0.16353964805603027,-0.0878664997607359,0.04760071635246277,-0.19778448343276978,-0.09930417660771695,0.1287919580936432,-0.2597999572753906,-0.03813576672374097,0.13994964957237244,-0.34237849712371826,-0.08991824064551679,0.12637627124786377,-0.25894445180892944,-0.11721831534205762,0.12321716547012329,-0.19609183073043823,-0.1269430664569029,0.06842851638793945,-0.2814539074897766,-0.04099912542997686,0.07286116480827332,-0.39283668994903564,-0.10193587813674299,0.07339826226234436,-0.3004322648048401,-0.12428162966071454,0.08246231079101562,-0.2381705641746521,-0.12609490726291028,0.008447468280792236,-0.28272849321365356,-0.05243974153100339,0.005975812673568726,-0.3837304711341858,-0.11028544578849164,0.02216130495071411,-0.28592008352279663,-0.12536112938224164,0.04048609733581543,-0.21310406923294067,-0.12121272061168042,-0.04829847812652588,-0.26108402013778687,-0.06726977948247281,-0.07035407423973083,-0.35263970494270325,-0.10054580841361371,-0.08680813014507294,-0.4072672724723816,-0.11566048834620801,-0.09844502806663513,-0.46613773703575134,-0.12170302096902219,-2.1952158618001025,1.6580792044157564,1.2572602713226249,1.1395225252938603,-1.810642090171438,0.07563539151967452,0.05335134754144433,0.016891048304970232,0.30552058552941175,0.05857967214131867,0.08446209737811107,0.3493693168493554,0.048891018241588854,0.2910266261956785,0.28866571436063304,I
0.0,0.0,0.0,0.07632142305374146,-0.030756115913391113,-0.034416749125625756,0.13585206866264343,-0.09497427940368652,-0.05364097187509742,0.12120717763900757,-0.17430943250656128,-0.07077804113021102,0.05501288175582886,-0.2029591202735901,-0.0811053728519937,0.1326838731765747,-0.2628404498100281,-0.03525474200239387,0.14952868223190308,-0.348421573638916,-0.08145355338444915,0.1350266933441162,-0.26152533292770386,-0.10914222056260314,0.12648436427116394,-0.19649189710617065,-0.12161961103072372,0.07591408491134644,-0.28248775005340576,-0.04132554957857337,0.09005019068717957,-0.39436641335487366,-0.09217119122138229,0.08333861827850342,-0.29195380210876465,-0.11370908374180999,0.08521869778633118,-0.22872745990753174,-0.1195267727433702,0.020180940628051758,-0.282916784286499,-0.053805540299322274,0.01909559965133667,-0.39248010516166687,-0.09636095816483703,0.030939608812332153,-0.29615598917007446,-0.11029954159846511,0.044296205043792725,-0.22279483079910278,-0.1116370251237413,-0.03586858510971069,-0.2619903087615967,-0.06913433874240127,-0.060249507427215576,-0.36843451857566833,-0.09246585423341003,-0.07236246764659882,-0.42383378744125366,-0.10577125752558914,-0.07974256575107574,-0.4781026244163513,-0.11465084457984176,-2.2134111301704755,1.6639643079376314,1.3994181526632083,1.1893370351057122,-1.7710889654613642,0.0717634850633458,0.03970388708374432,0.022545566566450105,0.3063706554236939,0.052363983228531655,0.086294483242201,0.34904748731736585,0.04135029020939624,0.29899864739101856,0.2838444752712469,I
0.0,0.0,0.0,0.07110854983329773,-0.02518361806869507,-0.04395739508555607,0.1308404803276062,-0.08980250358581543,-0.06696401310847477,0.11801058053970337,-0.17073512077331543,-0.08613558633015828,0.059202879667282104,-0.20906341075897217,-0.09739562643454747,0.1340567171573639,-0.2620652914047241,-0.04029818026111798,0.1476483941078186,-0.34653788805007935,-0.08962077421830372,0.13283377885818481,-0.2666228413581848,-0.11721750123189167,0.12496286630630493,-0.20477807521820068,-0.1276922575919457,0.07627367973327637,-0.28566187620162964,-0.04200004188106732,0.08505398035049438,-0.3988206386566162,-0.09774403048442082,0.08316391706466675,-0.30810117721557617,-0.11898582948134617,0.08830851316452026,-0.24864202737808228,-0.12165705634043888,0.017895877361297607,-0.28820425271987915,-0.05160951388762669,0.019044548273086548,-0.390714555978775,-0.1040527425496407,0.034406840801239014,-0.29280340671539307,-0.11925881130383686,0.05024123191833496,-0.21986860036849976,-0.1173189334361382,-0.039894044399261475,-0.2674708366394043,-0.0643597893206902,-0.06481151282787323,-0.3681735396385193,-0.09537150485203938,-0.08179564774036407,-0.4260343313217163,-0.11107853574441151,-0.09332749247550964,-0.48828619718551636,-0.11868837995217518,-2.111715424065598,1.728224129626726,1.2564817874242185,1.1287109611504036,-1.808214968615889,0.06589946846114511,0.049128451988211995,0.014037921957115033,0.31816800418304486,0.05716281923879403,0.07623022100795239,0.3578093570024793,0.04771821458680054,0.30070079259549565,0.30440102645211004,I
0.0,0.0,0.0,0.07121032476425171,-0.02483522891998291,-0.0444005667525289,0.1294957995414734,-0.09037411212921143,-0.06851636015949225,0.10674256086349487,-0.16969352960586548,-0.0885578035670278,0.04015505313873291,-0.1987888216972351,-0.10012406998453116,0.13041293621063232,-0.2658225893974304,-0.04540845521864867,0.14000853896141052,-0.3472696542739868,-0.09796489917812323,0.1281464397907257,-0.259751558303833,-0.12488255792436576,0.1201731264591217,-0.19698959589004517,-0.13372291767177558,0.06990474462509155,-0.2873455286026001,-0.046936282451724765,0.07520285248756409,-0.39951515197753906,-0.10639761530933356,0.07713225483894348,-0.2999995946884155,-0.1265621199565885,0.08075922727584839,-0.23743855953216553,-0.12748980664787268,0.01011386513710022,-0.28998416662216187,-0.05645990141806578,0.008000046014785767,-0.38899973034858704,-0.11105571829853034,0.026459574699401855,-0.28438258171081543,-0.12605464601097083,0.04180753231048584,-0.20967161655426025,-0.12330040478286719,-0.049001336097717285,-0.272564172744751,-0.06892572485980963,-0.07767172157764435,-0.37086328864097595,-0.10074857765016532,-0.0961465984582901,-0.4315674602985382,-0.11760195487318015,-0.11069376766681671,-0.49843278527259827,-0.12610428177890753,-2.260039658806554,1.7184763769291425,1.3566372717162927,1.1949286170807898,-1.837427045970725,0.08003829877884946,0.05605801630512847,0.011007538839957379,0.33547260938201556,0.05647631458010347,0.07938513711266292,0.3796939810274625,0.04783552720534073,0.32368539531829993,0.3265572829601993,I
0.0,0.0,0.0,0.07432189583778381,-0.02795487642288208,-0.04114534211853993,0.13513043522834778,-0.09430801868438721,-0.06308960048059475,0.11726194620132446,-0.1715143322944641,-0.08139718947509778,0.049131155014038086,-0.19773340225219727,-0.09115246561864865,0.1327630579471588,-0.2689199447631836,-0.04485545558432591,0.14340677857398987,-0.35327208042144775,-0.09527012584308636,0.13103297352790833,-0.2638699412345886,-0.1205330031881715,0.12326481938362122,-0.20234936475753784,-0.12934746471742642,0.0716395378112793,-0.290942907333374,-0.0485607075462724,0.0779421329498291,-0.409482479095459,-0.10649368790487301,0.08024337887763977,-0.3111635446548462,-0.12469053146938336,0.08412522077560425,-0.24747270345687866,-0.1253523441920663,0.011434018611907959,-0.294353723526001,-0.05984706310132992,0.010513246059417725,-0.39653438329696655,-0.11333397654394162,0.028449684381484985,-0.2919315695762634,-0.12688540545801175,0.04363521933555603,-0.21638548374176025,-0.12417603162626278,-0.04760587215423584,-0.2781229615211487,-0.074011376775303,-0.07588735222816467,-0.37709176540374756,-0.10651901987890255,-0.0938405692577362,-0.43810775876045227,-0.12343334285120022,-0.10781991481781006,-0.5044316649436951,-0.1325606021056558,-2.2644577979721876,1.7125190146211213,1.2911015125857646,1.1791300487277798,-1.8308419365534165,0.07427723273461868,0.060815974240776886,0.019444933861428027,0.34452498118328756,0.05973293793688799,0.08085719411378355,0.38033389339724344,0.05104758021915587,0.32073484838158356,0.3254370294948502,I
0.0,0.0,0.0,0.07160601019859314,-0.026131093502044678,-0.043438302329974476,0.1335691213607788,-0.09304273128509521,-0.06640064155240566,0.11690700054168701,-0.17026513814926147,-0.08539107625861675,0.04984721541404724,-0.19674468040466309,-0.09576175545831234,0.13123759627342224,-0.2695103883743286,-0.043543854705291096,0.14654108881950378,-0.3520042896270752,-0.09528039579768688,0.1331057846546173,-0.2653045058250427,-0.1227832082428506,0.12397468090057373,-0.20397549867630005,-0.13262600635667354,0.07128399610519409,-0.29080766439437866,-0.0461816843368581,0.07894900441169739,-0.4069846570491791,-0.1033936757363847,0.08170068264007568,-0.31330573558807373,-0.12254232352157146,0.08726873993873596,-0.2532459497451782,-0.12387718444247753,0.011811167001724243,-0.2927168011665344,-0.057041102997260396,0.012577354907989502,-0.39281708002090454,-0.11028472518106014,0.03286552429199219,-0.29024040699005127,-0.12495056723733455,0.04994624853134155,-0.21493381261825562,-0.12291490470548183,-0.04625701904296875,-0.27371615171432495,-0.07107739334483654,-0.07491132616996765,-0.3713856637477875,-0.10329569315095455,-0.09329234063625336,-0.4306204319000244,-0.1206699926175645,-0.10727165639400482,-0.4958639144897461,-0.12999708389421016,-2.2499920614083138,1.6811710863101559,1.1684518884240271,1.1149586633940725,-1.8388444594716398,0.0744792982803518,0.0677699338559609,0.018189401810996163,0.3378737280077896,0.061440242922897355,0.07483510836162689,0.37238919935766285,0.0534863367233834,0.3109814184514828,0.3219304144790319,I
0.0,0.0,0.0,0.07473358511924744,-0.02628457546234131,-0.03859377843224365,0.13536915183067322,-0.09019333124160767,-0.059482133061521836,0.1225123405456543,-0.1687546968460083,-0.0775687341102298,0.05754220485687256,-0.1955552101135254,-0.08758803647839386,0.14124593138694763,-0.2615899443626404,-0.04053172659956772,0.1551194190979004,-0.3504508137702942,-0.08905020546995956,0.14053359627723694,-0.264390766620636,-0.11490210336529572,0.1337706744670868,-0.20116746425628662,-0.12526156199061234,0.08149844408035278,-0.28252458572387695,-0.04579474222742874,0.09086644649505615,-0.3955386281013489,-0.10123808127724487,0.08659559488296509,-0.29442542791366577,-0.12065718513809998,0.09022974967956543,-0.23081755638122559,-0.123037019790047,0.02173304557800293,-0.284232497215271,-0.05835716617190201,0.02145978808403015,-0.39343756437301636,-0.1091759745486911,0.03734767436981201,-0.2966204285621643,-0.12368002724730331,0.05396166443824768,-0.2226119041442871,-0.12275967192732651,-0.03728407621383667,-0.26415205001831055,-0.07382018309914429,-0.06384573876857758,-0.36633986234664917,-0.10491608274065811,-0.0785004198551178,-0.42522305250167847,-0.12136955005013306,-0.08878527581691742,-0.4847160875797272,-0.13041565013014633,-2.2070023415263478,1.693887354806757,1.4035132925826606,1.088905111349429,-1.8001841520303765,0.07643478904058214,0.04808231120525245,0.02729258070545296,0.3240767573544301,0.052677700162117556,0.08263983351806445,0.3604593913264496,0.03718476483326288,0.3106619440779042,0.29845484068208794,I
0.0,0.0,0.0,0.07473358511924744,-0.02628457546234131,-0.03859377843224365,0.13536915183067322,-0.09019333124160767,-0.059482133061521836,0.1225123405456543,-0.1687546968460083,-0.0775687341102298,0.05754220485687256,-0.1955552101135254,-0.08758803647839386,0.14124593138694763,-0.2615899443626404,-0.04053172659956772,0.1551194190979004,-0.3504508137702942,-0.08905020546995956,0.14053359627723694,-0.264390766620636,-0.11490210336529572,0.1337706744670868,-0.20116746425628662,-0.12526156199061234,0.08149844408035278,-0.28252458572387695,-0.04579474222742874,0.09086644649505615,-0.3955386281013489,-0.10123808127724487,0.08659559488296509,-0.29442542791366577,-0.12065718513809998,0.09022974967956543,-0.23081755638122559,-0.123037019790047,0.02173304557800293,-0.284232497215271,-0.05835716617190201,0.02145978808403015,-0.39343756437301636,-0.1091759745486911,0.03734767436981201,-0.2966204285621643,-0.12368002724730331,0.05396166443824768,-0.2226119041442871,-0.12275967192732651,-0.03728407621383667,-0.26415205001831055,-0.07382018309914429,-0.06384573876857758,-0.36633986234664917,-0.10491608274065811,-0.0785004198551178,-0.42522305250167847,-0.12136955005013306,-0.08878527581691742,-0.4847160875797272,-0.13041565013014633,-2.2070023415263478,1.693887354806757,1.4035132925826606,1.088905111349429,-1.8001841520303765,0.07643478904058214,0.04808231120525245,0.02729258070545296,0.3240767573544301,0.052677700162117556,0.08263983351806445,0.3604593913264496,0.03718476483326288,0.3106619440779042,0.29845484068208794,I
0.0,0.0,0.0,0.07656607031822205,-0.021969854831695557,-0.037730699166559134,0.1390974223613739,-0.08545279502868652,-0.05712504102280036,0.1241627037525177,-0.16377854347229004,-0.07411931245019332,0.0586526095867157,-0.19493502378463745,-0.08330260752131835,0.1425473988056183,-0.2569059729576111,-0.03758804662516013,0.15664514899253845,-0.3461807072162628,-0.0870915034263362,0.14163383841514587,-0.26005345582962036,-0.1139232271759738,0.13449379801750183,-0.19526594877243042,-0.12490599392344848,0.0815209448337555,-0.2767738103866577,-0.04310989542295829,0.08887800574302673,-0.3913381099700928,-0.10018071322133437,0.084654301404953,-0.28923308849334717,-0.12083191959550277,0.0888371467590332,-0.22249597311019897,-0.123851639911436,0.022271394729614258,-0.27842557430267334,-0.05630251555135146,0.021012067794799805,-0.388453871011734,-0.10882904915501967,0.036523669958114624,-0.2913498878479004,-0.12441145418574706,0.05400386452674866,-0.21670979261398315,-0.12387474416186706,-0.0339488685131073,-0.2587137818336487,-0.07233017472913161,-0.05904179811477661,-0.3604838252067566,-0.10482340095927611,-0.07249610126018524,-0.41883212327957153,-0.12220079241683379,-0.08102047443389893,-0.4785451889038086,-0.1318913006632556,-2.204482065720051,1.7007157649908018,1.4368121767774789,1.0958762354969092,-1.7817368919092949,0.0758419104054055,0.04087434662515338,0.02226547525214796,0.31613809665833253,0.05316017334032022,0.08329746594012791,0.355940345450846,0.035310585322375763,0.30726667958931714,0.29460031714512763,I
0.0,0.0,0.0,0.07215282320976257,-0.011111080646514893,-0.03834470867042228,0.13954415917396545,-0.07723081111907959,-0.057512761492773734,0.12880712747573853,-0.1517135500907898,-0.07482868566040679,0.061686813831329346,-0.18503105640411377,-0.08476347609285995,0.1426548957824707,-0.2505674362182617,-0.03728019206647559,0.157609224319458,-0.342160701751709,-0.08796573563341781,0.14503741264343262,-0.2555689811706543,-0.11618833376888915,0.1401630938053131,-0.19009268283843994,-0.12851628794197723,0.08150655031204224,-0.2730371952056885,-0.04384079708580657,0.08899867534637451,-0.39101049304008484,-0.10313748701338454,0.0870848298072815,-0.289405882358551,-0.1251693530273883,0.0915462076663971,-0.22089862823486328,-0.1289208544683902,0.02080512046813965,-0.27706700563430786,-0.058372510064884864,0.02111390233039856,-0.39105141162872314,-0.11443511529688521,0.03512227535247803,-0.2926627993583679,-0.13004717363838836,0.050197213888168335,-0.2178361415863037,-0.12867674364571258,-0.03577569127082825,-0.25780969858169556,-0.07591755076174422,-0.055858731269836426,-0.3549511432647705,-0.11181130393271133,-0.0695962905883789,-0.4121219515800476,-0.12972816957955047,-0.07942093908786774,-0.47361862659454346,-0.13928386702065154,-2.196291198353813,1.6119770361634744,1.3805674242046646,1.110169781737184,-1.7703450256040612,0.07863934499165004,0.04666975582999827,0.034758948785379336,0.32123851512905693,0.05755525944352732,0.09414647658070127,0.3586141495875793,0.04146224922679191,0.30511827680460424,0.28674996986557727,I
0.0,0.0,0.0,0.07215282320976257,-0.011111080646514893,-0.03834470867042228,0.13954415917396545,-0.07723081111907959,-0.057512761492773734,0.12880712747573853,-0.1517135500907898,-0.07482868566040679,0.061686813831329346,-0.18503105640411377,-0.08476347609285995,0.1426548957824707,-0.2505674362182617,-0.03728019206647559,0.157609224319458,-0.342160701751709,-0.08796573563341781,0.14503741264343262,-0.2555689811706543,-0.11618833376888915,0.1401630938053131,-0.19009268283843994,-0.12851628794197723,0.08150655031204224,-0.2730371952056885,-0.04384079708580657,0.08899867534637451,-0.39101049304008484,-0.10313748701338454,0.0870848298072815,-0.289405882358551,-0.1251693530273883,0.0915462076663971,-0.22089862823486328,-0.1289208544683902,0.02080512046813965,-0.27706700563430786,-0.058372510064884864,0.02111390233039856,-0.39105141162872314,-0.11443511529688521,0.03512227535247803,-0.2926627993583679,-0.13004717363838836,0.050197213888168335,-0.2178361415863037,-0.12867674364571258,-0.03577569127082825,-0.25780969858169556,-0.07591755076174422,-0.055858731269836426,-0.3549511432647705,-0.11181130393271133,-0.0695962905883789,-0.4121219515800476,-0.12972816957955047,-0.07942093908786774,-0.47361862659454346,-0.13928386702065154,-2.196291198353813,1.6119770361634744,1.3805674242046646,1.110169781737184,-1.7703450256040612,0.07863934499165004,0.04666975582999827,0.034758948785379336,0.32123851512905693,0.05755525944352732,0.09414647658070127,0.3586141495875793,0.04146224922679191,0.30511827680460424,0.28674996986557727,I
0.0,0.0,0.0,0.07457244396209717,-0.023095369338989258,-0.04146033523284132,0.13882958889007568,-0.0844990611076355,-0.0646660998245352,0.128019779920578,-0.15920180082321167,-0.0849411338349455,0.06054466962814331,-0.1855679154396057,-0.09697702524863416,0.1425475776195526,-0.2617117762565613,-0.04346524176798994,0.15913870930671692,-0.34963345527648926,-0.09488271919690305,0.1454392969608307,-0.2603999972343445,-0.12315174190007383,0.13841712474822998,-0.19799941778182983,-0.13477790353499586,0.08469471335411072,-0.28197580575942993,-0.048327352829801384,0.0947217047214508,-0.39793506264686584,-0.10715227571927244,0.0926542580127716,-0.2946222424507141,-0.1275783180972212,0.09549528360366821,-0.23037058115005493,-0.13005766270362074,0.02586883306503296,-0.2848339080810547,-0.061100460567104165,0.026521623134613037,-0.3918517827987671,-0.11447930333815748,0.04419982433319092,-0.29043442010879517,-0.12861151991091901,0.060508787631988525,-0.21516311168670654,-0.12651766834460432,-0.0316087007522583,-0.26712650060653687,-0.07721331713401014,-0.05409520864486694,-0.3760570287704468,-0.10905858127080137,-0.0655059814453125,-0.4388824701309204,-0.12550683317385847,-0.07361558079719543,-0.5047711133956909,-0.13461349902354414,-2.2298377977875345,1.63553542775231,1.3644821471525403,1.1093954307856777,-1.745752522037471,0.07885849045546482,0.056822744319756494,0.029595217999231888,0.34625085469870154,0.053760363327002486,0.0797765716277544,0.3729165341610861,0.03814868317327654,0.32232613383822234,0.31915848862344015,I
0.0,0.0,0.0,0.07620757818222046,-0.022898972034454346,-0.041467446970358424,0.14042070508003235,-0.08105981349945068,-0.06563600538910919,0.12900081276893616,-0.15469902753829956,-0.08693080036582046,0.06292662024497986,-0.18429189920425415,-0.10047675310315185,0.14437296986579895,-0.26126402616500854,-0.04500691233815246,0.16421344876289368,-0.34596532583236694,-0.09848489253462844,0.14976850152015686,-0.25980037450790405,-0.12970734773816162,0.14007613062858582,-0.1935521364212036,-0.14291403828801208,0.0863376259803772,-0.2809484601020813,-0.05030328421534591,0.09931749105453491,-0.4002588391304016,-0.11056869118155532,0.0984610915184021,-0.3016379475593567,-0.1342888736599832,0.09992045164108276,-0.23172253370285034,-0.13930646716298156,0.027181923389434814,-0.2853211760520935,-0.06340379654110961,0.030304402112960815,-0.3911988139152527,-0.11732168881835037,0.04913422465324402,-0.2904708981513977,-0.1342353933924585,0.06485706567764282,-0.2104012370109558,-0.13434373973549896,-0.029785215854644775,-0.2698400020599365,-0.07984953759850555,-0.04926872253417969,-0.37834101915359497,-0.11206309138478332,-0.05841064453125,-0.4433134198188782,-0.12998826442898803,-0.06497220695018768,-0.5095430016517639,-0.14052059887589508,-2.21473139531766,1.634169030388223,1.3015672977014165,1.1048537294838816,-1.7165494753406272,0.07770327500012017,0.060151547364159404,0.02618060618612468,0.34949447726855404,0.0554026875123052,0.07708307157072666,0.3766895905821885,0.04103704092457142,0.3230693443653399,0.32610034557400913,I
0.0,0.0,0.0,0.07800459861755371,-0.025896847248077393,-0.04008452989640432,0.13837406039237976,-0.08574658632278442,-0.06377379619064527,0.12735038995742798,-0.1650400161743164,-0.08432944886865812,0.06092604994773865,-0.19569575786590576,-0.09745065890732008,0.1441287398338318,-0.2576318383216858,-0.04492053039851385,0.16595932841300964,-0.34618353843688965,-0.09635937981786924,0.14820879697799683,-0.2593497037887573,-0.12625497602405744,0.13530847430229187,-0.19493240118026733,-0.1384463461536427,0.0883236825466156,-0.2816481590270996,-0.04826410882654386,0.10344451665878296,-0.3956315517425537,-0.10357265942278104,0.09675025939941406,-0.2927010655403137,-0.12431030743303495,0.0957135558128357,-0.22956007719039917,-0.12803521775188642,0.031337857246398926,-0.2885735034942627,-0.05890062474193769,0.03467699885368347,-0.3959653377532959,-0.10675890021505552,0.049484431743621826,-0.29177790880203247,-0.12178881489219862,0.06244739890098572,-0.21311306953430176,-0.12201465689125257,-0.026010483503341675,-0.27511054277420044,-0.07270687841358381,-0.04695287346839905,-0.3888975977897644,-0.10046269767465787,-0.05605846643447876,-0.4540215730667114,-0.11725656711044508,-0.06182107329368591,-0.5198929011821747,-0.1276366265911122,-2.184468080534266,1.7105545785323504,1.429864225528194,1.1797633382396058,-1.7160614665179852,0.07438634126162101,0.04854856009837387,0.017483628009986638,0.34665637740920746,0.052600698817119707,0.0750950931182205,0.38007813025335263,0.0371098539005956,0.33031849487240134,0.33099322997229885,I
0.0,0.0,0.0,0.07800459861755371,-0.025896847248077393,-0.04008452989640432,0.13837406039237976,-0.08574658632278442,-0.06377379619064527,0.12735038995742798,-0.1650400161743164,-0.08432944886865812,0.06092604994773865,-0.19569575786590576,-0.09745065890732008,0.1441287398338318,-0.2576318383216858,-0.04492053039851385,0.16595932841300964,-0.34618353843688965,-0.09635937981786924,0.14820879697799683,-0.2593497037887573,-0.12625497602405744,0.13530847430229187,-0.19493240118026733,-0.1384463461536427,0.0883236825466156,-0.2816481590270996,-0.04826410882654386,0.10344451665878296,-0.3956315517425537,-0.10357265942278104,0.09675025939941406,-0.2927010655403137,-0.12431030743303495,0.0957135558128357,-0.22956007719039917,-0.12803521775188642,0.031337857246398926,-0.2885735034942627,-0.05890062474193769,0.03467699885368347,-0.3959653377532959,-0.10675890021505552,0.049484431743621826,-0.29177790880203247,-0.12178881489219862,0.06244739890098572,-0.21311306953430176,-0.12201465689125257,-0.026010483503341675,-0.27511054277420044,-0.07270687841358381,-0.04695287346839905,-0.3888975977897644,-0.10046269767465787,-0.05605846643447876,-0.4540215730667114,-0.11725656711044508,-0.06182107329368591,-0.5198929011821747,-0.1276366265911122,-2.184468080534266,1.7105545785323504,1.429864225528194,1.1797633382396058,-1.7160614665179852,0.07438634126162101,0.04854856009837387,0.017483628009986638,0.34665637740920746,0.052600698817119707,0.0750950931182205,0.38007813025335263,0.0371098539005956,0.33031849487240134,0.33099322997229885,I
0.0,0.0,0.0,0.07605534791946411,-0.025083065032958984,-0.04394560350172583,0.13719016313552856,-0.08868616819381714,-0.06905495045774046,0.12133991718292236,-0.17282545566558838,-0.09040438799254957,0.05373483896255493,-0.2043134570121765,-0.1037017595588452,0.14365726709365845,-0.2608528733253479,-0.04708762137286726,0.16079044342041016,-0.34869271516799927,-0.0977258649288899,0.1449245810508728,-0.26075315475463867,-0.1255051162659413,0.1351209282875061,-0.19816064834594727,-0.13658073214881483,0.08642789721488953,-0.28601640462875366,-0.04929821608655516,0.0988309383392334,-0.3990345895290375,-0.10419226108186308,0.0931396484375,-0.2959190011024475,-0.12296017674796644,0.09619587659835815,-0.23739391565322876,-0.12518383232944075,0.028419137001037598,-0.29186588525772095,-0.059241984468627606,0.029937922954559326,-0.40001511573791504,-0.10842745421521727,0.04572555422782898,-0.2977733016014099,-0.12209493337266508,0.06120055913925171,-0.22347182035446167,-0.12094522683017317,-0.0298001766204834,-0.2759389877319336,-0.07270115284316603,-0.05189085006713867,-0.3878656029701233,-0.10199752120368544,-0.0632002204656601,-0.45106375217437744,-0.11826894102685515,-0.07112452387809753,-0.5166156888008118,-0.12770168153636519,-2.195978506715084,1.7061267075605042,1.372541040895088,1.1238436818868869,-1.7408389048658934,0.08161833488924015,0.053826168923781545,0.020561611408441535,0.3363369507935995,0.05526670709032195,0.07813370849677367,0.37940848610712924,0.037662939098954996,0.325516382099706,0.3216259554253036,I
0.0,0.0,0.0,0.07848435640335083,-0.030409932136535645,-0.038501410770010125,0.14125460386276245,-0.09700196981430054,-0.06066549106199659,0.12323537468910217,-0.1783754825592041,-0.08064732609946645,0.05245527625083923,-0.20305794477462769,-0.09312920181710638,0.14376512169837952,-0.2661806344985962,-0.03643320037681974,0.16264545917510986,-0.35596829652786255,-0.08450584768016256,0.14888861775398254,-0.27319884300231934,-0.11249627827365316,0.14006555080413818,-0.2073153853416443,-0.12445832698304571,0.08679914474487305,-0.29024213552474976,-0.04215047417838491,0.0995347797870636,-0.40891388058662415,-0.09594806938130773,0.09574174880981445,-0.31232941150665283,-0.11625845639665044,0.09851902723312378,-0.24914050102233887,-0.1197864776726476,0.028897017240524292,-0.29558634757995605,-0.05557020290453352,0.031482160091400146,-0.4083871841430664,-0.10500898866612829,0.04693645238876343,-0.30997514724731445,-0.12027505694587148,0.06095501780509949,-0.23473501205444336,-0.1201386442657224,-0.028667807579040527,-0.2777547240257263,-0.07225203423459448,-0.05105581879615784,-0.38913512229919434,-0.10274439959485449,-0.06238095462322235,-0.4535507559776306,-0.11992128102738775,-0.07106141746044159,-0.520092636346817,-0.13000953851897634,-2.2678635955462068,1.6335619057315325,1.2930240370187323,1.085919783709572,-1.7439798336778738,0.08771365918422341,0.06515728006049197,0.03279759439256464,0.3402460422777017,0.05895298060777198,0.08372760811381892,0.3773648174842823,0.04023149160437452,0.3196444694646878,0.31441582803988777,I
0.0,0.0,0.0,0.07848435640335083,-0.030409932136535645,-0.038501410770010125,0.14125460386276245,-0.09700196981430054,-0.06066549106199659,0.12323537468910217,-0.1783754825592041,-0.08064732609946645,0.05245527625083923,-0.20305794477462769,-0.09312920181710638,0.14376512169837952,-0.2661806344985962,-0.03643320037681974,0.16264545917510986,-0.35596829652786255,-0.08450584768016256,0.14888861775398254,-0.27319884300231934,-0.11249627827365316,0.14006555080413818,-0.2073153853416443,-0.12445832698304571,0.08679914474487305,-0.29024213552474976,-0.04215047417838491,0.0995347797870636,-0.40891388058662415,-0.09594806938130773,0.09574174880981445,-0.31232941150665283,-0.11625845639665044,0.09851902723312378,-0.24914050102233887,-0.1197864776726476,0.028897017240524292,-0.29558634757995605,-0.05557020290453352,0.031482160091400146,-0.4083871841430664,-0.10500898866612829,0.04693645238876343,-0.30997514724731445,-0.12027505694587148,0.06095501780509949,-0.23473501205444336,-0.1201386442657224,-0.028667807579040527,-0.2777547240257263,-0.07225203423459448,-0.05105581879615784,-0.38913512229919434,-0.10274439959485449,-0.06238095462322235,-0.4535507559776306,-0.11992128102738775,-0.07106141746044159,-0.520092636346817,-0.13000953851897634,-2.2678635955462068,1.6335619057315325,1.2930240370187323,1.085919783709572,-1.7439798336778738,0.08771365918422341,0.06515728006049197,0.03279759439256464,0.3402460422777017,0.05895298060777198,0.08372760811381892,0.3773648174842823,0.04023149160437452,0.3196444694646878,0.31441582803988777,I
0.0,0.0,0.0,0.08134812116622925,-0.029453158378601074,-0.03594540198764662,0.1450565755367279,-0.09770935773849487,-0.05584373091778616,0.13113602995872498,-0.17649072408676147,-0.07356131588539938,0.06235739588737488,-0.1995801329612732,-0.0836948058517919,0.14818495512008667,-0.2683277130126953,-0.035987456789825956,0.16624724864959717,-0.3598036766052246,-0.08201675628743033,0.15299338102340698,-0.2772860527038574,-0.10797378932556967,0.1461331844329834,-0.21409082412719727,-0.11930392449221472,0.08941307663917542,-0.2919326424598694,-0.042588190636251966,0.09970054030418396,-0.409682035446167,-0.0942613980682836,0.09728050231933594,-0.31301337480545044,-0.11209656809887747,0.10282331705093384,-0.2510146498680115,-0.11491580819210867,0.0294913649559021,-0.29727351665496826,-0.05667847906670431,0.0305650532245636,-0.40725404024124146,-0.10645530884585241,0.04780849814414978,-0.3061559200286865,-0.12041160230955938,0.06593015789985657,-0.22964555025100708,-0.11989434575161795,-0.02878516912460327,-0.2804843783378601,-0.07363548641524176,-0.052902281284332275,-0.39339739084243774,-0.10595098649582724,-0.06622439622879028,-0.45848649740219116,-0.1227899989994512,-0.07433345913887024,-0.5266295671463013,-0.1327482066067205,-2.2526939558533243,1.6086080967918346,1.254093100760453,1.0765829301164327,-1.75377299231816,0.08502319039268838,0.06544463541838182,0.030276954027835454,0.3544654034578734,0.05691321041716707,0.08169745999638041,0.3824735374059234,0.04263500452196732,0.3276402081190324,0.32844084483518643,I
0.0,0.0,0.0,0.08522313833236694,-0.01943814754486084,-0.0414037662351916,0.15448689460754395,-0.07788002490997314,-0.06654318000920512,0.1628318428993225,-0.15037965774536133,-0.08928771640904642,0.10908785462379456,-0.1941477656364441,-0.10543842192538477,0.1516723930835724,-0.27216213941574097,-0.04797951828487612,0.1669667661190033,-0.367068886756897,-0.10377740438826777,0.15551424026489258,-0.2895216941833496,-0.13799038853295542,0.14990442991256714,-0.21026921272277832,-0.15388435449250437,0.086273193359375,-0.2893258333206177,-0.05489530738242365,0.09565874934196472,-0.41516682505607605,-0.1208475637043307,0.09565341472625732,-0.3112771511077881,-0.14999461497910715,0.09809952974319458,-0.22287917137145996,-0.15835422601350047,0.022695183753967285,-0.2921432852745056,-0.06920905735142924,0.025465190410614014,-0.4024891257286072,-0.13174680199273325,0.04499119520187378,-0.2954217195510864,-0.15313217367776133,0.062496066093444824,-0.20332002639770508,-0.1553842457736323,-0.03481107950210571,-0.2718322277069092,-0.08636907066949107,-0.05813485383987427,-0.37776505947113037,-0.12756514873154856,-0.07115532457828522,-0.4418678283691406,-0.149554211160023,-0.07904954254627228,-0.5074586272239685,-0.16218705799229838,-1.94306010180752,1.599353427634564,1.3946583547958114,1.149531252940119,-1.7563841622735439,0.04388500739958369,0.03076096486119568,0.04748605190926486,0.3654577625426013,0.05331752749968924,0.08768416764796616,0.37515526065383015,0.04062224484150787,0.3352122618675048,0.33546303497963104,I
0.0,0.0,0.0,0.0905086100101471,-0.025867044925689697,-0.04862663996742356,0.15756362676620483,-0.0833284854888916,-0.07965635610149491,0.1770089864730835,-0.15501683950424194,-0.107839846139413,0.131730318069458,-0.2068811058998108,-0.12865998697803605,0.1605978012084961,-0.2893052101135254,-0.052100756292801975,0.1713733673095703,-0.38681066036224365,-0.11518508297727692,0.1609034240245819,-0.31050169467926025,-0.15405015004203904,0.15740171074867249,-0.22576719522476196,-0.1720658029370128,0.09208109974861145,-0.30664896965026855,-0.058298611169320225,0.10024046897888184,-0.434612512588501,-0.13487640870140183,0.09645679593086243,-0.32396602630615234,-0.16787383807228196,0.09749239683151245,-0.22723186016082764,-0.17606177282856095,0.025419682264328003,-0.31095850467681885,-0.07320720804260361,0.02793988585472107,-0.4239375591278076,-0.1461631144337474,0.04458272457122803,-0.31031495332717896,-0.16889717531726944,0.06172320246696472,-0.21178829669952393,-0.16902738166378128,-0.0359615683555603,-0.29098397493362427,-0.0915592099480449,-0.062148600816726685,-0.40193355083465576,-0.13924957168624985,-0.07754240930080414,-0.4674220085144043,-0.16268941116855729,-0.08469414710998535,-0.5342628061771393,-0.1746745194248973,-1.7769144037454205,1.6210559842394872,1.5027638090042252,1.2198750800798197,-1.7684954629634144,0.031870123502748794,0.03982949220976911,0.07017889110356225,0.3924516872236411,0.05992721533159842,0.09669429430422316,0.39214786289000736,0.03896073559203045,0.3570153198463878,0.3541579443129399,I
0.0,0.0,0.0,0.0905086100101471,-0.025867044925689697,-0.04862663996742356,0.15756362676620483,-0.0833284854888916,-0.07965635610149491,0.1770089864730835,-0.15501683950424194,-0.107839846139413,0.131730318069458,-0.2068811058998108,-0.12865998697803605,0.1605978012084961,-0.2893052101135254,-0.052100756292801975,0.1713733673095703,-0.38681066036224365,-0.11518508297727692,0.1609034240245819,-0.31050169467926025,-0.15405015004203904,0.15740171074867249,-0.22576719522476196,-0.1720658029370128,0.09208109974861145,-0.30664896965026855,-0.058298611169320225,0.10024046897888184,-0.434612512588501,-0.13487640870140183,0.09645679593086243,-0.32396602630615234,-0.16787383807228196,0.09749239683151245,-0.22723186016082764,-0.17606177282856095,0.025419682264328003,-0.31095850467681885,-0.07320720804260361,0.02793988585472107,-0.4239375591278076,-0.1461631144337474,0.04458272457122803,-0.31031495332717896,-0.16889717531726944,0.06172320246696472,-0.21178829669952393,-0.16902738166378128,-0.0359615683555603,-0.29098397493362427,-0.0915592099480449,-0.062148600816726685,-0.40193355083465576,-0.13924957168624985,-0.07754240930080414,-0.4674220085144043,-0.16268941116855729,-0.08469414710998535,-0.5342628061771393,-0.1746745194248973,-1.7769144037454205,1.6210559842394872,1.5027638090042252,1.2198750800798197,-1.7684954629634144,0.031870123502748794,0.03982949220976911,0.07017889110356225,0.3924516872236411,0.05992721533159842,0.09669429430422316,0.39214786289000736,0.03896073559203045,0.3570153198463878,0.3541579443129399,I
0.0,0.0,0.0,0.09126269817352295,-0.030766010284423828,-0.05071137648965873,0.16436085104942322,-0.10679441690444946,-0.0802614222183422,0.16236776113510132,-0.19172924757003784,-0.10646384757902183,0.09780684113502502,-0.23367983102798462,-0.12450567436363258,0.16403073072433472,-0.3127540946006775,-0.049147760392685313,0.17141133546829224,-0.4088488817214966,-0.10725281936075248,0.1610076129436493,-0.3180784583091736,-0.14104381752159156,0.1602979302406311,-0.24326980113983154,-0.15634941113140144,0.09381061792373657,-0.33222711086273193,-0.05435751181985893,0.09797388315200806,-0.45679324865341187,-0.12444925856735267,0.09968301653862,-0.3433459401130676,-0.15330605757381477,0.10357612371444702,-0.2625280022621155,-0.16008070659782447,0.02270495891571045,-0.3353489637374878,-0.06863692951347389,0.023989737033843994,-0.45067182183265686,-0.13797803771640815,0.044137269258499146,-0.3295135498046875,-0.15834783566143074,0.0612049400806427,-0.23668605089187622,-0.15722610604908027,-0.04295724630355835,-0.31412237882614136,-0.08649632138158836,-0.06800419092178345,-0.4301203489303589,-0.13087164414073982,-0.08187973499298096,-0.49592089653015137,-0.15215467465068855,-0.09142641723155975,-0.5712368190288544,-0.16295615387107887,-2.0538674159849224,1.624466236204928,1.4315930124960965,1.1987516045471824,-1.7571217784869757,0.0632226521458165,0.0294194086452287,0.036725148313721624,0.38698055018340904,0.05990193357530454,0.09931146190734991,0.413433805987511,0.04962986654375949,0.3651398698100757,0.36772346633850733,I
0.0,0.0,0.0,0.09018754959106445,-0.02608180046081543,-0.05380270470860182,0.16280242800712585,-0.10110980272293091,-0.08367336382153212,0.15584999322891235,-0.19337475299835205,-0.10903300185682951,0.087897390127182,-0.23816722631454468,-0.12512725432398497,0.16713947057724,-0.31380587816238403,-0.05131526877167403,0.17256852984428406,-0.4076911211013794,-0.11017919917586028,0.15718388557434082,-0.3127526044845581,-0.14254489381792723,0.15420940518379211,-0.2392723560333252,-0.156094758110072,0.09671702980995178,-0.33596014976501465,-0.054410117017056336,0.10124537348747253,-0.46167510747909546,-0.1244427098799008,0.09887933731079102,-0.3447335958480835,-0.15052115757944762,0.1030157208442688,-0.2670988440513611,-0.1546228959131497,0.024020850658416748,-0.3405683636665344,-0.06704094846728026,0.02477121353149414,-0.45422786474227905,-0.13670961399557768,0.04323619604110718,-0.326623797416687,-0.15543761690142333,0.05920499563217163,-0.23123633861541748,-0.15252384384157835,-0.044724851846694946,-0.32156848907470703,-0.08326395441773116,-0.07009905576705933,-0.4424920082092285,-0.12800982435229002,-0.08313405513763428,-0.5138663649559021,-0.1494702531862515,-0.09205244481563568,-0.5943883955478668,-0.15995058258059203,-2.0709661572263554,1.7425666497584749,1.4795809138158742,1.2594523239692146,-1.7425624946582405,0.06632122324387132,0.032643566418828686,0.029517633817012067,0.39909330300808415,0.05826754458249163,0.09534367000589475,0.4321484701877749,0.05661712585210389,0.3810118630340843,0.39339322534213894,I
0.0,0.0,0.0,0.09018754959106445,-0.02608180046081543,-0.05380270470860182,0.16280242800712585,-0.10110980272293091,-0.08367336382153212,0.15584999322891235,-0.19337475299835205,-0.10903300185682951,0.087897390127182,-0.23816722631454468,-0.12512725432398497,0.16713947057724,-0.31380587816238403,-0.05131526877167403,0.17256852984428406,-0.4076911211013794,-0.11017919917586028,0.15718388557434082,-0.3127526044845581,-0.14254489381792723,0.15420940518379211,-0.2392723560333252,-0.156094758110072,0.09671702980995178,-0.33596014976501465,-0.054410117017056336,0.10124537348747253,-0.46167510747909546,-0.1244427098799008,0.09887933731079102,-0.3447335958480835,-0.15052115757944762,0.1030157208442688,-0.2670988440513611,-0.1546228959131497,0.024020850658416748,-0.3405683636665344,-0.06704094846728026,0.02477121353149414,-0.45422786474227905,-0.13670961399557768,0.04323619604110718,-0.326623797416687,-0.15543761690142333,0.05920499563217163,-0.23123633861541748,-0.15252384384157835,-0.044724851846694946,-0.32156848907470703,-0.08326395441773116,-0.07009905576705933,-0.4424920082092285,-0.12800982435229002,-0.08313405513763428,-0.5138663649559021,-0.1494702531862515,-0.09205244481563568,-0.5943883955478668,-0.15995058258059203,-2.0709661572263554,1.7425666497584749,1.4795809138158742,1.2594523239692146,-1.7425624946582405,0.06632122324387132,0.032643566418828686,0.029517633817012067,0.39909330300808415,0.05826754458249163,0.09534367000589475,0.4321484701877749,0.05661712585210389,0.3810118630340843,0.39339322534213894,I
0.0,0.0,0.0,0.0895795226097107,-0.021816015243530273,-0.05242102681211236,0.16718801856040955,-0.10298305749893188,-0.07955284877232316,0.1547178328037262,-0.19744819402694702,-0.10255053354910615,0.08217057585716248,-0.24202382564544678,-0.11538760824612382,0.17283043265342712,-0.3140208125114441,-0.04705532355717423,0.17887181043624878,-0.4057926535606384,-0.10349726392439607,0.15900477766990662,-0.3029472827911377,-0.1314057530324817,0.1550811529159546,-0.23117613792419434,-0.14240134967974427,0.0995360016822815,-0.33812904357910156,-0.05121967657021287,0.10379940271377563,-0.4629944860935211,-0.12368319644144776,0.09767165780067444,-0.33939027786254883,-0.14863297058752778,0.10084974765777588,-0.25929009914398193,-0.15020256950072053,0.025042027235031128,-0.3421996235847473,-0.0650048227470279,0.02681666612625122,-0.46109116077423096,-0.13753789378813508,0.042020440101623535,-0.330500066280365,-0.15528513206652406,0.05753466486930847,-0.2345382571220398,-0.15014649643114808,-0.045473337173461914,-0.3204895257949829,-0.08213386400154832,-0.06834059953689575,-0.43704527616500854,-0.12943364395312074,-0.08184225857257843,-0.5085945725440979,-0.15134396864584687,-0.09116140007972717,-0.5889776051044464,-0.16095760180166963,-2.1195974854219504,1.781853299941367,1.5541342011691959,1.2776852531960037,-1.7393497005904317,0.07371312349876291,0.02543689563769621,0.025748045485436112,0.38784133220051553,0.061085514909383666,0.09760441166123074,0.43434696363871605,0.04988837620579534,0.381526057356381,0.3843667143881236,I
0.0,0.0,0.0,0.0878332257270813,-0.021517395973205566,-0.056550174080015836,0.16714006662368774,-0.10455483198165894,-0.08477920579183262,0.15005090832710266,-0.20318961143493652,-0.10741892742383641,0.07650792598724365,-0.24663567543029785,-0.1195821269081847,0.16052666306495667,-0.31493622064590454,-0.05133291246760052,0.16752889752388,-0.40957432985305786,-0.10674774932134312,0.1514468491077423,-0.3072884678840637,-0.1327507077382819,0.1469981074333191,-0.23664146661758423,-0.14176273631322545,0.08974233269691467,-0.339302659034729,-0.051699481032969175,0.09234946966171265,-0.4667717218399048,-0.12163362192380589,0.09016633033752441,-0.3489028215408325,-0.1451665042566077,0.0940878689289093,-0.27276259660720825,-0.14582130598294896,0.01770162582397461,-0.3431984782218933,-0.06163249822724026,0.01721861958503723,-0.4597575068473816,-0.1312739728616492,0.03462091088294983,-0.33309507369995117,-0.1480370937513129,0.04975581169128418,-0.24064481258392334,-0.14245671319234532,-0.05039367079734802,-0.3208673596382141,-0.07524485426414174,-0.07260668277740479,-0.4333202838897705,-0.12002886372077626,-0.08699925243854523,-0.5006878674030304,-0.14068447338807744,-0.10015025734901428,-0.578459233045578,-0.14932403253781956,-2.138612162633112,1.7418969247025058,1.5055818693322878,1.267856689630314,-1.7616069212032859,0.07119515355761767,0.03149079871989132,0.02741470512240009,0.3759188571063283,0.0640642596954093,0.09732466727457939,0.42180765718559904,0.05474379736085583,0.36218625488785655,0.36958140132717493,I
0.0,0.0,0.0,0.08967432379722595,-0.02833610773086548,-0.0572402830702714,0.16459810733795166,-0.1122809648513794,-0.08673766437000552,0.14366135001182556,-0.21151423454284668,-0.11013630214161196,0.06843560934066772,-0.251545786857605,-0.12278942200369158,0.1589658260345459,-0.3249891996383667,-0.054239431349699885,0.16352558135986328,-0.42033058404922485,-0.11084141018814364,0.14960643649101257,-0.3176425099372864,-0.13818544331020632,0.14430612325668335,-0.2458425760269165,-0.14785744431442538,0.08786758780479431,-0.34761887788772583,-0.05405738386339465,0.09086564183235168,-0.47464442253112793,-0.1236162650865964,0.09081131219863892,-0.35329800844192505,-0.1468101161999158,0.0947999656200409,-0.2774696946144104,-0.14752425435013095,0.01502227783203125,-0.3510504961013794,-0.06346123102134982,0.014604568481445312,-0.4663567543029785,-0.13216979983276644,0.03471258282661438,-0.3366559147834778,-0.14885392966694155,0.05073341727256775,-0.2429903745651245,-0.1436929273886136,-0.05396127700805664,-0.3286527991294861,-0.07655181917375842,-0.07982121407985687,-0.4474508762359619,-0.12158433529562274,-0.09569753706455231,-0.5185141861438751,-0.14325638297027865,-0.10993783175945282,-0.6007031798362732,-0.15283812764114657,-2.175118629270899,1.7539428217783277,1.4722928021114199,1.2516207183363957,-1.773722288997624,0.07608456805200121,0.036974697773059347,0.019661197407844406,0.39208158533850873,0.05874635541113588,0.09361616504839532,0.43653870022964547,0.05595251731889528,0.38261919926276416,0.3921399001892874,I
0.0,0.0,0.0,0.08967432379722595,-0.02833610773086548,-0.0572402830702714,0.16459810733795166,-0.1122809648513794,-0.08673766437000552,0.14366135001182556,-0.21151423454284668,-0.11013630214161196,0.06843560934066772,-0.251545786857605,-0.12278942200369158,0.1589658260345459,-0.3249891996383667,-0.054239431349699885,0.16352558135986328,-0.42033058404922485,-0.11084141018814364,0.14960643649101257,-0.3176425099372864,-0.13818544331020632,0.14430612325668335,-0.2458425760269165,-0.14785744431442538,0.08786758780479431,-0.34761887788772583,-0.05405738386339465,0.09086564183235168,-0.47464442253112793,-0.1236162650865964,0.09081131219863892,-0.35329800844192505,-0.1468101161999158,0.0947999656200409,-0.2774696946144104,-0.14752425435013095,0.01502227783203125,-0.3510504961013794,-0.06346123102134982,0.014604568481445312,-0.4663567543029785,-0.13216979983276644,0.03471258282661438,-0.3366559147834778,-0.14885392966694155,0.05073341727256775,-0.2429903745651245,-0.1436929273886136,-0.05396127700805664,-0.3286527991294861,-0.07655181917375842,-0.07982121407985687,-0.4474508762359619,-0.12158433529562274,-0.09569753706455231,-0.5185141861438751,-0.14325638297027865,-0.10993783175945282,-0.6007031798362732,-0.15283812764114657,-2.175118629270899,1.7539428217783277,1.4722928021114199,1.2516207183363957,-1.773722288997624,0.07608456805200121,0.036974697773059347,0.019661197407844406,0.39208158533850873,0.05874635541113588,0.09361616504839532,0.43653870022964547,0.05595251731889528,0.38261919926276416,0.3921399001892874,I
0.0,0.0,0.0,0.0889630913734436,-0.03228318691253662,-0.05877701143791114,0.164504736661911,-0.12022650241851807,-0.08823535542060768,0.14304789900779724,-0.22026968002319336,-0.11127793739606773,0.06389519572257996,-0.2530829906463623,-0.12297977457811271,0.1559799313545227,-0.3348081707954407,-0.04985982130338584,0.15964272618293762,-0.4300365447998047,-0.10513965736200248,0.14493843913078308,-0.3249034285545349,-0.13272430698444282,0.13732555508613586,-0.25605034828186035,-0.14291345278789436,0.08398690819740295,-0.3573341369628906,-0.048421374960440744,0.08519139885902405,-0.4792473316192627,-0.11587729255725776,0.0848206877708435,-0.3550545573234558,-0.13838764230777656,0.0877891480922699,-0.2842118740081787,-0.13885297576953803,0.010878264904022217,-0.3591030240058899,-0.05710303361584579,0.007830411195755005,-0.47263187170028687,-0.12377872268726264,0.029421329498291016,-0.34439003467559814,-0.140307746334571,0.046066075563430786,-0.25606000423431396,-0.13526549140979682,-0.05828377604484558,-0.3338460326194763,-0.06970372746755515,-0.0874750167131424,-0.450531542301178,-0.11251932333280479,-0.10510921478271484,-0.5197926759719849,-0.1336844782071296,-0.12157824635505676,-0.6036233007907867,-0.1431884984212104,-2.21894027991036,1.8033677893611697,1.5188447266007465,1.2417258661989048,-1.8012457817588952,0.0734902911111251,0.03924192068692079,0.018075954623538646,0.39658404752621573,0.05698181419625058,0.09125948003354196,0.43340297151320145,0.05033232115660283,0.3819140811975435,0.3858819298499376,I
0.0,0.0,0.0,0.09027606248855591,-0.03421288728713989,-0.05758421053502616,0.16723793745040894,-0.1253126859664917,-0.08575357427213248,0.1448114812374115,-0.22860074043273926,-0.10739351739499625,0.062444984912872314,-0.2598317265510559,-0.1176725097498661,0.15680846571922302,-0.3290777802467346,-0.05093158712003287,0.16023382544517517,-0.4271498918533325,-0.1055858277282482,0.1454896330833435,-0.32430851459503174,-0.13219101657483634,0.13811364769935608,-0.25456517934799194,-0.14157783915612754,0.08589789271354675,-0.35301530361175537,-0.04973957618091163,0.08688592910766602,-0.48006218671798706,-0.11476760288093146,0.08798679709434509,-0.3642311096191406,-0.13559967209909018,0.09307363629341125,-0.29598844051361084,-0.1359939717254406,0.013596057891845703,-0.35681068897247314,-0.05852630664918479,0.012469768524169922,-0.4753897190093994,-0.12388691981647071,0.03290674090385437,-0.3492446541786194,-0.13980273832891044,0.04920840263366699,-0.25914496183395386,-0.13513769139859733,-0.055409133434295654,-0.3346053957939148,-0.0712397464117771,-0.08216758072376251,-0.45321351289749146,-0.11382736941192206,-0.09920300543308258,-0.524875819683075,-0.1350771926841503,-0.11517013609409332,-0.6083852350711823,-0.1451749198636776,-2.2326127038598536,1.8166169003896089,1.445623263395121,1.2211435779086162,-1.7857066287975818,0.07585171749760643,0.04738588661152817,0.01325438630079977,0.3911990280049387,0.06119223147624795,0.08902312625272692,0.43513366563010075,0.05728525678778353,0.3754427066651106,0.38599102637896615,I
0.0,0.0,0.0,0.09027606248855591,-0.03421288728713989,-0.05758421053502616,0.16723793745040894,-0.1253126859664917,-0.08575357427213248,0.1448114812374115,-0.22860074043273926,-0.10739351739499625,0.062444984912872314,-0.2598317265510559,-0.1176725097498661,0.15680846571922302,-0.3290777802467346,-0.05093158712003287,0.16023382544517517,-0.4271498918533325,-0.1055858277282482,0.1454896330833435,-0.32430851459503174,-0.13219101657483634,0.13811364769935608,-0.25456517934799194,-0.14157783915612754,0.08589789271354675,-0.35301530361175537,-0.04973957618091163,0.08688592910766602,-0.48006218671798706,-0.11476760288093146,0.08798679709434509,-0.3642311096191406,-0.13559967209909018,0.09307363629341125,-0.29598844051361084,-0.1359939717254406,0.013596057891845703,-0.35681068897247314,-0.05852630664918479,0.012469768524169922,-0.4753897190093994,-0.12388691981647071,0.03290674090385437,-0.3492446541786194,-0.13980273832891044,0.04920840263366699,-0.25914496183395386,-0.13513769139859733,-0.055409133434295654,-0.3346053957939148,-0.0712397464117771,-0.08216758072376251,-0.45321351289749146,-0.11382736941192206,-0.09920300543308258,-0.524875819683075,-0.1350771926841503,-0.11517013609409332,-0.6083852350711823,-0.1451749198636776,-2.2326127038598536,1.8166169003896089,1.445623263395121,1.2211435779086162,-1.7857066287975818,0.07585171749760643,0.04738588661152817,0.01325438630079977,0.3911990280049387,0.06119223147624795,0.08902312625272692,0.43513366563010075,0.05728525678778353,0.3754427066651106,0.38599102637896615,I
0.0,0.0,0.0,0.09024196863174438,-0.025504469871520996,-0.058346474707803964,0.16398286819458008,-0.10066699981689453,-0.09249957481094384,0.15131723880767822,-0.19524049758911133,-0.12214298376508737,0.07590696215629578,-0.2368832230567932,-0.14204753020473504,0.17369043827056885,-0.3197683095932007,-0.05895712429352784,0.17958271503448486,-0.4130425453186035,-0.12047163227268243,0.1615079939365387,-0.30736541748046875,-0.15250385382839227,0.15372395515441895,-0.2307639718055725,-0.1652145890302279,0.1004478931427002,-0.34352171421051025,-0.060707396060905694,0.11011826992034912,-0.46430981159210205,-0.1374714432067492,0.10356339812278748,-0.3314656615257263,-0.1660383103198626,0.09816130995750427,-0.24566596746444702,-0.17010892012783074,0.025344401597976685,-0.3518279194831848,-0.07187596538730645,0.028852641582489014,-0.46938061714172363,-0.14369202235408807,0.04490813612937927,-0.3339025378227234,-0.16316621580787682,0.05655050277709961,-0.2371828556060791,-0.16017971018024468,-0.045917510986328125,-0.3376769423484802,-0.08698782154985452,-0.07225342094898224,-0.4567255973815918,-0.12828624823757195,-0.08429169654846191,-0.525757372379303,-0.14954388716884637,-0.09167520701885223,-0.6096664667129517,-0.1609210280484774,-2.144769889080022,1.7914744598757255,1.594158952200436,1.305037428673455,-1.7374689105763061,0.0780572202627375,0.02392472769724512,0.019358778354097213,0.40871888893988584,0.05752631585540082,0.09738522432161645,0.45142867591944125,0.04246672180668527,0.41052925185773925,0.4008926309970409,I
0.0,0.0,0.0,0.08957889676094055,-0.028169631958007812,-0.05005101681689439,0.1703997254371643,-0.1066504716873169,-0.07597799048761544,0.15323567390441895,-0.2049461007118225,-0.09806563154796777,0.07271593809127808,-0.2384982705116272,-0.11024676457981286,0.1649901568889618,-0.32760751247406006,-0.04396821380595384,0.17793595790863037,-0.41537612676620483,-0.09785547302107034,0.15615957975387573,-0.3091042637825012,-0.12477562026123223,0.1412895917892456,-0.23872625827789307,-0.13390848980287728,0.09394916892051697,-0.3551737070083618,-0.046973498621980525,0.10672235488891602,-0.47720402479171753,-0.11146167115310845,0.10022017359733582,-0.3534049391746521,-0.13303949878553567,0.09671813249588013,-0.2780522108078003,-0.13369060502390084,0.021233856678009033,-0.36127448081970215,-0.059084033677379466,0.022746294736862183,-0.4708186388015747,-0.12046680049041925,0.03802603483200073,-0.3373621702194214,-0.1352062021289271,0.04965701699256897,-0.24625790119171143,-0.13024982259611306,-0.05029815435409546,-0.34388434886932373,-0.0747784619126719,-0.07792145013809204,-0.463101863861084,-0.10890492991546807,-0.09075553715229034,-0.5322930812835693,-0.12601041243414102,-0.10008427500724792,-0.616910308599472,-0.1347862278018397,-2.208436949684097,1.8313871358777845,1.5349078285712483,1.3285279270113795,-1.7511640001936033,0.06857403269394577,0.046266829685958986,0.02432952343404606,0.4159995002601476,0.0594402685552871,0.09194158150069971,0.4486474333927767,0.056794601119998324,0.39186221818136213,0.3997570032494027,I
0.0,0.0,0.0,0.08793318271636963,-0.02934706211090088,-0.0505363918648527,0.16632932424545288,-0.10303056240081787,-0.07882480470402697,0.1483088731765747,-0.19748610258102417,-0.1030925228999422,0.06871974468231201,-0.23187625408172607,-0.11737080810530642,0.1629599928855896,-0.3312588334083557,-0.05127848086817721,0.1714356541633606,-0.41884881258010864,-0.10468664167387942,0.1527668535709381,-0.30899661779403687,-0.1296275496290491,0.140854150056839,-0.2371814250946045,-0.1385844588087366,0.09121450781822205,-0.3554425835609436,-0.05513212231858233,0.10210666060447693,-0.47480690479278564,-0.12346165029271106,0.09845998883247375,-0.3402765989303589,-0.14578288195593814,0.09379306435585022,-0.2593947649002075,-0.1469085156725214,0.017680436372756958,-0.36037886142730713,-0.06731705514653186,0.01921740174293518,-0.4710801839828491,-0.13292623458369235,0.037866026163101196,-0.33413374423980713,-0.14845628438456515,0.04966726899147034,-0.24287468194961548,-0.1440042346523569,-0.0534970760345459,-0.3423335552215576,-0.0827043369220064,-0.0832415521144867,-0.4598231911659241,-0.12140017894967059,-0.09748737514019012,-0.5274945497512817,-0.14076326189501742,-0.1089196652173996,-0.614954948425293,-0.15109124181731204,-2.2191244058607804,1.8015846338177095,1.5439561824566326,1.3050177212982248,-1.7713582201792328,0.07232922838114943,0.03722821238144962,0.021999141926795217,0.4222618216337936,0.05204015999855302,0.09136443756761609,0.45287944723329154,0.047116864891815234,0.4092865681150921,0.40446698308067075,I
0.0,0.0,0.0,0.08793318271636963,-0.02934706211090088,-0.0505363918648527,0.16632932424545288,-0.10303056240081787,-0.07882480470402697,0.1483088731765747,-0.19748610258102417,-0.1030925228999422,0.06871974468231201,-0.23187625408172607,-0.11737080810530642,0.1629599928855896,-0.3312588334083557,-0.05127848086817721,0.1714356541633606,-0.41884881258010864,-0.10468664167387942,0.1527668535709381,-0.30899661779403687,-0.1296275496290491,0.140854150056839,-0.2371814250946045,-0.1385844588087366,0.09121450781822205,-0.3554425835609436,-0.05513212231858233,0.10210666060447693,-0.47480690479278564,-0.12346165029271106,0.09845998883247375,-0.3402765989303589,-0.14578288195593814,0.09379306435585022,-0.2593947649002075,-0.1469085156725214,0.017680436372756958,-0.36037886142730713,-0.06731705514653186,0.01921740174293518,-0.4710801839828491,-0.13292623458369235,0.037866026163101196,-0.33413374423980713,-0.14845628438456515,0.04966726899147034,-0.24287468194961548,-0.1440042346523569,-0.0534970760345459,-0.3423335552215576,-0.0827043369220064,-0.0832415521144867,-0.4598231911659241,-0.12140017894967059,-0.09748737514019012,-0.5274945497512817,-0.14076326189501742,-0.1089196652173996,-0.614954948425293,-0.15109124181731204,-2.2191244058607804,1.8015846338177095,1.5439561824566326,1.3050177212982248,-1.7713582201792328,0.07232922838114943,0.03722821238144962,0.021999141926795217,0.4222618216337936,0.05204015999855302,0.09136443756761609,0.45287944723329154,0.047116864891815234,0.4092865681150921,0.40446698308067075,I
0.0,0.0,0.0,0.09173539280891418,-0.033299386501312256,-0.05256824402479765,0.17367273569107056,-0.11627703905105591,-0.0810209123638117,0.15769782662391663,-0.2176000475883484,-0.10590722246436712,0.07100215554237366,-0.24622035026550293,-0.12034893615512487,0.1728959083557129,-0.3430114984512329,-0.04424169866709349,0.1777733564376831,-0.43618494272232056,-0.09761985971002218,0.1576135754585266,-0.3241932988166809,-0.12485665662555334,0.14767256379127502,-0.2521559000015259,-0.13584387882022497,0.09807193279266357,-0.3653894066810608,-0.04771115837959883,0.10242268443107605,-0.4831588864326477,-0.1161946041729891,0.09927701950073242,-0.34674835205078125,-0.13982861323623297,0.09487658739089966,-0.26580488681793213,-0.14147848470477697,0.022231996059417725,-0.36863023042678833,-0.060635214879795285,0.01977488398551941,-0.4807687997817993,-0.1272938309457743,0.039796650409698486,-0.34195399284362793,-0.14440984113483069,0.052637577056884766,-0.2507632374763489,-0.14049250467090246,-0.04978765547275543,-0.3482825756072998,-0.07725215537814734,-0.08494728803634644,-0.46515119075775146,-0.11664847119121191,-0.10050781071186066,-0.5312496423721313,-0.13700360639361975,-0.11355751752853394,-0.6186697781085968,-0.14761184735564825,-2.2394826929496787,1.841596831674043,1.6028720899997897,1.3183351794162361,-1.8024102878163892,0.07689981958185602,0.030879484582216524,0.01891812800358823,0.4156691583756104,0.054531733561142395,0.09504519037023791,0.4500817461655592,0.04483731937696732,0.40982728996387985,0.4037029007875026,I
0.0,0.0,0.0,0.08583381772041321,-0.024803996086120605,-0.05413167029422539,0.16727367043495178,-0.10985690355300903,-0.08051063343685883,0.1518336534500122,-0.20928031206130981,-0.10182444229525345,0.06796550750732422,-0.23669254779815674,-0.11246954873007553,0.16075965762138367,-0.3308340311050415,-0.04591106846731918,0.1678849756717682,-0.4171377420425415,-0.09961392208737152,0.14988699555397034,-0.30998116731643677,-0.12491775527399795,0.1411239504814148,-0.24205416440963745,-0.13334641083878296,0.08829596638679504,-0.35633718967437744,-0.047051182387292556,0.09600910544395447,-0.471327543258667,-0.11437909528416412,0.09125429391860962,-0.3424108624458313,-0.13526064380806702,0.08773139119148254,-0.2676082253456116,-0.13412228449982422,0.014736860990524292,-0.3613640069961548,-0.0578475132564904,0.017035096883773804,-0.4733629822731018,-0.12396325394314545,0.034803420305252075,-0.3416270613670349,-0.1387266240994336,0.046490222215652466,-0.2522876262664795,-0.1323276184479596,-0.055483490228652954,-0.3426445722579956,-0.07230396792095917,-0.08513320982456207,-0.45937448740005493,-0.11201697811287659,-0.10059231519699097,-0.5256130993366241,-0.13151172026795166,-0.11377748847007751,-0.6088383495807648,-0.1404527746121289,-2.2350648494028516,1.7884651788623747,1.5771591597266188,1.2875141686322757,-1.7863838542919168,0.07335465023488129,0.03669426761817,0.026540428609798997,0.4141533705902465,0.05919269733546875,0.0951854309600665,0.44666025351623706,0.04399494032995695,0.39628755502538204,0.3909145141643949,I
0.0,0.0,0.0,0.08071112632751465,-0.016979515552520752,-0.05593307116555479,0.1593659520149231,-0.0934985876083374,-0.08296163180398253,0.14353114366531372,-0.19334763288497925,-0.10418393263148573,0.06581994891166687,-0.2324337363243103,-0.11426516422557143,0.15887394547462463,-0.31413620710372925,-0.04863704541253355,0.15897732973098755,-0.3971843123435974,-0.10508528152035979,0.1387835443019867,-0.29133033752441406,-0.13086493858622816,0.13293170928955078,-0.2262532114982605,-0.1389110440902641,0.08682754635810852,-0.3415426015853882,-0.047979241102211745,0.09015160799026489,-0.45144516229629517,-0.11719420352505949,0.08300980925559998,-0.32300370931625366,-0.13644338199424055,0.08263474702835083,-0.25133585929870605,-0.1335825825624397,0.012808412313461304,-0.3481903076171875,-0.05727263340281752,0.010579526424407959,-0.460099458694458,-0.12588961967753676,0.025925874710083008,-0.32950544357299805,-0.13808265873717573,0.039346665143966675,-0.24165374040603638,-0.1289458627395561,-0.05900976061820984,-0.3318093419075012,-0.07020870396422652,-0.08499722182750702,-0.44948726892471313,-0.11154711791800764,-0.10052092373371124,-0.5157753229141235,-0.12936118790435103,-0.1128464937210083,-0.5974969565868378,-0.13611200997161177,-2.163381980807419,1.857835028950411,1.6172427872768798,1.3266649552783685,-1.7707210822603423,0.0673957511134339,0.02529876852030585,0.028032895474999084,0.4064392359399639,0.056204302623427044,0.09484374928465326,0.44522897855203913,0.04435765389964779,0.3975429797652479,0.38702345162431184,I
0.0,0.0,0.0,0.08071112632751465,-0.016979515552520752,-0.05593307116555479,0.1593659520149231,-0.0934985876083374,-0.08296163180398253,0.14353114366531372,-0.19334763288497925,-0.10418393263148573,0.06581994891166687,-0.2324337363243103,-0.11426516422557143,0.15887394547462463,-0.31413620710372925,-0.04863704541253355,0.15897732973098755,-0.3971843123435974,-0.10508528152035979,0.1387835443019867,-0.29133033752441406,-0.13086493858622816,0.13293170928955078,-0.2262532114982605,-0.1389110440902641,0.08682754635810852,-0.3415426015853882,-0.047979241102211745,0.09015160799026489,-0.45144516229629517,-0.11719420352505949,0.08300980925559998,-0.32300370931625366,-0.13644338199424055,0.08263474702835083,-0.25133585929870605,-0.1335825825624397,0.012808412313461304,-0.3481903076171875,-0.05727263340281752,0.010579526424407959,-0.460099458694458,-0.12588961967753676,0.025925874710083008,-0.32950544357299805,-0.13808265873717573,0.039346665143966675,-0.24165374040603638,-0.1289458627395561,-0.05900976061820984,-0.3318093419075012,-0.07020870396422652,-0.08499722182750702,-0.44948726892471313,-0.11154711791800764,-0.10052092373371124,-0.5157753229141235,-0.12936118790435103,-0.1128464937210083,-0.5974969565868378,-0.13611200997161177,-2.163381980807419,1.857835028950411,1.6172427872768798,1.3266649552783685,-1.7707210822603423,0.0673957511134339,0.02529876852030585,0.028032895474999084,0.4064392359399639,0.056204302623427044,0.09484374928465326,0.44522897855203913,0.04435765389964779,0.3975429797652479,0.38702345162431184,I
0.0,0.0,0.0,0.08538961410522461,-0.01996833086013794,-0.05351487240770325,0.16624408960342407,-0.09937858581542969,-0.08090724489667878,0.14925578236579895,-0.1949247121810913,-0.10363921961763367,0.0681474506855011,-0.22746789455413818,-0.11571667036989197,0.16516020894050598,-0.32204246520996094,-0.049910903638391346,0.1656765341758728,-0.40205109119415283,-0.10733063957670197,0.14721667766571045,-0.29041099548339844,-0.13297540388086304,0.13901013135910034,-0.22114521265029907,-0.14094678006151184,0.09261980652809143,-0.3462681770324707,-0.05295499107816681,0.0983908474445343,-0.46576863527297974,-0.12711476228216156,0.09568482637405396,-0.33293676376342773,-0.1501687808988379,0.09103426337242126,-0.25104135274887085,-0.14929497680643067,0.018538594245910645,-0.35177671909332275,-0.0654137029407309,0.01765310764312744,-0.46802276372909546,-0.13664505324342713,0.03596973419189453,-0.3327101469039917,-0.15267357668855652,0.048399388790130615,-0.24062228202819824,-0.14595415136793122,-0.052522897720336914,-0.33548057079315186,-0.08124837717988953,-0.07786369323730469,-0.45282477140426636,-0.1225368126390265,-0.08812059462070465,-0.5202963352203369,-0.14246225795724854,-0.09581597149372101,-0.6049838364124298,-0.15186430952527985,-2.224361755933272,1.8243917674530408,1.5874449620174773,1.308350281361235,-1.7300758018150104,0.07114419033698838,0.032855960284626874,0.0237281237867871,0.411585094688662,0.05652842737834381,0.09268043429144902,0.4499726521386054,0.04388951543740294,0.40023529580917927,0.39186402291495764,I
0.0,0.0,0.0,0.0891256332397461,-0.022559285163879395,-0.05093228223668689,0.1687035858631134,-0.10177767276763916,-0.07748824137198085,0.15442132949829102,-0.1956804394721985,-0.10043512063967341,0.07476478815078735,-0.22866183519363403,-0.11363842117535228,0.16995275020599365,-0.324317991733551,-0.04586361872898692,0.17640727758407593,-0.4099167585372925,-0.10272504168497676,0.15734779834747314,-0.3025725483894348,-0.13050906139361018,0.14709308743476868,-0.23148858547210693,-0.13995246368395442,0.09683755040168762,-0.34838658571243286,-0.050142196593156996,0.10665112733840942,-0.47030121088027954,-0.12193481403338069,0.10413849353790283,-0.3423805832862854,-0.14645944314943904,0.09951651096343994,-0.25986164808273315,-0.14716419356810206,0.02162417769432068,-0.35433387756347656,-0.06362825411306972,0.022660046815872192,-0.46545159816741943,-0.13282528298842067,0.040311217308044434,-0.33182114362716675,-0.14996963518606776,0.05271023511886597,-0.23863106966018677,-0.14438074606405848,-0.05019879341125488,-0.33848845958709717,-0.08036026137816066,-0.07642956078052521,-0.4552827477455139,-0.11913495290028209,-0.08766265213489532,-0.523553878068924,-0.13723180967318171,-0.09493996202945709,-0.6071717739105225,-0.1456740476463949,-2.2080933249699886,1.8122467566911362,1.5405433462927531,1.3083230542281423,-1.735802381830654,0.07238351604094692,0.03982557101297083,0.024203077186319425,0.4148125792947965,0.05539459640288669,0.09465272257923948,0.4468980365902343,0.051396156651973904,0.3980422633230699,0.397017419526237,I
0.0,0.0,0.0,0.0891256332397461,-0.022559285163879395,-0.05093228223668689,0.1687035858631134,-0.10177767276763916,-0.07748824137198085,0.15442132949829102,-0.1956804394721985,-0.10043512063967341,0.07476478815078735,-0.22866183519363403,-0.11363842117535228,0.16995275020599365,-0.324317991733551,-0.04586361872898692,0.17640727758407593,-0.4099167585372925,-0.10272504168497676,0.15734779834747314,-0.3025725483894348,-0.13050906139361018,0.14709308743476868,-0.23148858547210693,-0.13995246368395442,0.09683755040168762,-0.34838658571243286,-0.050142196593156996,0.10665112733840942,-0.47030121088027954,-0.12193481403338069,0.10413849353790283,-0.3423805832862854,-0.14645944314943904,0.09951651096343994,-0.25986164808273315,-0.14716419356810206,0.02162417769432068,-0.35433387756347656,-0.06362825411306972,0.022660046815872192,-0.46545159816741943,-0.13282528298842067,0.040311217308044434,-0.33182114362716675,-0.14996963518606776,0.05271023511886597,-0.23863106966018677,-0.14438074606405848,-0.05019879341125488,-0.33848845958709717,-0.08036026137816066,-0.07642956078052521,-0.4552827477455139,-0.11913495290028209,-0.08766265213489532,-0.523553878068924,-0.13723180967318171,-0.09493996202945709,-0.6071717739105225,-0.1456740476463949,-2.2080933249699886,1.8122467566911362,1.5405433462927531,1.3083230542281423,-1.735802381830654,0.07238351604094692,0.03982557101297083,0.024203077186319425,0.4148125792947965,0.05539459640288669,0.09465272257923948,0.4468980365902343,0.051396156651973904,0.3980422633230699,0.397017419526237,I
0.0,0.0,0.0,0.08609497547149658,-0.021589279174804688,-0.05672873008273882,0.16793623566627502,-0.09777998924255371,-0.08708568486594004,0.15074872970581055,-0.1908692717552185,-0.11433782252692026,0.07231780886650085,-0.2282949686050415,-0.1308659372033958,0.16444480419158936,-0.33041149377822876,-0.04892300638579172,0.16969546675682068,-0.4155462384223938,-0.106549209088314,0.14605161547660828,-0.3035454750061035,-0.1314251628818397,0.1321989893913269,-0.23465514183044434,-0.13876572820566935,0.09153836965560913,-0.35497021675109863,-0.051909318298328344,0.09966185688972473,-0.47320038080215454,-0.12803899320982737,0.09304389357566833,-0.34181463718414307,-0.15360354456328196,0.0889638364315033,-0.2652350068092346,-0.15499596866987986,0.01725029945373535,-0.3601303696632385,-0.06463874700688166,0.014539778232574463,-0.47125136852264404,-0.1371685323419456,0.028064191341400146,-0.3296576142311096,-0.15315577957056803,0.039102256298065186,-0.23679620027542114,-0.14667760404967112,-0.0560605525970459,-0.34475648403167725,-0.08131858530663294,-0.0819702297449112,-0.4591662287712097,-0.12041864368342203,-0.09517887234687805,-0.5281611084938049,-0.13911207589529795,-0.10371866822242737,-0.6170697510242462,-0.14896302494429392,-2.203083836574032,1.8956174405294148,1.5994787935550248,1.3954393008552013,-1.744053729792213,0.060218000502374185,0.04051736240455526,0.034286205277632854,0.42677238981801613,0.05295664824722566,0.09312135009707934,0.44933069614573273,0.05740159310046144,0.40114116572168784,0.4062090470189056,I
0.0,0.0,0.0,0.08590325713157654,-0.02551877498626709,-0.05030564346890287,0.1682147979736328,-0.10250180959701538,-0.07624592015127973,0.15178748965263367,-0.19783610105514526,-0.09840476641039686,0.07093888521194458,-0.23177039623260498,-0.11012915649990873,0.16452112793922424,-0.32916468381881714,-0.04769647249560194,0.17780369520187378,-0.4152444005012512,-0.09910211840252714,0.15510061383247375,-0.3056415319442749,-0.12070512154679136,0.13951295614242554,-0.23760217428207397,-0.1269012776909335,0.09276726841926575,-0.3565598726272583,-0.05126830318550901,0.10837653279304504,-0.4734750986099243,-0.11815990635733442,0.10151046514511108,-0.341763973236084,-0.13837044814209776,0.09320437908172607,-0.2619643211364746,-0.1376093117294772,0.019341468811035156,-0.36481547355651855,-0.0633840648231967,0.023568660020828247,-0.474770188331604,-0.1280077187118991,0.0381123423576355,-0.3387742042541504,-0.14194021502117948,0.04686763882637024,-0.24836784601211548,-0.13594501593689756,-0.05190342664718628,-0.351315438747406,-0.07883174100498991,-0.07716204226016998,-0.46737170219421387,-0.11533382663111524,-0.08833213150501251,-0.5337126851081848,-0.1330421207247241,-0.09705567359924316,-0.6198675632476807,-0.14228584745507078,-2.215901943785829,1.8374201710204392,1.56617552228,1.3386747151919032,-1.7373705433070188,0.0688216015448413,0.03751566763854531,0.029238677154385745,0.4228966573943251,0.052325887558092345,0.09326872202615188,0.4495459311114686,0.04829034720624434,0.4053314919419385,0.3984042667513309,I
0.0,0.0,0.0,0.08525675535202026,-0.023196756839752197,-0.05094058994882289,0.16593044996261597,-0.09830224514007568,-0.07784258384936038,0.15056774020195007,-0.19242823123931885,-0.10096432079308215,0.07184121012687683,-0.2277507781982422,-0.1138946916603345,0.16253140568733215,-0.32786232233047485,-0.048577474399735365,0.17376843094825745,-0.41380590200424194,-0.10274839956991855,0.15347018837928772,-0.3042845129966736,-0.12781269659035388,0.14005067944526672,-0.23621922731399536,-0.1359629910134572,0.09048673510551453,-0.3551812767982483,-0.052011044665505324,0.1044764518737793,-0.47462886571884155,-0.11991032768719379,0.09941419959068298,-0.34435248374938965,-0.14130152572624866,0.09273925423622131,-0.26559072732925415,-0.14133159626953784,0.016903340816497803,-0.3627053499221802,-0.06414831985466662,0.019699126482009888,-0.4729488492012024,-0.12920029272072497,0.0352308452129364,-0.33725225925445557,-0.143113849654128,0.04485556483268738,-0.24642199277877808,-0.13693259467117969,-0.05495321750640869,-0.348322331905365,-0.0797130744599599,-0.08202466368675232,-0.46534210443496704,-0.11606964279644671,-0.09462445974349976,-0.5321015417575836,-0.13328003694050494,-0.10419511795043945,-0.6175625026226044,-0.14200253595345202,-2.199313915728164,1.8113535399683867,1.545659248286716,1.334891823998702,-1.7516891833453787,0.06873315310039597,0.04322719049202343,0.0328152297852114,0.4277171604011691,0.05568712569757434,0.09574030639825361,0.45285616167670933,0.05157798072007786,0.4033203163141014,0.39995172719373473,I
0.0,0.0,0.0,0.08525675535202026,-0.023196756839752197,-0.05094058994882289,0.16593044996261597,-0.09830224514007568,-0.07784258384936038,0.15056774020195007,-0.19242823123931885,-0.10096432079308215,0.07184121012687683,-0.2277507781982422,-0.1138946916603345,0.16253140568733215,-0.32786232233047485,-0.048577474399735365,0.17376843094825745,-0.41380590200424194,-0.10274839956991855,0.15347018837928772,-0.3042845129966736,-0.12781269659035388,0.14005067944526672,-0.23621922731399536,-0.1359629910134572,0.09048673510551453,-0.3551812767982483,-0.052011044665505324,0.1044764518737793,-0.47462886571884155,-0.11991032768719379,0.09941419959068298,-0.34435248374938965,-0.14130152572624866,0.09273925423622131,-0.26559072732925415,-0.14133159626953784,0.016903340816497803,-0.3627053499221802,-0.06414831985466662,0.019699126482009888,-0.4729488492012024,-0.12920029272072497,0.0352308452129364,-0.33725225925445557,-0.143113849654128,0.04485556483268738,-0.24642199277877808,-0.13693259467117969,-0.05495321750640869,-0.348322331905365,-0.0797130744599599,-0.08202466368675232,-0.46534210443496704,-0.11606964279644671,-0.09462445974349976,-0.5321015417575836,-0.13328003694050494,-0.10419511795043945,-0.6175625026226044,-0.14200253595345202,-2.199313915728164,1.8113535399683867,1.545659248286716,1.334891823998702,-1.7516891833453787,0.06873315310039597,0.04322719049202343,0.0328152297852114,0.4277171604011691,0.05568712569757434,0.09574030639825361,0.45285616167670933,0.05157798072007786,0.4033203163141014,0.39995172719373473,I
0.0,0.0,0.0,0.08497580885887146,-0.020964503288269043,-0.05426751486197645,0.16506293416023254,-0.10233902931213379,-0.08314352891579802,0.14243167638778687,-0.19881463050842285,-0.10901385209695036,0.06380701065063477,-0.23229604959487915,-0.125230688966667,0.161086767911911,-0.3214629888534546,-0.03853718600407774,0.1686810851097107,-0.402565062046051,-0.0949647542013281,0.14471614360809326,-0.30095767974853516,-0.12573226205245192,0.133124440908432,-0.23077666759490967,-0.1370938163174742,0.08817404508590698,-0.3496878743171692,-0.041412074483787364,0.09934711456298828,-0.4646185040473938,-0.11130725256339247,0.09110704064369202,-0.34495455026626587,-0.13888284973040754,0.09025967121124268,-0.26827073097229004,-0.14201863519087965,0.014971822500228882,-0.35638856887817383,-0.0543352108372801,0.016994088888168335,-0.4673295021057129,-0.1203103404416197,0.02944996953010559,-0.33691078424453735,-0.1381173472775572,0.04121759533882141,-0.24198883771896362,-0.13331500104800398,-0.05587911605834961,-0.33944398164749146,-0.07128172031775648,-0.0796833485364914,-0.4590868353843689,-0.10416494718924696,-0.09391416609287262,-0.5327881276607513,-0.1205932240857237,-0.10226082801818848,-0.61788210272789,-0.12898320368663008,-2.2326935018468785,1.8698879007897045,1.5451853802788609,1.3452773192115872,-1.7358588956351726,0.06933408007038397,0.0446533419907287,0.02458112743036781,0.4198275019705443,0.05694904099052149,0.09258823370951073,0.45305280347565613,0.055640480936594794,0.3991143368564724,0.40234537980208535,I
0.0,0.0,0.0,0.09110066294670105,-0.0418965220451355,-0.03836290970707523,0.16697242856025696,-0.14502501487731934,-0.0563673979070245,0.1304018199443817,-0.24638712406158447,-0.07344275400305378,0.03977996110916138,-0.2622429132461548,-0.08226491198206531,0.1370581090450287,-0.34276676177978516,-0.02582043282950508,0.1492384374141693,-0.4479864835739136,-0.06985017344618427,0.13185563683509827,-0.34442776441574097,-0.09249861970806705,0.11937040090560913,-0.2749907970428467,-0.10046887830162632,0.067832350730896,-0.363464891910553,-0.03291538790131199,0.07744383811950684,-0.49814969301223755,-0.08745763883257496,0.07742244005203247,-0.38632798194885254,-0.1070750026431142,0.07545989751815796,-0.3129555583000183,-0.10811625853443729,-0.001600891351699829,-0.3640868067741394,-0.0481477423038541,-0.004109799861907959,-0.4797196388244629,-0.10046807363892185,0.013581395149230957,-0.3563428521156311,-0.11405063107872593,0.024948477745056152,-0.2679980993270874,-0.10990430102015125,-0.0683748722076416,-0.34675467014312744,-0.06628084615135776,-0.10093449056148529,-0.4692727327346802,-0.09366210237408268,-0.1154676079750061,-0.5407595932483673,-0.10796943739319431,-0.12788709998130798,-0.6236561834812164,-0.11630776956940281,-2.3969826006784882,1.8260757152301228,1.420916189498352,1.3012213457071031,-1.7824979343664815,0.08060487980442582,0.062006695045851205,0.015908961801635285,0.39841159028913414,0.05804701030245572,0.09468050166048633,0.42743867799376967,0.06762082996235158,0.3713285336195364,0.38710642805711326,I
0.0,0.0,0.0,0.08935034275054932,-0.040505051612854004,-0.047106176580712145,0.16661345958709717,-0.14694428443908691,-0.06848271932773287,0.13177525997161865,-0.2473025918006897,-0.08821408447198564,0.039655447006225586,-0.2620961666107178,-0.09822160747222597,0.14329743385314941,-0.34439337253570557,-0.03046086054615671,0.15422502160072327,-0.4514662027359009,-0.0805000215428322,0.1324004828929901,-0.34453463554382324,-0.1055222451346367,0.12101277709007263,-0.2749360203742981,-0.11436682191066438,0.07183387875556946,-0.36614567041397095,-0.035399563576504534,0.0795896053314209,-0.503425657749176,-0.09946542974881822,0.07887744903564453,-0.39134377241134644,-0.12349823858909303,0.0828636884689331,-0.32116591930389404,-0.1258195861833542,0.0013948678970336914,-0.3678317666053772,-0.05003047358565027,-0.004329681396484375,-0.48340904712677,-0.11069831248693163,0.014063268899917603,-0.3530237078666687,-0.12946408238582308,0.03006330132484436,-0.260844886302948,-0.1268303170459717,-0.06567610800266266,-0.35141634941101074,-0.06830392774514848,-0.09657208621501923,-0.47044235467910767,-0.0986282080071419,-0.11176776885986328,-0.541999340057373,-0.11712312694959337,-0.12295597791671753,-0.6253548264503479,-0.1285717263477295,-2.4049194127857487,1.881260535810074,1.3303241406275157,1.3089848585265886,-1.7769240506851045,0.08236429446697259,0.07318598099043724,0.009673415176733237,0.39799413244915316,0.05993793888401747,0.09203459784986627,0.42698254422321225,0.0801655032097153,0.3672773152565435,0.3953256838176191,I
0.0,0.0,0.0,0.08935034275054932,-0.040505051612854004,-0.047106176580712145,0.16661345958709717,-0.14694428443908691,-0.06848271932773287,0.13177525997161865,-0.2473025918006897,-0.08821408447198564,0.039655447006225586,-0.2620961666107178,-0.09822160747222597,0.14329743385314941,-0.34439337253570557,-0.03046086054615671,0.15422502160072327,-0.4514662027359009,-0.0805000215428322,0.1324004828929901,-0.34453463554382324,-0.1055222451346367,0.12101277709007263,-0.2749360203742981,-0.11436682191066438,0.07183387875556946,-0.36614567041397095,-0.035399563576504534,0.0795896053314209,-0.503425657749176,-0.09946542974881822,0.07887744903564453,-0.39134377241134644,-0.12349823858909303,0.0828636884689331,-0.32116591930389404,-0.1258195861833542,0.0013948678970336914,-0.3678317666053772,-0.05003047358565027,-0.004329681396484375,-0.48340904712677,-0.11069831248693163,0.014063268899917603,-0.3530237078666687,-0.12946408238582308,0.03006330132484436,-0.260844886302948,-0.1268303170459717,-0.06567610800266266,-0.35141634941101074,-0.06830392774514848,-0.09657208621501923,-0.47044235467910767,-0.0986282080071419,-0.11176776885986328,-0.541999340057373,-0.11712312694959337,-0.12295597791671753,-0.6253548264503479,-0.1285717263477295,-2.4049194127857487,1.881260535810074,1.3303241406275157,1.3089848585265886,-1.7769240506851045,0.08236429446697259,0.07318598099043724,0.009673415176733237,0.39799413244915316,0.05993793888401747,0.09203459784986627,0.42698254422321225,0.0801655032097153,0.3672773152565435,0.3953256838176191,I
0.0,0.0,0.0,0.09111809730529785,-0.032249629497528076,-0.04581449667682591,0.1733931303024292,-0.12752890586853027,-0.06720266605486813,0.14431625604629517,-0.22968828678131104,-0.08726545537581387,0.054528623819351196,-0.25083452463150024,-0.09823456520905438,0.15674078464508057,-0.34105193614959717,-0.030858473132752806,0.16858315467834473,-0.43568432331085205,-0.08055678869357052,0.14428213238716125,-0.3302941918373108,-0.1048849161969656,0.1304720640182495,-0.2594658136367798,-0.11309281105866376,0.08537882566452026,-0.3651047348976135,-0.03698069344034138,0.09570670127868652,-0.4945335388183594,-0.10202153141369763,0.09141805768013,-0.3783619999885559,-0.12524310613741818,0.08966115117073059,-0.3012808561325073,-0.12631606424918118,0.013348251581192017,-0.36781513690948486,-0.05255636687149945,0.01349484920501709,-0.4773128032684326,-0.11650445426573697,0.027792036533355713,-0.3421339988708496,-0.1338369187222952,0.03851521015167236,-0.24709761142730713,-0.12897915507426205,-0.055231496691703796,-0.3522246479988098,-0.07138383502831402,-0.08240383863449097,-0.4714582562446594,-0.10587784017195645,-0.0977497547864914,-0.544628381729126,-0.12443177516331616,-0.10916878283023834,-0.6318924427032471,-0.13454152012934628,-2.33785773412321,1.8822901088326285,1.503800764422572,1.3652622109786388,-1.7613190848710432,0.07643235740925634,0.06147460321144758,0.016443659495011326,0.4147312115924906,0.05842968754295444,0.09278488777238149,0.44286491113664944,0.07450994087709766,0.38579445800795453,0.4121621330978383,I
0.0,0.0,0.0,0.09046700596809387,-0.029674232006072998,-0.04957861153422982,0.1694788932800293,-0.11497735977172852,-0.07513127176105172,0.1414775252342224,-0.21491968631744385,-0.09810853449641854,0.05936130881309509,-0.24825167655944824,-0.11104648260413796,0.16101184487342834,-0.32930439710617065,-0.03575216306387574,0.17138108611106873,-0.4219602346420288,-0.08882382957278878,0.1447124183177948,-0.31873196363449097,-0.11671285776435525,0.13297677040100098,-0.2516138553619385,-0.12725733665763528,0.08958280086517334,-0.35837769508361816,-0.03956712855040223,0.10182282328605652,-0.48526549339294434,-0.10465139595805795,0.09221571683883667,-0.36833733320236206,-0.12847273496925027,0.09171894192695618,-0.29536110162734985,-0.1309731498175779,0.017724037170410156,-0.3669264316558838,-0.05297195984064729,0.021879851818084717,-0.48112183809280396,-0.11545189915239007,0.03152644634246826,-0.3524293303489685,-0.13126740304767281,0.04176163673400879,-0.2609748840332031,-0.12663281409083993,-0.0519169420003891,-0.3541712760925293,-0.07000083176433236,-0.07477830350399017,-0.47682929039001465,-0.10168674288331658,-0.08628976345062256,-0.5502155721187592,-0.11750140486299188,-0.09226883947849274,-0.6358612179756165,-0.126203958671681,-2.261338260268105,1.91710922148237,1.5369112290801936,1.3476993671622128,-1.7130777107595838,0.07369220061241462,0.05715167846143695,0.02171700867319397,0.4162125159912675,0.06013343467822416,0.09169421719864067,0.44540051688963317,0.060647706490627444,0.38702949879780785,0.3981255228323507,I
0.0,0.0,0.0,0.09030252695083618,-0.013315260410308838,-0.05490355695684457,0.17413169145584106,-0.07919931411743164,-0.08510204534132981,0.15652543306350708,-0.17162024974822998,-0.11271305511792207,0.08002853393554688,-0.21589374542236328,-0.13043613861401582,0.1707802712917328,-0.30186212062835693,-0.04083351920445466,0.1786586046218872,-0.3920437693595886,-0.10041320453484559,0.15380573272705078,-0.2864508628845215,-0.1316941989501288,0.14631205797195435,-0.2203531265258789,-0.1429919613440802,0.10012173652648926,-0.3290930986404419,-0.0432728877206614,0.1103132963180542,-0.4472843408584595,-0.1154743296941092,0.10273930430412292,-0.32827746868133545,-0.14520785342057252,0.10591903328895569,-0.2632124423980713,-0.15101330111821198,0.028998494148254395,-0.33782970905303955,-0.05562029908497834,0.026181310415267944,-0.4451429843902588,-0.12430613617499375,0.04009321331977844,-0.31561535596847534,-0.14438143502076173,0.05415651202201843,-0.22672778367996216,-0.14129492770035768,-0.040975019335746765,-0.3295817971229553,-0.07155974338849092,-0.06559084355831146,-0.4519522190093994,-0.10389428715308213,-0.07870270311832428,-0.5262044668197632,-0.1205564675768187,-0.08599008619785309,-0.6146678626537323,-0.1299699110825827,-2.173708012579229,1.862427743484417,1.4830254617968635,1.348110856995933,-1.7274032605859202,0.06643336239052934,0.05393864143865454,0.02804884851221547,0.4319525191553532,0.058894120250443514,0.09237575928328197,0.4576553258878002,0.0633284211842284,0.40043728918431853,0.4124785738275106,I
0.0,0.0,0.0,0.08031752705574036,-0.0005492568016052246,-0.06495751319687315,0.16562846302986145,-0.05643647909164429,-0.10223143426935621,0.15353098511695862,-0.14935201406478882,-0.13517150162022062,0.07967162132263184,-0.20349544286727905,-0.15889562545578428,0.1651497781276703,-0.29054397344589233,-0.0569702635542626,0.1732552945613861,-0.3780049681663513,-0.12130812434713789,0.1510944664478302,-0.2759881615638733,-0.15365739045898863,0.14226475358009338,-0.20281028747558594,-0.16314779101173826,0.09380125999450684,-0.32296258211135864,-0.054774633331703626,0.10624712705612183,-0.43509364128112793,-0.1300075340108151,0.098112553358078,-0.3157835006713867,-0.1593315738276715,0.09738469123840332,-0.244490385055542,-0.1623125958279843,0.021342426538467407,-0.3338468074798584,-0.06281643985073515,0.02206382155418396,-0.433360755443573,-0.13337519644062468,0.03317365050315857,-0.3060259222984314,-0.15253886459629484,0.043325215578079224,-0.2147747278213501,-0.1468629675940747,-0.04838688671588898,-0.3233237862586975,-0.07518374053995558,-0.06593874096870422,-0.4463135004043579,-0.1096997845010037,-0.07982632517814636,-0.5221980810165405,-0.12639343617718168,-0.09076826274394989,-0.6079071760177612,-0.13362973807613798,-2.099745246467714,1.8259571177715124,1.5251630495504611,1.3882344330922096,-1.7186340584989592,0.06259688206061736,0.044658013064398976,0.03805631983813964,0.4388605746594317,0.06124908595292378,0.09966032316242684,0.46734128407795666,0.06168830678118143,0.40923501566405934,0.41537234230676023,I
0.0,0.0,0.0,0.08031752705574036,-0.0005492568016052246,-0.06495751319687315,0.16562846302986145,-0.05643647909164429,-0.10223143426935621,0.15353098511695862,-0.14935201406478882,-0.13517150162022062,0.07967162132263184,-0.20349544286727905,-0.15889562545578428,0.1651497781276703,-0.29054397344589233,-0.0569702635542626,0.1732552945613861,-0.3780049681663513,-0.12130812434713789,0.1510944664478302,-0.2759881615638733,-0.15365739045898863,0.14226475358009338,-0.20281028747558594,-0.16314779101173826,0.09380125999450684,-0.32296258211135864,-0.054774633331703626,0.10624712705612183,-0.43509364128112793,-0.1300075340108151,0.098112553358078,-0.3157835006713867,-0.1593315738276715,0.09738469123840332,-0.244490385055542,-0.1623125958279843,0.021342426538467407,-0.3338468074798584,-0.06281643985073515,0.02206382155418396,-0.433360755443573,-0.13337519644062468,0.03317365050315857,-0.3060259222984314,-0.15253886459629484,0.043325215578079224,-0.2147747278213501,-0.1468629675940747,-0.04838688671588898,-0.3233237862586975,-0.07518374053995558,-0.06593874096870422,-0.4463135004043579,-0.1096997845010037,-0.07982632517814636,-0.5221980810165405,-0.12639343617718168,-0.09076826274394989,-0.6079071760177612,-0.13362973807613798,-2.099745246467714,1.8259571177715124,1.5251630495504611,1.3882344330922096,-1.7186340584989592,0.06259688206061736,0.044658013064398976,0.03805631983813964,0.4388605746594317,0.06124908595292378,0.09966032316242684,0.46734128407795666,0.06168830678118143,0.40923501566405934,0.41537234230676023,I
0.0,0.0,0.0,0.07977801561355591,2.2172927856445312e-05,-0.06648156609179523,0.16456949710845947,-0.05059480667114258,-0.1053244527781203,0.14578133821487427,-0.13961338996887207,-0.13976116295697238,0.07076162099838257,-0.18061739206314087,-0.16303929503800418,0.15628665685653687,-0.2798989415168762,-0.05912481810690906,0.15920063853263855,-0.3605116605758667,-0.12607198770882633,0.14026254415512085,-0.249505877494812,-0.15695939775349643,0.1354968249797821,-0.18305766582489014,-0.16526855345608737,0.08717727661132812,-0.3098645806312561,-0.056353179773111606,0.09254279732704163,-0.41566920280456543,-0.13599330004097965,0.08623245358467102,-0.2914261817932129,-0.16213109906556156,0.08636176586151123,-0.22516101598739624,-0.16159592386128452,0.018952250480651855,-0.32051247358322144,-0.06421525593640354,0.014145582914352417,-0.4117145538330078,-0.13746993060948398,0.024991095066070557,-0.28340446949005127,-0.14856456037404087,0.035632163286209106,-0.20103436708450317,-0.1356097739541724,-0.0443209707736969,-0.3144527077674866,-0.07717181559445407,-0.05411595106124878,-0.43414485454559326,-0.11206657256724384,-0.05989442765712738,-0.5114125609397888,-0.12413220669867542,-0.06322282552719116,-0.5984010398387909,-0.12648953314663913,-2.1957892645648327,1.7822660801205288,1.5804238502260721,1.4320864031296918,-1.6372661973728622,0.06478118222559456,0.04719638706570763,0.0406316584472541,0.4387425307164701,0.06470661580906992,0.10146976122643218,0.46043416232384915,0.056174618509889064,0.4020990740918396,0.40947842608507556,I
0.0,0.0,0.0,0.05985289812088013,0.01087641716003418,-0.06740912630198181,0.12453880906105042,-0.019229769706726074,-0.10948813541767777,0.10878917574882507,-0.08312338590621948,-0.1470033733451146,0.04374101758003235,-0.12568843364715576,-0.17490694507000626,0.12791216373443604,-0.22440624237060547,-0.0771958587968129,0.12947353720664978,-0.28859037160873413,-0.1490981934869069,0.11048358678817749,-0.1859232783317566,-0.18000540717480362,0.10541477799415588,-0.12287741899490356,-0.18755375429032028,0.061239004135131836,-0.2568426728248596,-0.07408368422625244,0.06669008731842041,-0.34425657987594604,-0.1577191261851567,0.056993573904037476,-0.21628320217132568,-0.18040030284760178,0.05839747190475464,-0.15209269523620605,-0.17655590756771744,-0.006012380123138428,-0.27114880084991455,-0.08126701249716461,-0.007947921752929688,-0.3470660448074341,-0.1582761911952275,-0.0031755268573760986,-0.22013616561889648,-0.1650273857915181,0.0037000179290771484,-0.14401185512542725,-0.1478072164857167,-0.06923899054527283,-0.27054327726364136,-0.0931403247916478,-0.07944241166114807,-0.3824135661125183,-0.13405845149395645,-0.08880126476287842,-0.45676031708717346,-0.14625317438481034,-0.09489452838897705,-0.542205274105072,-0.14676419480679215,-2.2200067630581035,1.7888590953726213,1.5979164809945312,1.4945512173682163,-1.6649562455500124,0.061737788484799876,0.030199282829823416,0.0440344118584338,0.438983021301702,0.05535485017376581,0.10388723119638775,0.4647146095131788,0.05529115162770015,0.4191494501317765,0.41021809258291114,I
0.0,0.0,0.0,0.05985289812088013,0.01087641716003418,-0.06740912630198181,0.12453880906105042,-0.019229769706726074,-0.10948813541767777,0.10878917574882507,-0.08312338590621948,-0.1470033733451146,0.04374101758003235,-0.12568843364715576,-0.17490694507000626,0.12791216373443604,-0.22440624237060547,-0.0771958587968129,0.12947353720664978,-0.28859037160873413,-0.1490981934869069,0.11048358678817749,-0.1859232783317566,-0.18000540717480362,0.10541477799415588,-0.12287741899490356,-0.18755375429032028,0.061239004135131836,-0.2568426728248596,-0.07408368422625244,0.06669008731842041,-0.34425657987594604,-0.1577191261851567,0.056993573904037476,-0.21628320217132568,-0.18040030284760178,0.05839747190475464,-0.15209269523620605,-0.17655590756771744,-0.006012380123138428,-0.27114880084991455,-0.08126701249716461,-0.007947921752929688,-0.3470660448074341,-0.1582761911952275,-0.0031755268573760986,-0.22013616561889648,-0.1650273857915181,0.0037000179290771484,-0.14401185512542725,-0.1478072164857167,-0.06923899054527283,-0.27054327726364136,-0.0931403247916478,-0.07944241166114807,-0.3824135661125183,-0.13405845149395645,-0.08880126476287842,-0.45676031708717346,-0.14625317438481034,-0.09489452838897705,-0.542205274105072,-0.14676419480679215,-2.2200067630581035,1.7888590953726213,1.5979164809945312,1.4945512173682163,-1.6649562455500124,0.061737788484799876,0.030199282829823416,0.0440344118584338,0.438983021301702,0.05535485017376581,0.10388723119638775,0.4647146095131788,0.05529115162770015,0.4191494501317765,0.41021809258291114,I
0.0,0.0,0.0,0.06370705366134644,0.006939589977264404,-0.06597447062137007,0.13693925738334656,-0.030781328678131104,-0.10641463512780547,0.1238420307636261,-0.10178738832473755,-0.14298252428176284,0.06425923109054565,-0.14871031045913696,-0.17003166342379927,0.13712945580482483,-0.24005335569381714,-0.06864825302960753,0.14304381608963013,-0.31389421224594116,-0.13890428507926345,0.124051034450531,-0.21641427278518677,-0.17062216663958907,0.11595314741134644,-0.15393030643463135,-0.17912134194972396,0.07012808322906494,-0.27501553297042847,-0.06508685315253615,0.07725533843040466,-0.3682400584220886,-0.14422045314910292,0.06638917326927185,-0.2458825707435608,-0.1690359231293428,0.06671705842018127,-0.18693411350250244,-0.1684890356123674,0.002573162317276001,-0.28737103939056396,-0.07185672635438323,0.002520263195037842,-0.3653877377510071,-0.14455431366565108,0.007031649351119995,-0.24418914318084717,-0.1537083056032884,0.01302829384803772,-0.17024308443069458,-0.1401180889666307,-0.061136215925216675,-0.2824515700340271,-0.0833200182974565,-0.07219257950782776,-0.39706188440322876,-0.1206030663311708,-0.08109727501869202,-0.4763246774673462,-0.13347695434691786,-0.08719936013221741,-0.5629422068595886,-0.1358480122149217,-2.123117412914811,1.811897684221926,1.609502800913953,1.4817697964834162,-1.663450114265041,0.051956802659191136,0.03830274186373999,0.05557219885568661,0.44105302272028307,0.05927430927576629,0.10420955909597443,0.4566855329550882,0.05622342832626798,0.40629096737440323,0.4052877784720497,I
0.0,0.0,0.0,0.07655853033065796,0.0015548467636108398,-0.06658490232936742,0.15658795833587646,-0.0364152193069458,-0.10640298805944326,0.1494438350200653,-0.12435108423233032,-0.14120193056575658,0.08710643649101257,-0.18359822034835815,-0.16606798998824956,0.16624322533607483,-0.27317172288894653,-0.06069588519446256,0.1705172061920166,-0.3609747290611267,-0.1279965215157688,0.1462758183479309,-0.255895733833313,-0.16097396842948797,0.1335168182849884,-0.18538498878479004,-0.17000086836330297,0.09663593769073486,-0.3068150281906128,-0.057150053305548454,0.10328888893127441,-0.41484034061431885,-0.13606706492416265,0.09154370427131653,-0.2924267053604126,-0.16547316543571355,0.08612439036369324,-0.2215304970741272,-0.16736647717468145,0.025242537260055542,-0.31831109523773193,-0.06383268765918615,0.019549816846847534,-0.40224242210388184,-0.1386996977757633,0.025253713130950928,-0.27741700410842896,-0.15462492637149694,0.032368361949920654,-0.195365309715271,-0.1448899083565891,-0.04340946674346924,-0.31085455417633057,-0.07474993400089147,-0.058867454528808594,-0.4359443187713623,-0.11221394918672445,-0.06915828585624695,-0.5127608180046082,-0.12541954450122716,-0.07369804382324219,-0.5993509888648987,-0.12803533904067876,-2.011856014251648,1.9276319614194966,1.693430518334055,1.5129020154981476,-1.6754008183473101,0.0464447637490819,0.03794498691785916,0.05598858094857422,0.445767254762287,0.05960318778194417,0.10163964297872412,0.4629317965973579,0.05978568072997391,0.41023351214455617,0.41767752081195747,I
0.0,0.0,0.0,0.08239489793777466,-0.008823096752166748,-0.05621695867338872,0.16498515009880066,-0.06724810600280762,-0.08630941039481854,0.15523308515548706,-0.16155773401260376,-0.11278988397279477,0.08654466271400452,-0.2134096622467041,-0.12955423420825696,0.17270109057426453,-0.29408180713653564,-0.045950390161664245,0.18192598223686218,-0.3876591920852661,-0.10924329584995007,0.1566183865070343,-0.28567254543304443,-0.14138125604549145,0.14610761404037476,-0.2129780650138855,-0.1503843439237187,0.10151609778404236,-0.3259620666503906,-0.04818526631751752,0.11038652062416077,-0.4419904351234436,-0.12402687943139767,0.10166394710540771,-0.3234727382659912,-0.15236588543811536,0.1035923957824707,-0.2497919201850891,-0.15334757393756604,0.027258336544036865,-0.33998191356658936,-0.06077958992281651,0.02429148554801941,-0.43219542503356934,-0.13525883084693646,0.033076196908950806,-0.3042265772819519,-0.15442154532829022,0.04415985941886902,-0.2137649655342102,-0.14612940675178265,-0.042638152837753296,-0.3318811058998108,-0.07685266411462521,-0.054124146699905396,-0.4623134732246399,-0.11560570424953198,-0.06232461333274841,-0.5419901609420776,-0.13084659701743817,-0.06814040243625641,-0.6290287971496582,-0.13457412249007916,-2.063347618036166,1.8876440325064014,1.5435443905802657,1.4376797116847033,-1.6564100195683722,0.059564514997428854,0.04017827641237059,0.04238629248699916,0.44347123320235826,0.05623880969653939,0.10195079148685228,0.46797481158165266,0.06949940891854636,0.4163084947894695,0.4301806581666276,I
0.0,0.0,0.0,0.08239489793777466,-0.008823096752166748,-0.05621695867338872,0.16498515009880066,-0.06724810600280762,-0.08630941039481854,0.15523308515548706,-0.16155773401260376,-0.11278988397279477,0.08654466271400452,-0.2134096622467041,-0.12955423420825696,0.17270109057426453,-0.29408180713653564,-0.045950390161664245,0.18192598223686218,-0.3876591920852661,-0.10924329584995007,0.1566183865070343,-0.28567254543304443,-0.14138125604549145,0.14610761404037476,-0.2129780650138855,-0.1503843439237187,0.10151609778404236,-0.3259620666503906,-0.04818526631751752,0.11038652062416077,-0.4419904351234436,-0.12402687943139767,0.10166394710540771,-0.3234727382659912,-0.15236588543811536,0.1035923957824707,-0.2497919201850891,-0.15334757393756604,0.027258336544036865,-0.33998191356658936,-0.06077958992281651,0.02429148554801941,-0.43219542503356934,-0.13525883084693646,0.033076196908950806,-0.3042265772819519,-0.15442154532829022,0.04415985941886902,-0.2137649655342102,-0.14612940675178265,-0.042638152837753296,-0.3318811058998108,-0.07685266411462521,-0.054124146699905396,-0.4623134732246399,-0.11560570424953198,-0.06232461333274841,-0.5419901609420776,-0.13084659701743817,-0.06814040243625641,-0.6290287971496582,-0.13457412249007916,-2.063347618036166,1.8876440325064014,1.5435443905802657,1.4376797116847033,-1.6564100195683722,0.059564514997428854,0.04017827641237059,0.04238629248699916,0.44347123320235826,0.05623880969653939,0.10195079148685228,0.46797481158165266,0.06949940891854636,0.4163084947894695,0.4301806581666276,I
0.0,0.0,0.0,0.08868008852005005,-0.014612317085266113,-0.05929051417268738,0.17402437329292297,-0.0840492844581604,-0.08895513120450005,0.16614019870758057,-0.18087512254714966,-0.11389375928200707,0.08521485328674316,-0.22106802463531494,-0.1278702438191317,0.17754366993904114,-0.3201338052749634,-0.050032415272369235,0.18788060545921326,-0.40725064277648926,-0.11011302921332344,0.15910089015960693,-0.29798465967178345,-0.13796154859818444,0.14334768056869507,-0.23039257526397705,-0.14559288028038964,0.10651078820228577,-0.3492506742477417,-0.050440070064439624,0.12008750438690186,-0.4711841940879822,-0.12532171312130913,0.10659751296043396,-0.3445149064064026,-0.15033453408040032,0.10240364074707031,-0.2722793221473694,-0.14968748095787987,0.03286254405975342,-0.3598465323448181,-0.061015476317777484,0.0297735333442688,-0.4546896815299988,-0.13269315365113243,0.036955416202545166,-0.3164876699447632,-0.1503481239394091,0.04686737060546875,-0.22503703832626343,-0.14270481172360405,-0.03790849447250366,-0.3511887788772583,-0.07545717510737404,-0.05524197220802307,-0.47266197204589844,-0.11184889528311714,-0.06368117034435272,-0.545209527015686,-0.12814254763878807,-0.0665825605392456,-0.6309030652046204,-0.13457965555943474,-2.1458741530479175,1.9348614395445471,1.6241052007165588,1.4672815936161787,-1.6729514672770618,0.0588759106275201,0.05401899117185042,0.03855233452943645,0.43704372243827355,0.058574004143375505,0.0966288362058213,0.4521939392386106,0.07291166355169024,0.3964433443880379,0.42142391798611,I
0.0,0.0,0.0,0.08858710527420044,-0.006511032581329346,-0.057590808929433024,0.17595884203910828,-0.08319669961929321,-0.0841147491946117,0.16628047823905945,-0.18167567253112793,-0.1060656124963657,0.08267480134963989,-0.22034448385238647,-0.11687299257658879,0.17858049273490906,-0.31393975019454956,-0.04692402130507389,0.18198096752166748,-0.3980436325073242,-0.1074170956625835,0.1530286967754364,-0.2885475158691406,-0.13547233885668675,0.14033854007720947,-0.22117143869400024,-0.14330304807566563,0.10545912384986877,-0.342035174369812,-0.048090417148102915,0.11467564105987549,-0.46442538499832153,-0.12391736006878773,0.10297361016273499,-0.3409891724586487,-0.1482641512765781,0.10063153505325317,-0.26800107955932617,-0.14674003070734898,0.03145027160644531,-0.3528469204902649,-0.059826363088120615,0.026098519563674927,-0.4517759680747986,-0.1332061553611652,0.03508114814758301,-0.3163071870803833,-0.1510563010587589,0.046568334102630615,-0.22330784797668457,-0.1428816581382648,-0.03788718581199646,-0.3450191617012024,-0.07535655445002476,-0.053200602531433105,-0.4662098288536072,-0.11396035200499455,-0.0623912513256073,-0.5416229367256165,-0.13148112243555943,-0.06744891405105591,-0.6278733909130096,-0.13828618472956578,-2.1680903809462797,1.961801805326722,1.6359117827343053,1.4546153199389915,-1.6749305159676064,0.05766966809642202,0.05092735413976642,0.03622786916163481,0.43430051809286985,0.06139756926416464,0.09379454020964165,0.45670789793024097,0.0701449545322187,0.3971890203041226,0.42032512583463627,I
0.0,0.0,0.0,0.08438614010810852,-0.004230976104736328,-0.06194364061263968,0.16703566908836365,-0.061379432678222656,-0.09578053807524611,0.16237950325012207,-0.1532168984413147,-0.12469241177348067,0.08309024572372437,-0.1989002227783203,-0.1431174517205136,0.17178422212600708,-0.31075239181518555,-0.056982131355084675,0.1724831461906433,-0.3883584141731262,-0.12354941820410659,0.14603304862976074,-0.27988022565841675,-0.15614827876595427,0.13567465543746948,-0.20502209663391113,-0.16603753870037963,0.09944987297058105,-0.33788591623306274,-0.057938398473538655,0.1056973934173584,-0.45967113971710205,-0.13919147258309295,0.09745281934738159,-0.3373714089393616,-0.16697884505299498,0.09613513946533203,-0.25543391704559326,-0.16733589177636077,0.02377423644065857,-0.34774893522262573,-0.06939992462901046,0.018129736185073853,-0.44683128595352173,-0.14774123733548095,0.028940141201019287,-0.3105192184448242,-0.16637433474568297,0.0404721200466156,-0.21295559406280518,-0.15804047291783263,-0.047461867332458496,-0.33623456954956055,-0.08478628253249099,-0.06581997871398926,-0.45895081758499146,-0.12684687381295134,-0.0764324963092804,-0.5363659262657166,-0.14497552221325805,-0.08225156366825104,-0.6237946152687073,-0.15170634692219664,-2.1188422916958785,1.8999014090991813,1.6109766682198112,1.4475465582865372,-1.691193566337089,0.05293956445274912,0.05801920234056415,0.04487603032994963,0.45593108986203973,0.06406812749355645,0.09553252391882595,0.4720828945613738,0.07001985185815852,0.40928158992347696,0.4287771028051408,I
0.0,0.0,0.0,0.08438614010810852,-0.004230976104736328,-0.06194364061263968,0.16703566908836365,-0.061379432678222656,-0.09578053807524611,0.16237950325012207,-0.1532168984413147,-0.12469241177348067,0.08309024572372437,-0.1989002227783203,-0.1431174517205136,0.17178422212600708,-0.31075239181518555,-0.056982131355084675,0.1724831461906433,-0.3883584141731262,-0.12354941820410659,0.14603304862976074,-0.27988022565841675,-0.15614827876595427,0.13567465543746948,-0.20502209663391113,-0.16603753870037963,0.09944987297058105,-0.33788591623306274,-0.057938398473538655,0.1056973934173584,-0.45967113971710205,-0.13919147258309295,0.09745281934738159,-0.3373714089393616,-0.16697884505299498,0.09613513946533203,-0.25543391704559326,-0.16733589177636077,0.02377423644065857,-0.34774893522262573,-0.06939992462901046,0.018129736185073853,-0.44683128595352173,-0.14774123733548095,0.028940141201019287,-0.3105192184448242,-0.16637433474568297,0.0404721200466156,-0.21295559406280518,-0.15804047291783263,-0.047461867332458496,-0.33623456954956055,-0.08478628253249099,-0.06581997871398926,-0.45895081758499146,-0.12684687381295134,-0.0764324963092804,-0.5363659262657166,-0.14497552221325805,-0.08225156366825104,-0.6237946152687073,-0.15170634692219664,-2.1188422916958785,1.8999014090991813,1.6109766682198112,1.4475465582865372,-1.691193566337089,0.05293956445274912,0.05801920234056415,0.04487603032994963,0.45593108986203973,0.06406812749355645,0.09553252391882595,0.4720828945613738,0.07001985185815852,0.40928158992347696,0.4287771028051408,I
0.0,0.0,0.0,0.07915803790092468,-0.0071190595626831055,-0.061672807711715905,0.1585911214351654,-0.05694591999053955,-0.10003497548734686,0.14934229850769043,-0.14272034168243408,-0.13495709844266912,0.08406254649162292,-0.19389194250106812,-0.16013520308172247,0.1636711061000824,-0.2944336533546448,-0.061040000099296776,0.16755381226539612,-0.3835674524307251,-0.13058363743459722,0.14093410968780518,-0.27255135774612427,-0.16404781587755224,0.12881872057914734,-0.19586032629013062,-0.1736936206403925,0.09087985754013062,-0.32471126317977905,-0.06180629231369039,0.09948581457138062,-0.4416239261627197,-0.1441698307577326,0.08813309669494629,-0.3160701394081116,-0.17213813312685033,0.0854334831237793,-0.23908990621566772,-0.172710024792309,0.015818923711776733,-0.336215078830719,-0.07285680719053289,0.012231379747390747,-0.43177706003189087,-0.1504935259405329,0.020054668188095093,-0.29567205905914307,-0.1663553500953867,0.029901951551437378,-0.2016656994819641,-0.15638189860021612,-0.05377301573753357,-0.32656627893447876,-0.08791637517845174,-0.07074519991874695,-0.4538770914077759,-0.12978472657835027,-0.08253642916679382,-0.5356543362140656,-0.1468774313512995,-0.08992430567741394,-0.625153660774231,-0.152509384829159,-2.0691900225866116,1.9106463252845156,1.634320739706552,1.4665079615611527,-1.6912842721443442,0.04479943809573772,0.04521875043823802,0.05471564074259646,0.4650355839885924,0.06124602362273873,0.09908697973385695,0.48181041766275284,0.06696508230725169,0.42402308507568126,0.44011405939932813,I
0.0,0.0,0.0,0.08110171556472778,-0.008719086647033691,-0.055160520743527286,0.16433286666870117,-0.05738180875778198,-0.08856892041484343,0.15420150756835938,-0.1457890272140503,-0.1187605877927922,0.08558297157287598,-0.19321244955062866,-0.13961962811271178,0.16387611627578735,-0.29215407371520996,-0.05568810380617606,0.17379266023635864,-0.3846060037612915,-0.12083005360881316,0.14945942163467407,-0.2749953866004944,-0.15200520507613646,0.13735967874526978,-0.19854336977005005,-0.16065357081214415,0.09257125854492188,-0.32168811559677124,-0.05828582323709952,0.10457560420036316,-0.4434680938720703,-0.13408728889743315,0.09577640891075134,-0.3204169273376465,-0.15883503310004699,0.09392085671424866,-0.2421027421951294,-0.15865638307849395,0.01828324794769287,-0.33343374729156494,-0.07044097981969344,0.01734641194343567,-0.4285067319869995,-0.14329510382930266,0.026399970054626465,-0.2940242290496826,-0.1575060432366513,0.03638884425163269,-0.20131003856658936,-0.1478554552010678,-0.05179587006568909,-0.32552534341812134,-0.08602406285325515,-0.06902587413787842,-0.45335644483566284,-0.12654359094420897,-0.078865647315979,-0.5352641940116882,-0.1424315517357968,-0.08419695496559143,-0.6263133585453033,-0.14764795653144347,-2.0962044972956497,1.8468281265208726,1.5538400851349021,1.4346093872344754,-1.6781032141857481,0.052050418980077874,0.049596179726826194,0.04985612410496931,0.46518987610159884,0.06151707230931498,0.10100873167489628,0.4817411184838482,0.07052642857343977,0.4234899674771476,0.4417790816299317,I
0.0,0.0,0.0,0.08110171556472778,-0.008719086647033691,-0.055160520743527286,0.16433286666870117,-0.05738180875778198,-0.08856892041484343,0.15420150756835938,-0.1457890272140503,-0.1187605877927922,0.08558297157287598,-0.19321244955062866,-0.13961962811271178,0.16387611627578735,-0.29215407371520996,-0.05568810380617606,0.17379266023635864,-0.3846060037612915,-0.12083005360881316,0.14945942163467407,-0.2749953866004944,-0.15200520507613646,0.13735967874526978,-0.19854336977005005,-0.16065357081214415,0.09257125854492188,-0.32168811559677124,-0.05828582323709952,0.10457560420036316,-0.4434680938720703,-0.13408728889743315,0.09577640891075134,-0.3204169273376465,-0.15883503310004699,0.09392085671424866,-0.2421027421951294,-0.15865638307849395,0.01828324794769287,-0.33343374729156494,-0.07044097981969344,0.01734641194343567,-0.4285067319869995,-0.14329510382930266,0.026399970054626465,-0.2940242290496826,-0.1575060432366513,0.03638884425163269,-0.20131003856658936,-0.1478554552010678,-0.05179587006568909,-0.32552534341812134,-0.08602406285325515,-0.06902587413787842,-0.45335644483566284,-0.12654359094420897,-0.078865647315979,-0.5352641940116882,-0.1424315517357968,-0.08419695496559143,-0.6263133585453033,-0.14764795653144347,-2.0962044972956497,1.8468281265208726,1.5538400851349021,1.4346093872344754,-1.6781032141857481,0.052050418980077874,0.049596179726826194,0.04985612410496931,0.46518987610159884,0.06151707230931498,0.10100873167489628,0.4817411184838482,0.07052642857343977,0.4234899674771476,0.4417790816299317,I
0.0,0.0,0.0,0.0818268358707428,-0.005173802375793457,-0.0565860317973943,0.16790670156478882,-0.04984581470489502,-0.09175101760314419,0.1691502332687378,-0.13333231210708618,-0.12417741212533429,0.10335910320281982,-0.18249469995498657,-0.1472460040776582,0.1673373579978943,-0.290932297706604,-0.056781475427612804,0.1800926923751831,-0.38083356618881226,-0.1260762223927827,0.1552862524986267,-0.26901763677597046,-0.15940281841443493,0.14453890919685364,-0.192224383354187,-0.16865252051042035,0.09723895788192749,-0.3191754221916199,-0.06032532173679783,0.11466491222381592,-0.44084811210632324,-0.14170363638089611,0.10358443856239319,-0.3146098852157593,-0.16871699783490612,0.10114532709121704,-0.2338067889213562,-0.1683888593642564,0.024005889892578125,-0.3311806321144104,-0.07386420014785244,0.025660395622253418,-0.4251875877380371,-0.1507577160327287,0.03437492251396179,-0.28882908821105957,-0.16677478048490002,0.04585886001586914,-0.19344401359558105,-0.15683631691621258,-0.04482144117355347,-0.3235126733779907,-0.09096836391375973,-0.06167250871658325,-0.4517219066619873,-0.1319041559426637,-0.07243266701698303,-0.5333920121192932,-0.14874313864396527,-0.07727301120758057,-0.6225208044052124,-0.1544009307353349,-2.0236705511333866,1.7977846478348838,1.5250693893677059,1.4134501680856595,-1.678903916034648,0.0423136285463081,0.05135982163875703,0.058533455696367157,0.47565842087995563,0.06010074392810099,0.09868758586715576,0.48410281759438706,0.06845251692722869,0.42770514291376927,0.44639483657685863,I
0.0,0.0,0.0,0.08071136474609375,-0.0039882659912109375,-0.05763287631901903,0.16497153043746948,-0.04367172718048096,-0.09372564567360087,0.16304397583007812,-0.12452203035354614,-0.12646062834295435,0.09800976514816284,-0.17589950561523438,-0.14958375854524775,0.16306030750274658,-0.2868991494178772,-0.06073681054743929,0.1788603663444519,-0.3725677728652954,-0.12997324926885767,0.15854984521865845,-0.2599060535430908,-0.1629309372428338,0.14876925945281982,-0.185838520526886,-0.1720832900527398,0.09315070509910583,-0.3143053650856018,-0.06234867660435839,0.11146482825279236,-0.42272430658340454,-0.14285527331861658,0.10391992330551147,-0.2896243929862976,-0.16955973370107813,0.10226419568061829,-0.2133345603942871,-0.16955636603864832,0.01911124587059021,-0.3265514373779297,-0.07369160069259806,0.022956371307373047,-0.41780662536621094,-0.1500987873795907,0.03689733147621155,-0.28028982877731323,-0.16617417497667475,0.04944425821304321,-0.18941760063171387,-0.15676701231035395,-0.05100744962692261,-0.31920695304870605,-0.08838215632471247,-0.06779253482818604,-0.445608913898468,-0.13034583790334864,-0.07784301042556763,-0.5237546265125275,-0.14767825765642328,-0.08518370985984802,-0.6128500699996948,-0.15330328209432764,-2.0395605583506815,1.7112755208622257,1.4807815665228177,1.3531086079612071,-1.6866620966931791,0.05172340166190288,0.03767603356865168,0.05041177795654226,0.4737991610391572,0.054025486252751526,0.09938946466139356,0.4869012787345944,0.05798246940552885,0.44130415781723176,0.44431941877719183,I
0.0,0.0,0.0,0.08145859837532043,-0.0060073137283325195,-0.05816588279571988,0.1670505404472351,-0.04916584491729736,-0.09294585612383344,0.16816705465316772,-0.13248342275619507,-0.12348592010107495,0.1012931764125824,-0.18434512615203857,-0.14384845373001554,0.17029190063476562,-0.2973020076751709,-0.060428773134617586,0.1801580786705017,-0.37515681982040405,-0.12697579440441586,0.15584349632263184,-0.2579023241996765,-0.15825629708137967,0.14552557468414307,-0.1862325668334961,-0.16760182854500272,0.09751403331756592,-0.3266943097114563,-0.06244670700993993,0.11053737998008728,-0.4336302876472473,-0.14128976044025876,0.09982988238334656,-0.2961910367012024,-0.16686833378639676,0.09835302829742432,-0.22072738409042358,-0.16731915351715543,0.021250903606414795,-0.33831411600112915,-0.07419272240963437,0.02387791872024536,-0.42890405654907227,-0.15170372006264188,0.03552067279815674,-0.2860901355743408,-0.1681737351116226,0.04723343253135681,-0.19329339265823364,-0.1596394675668762,-0.05071389675140381,-0.3280622959136963,-0.08910377797451474,-0.06913506984710693,-0.4564538598060608,-0.13337079164352872,-0.07989263534545898,-0.5364530682563782,-0.15215944227543332,-0.08604311943054199,-0.6292881369590759,-0.15931848165359952,-2.0235417211494124,1.7901878063723224,1.5628789748077703,1.3935130292504119,-1.6875477763077598,0.04427264944838951,0.03650086524500819,0.05479532262857478,0.48277237970523335,0.05843921243647928,0.09854542338592301,0.4999222922747926,0.058015833676571586,0.4482452766973836,0.4559101406645936,I
0.0,0.0,0.0,0.08145859837532043,-0.0060073137283325195,-0.05816588279571988,0.1670505404472351,-0.04916584491729736,-0.09294585612383344,0.16816705465316772,-0.13248342275619507,-0.12348592010107495,0.1012931764125824,-0.18434512615203857,-0.14384845373001554,0.17029190063476562,-0.2973020076751709,-0.060428773134617586,0.1801580786705017,-0.37515681982040405,-0.12697579440441586,0.15584349632263184,-0.2579023241996765,-0.15825629708137967,0.14552557468414307,-0.1862325668334961,-0.16760182854500272,0.09751403331756592,-0.3266943097114563,-0.06244670700993993,0.11053737998008728,-0.4336302876472473,-0.14128976044025876,0.09982988238334656,-0.2961910367012024,-0.16686833378639676,0.09835302829742432,-0.22072738409042358,-0.16731915351715543,0.021250903606414795,-0.33831411600112915,-0.07419272240963437,0.02387791872024536,-0.42890405654907227,-0.15170372006264188,0.03552067279815674,-0.2860901355743408,-0.1681737351116226,0.04723343253135681,-0.19329339265823364,-0.1596394675668762,-0.05071389675140381,-0.3280622959136963,-0.08910377797451474,-0.06913506984710693,-0.4564538598060608,-0.13337079164352872,-0.07989263534545898,-0.5364530682563782,-0.15215944227543332,-0.08604311943054199,-0.6292881369590759,-0.15931848165359952,-2.0235417211494124,1.7901878063723224,1.5628789748077703,1.3935130292504119,-1.6875477763077598,0.04427264944838951,0.03650086524500819,0.05479532262857478,0.48277237970523335,0.05843921243647928,0.09854542338592301,0.4999222922747926,0.058015833676571586,0.4482452766973836,0.4559101406645936,I
0.0,0.0,0.0,0.08342668414115906,-0.012645244598388672,-0.06369706564541389,0.16661816835403442,-0.0631335973739624,-0.10166728072758247,0.16155654191970825,-0.15143191814422607,-0.13365460508461524,0.09440574049949646,-0.20425069332122803,-0.15466737323399116,0.1710129976272583,-0.3051638603210449,-0.06648007356520225,0.17509889602661133,-0.3807169795036316,-0.13028944604988624,0.15081548690795898,-0.2672765254974365,-0.157920520240026,0.14163780212402344,-0.19762271642684937,-0.1657584565221839,0.09611013531684875,-0.3355754613876343,-0.06656091236467887,0.10438302159309387,-0.4422544240951538,-0.1454449253618293,0.09494850039482117,-0.30702120065689087,-0.170027773314672,0.0952271819114685,-0.2344735860824585,-0.1699219303667121,0.017909884452819824,-0.34662044048309326,-0.07647005789871741,0.01965475082397461,-0.4359344244003296,-0.15605492466087867,0.03350105881690979,-0.29005956649780273,-0.17223920994396735,0.04539144039154053,-0.1968880295753479,-0.1636309283315711,-0.055537909269332886,-0.33353090286254883,-0.08975504660006095,-0.07632890343666077,-0.45983225107192993,-0.1365904765665107,-0.08854126930236816,-0.5397495627403259,-0.15563542717094947,-0.09709233045578003,-0.6357537508010864,-0.1629065381824546,-2.0437758451967754,1.8374446685097063,1.5795294087080431,1.3892787504882198,-1.7074355261157153,0.0476948395847552,0.030234053860674053,0.04956420515359514,0.4720872798477609,0.05926155805316551,0.0962491657704612,0.498949776514039,0.06242015051880504,0.44498602835795353,0.46141602293576606,I
0.0,0.0,0.0,0.07863366603851318,-0.005732536315917969,-0.061276575738816064,0.16460156440734863,-0.04841196537017822,-0.09951108154120902,0.16976237297058105,-0.13156867027282715,-0.13353667613330344,0.10404744744300842,-0.1843528151512146,-0.15697614308658103,0.16544824838638306,-0.29723191261291504,-0.06541446801486472,0.1796303391456604,-0.37957847118377686,-0.13558133896651725,0.1566910743713379,-0.2628821134567261,-0.16757642682853202,0.14710265398025513,-0.19014298915863037,-0.1761756783372448,0.09302958846092224,-0.32552242279052734,-0.0665262511021183,0.10879465937614441,-0.43333137035369873,-0.14890157636466483,0.09833517670631409,-0.29775547981262207,-0.17507524248424033,0.09777891635894775,-0.2252839207649231,-0.17489808257880668,0.01730993390083313,-0.3373245596885681,-0.07762477006974677,0.02150726318359375,-0.4289115071296692,-0.15676594730678062,0.03446584939956665,-0.286498486995697,-0.17279163953128318,0.04715770483016968,-0.19391298294067383,-0.16328991409602622,-0.053593993186950684,-0.3280126452445984,-0.09226850625339011,-0.07320907711982727,-0.45497018098831177,-0.13545636292758445,-0.08547323942184448,-0.5330499112606049,-0.1536100750810192,-0.09288281202316284,-0.6243640780448914,-0.16020748969378928,-1.9898555247180993,1.7404611442004527,1.5234514575658118,1.365599032372354,-1.7026027894977176,0.043442800611851955,0.041408331151018316,0.0576874303702085,0.4820699519433895,0.06056167242649195,0.10001602728427986,0.49612596981658585,0.05955369675019518,0.44228595569411644,0.45265825037987395,I
0.0,0.0,0.0,0.08180904388427734,-0.010377883911132812,-0.05812673724540218,0.16112282872200012,-0.05399221181869507,-0.09659383899816021,0.168752521276474,-0.13181495666503906,-0.1314015582884167,0.11059951782226562,-0.1789778470993042,-0.1559454546058987,0.17222639918327332,-0.29107725620269775,-0.062246193059763755,0.18583187460899353,-0.37645232677459717,-0.13279438472636684,0.1645955741405487,-0.2688215970993042,-0.16726391471274837,0.15581396222114563,-0.19276481866836548,-0.17737794376262173,0.10049158334732056,-0.32186299562454224,-0.06660256988652691,0.11540776491165161,-0.4393004775047302,-0.14687088585742458,0.1101078987121582,-0.31339573860168457,-0.1723604992712353,0.11184996366500854,-0.23887109756469727,-0.17208473838218197,0.023390591144561768,-0.3349605202674866,-0.08120988763221249,0.028734534978866577,-0.42679065465927124,-0.15987189567931637,0.040573179721832275,-0.2834816575050354,-0.17417239106544002,0.05145081877708435,-0.18838822841644287,-0.16373728669532284,-0.04898837208747864,-0.32421666383743286,-0.09944218850978359,-0.06854090094566345,-0.45487672090530396,-0.1432607815349911,-0.07956555485725403,-0.5362230539321899,-0.1594927803362225,-0.08625009655952454,-0.6309744715690613,-0.16465633071311458,-1.9549464560552843,1.7362125082429847,1.43478005199823,1.3816421034947663,-1.6916736619206412,0.04726972146464918,0.05990630239061613,0.059892602842683176,0.4930017436219816,0.06370731608465666,0.10445487184310234,0.5006223211650875,0.07871833827407838,0.43930478004065676,0.4635128096530759,I
0.0,0.0,0.0,0.08180904388427734,-0.010377883911132812,-0.05812673724540218,0.16112282872200012,-0.05399221181869507,-0.09659383899816021,0.168752521276474,-0.13181495666503906,-0.1314015582884167,0.11059951782226562,-0.1789778470993042,-0.1559454546058987,0.17222639918327332,-0.29107725620269775,-0.062246193059763755,0.18583187460899353,-0.37645232677459717,-0.13279438472636684,0.1645955741405487,-0.2688215970993042,-0.16726391471274837,0.15581396222114563,-0.19276481866836548,-0.17737794376262173,0.10049158334732056,-0.32186299562454224,-0.06660256988652691,0.11540776491165161,-0.4393004775047302,-0.14687088585742458,0.1101078987121582,-0.31339573860168457,-0.1723604992712353,0.11184996366500854,-0.23887109756469727,-0.17208473838218197,0.023390591144561768,-0.3349605202674866,-0.08120988763221249,0.028734534978866577,-0.42679065465927124,-0.15987189567931637,0.040573179721832275,-0.2834816575050354,-0.17417239106544002,0.05145081877708435,-0.18838822841644287,-0.16373728669532284,-0.04898837208747864,-0.32421666383743286,-0.09944218850978359,-0.06854090094566345,-0.45487672090530396,-0.1432607815349911,-0.07956555485725403,-0.5362230539321899,-0.1594927803362225,-0.08625009655952454,-0.6309744715690613,-0.16465633071311458,-1.9549464560552843,1.7362125082429847,1.43478005199823,1.3816421034947663,-1.6916736619206412,0.04726972146464918,0.05990630239061613,0.059892602842683176,0.4930017436219816,0.06370731608465666,0.10445487184310234,0.5006223211650875,0.07871833827407838,0.43930478004065676,0.4635128096530759,I
0.0,0.0,0.0,0.062262654304504395,0.00472414493560791,-0.058365996907241424,0.12532421946525574,-0.012951135635375977,-0.1031959093909336,0.1442466676235199,-0.045679688453674316,-0.14552006496001013,0.10234156250953674,-0.07316869497299194,-0.18037741256762274,0.1557670533657074,-0.225152850151062,-0.08069121463108786,0.17444351315498352,-0.2893517017364502,-0.15358876062441595,0.14943912625312805,-0.18207788467407227,-0.1878906376462055,0.134405255317688,-0.10546875,-0.1974061019520832,0.08939749002456665,-0.2559393048286438,-0.08398419244099387,0.11177009344100952,-0.3427259922027588,-0.16766199840117224,0.09602266550064087,-0.20963168144226074,-0.1939113475184513,0.09007412195205688,-0.12942558526992798,-0.19310595465708502,0.01608416438102722,-0.2712416648864746,-0.09579720718670615,0.03149735927581787,-0.3449166417121887,-0.17162225020933874,0.03208059072494507,-0.21058684587478638,-0.18421537054587134,0.03312692046165466,-0.11762034893035889,-0.17221036923933752,-0.05086863040924072,-0.26329177618026733,-0.110998716185577,-0.06492498517036438,-0.3867971897125244,-0.15201123429346808,-0.0765773355960846,-0.46580958366394043,-0.16725913060713538,-0.08449980616569519,-0.5496357977390289,-0.17077298832941779,-1.9353934155263726,1.747421273539292,1.5654480888452318,1.4603080863165845,-1.6877109409155553,0.04551234943664454,0.05757888331422204,0.08225944452378671,0.511791556267486,0.05039027030719161,0.10200471787018046,0.49518056528931803,0.05815795184341993,0.45503041551284135,0.4477425541831175,I
0.0,0.0,0.0,0.07044258713722229,0.008994877338409424,-0.05813377349647908,0.14588814973831177,-0.008685946464538574,-0.0996967255977097,0.15332061052322388,-0.05643665790557861,-0.1395141780284348,0.09911805391311646,-0.09219831228256226,-0.17165762185129552,0.17052853107452393,-0.2341388463973999,-0.06716700642380147,0.183338463306427,-0.303608238697052,-0.13864527641806035,0.15492001175880432,-0.19726461172103882,-0.17501209675344853,0.13793805241584778,-0.12178933620452881,-0.18676133452925114,0.1021893322467804,-0.26576948165893555,-0.07085052876743703,0.11889848113059998,-0.3616071939468384,-0.15280379354032902,0.10257050395011902,-0.23156458139419556,-0.18257969616922765,0.09869349002838135,-0.15437042713165283,-0.1854615658429566,0.02743542194366455,-0.2790631055831909,-0.08365485816273122,0.034078001976013184,-0.35368168354034424,-0.15898866950544743,0.03699153661727905,-0.22256779670715332,-0.17549625038179784,0.04292541742324829,-0.13548576831817627,-0.1671582609322968,-0.04293113946914673,-0.27146750688552856,-0.10013747214350133,-0.05121326446533203,-0.3848937749862671,-0.14076599477800755,-0.06330341100692749,-0.4613746106624603,-0.15746928750547795,-0.07117071747779846,-0.5492610931396484,-0.16337372361692815,-2.0813135535656433,1.853128630932705,1.602167287364495,1.4633259285606435,-1.672105001374401,0.04881209871028349,0.06217356447318048,0.07093247666420283,0.4877547040333287,0.051006501183528244,0.09599475538215978,0.47587664433509647,0.058878758993314476,0.4298749668123754,0.42921783214409054,I
0.0,0.0,0.0,0.07561984658241272,0.005686461925506592,-0.06011356232676235,0.15513184666633606,-0.020917236804962158,-0.10033345414313999,0.16085225343704224,-0.08702898025512695,-0.1380914021841022,0.10318583250045776,-0.13289546966552734,-0.1670693476310703,0.17594358325004578,-0.2530290484428406,-0.06503382517013279,0.19266009330749512,-0.33331936597824097,-0.13606092525634494,0.16635659337043762,-0.22758710384368896,-0.17013459099445072,0.15050345659255981,-0.1536312699317932,-0.1795800496450397,0.10791018605232239,-0.2880975604057312,-0.06598594976577488,0.12548458576202393,-0.3860384225845337,-0.1489777286163303,0.1095939576625824,-0.25575965642929077,-0.17683984531078067,0.10624602437019348,-0.1818770170211792,-0.17728330386790958,0.03425517678260803,-0.30340778827667236,-0.07664976460847583,0.043893635272979736,-0.38628560304641724,-0.15254475368175235,0.0455150306224823,-0.2526170015335083,-0.16769789351138797,0.05056476593017578,-0.16427063941955566,-0.1576847006193134,-0.036145150661468506,-0.29722338914871216,-0.0911989827266666,-0.04313802719116211,-0.41701674461364746,-0.1317396332136127,-0.05512085556983948,-0.49625658988952637,-0.14883448375377384,-0.06310293078422546,-0.5843515694141388,-0.15438232017669407,-2.0051441250280573,1.8213601650193185,1.5864620868217063,1.45410930988986,-1.6644095225094915,0.05166169724664443,0.04907704917406467,0.061264817996041915,0.4811076415886341,0.05250278597898312,0.10050342319746534,0.480778187020088,0.05839851944797054,0.4366518452220334,0.43518769861000317,I
0.0,0.0,0.0,0.07322201132774353,0.004470109939575195,-0.05697595335911387,0.14861992001533508,-0.018860697746276855,-0.09836908065150851,0.15134114027023315,-0.07783567905426025,-0.13736323647569293,0.09094062447547913,-0.11284106969833374,-0.16821290187905902,0.1684516966342926,-0.23563283681869507,-0.06959265105794543,0.18457528948783875,-0.30356425046920776,-0.14114100866387957,0.1573742926120758,-0.1978837251663208,-0.1762828790433275,0.14254030585289001,-0.12687170505523682,-0.18666708104680652,0.10188475251197815,-0.2684064507484436,-0.0726389028913843,0.12049970030784607,-0.36633533239364624,-0.15348098807405108,0.10588550567626953,-0.24286478757858276,-0.18127983443807238,0.10174506902694702,-0.16966021060943604,-0.18279376261304492,0.029849588871002197,-0.28668302297592163,-0.08453636251758212,0.04309150576591492,-0.3645346164703369,-0.1576160901076662,0.045138925313949585,-0.23279041051864624,-0.1723190211541521,0.04692482948303223,-0.14305412769317627,-0.16302066676686877,-0.03650712966918945,-0.284429132938385,-0.1000877805836069,-0.0439734160900116,-0.40482062101364136,-0.13741445176671618,-0.05187332630157471,-0.4821755886077881,-0.15253617994855517,-0.0569901168346405,-0.5648282468318939,-0.15749467544625873,-2.1212558735432245,1.8046777061152042,1.5722108960145986,1.4524672706313626,-1.6437162059496262,0.05347322551304253,0.057837278600755784,0.053387443113683875,0.475579554352083,0.059119434666161284,0.0969752036546855,0.48126741221781616,0.060935558681274836,0.4258575302638507,0.43438660619711333,I
0.0,0.0,0.0,0.07322201132774353,0.004470109939575195,-0.05697595335911387,0.14861992001533508,-0.018860697746276855,-0.09836908065150851,0.15134114027023315,-0.07783567905426025,-0.13736323647569293,0.09094062447547913,-0.11284106969833374,-0.16821290187905902,0.1684516966342926,-0.23563283681869507,-0.06959265105794543,0.18457528948783875,-0.30356425046920776,-0.14114100866387957,0.1573742926120758,-0.1978837251663208,-0.1762828790433275,0.14254030585289001,-0.12687170505523682,-0.18666708104680652,0.10188475251197815,-0.2684064507484436,-0.0726389028913843,0.12049970030784607,-0.36633533239364624,-0.15348098807405108,0.10588550567626953,-0.24286478757858276,-0.18127983443807238,0.10174506902694702,-0.16966021060943604,-0.18279376261304492,0.029849588871002197,-0.28668302297592163,-0.08453636251758212,0.04309150576591492,-0.3645346164703369,-0.1576160901076662,0.045138925313949585,-0.23279041051864624,-0.1723190211541521,0.04692482948303223,-0.14305412769317627,-0.16302066676686877,-0.03650712966918945,-0.284429132938385,-0.1000877805836069,-0.0439734160900116,-0.40482062101364136,-0.13741445176671618,-0.05187332630157471,-0.4821755886077881,-0.15253617994855517,-0.0569901168346405,-0.5648282468318939,-0.15749467544625873,-2.1212558735432245,1.8046777061152042,1.5722108960145986,1.4524672706313626,-1.6437162059496262,0.05347322551304253,0.057837278600755784,0.053387443113683875,0.475579554352083,0.059119434666161284,0.0969752036546855,0.48126741221781616,0.060935558681274836,0.4258575302638507,0.43438660619711333,I
0.0,0.0,0.0,0.05993732810020447,0.02096778154373169,-0.05971252868528154,0.12653416395187378,0.019456088542938232,-0.10499495963210848,0.15200406312942505,0.007885575294494629,-0.14856265435571459,0.12018981575965881,-0.007696330547332764,-0.18476697752828386,0.16662830114364624,-0.16895359754562378,-0.08596116254682329,0.18568181991577148,-0.22636079788208008,-0.16362172315473344,0.1651124358177185,-0.12283694744110107,-0.197322934368799,0.1518757939338684,-0.04884064197540283,-0.204771145681093,0.10291710495948792,-0.20445412397384644,-0.08886554787511614,0.12705814838409424,-0.285639226436615,-0.1781331593787172,0.11196503043174744,-0.15835243463516235,-0.20178252408857134,0.10492280125617981,-0.08371096849441528,-0.19721715102548387,0.0315626859664917,-0.2250608205795288,-0.10098373840207842,0.04290205240249634,-0.27596092224121094,-0.18401406655664232,0.038425177335739136,-0.14025777578353882,-0.19254301438684251,0.03832334280014038,-0.05726593732833862,-0.1740489150082567,-0.03383094072341919,-0.2279232144355774,-0.11673826674575594,-0.030826926231384277,-0.3385559916496277,-0.1619661594426134,-0.03085494041442871,-0.41454148292541504,-0.17522323081846025,-0.027809977531433105,-0.5019859373569489,-0.17541800389642503,-1.8003350322934628,1.6930062063049438,1.554186591532514,1.5305269104166364,-1.548830571159531,0.051931258176039836,0.07753261838784678,0.09570405065228485,0.5159710788544362,0.058485239102987537,0.11386458958017585,0.4874706505970479,0.07165771095989941,0.4388301951115429,0.449610380755967,I
0.0,0.0,0.0,0.05993732810020447,0.02096778154373169,-0.05971252868528154,0.12653416395187378,0.019456088542938232,-0.10499495963210848,0.15200406312942505,0.007885575294494629,-0.14856265435571459,0.12018981575965881,-0.007696330547332764,-0.18476697752828386,0.16662830114364624,-0.16895359754562378,-0.08596116254682329,0.18568181991577148,-0.22636079788208008,-0.16362172315473344,0.1651124358177185,-0.12283694744110107,-0.197322934368799,0.1518757939338684,-0.04884064197540283,-0.204771145681093,0.10291710495948792,-0.20445412397384644,-0.08886554787511614,0.12705814838409424,-0.285639226436615,-0.1781331593787172,0.11196503043174744,-0.15835243463516235,-0.20178252408857134,0.10492280125617981,-0.08371096849441528,-0.19721715102548387,0.0315626859664917,-0.2250608205795288,-0.10098373840207842,0.04290205240249634,-0.27596092224121094,-0.18401406655664232,0.038425177335739136,-0.14025777578353882,-0.19254301438684251,0.03832334280014038,-0.05726593732833862,-0.1740489150082567,-0.03383094072341919,-0.2279232144355774,-0.11673826674575594,-0.030826926231384277,-0.3385559916496277,-0.1619661594426134,-0.03085494041442871,-0.41454148292541504,-0.17522323081846025,-0.027809977531433105,-0.5019859373569489,-0.17541800389642503,-1.8003350322934628,1.6930062063049438,1.554186591532514,1.5305269104166364,-1.548830571159531,0.051931258176039836,0.07753261838784678,0.09570405065228485,0.5159710788544362,0.058485239102987537,0.11386458958017585,0.4874706505970479,0.07165771095989941,0.4388301951115429,0.449610380755967,I
0.0,0.0,0.0,0.04891577363014221,0.018320024013519287,-0.07550530852857662,0.10682395100593567,0.01382821798324585,-0.13470927598062588,0.12084874510765076,0.004860401153564453,-0.18956349017206264,0.09729835391044617,-0.00559544563293457,-0.23860271992269588,0.14523378014564514,-0.1579502820968628,-0.11272688927236629,0.16397526860237122,-0.18747109174728394,-0.1935270202356918,0.1552174985408783,-0.1167219877243042,-0.2314971906143768,0.14994344115257263,-0.0640174150466919,-0.2443554771143539,0.07974359393119812,-0.20191580057144165,-0.10990357371154857,0.1027965247631073,-0.26169633865356445,-0.203496060987149,0.09164506196975708,-0.14394140243530273,-0.22940511228624416,0.09090423583984375,-0.07120513916015625,-0.22676966311517788,0.008364945650100708,-0.225169837474823,-0.11581983389440609,0.03334060311317444,-0.2695379853248596,-0.2053988498646362,0.025677531957626343,-0.1422891616821289,-0.2133844715553863,0.021040678024291992,-0.059762537479400635,-0.19385861577573849,-0.05917021632194519,-0.22882425785064697,-0.12587327482286526,-0.07056483626365662,-0.3297341465950012,-0.1795637828308685,-0.08133956789970398,-0.40940573811531067,-0.19366932632509304,-0.0861072838306427,-0.4919716715812683,-0.19258832158628536,-2.026744131215269,1.5206996929672407,1.4856185941124624,1.4943123632040345,-1.6728059451896788,0.07864242952066716,0.06592053269381823,0.09353773019836023,0.5198071383916925,0.05947513044869957,0.12897296742037948,0.4887379568349113,0.0707944195814287,0.4564839021277111,0.4452925120982305,I
0.0,0.0,0.0,0.04891577363014221,0.018320024013519287,-0.07550530852857662,0.10682395100593567,0.01382821798324585,-0.13470927598062588,0.12084874510765076,0.004860401153564453,-0.18956349017206264,0.09729835391044617,-0.00559544563293457,-0.23860271992269588,0.14523378014564514,-0.1579502820968628,-0.11272688927236629,0.16397526860237122,-0.18747109174728394,-0.1935270202356918,0.1552174985408783,-0.1167219877243042,-0.2314971906143768,0.14994344115257263,-0.0640174150466919,-0.2443554771143539,0.07974359393119812,-0.20191580057144165,-0.10990357371154857,0.1027965247631073,-0.26169633865356445,-0.203496060987149,0.09164506196975708,-0.14394140243530273,-0.22940511228624416,0.09090423583984375,-0.07120513916015625,-0.22676966311517788,0.008364945650100708,-0.225169837474823,-0.11581983389440609,0.03334060311317444,-0.2695379853248596,-0.2053988498646362,0.025677531957626343,-0.1422891616821289,-0.2133844715553863,0.021040678024291992,-0.059762537479400635,-0.19385861577573849,-0.05917021632194519,-0.22882425785064697,-0.12587327482286526,-0.07056483626365662,-0.3297341465950012,-0.1795637828308685,-0.08133956789970398,-0.40940573811531067,-0.19366932632509304,-0.0861072838306427,-0.4919716715812683,-0.19258832158628536,-2.026744131215269,1.5206996929672407,1.4856185941124624,1.4943123632040345,-1.6728059451896788,0.07864242952066716,0.06592053269381823,0.09353773019836023,0.5198071383916925,0.05947513044869957,0.12897296742037948,0.4887379568349113,0.0707944195814287,0.4564839021277111,0.4452925120982305,I
0.0,0.0,0.0,0.07005879282951355,-0.004123091697692871,-0.054930227186758884,0.14602366089820862,-0.03545016050338745,-0.09336075403936661,0.14461582899093628,-0.09937161207199097,-0.12883880951650895,0.08149367570877075,-0.137836754322052,-0.15641023435838974,0.1702490746974945,-0.2598912715911865,-0.06182493114121712,0.17972806096076965,-0.32818806171417236,-0.12651939907320298,0.15260592103004456,-0.22310954332351685,-0.15851760127790726,0.1403948962688446,-0.14933228492736816,-0.16835472204931534,0.0996660590171814,-0.2934102416038513,-0.0658160097266034,0.11333063244819641,-0.3867177367210388,-0.1437106601262883,0.09870341420173645,-0.26005786657333374,-0.1710137001539067,0.09344300627708435,-0.1782885193824768,-0.17148010649927414,0.022497117519378662,-0.30935245752334595,-0.07835989662655152,0.03462839126586914,-0.39364951848983765,-0.1513911805415944,0.03804084658622742,-0.2576490640640259,-0.1650669000411824,0.0414542555809021,-0.16088706254959106,-0.1549137703443364,-0.052456438541412354,-0.2991335988044739,-0.0940324089790181,-0.07229283452033997,-0.4239044189453125,-0.13298839547880448,-0.08576896786689758,-0.4988827407360077,-0.14569908597715653,-0.0918436199426651,-0.5798465609550476,-0.14811156907327927,-2.1331678511329466,1.8345355768698548,1.6248000526045019,1.4437963051594638,-1.7101975037939454,0.060012507091140824,0.04217975577850871,0.04620034495066599,0.4747825683652375,0.055162881429613314,0.09961306774534939,0.4891597594608132,0.05482372569295684,0.4422442702935739,0.4396537102348258,I
0.0,0.0,0.0,0.07289239764213562,0.0034543275833129883,-0.06563406758073143,0.15047216415405273,-0.027266323566436768,-0.10954610578778556,0.15141719579696655,-0.09304845333099365,-0.1499757277226763,0.09267580509185791,-0.1297166347503662,-0.18108464352849296,0.17474400997161865,-0.25701814889907837,-0.06981080345872215,0.18700462579727173,-0.33392947912216187,-0.13820409350159935,0.16213539242744446,-0.22787147760391235,-0.16879365913632682,0.15419825911521912,-0.15645062923431396,-0.17640454642537406,0.10505077242851257,-0.2933872938156128,-0.06800492428305915,0.11962810158729553,-0.38461917638778687,-0.15014646522763542,0.10212785005569458,-0.2544323205947876,-0.175230960772069,0.0998263955116272,-0.180733323097229,-0.17281907372239402,0.029121190309524536,-0.3105391263961792,-0.07579305343392662,0.04285284876823425,-0.40259671211242676,-0.15001068584683708,0.03735843300819397,-0.2700977325439453,-0.15815668873551658,0.035506606101989746,-0.1789569854736328,-0.14289359323743156,-0.043752044439315796,-0.30521005392074585,-0.0882403882599192,-0.05663910508155823,-0.42992693185806274,-0.12634555570843986,-0.06621089577674866,-0.5068667531013489,-0.13812592200997642,-0.06953001022338867,-0.58701491355896,-0.1388388084626513,-2.084431030022451,1.7723212162014133,1.6171385585553484,1.5223063847606393,-1.662016985105963,0.06707994342666325,0.05151537084436277,0.07545150397767725,0.4852138109363605,0.05954786959218319,0.12080664123376648,0.4852215385133302,0.06434431354092694,0.4401662446299091,0.42135966043556516,I
0.0,0.0,0.0,0.07596957683563232,0.004342913627624512,-0.06598185680084612,0.15581023693084717,-0.023938298225402832,-0.1091572412031212,0.15608561038970947,-0.09441089630126953,-0.14904822341375734,0.09352102875709534,-0.1359460949897766,-0.1791340552943268,0.17760294675827026,-0.2638775706291199,-0.06525070897512819,0.1912657618522644,-0.3415335416793823,-0.1377626650708237,0.16473716497421265,-0.2323489785194397,-0.1723739349024811,0.15602180361747742,-0.159224271774292,-0.1816490583794632,0.10689523816108704,-0.299651563167572,-0.06381606987886812,0.12055423855781555,-0.39570820331573486,-0.151191576637558,0.10455963015556335,-0.2634536027908325,-0.1808636479752579,0.10365918278694153,-0.18723082542419434,-0.18017883531027223,0.031244754791259766,-0.31816983222961426,-0.07263960621529009,0.04142609238624573,-0.4095032215118408,-0.15186527303629305,0.040479451417922974,-0.2719193696975708,-0.16458246044092562,0.043504297733306885,-0.17894357442855835,-0.15055139295034792,-0.04029113054275513,-0.3142796754837036,-0.08592178604774858,-0.05097341537475586,-0.4405190348625183,-0.12432774088554766,-0.05932581424713135,-0.5172013342380524,-0.1368262612002411,-0.06087839603424072,-0.59979048371315,-0.13768470219545748,-2.078322176984542,1.7741612219132425,1.5995735977577357,1.4829680369035227,-1.6427785264305268,0.066694980115143,0.05227720098536051,0.06595799133080434,0.4888668523494464,0.05938190892508702,0.11423239482548243,0.4910644394691087,0.060723049370734555,0.444159978489549,0.43359874055693814,I
0.0,0.0,0.0,0.07596957683563232,0.004342913627624512,-0.06598185680084612,0.15581023693084717,-0.023938298225402832,-0.1091572412031212,0.15608561038970947,-0.09441089630126953,-0.14904822341375734,0.09352102875709534,-0.1359460949897766,-0.1791340552943268,0.17760294675827026,-0.2638775706291199,-0.06525070897512819,0.1912657618522644,-0.3415335416793823,-0.1377626650708237,0.16473716497421265,-0.2323489785194397,-0.1723739349024811,0.15602180361747742,-0.159224271774292,-0.1816490583794632,0.10689523816108704,-0.299651563167572,-0.06381606987886812,0.12055423855781555,-0.39570820331573486,-0.151191576637558,0.10455963015556335,-0.2634536027908325,-0.1808636479752579,0.10365918278694153,-0.18723082542419434,-0.18017883531027223,0.031244754791259766,-0.31816983222961426,-0.07263960621529009,0.04142609238624573,-0.4095032215118408,-0.15186527303629305,0.040479451417922974,-0.2719193696975708,-0.16458246044092562,0.043504297733306885,-0.17894357442855835,-0.15055139295034792,-0.04029113054275513,-0.3142796754837036,-0.08592178604774858,-0.05097341537475586,-0.4405190348625183,-0.12432774088554766,-0.05932581424713135,-0.5172013342380524,-0.1368262612002411,-0.06087839603424072,-0.59979048371315,-0.13768470219545748,-2.078322176984542,1.7741612219132425,1.5995735977577357,1.4829680369035227,-1.6427785264305268,0.066694980115143,0.05227720098536051,0.06595799133080434,0.4888668523494464,0.05938190892508702,0.11423239482548243,0.4910644394691087,0.060723049370734555,0.444159978489549,0.43359874055693814,I
0.0,0.0,0.0,0.06934905052185059,0.0011695027351379395,-0.0673996016090257,0.14357337355613708,-0.026236236095428467,-0.11367374208620618,0.14446499943733215,-0.089652419090271,-0.1547694682782037,0.08243539929389954,-0.12866896390914917,-0.18677212593010495,0.1702498495578766,-0.24526339769363403,-0.08102647510222027,0.17997053265571594,-0.31860435009002686,-0.14977215525559018,0.15527668595314026,-0.21329057216644287,-0.18102407750538418,0.148421972990036,-0.14500367641448975,-0.19071454104832242,0.09868088364601135,-0.2836964726448059,-0.07923235294273923,0.112627774477005,-0.3770626187324524,-0.16252078411034176,0.0975983738899231,-0.25007009506225586,-0.18892237839153836,0.09455153346061707,-0.17639082670211792,-0.18896812495640347,0.022791117429733276,-0.30282336473464966,-0.08630241748741696,0.03228512406349182,-0.4010475277900696,-0.1605298101609094,0.033468663692474365,-0.27359145879745483,-0.17086221572807858,0.036168426275253296,-0.18490755558013916,-0.15915194448879788,-0.050392091274261475,-0.2979086637496948,-0.09790137705257962,-0.0705014169216156,-0.4204961657524109,-0.1366858809893472,-0.08096465468406677,-0.49469709396362305,-0.14987111386707852,-0.08371107280254364,-0.5750021040439606,-0.15298724469593594,-2.1089036345048906,1.7851644720177553,1.6092594813514014,1.457831343811321,-1.6904663438425998,0.0679783108115212,0.04923593094049137,0.07282452873479157,0.47625405213257277,0.06234723296402929,0.11913512631677801,0.48865570569958267,0.05900103283332755,0.4366560513903707,0.4080990701292227,I
0.0,0.0,0.0,0.0710209310054779,0.0016492605209350586,-0.06627644354225026,0.14719560742378235,-0.025661230087280273,-0.11212714517236577,0.15039655566215515,-0.08736085891723633,-0.1535863851916872,0.08835887908935547,-0.13232707977294922,-0.1854453062427126,0.17755526304244995,-0.2569189667701721,-0.07411557191730367,0.18740081787109375,-0.3287898302078247,-0.1458288853776537,0.1592077612876892,-0.2188621163368225,-0.1793374096763216,0.14876294136047363,-0.1500270962715149,-0.18975135439754354,0.10409888625144958,-0.29332590103149414,-0.07423306012273656,0.11761051416397095,-0.38519489765167236,-0.16078440600753652,0.10136768221855164,-0.2514718174934387,-0.189227057040938,0.0990816056728363,-0.17831671237945557,-0.18996834510684835,0.025752663612365723,-0.3108322024345398,-0.08413190895439016,0.03401917219161987,-0.3969886898994446,-0.16320763284088002,0.03654870390892029,-0.25958120822906494,-0.17656780535102712,0.041496485471725464,-0.1697632074356079,-0.165890795530089,-0.04909434914588928,-0.3031719923019409,-0.09827710443855153,-0.06812965869903564,-0.4207186698913574,-0.14004157239318715,-0.0814669132232666,-0.49529555439949036,-0.1548766022336565,-0.08797730505466461,-0.5805420577526093,-0.15906728559852468,-2.074866005147264,1.8339109182596909,1.6143937245109519,1.4596525498220418,-1.710073117892357,0.06294395382324357,0.04722312116607201,0.059979559767879,0.48165456119897887,0.05717112466308812,0.10906698236778258,0.49131362318967764,0.05821690918797399,0.4435947075237845,0.4307002743219801,I
0.0,0.0,0.0,0.07452318072319031,0.0018510818481445312,-0.06478622736275952,0.15048277378082275,-0.03145509958267212,-0.10578205617011349,0.15053895115852356,-0.1108999252319336,-0.14192920358718197,0.08898231387138367,-0.16801828145980835,-0.1690698954635934,0.17132151126861572,-0.27251601219177246,-0.0693721565777139,0.18072110414505005,-0.35656678676605225,-0.1386106851869897,0.16003009676933289,-0.2480127215385437,-0.17263644369185727,0.15329813957214355,-0.17659103870391846,-0.18293450208247464,0.10108393430709839,-0.3097977638244629,-0.0671169850403146,0.11500263214111328,-0.4142879247665405,-0.1483169737631158,0.10195735096931458,-0.2816206216812134,-0.17590937943995755,0.10010144114494324,-0.20746749639511108,-0.17663934262336056,0.025969356298446655,-0.32529234886169434,-0.07422381074965756,0.03146904706954956,-0.4182058572769165,-0.1480476799780206,0.03328651189804077,-0.2817070484161377,-0.16025079222262661,0.03765392303466797,-0.19233191013336182,-0.1490874383026437,-0.04921227693557739,-0.3186337351799011,-0.08543904306233685,-0.06635236740112305,-0.44380879402160645,-0.12252031447232525,-0.07617068290710449,-0.5166120529174805,-0.1347565296465234,-0.07964003086090088,-0.5985955595970154,-0.1371517124945001,-1.9939365931907667,1.756521291126659,1.5803972298197961,1.483141488343907,-1.679056753600788,0.06488464843348517,0.040986284905286656,0.05679574143509425,0.462417871184775,0.06150808372165812,0.11671058157649977,0.48202490277879456,0.06425557166207466,0.4304511105606541,0.4228569787717618,I
0.0,0.0,0.0,0.07317093014717102,-0.00024586915969848633,-0.06680502689556533,0.15456649661064148,-0.04276835918426514,-0.10674139059261734,0.14923110604286194,-0.1303255558013916,-0.14168351835684234,0.08348965644836426,-0.18785077333450317,-0.1661812508769458,0.16910111904144287,-0.28749293088912964,-0.06466206855253631,0.17510223388671875,-0.3652752637863159,-0.13254059798197204,0.1527003049850464,-0.25586622953414917,-0.16449218935446197,0.14768412709236145,-0.18518143892288208,-0.17391741222814971,0.09709542989730835,-0.32398736476898193,-0.06272409803347045,0.10873574018478394,-0.4271906614303589,-0.1431428635783618,0.09658822417259216,-0.30062586069107056,-0.16861386544184143,0.0971936583518982,-0.23021084070205688,-0.16805922932104522,0.02181956171989441,-0.33626413345336914,-0.07122979260162765,0.024863213300704956,-0.4305528998374939,-0.14696688897089416,0.02754315733909607,-0.2970946431159973,-0.15809632784799987,0.03446078300476074,-0.21083152294158936,-0.1457995916076129,-0.05221742391586304,-0.32421863079071045,-0.08438093907312805,-0.06722122430801392,-0.4460982084274292,-0.1245569506950801,-0.07839012145996094,-0.5201857388019562,-0.13821931130365783,-0.08359497785568237,-0.6051898300647736,-0.14120583183245117,-2.026336704777626,1.7771479259725473,1.5697488533505375,1.470354487717734,-1.6820108605000812,0.06424994480514425,0.04452162368507859,0.05414744023176425,0.4495432830029038,0.06765304470769995,0.11609243065999596,0.4794758315235173,0.06565798965990854,0.4162856872933314,0.4116498962339257,I
0.0,0.0,0.0,0.07535934448242188,-0.00800544023513794,-0.05820761017565701,0.15579965710639954,-0.06317740678787231,-0.09181051842932675,0.14764299988746643,-0.15508991479873657,-0.12163530431752179,0.0806300938129425,-0.21925783157348633,-0.14073754243617032,0.1620631217956543,-0.29705810546875,-0.04981040351157162,0.1777254343032837,-0.38343745470046997,-0.11762981258397076,0.15534865856170654,-0.2792935371398926,-0.15114487104182217,0.14712825417518616,-0.20761638879776,-0.16060312978987668,0.08934998512268066,-0.3303453326225281,-0.05046810351376507,0.10449433326721191,-0.44385087490081787,-0.12873874001269314,0.09581294655799866,-0.32215744256973267,-0.15404968850378964,0.09835925698280334,-0.2495872974395752,-0.15296491377119992,0.015820980072021484,-0.3420112729072571,-0.0619024387753484,0.01804456114768982,-0.4404776692390442,-0.1348445057130334,0.02513006329536438,-0.30580252408981323,-0.14566066257719967,0.036858201026916504,-0.21467870473861694,-0.13326350741152737,-0.056459516286849976,-0.3310657739639282,-0.07756832383637402,-0.07229527831077576,-0.44846415519714355,-0.11395579718117688,-0.08208996057510376,-0.5197046399116516,-0.125708648488569,-0.08381065726280212,-0.6005602777004242,-0.1278407215333459,-2.0196222807359767,1.7362486545911786,1.4596968691880725,1.4070606373997654,-1.671940536258768,0.06750946986507288,0.03513117883626736,0.044010760055254394,0.4152497032349829,0.06434261619929857,0.11049597697550213,0.4557824926893444,0.07071767620652222,0.39543382572743263,0.4043087455304705,I
0.0,0.0,0.0,0.07849904894828796,-0.008794903755187988,-0.05634854292196678,0.162641704082489,-0.060664594173431396,-0.08983980422539162,0.14936918020248413,-0.1520482301712036,-0.12042891537470268,0.08081722259521484,-0.20582044124603271,-0.14123949711841988,0.16172388195991516,-0.3014286160469055,-0.04734034022015976,0.17175337672233582,-0.3879942297935486,-0.10937151616138863,0.1509595811367035,-0.28364527225494385,-0.13896183972877907,0.14223474264144897,-0.2162855863571167,-0.1463184387020533,0.0881035327911377,-0.33001846075057983,-0.048194433801597825,0.09719610214233398,-0.4346098303794861,-0.12135369633955406,0.09042671322822571,-0.3099890947341919,-0.14605894988102364,0.09153243899345398,-0.2359389066696167,-0.14503996377510475,0.012959480285644531,-0.33757156133651733,-0.058481640421575776,0.01722988486289978,-0.4271339774131775,-0.12702590530437874,0.0244140625,-0.297832727432251,-0.13502589171451973,0.03169727325439453,-0.21273821592330933,-0.12073915755075859,-0.05885624885559082,-0.3243315815925598,-0.07280227100176262,-0.07082787156105042,-0.4442891478538513,-0.10529927467626976,-0.07758961617946625,-0.5157668590545654,-0.11221764539999413,-0.0793524831533432,-0.596815288066864,-0.11017735605759071,-2.08409757458103,1.7958186124765068,1.534365572486825,1.4218061695767448,-1.6458749764509215,0.062302736944901675,0.031967762229044384,0.049604687578194896,0.42252964970523077,0.05437808928713119,0.11059437587639187,0.44034503803124825,0.06417568940125619,0.39929114599185445,0.3998090115850107,I
0.0,0.0,0.0,0.07849904894828796,-0.008794903755187988,-0.05634854292196678,0.162641704082489,-0.060664594173431396,-0.08983980422539162,0.14936918020248413,-0.1520482301712036,-0.12042891537470268,0.08081722259521484,-0.20582044124603271,-0.14123949711841988,0.16172388195991516,-0.3014286160469055,-0.04734034022015976,0.17175337672233582,-0.3879942297935486,-0.10937151616138863,0.1509595811367035,-0.28364527225494385,-0.13896183972877907,0.14223474264144897,-0.2162855863571167,-0.1463184387020533,0.0881035327911377,-0.33001846075057983,-0.048194433801597825,0.09719610214233398,-0.4346098303794861,-0.12135369633955406,0.09042671322822571,-0.3099890947341919,-0.14605894988102364,0.09153243899345398,-0.2359389066696167,-0.14503996377510475,0.012959480285644531,-0.33757156133651733,-0.058481640421575776,0.01722988486289978,-0.4271339774131775,-0.12702590530437874,0.0244140625,-0.297832727432251,-0.13502589171451973,0.03169727325439453,-0.21273821592330933,-0.12073915755075859,-0.05885624885559082,-0.3243315815925598,-0.07280227100176262,-0.07082787156105042,-0.4442891478538513,-0.10529927467626976,-0.07758961617946625,-0.5157668590545654,-0.11221764539999413,-0.0793524831533432,-0.596815288066864,-0.11017735605759071,-2.08409757458103,1.7958186124765068,1.534365572486825,1.4218061695767448,-1.6458749764509215,0.062302736944901675,0.031967762229044384,0.049604687578194896,0.42252964970523077,0.05437808928713119,0.11059437587639187,0.44034503803124825,0.06417568940125619,0.39929114599185445,0.3998090115850107,I
0.0,0.0,0.0,0.09378421306610107,-0.03277909755706787,-0.044022695879164075,0.17335250973701477,-0.10861629247665405,-0.06933146507543597,0.13948681950569153,-0.20382612943649292,-0.094323364804211,0.05726853013038635,-0.23742300271987915,-0.11065768242877994,0.15452072024345398,-0.3125443458557129,-0.02969260119897399,0.16735276579856873,-0.41437453031539917,-0.08159731120866809,0.14602351188659668,-0.3115168809890747,-0.10883838475746188,0.13655361533164978,-0.24648725986480713,-0.11795731426281009,0.08273229002952576,-0.33859360218048096,-0.0368265488843349,0.09914568066596985,-0.4756920337677002,-0.10031489075225863,0.0941806435585022,-0.36138689517974854,-0.1255549246172336,0.09471487998962402,-0.2877764105796814,-0.12865959645313296,0.013409346342086792,-0.34855812788009644,-0.05262207032245669,0.0171872079372406,-0.45566874742507935,-0.11128388137620959,0.029685169458389282,-0.3366101384162903,-0.12537290693325076,0.0404190719127655,-0.2559872269630432,-0.11941377610963855,-0.05413354933261871,-0.344282329082489,-0.0717417875031856,-0.07267756760120392,-0.46979445219039917,-0.09415029526752505,-0.0761568546295166,-0.5376973152160645,-0.1013389954070476,-0.07540944218635559,-0.6154265999794006,-0.10455143989128146,-2.3042884639547903,1.8363653729030651,1.339228304818288,1.286903864236577,-1.6491029331099836,0.07980153816162304,0.06275105418139224,0.025070593610400035,0.40061223630740567,0.05878157655061386,0.09660279402390448,0.42549333066050865,0.06291730262599782,0.36918414322599014,0.37764124185899295,I
0.0,0.0,0.0,0.09147313237190247,-0.035258471965789795,-0.040946007516623695,0.16912433505058289,-0.13636016845703125,-0.05855035110974427,0.13693886995315552,-0.24857163429260254,-0.07526353820824738,0.04569435119628906,-0.2701030969619751,-0.08356134667658921,0.14700302481651306,-0.33182185888290405,-0.019675153118015487,0.1578254997730255,-0.4369446039199829,-0.06263242736125108,0.13992002606391907,-0.34270429611206055,-0.08698894902730103,0.13129308819770813,-0.2787765860557556,-0.09662037416958924,0.07977968454360962,-0.35405516624450684,-0.02613475061619397,0.09157112240791321,-0.4855197072029114,-0.07830341234469529,0.09158110618591309,-0.3854377269744873,-0.10002815052533265,0.09345212578773499,-0.31635934114456177,-0.10326100960040208,0.011451363563537598,-0.36066561937332153,-0.041173749413729865,0.011864066123962402,-0.465887188911438,-0.09129107072615739,0.027804136276245117,-0.35452836751937866,-0.10454012527728196,0.04032185673713684,-0.27268463373184204,-0.0999144397642624,-0.053843796253204346,-0.3514799475669861,-0.05995009168648835,-0.06612728536128998,-0.46883779764175415,-0.0800925426151764,-0.06616325676441193,-0.5324053168296814,-0.08743938132786866,-0.06512579321861267,-0.6020405292510986,-0.09117619767451401,-2.3161147563748483,1.8587273154868025,1.222848699578697,1.2537227984516055,-1.6157929565694547,0.08603704544728416,0.0664864283881037,0.0059605393051129505,0.3499479437899816,0.05333293462934686,0.09117497922439945,0.3782591095360965,0.06877721684522879,0.3267425555913191,0.3458243958926,I
0.0,0.0,0.0,0.08774560689926147,-0.042347848415374756,-0.035735615473527105,0.1607927680015564,-0.1524295210838318,-0.04859294084860721,0.12936067581176758,-0.2607851028442383,-0.06091180158807674,0.042153000831604004,-0.2766988277435303,-0.06484125642134586,0.13847193121910095,-0.3213760256767273,-0.013117507044512422,0.147816002368927,-0.4315881133079529,-0.0531974965150539,0.13190829753875732,-0.3434494733810425,-0.0752387055571262,0.12606897950172424,-0.2801911234855652,-0.08296779630734363,0.07243919372558594,-0.3455958366394043,-0.019524504374999196,0.08378788828849792,-0.4807506799697876,-0.06614267913653293,0.08286771178245544,-0.394980788230896,-0.08375468937708774,0.08600768446922302,-0.33445924520492554,-0.08480472205235401,0.0070185065269470215,-0.35249125957489014,-0.034406744819420965,0.005662471055984497,-0.46271198987960815,-0.07882291166140476,0.019302666187286377,-0.3618367314338684,-0.08924612490488926,0.032965898513793945,-0.2852039933204651,-0.08358660427882114,-0.05585077404975891,-0.3428356647491455,-0.05297207547380367,-0.06857727468013763,-0.458660364151001,-0.0696304896290485,-0.06874184310436249,-0.522714376449585,-0.07568146375967899,-0.06617090106010437,-0.5892854332923889,-0.0786503785665218,-2.3330231370467196,1.8633104692174023,0.6872770680943192,1.2027466449303104,-1.6126470503390045,0.08398861592926693,0.07252240414017108,0.012519612233970662,0.33082390132758277,0.06745321634013027,0.09323793516282285,0.36399926378137476,0.07238446584415194,0.29680752690741197,0.31983374925913305,I
0.0,0.0,0.0,0.08774560689926147,-0.042347848415374756,-0.035735615473527105,0.1607927680015564,-0.1524295210838318,-0.04859294084860721,0.12936067581176758,-0.2607851028442383,-0.06091180158807674,0.042153000831604004,-0.2766988277435303,-0.06484125642134586,0.13847193121910095,-0.3213760256767273,-0.013117507044512422,0.147816002368927,-0.4315881133079529,-0.0531974965150539,0.13190829753875732,-0.3434494733810425,-0.0752387055571262,0.12606897950172424,-0.2801911234855652,-0.08296779630734363,0.07243919372558594,-0.3455958366394043,-0.019524504374999196,0.08378788828849792,-0.4807506799697876,-0.06614267913653293,0.08286771178245544,-0.394980788230896,-0.08375468937708774,0.08600768446922302,-0.33445924520492554,-0.08480472205235401,0.0070185065269470215,-0.35249125957489014,-0.034406744819420965,0.005662471055984497,-0.46271198987960815,-0.07882291166140476,0.019302666187286377,-0.3618367314338684,-0.08924612490488926,0.032965898513793945,-0.2852039933204651,-0.08358660427882114,-0.05585077404975891,-0.3428356647491455,-0.05297207547380367,-0.06857727468013763,-0.458660364151001,-0.0696304896290485,-0.06874184310436249,-0.522714376449585,-0.07568146375967899,-0.06617090106010437,-0.5892854332923889,-0.0786503785665218,-2.3330231370467196,1.8633104692174023,0.6872770680943192,1.2027466449303104,-1.6126470503390045,0.08398861592926693,0.07252240414017108,0.012519612233970662,0.33082390132758277,0.06745321634013027,0.09323793516282285,0.36399926378137476,0.07238446584415194,0.29680752690741197,0.31983374925913305,I
0.0,0.0,0.0,0.0846615731716156,-0.03644061088562012,-0.04018171141646576,0.16029202938079834,-0.13466203212738037,-0.055993530999643326,0.13446983695030212,-0.23992466926574707,-0.07012841115496826,0.05205264687538147,-0.26685523986816406,-0.07542295763991547,0.14484059810638428,-0.310585618019104,-0.018215395610553742,0.15209117531776428,-0.41249918937683105,-0.06194151947997284,0.1347222626209259,-0.32397687435150146,-0.08526639650366974,0.12836524844169617,-0.2633492946624756,-0.09269358972809982,0.07983124256134033,-0.3370184302330017,-0.022618619825465203,0.08747681975364685,-0.46294569969177246,-0.0730223954727478,0.08638867735862732,-0.37419623136520386,-0.09150072197220993,0.0915398895740509,-0.3184003233909607,-0.09186379621527863,0.01495864987373352,-0.3434476852416992,-0.035911467026693344,0.011109977960586548,-0.45081740617752075,-0.08421157310507965,0.024739056825637817,-0.34442371129989624,-0.09464641670487595,0.0393926203250885,-0.267642617225647,-0.08758756528399658,-0.048932433128356934,-0.3313128352165222,-0.05286328877113533,-0.06089875102043152,-0.44385844469070435,-0.0727976487090416,-0.062058448791503906,-0.5059028267860413,-0.0791789741327591,-0.06081947684288025,-0.571180671453476,-0.08086229125760269,-2.2568941387012256,1.9063888712721169,1.0094082229867127,1.2589845551888337,-1.6203124571815362,0.07639309399156698,0.06493179476431946,0.01268448798167272,0.32458293951200967,0.06623233968232854,0.08907615378207347,0.36131844239955907,0.07277143962632666,0.29514620258708235,0.3196526470768213,I
0.0,0.0,0.0,0.0846615731716156,-0.03644061088562012,-0.04018171141646576,0.16029202938079834,-0.13466203212738037,-0.055993530999643326,0.13446983695030212,-0.23992466926574707,-0.07012841115496826,0.05205264687538147,-0.26685523986816406,-0.07542295763991547,0.14484059810638428,-0.310585618019104,-0.018215395610553742,0.15209117531776428,-0.41249918937683105,-0.06194151947997284,0.1347222626209259,-0.32397687435150146,-0.08526639650366974,0.12836524844169617,-0.2633492946624756,-0.09269358972809982,0.07983124256134033,-0.3370184302330017,-0.022618619825465203,0.08747681975364685,-0.46294569969177246,-0.0730223954727478,0.08638867735862732,-0.37419623136520386,-0.09150072197220993,0.0915398895740509,-0.3184003233909607,-0.09186379621527863,0.01495864987373352,-0.3434476852416992,-0.035911467026693344,0.011109977960586548,-0.45081740617752075,-0.08421157310507965,0.024739056825637817,-0.34442371129989624,-0.09464641670487595,0.0393926203250885,-0.267642617225647,-0.08758756528399658,-0.048932433128356934,-0.3313128352165222,-0.05286328877113533,-0.06089875102043152,-0.44385844469070435,-0.0727976487090416,-0.062058448791503906,-0.5059028267860413,-0.0791789741327591,-0.06081947684288025,-0.571180671453476,-0.08086229125760269,-2.2568941387012256,1.9063888712721169,1.0094082229867127,1.2589845551888337,-1.6203124571815362,0.07639309399156698,0.06493179476431946,0.01268448798167272,0.32458293951200967,0.06623233968232854,0.08907615378207347,0.36131844239955907,0.07277143962632666,0.29514620258708235,0.3196526470768213,I
0.0,0.0,0.0,0.08552718162536621,-0.031487107276916504,-0.04421206505699615,0.16265112161636353,-0.12533527612686157,-0.06373862491651039,0.1337311863899231,-0.23574745655059814,-0.08051500038905601,0.049338340759277344,-0.26408684253692627,-0.08743433223767738,0.15770870447158813,-0.3105791211128235,-0.026885529399947927,0.16493147611618042,-0.40951550006866455,-0.07128472940726738,0.1418665051460266,-0.31450188159942627,-0.09370380954547386,0.13307473063468933,-0.2541040778160095,-0.10130144225163917,0.09020304679870605,-0.3383731245994568,-0.030065155939297483,0.09952360391616821,-0.4509141743183136,-0.08132335113091926,0.09209758043289185,-0.34799593687057495,-0.09782147722049217,0.0949958860874176,-0.29238414764404297,-0.0973425613503025,0.02195236086845398,-0.347969114780426,-0.04222533421321373,0.01893976330757141,-0.45303112268447876,-0.09232172684474449,0.028737902641296387,-0.3404667377471924,-0.10086421983046989,0.041229814291000366,-0.2639794945716858,-0.09316097514434318,-0.04484836757183075,-0.3387620449066162,-0.05813084484739761,-0.059801459312438965,-0.45088857412338257,-0.08063770400090675,-0.06268557906150818,-0.5119116306304932,-0.08695414231820564,-0.06257994472980499,-0.5795782804489136,-0.08849304483933906,-2.255613256181038,1.9821085537822265,1.466954062823844,1.3451821082520365,-1.6442948463700717,0.08432934590544491,0.053715443977653536,0.00810923702159393,0.3347544622892861,0.05399409364082707,0.09237430656994139,0.37975545890942813,0.060808015857931615,0.3275829854789159,0.3322334415966249,I
0.0,0.0,0.0,0.08552718162536621,-0.031487107276916504,-0.04421206505699615,0.16265112161636353,-0.12533527612686157,-0.06373862491651039,0.1337311863899231,-0.23574745655059814,-0.08051500038905601,0.049338340759277344,-0.26408684253692627,-0.08743433223767738,0.15770870447158813,-0.3105791211128235,-0.026885529399947927,0.16493147611618042,-0.40951550006866455,-0.07128472940726738,0.1418665051460266,-0.31450188159942627,-0.09370380954547386,0.13307473063468933,-0.2541040778160095,-0.10130144225163917,0.09020304679870605,-0.3383731245994568,-0.030065155939297483,0.09952360391616821,-0.4509141743183136,-0.08132335113091926,0.09209758043289185,-0.34799593687057495,-0.09782147722049217,0.0949958860874176,-0.29238414764404297,-0.0973425613503025,0.02195236086845398,-0.347969114780426,-0.04222533421321373,0.01893976330757141,-0.45303112268447876,-0.09232172684474449,0.028737902641296387,-0.3404667377471924,-0.10086421983046989,0.041229814291000366,-0.2639794945716858,-0.09316097514434318,-0.04484836757183075,-0.3387620449066162,-0.05813084484739761,-0.059801459312438965,-0.45088857412338257,-0.08063770400090675,-0.06268557906150818,-0.5119116306304932,-0.08695414231820564,-0.06257994472980499,-0.5795782804489136,-0.08849304483933906,-2.255613256181038,1.9821085537822265,1.466954062823844,1.3451821082520365,-1.6442948463700717,0.08432934590544491,0.053715443977653536,0.00810923702159393,0.3347544622892861,0.05399409364082707,0.09237430656994139,0.37975545890942813,0.060808015857931615,0.3275829854789159,0.3322334415966249,I
0.0,0.0,0.0,0.09378913044929504,-0.03646862506866455,-0.04275344955379978,0.16873878240585327,-0.13260102272033691,-0.06256083297188297,0.14630937576293945,-0.24670296907424927,-0.07852619039471165,0.06056097149848938,-0.2697339653968811,-0.08519376712496296,0.15749776363372803,-0.3111068606376648,-0.03387778523023144,0.16715401411056519,-0.41696101427078247,-0.07670497792418018,0.14657479524612427,-0.3256579637527466,-0.09963764893467442,0.13902419805526733,-0.2633642554283142,-0.10904124277288929,0.09071415662765503,-0.33660954236984253,-0.036812445992779885,0.10393300652503967,-0.4520062208175659,-0.08463444458897129,0.0976732075214386,-0.353246808052063,-0.1010228385275127,0.0999278724193573,-0.29743868112564087,-0.10252122479136005,0.02262452244758606,-0.3449997901916504,-0.047574783588004266,0.02298024296760559,-0.4534502327442169,-0.09309673207457081,0.035038501024246216,-0.3426784873008728,-0.10290454971249119,0.046934276819229126,-0.2607007622718811,-0.09883218156750218,-0.04402405023574829,-0.33343154191970825,-0.061863939190459405,-0.06744690239429474,-0.44515496492385864,-0.08345799791271702,-0.07499754428863525,-0.5074646472930908,-0.09230349111015812,-0.07915262877941132,-0.5738431513309479,-0.09728553044254795,-2.2387036124538997,1.9399943970574691,1.3397772011683036,1.2900382516845452,-1.7158880206737104,0.07872135114937957,0.04813838553301118,0.01634887049857847,0.33466742756368417,0.05186124916381933,0.09212843094861697,0.379471043122618,0.06448252365048503,0.3293467125372267,0.33757378984313996,I
0.0,0.0,0.0,0.09307381510734558,-0.03187298774719238,-0.04601021336867461,0.16790810227394104,-0.12947142124176025,-0.06600014346196303,0.14147529006004333,-0.24016731977462769,-0.08241550105168471,0.05660766363143921,-0.2644597887992859,-0.0902701638872827,0.15735232830047607,-0.3074955940246582,-0.03241263555838714,0.16439419984817505,-0.41215187311172485,-0.07731020676447997,0.14590811729431152,-0.32562416791915894,-0.10234555827929626,0.1393742561340332,-0.2591339945793152,-0.11273060219838271,0.08842658996582031,-0.3323253393173218,-0.03497075142814765,0.0970151424407959,-0.45187288522720337,-0.08678113149954925,0.09445405006408691,-0.3575172424316406,-0.10738029556824813,0.09833988547325134,-0.2931947112083435,-0.11080593096568236,0.017793715000152588,-0.3388896584510803,-0.04612248244239936,0.01613721251487732,-0.4494388699531555,-0.09765847998215804,0.031576573848724365,-0.34421443939208984,-0.11303039866044173,0.04679948091506958,-0.26092666387557983,-0.11117583739115844,-0.05007600784301758,-0.3239496946334839,-0.06092700215532432,-0.0737287849187851,-0.4321061372756958,-0.08791722583129058,-0.08316335082054138,-0.4938408136367798,-0.10043865668131957,-0.08918097615242004,-0.5579908788204193,-0.10714891033723006,-2.260309945715985,1.926708239464524,1.3226780015353423,1.214618589078209,-1.736352822681317,0.08293776533379665,0.05066827514045434,0.010425134048260714,0.3277420148516552,0.05332871639941657,0.09259213071340032,0.37623520763455315,0.06080822461386716,0.32447046695635756,0.3267075641993573,I
0.0,0.0,0.0,0.09501665830612183,-0.029614746570587158,-0.04778965259129109,0.17419284582138062,-0.13239377737045288,-0.06742237949902119,0.1495402753353119,-0.2434810996055603,-0.08343033934170307,0.05930125713348389,-0.2630223035812378,-0.09049372071558537,0.16159963607788086,-0.3128899931907654,-0.028785570284071582,0.1634972095489502,-0.4147772192955017,-0.07258236104780735,0.14507600665092468,-0.3266405463218689,-0.0974591493063599,0.14092159271240234,-0.25998300313949585,-0.1085600450091988,0.09082925319671631,-0.33810997009277344,-0.03143757278257908,0.09641784429550171,-0.45893654227256775,-0.08394632185036244,0.09426501393318176,-0.36574071645736694,-0.10423652524286808,0.09782662987709045,-0.2994910478591919,-0.10730214858585896,0.01862451434135437,-0.344351589679718,-0.04345597395831646,0.01814010739326477,-0.4587070345878601,-0.0983497246556908,0.03265959024429321,-0.3519822359085083,-0.11438642138773503,0.046794116497039795,-0.26671916246414185,-0.11212145233685078,-0.049452513456344604,-0.32770228385925293,-0.0593339807742268,-0.07251085340976715,-0.43529993295669556,-0.0913188352637917,-0.08458998799324036,-0.4993007779121399,-0.1064788072758347,-0.09434293210506439,-0.5669252574443817,-0.11440567368799748,-2.2921857241283745,1.9433792532018939,1.3915506191374858,1.2227123301692462,-1.756290097788351,0.08167690326640963,0.05304878560574817,0.01304206013250582,0.3405342012977772,0.05846418920459272,0.0943682023836454,0.3867336862950442,0.060649104644927315,0.32931777511830196,0.3317278492249294,I
0.0,0.0,0.0,0.09890273213386536,-0.03169196844100952,-0.04847445403574113,0.18001005053520203,-0.13466423749923706,-0.07058777724741105,0.15740078687667847,-0.2437877655029297,-0.09053075378177766,0.06419423222541809,-0.2630016803741455,-0.10112726007936601,0.1644406020641327,-0.3166833519935608,-0.02429014881489877,0.17068898677825928,-0.42022791504859924,-0.07113869552848939,0.1506834328174591,-0.3263359069824219,-0.09743677144287233,0.14427882432937622,-0.2548940181732178,-0.10958106135366563,0.09206977486610413,-0.33761292695999146,-0.02982059372006063,0.09616169333457947,-0.4604744017124176,-0.09210002486942415,0.09422329068183899,-0.3576825261116028,-0.11785665219066743,0.0962989330291748,-0.2807028293609619,-0.12175943022010927,0.018265217542648315,-0.3401018977165222,-0.0454360886418641,0.01825466752052307,-0.45940476655960083,-0.10839516734121446,0.035859763622283936,-0.3520294427871704,-0.12822611694572572,0.05286702513694763,-0.2663167715072632,-0.12631174986599092,-0.049754172563552856,-0.31891441345214844,-0.06501904939649705,-0.07404741644859314,-0.4217488169670105,-0.10374134843586091,-0.08498737215995789,-0.48685896396636963,-0.1230614415311635,-0.0939297080039978,-0.5565851628780365,-0.1326090699934781,-2.3049534644468683,1.886202383938452,1.4966197047716812,1.1322927792169415,-1.7545678426279052,0.08049395057283315,0.03666118504838883,0.011802349327399644,0.3334583057486923,0.054480865486001326,0.09212272426132075,0.38439673732970725,0.04575247844356491,0.335108934252959,0.325276835771978,I
0.0,0.0,0.0,0.09485110640525818,-0.030544817447662354,-0.04512151561110045,0.1758878529071808,-0.13834315538406372,-0.0626004510316136,0.15657994151115417,-0.24497228860855103,-0.07719096771805312,0.06953677535057068,-0.26512449979782104,-0.08259935907452132,0.15184912085533142,-0.31530582904815674,-0.026696617225098862,0.15339109301567078,-0.42621272802352905,-0.0717726745399716,0.14329710602760315,-0.3325347304344177,-0.09708658091156508,0.1433287262916565,-0.2644445300102234,-0.108982818642545,0.07941204309463501,-0.33535367250442505,-0.03147545687286879,0.0812324583530426,-0.4690893292427063,-0.08597152165501143,0.08644387125968933,-0.37284135818481445,-0.1084729828628781,0.09315109252929688,-0.30709606409072876,-0.11286859444706465,0.006357520818710327,-0.33399277925491333,-0.04543452940313841,-0.0002885758876800537,-0.4626257121562958,-0.10062019757359053,0.01986190676689148,-0.36326584219932556,-0.11765577129452254,0.03901350498199463,-0.2863970994949341,-0.11671108237831618,-0.061737269163131714,-0.30777037143707275,-0.0632030614408734,-0.09104344248771667,-0.40525442361831665,-0.09846622727243926,-0.10522940754890442,-0.45837467908859253,-0.11595966152279402,-0.11780494451522827,-0.5170349180698395,-0.12495043359129454,-2.2687840515267945,1.7367772583178025,1.118243809941941,0.969451861359225,-1.83257524570585,0.07379508372922726,0.048158573328236885,0.037204751468956306,0.3139359470278273,0.06585551069887775,0.10660009711001572,0.3633079935387961,0.057959688756753835,0.2976185007280183,0.27890111053867106,I
0.0,0.0,0.0,0.09487459063529968,-0.042496323585510254,-0.04650233384977298,0.16906875371932983,-0.1532495617866516,-0.0663089200557323,0.1477397084236145,-0.26070237159729004,-0.08235765692602115,0.059312403202056885,-0.2737722396850586,-0.08963628557334857,0.13621944189071655,-0.3334996700286865,-0.03317972344170528,0.13162386417388916,-0.44619256258010864,-0.07878851589570957,0.1260020136833191,-0.3549347519874573,-0.10561418232332187,0.12830060720443726,-0.2824057340621948,-0.11856633123765903,0.06259098649024963,-0.34456130862236023,-0.03769443255673366,0.059037744998931885,-0.4792553186416626,-0.09389327910552936,0.0685788094997406,-0.38152721524238586,-0.11822703179727512,0.07612422108650208,-0.3061160445213318,-0.12338179793964343,-0.010306477546691895,-0.3355931341648102,-0.050892640620574525,-0.01949864625930786,-0.4657258689403534,-0.10824366357933002,0.009649336338043213,-0.36750808358192444,-0.1278217106760593,0.03461912274360657,-0.2853684425354004,-0.128658500284061,-0.0764845609664917,-0.3020934462547302,-0.06766563352952915,-0.11643785238265991,-0.39874571561813354,-0.10637744215141254,-0.13930320739746094,-0.4558640122413635,-0.12676500973115878,-0.15926381945610046,-0.5171955823898315,-0.13789340552698093,-2.309475111996774,1.724558762813941,1.2323292730502173,0.8410324961126464,-1.9381631937689652,0.06952632247310435,0.03645214577863257,0.027280579545639415,0.327155144977232,0.057311029395715085,0.09372832107896772,0.3712405855483994,0.046401898416121426,0.31616783665841997,0.3022158467868634,I
0.0,0.0,0.0,0.08601337671279907,-0.049474358558654785,-0.04337265619228958,0.15915948152542114,-0.1605275273323059,-0.06313132771443009,0.14819788932800293,-0.27208423614501953,-0.0782178668041098,0.057761043310165405,-0.2893832325935364,-0.08442983308027863,0.11705464124679565,-0.34631815552711487,-0.03598164671252846,0.11077874898910522,-0.4542171359062195,-0.0759995383877623,0.11802369356155396,-0.37025338411331177,-0.0995344100255835,0.12812155485153198,-0.30338335037231445,-0.11155428269098877,0.048989176750183105,-0.35549554228782654,-0.03901323207806229,0.04255133867263794,-0.48929527401924133,-0.08682464339922547,0.06044653058052063,-0.3945261538028717,-0.10676204689930557,0.07135847210884094,-0.32404983043670654,-0.11156817057322144,-0.01907062530517578,-0.347109317779541,-0.04942827203463196,-0.028371751308441162,-0.4704608917236328,-0.09857181736420273,0.007573753595352173,-0.37273499369621277,-0.11488941588591217,0.03372913599014282,-0.29247307777404785,-0.11684008964489578,-0.081942617893219,-0.31506794691085815,-0.06308453061770081,-0.12339699268341064,-0.40790611505508423,-0.09821723678301453,-0.14792683720588684,-0.4682903289794922,-0.11829696872423767,-0.17230328917503357,-0.5332254767417908,-0.1307265488166678,-2.2375072934381963,1.3185267395822065,0.952485262360772,0.8024901981865115,-1.9634831374530057,0.07173984166544026,0.03723792523698308,0.0242297278704835,0.33524414553145754,0.060408202760101254,0.09502085448296296,0.3782624617410887,0.049122889221346513,0.32113160062365326,0.3168770705307774,I
0.0,0.0,0.0,0.09166067838668823,-0.04838263988494873,-0.03937877110953991,0.16198110580444336,-0.15533560514450073,-0.058282414002377436,0.14648377895355225,-0.26054537296295166,-0.07409857354875271,0.0642768144607544,-0.28370290994644165,-0.08338946245427792,0.12384223937988281,-0.3308572769165039,-0.034060565305907176,0.12528783082962036,-0.4366285800933838,-0.07409748576398556,0.13724875450134277,-0.36059918999671936,-0.10103114835735028,0.15051943063735962,-0.28904491662979126,-0.11595004193301861,0.053509801626205444,-0.34640151262283325,-0.04010652519579594,0.0538487434387207,-0.4837128818035126,-0.08803433321233456,0.07402142882347107,-0.39633917808532715,-0.11342888466830914,0.08367174863815308,-0.3204715847969055,-0.12277546666379635,-0.01535874605178833,-0.34120965003967285,-0.0525192893278188,-0.02194589376449585,-0.4663082957267761,-0.09962035856958096,0.011999249458312988,-0.37333399057388306,-0.11835399411435787,0.03596407175064087,-0.2937653660774231,-0.12252040348764126,-0.078775554895401,-0.3094579577445984,-0.06810270391221707,-0.11440449953079224,-0.40223655104637146,-0.09959664337154095,-0.1314283311367035,-0.45480412244796753,-0.11658863864656155,-0.1487937867641449,-0.512445718050003,-0.12720458350892727,-2.22138308176005,1.0028878771432446,0.7100928469060905,0.7461488392095247,-1.9029546463496951,0.08640790403886789,0.041570409211418184,0.030047702460537853,0.3126057474926569,0.07386642038675595,0.11465257473189418,0.3734920617448692,0.05467398423652788,0.3014868040033512,0.2862805662664182,I
0.0,0.0,0.0,0.09166067838668823,-0.04838263988494873,-0.03937877110953991,0.16198110580444336,-0.15533560514450073,-0.058282414002377436,0.14648377895355225,-0.26054537296295166,-0.07409857354875271,0.0642768144607544,-0.28370290994644165,-0.08338946245427792,0.12384223937988281,-0.3308572769165039,-0.034060565305907176,0.12528783082962036,-0.4366285800933838,-0.07409748576398556,0.13724875450134277,-0.36059918999671936,-0.10103114835735028,0.15051943063735962,-0.28904491662979126,-0.11595004193301861,0.053509801626205444,-0.34640151262283325,-0.04010652519579594,0.0538487434387207,-0.4837128818035126,-0.08803433321233456,0.07402142882347107,-0.39633917808532715,-0.11342888466830914,0.08367174863815308,-0.3204715847969055,-0.12277546666379635,-0.01535874605178833,-0.34120965003967285,-0.0525192893278188,-0.02194589376449585,-0.4663082957267761,-0.09962035856958096,0.011999249458312988,-0.37333399057388306,-0.11835399411435787,0.03596407175064087,-0.2937653660774231,-0.12252040348764126,-0.078775554895401,-0.3094579577445984,-0.06810270391221707,-0.11440449953079224,-0.40223655104637146,-0.09959664337154095,-0.1314283311367035,-0.45480412244796753,-0.11658863864656155,-0.1487937867641449,-0.512445718050003,-0.12720458350892727,-2.22138308176005,1.0028878771432446,0.7100928469060905,0.7461488392095247,-1.9029546463496951,0.08640790403886789,0.041570409211418184,0.030047702460537853,0.3126057474926569,0.07386642038675595,0.11465257473189418,0.3734920617448692,0.05467398423652788,0.3014868040033512,0.2862805662664182,I
0.0,0.0,0.0,0.08674323558807373,-0.05247372388839722,-0.04739566927610639,0.15588635206222534,-0.14925920963287354,-0.07355435600339177,0.14884626865386963,-0.25043970346450806,-0.09584442933856252,0.07343631982803345,-0.27977699041366577,-0.10976067593156102,0.127607524394989,-0.3411366939544678,-0.0421742353385568,0.12837320566177368,-0.45330917835235596,-0.09064623376189473,0.13591504096984863,-0.37387311458587646,-0.12079611828385595,0.14194011688232422,-0.2953270673751831,-0.13483225216923955,0.057613104581832886,-0.3531498908996582,-0.046400778347837957,0.05774602293968201,-0.49247074127197266,-0.10507300903855565,0.07675755023956299,-0.39630261063575745,-0.13268204441128972,0.08532053232192993,-0.3145284056663513,-0.139681507254231,-0.013910055160522461,-0.34751611948013306,-0.05846465786753896,-0.02121269702911377,-0.4751816689968109,-0.11635242810307744,0.016810566186904907,-0.3752203583717346,-0.13695295562802556,0.04492458701133728,-0.2875542640686035,-0.1382917355543256,-0.0810951292514801,-0.3165650963783264,-0.07407070359050039,-0.11864614486694336,-0.42365068197250366,-0.11182659527121785,-0.13993456959724426,-0.4874366521835327,-0.13131516089497808,-0.15991267561912537,-0.5539525151252747,-0.14165948739110235,-2.134209797834763,1.2675717354279912,0.9484813173121458,0.7948864853209349,-1.8913650821042,0.07024653090626304,0.03672731093702166,0.029553424399119264,0.3600332929425891,0.059786860997743656,0.09732640704038721,0.39749494407458635,0.04857403331484571,0.342729091947648,0.33604513436143413,I
0.0,0.0,0.0,0.08646875619888306,-0.052662789821624756,-0.045845886779961376,0.15559899806976318,-0.1474376916885376,-0.07175997467154005,0.14654642343521118,-0.24859094619750977,-0.09288557441347578,0.07085943222045898,-0.2753294110298157,-0.1061635893713806,0.12097597122192383,-0.3392048478126526,-0.04860665844195822,0.12289935350418091,-0.44365793466567993,-0.09427685858124235,0.13451498746871948,-0.3665901720523834,-0.12203211904877165,0.1434040069580078,-0.2930191159248352,-0.13547247470730284,0.05121034383773804,-0.350946843624115,-0.05213504852169493,0.05326563119888306,-0.4785141348838806,-0.10872974069231489,0.07310670614242554,-0.3745995759963989,-0.13423402429932096,0.08128207921981812,-0.2909722924232483,-0.1406571549307678,-0.020465314388275146,-0.3456290364265442,-0.06221492411011198,-0.027709782123565674,-0.46889203786849976,-0.11775503875130156,0.010156631469726562,-0.36574649810791016,-0.1366186869274948,0.03671997785568237,-0.2767012119293213,-0.1378754508625839,-0.0889817476272583,-0.3149651885032654,-0.07540994705074766,-0.1290873885154724,-0.42324620485305786,-0.11271159918421247,-0.15230929851531982,-0.48536068201065063,-0.13171148122662046,-0.17463696002960205,-0.5515288710594177,-0.14200128437393644,-2.1559701771535096,1.1187306581912888,1.1060227442666626,0.8782415831047945,-1.9181929206069865,0.07467021483245301,0.018797109053315893,0.0341670042882391,0.36953297596891077,0.06215563845988158,0.10792477035561683,0.4098503997584433,0.04679150154089578,0.36521813388841007,0.346701597076178,I
0.0,0.0,0.0,0.08571594953536987,-0.05265700817108154,-0.04864216363808538,0.1506425142288208,-0.1500048041343689,-0.07625016710540677,0.14273864030838013,-0.24379616975784302,-0.09956056020042325,0.0717092752456665,-0.2743586301803589,-0.11452802411100294,0.11799931526184082,-0.34000587463378906,-0.048917607877463354,0.11664122343063354,-0.44485849142074585,-0.09948097309848691,0.128434419631958,-0.3617825508117676,-0.12979502371332075,0.13670951128005981,-0.28308308124542236,-0.1444435804226103,0.0469571053981781,-0.34891146421432495,-0.05305234483262922,0.04463130235671997,-0.48378974199295044,-0.11558089545747663,0.06786519289016724,-0.37817689776420593,-0.14423134318372632,0.07802778482437134,-0.29350709915161133,-0.1519649415352049,-0.024446457624435425,-0.34072285890579224,-0.06478331378480817,-0.03630024194717407,-0.4670044183731079,-0.12508142879983808,0.005070626735687256,-0.36466968059539795,-0.1463644891121092,0.033753931522369385,-0.2797488570213318,-0.14851554623624708,-0.09050756692886353,-0.3071351647377014,-0.07997513702890302,-0.13054579496383667,-0.4116952121257782,-0.1200733422376814,-0.14903315901756287,-0.4706321656703949,-0.14124836913129712,-0.16708499193191528,-0.5370962619781494,-0.1530158757307234,-2.136374157095696,1.2532267237947219,1.0597004143787143,0.8086675259885082,-1.8922483372224852,0.06558312840139245,0.020164013172957466,0.03833617955079476,0.3550405120540326,0.059600378934439646,0.1030095551607649,0.3959972173737687,0.046362304868530727,0.345566134879723,0.32644135769274746,I
0.0,0.0,0.0,0.08571594953536987,-0.05265700817108154,-0.04864216363808538,0.1506425142288208,-0.1500048041343689,-0.07625016710540677,0.14273864030838013,-0.24379616975784302,-0.09956056020042325,0.0717092752456665,-0.2743586301803589,-0.11452802411100294,0.11799931526184082,-0.34000587463378906,-0.048917607877463354,0.11664122343063354,-0.44485849142074585,-0.09948097309848691,0.128434419631958,-0.3617825508117676,-0.12979502371332075,0.13670951128005981,-0.28308308124542236,-0.1444435804226103,0.0469571053981781,-0.34891146421432495,-0.05305234483262922,0.04463130235671997,-0.48378974199295044,-0.11558089545747663,0.06786519289016724,-0.37817689776420593,-0.14423134318372632,0.07802778482437134,-0.29350709915161133,-0.1519649415352049,-0.024446457624435425,-0.34072285890579224,-0.06478331378480817,-0.03630024194717407,-0.4670044183731079,-0.12508142879983808,0.005070626735687256,-0.36466968059539795,-0.1463644891121092,0.033753931522369385,-0.2797488570213318,-0.14851554623624708,-0.09050756692886353,-0.3071351647377014,-0.07997513702890302,-0.13054579496383667,-0.4116952121257782,-0.1200733422376814,-0.14903315901756287,-0.4706321656703949,-0.14124836913129712,-0.16708499193191528,-0.5370962619781494,-0.1530158757307234,-2.136374157095696,1.2532267237947219,1.0597004143787143,0.8086675259885082,-1.8922483372224852,0.06558312840139245,0.020164013172957466,0.03833617955079476,0.3550405120540326,0.059600378934439646,0.1030095551607649,0.3959972173737687,0.046362304868530727,0.345566134879723,0.32644135769274746,I
0.0,0.0,0.0,0.08831045031547546,-0.04787123203277588,-0.05099011557801583,0.15809282660484314,-0.15168803930282593,-0.07679273905857423,0.14679542183876038,-0.24696636199951172,-0.09872287484510758,0.07303297519683838,-0.27317583560943604,-0.11153654726847032,0.131934255361557,-0.3361387848854065,-0.04290720793112138,0.12721338868141174,-0.44317328929901123,-0.0938966942082248,0.1300894320011139,-0.3593774437904358,-0.12259166660412171,0.13895878195762634,-0.2848339080810547,-0.13691163035734513,0.056313544511795044,-0.34766995906829834,-0.04762184965117791,0.053111374378204346,-0.48534440994262695,-0.11374854269131043,0.06810405850410461,-0.38286736607551575,-0.14231204959257462,0.07948315143585205,-0.30378901958465576,-0.1492950764547191,-0.016794294118881226,-0.3396892547607422,-0.061242099578221826,-0.028767257928848267,-0.4687260389328003,-0.1264766004930339,0.005307227373123169,-0.3645398020744324,-0.14821246239050248,0.03464782238006592,-0.2817889451980591,-0.1495367583881221,-0.08281320333480835,-0.30528682470321655,-0.07868991764887193,-0.11949509382247925,-0.40092000365257263,-0.12120111259325364,-0.1373923122882843,-0.45368492603302,-0.14326171549661973,-0.1516466736793518,-0.5162692070007324,-0.15541049810751298,-2.181623898788258,1.4347250704218752,1.0849920499983137,0.8443935512982481,-1.886160397697991,0.06694865682606536,0.03128532893570062,0.039339618879096996,0.331021648587392,0.06242312774986976,0.1043553931857394,0.3715021243977163,0.04994206648263974,0.3139567264801883,0.2994772653092095,I
0.0,0.0,0.0,0.08829182386398315,-0.04746091365814209,-0.04966868246652467,0.15900135040283203,-0.15033668279647827,-0.0747707725570379,0.1487310528755188,-0.24551641941070557,-0.09610634456135614,0.07100170850753784,-0.270408034324646,-0.10886802683331354,0.12447857856750488,-0.3357369899749756,-0.04186545843936784,0.12445318698883057,-0.44075608253479004,-0.09401992867447717,0.12885141372680664,-0.3557431101799011,-0.12485457370735986,0.13667768239974976,-0.27765750885009766,-0.13984234045006616,0.050521671772003174,-0.34563755989074707,-0.046565374086874556,0.04971730709075928,-0.4816637337207794,-0.11174582849003656,0.06622594594955444,-0.37952330708503723,-0.14145832667805536,0.07732540369033813,-0.2965468764305115,-0.14903744469143732,-0.021123409271240234,-0.3362812399864197,-0.05997820357539041,-0.032188355922698975,-0.46339327096939087,-0.12381564239718301,0.0028092563152313232,-0.3616042137145996,-0.14656561027027948,0.032195836305618286,-0.27725785970687866,-0.1483988256261526,-0.08500862121582031,-0.3007528781890869,-0.0771276370690046,-0.12327814102172852,-0.3975830674171448,-0.118412108819264,-0.14185771346092224,-0.45244359970092773,-0.1404341698692022,-0.15669772028923035,-0.5145867168903351,-0.15240927944638116,-2.203259780999465,1.3637643445708516,1.0710258866694946,0.8361290448412115,-1.894276372947202,0.0660748698643113,0.026892902175115606,0.039405784158151096,0.33387162037808793,0.06228564196978036,0.10448261043195395,0.37710022079746297,0.04907895698256592,0.3198565218733265,0.3033245162776275,I
0.0,0.0,0.0,0.08836051821708679,-0.05128169059753418,-0.05095737649089749,0.15899035334587097,-0.15395110845565796,-0.07764436898714955,0.14895543456077576,-0.25008267164230347,-0.10035002825743611,0.07067897915840149,-0.27502012252807617,-0.11393488047606404,0.12574264407157898,-0.3436877131462097,-0.041246543060607266,0.12344416975975037,-0.44431403279304504,-0.0945018216777509,0.12769797444343567,-0.35612642765045166,-0.12604845909363682,0.1368739902973175,-0.27808457612991333,-0.14083152858502324,0.051673054695129395,-0.35222071409225464,-0.045454843323296856,0.050889283418655396,-0.4828282594680786,-0.11162914929873402,0.06665053963661194,-0.3761187493801117,-0.14080369321591313,0.07842761278152466,-0.2936776280403137,-0.14707358030564244,-0.021115094423294067,-0.3427456021308899,-0.05871734244710858,-0.031058520078659058,-0.4674730896949768,-0.12368771282917912,0.0046987831592559814,-0.3637610375881195,-0.1456095859218305,0.03446072340011597,-0.2793375253677368,-0.14577917603737767,-0.08670258522033691,-0.307415246963501,-0.0757579713869756,-0.12414127588272095,-0.4095296561717987,-0.11663764564282353,-0.1431308090686798,-0.46814247965812683,-0.13754625467545445,-0.15877732634544373,-0.5340385735034943,-0.14810457674748356,-2.201002156382699,1.4027200731972038,1.142131272567226,0.8511295437631272,-1.8787181515219293,0.06626590658520434,0.020202570008901577,0.03647467638585012,0.34603576994463886,0.06049067955147319,0.10242093105586376,0.39105261769244476,0.04624636100859262,0.33769744927994766,0.31970856696516725,I
0.0,0.0,0.0,0.08474099636077881,-0.0459667444229126,-0.052713256896387506,0.15469682216644287,-0.14292943477630615,-0.08006207329119341,0.14673137664794922,-0.23462748527526855,-0.10409366023625033,0.07412177324295044,-0.2683095932006836,-0.1187082721003403,0.13242536783218384,-0.33575934171676636,-0.038059756726871896,0.12648075819015503,-0.438570499420166,-0.09365732652033465,0.13030534982681274,-0.3523392677307129,-0.1256660563954224,0.14154565334320068,-0.27736568450927734,-0.14038582575405734,0.05666753649711609,-0.34806913137435913,-0.042496845693241525,0.05273038148880005,-0.4791409969329834,-0.11125778091038363,0.06719353795051575,-0.3736632466316223,-0.13975587916458743,0.0813363790512085,-0.29713839292526245,-0.14488615524853365,-0.01682204008102417,-0.3387450575828552,-0.05688306000913279,-0.027399182319641113,-0.46206796169281006,-0.12461637389744418,0.0036000609397888184,-0.3565245270729065,-0.1434216840275635,0.03280431032180786,-0.27638471126556396,-0.1406588597306122,-0.08333495259284973,-0.3019874095916748,-0.07550880742157595,-0.11656522750854492,-0.3964914083480835,-0.11830400359715121,-0.13416513800621033,-0.4498820900917053,-0.13709369731033938,-0.14754730463027954,-0.5120315551757812,-0.14505376350964205,-2.141984344327477,1.41586183008082,1.119738342014776,0.8986217417602643,-1.867482324835688,0.06802934953064382,0.02971784363860253,0.04209917189211385,0.3294504133161151,0.06337283888916387,0.10874576769052255,0.3723476993423281,0.0527833022611069,0.31395351859413084,0.2967425484501208,I
0.0,0.0,0.0,0.08524411916732788,-0.040865421295166016,-0.05270422856000323,0.16039562225341797,-0.13353705406188965,-0.07890906045821566,0.1436980962753296,-0.22217214107513428,-0.10143717984345813,0.06600672006607056,-0.2557605504989624,-0.11386568705228228,0.1391204595565796,-0.33557218313217163,-0.041946603457006404,0.12952780723571777,-0.4311218857765198,-0.09682562063125033,0.12080615758895874,-0.32400059700012207,-0.12403770397094149,0.12525928020477295,-0.25206971168518066,-0.13530027727273364,0.05995661020278931,-0.34788286685943604,-0.04695767397669215,0.05271339416503906,-0.471742182970047,-0.11832188675788302,0.05937352776527405,-0.3486863374710083,-0.14573185006764788,0.06931149959564209,-0.27223360538482666,-0.14935865859177966,-0.016858935356140137,-0.33707761764526367,-0.06146690855410952,-0.03236949443817139,-0.45414280891418457,-0.13180737058308978,-0.005419373512268066,-0.33449119329452515,-0.15038473765042681,0.021526098251342773,-0.25422990322113037,-0.14671115438130755,-0.08708581328392029,-0.29886966943740845,-0.07948065410045047,-0.11907875537872314,-0.3932097852230072,-0.12213237444547076,-0.1366516351699829,-0.4439025819301605,-0.140282972256216,-0.14955133199691772,-0.5090543627738953,-0.14786450425771136,-2.2283952887748595,1.7352935943875898,1.4477596093705105,1.1369205605442627,-1.85967633996894,0.05936739992740007,0.016801282838276706,0.04450694999788204,0.3326004046088322,0.05947046968217136,0.10375567196859861,0.37624723716441616,0.051064448231963155,0.3224670683698497,0.306925059789368,I
0.0,0.0,0.0,0.08191528916358948,-0.03620177507400513,-0.05512281347711223,0.15261924266815186,-0.12453800439834595,-0.0838723800023331,0.13524216413497925,-0.20914340019226074,-0.10845898304779666,0.06506824493408203,-0.24662411212921143,-0.12309121553499835,0.13494986295700073,-0.32921046018600464,-0.05055927698214191,0.12761330604553223,-0.425437331199646,-0.10901458774407047,0.12363076210021973,-0.3195451498031616,-0.13715227906305927,0.13064861297607422,-0.24642246961593628,-0.14842518632013935,0.056537091732025146,-0.3426693081855774,-0.05430993278224605,0.05047762393951416,-0.4607405364513397,-0.12907055978377002,0.05859065055847168,-0.3323761820793152,-0.15603640143473285,0.0710245668888092,-0.2549111247062683,-0.1588208622177376,-0.020934104919433594,-0.3328095078468323,-0.06747027699549335,-0.0351337194442749,-0.4503178000450134,-0.13951606516440052,-0.009740829467773438,-0.330965518951416,-0.1558035111864342,0.017338424921035767,-0.2514117956161499,-0.15021655921538013,-0.0925830602645874,-0.29536664485931396,-0.08434207950432437,-0.12337309122085571,-0.3896348476409912,-0.12877502505381244,-0.13989746570587158,-0.4380151033401489,-0.14617317382891315,-0.15185481309890747,-0.4998474419116974,-0.1523630416830315,-2.192923344480166,1.6227046537700585,1.4071878999225231,1.131278424205068,-1.8529288858720643,0.06558067804030628,0.010205505802294363,0.04796934053798212,0.33343315349933844,0.06022527822317571,0.11341998100425069,0.3795160106335567,0.05380006638903779,0.3311631282462883,0.30057714840280114,I
0.0,0.0,0.0,0.0842161774635315,-0.03784918785095215,-0.06247604095304027,0.15335893630981445,-0.12886476516723633,-0.09472789072358623,0.12966668605804443,-0.21473097801208496,-0.1209609677728416,0.05562528967857361,-0.24489277601242065,-0.13628075473868861,0.13629955053329468,-0.32936155796051025,-0.056347781949877884,0.13010132312774658,-0.4237094223499298,-0.1165041794713737,0.1287020444869995,-0.321020245552063,-0.14585999601447597,0.13652127981185913,-0.25013095140457153,-0.15742738001906886,0.05715674161911011,-0.34317857027053833,-0.05616115235650554,0.051016807556152344,-0.45925086736679077,-0.1324064975317718,0.061931490898132324,-0.3338437080383301,-0.15992590241992488,0.07549270987510681,-0.2580392360687256,-0.16270352356994167,-0.0197332501411438,-0.33500075340270996,-0.06612760775649562,-0.03476110100746155,-0.4491100311279297,-0.1388735418852569,-0.006413787603378296,-0.3295682668685913,-0.15641603820884242,0.022156953811645508,-0.2496662735939026,-0.15118854694926753,-0.09024906158447266,-0.30014294385910034,-0.08055579864346996,-0.12297409772872925,-0.3983331620693207,-0.12419996612632289,-0.13982385396957397,-0.4516536593437195,-0.14219331198298946,-0.15180611610412598,-0.5193107724189758,-0.14888928287589565,-2.2708195248600083,1.5679978034797164,1.3586720431139903,1.114459831497262,-1.8446090037553866,0.08106540384827281,0.023823177732570366,0.03380703750496219,0.3439956756367369,0.06153882770133311,0.11436527002088906,0.3944495700048866,0.05398897457320192,0.3463056049190623,0.32089142313428154,I
0.0,0.0,0.0,0.08645451068878174,-0.03747713565826416,-0.06562856377311732,0.1549833118915558,-0.1282283067703247,-0.10022145302244212,0.12927785515785217,-0.21743440628051758,-0.12794322313018824,0.054061949253082275,-0.24978381395339966,-0.1441430950278857,0.13809308409690857,-0.3394947052001953,-0.06273215056606318,0.12748321890830994,-0.421551376581192,-0.12189003617712046,0.12583968043327332,-0.31200748682022095,-0.14988034011074092,0.1344178020954132,-0.23976784944534302,-0.1610946261996844,0.057110369205474854,-0.3493485450744629,-0.061869760763130444,0.045764654874801636,-0.4616137146949768,-0.13872729779430415,0.06032875180244446,-0.33566296100616455,-0.16658467591949488,0.07494202256202698,-0.25602400302886963,-0.17011713029094722,-0.021170049905776978,-0.33819037675857544,-0.07095710725732829,-0.03941658139228821,-0.45162394642829895,-0.14513594449707057,-0.006925523281097412,-0.3284682035446167,-0.16382289470382716,0.023206442594528198,-0.24215799570083618,-0.15977018119045283,-0.09271517395973206,-0.2998468279838562,-0.08461820871778514,-0.12833496928215027,-0.4004926085472107,-0.13054198564239528,-0.14644065499305725,-0.45962199568748474,-0.15059620679565455,-0.1604696810245514,-0.530603289604187,-0.1590116971845248,-2.263711695998579,1.607633139016439,1.382000488342058,1.1379263307224383,-1.8563888627017793,0.08097766748335614,0.021792600145107047,0.03178388577844448,0.3533884524066434,0.0616573667977734,0.11123704095829651,0.4141785616774677,0.053561519711398574,0.36168004479338545,0.34196141004903147,I
0.0,0.0,0.0,0.08763694763183594,-0.040793418884277344,-0.05891890906593744,0.15885001420974731,-0.13371890783309937,-0.08890266054174845,0.13028407096862793,-0.22494566440582275,-0.11339622818729822,0.05075269937515259,-0.2530617117881775,-0.12680083596012537,0.13670134544372559,-0.34277355670928955,-0.054359746061777514,0.12719124555587769,-0.43312710523605347,-0.111196600728249,0.12499207258224487,-0.32372498512268066,-0.13760367118618433,0.1329837441444397,-0.2521941065788269,-0.14770487033626978,0.056203246116638184,-0.35205167531967163,-0.05628085591695253,0.04573574662208557,-0.4718368649482727,-0.12915417634746973,0.06088486313819885,-0.3498743176460266,-0.15491874598762934,0.07583940029144287,-0.27237963676452637,-0.1578555115391964,-0.022055447101593018,-0.3410237431526184,-0.0679095917274708,-0.04222750663757324,-0.45626330375671387,-0.13905151271126215,-0.008998394012451172,-0.33350706100463867,-0.1562458732058758,0.022062093019485474,-0.2481985092163086,-0.15186530434391443,-0.09476768970489502,-0.3045797348022461,-0.08369134449264948,-0.13055723905563354,-0.40809786319732666,-0.1271051772763485,-0.14888474345207214,-0.4661450982093811,-0.14502787672779505,-0.16336795687675476,-0.5357700288295746,-0.15257078491947595,-2.3067909869178638,1.6118157411414822,1.3291500215706542,1.1271234011538256,-1.8592471331406428,0.08223562161647344,0.031662671843280116,0.02909985622491765,0.3546429866191161,0.06060471651008129,0.11099359209688378,0.410170250479624,0.05896376605107325,0.35580143107578066,0.342172006887187,I
0.0,0.0,0.0,0.08564591407775879,-0.036836981773376465,-0.05805650638133386,0.16203105449676514,-0.12868446111679077,-0.08632457913547853,0.13942939043045044,-0.22020858526229858,-0.10980799706369737,0.060861408710479736,-0.2513335943222046,-0.12263905169159273,0.13750874996185303,-0.3360346555709839,-0.050056870148480925,0.13122642040252686,-0.435655415058136,-0.10762128891140321,0.1268237829208374,-0.3295009732246399,-0.13457637192398408,0.1361790895462036,-0.25695109367370605,-0.14504980208069185,0.05752667784690857,-0.34856027364730835,-0.05219959752351144,0.05116504430770874,-0.475980669260025,-0.1271847552219043,0.0593753457069397,-0.35471463203430176,-0.15351980091720918,0.07216504216194153,-0.273368775844574,-0.15557422401100496,-0.01906198263168335,-0.3390084505081177,-0.06433233530908922,-0.03716987371444702,-0.45882880687713623,-0.13652323843628267,-0.010452806949615479,-0.34058815240859985,-0.15391314686924318,0.019337356090545654,-0.2564030885696411,-0.14871024252563814,-0.08885779976844788,-0.3032740354537964,-0.08071803213745454,-0.12185627222061157,-0.40401849150657654,-0.12386654974609712,-0.1407533884048462,-0.45976462960243225,-0.1419323003450046,-0.15392905473709106,-0.5255070924758911,-0.14929107488781312,-2.260519282630438,1.5876081029909297,1.3785202753586752,1.1356596419073752,-1.8556404655584184,0.07552687829796811,0.024765325637446708,0.04183236447904716,0.3482901811390206,0.06608584228394299,0.11684301856130344,0.39532905265378127,0.055485123775375796,0.338662474104031,0.3200597038670542,I
0.0,0.0,0.0,0.08564591407775879,-0.036836981773376465,-0.05805650638133386,0.16203105449676514,-0.12868446111679077,-0.08632457913547853,0.13942939043045044,-0.22020858526229858,-0.10980799706369737,0.060861408710479736,-0.2513335943222046,-0.12263905169159273,0.13750874996185303,-0.3360346555709839,-0.050056870148480925,0.13122642040252686,-0.435655415058136,-0.10762128891140321,0.1268237829208374,-0.3295009732246399,-0.13457637192398408,0.1361790895462036,-0.25695109367370605,-0.14504980208069185,0.05752667784690857,-0.34856027364730835,-0.05219959752351144,0.05116504430770874,-0.475980669260025,-0.1271847552219043,0.0593753457069397,-0.35471463203430176,-0.15351980091720918,0.07216504216194153,-0.273368775844574,-0.15557422401100496,-0.01906198263168335,-0.3390084505081177,-0.06433233530908922,-0.03716987371444702,-0.45882880687713623,-0.13652323843628267,-0.010452806949615479,-0.34058815240859985,-0.15391314686924318,0.019337356090545654,-0.2564030885696411,-0.14871024252563814,-0.08885779976844788,-0.3032740354537964,-0.08071803213745454,-0.12185627222061157,-0.40401849150657654,-0.12386654974609712,-0.1407533884048462,-0.45976462960243225,-0.1419323003450046,-0.15392905473709106,-0.5255070924758911,-0.14929107488781312,-2.260519282630438,1.5876081029909297,1.3785202753586752,1.1356596419073752,-1.8556404655584184,0.07552687829796811,0.024765325637446708,0.04183236447904716,0.3482901811390206,0.06608584228394299,0.11684301856130344,0.39532905265378127,0.055485123775375796,0.338662474104031,0.3200597038670542,I
0.0,0.0,0.0,0.08428972959518433,-0.03302890062332153,-0.057281657793083696,0.16320955753326416,-0.12317061424255371,-0.08515599716500333,0.14504289627075195,-0.21548038721084595,-0.10838070113257459,0.06778624653816223,-0.2498002052307129,-0.12091474581555417,0.14006322622299194,-0.33357471227645874,-0.050268958993711976,0.13547515869140625,-0.4367193877696991,-0.10845755387143186,0.1305972933769226,-0.3299492597579956,-0.13651719290808728,0.13854175806045532,-0.2576468586921692,-0.14727004963950208,0.06042569875717163,-0.3461548686027527,-0.052679508664169816,0.05652475357055664,-0.4755879044532776,-0.1268409003694444,0.06529021263122559,-0.3543012738227844,-0.15395466584757855,0.07769185304641724,-0.27463632822036743,-0.15693884689406445,-0.01635923981666565,-0.3385004997253418,-0.06489317465619138,-0.03279200196266174,-0.4594688415527344,-0.13558983404234937,-0.005854249000549316,-0.3408252000808716,-0.15337612826422742,0.023775726556777954,-0.2563849687576294,-0.14893211025790265,-0.08693218231201172,-0.30597400665283203,-0.08133157689169934,-0.11860650777816772,-0.41033318638801575,-0.12269209671811154,-0.13773778080940247,-0.467564195394516,-0.14013512034014752,-0.15131154656410217,-0.534328818321228,-0.14748502869204572,-2.2165735386875713,1.5908319856318598,1.333907157774248,1.116179318746871,-1.8455909486700488,0.07118927153248258,0.026738624599138054,0.04450039302901981,0.3591105325794479,0.0631771558007088,0.11477296873963816,0.40070917756641494,0.05692153211118671,0.34624087922710806,0.32849404365853885,I
0.0,0.0,0.0,0.0867263674736023,-0.03649801015853882,-0.06762554046814273,0.16393756866455078,-0.12625044584274292,-0.1035881742567284,0.14835333824157715,-0.21897071599960327,-0.13339978751842807,0.07070675492286682,-0.24901258945465088,-0.15171091553871463,0.14689010381698608,-0.3423093557357788,-0.06133795452420543,0.14172428846359253,-0.4409790337085724,-0.12662707564537357,0.1355738639831543,-0.33159172534942627,-0.15943382975761722,0.1447320580482483,-0.2549166679382324,-0.1722251206368668,0.0676950216293335,-0.3532256484031677,-0.06158160341088603,0.06386518478393555,-0.48285189270973206,-0.14404243526165317,0.07190832495689392,-0.35917192697525024,-0.17518055734340976,0.08490309119224548,-0.2776641249656677,-0.17893185016815494,-0.010467559099197388,-0.34587711095809937,-0.07276021984522174,-0.024680733680725098,-0.469337522983551,-0.15254135725204776,0.003103494644165039,-0.34548401832580566,-0.1738044798106415,0.03183406591415405,-0.25477367639541626,-0.16906802651588748,-0.0815618634223938,-0.3124338388442993,-0.0887886017293198,-0.11571544408798218,-0.4239793121814728,-0.1365887850255234,-0.13608956336975098,-0.4868418574333191,-0.1577203154296143,-0.15166279673576355,-0.5586726665496826,-0.1662720024317963,-2.220313422927357,1.5954849745666069,1.3468793711306646,1.1360935876207263,-1.848145748816905,0.07426037735929505,0.031975716576995356,0.0392972781946429,0.38123166297064215,0.0640074376636942,0.1128980826874014,0.4244026586095742,0.05779527731323758,0.367327129102034,0.35500097861716606,I
0.0,0.0,0.0,0.0867263674736023,-0.03649801015853882,-0.06762554046814273,0.16393756866455078,-0.12625044584274292,-0.1035881742567284,0.14835333824157715,-0.21897071599960327,-0.13339978751842807,0.07070675492286682,-0.24901258945465088,-0.15171091553871463,0.14689010381698608,-0.3423093557357788,-0.06133795452420543,0.14172428846359253,-0.4409790337085724,-0.12662707564537357,0.1355738639831543,-0.33159172534942627,-0.15943382975761722,0.1447320580482483,-0.2549166679382324,-0.1722251206368668,0.0676950216293335,-0.3532256484031677,-0.06158160341088603,0.06386518478393555,-0.48285189270973206,-0.14404243526165317,0.07190832495689392,-0.35917192697525024,-0.17518055734340976,0.08490309119224548,-0.2776641249656677,-0.17893185016815494,-0.010467559099197388,-0.34587711095809937,-0.07276021984522174,-0.024680733680725098,-0.469337522983551,-0.15254135725204776,0.003103494644165039,-0.34548401832580566,-0.1738044798106415,0.03183406591415405,-0.25477367639541626,-0.16906802651588748,-0.0815618634223938,-0.3124338388442993,-0.0887886017293198,-0.11571544408798218,-0.4239793121814728,-0.1365887850255234,-0.13608956336975098,-0.4868418574333191,-0.1577203154296143,-0.15166279673576355,-0.5586726665496826,-0.1662720024317963,-2.220313422927357,1.5954849745666069,1.3468793711306646,1.1360935876207263,-1.848145748816905,0.07426037735929505,0.031975716576995356,0.0392972781946429,0.38123166297064215,0.0640074376636942,0.1128980826874014,0.4244026586095742,0.05779527731323758,0.367327129102034,0.35500097861716606,I
0.0,0.0,0.0,0.08615827560424805,-0.03359103202819824,-0.06408885951407228,0.16493427753448486,-0.11933839321136475,-0.09911541725762163,0.15492594242095947,-0.2128438949584961,-0.12820442850954805,0.0785720944404602,-0.2471955418586731,-0.14626456137068544,0.15067929029464722,-0.34689587354660034,-0.06282509948380266,0.1489977240562439,-0.44402432441711426,-0.1263010584867743,0.1439533829689026,-0.3331257104873657,-0.15823186273939882,0.14929968118667603,-0.2570662498474121,-0.17027268643744264,0.07266011834144592,-0.35942965745925903,-0.06368502314455782,0.06979864835739136,-0.48632705211639404,-0.1425737076557425,0.07935225963592529,-0.361041784286499,-0.17213686640627657,0.0893816351890564,-0.2794223427772522,-0.1760035389221457,-0.005480527877807617,-0.35388410091400146,-0.0746048026836661,-0.016974836587905884,-0.47706061601638794,-0.1501072281158713,0.011961489915847778,-0.34969788789749146,-0.16980550523169313,0.03771352767944336,-0.2556954622268677,-0.16543463702566896,-0.07755094766616821,-0.3219539523124695,-0.09006965990431581,-0.11164534091949463,-0.43828052282333374,-0.1353740179098395,-0.13203608989715576,-0.5031488537788391,-0.15584664876826082,-0.1485249400138855,-0.5766448974609375,-0.16457312639124666,-2.164860832315296,1.586153183441795,1.364762230384172,1.1563657825965197,-1.8425686240252983,0.07141304084789024,0.03399136461869827,0.04173333348811379,0.4001374026065366,0.063952850814178,0.1115945729560373,0.4368409516102489,0.05685559070379224,0.3807108949550687,0.3710704876783217,I
0.0,0.0,0.0,0.0884992778301239,-0.03729015588760376,-0.06597691995074229,0.1668066680431366,-0.12437516450881958,-0.10212491673399882,0.15792909264564514,-0.2193925976753235,-0.13125360232760386,0.07894977927207947,-0.24889755249023438,-0.14850649458338694,0.15480223298072815,-0.35105299949645996,-0.06777756881882624,0.1511910855770111,-0.4442397356033325,-0.1298087410347648,0.14558669924736023,-0.3311450481414795,-0.15799448114802317,0.15108999609947205,-0.2568196654319763,-0.1676745138781257,0.07574573159217834,-0.36513733863830566,-0.06738532555272059,0.0739862322807312,-0.48535826802253723,-0.14618838054110483,0.0822950005531311,-0.3562248945236206,-0.17208427411486582,0.09062173962593079,-0.2772154211997986,-0.1735123268978782,-0.00312921404838562,-0.36201488971710205,-0.07698629272152857,-0.013524085283279419,-0.47946780920028687,-0.15294136327673868,0.015597790479660034,-0.3465437889099121,-0.17068515938689188,0.04114776849746704,-0.25312525033950806,-0.1653879157917686,-0.07653221487998962,-0.3328685164451599,-0.09117916447092966,-0.11500608921051025,-0.4479643702507019,-0.13719853979517893,-0.13829845190048218,-0.5137340724468231,-0.15809376758505778,-0.1565224826335907,-0.5929179191589355,-0.16757107001711802,-2.185238051804464,1.610170061902886,1.4031880077963477,1.1845939265154577,-1.8692076699446423,0.07257389859560344,0.030629011521007214,0.038037684573442,0.41688991209891385,0.06381533431935164,0.11000428224831309,0.4556176831847184,0.05502735820751397,0.4009343260608932,0.39310632908367754,I
0.0,0.0,0.0,0.0868874192237854,-0.02864515781402588,-0.06430440004081106,0.1633777618408203,-0.11323076486587524,-0.09945603068084097,0.15308284759521484,-0.204767107963562,-0.12829063440770483,0.0764516294002533,-0.2376474142074585,-0.14619053508252478,0.14989489316940308,-0.3372107148170471,-0.0669835692188201,0.14559876918792725,-0.4278377890586853,-0.13105143214673376,0.1414330005645752,-0.3167710304260254,-0.16108539308518743,0.15028905868530273,-0.24208712577819824,-0.17152846957654333,0.0722983181476593,-0.34989267587661743,-0.06724253649920797,0.06936091184616089,-0.47356146574020386,-0.14755852128476477,0.07832413911819458,-0.34779906272888184,-0.1743659486910758,0.08883625268936157,-0.26564180850982666,-0.17561649884194708,-0.004726797342300415,-0.3455449938774109,-0.07746666277856207,-0.015289634466171265,-0.46172618865966797,-0.15475739146680212,0.012699991464614868,-0.3312768340110779,-0.17301962877721166,0.03795817494392395,-0.23570913076400757,-0.16699853147477484,-0.0753890872001648,-0.31577008962631226,-0.09202630425900793,-0.10993993282318115,-0.428336501121521,-0.1386393418452201,-0.1311112642288208,-0.4938601851463318,-0.15924985314816809,-0.14845910668373108,-0.5676516890525818,-0.16775448228329992,-2.180628856880408,1.566652630537108,1.3769668144579672,1.2001342019631251,-1.8531429401191468,0.07397078478869909,0.030611517544375126,0.038542223323112246,0.3993590622759115,0.06581238822108233,0.11251180499183273,0.4418628194037191,0.0590300261909636,0.3840820947733107,0.3807062711495674,I
0.0,0.0,0.0,0.09165868163108826,-0.02924799919128418,-0.061035690972573775,0.1686413586139679,-0.11752492189407349,-0.09441571138239624,0.15059605240821838,-0.2063726782798767,-0.12161362371779205,0.06647971272468567,-0.22812408208847046,-0.13751877299881698,0.15465667843818665,-0.33640289306640625,-0.06675116918421509,0.14869925379753113,-0.43018829822540283,-0.12766359202004196,0.14339116215705872,-0.315534770488739,-0.15423108092880966,0.14933672547340393,-0.23891699314117432,-0.16320795766449692,0.07684892416000366,-0.3480261564254761,-0.06899403236246826,0.07417032122612,-0.4749774932861328,-0.14784573964215042,0.08586207032203674,-0.34704840183258057,-0.17298006466961624,0.09567955136299133,-0.26291537284851074,-0.1738721971902919,-0.0009397566318511963,-0.34363847970962524,-0.08083453975058319,-0.011185258626937866,-0.4602492153644562,-0.15723321787453415,0.018803685903549194,-0.32589972019195557,-0.1759461855087352,0.04342004656791687,-0.22752195596694946,-0.17106694928742172,-0.072957843542099,-0.31593847274780273,-0.09661400518751861,-0.10662588477134705,-0.43245023488998413,-0.14374896339512588,-0.12498870491981506,-0.5043250918388367,-0.16554298452473404,-0.14105382561683655,-0.584862232208252,-0.17591797761059524,-2.316557982866402,1.6253137632304673,1.3530555392025507,1.205878103968681,-1.81880015642757,0.08355699546197695,0.045420969708415,0.023067526072985074,0.4127133112554474,0.05877937190964726,0.10652788246543725,0.45166888380280423,0.0631169533483548,0.39961540514333815,0.4021475880109778,I
0.0,0.0,0.0,0.09338963031768799,-0.036080002784729004,-0.06440089180335917,0.17089128494262695,-0.12253141403198242,-0.1013244195209495,0.15275847911834717,-0.21004348993301392,-0.13191985621318736,0.06676435470581055,-0.2254657745361328,-0.15058454408512034,0.15651798248291016,-0.35371553897857666,-0.06646140947208323,0.15192186832427979,-0.44024938344955444,-0.12874346508846202,0.14483320713043213,-0.3224719762802124,-0.15712032749519267,0.14653831720352173,-0.2449500560760498,-0.1675293995367042,0.07750365138053894,-0.3616916537284851,-0.06875849052534022,0.07375088334083557,-0.4777924418449402,-0.1476912601219169,0.08543458580970764,-0.3439210057258606,-0.17386480703220286,0.09564226865768433,-0.262576162815094,-0.17624064817294993,-0.0012449324131011963,-0.35362768173217773,-0.08135202064380564,-0.014982163906097412,-0.4623015522956848,-0.15887027516231456,0.01682177186012268,-0.32628965377807617,-0.17792057528362193,0.04174083471298218,-0.23118501901626587,-0.17342914178237834,-0.07414647936820984,-0.3215392231941223,-0.09833554460868754,-0.10768154263496399,-0.43821579217910767,-0.14561353161201396,-0.12327870726585388,-0.5081698298454285,-0.16653246714935221,-0.13724052906036377,-0.5909208655357361,-0.17640046312675395,-2.361953927613402,1.662294107690342,1.3897943556788457,1.233169893890003,-1.800867155110702,0.0821189522565466,0.047022492835100585,0.025668780848630376,0.4185396231397675,0.053861743346798725,0.10569762807940473,0.44746646196676293,0.0623760249638737,0.40254768820313963,0.4018012043899901,I
0.0,0.0,0.0,0.09495055675506592,-0.038113534450531006,-0.061196568989203115,0.17456912994384766,-0.12737244367599487,-0.0956136655146338,0.15703517198562622,-0.22090667486190796,-0.12368047200982346,0.06847086548805237,-0.2407020926475525,-0.13994220607821717,0.16082102060317993,-0.3532710671424866,-0.06571009718720688,0.15611445903778076,-0.4485434293746948,-0.1260779570872046,0.1470981240272522,-0.3297876715660095,-0.1526500653559424,0.14686346054077148,-0.2518031597137451,-0.1615909557873465,0.08155089616775513,-0.36383336782455444,-0.06825910472218766,0.0801381766796112,-0.48652100563049316,-0.1444979529911734,0.08933159708976746,-0.3489922285079956,-0.16787893288676514,0.09597122669219971,-0.2662174701690674,-0.1686889600092627,0.002663731575012207,-0.36070770025253296,-0.08063331955020203,-0.007686972618103027,-0.4719446301460266,-0.1553563844496466,0.023514628410339355,-0.3348712921142578,-0.17329110913817658,0.04690587520599365,-0.24102073907852173,-0.16898675971572175,-0.07080113887786865,-0.335579514503479,-0.09705107622687592,-0.10545361042022705,-0.4594590663909912,-0.1426121663386084,-0.12276262044906616,-0.5307124257087708,-0.16317269914691224,-0.13804912567138672,-0.6180704534053802,-0.17361871116702332,-2.3232507859504588,1.7074948423474778,1.424131836192589,1.2167253380443939,-1.8045001091012511,0.07917469702567675,0.03751405545157707,0.021567344329176372,0.43018296857214705,0.05289415669050909,0.10053745302480208,0.46403330937584103,0.055156903231728054,0.422570759912077,0.4199700458646038,I
0.0,0.0,0.0,0.09495055675506592,-0.038113534450531006,-0.061196568989203115,0.17456912994384766,-0.12737244367599487,-0.0956136655146338,0.15703517198562622,-0.22090667486190796,-0.12368047200982346,0.06847086548805237,-0.2407020926475525,-0.13994220607821717,0.16082102060317993,-0.3532710671424866,-0.06571009718720688,0.15611445903778076,-0.4485434293746948,-0.1260779570872046,0.1470981240272522,-0.3297876715660095,-0.1526500653559424,0.14686346054077148,-0.2518031597137451,-0.1615909557873465,0.08155089616775513,-0.36383336782455444,-0.06825910472218766,0.0801381766796112,-0.48652100563049316,-0.1444979529911734,0.08933159708976746,-0.3489922285079956,-0.16787893288676514,0.09597122669219971,-0.2662174701690674,-0.1686889600092627,0.002663731575012207,-0.36070770025253296,-0.08063331955020203,-0.007686972618103027,-0.4719446301460266,-0.1553563844496466,0.023514628410339355,-0.3348712921142578,-0.17329110913817658,0.04690587520599365,-0.24102073907852173,-0.16898675971572175,-0.07080113887786865,-0.335579514503479,-0.09705107622687592,-0.10545361042022705,-0.4594590663909912,-0.1426121663386084,-0.12276262044906616,-0.5307124257087708,-0.16317269914691224,-0.13804912567138672,-0.6180704534053802,-0.17361871116702332,-2.3232507859504588,1.7074948423474778,1.424131836192589,1.2167253380443939,-1.8045001091012511,0.07917469702567675,0.03751405545157707,0.021567344329176372,0.43018296857214705,0.05289415669050909,0.10053745302480208,0.46403330937584103,0.055156903231728054,0.422570759912077,0.4199700458646038,I
0.0,0.0,0.0,0.08968114852905273,-0.03401464223861694,-0.05091394079852307,0.16671520471572876,-0.1188625693321228,-0.07877653433013165,0.14259445667266846,-0.21380800008773804,-0.10254919124770367,0.05772101879119873,-0.2370632290840149,-0.11688286406922543,0.14331740140914917,-0.3336911201477051,-0.05604970796036923,0.14748144149780273,-0.4369928538799286,-0.1131268773787042,0.14472317695617676,-0.3283008933067322,-0.14143415881324017,0.14930778741836548,-0.252710223197937,-0.15139209819960797,0.06668445467948914,-0.3478285074234009,-0.060192174892904404,0.07126748561859131,-0.4824255704879761,-0.12747039986777509,0.08102622628211975,-0.36085045337677,-0.15016619456935132,0.0883834958076477,-0.27903318405151367,-0.1517432291619798,-0.008970290422439575,-0.3458724617958069,-0.07266383958983624,-0.016834110021591187,-0.46309831738471985,-0.1359181959741136,0.009901940822601318,-0.3383985757827759,-0.15120368791747296,0.031146854162216187,-0.24686306715011597,-0.14668282462287152,-0.07987761497497559,-0.3227428197860718,-0.08873670144009793,-0.111199289560318,-0.44206735491752625,-0.12484919620681012,-0.12866997718811035,-0.5114220082759857,-0.14042843474078381,-0.144402414560318,-0.5877618193626404,-0.14766345513987744,-2.315694277447674,1.496957982871443,1.2652584815772656,1.1858279295124077,-1.8096219497316042,0.09291374824194366,0.05197753954121085,0.028323542360553535,0.4047757200391598,0.06636766966201771,0.1183055171233013,0.4455617295492001,0.06565782183637484,0.38665572584265867,0.38344426584455876,I
0.0,0.0,0.0,0.09270918369293213,-0.03911930322647095,-0.050812642181654155,0.16834044456481934,-0.12623125314712524,-0.07872927477433223,0.13389912247657776,-0.2224903106689453,-0.10274299522711772,0.040499985218048096,-0.23968636989593506,-0.11688752015902537,0.1448858678340912,-0.3365441560745239,-0.0540241441674425,0.14542505145072937,-0.4434710443019867,-0.10973090967013377,0.13796836137771606,-0.33320122957229614,-0.13601852496935862,0.1418820321559906,-0.2575909495353699,-0.1452210946924879,0.06585001945495605,-0.3525039553642273,-0.059023878628750026,0.0682314932346344,-0.49150729179382324,-0.12570929070784587,0.07499256730079651,-0.3707827925682068,-0.14678349634482402,0.0818738043308258,-0.29016607999801636,-0.1476293160565092,-0.011425763368606567,-0.3515685796737671,-0.0726614101774885,-0.02125847339630127,-0.4722553789615631,-0.13671819409205455,0.0036878585815429688,-0.34449130296707153,-0.15148913403822917,0.025179266929626465,-0.25170642137527466,-0.1468218221314146,-0.08280283212661743,-0.3290255665779114,-0.08989124288632411,-0.11607182025909424,-0.4499761760234833,-0.1266624881870939,-0.13487708568572998,-0.5205147564411163,-0.14217060347868937,-0.15057972073554993,-0.5995298027992249,-0.14988164147212046,-2.4157411105408277,1.6088237576706539,1.319195952664707,1.219449467282626,-1.8162997084769235,0.10295092720996757,0.06526862983062398,0.019473213562202597,0.40742944202762016,0.06827976663240232,0.11685102944838278,0.44995117099057835,0.0685085097817331,0.3869632467059464,0.3897080014706888,I
0.0,0.0,0.0,0.09581178426742554,-0.044457435607910156,-0.04634312357416093,0.1708533763885498,-0.14363515377044678,-0.07041375528683602,0.12621599435806274,-0.24706751108169556,-0.0914685149084562,0.028366297483444214,-0.26335781812667847,-0.1026478875767225,0.14384737610816956,-0.355312705039978,-0.0431117099117273,0.14168617129325867,-0.4652023911476135,-0.0958637688647741,0.12881284952163696,-0.35214269161224365,-0.12173012088646828,0.13056805729866028,-0.2791798710823059,-0.13169639002194344,0.06653177738189697,-0.36982762813568115,-0.049360031295918816,0.06903040409088135,-0.5046831965446472,-0.11304603706707894,0.07139074802398682,-0.38379019498825073,-0.13392409871926247,0.07803499698638916,-0.3087397813796997,-0.13509789298882424,-0.010304510593414307,-0.36754244565963745,-0.06421464871277749,-0.021254539489746094,-0.4913177490234375,-0.12482946555724084,0.0007644891738891602,-0.3669983744621277,-0.1387743670832151,0.021865665912628174,-0.2777124047279358,-0.13377160023560464,-0.08193761110305786,-0.34369516372680664,-0.08243445496668755,-0.11741918325424194,-0.4650568664073944,-0.11576818864455163,-0.13619792461395264,-0.5343837738037109,-0.13013723682274758,-0.15073910355567932,-0.6125603020191193,-0.13726020048966348,-2.4427949251119605,1.7434821032667336,1.3846696818657886,1.2269036582011648,-1.821316348774295,0.10341922968702577,0.06727928580932183,0.015757930299137843,0.392455245140176,0.06027860916247722,0.10871229622514333,0.4362066373630102,0.06416924384129984,0.38032157162122743,0.3767167646435907,I
0.0,0.0,0.0,0.09581178426742554,-0.044457435607910156,-0.04634312357416093,0.1708533763885498,-0.14363515377044678,-0.07041375528683602,0.12621599435806274,-0.24706751108169556,-0.0914685149084562,0.028366297483444214,-0.26335781812667847,-0.1026478875767225,0.14384737610816956,-0.355312705039978,-0.0431117099117273,0.14168617129325867,-0.4652023911476135,-0.0958637688647741,0.12881284952163696,-0.35214269161224365,-0.12173012088646828,0.13056805729866028,-0.2791798710823059,-0.13169639002194344,0.06653177738189697,-0.36982762813568115,-0.049360031295918816,0.06903040409088135,-0.5046831965446472,-0.11304603706707894,0.07139074802398682,-0.38379019498825073,-0.13392409871926247,0.07803499698638916,-0.3087397813796997,-0.13509789298882424,-0.010304510593414307,-0.36754244565963745,-0.06421464871277749,-0.021254539489746094,-0.4913177490234375,-0.12482946555724084,0.0007644891738891602,-0.3669983744621277,-0.1387743670832151,0.021865665912628174,-0.2777124047279358,-0.13377160023560464,-0.08193761110305786,-0.34369516372680664,-0.08243445496668755,-0.11741918325424194,-0.4650568664073944,-0.11576818864455163,-0.13619792461395264,-0.5343837738037109,-0.13013723682274758,-0.15073910355567932,-0.6125603020191193,-0.13726020048966348,-2.4427949251119605,1.7434821032667336,1.3846696818657886,1.2269036582011648,-1.821316348774295,0.10341922968702577,0.06727928580932183,0.015757930299137843,0.392455245140176,0.06027860916247722,0.10871229622514333,0.4362066373630102,0.06416924384129984,0.38032157162122743,0.3767167646435907,I
0.0,0.0,0.0,0.09071418642997742,-0.04703640937805176,-0.050815672986630034,0.16537851095199585,-0.14545893669128418,-0.07664205636871202,0.13358408212661743,-0.25275617837905884,-0.09865177925718172,0.042248159646987915,-0.2722317576408386,-0.1093240132559572,0.13950958847999573,-0.3681522011756897,-0.04754979666364534,0.13258099555969238,-0.4719304144382477,-0.10160901900422914,0.1196046769618988,-0.3551328182220459,-0.1255533372987543,0.1188335120677948,-0.28419750928878784,-0.13349109645974977,0.060989439487457275,-0.38118255138397217,-0.05184513460886819,0.05994969606399536,-0.5094298124313354,-0.1200535943735872,0.06181854009628296,-0.3806397318840027,-0.14061163123739107,0.06676563620567322,-0.3076630234718323,-0.14002574738157136,-0.014844059944152832,-0.3765249252319336,-0.06496433671605928,-0.029237806797027588,-0.4964311122894287,-0.12922763582361085,-0.0038988590240478516,-0.3682318925857544,-0.14251142498147829,0.020450830459594727,-0.28074902296066284,-0.13582142945421083,-0.08651962876319885,-0.35157471895217896,-0.08170126136434419,-0.12108217179775238,-0.47144001722335815,-0.1154515048493181,-0.1405578851699829,-0.5391891598701477,-0.12943936642301423,-0.15556547045707703,-0.6164848208427429,-0.13571440931451662,-2.341619998392233,1.8122675587994546,1.492390552100438,1.2177229114653094,-1.8257626105241984,0.07751448521353664,0.04308690352290614,0.023402294080535423,0.3970395493887758,0.057111242786932616,0.0984431008165414,0.4309404355945728,0.053567010881812455,0.3805286106474558,0.3790781768552567,I
0.0,0.0,0.0,0.09448269009590149,-0.04339146614074707,-0.041027920777366944,0.17148491740226746,-0.13203668594360352,-0.06324518331365425,0.13303881883621216,-0.2344759702682495,-0.08393640675620873,0.03674870729446411,-0.2544848322868347,-0.09671409287528832,0.14585500955581665,-0.34674733877182007,-0.038048694366978,0.14715826511383057,-0.4578567445278168,-0.08588917412834007,0.134367436170578,-0.3541010022163391,-0.1111775101073249,0.12963101267814636,-0.2821663022041321,-0.12157187470273811,0.07188579440116882,-0.36132073402404785,-0.04576819994525749,0.07176446914672852,-0.49816593527793884,-0.10287798055486519,0.07521900534629822,-0.387157678604126,-0.12506248661355812,0.07720881700515747,-0.3114267587661743,-0.12947263428048927,-0.0021648406982421875,-0.3609479069709778,-0.06095344060139496,-0.0129014253616333,-0.4831986427307129,-0.11660418518857796,0.009018182754516602,-0.36636483669281006,-0.13205476709680397,0.026824593544006348,-0.2789704203605652,-0.13026616581754524,-0.07157640159130096,-0.343120276927948,-0.07907799490766365,-0.10702537000179291,-0.46361058950424194,-0.10977195807771523,-0.12384098768234253,-0.5318000316619873,-0.12350144096689064,-0.13622793555259705,-0.607708603143692,-0.1313200653441413,-2.403937386024813,1.8169221504934014,1.4645116751291851,1.2308941879404867,-1.8104480905350617,0.09691948426487755,0.06985272699744699,0.026420296308868996,0.3933038917541719,0.06003549714457519,0.10285608137559252,0.4203079466954915,0.05993316174274998,0.36515500633312387,0.3669535666325526,I
0.0,0.0,0.0,0.10509586334228516,-0.03746771812438965,-0.04592321731502125,0.18358930945396423,-0.1310408115386963,-0.07164007343703815,0.1478785276412964,-0.23853462934494019,-0.09320197917872974,0.03787246346473694,-0.25011616945266724,-0.10649683244878361,0.16499093174934387,-0.3272131085395813,-0.051447681266608924,0.1689671277999878,-0.4259932041168213,-0.09424482949430057,0.15615668892860413,-0.32188093662261963,-0.11569468595439503,0.1515078842639923,-0.251348614692688,-0.12668801762515614,0.08925232291221619,-0.34786057472229004,-0.05749836482459614,0.09199509024620056,-0.4762970209121704,-0.1080762437766225,0.09738168120384216,-0.36329859495162964,-0.12475091882402012,0.09932813048362732,-0.28710514307022095,-0.12987214245254108,0.01528272032737732,-0.3524603843688965,-0.07088345207625935,0.0124167799949646,-0.47011616826057434,-0.12293533899241993,0.032696276903152466,-0.3526710867881775,-0.13707517005855152,0.04579097032546997,-0.26620370149612427,-0.1386754653638036,-0.05405402183532715,-0.3367112874984741,-0.08773088373595783,-0.08465999364852905,-0.4565860331058502,-0.12070771970206806,-0.09505841135978699,-0.5292265713214874,-0.13733862258845875,-0.10353076457977295,-0.611677885055542,-0.14987240650111744,-2.4564698497719046,1.746685178316517,1.4064500503972004,1.2308367159638327,-1.7488285165520554,0.11364210391176982,0.07172853810037408,0.01793074003360522,0.388228987958269,0.06325548218291308,0.10675551272240026,0.44145429603106157,0.0574725828345618,0.3827521340844665,0.3763633776301274,I
0.0,0.0,0.0,0.10509586334228516,-0.03746771812438965,-0.04592321731502125,0.18358930945396423,-0.1310408115386963,-0.07164007343703815,0.1478785276412964,-0.23853462934494019,-0.09320197917872974,0.03787246346473694,-0.25011616945266724,-0.10649683244878361,0.16499093174934387,-0.3272131085395813,-0.051447681266608924,0.1689671277999878,-0.4259932041168213,-0.09424482949430057,0.15615668892860413,-0.32188093662261963,-0.11569468595439503,0.1515078842639923,-0.251348614692688,-0.12668801762515614,0.08925232291221619,-0.34786057472229004,-0.05749836482459614,0.09199509024620056,-0.4762970209121704,-0.1080762437766225,0.09738168120384216,-0.36329859495162964,-0.12475091882402012,0.09932813048362732,-0.28710514307022095,-0.12987214245254108,0.01528272032737732,-0.3524603843688965,-0.07088345207625935,0.0124167799949646,-0.47011616826057434,-0.12293533899241993,0.032696276903152466,-0.3526710867881775,-0.13707517005855152,0.04579097032546997,-0.26620370149612427,-0.1386754653638036,-0.05405402183532715,-0.3367112874984741,-0.08773088373595783,-0.08465999364852905,-0.4565860331058502,-0.12070771970206806,-0.09505841135978699,-0.5292265713214874,-0.13733862258845875,-0.10353076457977295,-0.611677885055542,-0.14987240650111744,-2.4564698497719046,1.746685178316517,1.4064500503972004,1.2308367159638327,-1.7488285165520554,0.11364210391176982,0.07172853810037408,0.01793074003360522,0.388228987958269,0.06325548218291308,0.10675551272240026,0.44145429603106157,0.0574725828345618,0.3827521340844665,0.3763633776301274,I
0.0,0.0,0.0,0.09111237525939941,-0.019886672496795654,-0.05278322986291073,0.17110061645507812,-0.09911322593688965,-0.08002898237631939,0.16401034593582153,-0.19177943468093872,-0.10232092580721996,0.08687788248062134,-0.22742080688476562,-0.11510960153268002,0.16773253679275513,-0.3194548487663269,-0.05224660924599789,0.17441219091415405,-0.4046638607978821,-0.10923202476428173,0.15851950645446777,-0.30060726404190063,-0.13886845252440594,0.1524287462234497,-0.22436082363128662,-0.14982350311206005,0.09408748149871826,-0.3407849073410034,-0.05490183598325871,0.10317116975784302,-0.46094566583633423,-0.12349382183478497,0.10167896747589111,-0.34381288290023804,-0.147882135128242,0.10092684626579285,-0.26103007793426514,-0.1502288146965327,0.01897144317626953,-0.34562546014785767,-0.0666470169179263,0.018080294132232666,-0.45491164922714233,-0.1333046718590083,0.03682407736778259,-0.33278101682662964,-0.15212074062750958,0.052619725465774536,-0.2373349666595459,-0.14934422216342114,-0.051810115575790405,-0.32780611515045166,-0.08194546542094372,-0.08040434122085571,-0.4463026821613312,-0.12282432756350659,-0.09842690825462341,-0.5183513760566711,-0.1429869546644511,-0.11166173219680786,-0.5951733887195587,-0.15301667294428967,-2.151666440682373,1.73036141191443,1.4852507482090438,1.2695317253668144,-1.7910210865055938,0.06562224649417622,0.03642741390650435,0.03566387368323537,0.4179233662316792,0.06322246365323803,0.10064874073690024,0.4552425059455505,0.053805540777032326,0.3960374424663742,0.3937470426989169,I
0.0,0.0,0.0,0.08944141864776611,-0.01815474033355713,-0.050632780594611404,0.1729244589805603,-0.09986776113510132,-0.07498420233824277,0.17078793048858643,-0.19161057472229004,-0.09490625019171262,0.09691628813743591,-0.22940164804458618,-0.10483894701101804,0.17149847745895386,-0.31352776288986206,-0.04830996151068234,0.18429619073867798,-0.40932995080947876,-0.10386656428673291,0.1663920283317566,-0.3080592751502991,-0.13030941243269467,0.16173654794692993,-0.2341943383216858,-0.13937997276880765,0.09879571199417114,-0.33768630027770996,-0.05165132711627507,0.11227571964263916,-0.4638201594352722,-0.1207793971429112,0.10695520043373108,-0.347988486289978,-0.1435394232998135,0.10794740915298462,-0.2680690884590149,-0.1440742557773831,0.024330884218215942,-0.3443272113800049,-0.06411007995703244,0.027506232261657715,-0.46251896023750305,-0.1317598765621426,0.0413186252117157,-0.33882999420166016,-0.14887400920488858,0.05702903866767883,-0.24292582273483276,-0.14435581321814084,-0.046073853969573975,-0.32705485820770264,-0.07998626138069653,-0.07378500699996948,-0.44165509939193726,-0.1222313811908009,-0.09088373184204102,-0.509940892457962,-0.14271942730047726,-0.10192546248435974,-0.583396703004837,-0.15231795067884946,-2.101440112803264,1.6932302620431325,1.4400884185178315,1.2588611369656617,-1.7853230371607367,0.06499719964631177,0.04021015517332748,0.042117644417927064,0.40601790690393375,0.06356705238612839,0.1050709347037585,0.4375613639764988,0.056787888357956146,0.37878506668619316,0.3757485246123064,I
0.0,0.0,0.0,0.08944141864776611,-0.01815474033355713,-0.050632780594611404,0.1729244589805603,-0.09986776113510132,-0.07498420233824277,0.17078793048858643,-0.19161057472229004,-0.09490625019171262,0.09691628813743591,-0.22940164804458618,-0.10483894701101804,0.17149847745895386,-0.31352776288986206,-0.04830996151068234,0.18429619073867798,-0.40932995080947876,-0.10386656428673291,0.1663920283317566,-0.3080592751502991,-0.13030941243269467,0.16173654794692993,-0.2341943383216858,-0.13937997276880765,0.09879571199417114,-0.33768630027770996,-0.05165132711627507,0.11227571964263916,-0.4638201594352722,-0.1207793971429112,0.10695520043373108,-0.347988486289978,-0.1435394232998135,0.10794740915298462,-0.2680690884590149,-0.1440742557773831,0.024330884218215942,-0.3443272113800049,-0.06411007995703244,0.027506232261657715,-0.46251896023750305,-0.1317598765621426,0.0413186252117157,-0.33882999420166016,-0.14887400920488858,0.05702903866767883,-0.24292582273483276,-0.14435581321814084,-0.046073853969573975,-0.32705485820770264,-0.07998626138069653,-0.07378500699996948,-0.44165509939193726,-0.1222313811908009,-0.09088373184204102,-0.509940892457962,-0.14271942730047726,-0.10192546248435974,-0.583396703004837,-0.15231795067884946,-2.101440112803264,1.6932302620431325,1.4400884185178315,1.2588611369656617,-1.7853230371607367,0.06499719964631177,0.04021015517332748,0.042117644417927064,0.40601790690393375,0.06356705238612839,0.1050709347037585,0.4375613639764988,0.056787888357956146,0.37878506668619316,0.3757485246123064,I
0.0,0.0,0.0,0.0902249813079834,-0.015400052070617676,-0.049882658996551754,0.17394018173217773,-0.10295242071151733,-0.07192999241587472,0.15319189429283142,-0.19995617866516113,-0.08875276265379739,0.06981223821640015,-0.23325961828231812,-0.09464791534182382,0.17572689056396484,-0.3088948130607605,-0.04610972596046281,0.18748241662979126,-0.4054592251777649,-0.10265514371630502,0.165141761302948,-0.2999601364135742,-0.1291216921591456,0.15755385160446167,-0.23213142156600952,-0.1381478768372233,0.1023826003074646,-0.33855974674224854,-0.04853040842053247,0.11831927299499512,-0.4620090425014496,-0.11793421325918985,0.10960695147514343,-0.340015172958374,-0.13924715039965463,0.10829287767410278,-0.2663077116012573,-0.138421819784611,0.027373135089874268,-0.35106807947158813,-0.06050065276858163,0.03168731927871704,-0.47698360681533813,-0.12817631778952432,0.04294511675834656,-0.3525952696800232,-0.1448929619574244,0.056580305099487305,-0.2625463008880615,-0.13999422011610818,-0.04381456971168518,-0.3406308889389038,-0.07568351296421838,-0.0727178156375885,-0.4594174027442932,-0.11900009331938577,-0.09328323602676392,-0.5272729396820068,-0.14093485591646981,-0.10678984224796295,-0.6052145957946777,-0.1514472377085383,-2.244985727537265,1.8032574930283836,1.4891772084352644,1.2520998759458852,-1.8044649375720891,0.08774886636174137,0.050724117390951375,0.032137109889658844,0.41175089571312573,0.059955503109730274,0.10545483382930916,0.4572402468856861,0.05184918873847707,0.4013956309711981,0.3796200276309659,I
0.0,0.0,0.0,0.08926865458488464,-0.010733246803283691,-0.060612378171100545,0.17419159412384033,-0.09334176778793335,-0.09065821160973542,0.1489546298980713,-0.1878221035003662,-0.11466308822335236,0.060670673847198486,-0.21645331382751465,-0.12623223056496613,0.18261641263961792,-0.30621880292892456,-0.05492916097344391,0.19073152542114258,-0.4018688201904297,-0.1191791086405658,0.16024333238601685,-0.28691309690475464,-0.1499044983595752,0.1505972445011139,-0.21468091011047363,-0.16064515103997223,0.1062774658203125,-0.33753323554992676,-0.05559862171710961,0.12136915326118469,-0.46008360385894775,-0.13624551286400788,0.10633152723312378,-0.326504647731781,-0.16233611991108887,0.10539272427558899,-0.24762821197509766,-0.16150029887856476,0.029126524925231934,-0.3525238037109375,-0.06700948019923203,0.030492156744003296,-0.47867414355278015,-0.14233363558949463,0.0385858416557312,-0.3511123061180115,-0.16134727885426514,0.05298137664794922,-0.2608550190925598,-0.15523629774750702,-0.04250869154930115,-0.3434617519378662,-0.08253834535778992,-0.07193461060523987,-0.46149611473083496,-0.1259072958439731,-0.09440898895263672,-0.528884768486023,-0.14681453396977417,-0.1082426905632019,-0.6071581244468689,-0.15593081106842988,-2.3156870326471903,1.9072853033497457,1.5806368557339996,1.3162140299918004,-1.8150963972296073,0.0899440355138117,0.05451546632866381,0.04506258671960945,0.42565475883343085,0.05593722686171122,0.1079856749620804,0.4701451645580926,0.054054581551130784,0.418212683254946,0.3819935086178082,I
0.0,0.0,0.0,0.08807873725891113,-0.009646892547607422,-0.061448758418436,0.1722915768623352,-0.09132158756256104,-0.09187630372750277,0.14197194576263428,-0.18743085861206055,-0.11618875520932193,0.05067327618598938,-0.21690887212753296,-0.12816589879500384,0.1809646487236023,-0.30576276779174805,-0.056151037986154506,0.18758255243301392,-0.40203094482421875,-0.12044425862538333,0.15764057636260986,-0.28718531131744385,-0.1514753978203487,0.14859437942504883,-0.21836215257644653,-0.16299421894061084,0.10500693321228027,-0.33882224559783936,-0.056179745073194454,0.11831635236740112,-0.4580073952674866,-0.13325293170916552,0.10434439778327942,-0.3284687399864197,-0.15687243449198718,0.10634645819664001,-0.2577321529388428,-0.1566129903744411,0.028125524520874023,-0.35429948568344116,-0.06729734497773165,0.02875077724456787,-0.481213241815567,-0.14044369565951342,0.03520601987838745,-0.3544618487358093,-0.15694701480376239,0.049751102924346924,-0.26638519763946533,-0.15078395413863177,-0.04544302821159363,-0.3469093441963196,-0.08277559089171405,-0.07427012920379639,-0.4668501615524292,-0.12520713912951464,-0.09633336961269379,-0.53460294008255,-0.14443103777873034,-0.10915292799472809,-0.612172931432724,-0.1531836073349666,-2.3401404722318992,1.9254986693114506,1.5542788569193446,1.3296002326976533,-1.8065075459300686,0.09793188696036513,0.06903653707559562,0.04948491881055458,0.42635442078303115,0.05774845259101681,0.10989179298982679,0.47065975398958093,0.05725302979745304,0.4148111026819376,0.38055176767978344,I
0.0,0.0,0.0,0.08807873725891113,-0.009646892547607422,-0.061448758418436,0.1722915768623352,-0.09132158756256104,-0.09187630372750277,0.14197194576263428,-0.18743085861206055,-0.11618875520932193,0.05067327618598938,-0.21690887212753296,-0.12816589879500384,0.1809646487236023,-0.30576276779174805,-0.056151037986154506,0.18758255243301392,-0.40203094482421875,-0.12044425862538333,0.15764057636260986,-0.28718531131744385,-0.1514753978203487,0.14859437942504883,-0.21836215257644653,-0.16299421894061084,0.10500693321228027,-0.33882224559783936,-0.056179745073194454,0.11831635236740112,-0.4580073952674866,-0.13325293170916552,0.10434439778327942,-0.3284687399864197,-0.15687243449198718,0.10634645819664001,-0.2577321529388428,-0.1566129903744411,0.028125524520874023,-0.35429948568344116,-0.06729734497773165,0.02875077724456787,-0.481213241815567,-0.14044369565951342,0.03520601987838745,-0.3544618487358093,-0.15694701480376239,0.049751102924346924,-0.26638519763946533,-0.15078395413863177,-0.04544302821159363,-0.3469093441963196,-0.08277559089171405,-0.07427012920379639,-0.4668501615524292,-0.12520713912951464,-0.09633336961269379,-0.53460294008255,-0.14443103777873034,-0.10915292799472809,-0.612172931432724,-0.1531836073349666,-2.3401404722318992,1.9254986693114506,1.5542788569193446,1.3296002326976533,-1.8065075459300686,0.09793188696036513,0.06903653707559562,0.04948491881055458,0.42635442078303115,0.05774845259101681,0.10989179298982679,0.47065975398958093,0.05725302979745304,0.4148111026819376,0.38055176767978344,I
0.0,0.0,0.0,0.09349995851516724,-0.01619398593902588,-0.048358421758337045,0.1769023835659027,-0.09891057014465332,-0.07134903220884325,0.15289229154586792,-0.19485294818878174,-0.08857533334247591,0.06632199883460999,-0.22374200820922852,-0.09491784124128344,0.18274423480033875,-0.30735355615615845,-0.05258928610436442,0.18582919239997864,-0.4012070894241333,-0.10748495160095217,0.16121312975883484,-0.28755295276641846,-0.13354308901779177,0.15397319197654724,-0.21674811840057373,-0.14368051289073946,0.10739359259605408,-0.33581018447875977,-0.055665902779026055,0.11825317144393921,-0.458900511264801,-0.12266556917182925,0.10938358306884766,-0.3281658887863159,-0.14168110488407137,0.10664743185043335,-0.24992495775222778,-0.14120665191165926,0.030733615159988403,-0.34928059577941895,-0.06746849416248324,0.03339168429374695,-0.47368496656417847,-0.13273391126148226,0.0455053448677063,-0.34397363662719727,-0.14749769865028384,0.057699501514434814,-0.25116389989852905,-0.14316689966670992,-0.04174157977104187,-0.340326189994812,-0.08221150933258059,-0.07185724377632141,-0.4606167674064636,-0.12451407311908724,-0.09317143261432648,-0.5295277237892151,-0.14561431108467104,-0.10855859518051147,-0.611160010099411,-0.1568279117201996,-2.2957315840714156,1.878268111698149,1.579483990572236,1.3025836708709686,-1.8126747508877012,0.0879297796759482,0.048080010344059856,0.028745566681771258,0.42505991383764147,0.057796455262238464,0.10224025377173925,0.47379708692786887,0.04896360752456509,0.4204811495355243,0.3965336733196711,I
0.0,0.0,0.0,0.08389529585838318,-0.01256704330444336,-0.04022095066946463,0.161698579788208,-0.08829748630523682,-0.059013218558249037,0.1498727798461914,-0.1763715147972107,-0.07564845395725683,0.08289030194282532,-0.21644091606140137,-0.08406337065142111,0.1657273769378662,-0.27472418546676636,-0.03274205041569189,0.17413097620010376,-0.37100285291671753,-0.07989765418213324,0.15624570846557617,-0.2776818871498108,-0.10533658874672369,0.14789244532585144,-0.2073116898536682,-0.11601593059938864,0.09877142310142517,-0.3001360297203064,-0.03849287790697531,0.10860934853553772,-0.4187600314617157,-0.09850097907226996,0.10202175378799438,-0.30789971351623535,-0.12245610815924124,0.098133385181427,-0.23051655292510986,-0.1259908871118398,0.029177218675613403,-0.30840814113616943,-0.052022368586477796,0.0324912965297699,-0.4304271340370178,-0.11025898618143515,0.04206115007400513,-0.32247430086135864,-0.1257363603774877,0.05214649438858032,-0.2390642762184143,-0.12263096583527044,-0.03765386343002319,-0.2920069694519043,-0.06844708783071951,-0.05486106872558594,-0.3976329565048218,-0.1056553096834989,-0.06400853395462036,-0.45641520619392395,-0.12234326166552023,-0.07056844234466553,-0.5208535194396973,-0.12975854141157583,-2.1221726795893865,1.8294347904154302,1.5799607170944714,1.2509333724756988,-1.7136448515963205,0.06564009000252398,0.020747894826654803,0.03817064484294668,0.3409055870675123,0.054903822604813274,0.10087375209504694,0.3821434787379535,0.04677454113395562,0.3357913946716564,0.30735018023854793,I
0.0,0.0,0.0,0.08057224750518799,-0.011144161224365234,-0.04859505075569359,0.1574234962463379,-0.0794786810874939,-0.07244635972733704,0.14843571186065674,-0.16891825199127197,-0.0924369156693956,0.08464404940605164,-0.21511411666870117,-0.10321075323577134,0.16029250621795654,-0.27181416749954224,-0.0403143488204023,0.16516238451004028,-0.3638366460800171,-0.09092854562754837,0.14641273021697998,-0.2681785821914673,-0.11749634001012055,0.14081230759620667,-0.20271635055541992,-0.12801068875546662,0.09556570649147034,-0.29769688844680786,-0.04199904057736603,0.1019105315208435,-0.4099290072917938,-0.10387972596640793,0.09419617056846619,-0.29820412397384644,-0.12638828012700287,0.09345591068267822,-0.22839492559432983,-0.12829667184109894,0.02765047550201416,-0.30620384216308594,-0.05234343040342537,0.028583288192749023,-0.42112094163894653,-0.1123072639441034,0.03782689571380615,-0.3113122582435608,-0.12546139809842316,0.04923906922340393,-0.23095625638961792,-0.11992447677607743,-0.037975847721099854,-0.2910234332084656,-0.06624091270919052,-0.05503344535827637,-0.395318865776062,-0.10363908711428849,-0.06521004438400269,-0.45216888189315796,-0.11892033967728821,-0.07266271114349365,-0.5164652466773987,-0.12452927086110321,-2.063278984357548,1.8455864609815287,1.6012304486047917,1.2914000315900693,-1.7234608537803036,0.0575202384619148,0.015938280486852058,0.038787704400630944,0.3399381127089325,0.0538703772463176,0.0958287549100296,0.37948643380715946,0.04429096391000639,0.3325355716405827,0.31044392020422534,I
0.0,0.0,0.0,0.08057224750518799,-0.011144161224365234,-0.04859505075569359,0.1574234962463379,-0.0794786810874939,-0.07244635972733704,0.14843571186065674,-0.16891825199127197,-0.0924369156693956,0.08464404940605164,-0.21511411666870117,-0.10321075323577134,0.16029250621795654,-0.27181416749954224,-0.0403143488204023,0.16516238451004028,-0.3638366460800171,-0.09092854562754837,0.14641273021697998,-0.2681785821914673,-0.11749634001012055,0.14081230759620667,-0.20271635055541992,-0.12801068875546662,0.09556570649147034,-0.29769688844680786,-0.04199904057736603,0.1019105315208435,-0.4099290072917938,-0.10387972596640793,0.09419617056846619,-0.29820412397384644,-0.12638828012700287,0.09345591068267822,-0.22839492559432983,-0.12829667184109894,0.02765047550201416,-0.30620384216308594,-0.05234343040342537,0.028583288192749023,-0.42112094163894653,-0.1123072639441034,0.03782689571380615,-0.3113122582435608,-0.12546139809842316,0.04923906922340393,-0.23095625638961792,-0.11992447677607743,-0.037975847721099854,-0.2910234332084656,-0.06624091270919052,-0.05503344535827637,-0.395318865776062,-0.10363908711428849,-0.06521004438400269,-0.45216888189315796,-0.11892033967728821,-0.07266271114349365,-0.5164652466773987,-0.12452927086110321,-2.063278984357548,1.8455864609815287,1.6012304486047917,1.2914000315900693,-1.7234608537803036,0.0575202384619148,0.015938280486852058,0.038787704400630944,0.3399381127089325,0.0538703772463176,0.0958287549100296,0.37948643380715946,0.04429096391000639,0.3325355716405827,0.31044392020422534,I
0.0,0.0,0.0,0.08141264319419861,-0.012224793434143066,-0.046638199959517124,0.16049331426620483,-0.08596116304397583,-0.06756254461836875,0.1478922963142395,-0.1790332794189453,-0.08431914625001014,0.08209565281867981,-0.22384727001190186,-0.09217009124589026,0.158394455909729,-0.27589499950408936,-0.035279920224667194,0.1604464054107666,-0.36547422409057617,-0.08263382491898597,0.14668941497802734,-0.27391624450683594,-0.10707166222167075,0.14312660694122314,-0.2086157202720642,-0.11588619825673163,0.0940471887588501,-0.3045163154602051,-0.036012241516829135,0.09765344858169556,-0.417602002620697,-0.09444625851941169,0.09437564015388489,-0.31038206815719604,-0.11602392223906577,0.09538069367408752,-0.24041301012039185,-0.11715059903693259,0.02673470973968506,-0.3134843707084656,-0.045022094522238376,0.027491599321365356,-0.4300174117088318,-0.10234861997199118,0.03758135437965393,-0.32145535945892334,-0.11526180234980643,0.04842284321784973,-0.24112027883529663,-0.1092264148337847,-0.03941547870635986,-0.29702502489089966,-0.057276433233738544,-0.0539131760597229,-0.39856964349746704,-0.09213314381671012,-0.06123033165931702,-0.45405226945877075,-0.10605783936810553,-0.06750214099884033,-0.5169032514095306,-0.11043301400971473,-2.0877835360443187,1.79394930171548,1.5499968905745771,1.2796069843396094,-1.697845645419514,0.0629029209861127,0.02123478410231397,0.0378446157362818,0.3290308619992912,0.057364970804589424,0.10012666573277643,0.3733706888785368,0.046963176516346024,0.32090134209631244,0.29915689851233673,I
0.0,0.0,0.0,0.08181867003440857,-0.013683915138244629,-0.052303439113330796,0.16425049304962158,-0.08741521835327148,-0.07605510774536128,0.15447688102722168,-0.1830451488494873,-0.09512717101259227,0.08454301953315735,-0.22601771354675293,-0.10439266833944316,0.16202008724212646,-0.28598129749298096,-0.036294384035301164,0.16329187154769897,-0.37742459774017334,-0.08554860028905864,0.14779478311538696,-0.2861507534980774,-0.11070190939588542,0.14404577016830444,-0.22027862071990967,-0.1193689537374496,0.09631502628326416,-0.31480783224105835,-0.03566582697911258,0.09983396530151367,-0.42825931310653687,-0.09778529975099559,0.09469830989837646,-0.3201131820678711,-0.12082080367488857,0.09543246030807495,-0.24999481439590454,-0.12150578025264736,0.027930855751037598,-0.32418930530548096,-0.04422623116059299,0.02808290719985962,-0.4410528242588043,-0.10467220667285915,0.03786477446556091,-0.3287593722343445,-0.1190913972584724,0.049589693546295166,-0.24595367908477783,-0.1127129701106071,-0.03929835557937622,-0.3080289363861084,-0.05661837581081386,-0.055305302143096924,-0.41345536708831787,-0.09213065180463786,-0.06430891156196594,-0.47329646348953247,-0.10748640272302623,-0.07070231437683105,-0.5405608117580414,-0.11263295832557674,-2.092690458711927,1.8378330994219658,1.5844125949531647,1.3007192552979328,-1.7050363938099302,0.05977888021386501,0.026334032838151184,0.04023900743653069,0.35076840555155486,0.05697636406577664,0.09788339508242587,0.3856130466050014,0.0460205393164593,0.33470787588979406,0.3182193108410289,I
0.0,0.0,0.0,0.08181867003440857,-0.013683915138244629,-0.052303439113330796,0.16425049304962158,-0.08741521835327148,-0.07605510774536128,0.15447688102722168,-0.1830451488494873,-0.09512717101259227,0.08454301953315735,-0.22601771354675293,-0.10439266833944316,0.16202008724212646,-0.28598129749298096,-0.036294384035301164,0.16329187154769897,-0.37742459774017334,-0.08554860028905864,0.14779478311538696,-0.2861507534980774,-0.11070190939588542,0.14404577016830444,-0.22027862071990967,-0.1193689537374496,0.09631502628326416,-0.31480783224105835,-0.03566582697911258,0.09983396530151367,-0.42825931310653687,-0.09778529975099559,0.09469830989837646,-0.3201131820678711,-0.12082080367488857,0.09543246030807495,-0.24999481439590454,-0.12150578025264736,0.027930855751037598,-0.32418930530548096,-0.04422623116059299,0.02808290719985962,-0.4410528242588043,-0.10467220667285915,0.03786477446556091,-0.3287593722343445,-0.1190913972584724,0.049589693546295166,-0.24595367908477783,-0.1127129701106071,-0.03929835557937622,-0.3080289363861084,-0.05661837581081386,-0.055305302143096924,-0.41345536708831787,-0.09213065180463786,-0.06430891156196594,-0.47329646348953247,-0.10748640272302623,-0.07070231437683105,-0.5405608117580414,-0.11263295832557674,-2.092690458711927,1.8378330994219658,1.5844125949531647,1.3007192552979328,-1.7050363938099302,0.05977888021386501,0.026334032838151184,0.04023900743653069,0.35076840555155486,0.05697636406577664,0.09788339508242587,0.3856130466050014,0.0460205393164593,0.33470787588979406,0.3182193108410289,I
0.0,0.0,0.0,0.0839812159538269,-0.015543818473815918,-0.056257989875632575,0.16681861877441406,-0.09268069267272949,-0.08286115588958864,0.16087055206298828,-0.18725210428237915,-0.1047476983290494,0.09130319952964783,-0.22892481088638306,-0.1158209672790349,0.16765427589416504,-0.3046489357948303,-0.03777737977321749,0.16780513525009155,-0.3971537947654724,-0.09351082207973604,0.15046203136444092,-0.3005790710449219,-0.12272138955410128,0.14765021204948425,-0.22773993015289307,-0.13250252666290407,0.09961283206939697,-0.33240026235580444,-0.03744572835381632,0.10307812690734863,-0.44776755571365356,-0.10713127317245608,0.09883114695549011,-0.3369041681289673,-0.13249267699535494,0.1023663878440857,-0.2617546319961548,-0.1326604044657529,0.0284653902053833,-0.342560350894928,-0.04758472802456026,0.0291672945022583,-0.45832359790802,-0.1152309781533063,0.04186102747917175,-0.33532118797302246,-0.13079671623523836,0.05772805213928223,-0.24231082201004028,-0.12264253260906344,-0.039402008056640625,-0.32625097036361694,-0.062052965782243064,-0.055048346519470215,-0.4384409189224243,-0.1009356758218587,-0.06610763072967529,-0.5018618106842041,-0.11708513709123736,-0.07292217016220093,-0.5726870894432068,-0.12178346576507693,-2.076908521897718,1.825258434451811,1.5318390321590276,1.2867888046943459,-1.7059863481930397,0.056359469144618445,0.03464377707150778,0.03614520460707684,0.3809756897874242,0.05663589565065103,0.09109503681556215,0.40943951750776914,0.04868924687516596,0.3569384704147006,0.3552716688261226,I
0.0,0.0,0.0,0.08688735961914062,-0.010869801044464111,-0.043043799250483517,0.1629059612751007,-0.09416347742080688,-0.06362314850008488,0.14424839615821838,-0.1852172613143921,-0.08201802849686146,0.06602832674980164,-0.2138860821723938,-0.09140751838600636,0.1575101912021637,-0.3138018846511841,-0.03779847502624989,0.15022596716880798,-0.39478713274002075,-0.09020296811974049,0.13434895873069763,-0.28350311517715454,-0.11607472926294804,0.1327436864376068,-0.21208244562149048,-0.12496091753160954,0.08940747380256653,-0.3326125144958496,-0.0440843436113596,0.08814027905464172,-0.4435497522354126,-0.105365093349576,0.08937942981719971,-0.3224326968193054,-0.12410957693970204,0.09561583399772644,-0.25009316205978394,-0.12451182633554936,0.01695573329925537,-0.33518916368484497,-0.059163357614636425,0.014712721109390259,-0.4304810166358948,-0.11966649025595189,0.033688127994537354,-0.30648404359817505,-0.12957098662769795,0.04915279150009155,-0.2187616229057312,-0.12184784889137745,-0.05145469307899475,-0.31862789392471313,-0.07747863560831547,-0.06474074721336365,-0.4366376996040344,-0.11055568933403492,-0.06824031472206116,-0.5095637142658234,-0.12246544986879826,-0.07029622793197632,-0.5874242186546326,-0.12761644601738453,-2.251112327635439,1.8096278294247268,1.4957025962510007,1.300997469953882,-1.6407778140546987,0.06673973571329882,0.04675866998876095,0.017565721943792682,0.3976369243616703,0.05313465903673311,0.08385731408558846,0.42673956157224324,0.05603998272571972,0.3759242663584814,0.3875308732831494,I
0.0,0.0,0.0,0.08028122782707214,-0.010188579559326172,-0.0481324087058681,0.15206322073936462,-0.09107893705368042,-0.07153207838288722,0.12841448187828064,-0.18324148654937744,-0.09175159066668925,0.05039656162261963,-0.21010065078735352,-0.10257013916722713,0.15650293231010437,-0.29552674293518066,-0.04519120260826526,0.15487560629844666,-0.39038509130477905,-0.10084068059674678,0.13374918699264526,-0.28500598669052124,-0.12992207735530314,0.12729373574256897,-0.2195110321044922,-0.1408118608569282,0.08512178063392639,-0.3223162293434143,-0.048751518425859786,0.08317795395851135,-0.43576669692993164,-0.10838955670348582,0.08103707432746887,-0.31993603706359863,-0.12736803322783885,0.08827748894691467,-0.25758492946624756,-0.12951183348647533,0.012350767850875854,-0.3303343653678894,-0.06146280124536929,0.007591754198074341,-0.42765045166015625,-0.11945404141894755,0.023466408252716064,-0.3103597164154053,-0.12966898113242564,0.03833019733428955,-0.2290945053100586,-0.12317681342116771,-0.05556368827819824,-0.3201761841773987,-0.07795763045302806,-0.06564560532569885,-0.43560540676116943,-0.10819879203788219,-0.06844767928123474,-0.5066420435905457,-0.11847935646525798,-0.07019054889678955,-0.5845591723918915,-0.12295019656173167,-2.277715456310123,1.9376536530594797,1.5220840056424505,1.319603734971186,-1.6260644995163882,0.07747083750785039,0.06074307677919678,0.022502525564219934,0.39339602899073145,0.05451503622243029,0.08947823268707991,0.4150423923008443,0.0575016191775168,0.3633514477125854,0.37166097710971563,I
0.0,0.0,0.0,0.08028122782707214,-0.010188579559326172,-0.0481324087058681,0.15206322073936462,-0.09107893705368042,-0.07153207838288722,0.12841448187828064,-0.18324148654937744,-0.09175159066668925,0.05039656162261963,-0.21010065078735352,-0.10257013916722713,0.15650293231010437,-0.29552674293518066,-0.04519120260826526,0.15487560629844666,-0.39038509130477905,-0.10084068059674678,0.13374918699264526,-0.28500598669052124,-0.12992207735530314,0.12729373574256897,-0.2195110321044922,-0.1408118608569282,0.08512178063392639,-0.3223162293434143,-0.048751518425859786,0.08317795395851135,-0.43576669692993164,-0.10838955670348582,0.08103707432746887,-0.31993603706359863,-0.12736803322783885,0.08827748894691467,-0.25758492946624756,-0.12951183348647533,0.012350767850875854,-0.3303343653678894,-0.06146280124536929,0.007591754198074341,-0.42765045166015625,-0.11945404141894755,0.023466408252716064,-0.3103597164154053,-0.12966898113242564,0.03833019733428955,-0.2290945053100586,-0.12317681342116771,-0.05556368827819824,-0.3201761841773987,-0.07795763045302806,-0.06564560532569885,-0.43560540676116943,-0.10819879203788219,-0.06844767928123474,-0.5066420435905457,-0.11847935646525798,-0.07019054889678955,-0.5845591723918915,-0.12295019656173167,-2.277715456310123,1.9376536530594797,1.5220840056424505,1.319603734971186,-1.6260644995163882,0.07747083750785039,0.06074307677919678,0.022502525564219934,0.39339602899073145,0.05451503622243029,0.08947823268707991,0.4150423923008443,0.0575016191775168,0.3633514477125854,0.37166097710971563,I
0.0,0.0,0.0,0.0789233148097992,-0.01307302713394165,-0.05243269834966213,0.15322738885879517,-0.07344716787338257,-0.08197614286393673,0.119477778673172,-0.1564720869064331,-0.11000074182004482,0.042903900146484375,-0.19018179178237915,-0.12794259671420605,0.1502435803413391,-0.29300010204315186,-0.040007581155009575,0.1505204737186432,-0.38080137968063354,-0.10190668437928707,0.12779277563095093,-0.2709851861000061,-0.13319737199992687,0.12300378084182739,-0.20300441980361938,-0.14312263313979656,0.08202531933784485,-0.31830263137817383,-0.04161274168939144,0.08240550756454468,-0.4263935685157776,-0.11468094323129208,0.07207131385803223,-0.30480098724365234,-0.13827354196757824,0.07484841346740723,-0.23616230487823486,-0.1375392723485902,0.013539701700210571,-0.32557612657546997,-0.05321007702798397,0.0032057762145996094,-0.43074917793273926,-0.11804736886472256,0.010175734758377075,-0.3148197531700134,-0.12436341230124981,0.024130523204803467,-0.2346651554107666,-0.1103633764788583,-0.05231332778930664,-0.31744611263275146,-0.0693581524893716,-0.05976094305515289,-0.43044567108154297,-0.09873434637040646,-0.06422430276870728,-0.5000461935997009,-0.10563254837245495,-0.0631440281867981,-0.5724000930786133,-0.1048358056351617,-2.327966332330183,1.864709066907237,1.6579487176399965,1.454822459441708,-1.6132518015773254,0.0811197305023832,0.05598803011241578,0.04828259853704831,0.39665727391484934,0.058466954338213806,0.10381870378184747,0.4136473984451536,0.050739982747508475,0.36345256109645424,0.3488290920237439,I
0.0,0.0,0.0,0.08008262515068054,-0.022333920001983643,-0.047411659518445504,0.14927658438682556,-0.08372277021408081,-0.07541936055775977,0.12170448899269104,-0.17354834079742432,-0.10171245948430396,0.042314231395721436,-0.21024078130722046,-0.11938250974770881,0.13861453533172607,-0.29683905839920044,-0.03878866673466064,0.14453017711639404,-0.38415080308914185,-0.10042649672385551,0.1257699728012085,-0.27136218547821045,-0.14014448390361167,0.11849310994148254,-0.21018338203430176,-0.15754033789988853,0.07243344187736511,-0.31910133361816406,-0.03965646938439704,0.07830578088760376,-0.4339209198951721,-0.10241721735354758,0.06903931498527527,-0.3042720556259155,-0.12913589344378806,0.07330349087715149,-0.24780619144439697,-0.13598647878524162,0.009515523910522461,-0.32488638162612915,-0.04893470720406867,0.005299270153045654,-0.4376886487007141,-0.09587053374406196,0.011307209730148315,-0.31746673583984375,-0.10050904170628883,0.022035568952560425,-0.23357051610946655,-0.0923052223121772,-0.055872827768325806,-0.3170291781425476,-0.06297304646130897,-0.0611729621887207,-0.4424654245376587,-0.07864190057870246,-0.06534188985824585,-0.5105986595153809,-0.0818895043527732,-0.06269881129264832,-0.574091374874115,-0.08292949364539481,-2.272632344313772,1.7989529271342874,1.5585934503233316,1.4345388852680183,-1.5973439092225563,0.07617890017036445,0.048697990122608614,0.03091117397361028,0.3787017211126071,0.05880116885817579,0.09925228084975843,0.40652126583146553,0.05320765236981906,0.35349490395372074,0.3509050732738888,I
0.0,0.0,0.0,0.0748445987701416,-0.0020319223403930664,-0.05360344912804749,0.14188838005065918,-0.04840826988220215,-0.08489937078155663,0.12270370125770569,-0.12744826078414917,-0.11358170699276116,0.05183729529380798,-0.17902600765228271,-0.13342112045683052,0.13900873064994812,-0.2634469270706177,-0.05205223452247765,0.1464657485485077,-0.3450169563293457,-0.11919387172855522,0.1248723566532135,-0.23213833570480347,-0.15724104385770943,0.11898735165596008,-0.16773808002471924,-0.17206279676355507,0.07343029975891113,-0.29026103019714355,-0.05098139610089447,0.08289766311645508,-0.3961181640625,-0.11985169094003822,0.06813138723373413,-0.2683671712875366,-0.14467641454137947,0.07213616371154785,-0.20932000875473022,-0.14860300462640907,0.010225892066955566,-0.29959625005722046,-0.0591176536301532,0.011795461177825928,-0.4060089588165283,-0.11407828818954613,0.010820835828781128,-0.28613513708114624,-0.11781348776020195,0.02067449688911438,-0.20614385604858398,-0.1071598355094352,-0.05416378378868103,-0.29198670387268066,-0.0720626686135688,-0.057726725935935974,-0.4102090001106262,-0.09425624947942879,-0.06413942575454712,-0.4748569130897522,-0.09954991679586556,-0.06114859879016876,-0.5413020849227905,-0.10054136555589821,-2.1743894055077773,1.7770130602731393,1.58678359462483,1.4594520410834024,-1.598804981467381,0.06809219764088478,0.03646601927597538,0.0413097773663373,0.37948619003128764,0.06264256227765871,0.10554819299449025,0.41472765328419614,0.05155958783927496,0.35773862918616267,0.34500153241490994,I
0.0,0.0,0.0,0.0748445987701416,-0.0020319223403930664,-0.05360344912804749,0.14188838005065918,-0.04840826988220215,-0.08489937078155663,0.12270370125770569,-0.12744826078414917,-0.11358170699276116,0.05183729529380798,-0.17902600765228271,-0.13342112045683052,0.13900873064994812,-0.2634469270706177,-0.05205223452247765,0.1464657485485077,-0.3450169563293457,-0.11919387172855522,0.1248723566532135,-0.23213833570480347,-0.15724104385770943,0.11898735165596008,-0.16773808002471924,-0.17206279676355507,0.07343029975891113,-0.29026103019714355,-0.05098139610089447,0.08289766311645508,-0.3961181640625,-0.11985169094003822,0.06813138723373413,-0.2683671712875366,-0.14467641454137947,0.07213616371154785,-0.20932000875473022,-0.14860300462640907,0.010225892066955566,-0.29959625005722046,-0.0591176536301532,0.011795461177825928,-0.4060089588165283,-0.11407828818954613,0.010820835828781128,-0.28613513708114624,-0.11781348776020195,0.02067449688911438,-0.20614385604858398,-0.1071598355094352,-0.05416378378868103,-0.29198670387268066,-0.0720626686135688,-0.057726725935935974,-0.4102090001106262,-0.09425624947942879,-0.06413942575454712,-0.4748569130897522,-0.09954991679586556,-0.06114859879016876,-0.5413020849227905,-0.10054136555589821,-2.1743894055077773,1.7770130602731393,1.58678359462483,1.4594520410834024,-1.598804981467381,0.06809219764088478,0.03646601927597538,0.0413097773663373,0.37948619003128764,0.06264256227765871,0.10554819299449025,0.41472765328419614,0.05155958783927496,0.35773862918616267,0.34500153241490994,I
0.0,0.0,0.0,0.07505840063095093,-0.001488029956817627,-0.052748096974312375,0.14013168215751648,-0.03903043270111084,-0.08655429431956918,0.12137839198112488,-0.11511814594268799,-0.1163725982026449,0.04990336298942566,-0.16205310821533203,-0.13730541417163522,0.13986307382583618,-0.2495870590209961,-0.05933945053976686,0.1494235098361969,-0.32310640811920166,-0.12383661964696557,0.1295328140258789,-0.2168371081352234,-0.16028242358726175,0.12376189231872559,-0.15661519765853882,-0.1755454147772184,0.07688361406326294,-0.27995121479034424,-0.05652433806818635,0.08976078033447266,-0.37850725650787354,-0.11974149742883355,0.07293429970741272,-0.2469499111175537,-0.13968685814899118,0.07593369483947754,-0.19576454162597656,-0.14238051125568063,0.016170889139175415,-0.29247599840164185,-0.06185409972232492,0.019057005643844604,-0.3924713730812073,-0.10850007632535608,0.015518248081207275,-0.2728307843208313,-0.10464323112529428,0.02280879020690918,-0.19674897193908691,-0.09222797104877145,-0.045665472745895386,-0.2847103476524353,-0.07220942327541024,-0.049113139510154724,-0.4034807085990906,-0.09087638357442529,-0.05258142948150635,-0.46762824058532715,-0.09307632395785959,-0.04555884003639221,-0.5374265313148499,-0.09329093048137338,-2.2036069539154606,1.742278815277009,1.5820793348710553,1.5015651715663476,-1.5703743803186971,0.07405844466305474,0.04259153576503371,0.04402179952937468,0.38732188032177073,0.061807828041395396,0.1086381547339645,0.4167574621363986,0.05313402483588885,0.3626201197241049,0.34746990132572814,I
0.0,0.0,0.0,0.07391241192817688,-0.006837666034698486,-0.06072573234354195,0.14366787672042847,-0.061230599880218506,-0.09623880182419953,0.11975288391113281,-0.14801043272018433,-0.12754281853352722,0.04830077290534973,-0.2029707431793213,-0.14962490891133484,0.15102165937423706,-0.2825016379356384,-0.05663579200421509,0.15275505185127258,-0.35657525062561035,-0.12166058515225586,0.13219499588012695,-0.2535364627838135,-0.15791740511571106,0.12843522429466248,-0.1951727271080017,-0.17206109558259186,0.0843343436717987,-0.3127695322036743,-0.05343787242685494,0.09060472249984741,-0.4087930917739868,-0.12499428783570465,0.07924461364746094,-0.2893626093864441,-0.15253865216885742,0.08071422576904297,-0.23316192626953125,-0.15724297856007752,0.01985076069831848,-0.3235400915145874,-0.0596734756699675,0.018948137760162354,-0.4242658019065857,-0.1189468452802771,0.01819583773612976,-0.3088776469230652,-0.12628471349393067,0.022334426641464233,-0.23425716161727905,-0.11653461550389466,-0.044388145208358765,-0.31459885835647583,-0.07114827876006302,-0.047397956252098083,-0.43156182765960693,-0.09806557987843689,-0.047720327973365784,-0.4987490177154541,-0.10657032822285828,-0.04212060570716858,-0.5740676820278168,-0.1084844121805304,-2.1630541284819778,1.823886703990149,1.616239542499499,1.542985572909282,-1.5620573895092817,0.08051297630888257,0.04429604342301289,0.04065822323922903,0.3819541382586558,0.06099567979141257,0.113070651734015,0.41551254856057257,0.058390071815706816,0.3623604974785705,0.34586939872839834,I
0.0,0.0,0.0,0.07391241192817688,-0.006837666034698486,-0.06072573234354195,0.14366787672042847,-0.061230599880218506,-0.09623880182419953,0.11975288391113281,-0.14801043272018433,-0.12754281853352722,0.04830077290534973,-0.2029707431793213,-0.14962490891133484,0.15102165937423706,-0.2825016379356384,-0.05663579200421509,0.15275505185127258,-0.35657525062561035,-0.12166058515225586,0.13219499588012695,-0.2535364627838135,-0.15791740511571106,0.12843522429466248,-0.1951727271080017,-0.17206109558259186,0.0843343436717987,-0.3127695322036743,-0.05343787242685494,0.09060472249984741,-0.4087930917739868,-0.12499428783570465,0.07924461364746094,-0.2893626093864441,-0.15253865216885742,0.08071422576904297,-0.23316192626953125,-0.15724297856007752,0.01985076069831848,-0.3235400915145874,-0.0596734756699675,0.018948137760162354,-0.4242658019065857,-0.1189468452802771,0.01819583773612976,-0.3088776469230652,-0.12628471349393067,0.022334426641464233,-0.23425716161727905,-0.11653461550389466,-0.044388145208358765,-0.31459885835647583,-0.07114827876006302,-0.047397956252098083,-0.43156182765960693,-0.09806557987843689,-0.047720327973365784,-0.4987490177154541,-0.10657032822285828,-0.04212060570716858,-0.5740676820278168,-0.1084844121805304,-2.1630541284819778,1.823886703990149,1.616239542499499,1.542985572909282,-1.5620573895092817,0.08051297630888257,0.04429604342301289,0.04065822323922903,0.3819541382586558,0.06099567979141257,0.113070651734015,0.41551254856057257,0.058390071815706816,0.3623604974785705,0.34586939872839834,I
0.0,0.0,0.0,-0.04001122713088989,-0.00739818811416626,0.017924956061989405,-0.08540469408035278,-0.012053251266479492,0.02426368837907944,-0.11608582735061646,-0.00814664363861084,0.025486505606323817,-0.13540107011795044,0.0017948746681213379,0.025207788699418643,-0.10802781581878662,-0.05263036489486694,0.014429097079784015,-0.14946293830871582,-0.02794593572616577,0.007363480997383931,-0.15379244089126587,0.007964074611663818,0.0008538756096925226,-0.1516842246055603,0.033065736293792725,-0.0025306185548004123,-0.10537302494049072,-0.04458707571029663,0.002479224248901346,-0.1479819416999817,-0.0021592378616333008,-0.0003501604792006674,-0.15680021047592163,0.035585999488830566,-0.004787850177734754,-0.1611918807029724,0.06163698434829712,-0.009364245443492791,-0.09906566143035889,-0.028076529502868652,-0.009064766562431714,-0.13776928186416626,0.01906830072402954,-0.01231730914011564,-0.15283846855163574,0.05616879463195801,-0.018318391389101407,-0.16316825151443481,0.0840194821357727,-0.024139427563994786,-0.0905258059501648,-0.004805147647857666,-0.018999204954951665,-0.1185484528541565,0.03860127925872803,-0.02080126012012329,-0.12990832328796387,0.06744539737701416,-0.023263714260309598,-0.13917744159698486,0.0915454626083374,-0.025967936015575788,2.8713841765492734,2.0419617054700874,2.054621286176666,2.0902633416820247,2.0383910864742334,0.03525631726200649,0.06516321049186166,0.08678653372450484,0.08983000065213248,0.030111654551994962,0.052231858950001445,0.059802157244096474,0.02246958497148423,0.03713694388318102,0.025143574578182795,I
0.0,0.0,0.0,-0.043476760387420654,0.03728550672531128,0.003647997326169161,-0.07788330316543579,0.052951037883758545,-5.246247184231834e-06,-0.10026079416275024,0.06999146938323975,-0.006593123960357161,-0.11623024940490723,0.08463948965072632,-0.014394251580398532,-0.11071616411209106,-0.02638840675354004,-0.0009470088496357221,-0.1491682529449463,0.0015859603881835938,-0.013753754037480803,-0.1587761640548706,0.03906428813934326,-0.025531330096583815,-0.1610013246536255,0.06813687086105347,-0.03226950294063613,-0.1032819151878357,-0.029890596866607666,-0.008209717410665007,-0.14297640323638916,0.013902008533477783,-0.014728621530395003,-0.15320366621017456,0.051313817501068115,-0.021153288844089957,-0.15765166282653809,0.07569903135299683,-0.027439336243133994,-0.0910869836807251,-0.021106243133544922,-0.01626087999628112,-0.12582814693450928,0.02507680654525757,-0.02206599800572917,-0.13798439502716064,0.05805480480194092,-0.026410969856243582,-0.14423209428787231,0.08262807130813599,-0.03077043308601901,-0.076343834400177,-0.0036460161209106445,-0.024241358923774214,-0.09911030530929565,0.033461570739746094,-0.026768593999605628,-0.10875260829925537,0.05886596441268921,-0.027270254629712554,-0.11462277173995972,0.08090180158615112,-0.028354645657401534,2.4509828527137922,2.059696157223046,2.0463050962323726,2.0442508816534386,1.995933944989847,0.047715674634690605,0.04237529096559812,0.02807399367027333,0.004068697151592014,0.008270822550493726,0.022163076895079865,0.04810315610001321,0.015102861135025479,0.04334229212027924,0.029659601967986136,I
0.0,0.0,0.0,-0.0460430383682251,0.036356985569000244,0.003619608832082122,-0.0778082013130188,0.057762861251831055,-0.0024719709628016062,-0.09622436761856079,0.0796576738357544,-0.012152035125041039,-0.10836362838745117,0.09313607215881348,-0.023284391835773022,-0.11278301477432251,-0.026739656925201416,-0.0027023135781973906,-0.15027397871017456,0.0044599175453186035,-0.01582798674746755,-0.15805327892303467,0.04205137491226196,-0.028402087614381344,-0.159076988697052,0.07023060321807861,-0.03618955738886598,-0.10414713621139526,-0.03046417236328125,-0.011424595825815231,-0.1437603235244751,0.013796508312225342,-0.019499968141758472,-0.15101569890975952,0.050582170486450195,-0.027709794566476376,-0.15237027406692505,0.07499366998672485,-0.0356486638639808,-0.09042298793792725,-0.022099792957305908,-0.020580576137149365,-0.12212330102920532,0.02650618553161621,-0.027252999470078976,-0.12251400947570801,0.056382596492767334,-0.031712563112819225,-0.11840224266052246,0.07691675424575806,-0.03644710905894044,-0.07461994886398315,-0.005478799343109131,-0.0298362796758056,-0.09662342071533203,0.02992987632751465,-0.03336363039954904,-0.10510623455047607,0.055652499198913574,-0.034074453041398556,-0.11072635650634766,0.07711249589920044,-0.03569957740648988,2.283248414018812,2.016204147551219,1.999682889157349,1.8461879897684097,1.9829294574657954,0.05564625253587492,0.04759970189541698,0.019074591741064108,0.016196835503006712,0.00822598481475264,0.04122062081896771,0.04883793689454186,0.03402242511482234,0.041697785229428484,0.007678381538237393,I
0.0,0.0,0.0,-0.0460430383682251,0.036356985569000244,0.003619608832082122,-0.0778082013130188,0.057762861251831055,-0.0024719709628016062,-0.09622436761856079,0.0796576738357544,-0.012152035125041039,-0.10836362838745117,0.09313607215881348,-0.023284391835773022,-0.11278301477432251,-0.026739656925201416,-0.0027023135781973906,-0.15027397871017456,0.0044599175453186035,-0.01582798674746755,-0.15805327892303467,0.04205137491226196,-0.028402087614381344,-0.159076988697052,0.07023060321807861,-0.03618955738886598,-0.10414713621139526,-0.03046417236328125,-0.011424595825815231,-0.1437603235244751,0.013796508312225342,-0.019499968141758472,-0.15101569890975952,0.050582170486450195,-0.027709794566476376,-0.15237027406692505,0.07499366998672485,-0.0356486638639808,-0.09042298793792725,-0.022099792957305908,-0.020580576137149365,-0.12212330102920532,0.02650618553161621,-0.027252999470078976,-0.12251400947570801,0.056382596492767334,-0.031712563112819225,-0.11840224266052246,0.07691675424575806,-0.03644710905894044,-0.07461994886398315,-0.005478799343109131,-0.0298362796758056,-0.09662342071533203,0.02992987632751465,-0.03336363039954904,-0.10510623455047607,0.055652499198913574,-0.034074453041398556,-0.11072635650634766,0.07711249589920044,-0.03569957740648988,2.283248414018812,2.016204147551219,1.999682889157349,1.8461879897684097,1.9829294574657954,0.05564625253587492,0.04759970189541698,0.019074591741064108,0.016196835503006712,0.00822598481475264,0.04122062081896771,0.04883793689454186,0.03402242511482234,0.041697785229428484,0.007678381538237393,I
0.0,0.0,0.0,-0.04982447624206543,-0.006566643714904785,0.008621145589756907,-0.09362953901290894,-0.0009815096855163574,0.006287855180460156,-0.12518912553787231,0.009695649147033691,0.00023157578533528067,-0.14783382415771484,0.02019345760345459,-0.006837718104463875,-0.11354851722717285,-0.03903275728225708,-0.004939774432671129,-0.15452057123184204,-0.02060014009475708,-0.020206221760702192,-0.16736286878585815,0.01082843542098999,-0.03141679187257296,-0.17280495166778564,0.03753179311752319,-0.03714495842297083,-0.10198229551315308,-0.03313291072845459,-0.014903569975388109,-0.1409440040588379,0.003491222858428955,-0.024798528672647535,-0.15279865264892578,0.03756856918334961,-0.030078134880852758,-0.1555924415588379,0.06315654516220093,-0.03504387979347712,-0.08644342422485352,-0.019192874431610107,-0.024797491179299413,-0.11245483160018921,0.02991431951522827,-0.033223464535069525,-0.11511170864105225,0.057473957538604736,-0.03646470923860079,-0.11146807670593262,0.07646125555038452,-0.03960506190497881,-0.06937521696090698,0.0003110170364379883,-0.03408035953481203,-0.08742296695709229,0.04052257537841797,-0.03865669240195757,-0.09668928384780884,0.06537103652954102,-0.03993159850080019,-0.10189157724380493,0.08506011962890625,-0.041453644083333074,2.7691715036381233,2.2294443554397554,2.0788149645286875,1.8266774800161991,1.937153255917672,0.030400248149030418,0.04365802373627915,0.06699651239820874,0.07948819971431506,0.030869052813486914,0.07264788555352147,0.08536772512588302,0.0460866020898237,0.05799611540956934,0.01287050136509931,I
0.0,0.0,0.0,-0.04204130172729492,-0.010822594165802002,0.005482227978262699,-0.08191388845443726,-0.004156768321990967,0.0025997797203842765,-0.11105066537857056,0.009010910987854004,-0.003559330972876751,-0.1312231421470642,0.02041691541671753,-0.010552287596311771,-0.10481590032577515,-0.041430652141571045,-0.0056325374460186595,-0.1487053632736206,-0.02947789430618286,-0.0196738285301592,-0.16154813766479492,-0.0026555657386779785,-0.030128969374146664,-0.16372936964035034,0.019147157669067383,-0.03592383538469335,-0.09455758333206177,-0.036379456520080566,-0.014976220699992382,-0.13850504159927368,-0.011171877384185791,-0.025700886297073566,-0.14937067031860352,0.019482135772705078,-0.03273275544032117,-0.15128034353256226,0.04406416416168213,-0.03833105464562436,-0.07825273275375366,-0.02443087100982666,-0.024454108002629482,-0.11023032665252686,0.014776527881622314,-0.03576630775913259,-0.11597484350204468,0.048510193824768066,-0.040925406414118015,-0.11468285322189331,0.07377451658248901,-0.044418462115373814,-0.06006389856338501,-0.0069945454597473145,-0.033339269953813755,-0.08101725578308105,0.024886131286621094,-0.04222141628250142,-0.09259754419326782,0.05205821990966797,-0.045565553504076206,-0.09962195158004761,0.07521194219589233,-0.04788221095785161,2.679259138611903,2.342266838811498,2.18495321619475,1.9260190397669683,2.019294013725453,0.032531017669033796,0.031007800641526556,0.0558624628878254,0.06325448762722992,0.027853823141274426,0.07341463828584706,0.08516467057646462,0.047138957752670484,0.060322247434823395,0.015129340721241573,I
0.0,0.0,0.0,-0.04204130172729492,-0.010822594165802002,0.005482227978262699,-0.08191388845443726,-0.004156768321990967,0.0025997797203842765,-0.11105066537857056,0.009010910987854004,-0.003559330972876751,-0.1312231421470642,0.02041691541671753,-0.010552287596311771,-0.10481590032577515,-0.041430652141571045,-0.0056325374460186595,-0.1487053632736206,-0.02947789430618286,-0.0196738285301592,-0.16154813766479492,-0.0026555657386779785,-0.030128969374146664,-0.16372936964035034,0.019147157669067383,-0.03592383538469335,-0.09455758333206177,-0.036379456520080566,-0.014976220699992382,-0.13850504159927368,-0.011171877384185791,-0.025700886297073566,-0.14937067031860352,0.019482135772705078,-0.03273275544032117,-0.15128034353256226,0.04406416416168213,-0.03833105464562436,-0.07825273275375366,-0.02443087100982666,-0.024454108002629482,-0.11023032665252686,0.014776527881622314,-0.03576630775913259,-0.11597484350204468,0.048510193824768066,-0.040925406414118015,-0.11468285322189331,0.07377451658248901,-0.044418462115373814,-0.06006389856338501,-0.0069945454597473145,-0.033339269953813755,-0.08101725578308105,0.024886131286621094,-0.04222141628250142,-0.09259754419326782,0.05205821990966797,-0.045565553504076206,-0.09962195158004761,0.07521194219589233,-0.04788221095785161,2.679259138611903,2.342266838811498,2.18495321619475,1.9260190397669683,2.019294013725453,0.032531017669033796,0.031007800641526556,0.0558624628878254,0.06325448762722992,0.027853823141274426,0.07341463828584706,0.08516467057646462,0.047138957752670484,0.060322247434823395,0.015129340721241573,I
0.0,0.0,0.0,-0.041108787059783936,-0.019527852535247803,0.0024483967444552945,-0.08580666780471802,-0.01879870891571045,-3.401546388204224e-05,-0.1173398494720459,-0.005835771560668945,-0.004230514414359732,-0.13701248168945312,0.007030010223388672,-0.009633133433510466,-0.10254639387130737,-0.05178636312484741,-0.011067851692189379,-0.13975411653518677,-0.01708465814590454,-0.02353463160221736,-0.14379125833511353,0.02002626657485962,-0.032634109504272146,-0.13969016075134277,0.04159283638000488,-0.038392562664796515,-0.08678293228149414,-0.04125267267227173,-0.017933245993901892,-0.12118977308273315,0.0010576248168945312,-0.02697791369979541,-0.12887483835220337,0.03701215982437134,-0.03200839484458129,-0.13015961647033691,0.06119537353515625,-0.03732921207671325,-0.06704068183898926,-0.02263033390045166,-0.024692474178721113,-0.09742486476898193,0.01663154363632202,-0.034395948298026724,-0.10909461975097656,0.04844444990158081,-0.038926426566888495,-0.11351275444030762,0.07122588157653809,-0.04333430925731818,-0.04604989290237427,0.0002512931823730469,-0.03080250906174342,-0.06545281410217285,0.036246299743652344,-0.04143583054070632,-0.07748657464981079,0.06328773498535156,-0.04589486519222419,-0.08466708660125732,0.08504223823547363,-0.04900246510629813,2.6744233563115456,1.9493817967273335,1.9713124813485718,2.030549290125328,1.9981649954201122,0.0346663946364625,0.05459714593646036,0.06836188323601348,0.09394651726567008,0.021796576272692537,0.039539524134627656,0.07010983676007107,0.019435254230780127,0.051363831924072234,0.031983812537090275,I
0.0,0.0,0.0,-0.03277170658111572,-0.030011773109436035,0.005346535867346347,-0.07547903060913086,-0.040460050106048584,0.00398695159171325,-0.10559999942779541,-0.033508121967315674,0.0002684714731628901,-0.1264638900756836,-0.020325899124145508,-0.004522291781114518,-0.10589587688446045,-0.0698099136352539,-0.00315532910238403,-0.14401507377624512,-0.03107661008834839,-0.01420377690877217,-0.15093815326690674,0.0029035210609436035,-0.02362645447786349,-0.14778989553451538,0.025114119052886963,-0.028994649952011287,-0.09886634349822998,-0.060963451862335205,-0.010502499831574141,-0.1358811855316162,-0.016764283180236816,-0.016767502134399592,-0.1446077823638916,0.015940308570861816,-0.02162982926304835,-0.14532577991485596,0.04166972637176514,-0.026393710007624804,-0.08553969860076904,-0.04425239562988281,-0.017842879822211444,-0.11866676807403564,-0.004788994789123535,-0.023535207217292964,-0.1298343539237976,0.023566007614135742,-0.027022958105163752,-0.1342921257019043,0.0473368763923645,-0.03089818575020331,-0.06786835193634033,-0.023228466510772705,-0.024673529272632777,-0.08629703521728516,0.007063150405883789,-0.03113966279263991,-0.09481734037399292,0.02880120277404785,-0.03367414355810183,-0.1010703444480896,0.05020856857299805,-0.035399515485124766,2.7654866430266916,1.9864274703958382,1.9958722533082784,2.0599441950612483,1.9954077795084026,0.050195555189271136,0.06480145421928646,0.06811411354203516,0.07496628103927849,0.016737980746910366,0.026000783338650562,0.0530325169158937,0.012403955604844984,0.04507166953298577,0.03334566487051391,I
0.0,0.0,0.0,0.011702880263328552,-0.008427143096923828,-0.019354885025521185,0.020729511976242065,-0.027381181716918945,-0.029620650737186338,0.025214433670043945,-0.04013657569885254,-0.03722307975461092,0.026838243007659912,-0.05010765790939331,-0.04471080522110071,0.015003249049186707,-0.07695358991622925,-0.02337994943430033,0.01611863076686859,-0.11558902263641357,-0.03432009141018,0.0158587247133255,-0.14224198460578918,-0.042843801482220556,0.014968127012252808,-0.16464945673942566,-0.0489486619370183,0.007720723748207092,-0.08432197570800781,-0.018811862497230436,0.006212890148162842,-0.12397691607475281,-0.029273017822404768,0.005562841892242432,-0.14972996711730957,-0.03718517120053377,0.003989577293395996,-0.17152047157287598,-0.042988499207993414,0.001307457685470581,-0.0868523120880127,-0.015636290936370756,-0.000470578670501709,-0.124988853931427,-0.02431967440118399,-0.000937148928642273,-0.1483950912952423,-0.030022592796584036,-0.002084970474243164,-0.16828688979148865,-0.03372191409637537,-0.004347071051597595,-0.0849299430847168,-0.014056459582050707,-0.002997860312461853,-0.11634653806686401,-0.020744479774137403,-0.001237332820892334,-0.13685494661331177,-0.024300895212789442,-0.00018212199211120605,-0.1538030207157135,-0.02674269448091593,-1.3082092755696058,-1.5711968249748949,-1.6135593559850459,-1.6124305793612947,-1.5103970634868975,0.11515521409369191,0.12354405225103207,0.12166709960528277,0.10715796000416968,0.012951424584612507,0.017436715662422653,0.01863263854934973,0.006881582791643937,0.01820195428531422,0.01460832967009396,I
0.0,0.0,0.0,0.01588428020477295,-0.018647432327270508,-0.012259741165479454,0.02635614573955536,-0.046188950538635254,-0.017312452980121407,0.02957804501056671,-0.06705304980278015,-0.020838565044840607,0.02970150113105774,-0.08110207319259644,-0.024851725288471016,0.01862575113773346,-0.08089810609817505,-0.013646267206212315,0.019779324531555176,-0.11800003051757812,-0.022157220952948364,0.018727660179138184,-0.1446387767791748,-0.029551192038496765,0.016446024179458618,-0.16723096370697021,-0.03502400484009627,0.008355513215065002,-0.08465158939361572,-0.011605175995072159,0.007413759827613831,-0.12288349866867065,-0.02004875693543795,0.006050243973731995,-0.1493353545665741,-0.02782267224117163,0.0036763995885849,-0.1725425124168396,-0.033551438563307556,-0.0019816607236862183,-0.08373323082923889,-0.010499961525937351,-0.0044144392013549805,-0.12090596556663513,-0.018252962120612892,-0.006091192364692688,-0.1459456980228424,-0.02394079309030417,-0.008127570152282715,-0.16780662536621094,-0.027681992240985664,-0.012942716479301453,-0.07866707444190979,-0.010289665163298878,-0.0151376873254776,-0.10848897695541382,-0.01708659049197081,-0.015409037470817566,-0.12902486324310303,-0.020503765755137238,-0.015950486063957214,-0.14631617069244385,-0.022651121803363594,-1.4752685462692146,-1.5960389057368174,-1.6239838502094333,-1.643768243798199,-1.6152284059815565,0.08714294836905256,0.0950718666894604,0.09459766382837946,0.07960516596034088,0.01383025169290718,0.024580336139420664,0.038561151989952636,0.01271858198855637,0.032757222725114304,0.022870016516093026,I
0.0,0.0,0.0,0.010537475347518921,-0.010494232177734375,-0.017092732613349426,0.017580091953277588,-0.029823780059814453,-0.024221902613902557,0.01911674439907074,-0.046628713607788086,-0.029741514374876488,0.017530903220176697,-0.06073731184005737,-0.03507434008028554,0.011435478925704956,-0.08385151624679565,-0.010777156700754631,0.010669082403182983,-0.11921578645706177,-0.019262371485496033,0.009708389639854431,-0.1460552215576172,-0.027507288282180298,0.008338510990142822,-0.1691516935825348,-0.03378750187661694,0.004607707262039185,-0.09189695119857788,-0.00758624346312331,0.003990769386291504,-0.12888392806053162,-0.01612274525072621,0.004749953746795654,-0.15499550104141235,-0.02438724962379979,0.00488261878490448,-0.17695125937461853,-0.03036540177967595,-0.0012842267751693726,-0.0946272611618042,-0.006483548221552837,-0.0008877217769622803,-0.1316089630126953,-0.014780008134806621,0.000511467456817627,-0.15606221556663513,-0.021033275773191917,0.00148695707321167,-0.176523357629776,-0.02476932284739064,-0.006388440728187561,-0.09230846166610718,-0.007048355781847704,-0.0041114091873168945,-0.12441879510879517,-0.013846326520109642,-0.002003192901611328,-0.14516210556030273,-0.01734262881186055,0.0004334747791290283,-0.16273808479309082,-0.01944933449235009,-1.5723874970286367,-1.6070870863699145,-1.5675641499489563,-1.5369714312464886,-1.4742361042382008,0.10880339261031527,0.11690021685489417,0.11689232912208368,0.10342378712033816,0.008530909534115925,0.010064055936947255,0.010179586199913642,0.003422516378849899,0.014893260692981676,0.01382546824255135,I
0.0,0.0,0.0,0.016988858580589294,-0.012904584407806396,-0.008561291175425367,0.02594733238220215,-0.03513813018798828,-0.01233902052277358,0.026448756456375122,-0.05362147092819214,-0.015352610873520689,0.0240488201379776,-0.06806516647338867,-0.018701268734872656,0.02082809805870056,-0.07549053430557251,-0.009547409045040922,0.022886797785758972,-0.1113787591457367,-0.01752882860833438,0.023546278476715088,-0.13839423656463623,-0.024429133536756353,0.023674339056015015,-0.1601736843585968,-0.029269462826192694,0.010709166526794434,-0.08087873458862305,-0.00928616095566781,0.011200964450836182,-0.1187087893486023,-0.016549580174029188,0.011521801352500916,-0.14565491676330566,-0.02277939617866309,0.011441275477409363,-0.16774317622184753,-0.027186731251418905,6.133317947387695e-05,-0.08149605989456177,-0.009825337121725397,0.00021335482597351074,-0.11751580238342285,-0.01641309671336444,-3.802776336669922e-05,-0.14188891649246216,-0.02050179839366706,-0.0002923309803009033,-0.16216903924942017,-0.022926696019709425,-0.010909929871559143,-0.07728737592697144,-0.011112373697102385,-0.009883731603622437,-0.10614383220672607,-0.017358139532149153,-0.008542612195014954,-0.12601786851882935,-0.019830562549174147,-0.00725005567073822,-0.14225777983665466,-0.020894799756348448,-1.6283907173039511,-1.5371984982309486,-1.5623683486410123,-1.5751802220838036,-1.5145243917224394,0.09210927913674308,0.10047216435302905,0.09720097998071003,0.08052430381295135,0.014385584853805117,0.024049588640348424,0.035739303631371865,0.01299032422581522,0.031604925075059326,0.02109189854589586,I
0.0,0.0,0.0,0.016458064317703247,-0.012602150440216064,-0.011995482862658946,0.028443709015846252,-0.036203742027282715,-0.017283429995842425,0.03488129377365112,-0.05676466226577759,-0.020666118384070842,0.03784170746803284,-0.07219040393829346,-0.02448590998417899,0.019698485732078552,-0.07075011730194092,-0.019178621143765895,0.0219576358795166,-0.10929253697395325,-0.030408952058024852,0.022445648908615112,-0.13873517513275146,-0.03870098818904921,0.022383004426956177,-0.1621537208557129,-0.04436666299469039,0.009293481707572937,-0.07926619052886963,-0.017585547313757388,0.010287314653396606,-0.11851242184638977,-0.02818570067054793,0.011166691780090332,-0.14686524868011475,-0.03545600329405829,0.011875942349433899,-0.17027920484542847,-0.04044883106715247,-0.0017801374197006226,-0.08190476894378662,-0.016656150714226214,-0.0017193406820297241,-0.11885946989059448,-0.02635592934555575,-0.0013044774532318115,-0.1461484134197235,-0.03172479723460242,-0.0008175075054168701,-0.16910570859909058,-0.035018963412113635,-0.013745546340942383,-0.07883381843566895,-0.016483192936249225,-0.014124199748039246,-0.10770952701568604,-0.025846665397949664,-0.012741848826408386,-0.12837621569633484,-0.029899231762357203,-0.01095426082611084,-0.14483723044395447,-0.031981521890230624,-1.3153492626068977,-1.541434823452553,-1.5424293077198126,-1.5597575602683924,-1.528531492410516,0.09128181577124898,0.10146740275376037,0.10434132057750908,0.08751347280908629,0.013282388473765963,0.024219700400877335,0.03756639581772346,0.012747578697846118,0.03418350828223913,0.0263004334536699,I
0.0,0.0,0.0,0.016458064317703247,-0.012602150440216064,-0.011995482862658946,0.028443709015846252,-0.036203742027282715,-0.017283429995842425,0.03488129377365112,-0.05676466226577759,-0.020666118384070842,0.03784170746803284,-0.07219040393829346,-0.02448590998417899,0.019698485732078552,-0.07075011730194092,-0.019178621143765895,0.0219576358795166,-0.10929253697395325,-0.030408952058024852,0.022445648908615112,-0.13873517513275146,-0.03870098818904921,0.022383004426956177,-0.1621537208557129,-0.04436666299469039,0.009293481707572937,-0.07926619052886963,-0.017585547313757388,0.010287314653396606,-0.11851242184638977,-0.02818570067054793,0.011166691780090332,-0.14686524868011475,-0.03545600329405829,0.011875942349433899,-0.17027920484542847,-0.04044883106715247,-0.0017801374197006226,-0.08190476894378662,-0.016656150714226214,-0.0017193406820297241,-0.11885946989059448,-0.02635592934555575,-0.0013044774532318115,-0.1461484134197235,-0.03172479723460242,-0.0008175075054168701,-0.16910570859909058,-0.035018963412113635,-0.013745546340942383,-0.07883381843566895,-0.016483192936249225,-0.014124199748039246,-0.10770952701568604,-0.025846665397949664,-0.012741848826408386,-0.12837621569633484,-0.029899231762357203,-0.01095426082611084,-0.14483723044395447,-0.031981521890230624,-1.3153492626068977,-1.541434823452553,-1.5424293077198126,-1.5597575602683924,-1.528531492410516,0.09128181577124898,0.10146740275376037,0.10434132057750908,0.08751347280908629,0.013282388473765963,0.024219700400877335,0.03756639581772346,0.012747578697846118,0.03418350828223913,0.0263004334536699,I
0.0,0.0,0.0,0.020400196313858032,-0.015403449535369873,-0.004276014683348706,0.03683401644229889,-0.039325594902038574,-0.004421630693180134,0.049957990646362305,-0.05653858184814453,-0.004240765055222084,0.05787678062915802,-0.06890678405761719,-0.004181385790509751,0.022174164652824402,-0.06659799814224243,-0.0053450346976049445,0.026845335960388184,-0.10656699538230896,-0.012192141549242308,0.029432088136672974,-0.1373189091682434,-0.017629171074879935,0.03058876097202301,-0.16191822290420532,-0.021669311733496954,0.012006521224975586,-0.07633471488952637,-0.006793941190046837,0.01449468731880188,-0.11720624566078186,-0.013857610808265974,0.01652754843235016,-0.14724382758140564,-0.020085405842912962,0.018558531999588013,-0.17349845170974731,-0.024466822208417227,0.0017861872911453247,-0.08210557699203491,-0.008770054490817358,0.003094300627708435,-0.12168562412261963,-0.015966613130224516,0.004390716552734375,-0.15101099014282227,-0.021029020012868216,0.0060651302337646484,-0.17723947763442993,-0.02418699702764826,-0.007988423109054565,-0.08260011672973633,-0.011024328233254721,-0.006468728184700012,-0.11489537358283997,-0.018356045992625525,-0.0040988922119140625,-0.13827717304229736,-0.021986911357892325,-0.0009908229112625122,-0.15772873163223267,-0.0239375571771987,-0.9524893012332645,-1.482747436087074,-1.5034655821216651,-1.5258485118299854,-1.4779226684303517,0.09693174801436726,0.11173782536612356,0.12008505158554111,0.10655859006921907,0.01669814685280732,0.028916246490422653,0.03185627026755332,0.013041486213289717,0.02511695341305478,0.02074742596919134,I
0.0,0.0,0.0,0.06809380650520325,0.019190967082977295,-0.06083195084165993,0.13317561149597168,0.0061318278312683105,-0.10307040610742035,0.1288156509399414,-0.04302877187728882,-0.1422538811845726,0.07484248280525208,-0.09088677167892456,-0.17576926001738968,0.1435638964176178,-0.20578914880752563,-0.074942780522818,0.16159594058990479,-0.2613915801048279,-0.1452874595804161,0.1473540961742401,-0.16800737380981445,-0.18244295367431107,0.14252319931983948,-0.10092431306838989,-0.19584113904666367,0.07939350605010986,-0.23752713203430176,-0.07500505992602768,0.09476783871650696,-0.32067614793777466,-0.15467085489463273,0.08989095687866211,-0.20163065195083618,-0.18353358456324997,0.09042072296142578,-0.12676477432250977,-0.18694072016906205,0.01387697458267212,-0.2497119903564453,-0.08374303379487458,0.025049179792404175,-0.3253833055496216,-0.15505953678321305,0.032750099897384644,-0.20440620183944702,-0.16781835803222123,0.03886261582374573,-0.124911367893219,-0.15837692269515458,-0.04694889485836029,-0.24211657047271729,-0.09661636301707688,-0.04615543782711029,-0.33849501609802246,-0.13478516587447587,-0.04050371050834656,-0.3965309262275696,-0.14859167286586228,-0.032482266426086426,-0.46580785512924194,-0.15225551077556077,-2.112139704941727,1.580720177117353,1.4715658705396597,1.373204178422027,-1.5062139716988143,0.06842098819129386,0.03911409771497394,0.04951993513275911,0.3899800259155968,0.058158382719129396,0.10639969628678449,0.4046812477837613,0.051591409430375434,0.36063188356453907,0.34828222353875943,I
0.0,0.0,0.0,0.07150508463382721,0.010899782180786133,-0.05591403855399957,0.14076943695545197,0.0026941299438476562,-0.09316124556975236,0.15693755447864532,-0.0304449200630188,-0.12889920710043778,0.11829622089862823,-0.07108098268508911,-0.16001727221922746,0.153376504778862,-0.2095937728881836,-0.061471393093632365,0.17299030721187592,-0.2654287815093994,-0.13083230493979325,0.159129336476326,-0.17673581838607788,-0.171237250551747,0.1518363207578659,-0.09590780735015869,-0.18534333048777452,0.08859081566333771,-0.2380046248435974,-0.0639248171301352,0.10525710880756378,-0.3168351650238037,-0.14410231052355638,0.09918926656246185,-0.20032376050949097,-0.18001260398344865,0.09596268832683563,-0.11090171337127686,-0.18737268982844224,0.021341189742088318,-0.2501674294471741,-0.07514878897385469,0.034721001982688904,-0.3223785161972046,-0.14741133688406816,0.040422067046165466,-0.2030702829360962,-0.16901177702860704,0.046374812722206116,-0.11419713497161865,-0.16394776640848985,-0.0412835031747818,-0.24204617738723755,-0.09004121808724275,-0.033629849553108215,-0.33971738815307617,-0.1266488933415877,-0.026147618889808655,-0.39759695529937744,-0.14245325861887803,-0.01581275463104248,-0.46064239740371704,-0.14718472002463212,-1.8664842762762197,1.584343203891407,1.5128619875158262,1.3887243056937355,-1.454799774200183,0.0417290009647696,0.0456560759320949,0.0838551819631603,0.41199916644963813,0.057850497135357455,0.10703564444614062,0.4014193987094958,0.049697255563101374,0.367167939390014,0.3519824049508162,I
0.0,0.0,0.0,0.0686747133731842,0.024155616760253906,-0.05644762651972712,0.1356101930141449,0.030765295028686523,-0.09473290057830752,0.15832766890525818,0.000830531120300293,-0.13024390997343005,0.12989720702171326,-0.05657869577407837,-0.1613089865630144,0.14221730828285217,-0.18816286325454712,-0.07055907459907473,0.16615304350852966,-0.24638581275939941,-0.14289413155965747,0.15473335981369019,-0.1593363881111145,-0.18889683248453082,0.1479319930076599,-0.07353579998016357,-0.2075138217394823,0.07826051115989685,-0.21655148267745972,-0.07277280600719394,0.10700803995132446,-0.3005194067955017,-0.15210534395627917,0.09884387254714966,-0.18565523624420166,-0.19223144413881244,0.09282410144805908,-0.09235846996307373,-0.20516869189195575,0.014152765274047852,-0.2342347502708435,-0.08292394639902056,0.030182480812072754,-0.30413001775741577,-0.15132793547563494,0.03607445955276489,-0.19463235139846802,-0.17630634965352954,0.04174944758415222,-0.10471707582473755,-0.1774813956206316,-0.04469418525695801,-0.23466014862060547,-0.09683594616107882,-0.041548728942871094,-0.32888084650039673,-0.1310098892634386,-0.03920668363571167,-0.3837388753890991,-0.14755223454885424,-0.03304417431354523,-0.4388639032840729,-0.1554191237872118,-1.6361111779461481,1.5209829840100995,1.4540636742361244,1.3608630286573302,-1.513807188289225,0.024754734670663112,0.051522882274682644,0.1004357064383172,0.4155621176580003,0.058233775572516945,0.1106661868680343,0.40769718689476464,0.052548600420580634,0.36865815895511206,0.3424152277246363,I
0.0,0.0,0.0,0.0686747133731842,0.024155616760253906,-0.05644762651972712,0.1356101930141449,0.030765295028686523,-0.09473290057830752,0.15832766890525818,0.000830531120300293,-0.13024390997343005,0.12989720702171326,-0.05657869577407837,-0.1613089865630144,0.14221730828285217,-0.18816286325454712,-0.07055907459907473,0.16615304350852966,-0.24638581275939941,-0.14289413155965747,0.15473335981369019,-0.1593363881111145,-0.18889683248453082,0.1479319930076599,-0.07353579998016357,-0.2075138217394823,0.07826051115989685,-0.21655148267745972,-0.07277280600719394,0.10700803995132446,-0.3005194067955017,-0.15210534395627917,0.09884387254714966,-0.18565523624420166,-0.19223144413881244,0.09282410144805908,-0.09235846996307373,-0.20516869189195575,0.014152765274047852,-0.2342347502708435,-0.08292394639902056,0.030182480812072754,-0.30413001775741577,-0.15132793547563494,0.03607445955276489,-0.19463235139846802,-0.17630634965352954,0.04174944758415222,-0.10471707582473755,-0.1774813956206316,-0.04469418525695801,-0.23466014862060547,-0.09683594616107882,-0.041548728942871094,-0.32888084650039673,-0.1310098892634386,-0.03920668363571167,-0.3837388753890991,-0.14755223454885424,-0.03304417431354523,-0.4388639032840729,-0.1554191237872118,-1.6361111779461481,1.5209829840100995,1.4540636742361244,1.3608630286573302,-1.513807188289225,0.024754734670663112,0.051522882274682644,0.1004357064383172,0.4155621176580003,0.058233775572516945,0.1106661868680343,0.40769718689476464,0.052548600420580634,0.36865815895511206,0.3424152277246363,I
0.0,0.0,0.0,0.06951794028282166,0.03068840503692627,-0.06422177417824315,0.135890930891037,0.043107450008392334,-0.10916040553400563,0.14325451850891113,0.017471253871917725,-0.1507476837808852,0.09829390048980713,-0.021874725818634033,-0.187528190153337,0.14316105842590332,-0.1766350269317627,-0.08619918389866399,0.16692247986793518,-0.23080384731292725,-0.16305558099100637,0.1509137749671936,-0.14111089706420898,-0.2065106154854064,0.14336416125297546,-0.06395179033279419,-0.22222706391165303,0.08102551102638245,-0.2043800950050354,-0.08647060854980992,0.1002514660358429,-0.2854679822921753,-0.1702198506767516,0.09665036201477051,-0.17750829458236694,-0.20799292339632558,0.09814628958702087,-0.09625577926635742,-0.2187301935131316,0.017824620008468628,-0.21898263692855835,-0.09529648436853932,0.032914817333221436,-0.2818770408630371,-0.16868111206839131,0.03844714164733887,-0.16951137781143188,-0.19248416735479879,0.044002681970596313,-0.08476150035858154,-0.19080902351687,-0.039510682225227356,-0.21755045652389526,-0.10841273977110433,-0.029446378350257874,-0.3107144236564636,-0.14477334632227468,-0.022832795977592468,-0.3682144284248352,-0.16280345334360646,-0.014065101742744446,-0.42730388045310974,-0.17081315531084584,-2.0953127946876435,1.5689939060155444,1.413756669158497,1.3781775905118427,-1.450074353107941,0.06165880118351951,0.07438119991618651,0.08307997845653843,0.42071052376939677,0.05557160802980704,0.10151722807750424,0.3959908007039778,0.05535023661495124,0.3495486255780674,0.34742934485475396,I
0.0,0.0,0.0,0.07543513178825378,0.013949692249298096,-0.046579579631639945,0.14454326033592224,0.006875157356262207,-0.08076544738824509,0.1405286192893982,-0.045255303382873535,-0.11445815748984955,0.08664903044700623,-0.09769713878631592,-0.14259903765733384,0.1492532193660736,-0.22390663623809814,-0.05440470836575173,0.1684446930885315,-0.2721187472343445,-0.1241313952904477,0.1513744294643402,-0.1800159215927124,-0.1674329105716481,0.1421569585800171,-0.10870528221130371,-0.18494016564901017,0.08569145202636719,-0.2512608766555786,-0.05946970246250771,0.104617178440094,-0.3257259726524353,-0.1357319567304387,0.09113937616348267,-0.2030370831489563,-0.17104796207959794,0.08519932627677917,-0.1215316653251648,-0.18154961503560685,0.02509939670562744,-0.2638728618621826,-0.07222378886754655,0.043387919664382935,-0.3506057858467102,-0.13414949811513566,0.04338604211807251,-0.23362404108047485,-0.1487951341968312,0.04450976848602295,-0.143546462059021,-0.14414618052060746,-0.03295719623565674,-0.25817614793777466,-0.08870827294404648,-0.025068014860153198,-0.3603152632713318,-0.1160357583266034,-0.01625664532184601,-0.41887474060058594,-0.12725112474973344,-0.0009555518627166748,-0.48219946026802063,-0.1319196436506047,-2.0764212587392348,1.632317355398293,1.574589793076795,1.4108598113728055,-1.4289066475057246,0.056588950399213106,0.023878574025939344,0.06227260909245242,0.39435592814928144,0.05838397024333299,0.10367681296429597,0.39997386375547606,0.04626328337288974,0.3708152118457026,0.341691305933233,I
0.0,0.0,0.0,0.07543513178825378,0.013949692249298096,-0.046579579631639945,0.14454326033592224,0.006875157356262207,-0.08076544738824509,0.1405286192893982,-0.045255303382873535,-0.11445815748984955,0.08664903044700623,-0.09769713878631592,-0.14259903765733384,0.1492532193660736,-0.22390663623809814,-0.05440470836575173,0.1684446930885315,-0.2721187472343445,-0.1241313952904477,0.1513744294643402,-0.1800159215927124,-0.1674329105716481,0.1421569585800171,-0.10870528221130371,-0.18494016564901017,0.08569145202636719,-0.2512608766555786,-0.05946970246250771,0.104617178440094,-0.3257259726524353,-0.1357319567304387,0.09113937616348267,-0.2030370831489563,-0.17104796207959794,0.08519932627677917,-0.1215316653251648,-0.18154961503560685,0.02509939670562744,-0.2638728618621826,-0.07222378886754655,0.043387919664382935,-0.3506057858467102,-0.13414949811513566,0.04338604211807251,-0.23362404108047485,-0.1487951341968312,0.04450976848602295,-0.143546462059021,-0.14414618052060746,-0.03295719623565674,-0.25817614793777466,-0.08870827294404648,-0.025068014860153198,-0.3603152632713318,-0.1160357583266034,-0.01625664532184601,-0.41887474060058594,-0.12725112474973344,-0.0009555518627166748,-0.48219946026802063,-0.1319196436506047,-2.0764212587392348,1.632317355398293,1.574589793076795,1.4108598113728055,-1.4289066475057246,0.056588950399213106,0.023878574025939344,0.06227260909245242,0.39435592814928144,0.05838397024333299,0.10367681296429597,0.39997386375547606,0.04626328337288974,0.3708152118457026,0.341691305933233,I
0.0,0.0,0.0,0.07610368728637695,0.0002950429916381836,-0.04562172227221595,0.14346137642860413,-0.023077726364135742,-0.07754314251857863,0.12990078330039978,-0.08301401138305664,-0.10790635206419097,0.07245862483978271,-0.12825053930282593,-0.13213898547607528,0.14428287744522095,-0.2433415651321411,-0.0473698110194789,0.1673576533794403,-0.30151063203811646,-0.11253244735914336,0.15392053127288818,-0.2137342095375061,-0.153972330770074,0.14475882053375244,-0.1443076729774475,-0.1705976159186946,0.08220693469047546,-0.269855797290802,-0.04944387011843787,0.10426023602485657,-0.36260879039764404,-0.11852894284444915,0.08946770429611206,-0.24249356985092163,-0.15087496050315963,0.08463507890701294,-0.1673046350479126,-0.1596543968530284,0.023375272750854492,-0.2821234464645386,-0.058977290323554143,0.04215678572654724,-0.3867948651313782,-0.11289473184066878,0.039503127336502075,-0.274553120136261,-0.12392556228357421,0.039882123470306396,-0.18775713443756104,-0.11801159687954055,-0.033353790640830994,-0.2758338451385498,-0.07236633755880462,-0.02464534342288971,-0.3878225088119507,-0.09478511967378722,-0.017650187015533447,-0.45068901777267456,-0.10330520876365767,-0.003114759922027588,-0.5175864696502686,-0.10646722026783095,-2.1646185139439362,1.565990503111177,1.5471233565286555,1.3976252465791519,-1.4463600694640952,0.074061797434514,0.04090829290153482,0.06783998309260382,0.3966028279574735,0.06437176843670941,0.11352082314761341,0.4015017507338185,0.04920499722186164,0.3611057987168232,0.3326200871088674,I
0.0,0.0,0.0,0.06599578261375427,0.01641923189163208,-0.05732118245394169,0.13240915536880493,0.01958388090133667,-0.09701625537307201,0.14572185277938843,0.00020396709442138672,-0.13416721206338345,0.10076245665550232,-0.03603029251098633,-0.1659479616227859,0.1475566327571869,-0.19154953956604004,-0.06967620831162868,0.1709771454334259,-0.25546377897262573,-0.13833476882607876,0.15265217423439026,-0.16669893264770508,-0.17989729624421535,0.1404227912425995,-0.0863116979598999,-0.19651977997453152,0.08459028601646423,-0.22525423765182495,-0.07178413402469097,0.10532340407371521,-0.3110847473144531,-0.1484631327930206,0.09576508402824402,-0.19494807720184326,-0.18506332021386562,0.09221979975700378,-0.10968798398971558,-0.196545260960173,0.02175229787826538,-0.24413424730300903,-0.08211987745196758,0.03756648302078247,-0.3259432911872864,-0.1482168016973251,0.04159289598464966,-0.21442878246307373,-0.17081065755517422,0.04561147093772888,-0.13116943836212158,-0.17116983514459072,-0.036886557936668396,-0.24309170246124268,-0.09670561086566387,-0.03135800361633301,-0.33971816301345825,-0.12968725245625912,-0.025866806507110596,-0.4003124237060547,-0.14700597804219662,-0.016709670424461365,-0.46715161204338074,-0.1560765532794708,-2.0881401016997367,1.6384805773097533,1.5048734633180314,1.3626465750541803,-1.4809872589354807,0.06404031443925405,0.07415141604083585,0.10996857868921302,0.44683922477334515,0.05357218622296618,0.10488757472620806,0.4119825853948968,0.05132045593405628,0.3736922194203457,0.3417132506828933,I
0.0,0.0,0.0,0.06631679832935333,0.01136016845703125,-0.05700303483419944,0.13005127012729645,-0.00019401311874389648,-0.0942057618837886,0.1318979412317276,-0.03566145896911621,-0.12832095715814162,0.08848486840724945,-0.07251155376434326,-0.15775991473012496,0.1459382027387619,-0.22175699472427368,-0.06621551755481292,0.16311679780483246,-0.2797485589981079,-0.12981436643415023,0.1434047669172287,-0.1869271993637085,-0.16769781205468703,0.13111512362957,-0.1045641303062439,-0.18199106547647048,0.08192871510982513,-0.25545191764831543,-0.06624963376336623,0.09978269040584564,-0.33466947078704834,-0.13778429720216323,0.0886210948228836,-0.21737432479858398,-0.17071492466741134,0.08342038094997406,-0.1305142045021057,-0.17936206850820113,0.01681666076183319,-0.27008765935897827,-0.0743095004897647,0.03191603720188141,-0.3450019359588623,-0.1362192878466182,0.0352395623922348,-0.23315495252609253,-0.15673177931123305,0.038423314690589905,-0.14827758073806763,-0.1554751047831111,-0.04381689429283142,-0.2620047330856323,-0.08626820388846923,-0.03875547647476196,-0.3623239994049072,-0.1165778139572673,-0.03447610139846802,-0.4214521050453186,-0.13159554693513442,-0.02626180648803711,-0.48506075143814087,-0.13844225797467757,-2.092462404051153,1.6966127001317917,1.5588576180455995,1.3952424607562113,-1.492255626276571,0.05333578839104741,0.05822333317332283,0.09081106762894663,0.4282098082725555,0.05429728197657416,0.10248237503608072,0.41175863904237947,0.04837637344046931,0.37112455616066853,0.3429388706004152,I
0.0,0.0,0.0,0.06631679832935333,0.01136016845703125,-0.05700303483419944,0.13005127012729645,-0.00019401311874389648,-0.0942057618837886,0.1318979412317276,-0.03566145896911621,-0.12832095715814162,0.08848486840724945,-0.07251155376434326,-0.15775991473012496,0.1459382027387619,-0.22175699472427368,-0.06621551755481292,0.16311679780483246,-0.2797485589981079,-0.12981436643415023,0.1434047669172287,-0.1869271993637085,-0.16769781205468703,0.13111512362957,-0.1045641303062439,-0.18199106547647048,0.08192871510982513,-0.25545191764831543,-0.06624963376336623,0.09978269040584564,-0.33466947078704834,-0.13778429720216323,0.0886210948228836,-0.21737432479858398,-0.17071492466741134,0.08342038094997406,-0.1305142045021057,-0.17936206850820113,0.01681666076183319,-0.27008765935897827,-0.0743095004897647,0.03191603720188141,-0.3450019359588623,-0.1362192878466182,0.0352395623922348,-0.23315495252609253,-0.15673177931123305,0.038423314690589905,-0.14827758073806763,-0.1554751047831111,-0.04381689429283142,-0.2620047330856323,-0.08626820388846923,-0.03875547647476196,-0.3623239994049072,-0.1165778139572673,-0.03447610139846802,-0.4214521050453186,-0.13159554693513442,-0.02626180648803711,-0.48506075143814087,-0.13844225797467757,-2.092462404051153,1.6966127001317917,1.5588576180455995,1.3952424607562113,-1.492255626276571,0.05333578839104741,0.05822333317332283,0.09081106762894663,0.4282098082725555,0.05429728197657416,0.10248237503608072,0.41175863904237947,0.04837637344046931,0.37112455616066853,0.3429388706004152,I
0.0,0.0,0.0,0.07615292072296143,-0.0063988566398620605,-0.04643079588926469,0.14598706364631653,-0.06498199701309204,-0.07332395712650452,0.1384398639202118,-0.13999980688095093,-0.09945784459627305,0.08202743530273438,-0.19005846977233887,-0.11902090112484132,0.14979654550552368,-0.2866222858428955,-0.041428826253778084,0.17027530074119568,-0.3821953535079956,-0.10191808591402207,0.16199353337287903,-0.2962574362754822,-0.1373629863075081,0.15934714674949646,-0.21573495864868164,-0.1501696998885933,0.08659902215003967,-0.3117271661758423,-0.04634020800507699,0.10454738140106201,-0.4281246066093445,-0.11790696481979523,0.10397526621818542,-0.31118887662887573,-0.14954090068853532,0.10562506318092346,-0.21887022256851196,-0.15511822650945817,0.019367307424545288,-0.3224073052406311,-0.0600244062653843,0.03469109535217285,-0.43724048137664795,-0.12267249028003846,0.04989689588546753,-0.3235156536102295,-0.14047302256143723,0.061891138553619385,-0.23015278577804565,-0.13586530039823685,-0.04590901732444763,-0.3138499855995178,-0.07752104799068604,-0.04447048902511597,-0.4327787756919861,-0.11037679712093507,-0.03653489053249359,-0.5028200149536133,-0.12622199903047715,-0.026687785983085632,-0.5727944076061249,-0.13253383288896714,-2.043493896078582,1.4368734455473455,1.3686972821977768,1.1388817350267286,-1.4967030343483623,0.08147158927643124,0.037241980890727,0.04486674294768782,0.3978766108339777,0.053813494058607,0.09851673600260559,0.40261699701653103,0.045165832173046885,0.3778478778667895,0.35390607070387436,I
0.0,0.0,0.0,0.08520370721817017,-0.007855355739593506,-0.0476115262037311,0.16088953614234924,-0.07076823711395264,-0.07461856956539492,0.15822643041610718,-0.1504916548728943,-0.09997012372074465,0.09024003148078918,-0.1863718032836914,-0.11861923987923007,0.16204360127449036,-0.290777325630188,-0.04076804499087672,0.18154963850975037,-0.3862534165382385,-0.10122701431570391,0.1731272041797638,-0.2998628616333008,-0.13978180940208773,0.17070403695106506,-0.21791374683380127,-0.15650226826725344,0.09872430562973022,-0.3165487051010132,-0.04552283043918948,0.11555483937263489,-0.4328693151473999,-0.11585938091335635,0.11620163917541504,-0.31922829151153564,-0.14812642986832003,0.11782342195510864,-0.22792720794677734,-0.15573110337314944,0.030992597341537476,-0.32827770709991455,-0.05947373713312487,0.04525527358055115,-0.4441668391227722,-0.12163198645172457,0.06393587589263916,-0.3325505256652832,-0.14170872325954775,0.07668423652648926,-0.2378116250038147,-0.1401137327676807,-0.03496995568275452,-0.3190121054649353,-0.07763276900110583,-0.03552427887916565,-0.4421123266220093,-0.11247112507877688,-0.027685686945915222,-0.5171732902526855,-0.13148222024498324,-0.01930655539035797,-0.591158002614975,-0.14100634212551455,-2.1193638733610043,1.4524931187312895,1.3585295433582647,1.1031015204022117,-1.5133045944421206,0.08642540355265287,0.049876799083056665,0.05319600394241179,0.4193474953593778,0.05382033858878681,0.09610228107358203,0.4188260971758812,0.042309978471842556,0.3882540931942103,0.3661528297087872,I
0.0,0.0,0.0,0.08742842078208923,-0.0170934796333313,-0.05654491891773583,0.16406232118606567,-0.08231240510940552,-0.0879168215921724,0.15867537260055542,-0.16196060180664062,-0.11652652209313752,0.0913509726524353,-0.20278441905975342,-0.13654335623296143,0.17028048634529114,-0.3006962537765503,-0.044467751287540214,0.19378936290740967,-0.39617013931274414,-0.11205852066787125,0.18145820498466492,-0.3046107292175293,-0.15473591571362855,0.18022385239601135,-0.21990036964416504,-0.17270588164838196,0.10412093997001648,-0.3290618062019348,-0.04732091759951951,0.12507104873657227,-0.4538087844848633,-0.12400427495749833,0.12204176187515259,-0.34353482723236084,-0.15859737282307984,0.12771102786064148,-0.25658583641052246,-0.16622459178479554,0.03368440270423889,-0.34292155504226685,-0.06110117247017266,0.05255329608917236,-0.4652101993560791,-0.13032115285905244,0.06695786118507385,-0.3498930335044861,-0.15122931485684754,0.08126857876777649,-0.25147199630737305,-0.14764670317681672,-0.0338619202375412,-0.3324556350708008,-0.07997971063168885,-0.03195317089557648,-0.4606112837791443,-0.11773523723395707,-0.02895866334438324,-0.538630485534668,-0.13652328436883332,-0.02351623773574829,-0.6145782470703125,-0.14466927235635163,-2.113824859744404,1.4483443253205421,1.2561227445035268,1.0910153543717331,-1.5341418782047667,0.09050604686055043,0.06493570761680689,0.04972056762234653,0.42751448257334296,0.06405794417984438,0.10386969620153812,0.4441628656883718,0.046723146708499155,0.38862353499211644,0.3779232820464969,I
0.0,0.0,0.0,0.08742842078208923,-0.0170934796333313,-0.05654491891773583,0.16406232118606567,-0.08231240510940552,-0.0879168215921724,0.15867537260055542,-0.16196060180664062,-0.11652652209313752,0.0913509726524353,-0.20278441905975342,-0.13654335623296143,0.17028048634529114,-0.3006962537765503,-0.044467751287540214,0.19378936290740967,-0.39617013931274414,-0.11205852066787125,0.18145820498466492,-0.3046107292175293,-0.15473591571362855,0.18022385239601135,-0.21990036964416504,-0.17270588164838196,0.10412093997001648,-0.3290618062019348,-0.04732091759951951,0.12507104873657227,-0.4538087844848633,-0.12400427495749833,0.12204176187515259,-0.34353482723236084,-0.15859737282307984,0.12771102786064148,-0.25658583641052246,-0.16622459178479554,0.03368440270423889,-0.34292155504226685,-0.06110117247017266,0.05255329608917236,-0.4652101993560791,-0.13032115285905244,0.06695786118507385,-0.3498930335044861,-0.15122931485684754,0.08126857876777649,-0.25147199630737305,-0.14764670317681672,-0.0338619202375412,-0.3324556350708008,-0.07997971063168885,-0.03195317089557648,-0.4606112837791443,-0.11773523723395707,-0.02895866334438324,-0.538630485534668,-0.13652328436883332,-0.02351623773574829,-0.6145782470703125,-0.14466927235635163,-2.113824859744404,1.4483443253205421,1.2561227445035268,1.0910153543717331,-1.5341418782047667,0.09050604686055043,0.06493570761680689,0.04972056762234653,0.42751448257334296,0.06405794417984438,0.10386969620153812,0.4441628656883718,0.046723146708499155,0.38862353499211644,0.3779232820464969,I
0.0,0.0,0.0,0.08226332068443298,-0.014301419258117676,-0.05675803676550828,0.15949103236198425,-0.08799517154693604,-0.08637249648874246,0.16292446851730347,-0.17344939708709717,-0.1127788144380375,0.10280606150627136,-0.22374343872070312,-0.13070819706027947,0.16533729434013367,-0.3084031939506531,-0.04440353244846307,0.18476298451423645,-0.4085628390312195,-0.10923822403257333,0.17577087879180908,-0.31865960359573364,-0.14952720135753594,0.17467164993286133,-0.23378175497055054,-0.16588632196491204,0.09904658794403076,-0.3378564119338989,-0.046087576004914865,0.1157977283000946,-0.4616256356239319,-0.11989380598371469,0.11501801013946533,-0.35123592615127563,-0.15175154239242516,0.1210382878780365,-0.26550430059432983,-0.1574483159214779,0.027165859937667847,-0.34866654872894287,-0.05853486612742387,0.04103243350982666,-0.4725967049598694,-0.12674073309009515,0.055587947368621826,-0.35935068130493164,-0.1459388080269619,0.07014715671539307,-0.2636992335319519,-0.1412415596873089,-0.04216161370277405,-0.332627534866333,-0.07602650106256448,-0.043012917041778564,-0.46054530143737793,-0.11544530272787057,-0.04244913160800934,-0.5369349718093872,-0.13401001125877343,-0.04017089307308197,-0.6125094890594482,-0.14130439788406335,-1.9663604599680673,1.4463532483874153,1.2757161421672916,1.1024742384234094,-1.5636837315374124,0.07256328681249198,0.045567353038106315,0.05160493775927133,0.41422391461234365,0.06231257839438746,0.10872177889383745,0.43542165179670544,0.0509231332314996,0.38262383726663296,0.36583967317704863,I
0.0,0.0,0.0,0.08640792965888977,-0.020241081714630127,-0.043032495090635337,0.16173672676086426,-0.10256713628768921,-0.06438479737368397,0.15022686123847961,-0.1960722804069519,-0.08408893809643558,0.08926340937614441,-0.24769997596740723,-0.09711712763634495,0.1546972095966339,-0.31081342697143555,-0.030517583498628653,0.17695069313049316,-0.41732990741729736,-0.08426142648783497,0.17446190118789673,-0.33870047330856323,-0.11925178931084446,0.1740640103816986,-0.25998497009277344,-0.13340521768656544,0.08896732330322266,-0.339557409286499,-0.035249618599088706,0.10769397020339966,-0.4712280333042145,-0.09574150458899311,0.11578160524368286,-0.37387311458587646,-0.12528627530661396,0.12168607115745544,-0.28826063871383667,-0.1322199644240456,0.019423842430114746,-0.3498932123184204,-0.04855362118211559,0.03636050224304199,-0.4743853211402893,-0.10392878369417957,0.05531921982765198,-0.3705446124076843,-0.12096826896992496,0.06943729519844055,-0.27799850702285767,-0.11797278539267353,-0.04783472418785095,-0.3371787667274475,-0.06573980466452412,-0.04898473620414734,-0.46468058228492737,-0.09590198264447025,-0.04324227571487427,-0.5401495397090912,-0.10977580563154987,-0.03530588746070862,-0.6123649477958679,-0.11551503256884388,-2.033930605562135,1.20675588007071,1.0030223133969691,0.9629967233262796,-1.5252991633041415,0.08568583903751822,0.05192683660126887,0.03620878053049349,0.38535444903761007,0.059522785161202685,0.10616608235576044,0.4098870610406889,0.05324702748565715,0.36012508692995576,0.3503884287883646,I
0.0,0.0,0.0,0.08640792965888977,-0.020241081714630127,-0.043032495090635337,0.16173672676086426,-0.10256713628768921,-0.06438479737368397,0.15022686123847961,-0.1960722804069519,-0.08408893809643558,0.08926340937614441,-0.24769997596740723,-0.09711712763634495,0.1546972095966339,-0.31081342697143555,-0.030517583498628653,0.17695069313049316,-0.41732990741729736,-0.08426142648783497,0.17446190118789673,-0.33870047330856323,-0.11925178931084446,0.1740640103816986,-0.25998497009277344,-0.13340521768656544,0.08896732330322266,-0.339557409286499,-0.035249618599088706,0.10769397020339966,-0.4712280333042145,-0.09574150458899311,0.11578160524368286,-0.37387311458587646,-0.12528627530661396,0.12168607115745544,-0.28826063871383667,-0.1322199644240456,0.019423842430114746,-0.3498932123184204,-0.04855362118211559,0.03636050224304199,-0.4743853211402893,-0.10392878369417957,0.05531921982765198,-0.3705446124076843,-0.12096826896992496,0.06943729519844055,-0.27799850702285767,-0.11797278539267353,-0.04783472418785095,-0.3371787667274475,-0.06573980466452412,-0.04898473620414734,-0.46468058228492737,-0.09590198264447025,-0.04324227571487427,-0.5401495397090912,-0.10977580563154987,-0.03530588746070862,-0.6123649477958679,-0.11551503256884388,-2.033930605562135,1.20675588007071,1.0030223133969691,0.9629967233262796,-1.5252991633041415,0.08568583903751822,0.05192683660126887,0.03620878053049349,0.38535444903761007,0.059522785161202685,0.10616608235576044,0.4098870610406889,0.05324702748565715,0.36012508692995576,0.3503884287883646,I
0.0,0.0,0.0,0.09168741106987,-0.033880531787872314,-0.047312415832472254,0.16957691311836243,-0.13180327415466309,-0.07159535928983729,0.15739643573760986,-0.23156583309173584,-0.09432982995529215,0.08121195435523987,-0.2669834494590759,-0.1094623093249325,0.1512751281261444,-0.33594512939453125,-0.02682685076613467,0.1661626100540161,-0.4423321485519409,-0.07962108745594065,0.16891810297966003,-0.35964375734329224,-0.11398307576198619,0.17398592829704285,-0.27819395065307617,-0.12835086479206126,0.08711165189743042,-0.3582751750946045,-0.03151771023292582,0.09831950068473816,-0.49471476674079895,-0.09227358146925013,0.11634612083435059,-0.4018213748931885,-0.1219568510295872,0.1275305151939392,-0.32060372829437256,-0.12938657000083964,0.01967117190361023,-0.3641176223754883,-0.045981559598637034,0.032920390367507935,-0.4918105900287628,-0.10188217803258937,0.06072559952735901,-0.3832263946533203,-0.12006414278764765,0.0768280029296875,-0.2890129089355469,-0.11807802661676448,-0.04496636986732483,-0.34643906354904175,-0.06525755270738642,-0.04757097363471985,-0.47022366523742676,-0.0947991047741894,-0.0391899049282074,-0.5442844331264496,-0.11044830425996821,-0.033777207136154175,-0.6180911064147949,-0.11852487518806498,-2.149756172194367,1.1961201883643389,0.7502301158003725,0.9202742302082207,-1.5296302771999997,0.09344883936130517,0.07085579285099597,0.022461436172406212,0.3694578379645352,0.06290226264741369,0.09775843861276853,0.3983661593809633,0.05973880328286256,0.33840644412346177,0.34716850742816513,I
0.0,0.0,0.0,0.0981399416923523,-0.04134023189544678,-0.044999481822955545,0.17314022779464722,-0.14044511318206787,-0.06927355908941024,0.16767975687980652,-0.23281949758529663,-0.09218804323266738,0.09113192558288574,-0.2644939422607422,-0.10844107502292388,0.15122449398040771,-0.34139180183410645,-0.03056593583117717,0.16682660579681396,-0.45080846548080444,-0.08655186527560943,0.17631080746650696,-0.37218159437179565,-0.12643300526927703,0.18458926677703857,-0.2836577296257019,-0.14548101061176055,0.08526620268821716,-0.3557503819465637,-0.03759700217436546,0.09620186686515808,-0.4942595362663269,-0.10482468241046661,0.11875259876251221,-0.39326441287994385,-0.1407046669084906,0.13123086094856262,-0.2983265519142151,-0.15168887906860107,0.016439437866210938,-0.3576943278312683,-0.053798762794244226,0.022431492805480957,-0.49236688017845154,-0.11498532229255432,0.05792689323425293,-0.38718700408935547,-0.13959128194640869,0.08268070220947266,-0.29012399911880493,-0.1415167503912329,-0.048747479915618896,-0.3372350335121155,-0.07441261940788024,-0.05719292163848877,-0.46826016902923584,-0.10977789544652694,-0.05606359243392944,-0.5430425405502319,-0.12940350704978698,-0.05660554766654968,-0.6164797842502594,-0.13999505871127838,-2.1549330521637344,1.046782073098151,0.8957836707586178,0.7953301927278046,-1.5989293337338295,0.09540191491395593,0.052464941565058466,0.0269874598851921,0.38173340692582436,0.05533799616798857,0.10211350632202963,0.41102975386094487,0.049238194381519766,0.36946447142762784,0.3548362409524904,I
0.0,0.0,0.0,0.09598520398139954,-0.04601395130157471,-0.04444742321884121,0.16638359427452087,-0.14220952987670898,-0.07059085488235439,0.17241692543029785,-0.23640567064285278,-0.09520314007913555,0.1151360273361206,-0.2896656394004822,-0.11338754862462963,0.1512821614742279,-0.3459271192550659,-0.034953465013856544,0.16009366512298584,-0.45489805936813354,-0.09207175791179623,0.17142540216445923,-0.3730233311653137,-0.13303884982978786,0.18457943201065063,-0.28490203619003296,-0.1525351566067883,0.0835084319114685,-0.3598008155822754,-0.041842346339578285,0.0934903621673584,-0.49740296602249146,-0.10693688064729656,0.11732640862464905,-0.39598244428634644,-0.14114715278064693,0.13177698850631714,-0.303524374961853,-0.15195316195404018,0.012959301471710205,-0.36022132635116577,-0.05737645298158611,0.019843459129333496,-0.4927458167076111,-0.11808218181049313,0.05391937494277954,-0.3868215084075928,-0.13893345117485012,0.07770252227783203,-0.29200905561447144,-0.13886723041450466,-0.054593801498413086,-0.33815109729766846,-0.07703982412731136,-0.06430721282958984,-0.4731598496437073,-0.1128598538032719,-0.06251552700996399,-0.5480595231056213,-0.12912248194133724,-0.06137514114379883,-0.6222224533557892,-0.13660240292465176,-1.9052819885606689,1.071312441689493,0.8618463715552395,0.8114840586742237,-1.5946637522831504,0.06960659716102448,0.021656087828321943,0.03750678472624525,0.37649731354453403,0.055990084312856354,0.10711294767270856,0.41746702371860134,0.0552869828944188,0.3726609858307718,0.35830641148420184,I
0.0,0.0,0.0,0.09598520398139954,-0.04601395130157471,-0.04444742321884121,0.16638359427452087,-0.14220952987670898,-0.07059085488235439,0.17241692543029785,-0.23640567064285278,-0.09520314007913555,0.1151360273361206,-0.2896656394004822,-0.11338754862462963,0.1512821614742279,-0.3459271192550659,-0.034953465013856544,0.16009366512298584,-0.45489805936813354,-0.09207175791179623,0.17142540216445923,-0.3730233311653137,-0.13303884982978786,0.18457943201065063,-0.28490203619003296,-0.1525351566067883,0.0835084319114685,-0.3598008155822754,-0.041842346339578285,0.0934903621673584,-0.49740296602249146,-0.10693688064729656,0.11732640862464905,-0.39598244428634644,-0.14114715278064693,0.13177698850631714,-0.303524374961853,-0.15195316195404018,0.012959301471710205,-0.36022132635116577,-0.05737645298158611,0.019843459129333496,-0.4927458167076111,-0.11808218181049313,0.05391937494277954,-0.3868215084075928,-0.13893345117485012,0.07770252227783203,-0.29200905561447144,-0.13886723041450466,-0.054593801498413086,-0.33815109729766846,-0.07703982412731136,-0.06430721282958984,-0.4731598496437073,-0.1128598538032719,-0.06251552700996399,-0.5480595231056213,-0.12912248194133724,-0.06137514114379883,-0.6222224533557892,-0.13660240292465176,-1.9052819885606689,1.071312441689493,0.8618463715552395,0.8114840586742237,-1.5946637522831504,0.06960659716102448,0.021656087828321943,0.03750678472624525,0.37649731354453403,0.055990084312856354,0.10711294767270856,0.41746702371860134,0.0552869828944188,0.3726609858307718,0.35830641148420184,I
0.0,0.0,0.0,0.09217435121536255,-0.06410986185073853,-0.03214340824949602,0.15485063195228577,-0.16328275203704834,-0.0544578561590896,0.17374825477600098,-0.2540137767791748,-0.07789266277420381,0.13177183270454407,-0.3202114701271057,-0.09524361212122301,0.12531867623329163,-0.3770188093185425,-0.022831052358625925,0.13778850436210632,-0.4845171868801117,-0.07107500899898866,0.15675389766693115,-0.41252392530441284,-0.10656777937280992,0.17166143655776978,-0.33184391260147095,-0.12430542875397066,0.061359405517578125,-0.38664984703063965,-0.03345091063845018,0.07512703537940979,-0.5202221870422363,-0.0917418615924106,0.10102224349975586,-0.41302627325057983,-0.12397612799274782,0.11326587200164795,-0.31500911712646484,-0.13492333311903337,-0.004102379083633423,-0.38429200649261475,-0.050928951989291704,0.004518449306488037,-0.519195944070816,-0.10057813097107271,0.044358521699905396,-0.41507312655448914,-0.11763715166914324,0.07100513577461243,-0.31767189502716064,-0.11878276039230684,-0.06717312335968018,-0.3588765859603882,-0.07207057047951082,-0.0865795910358429,-0.488530695438385,-0.1007896082507358,-0.08549530804157257,-0.5647225975990295,-0.1169307397710071,-0.08272702991962433,-0.6366741359233856,-0.12640977818834642,-1.716815112513159,0.7726377818736793,0.9437907044149627,0.7255842837555816,-1.6267280072898065,0.04155110363740891,0.019223294678082956,0.060819741017719114,0.3823066582077139,0.060773779695798724,0.10164908740109772,0.39703268999820235,0.04234454170964077,0.3766717429289657,0.354112988276134,I
0.0,0.0,0.0,0.09184795618057251,-0.06432855129241943,-0.029985090766068367,0.1544741988182068,-0.16386932134628296,-0.051818825352903275,0.1741430163383484,-0.2531082034111023,-0.0756428130454978,0.12832888960838318,-0.3157682418823242,-0.09397083898257819,0.120236337184906,-0.3799589276313782,-0.02358215865861979,0.13481029868125916,-0.4949091076850891,-0.07449760665368643,0.15755298733711243,-0.4251331388950348,-0.11204076935720053,0.17529547214508057,-0.3460126519203186,-0.13080729176473227,0.0566716194152832,-0.38661783933639526,-0.03581590582799521,0.06873509287834167,-0.5244580507278442,-0.09648660202693549,0.09772241115570068,-0.4197778105735779,-0.13050371040773,0.11318114399909973,-0.32371771335601807,-0.14282054831456747,-0.008956968784332275,-0.3829193115234375,-0.05467220400642958,-0.004090994596481323,-0.5207233130931854,-0.10544103016328421,0.03851205110549927,-0.42086291313171387,-0.12347317864369955,0.06816616654396057,-0.3262976408004761,-0.12535024811696616,-0.0723300576210022,-0.35889166593551636,-0.07714263727140036,-0.0930054634809494,-0.4905722737312317,-0.1065498479194602,-0.09344127774238586,-0.569623589515686,-0.1233863570280036,-0.09192012250423431,-0.6437660157680511,-0.13351270188760367,-1.7412491984613738,0.5524941111372006,0.8388654542935554,0.6332941966333354,-1.6394556218453638,0.05586218948199886,0.017106966234684575,0.06107717649092814,0.3950850123841404,0.06599434859601633,0.1089282781560127,0.40007654230962747,0.04508884807693976,0.3801281960051054,0.3555471685244801,I
0.0,0.0,0.0,0.09184795618057251,-0.06432855129241943,-0.029985090766068367,0.1544741988182068,-0.16386932134628296,-0.051818825352903275,0.1741430163383484,-0.2531082034111023,-0.0756428130454978,0.12832888960838318,-0.3157682418823242,-0.09397083898257819,0.120236337184906,-0.3799589276313782,-0.02358215865861979,0.13481029868125916,-0.4949091076850891,-0.07449760665368643,0.15755298733711243,-0.4251331388950348,-0.11204076935720053,0.17529547214508057,-0.3460126519203186,-0.13080729176473227,0.0566716194152832,-0.38661783933639526,-0.03581590582799521,0.06873509287834167,-0.5244580507278442,-0.09648660202693549,0.09772241115570068,-0.4197778105735779,-0.13050371040773,0.11318114399909973,-0.32371771335601807,-0.14282054831456747,-0.008956968784332275,-0.3829193115234375,-0.05467220400642958,-0.004090994596481323,-0.5207233130931854,-0.10544103016328421,0.03851205110549927,-0.42086291313171387,-0.12347317864369955,0.06816616654396057,-0.3262976408004761,-0.12535024811696616,-0.0723300576210022,-0.35889166593551636,-0.07714263727140036,-0.0930054634809494,-0.4905722737312317,-0.1065498479194602,-0.09344127774238586,-0.569623589515686,-0.1233863570280036,-0.09192012250423431,-0.6437660157680511,-0.13351270188760367,-1.7412491984613738,0.5524941111372006,0.8388654542935554,0.6332941966333354,-1.6394556218453638,0.05586218948199886,0.017106966234684575,0.06107717649092814,0.3950850123841404,0.06599434859601633,0.1089282781560127,0.40007654230962747,0.04508884807693976,0.3801281960051054,0.3555471685244801,I
0.0,0.0,0.0,0.09630569815635681,-0.05693584680557251,-0.037433269598395214,0.163364976644516,-0.1597849726676941,-0.0592419944488114,0.1719912886619568,-0.25416678190231323,-0.08041118753781973,0.12296488881111145,-0.3102187514305115,-0.09477785153022467,0.1400943398475647,-0.3705791234970093,-0.028674506747037753,0.14943787455558777,-0.47995269298553467,-0.08049236161342321,0.1600235104560852,-0.40041351318359375,-0.1176831416570252,0.17113107442855835,-0.31656211614608765,-0.13563054723373114,0.07155442237854004,-0.38293182849884033,-0.03674825204244314,0.08173003792762756,-0.5197467505931854,-0.09754617435565649,0.10141846537590027,-0.4132549464702606,-0.1302331082307404,0.11218404769897461,-0.31947416067123413,-0.14107036513915716,0.0012074112892150879,-0.3831590712070465,-0.052403710015923366,0.00685882568359375,-0.5165926814079285,-0.107136651106984,0.04316219687461853,-0.40858757495880127,-0.12683834058871923,0.06936037540435791,-0.31128787994384766,-0.12815980536571203,-0.06563928723335266,-0.36228394508361816,-0.07162649107804953,-0.08277779817581177,-0.4958041310310364,-0.1029109574638909,-0.08301039040088654,-0.5722734034061432,-0.1196936659299439,-0.08115577697753906,-0.6474334895610809,-0.1291374258481568,-1.8331629903323472,1.049282721088076,1.0012962611893308,0.8119461084264021,-1.625157984766642,0.048582092512047745,0.014208769661670015,0.05361517409607889,0.39418146305283114,0.05901891191452699,0.10190727524269998,0.41608234898626284,0.043599106653053124,0.3807067233604153,0.3683055565597563,I
0.0,0.0,0.0,0.09545984864234924,-0.06002527475357056,-0.041917093769150426,0.1623135805130005,-0.1616341471672058,-0.06743358142717426,0.17190295457839966,-0.2613000273704529,-0.0922699651871497,0.1168542206287384,-0.3159055709838867,-0.11070315606935566,0.13613936305046082,-0.3770662546157837,-0.028125327751475027,0.14624425768852234,-0.48877042531967163,-0.08032796599014347,0.1615527868270874,-0.4186170697212219,-0.11803148008926456,0.17624807357788086,-0.3379668593406677,-0.13688744671686237,0.06834584474563599,-0.3876999616622925,-0.03542353279932087,0.07920750975608826,-0.5225549340248108,-0.09805636920078342,0.1006833016872406,-0.4212014675140381,-0.1321389830861861,0.11285853385925293,-0.3297421932220459,-0.14373914964540546,-0.0017607808113098145,-0.3850204348564148,-0.05099068276627605,0.0030525922775268555,-0.5177586376667023,-0.10762579806192463,0.0405004620552063,-0.4143159091472626,-0.12858013875825947,0.0672258734703064,-0.31858688592910767,-0.13051723010881489,-0.06989601254463196,-0.3610879182815552,-0.07068827815397327,-0.09015822410583496,-0.49275946617126465,-0.10367225177629535,-0.08961367607116699,-0.5708055198192596,-0.12250965155704563,-0.08602204918861389,-0.646571546792984,-0.13342808254106586,-1.8573572576931827,0.7726562777178344,0.9158622078059081,0.7665471879637205,-1.6272230931962408,0.06335874219162971,0.014402000823544012,0.049700727273484756,0.3879417074932594,0.06392087983204169,0.11073131212863317,0.40499687704165577,0.04697638316189116,0.37407796727104625,0.3620205291986442,I
0.0,0.0,0.0,0.08998021483421326,-0.06278789043426514,-0.03960486487119397,0.15378817915916443,-0.16368132829666138,-0.06429800004332265,0.1587371826171875,-0.2597144842147827,-0.08865899205773076,0.10962936282157898,-0.3182489275932312,-0.10692154229252537,0.13287052512168884,-0.3799161911010742,-0.03107330561249455,0.14378005266189575,-0.4862205386161804,-0.08511248589127263,0.15822508931159973,-0.41113442182540894,-0.12354403347342213,0.1719510555267334,-0.33186137676239014,-0.14195871711342534,0.06365355849266052,-0.3930174708366394,-0.03986388803093632,0.06998476386070251,-0.5278794765472412,-0.10375851005881032,0.09229737520217896,-0.424932599067688,-0.1383654511031409,0.10443341732025146,-0.3326440453529358,-0.1500599867162009,-0.009071946144104004,-0.38919293880462646,-0.05639664814441403,-0.00894784927368164,-0.5223264992237091,-0.11380430669157704,0.028878867626190186,-0.41652435064315796,-0.13427764535515507,0.05588012933731079,-0.3211359977722168,-0.13556701303093632,-0.07932178676128387,-0.3612505793571472,-0.07667910665838917,-0.10291250050067902,-0.49495941400527954,-0.10999025017588338,-0.10625804960727692,-0.5751162171363831,-0.1278461551722785,-0.10637104511260986,-0.654549777507782,-0.13765456140606602,-1.849075918796592,0.8880287661651151,0.976730429380339,0.8087371960509244,-1.662760301714009,0.06379100370756548,0.015304158420786428,0.053826715247772314,0.39969292948585566,0.06752217442517691,0.11656540507780704,0.4261349500802713,0.04989846623969983,0.38478802187146527,0.3707966991869461,I
0.0,0.0,0.0,0.08998021483421326,-0.06278789043426514,-0.03960486487119397,0.15378817915916443,-0.16368132829666138,-0.06429800004332265,0.1587371826171875,-0.2597144842147827,-0.08865899205773076,0.10962936282157898,-0.3182489275932312,-0.10692154229252537,0.13287052512168884,-0.3799161911010742,-0.03107330561249455,0.14378005266189575,-0.4862205386161804,-0.08511248589127263,0.15822508931159973,-0.41113442182540894,-0.12354403347342213,0.1719510555267334,-0.33186137676239014,-0.14195871711342534,0.06365355849266052,-0.3930174708366394,-0.03986388803093632,0.06998476386070251,-0.5278794765472412,-0.10375851005881032,0.09229737520217896,-0.424932599067688,-0.1383654511031409,0.10443341732025146,-0.3326440453529358,-0.1500599867162009,-0.009071946144104004,-0.38919293880462646,-0.05639664814441403,-0.00894784927368164,-0.5223264992237091,-0.11380430669157704,0.028878867626190186,-0.41652435064315796,-0.13427764535515507,0.05588012933731079,-0.3211359977722168,-0.13556701303093632,-0.07932178676128387,-0.3612505793571472,-0.07667910665838917,-0.10291250050067902,-0.49495941400527954,-0.10999025017588338,-0.10625804960727692,-0.5751162171363831,-0.1278461551722785,-0.10637104511260986,-0.654549777507782,-0.13765456140606602,-1.849075918796592,0.8880287661651151,0.976730429380339,0.8087371960509244,-1.662760301714009,0.06379100370756548,0.015304158420786428,0.053826715247772314,0.39969292948585566,0.06752217442517691,0.11656540507780704,0.4261349500802713,0.04989846623969983,0.38478802187146527,0.3707966991869461,I
0.0,0.0,0.0,0.09619453549385071,-0.04268801212310791,-0.059966813340139424,0.1657593548297882,-0.13418161869049072,-0.09594316364760402,0.16622745990753174,-0.22812366485595703,-0.12874108137125972,0.10682269930839539,-0.2841458320617676,-0.15401801051135067,0.1555710732936859,-0.35148918628692627,-0.04969180332059864,0.16048547625541687,-0.46070122718811035,-0.11679751755232815,0.16998586058616638,-0.3782411217689514,-0.16212990464205745,0.18426036834716797,-0.2883310914039612,-0.1837764191770077,0.08286681771278381,-0.36679941415786743,-0.05384691761369709,0.08840799331665039,-0.5078226029872894,-0.13115898849005703,0.10725349187850952,-0.40351706743240356,-0.16924172224040035,0.12435704469680786,-0.3105389475822449,-0.18071290434832576,0.006733745336532593,-0.3653453588485718,-0.06887431771988872,0.0059944093227386475,-0.49705639481544495,-0.1410879451179028,0.04194989800453186,-0.39120930433273315,-0.16625286222929958,0.07289567589759827,-0.2953118681907654,-0.1670361119651318,-0.06489819288253784,-0.3383093476295471,-0.0892865094685078,-0.08050216734409332,-0.4729278087615967,-0.1327800858163357,-0.08447079360485077,-0.5482925474643707,-0.15372764648432735,-0.08685949444770813,-0.621117353439331,-0.16384610117907528,-1.94525785057794,1.1444172617516892,0.9353648297808436,0.8138170172888978,-1.648295253142606,0.07755068653416226,0.031686745100710505,0.0357172686574836,0.38866772235122193,0.06388737794271358,0.11158326921601837,0.4292466379616575,0.05366690251433077,0.3755946919125932,0.36286489037947883,I
0.0,0.0,0.0,0.0970933735370636,-0.046051204204559326,-0.0663007045331625,0.16837796568870544,-0.13419711589813232,-0.10671283995539227,0.17055898904800415,-0.22732383012771606,-0.14363303726345578,0.10617133975028992,-0.28023552894592285,-0.17233760600716153,0.15815043449401855,-0.3604472875595093,-0.05307098423868695,0.16365492343902588,-0.4672691822052002,-0.12328177636295834,0.16968446969985962,-0.3793643116950989,-0.1690599018874792,0.18411430716514587,-0.2892468571662903,-0.1901308739724783,0.08427828550338745,-0.3733055591583252,-0.0561264822426466,0.08894392848014832,-0.5125701427459717,-0.1401234710755972,0.10611829161643982,-0.40267616510391235,-0.18051037138134518,0.12304699420928955,-0.30766886472702026,-0.19147449677616635,0.007690221071243286,-0.3706367015838623,-0.07088867520720044,0.00439724326133728,-0.4992470145225525,-0.14972260540157833,0.0410332977771759,-0.3857033848762512,-0.17642284875542202,0.07292935252189636,-0.28658217191696167,-0.17580611949593106,-0.06428311765193939,-0.34416258335113525,-0.09152337109476605,-0.08193895220756531,-0.4815549850463867,-0.13682396655708828,-0.08742740750312805,-0.5589456856250763,-0.15823407416969815,-0.09032703936100006,-0.6359646916389465,-0.16810245757729092,-1.973480421763249,1.2211224785457253,1.0372757306283171,0.9107666429264828,-1.6598124614829075,0.07846215779424173,0.0322083160922454,0.033842422961344196,0.4063924829320099,0.06378547698509505,0.11121688130180346,0.4421892235508373,0.05437303212045203,0.39154390324692906,0.3856433515282028,I
0.0,0.0,0.0,0.09212219715118408,-0.04199087619781494,-0.06539640091234844,0.1620950996875763,-0.13068914413452148,-0.10423197112852733,0.1663968563079834,-0.22262108325958252,-0.13861916474873226,0.10475215315818787,-0.2764514088630676,-0.16482768468434017,0.15618541836738586,-0.356548011302948,-0.055822587384525946,0.15399709343910217,-0.45825040340423584,-0.12364772222811382,0.16122668981552124,-0.36604219675064087,-0.16850530616814297,0.1772138774394989,-0.27758437395095825,-0.1894662033754031,0.08195164799690247,-0.37102460861206055,-0.057490038497988394,0.08264404535293579,-0.5038710832595825,-0.1373048972325961,0.1019057035446167,-0.39153724908828735,-0.17551099769646328,0.11796501278877258,-0.2970283031463623,-0.18608006350571316,0.004470497369766235,-0.3682290315628052,-0.07008131854111355,0.0012152493000030518,-0.4957789182662964,-0.14399435631806057,0.037590086460113525,-0.3829115629196167,-0.1679108392434756,0.06720307469367981,-0.2861759066581726,-0.16682925335938137,-0.06880979239940643,-0.34016066789627075,-0.08839984498793285,-0.08606703579425812,-0.475752592086792,-0.1314876329141299,-0.09076185524463654,-0.5517171919345856,-0.15157682709271114,-0.0937848687171936,-0.6281774938106537,-0.16056078187996548,-1.9456005574324846,1.3105310578319627,1.117852178154204,0.9180568285207558,-1.6572939080064593,0.07247058089812114,0.02445379802737032,0.03878787376101949,0.4038913070217063,0.06235779297694854,0.11034577996026242,0.44312058867926035,0.05190904418987989,0.39306208007820587,0.37799762372067724,I
0.0,0.0,0.0,0.09212219715118408,-0.04199087619781494,-0.06539640091234844,0.1620950996875763,-0.13068914413452148,-0.10423197112852733,0.1663968563079834,-0.22262108325958252,-0.13861916474873226,0.10475215315818787,-0.2764514088630676,-0.16482768468434017,0.15618541836738586,-0.356548011302948,-0.055822587384525946,0.15399709343910217,-0.45825040340423584,-0.12364772222811382,0.16122668981552124,-0.36604219675064087,-0.16850530616814297,0.1772138774394989,-0.27758437395095825,-0.1894662033754031,0.08195164799690247,-0.37102460861206055,-0.057490038497988394,0.08264404535293579,-0.5038710832595825,-0.1373048972325961,0.1019057035446167,-0.39153724908828735,-0.17551099769646328,0.11796501278877258,-0.2970283031463623,-0.18608006350571316,0.004470497369766235,-0.3682290315628052,-0.07008131854111355,0.0012152493000030518,-0.4957789182662964,-0.14399435631806057,0.037590086460113525,-0.3829115629196167,-0.1679108392434756,0.06720307469367981,-0.2861759066581726,-0.16682925335938137,-0.06880979239940643,-0.34016066789627075,-0.08839984498793285,-0.08606703579425812,-0.475752592086792,-0.1314876329141299,-0.09076185524463654,-0.5517171919345856,-0.15157682709271114,-0.0937848687171936,-0.6281774938106537,-0.16056078187996548,-1.9456005574324846,1.3105310578319627,1.117852178154204,0.9180568285207558,-1.6572939080064593,0.07247058089812114,0.02445379802737032,0.03878787376101949,0.4038913070217063,0.06235779297694854,0.11034577996026242,0.44312058867926035,0.05190904418987989,0.39306208007820587,0.37799762372067724,I
0.0,0.0,0.0,0.08765694499015808,-0.03804069757461548,-0.06532142464923396,0.15866395831108093,-0.11894762516021729,-0.10496020470666423,0.16012859344482422,-0.2142106294631958,-0.14008499835538402,0.09956532716751099,-0.26699715852737427,-0.1675685659508659,0.14822545647621155,-0.3515368103981018,-0.054101509646649504,0.14449885487556458,-0.44803088903427124,-0.11859029685067668,0.1567229926586151,-0.36626964807510376,-0.1587000504593803,0.17317086458206177,-0.2837958335876465,-0.17596829091119304,0.07547444105148315,-0.3677945137023926,-0.054588434890980864,0.07540154457092285,-0.4909631907939911,-0.13150991653012767,0.09389591217041016,-0.3788776993751526,-0.16664946232842937,0.10811221599578857,-0.2885754704475403,-0.1744858786921455,-0.0010256171226501465,-0.3660515546798706,-0.06573287551211848,-0.0036847591400146484,-0.4869331121444702,-0.1378884926896049,0.03131228685379028,-0.37356019020080566,-0.1595354244570686,0.057434916496276855,-0.27854686975479126,-0.15668216501283183,-0.07518595457077026,-0.3387295603752136,-0.08233937029647365,-0.09370023012161255,-0.4693796634674072,-0.12407893096017375,-0.09778760373592377,-0.546591579914093,-0.14358057235288157,-0.10074059665203094,-0.6255548298358917,-0.15191537295388713,-1.9505968800444957,1.2179592427989345,1.1799931977830092,0.9818127099841463,-1.6596565090012245,0.07549814979100777,0.023209326874489813,0.04368486388628859,0.41071409370922124,0.06523398412165735,0.11585491487474375,0.43798025082417125,0.051660057263013336,0.3964525015745126,0.38135812213636816,I
0.0,0.0,0.0,0.08769664168357849,-0.039333462715148926,-0.06501956795501584,0.1584048867225647,-0.12298852205276489,-0.10405634855079526,0.1609402596950531,-0.21550732851028442,-0.13836874579238767,0.09925776720046997,-0.26393646001815796,-0.16445190225887174,0.15153393149375916,-0.3527587056159973,-0.05470647801804418,0.14821648597717285,-0.44595202803611755,-0.12134727602052564,0.15633830428123474,-0.35792094469070435,-0.16282357786941404,0.17138129472732544,-0.2739894390106201,-0.18074130033302183,0.07864749431610107,-0.3676105737686157,-0.0556563450877654,0.0782211422920227,-0.49219638109207153,-0.13537098978805417,0.09481209516525269,-0.3767538070678711,-0.17106216167259092,0.10965278744697571,-0.285219669342041,-0.17866996442127103,0.0015406310558319092,-0.3647722005844116,-0.0674230582003581,-0.0011164546012878418,-0.4883348345756531,-0.14249283586788053,0.03309834003448486,-0.3715563416481018,-0.16470154141235227,0.06056898832321167,-0.2743183970451355,-0.16130596910762662,-0.07210829854011536,-0.3361230492591858,-0.08450387929725522,-0.0907583087682724,-0.4683942496776581,-0.1278800866489398,-0.09551478922367096,-0.5461170673370361,-0.14790016924190397,-0.09823574125766754,-0.6261044442653656,-0.15624093030738706,-1.9681166127533276,1.3239659455933537,1.2108694518570948,0.9926094258666175,-1.660654103767841,0.07282077732034975,0.02368610236086737,0.040057536462512464,0.4125158599336395,0.06274174594603625,0.11081279467637149,0.4434842985032079,0.05027978792828485,0.39927442961139764,0.38596938370302136,I
0.0,0.0,0.0,0.08769664168357849,-0.039333462715148926,-0.06501956795501584,0.1584048867225647,-0.12298852205276489,-0.10405634855079526,0.1609402596950531,-0.21550732851028442,-0.13836874579238767,0.09925776720046997,-0.26393646001815796,-0.16445190225887174,0.15153393149375916,-0.3527587056159973,-0.05470647801804418,0.14821648597717285,-0.44595202803611755,-0.12134727602052564,0.15633830428123474,-0.35792094469070435,-0.16282357786941404,0.17138129472732544,-0.2739894390106201,-0.18074130033302183,0.07864749431610107,-0.3676105737686157,-0.0556563450877654,0.0782211422920227,-0.49219638109207153,-0.13537098978805417,0.09481209516525269,-0.3767538070678711,-0.17106216167259092,0.10965278744697571,-0.285219669342041,-0.17866996442127103,0.0015406310558319092,-0.3647722005844116,-0.0674230582003581,-0.0011164546012878418,-0.4883348345756531,-0.14249283586788053,0.03309834003448486,-0.3715563416481018,-0.16470154141235227,0.06056898832321167,-0.2743183970451355,-0.16130596910762662,-0.07210829854011536,-0.3361230492591858,-0.08450387929725522,-0.0907583087682724,-0.4683942496776581,-0.1278800866489398,-0.09551478922367096,-0.5461170673370361,-0.14790016924190397,-0.09823574125766754,-0.6261044442653656,-0.15624093030738706,-1.9681166127533276,1.3239659455933537,1.2108694518570948,0.9926094258666175,-1.660654103767841,0.07282077732034975,0.02368610236086737,0.040057536462512464,0.4125158599336395,0.06274174594603625,0.11081279467637149,0.4434842985032079,0.05027978792828485,0.39927442961139764,0.38596938370302136,I
0.0,0.0,0.0,0.09176620841026306,-0.03401070833206177,-0.06712792832156111,0.16220048069953918,-0.12805849313735962,-0.10478849727412154,0.15283086895942688,-0.22321569919586182,-0.13692656922837187,0.08145126700401306,-0.26560163497924805,-0.1599663125326245,0.1528274118900299,-0.3476226329803467,-0.057022974078854816,0.15130946040153503,-0.4423399567604065,-0.12447489071389128,0.15388554334640503,-0.345319926738739,-0.16497271526356627,0.16766130924224854,-0.2629370093345642,-0.1827191041757672,0.08073154091835022,-0.36333614587783813,-0.057312697355946796,0.0794668197631836,-0.48793989419937134,-0.1396074222375958,0.09446486830711365,-0.3688204288482666,-0.1747889148046582,0.10941952466964722,-0.27680301666259766,-0.18159490097065856,0.003732234239578247,-0.36148929595947266,-0.06901486981411864,0.0007272660732269287,-0.4839920997619629,-0.14636989701291014,0.03505629301071167,-0.36434507369995117,-0.169694848542413,0.06284710764884949,-0.2673725485801697,-0.1665707306911557,-0.06886330246925354,-0.33458971977233887,-0.08611720073719908,-0.08773449063301086,-0.4654802083969116,-0.13210525382061888,-0.09331335127353668,-0.541031539440155,-0.15447104740639617,-0.09775149822235107,-0.6200297474861145,-0.16418505478402068,-2.101663744325554,1.397391254223105,1.2506732371909288,1.0099698031271662,-1.671658730176612,0.0862512122381167,0.030127966882406515,0.018688255143117283,0.3971560373454687,0.05986962192483245,0.10490801143888392,0.44492604105268135,0.04751761521175892,0.400904504187613,0.3875035640454941,I
0.0,0.0,0.0,0.091655433177948,-0.04070615768432617,-0.05722772160199108,0.16441130638122559,-0.13646197319030762,-0.08980265089896144,0.1618751585483551,-0.2300514578819275,-0.11807186731722774,0.09345778822898865,-0.2772051692008972,-0.137913001865415,0.15661272406578064,-0.3571798801422119,-0.051612107247380634,0.1569671928882599,-0.4607097804546356,-0.11674630472090664,0.16002479195594788,-0.3650892972946167,-0.15792070159342708,0.1734004020690918,-0.280856728553772,-0.17648801037695827,0.08311811089515686,-0.3733547329902649,-0.05508142539885463,0.08481612801551819,-0.504479169845581,-0.13035146722224178,0.09860250353813171,-0.388916015625,-0.16306009718802394,0.11351588368415833,-0.3001284599304199,-0.1707077456417364,0.005246102809906006,-0.3712978959083557,-0.0687330497207922,0.004409819841384888,-0.49776697158813477,-0.13944536277678432,0.03613266348838806,-0.38068145513534546,-0.15970779785540523,0.06325215101242065,-0.2851089835166931,-0.15674440392878475,-0.06783311069011688,-0.3434177041053772,-0.08716986903574886,-0.08458667993545532,-0.4794849455356598,-0.12863617965605678,-0.09001675248146057,-0.5564323663711548,-0.1472733897867483,-0.0933440774679184,-0.6373407542705536,-0.15548153051760616,-2.0377461613094594,1.3542887048738343,1.1773228413139891,0.9784146468231911,-1.657374068796807,0.08002596699381657,0.030459882651758856,0.03122260079489692,0.4057001068046556,0.0629091024610041,0.1102302992970315,0.4452341832729305,0.052459770241952114,0.3956048217375208,0.38547321450739824,I
0.0,0.0,0.0,0.09045904874801636,-0.04117196798324585,-0.06355970306682934,0.16120436787605286,-0.13362526893615723,-0.1000874037890469,0.16129723191261292,-0.2267637848854065,-0.13223536266374936,0.09567117691040039,-0.275961697101593,-0.15541993035364499,0.15733587741851807,-0.35680174827575684,-0.05204318045068135,0.1551002860069275,-0.46214649081230164,-0.12072108639765133,0.15797680616378784,-0.37090831995010376,-0.1632329071908032,0.17289182543754578,-0.28388792276382446,-0.18124370230722775,0.08150216937065125,-0.37366753816604614,-0.053372300699237485,0.08190181851387024,-0.5039109587669373,-0.1336928303389584,0.09324371814727783,-0.3899092674255371,-0.16732428921747555,0.10950124263763428,-0.3016505837440491,-0.17315718485403409,0.002729177474975586,-0.37151074409484863,-0.06609576149273266,-0.0009263157844543457,-0.4945167303085327,-0.14133112086344113,0.030384153127670288,-0.37894725799560547,-0.16182509018469204,0.06042364239692688,-0.28499090671539307,-0.15669879271078457,-0.07008031010627747,-0.3434656858444214,-0.08427837444830288,-0.0872219055891037,-0.4769110381603241,-0.1263446654229199,-0.09302330017089844,-0.5514522790908813,-0.14387805713701596,-0.09504532814025879,-0.6293808817863464,-0.15012527956056942,-2.002273851330561,1.3606006410289535,1.1999957451232357,0.982677120531197,-1.6578915972697248,0.07762637188611572,0.029175154068977364,0.036385647108831874,0.4015942048909246,0.06583219662756841,0.11247359143396984,0.4372135668086182,0.05182813602750741,0.38632427812899445,0.37785586634226576,I
0.0,0.0,0.0,0.09045904874801636,-0.04117196798324585,-0.06355970306682934,0.16120436787605286,-0.13362526893615723,-0.1000874037890469,0.16129723191261292,-0.2267637848854065,-0.13223536266374936,0.09567117691040039,-0.275961697101593,-0.15541993035364499,0.15733587741851807,-0.35680174827575684,-0.05204318045068135,0.1551002860069275,-0.46214649081230164,-0.12072108639765133,0.15797680616378784,-0.37090831995010376,-0.1632329071908032,0.17289182543754578,-0.28388792276382446,-0.18124370230722775,0.08150216937065125,-0.37366753816604614,-0.053372300699237485,0.08190181851387024,-0.5039109587669373,-0.1336928303389584,0.09324371814727783,-0.3899092674255371,-0.16732428921747555,0.10950124263763428,-0.3016505837440491,-0.17315718485403409,0.002729177474975586,-0.37151074409484863,-0.06609576149273266,-0.0009263157844543457,-0.4945167303085327,-0.14133112086344113,0.030384153127670288,-0.37894725799560547,-0.16182509018469204,0.06042364239692688,-0.28499090671539307,-0.15669879271078457,-0.07008031010627747,-0.3434656858444214,-0.08427837444830288,-0.0872219055891037,-0.4769110381603241,-0.1263446654229199,-0.09302330017089844,-0.5514522790908813,-0.14387805713701596,-0.09504532814025879,-0.6293808817863464,-0.15012527956056942,-2.002273851330561,1.3606006410289535,1.1999957451232357,0.982677120531197,-1.6578915972697248,0.07762637188611572,0.029175154068977364,0.036385647108831874,0.4015942048909246,0.06583219662756841,0.11247359143396984,0.4372135668086182,0.05182813602750741,0.38632427812899445,0.37785586634226576,I
0.0,0.0,0.0,0.08443090319633484,-0.029869675636291504,-0.06004767766942898,0.15683424472808838,-0.10897743701934814,-0.09454998648514668,0.16280168294906616,-0.19728171825408936,-0.12472421950449863,0.10389778017997742,-0.2491338849067688,-0.14672690159430424,0.15254032611846924,-0.3491160273551941,-0.05018091103782574,0.14836737513542175,-0.44412875175476074,-0.11546542770018497,0.15543866157531738,-0.35998648405075073,-0.155335376921796,0.1699257493019104,-0.2789399027824402,-0.17178149050822178,0.07958954572677612,-0.36810338497161865,-0.05199571228375355,0.07634270191192627,-0.4890989065170288,-0.12820198661436955,0.09323111176490784,-0.3749200105667114,-0.161142404142522,0.11000686883926392,-0.28777194023132324,-0.1674806279574863,0.001181095838546753,-0.3675267696380615,-0.06435449695935169,-0.0018679499626159668,-0.48505085706710815,-0.1376908970509998,0.02948760986328125,-0.36304426193237305,-0.1572470468913547,0.05446493625640869,-0.26500165462493896,-0.1522588831817142,-0.07485923171043396,-0.33889561891555786,-0.08141274279704014,-0.09224371612071991,-0.47202080488204956,-0.1241696429883472,-0.09710721671581268,-0.5503694415092468,-0.1426068497334949,-0.0995839387178421,-0.6320479512214661,-0.14942049509634892,-1.931928108888351,1.3279459841356016,1.2088314455426992,1.091501397698657,-1.6549380097439146,0.07244371199746585,0.03911803015887115,0.05191716646929784,0.4336219460627744,0.06056630351437498,0.1162990718399265,0.4442080208741416,0.06002826152434156,0.40305617270515137,0.39806285901357097,I
0.0,0.0,0.0,0.08469542860984802,-0.018993496894836426,-0.06452882757321987,0.15842202305793762,-0.09760308265686035,-0.09966188391582165,0.1576889455318451,-0.1875835657119751,-0.13013096621171627,0.09883546829223633,-0.24250203371047974,-0.15174909403459225,0.1600971519947052,-0.334308922290802,-0.05201746990815792,0.158328115940094,-0.4277201294898987,-0.11988602301017437,0.1587173044681549,-0.33894258737564087,-0.1596438335432211,0.16670021414756775,-0.25772374868392944,-0.17439239194528255,0.08458611369132996,-0.3579288125038147,-0.05175669213668499,0.08090174198150635,-0.47676700353622437,-0.1313862549318472,0.09419459104537964,-0.3606853485107422,-0.1655397312893072,0.10858869552612305,-0.274239182472229,-0.1712278770460287,0.005488842725753784,-0.360042929649353,-0.06275903155938778,0.0022552311420440674,-0.4749450087547302,-0.13758218755857143,0.030820786952972412,-0.3505210876464844,-0.1580435829414526,0.05451282858848572,-0.25247693061828613,-0.15245853831903133,-0.06964781880378723,-0.3346630930900574,-0.07891648730174694,-0.08260160684585571,-0.4632264971733093,-0.12100601663724575,-0.08587789535522461,-0.5406070351600647,-0.13999350836412106,-0.08622503280639648,-0.6226850748062134,-0.1467603044761816,-1.960944673177419,1.4847904741822127,1.2914888108408087,1.1431649810057558,-1.6282882776568273,0.06955087588766705,0.03320198869045697,0.0454312112828819,0.42283156670674127,0.060412814449471074,0.11231001103372792,0.4440359783977644,0.0582906080840773,0.3992078764644347,0.39605708635634107,I
0.0,0.0,0.0,0.08575162291526794,-0.019594669342041016,-0.06412755028689432,0.15837696194648743,-0.09979820251464844,-0.10010066704237985,0.15856578946113586,-0.19082725048065186,-0.13079208211386728,0.09816643595695496,-0.24623852968215942,-0.15301162080252695,0.15974289178848267,-0.3261184096336365,-0.05809691996658373,0.15658146142959595,-0.4263901710510254,-0.12526020483458566,0.1584613025188446,-0.3411704897880554,-0.16471004561865854,0.16864532232284546,-0.2581673860549927,-0.1806419946380906,0.08821216225624084,-0.3494441509246826,-0.057692103845720766,0.08645859360694885,-0.47188496589660645,-0.13649886922324228,0.09857025742530823,-0.35599184036254883,-0.16952118353331613,0.1136537492275238,-0.2683057188987732,-0.17560289875948953,0.010851502418518066,-0.35409116744995117,-0.06809427664959955,0.009262889623641968,-0.47384512424468994,-0.14350470976317453,0.036600321531295776,-0.35072916746139526,-0.16438035742724466,0.059111952781677246,-0.2506824731826782,-0.1600322581955247,-0.0643298327922821,-0.3320521116256714,-0.08336716221058893,-0.07750430703163147,-0.46235162019729614,-0.12824615911925363,-0.08168025314807892,-0.538249135017395,-0.1490608908363633,-0.08424706757068634,-0.6162528991699219,-0.15746750013316202,-1.960886926224226,1.4405258213808934,1.2669480734224332,1.1341448701551755,-1.6407634910925566,0.0714812635432516,0.026959556974523395,0.03930650442259974,0.41253523473353787,0.05591832351161275,0.10978881074020365,0.4383831606812062,0.057318289830646726,0.40028986191014376,0.3926748592320168,I
0.0,0.0,0.0,0.08575162291526794,-0.019594669342041016,-0.06412755028689432,0.15837696194648743,-0.09979820251464844,-0.10010066704237985,0.15856578946113586,-0.19082725048065186,-0.13079208211386728,0.09816643595695496,-0.24623852968215942,-0.15301162080252695,0.15974289178848267,-0.3261184096336365,-0.05809691996658373,0.15658146142959595,-0.4263901710510254,-0.12526020483458566,0.1584613025188446,-0.3411704897880554,-0.16471004561865854,0.16864532232284546,-0.2581673860549927,-0.1806419946380906,0.08821216225624084,-0.3494441509246826,-0.057692103845720766,0.08645859360694885,-0.47188496589660645,-0.13649886922324228,0.09857025742530823,-0.35599184036254883,-0.16952118353331613,0.1136537492275238,-0.2683057188987732,-0.17560289875948953,0.010851502418518066,-0.35409116744995117,-0.06809427664959955,0.009262889623641968,-0.47384512424468994,-0.14350470976317453,0.036600321531295776,-0.35072916746139526,-0.16438035742724466,0.059111952781677246,-0.2506824731826782,-0.1600322581955247,-0.0643298327922821,-0.3320521116256714,-0.08336716221058893,-0.07750430703163147,-0.46235162019729614,-0.12824615911925363,-0.08168025314807892,-0.538249135017395,-0.1490608908363633,-0.08424706757068634,-0.6162528991699219,-0.15746750013316202,-1.960886926224226,1.4405258213808934,1.2669480734224332,1.1341448701551755,-1.6407634910925566,0.0714812635432516,0.026959556974523395,0.03930650442259974,0.41253523473353787,0.05591832351161275,0.10978881074020365,0.4383831606812062,0.057318289830646726,0.40028986191014376,0.3926748592320168,I
0.0,0.0,0.0,0.08606827259063721,-0.0233461856842041,-0.06873146181712286,0.15993908047676086,-0.10538184642791748,-0.10695426648268835,0.16497910022735596,-0.19422167539596558,-0.14049293583045142,0.10402867197990417,-0.243244469165802,-0.16584261243949072,0.16689535975456238,-0.3210984468460083,-0.05257437860379355,0.17200967669487,-0.41623252630233765,-0.11983244603285925,0.1737608015537262,-0.34054678678512573,-0.16009238844523566,0.17994913458824158,-0.26025915145874023,-0.17623204475054877,0.09501299262046814,-0.3457271456718445,-0.05170893406281607,0.09727200865745544,-0.4608244001865387,-0.13375521188388007,0.1057845950126648,-0.3479481339454651,-0.16883150225291388,0.1171707808971405,-0.2578853368759155,-0.17421065753111975,0.01819971203804016,-0.3492816090583801,-0.06276745831380026,0.019446223974227905,-0.46221232414245605,-0.14115012174258368,0.04488113522529602,-0.34605884552001953,-0.16406454628119604,0.06647378206253052,-0.248815655708313,-0.15927106624255316,-0.0557723343372345,-0.32578861713409424,-0.07945585733065741,-0.0649276077747345,-0.44867295026779175,-0.124297333115436,-0.06677600741386414,-0.5199909806251526,-0.14422280078539984,-0.06819698214530945,-0.5913156270980835,-0.1512746710122599,-1.9560793932432998,1.3594392619727413,1.323704436745647,1.1228686079448689,-1.6175546270539891,0.07780370207254654,0.01967409550900746,0.037965877787791355,0.38834933619510276,0.06282321774502334,0.1140509062911139,0.41373286709262563,0.0515018912984602,0.38149307465929316,0.3680250604705028,I
0.0,0.0,0.0,0.08600595593452454,-0.028334438800811768,-0.06164213058335832,0.15693289041519165,-0.11354374885559082,-0.09570517551882318,0.1626114547252655,-0.20188242197036743,-0.12585828614218286,0.10691714286804199,-0.2556406855583191,-0.14845926475508264,0.16486161947250366,-0.3252411484718323,-0.04798041072471193,0.16707992553710938,-0.42995643615722656,-0.11169282507879785,0.1698039174079895,-0.35344910621643066,-0.15136180233938745,0.17664498090744019,-0.27064430713653564,-0.16789605629427484,0.0930895209312439,-0.34831947088241577,-0.0491105967460399,0.0952308177947998,-0.4738040268421173,-0.12481063765270761,0.10527899861335754,-0.36728888750076294,-0.15881367933733515,0.11653655767440796,-0.27948451042175293,-0.16559615147097162,0.017164945602416992,-0.35063958168029785,-0.06115663957579187,0.01666504144668579,-0.46835923194885254,-0.13376093816740564,0.042593300342559814,-0.35807228088378906,-0.15604231667501978,0.06461036205291748,-0.26438969373703003,-0.15285451126081995,-0.05552726984024048,-0.3268543481826782,-0.07828562867624811,-0.06654462218284607,-0.4526624083518982,-0.12050224256498865,-0.06928414106369019,-0.5241361260414124,-0.13908691120131067,-0.07108256220817566,-0.5952683389186859,-0.14606026720984033,-1.9092369048602833,1.358231783607583,1.2424960195478492,1.0678821016595919,-1.6286841930519214,0.07132376923656567,0.02571110898687644,0.0432019542040651,0.38344600393574313,0.06075501409501355,0.11220907276444027,0.4083499695464637,0.05407571804855379,0.36731506977756256,0.35762165417068204,I
0.0,0.0,0.0,0.08600595593452454,-0.028334438800811768,-0.06164213058335832,0.15693289041519165,-0.11354374885559082,-0.09570517551882318,0.1626114547252655,-0.20188242197036743,-0.12585828614218286,0.10691714286804199,-0.2556406855583191,-0.14845926475508264,0.16486161947250366,-0.3252411484718323,-0.04798041072471193,0.16707992553710938,-0.42995643615722656,-0.11169282507879785,0.1698039174079895,-0.35344910621643066,-0.15136180233938745,0.17664498090744019,-0.27064430713653564,-0.16789605629427484,0.0930895209312439,-0.34831947088241577,-0.0491105967460399,0.0952308177947998,-0.4738040268421173,-0.12481063765270761,0.10527899861335754,-0.36728888750076294,-0.15881367933733515,0.11653655767440796,-0.27948451042175293,-0.16559615147097162,0.017164945602416992,-0.35063958168029785,-0.06115663957579187,0.01666504144668579,-0.46835923194885254,-0.13376093816740564,0.042593300342559814,-0.35807228088378906,-0.15604231667501978,0.06461036205291748,-0.26438969373703003,-0.15285451126081995,-0.05552726984024048,-0.3268543481826782,-0.07828562867624811,-0.06654462218284607,-0.4526624083518982,-0.12050224256498865,-0.06928414106369019,-0.5241361260414124,-0.13908691120131067,-0.07108256220817566,-0.5952683389186859,-0.14606026720984033,-1.9092369048602833,1.358231783607583,1.2424960195478492,1.0678821016595919,-1.6286841930519214,0.07132376923656567,0.02571110898687644,0.0432019542040651,0.38344600393574313,0.06075501409501355,0.11220907276444027,0.4083499695464637,0.05407571804855379,0.36731506977756256,0.35762165417068204,I
0.0,0.0,0.0,0.0826086699962616,-0.027619242668151855,-0.06399049132042833,0.15296122431755066,-0.11069881916046143,-0.0990230691331,0.1587846577167511,-0.19979381561279297,-0.1295583349364371,0.11064469814300537,-0.2630143165588379,-0.15115515409880587,0.16402176022529602,-0.32858824729919434,-0.052240903367337665,0.1679898500442505,-0.4344973862171173,-0.11859044699841448,0.1646595299243927,-0.3596544861793518,-0.15797689079218813,0.16674673557281494,-0.2786775827407837,-0.17381348728114077,0.09069111943244934,-0.35480862855911255,-0.05293043597513147,0.09114575386047363,-0.47995975613594055,-0.13365862785750338,0.10019278526306152,-0.3676852583885193,-0.1698998612063498,0.1136450469493866,-0.2787831425666809,-0.17737608670168825,0.012617886066436768,-0.35923516750335693,-0.06469387828284212,0.009150505065917969,-0.4775261878967285,-0.14149055897170015,0.03585350513458252,-0.3583730459213257,-0.16435023664408632,0.06202438473701477,-0.2602481245994568,-0.16095833002501436,-0.06143355369567871,-0.33570361137390137,-0.08145526318722673,-0.07530266046524048,-0.46167194843292236,-0.12619927047663637,-0.07955503463745117,-0.533537745475769,-0.14599900959902712,-0.07960140705108643,-0.6065388917922974,-0.153507093776998,-1.8417838048076536,1.5162534223210864,1.2775752260670636,1.1078522715284884,-1.6377768024362644,0.058247545109319766,0.016051727839257044,0.04869893934833585,0.3926865344404493,0.053101793543498914,0.10633163072180986,0.41009809234769456,0.05484742161933516,0.38048393282003656,0.3741325438165099,I
0.0,0.0,0.0,0.08379030227661133,-0.023606061935424805,-0.06742980304876767,0.1566365659236908,-0.10662925243377686,-0.10444122526565991,0.1630762219429016,-0.19575613737106323,-0.13665394458691082,0.1123221218585968,-0.2563566565513611,-0.1602317539207121,0.16180795431137085,-0.3252158761024475,-0.05620587218324147,0.16562306880950928,-0.42952269315719604,-0.1256814894429823,0.16441163420677185,-0.3503813147544861,-0.16755749258915387,0.16971459984779358,-0.26289159059524536,-0.18474431309620343,0.08840838074684143,-0.34985047578811646,-0.05571598160783253,0.09237045049667358,-0.4763302803039551,-0.13888096783081494,0.099763423204422,-0.3638038635253906,-0.17596407208363019,0.11361169815063477,-0.2718007564544678,-0.18342542622009717,0.011386513710021973,-0.3544592261314392,-0.06679535630861722,0.009965777397155762,-0.47409287095069885,-0.14477828118721447,0.03528973460197449,-0.3578541874885559,-0.16854302558819256,0.06119617819786072,-0.25860971212387085,-0.16517037126938305,-0.06173732876777649,-0.33252716064453125,-0.08338385049025021,-0.0732647180557251,-0.45724552869796753,-0.1287002858869215,-0.07688254117965698,-0.5287318229675293,-0.14976531240860425,-0.07703965902328491,-0.5990674495697021,-0.1580044177524229,-1.8585494777012035,1.4446074210180422,1.2584526429271714,1.0915405473540731,-1.6281443218819052,0.05776332653767747,0.01549784594161803,0.05117556423346573,0.3915463851321041,0.056805887152197525,0.10860286515850416,0.41701543428059,0.054049887904152286,0.37874982298984444,0.3674515174536168,I
0.0,0.0,0.0,0.08614444732666016,-0.022756755352020264,-0.06703151862870271,0.15917852520942688,-0.09712320566177368,-0.10530190270196016,0.16436472535133362,-0.18453609943389893,-0.13834110002766664,0.10995569825172424,-0.24312907457351685,-0.16298456590424593,0.15570062398910522,-0.33155548572540283,-0.05804390560637529,0.15508869290351868,-0.4334118962287903,-0.12783841889153535,0.15899309515953064,-0.35115212202072144,-0.17053367297898347,0.17054075002670288,-0.2646560072898865,-0.18796588580857332,0.0829695463180542,-0.3521784543991089,-0.057073918243752075,0.08513444662094116,-0.4759994149208069,-0.13861252467881258,0.09664544463157654,-0.3615967035293579,-0.17501805823098238,0.11097082495689392,-0.2704451084136963,-0.18251772325287874,0.006615698337554932,-0.3548681139945984,-0.0672977278734308,0.0067102015018463135,-0.4758211374282837,-0.14412221412907655,0.03460276126861572,-0.3585636019706726,-0.1667542765642267,0.05954015254974365,-0.2603214383125305,-0.1628347347284418,-0.06648111343383789,-0.3318638205528259,-0.0828583176041704,-0.07991531491279602,-0.4637190103530884,-0.12725354831467683,-0.08491650223731995,-0.5384249687194824,-0.14738106827984865,-0.08618277311325073,-0.6147581040859222,-0.1550047854686838,-1.895959170881378,1.3525038160622178,1.2407352792819215,1.0604826175893804,-1.6403272471459425,0.06429585780399813,0.02733488955502431,0.0532663554165577,0.42021236955344543,0.059850561105509695,0.11108519761183928,0.4341410433423349,0.05241758064398667,0.396763128605452,0.3832238524783414,I
0.0,0.0,0.0,0.08614444732666016,-0.022756755352020264,-0.06703151862870271,0.15917852520942688,-0.09712320566177368,-0.10530190270196016,0.16436472535133362,-0.18453609943389893,-0.13834110002766664,0.10995569825172424,-0.24312907457351685,-0.16298456590424593,0.15570062398910522,-0.33155548572540283,-0.05804390560637529,0.15508869290351868,-0.4334118962287903,-0.12783841889153535,0.15899309515953064,-0.35115212202072144,-0.17053367297898347,0.17054075002670288,-0.2646560072898865,-0.18796588580857332,0.0829695463180542,-0.3521784543991089,-0.057073918243752075,0.08513444662094116,-0.4759994149208069,-0.13861252467881258,0.09664544463157654,-0.3615967035293579,-0.17501805823098238,0.11097082495689392,-0.2704451084136963,-0.18251772325287874,0.006615698337554932,-0.3548681139945984,-0.0672977278734308,0.0067102015018463135,-0.4758211374282837,-0.14412221412907655,0.03460276126861572,-0.3585636019706726,-0.1667542765642267,0.05954015254974365,-0.2603214383125305,-0.1628347347284418,-0.06648111343383789,-0.3318638205528259,-0.0828583176041704,-0.07991531491279602,-0.4637190103530884,-0.12725354831467683,-0.08491650223731995,-0.5384249687194824,-0.14738106827984865,-0.08618277311325073,-0.6147581040859222,-0.1550047854686838,-1.895959170881378,1.3525038160622178,1.2407352792819215,1.0604826175893804,-1.6403272471459425,0.06429585780399813,0.02733488955502431,0.0532663554165577,0.42021236955344543,0.059850561105509695,0.11108519761183928,0.4341410433423349,0.05241758064398667,0.396763128605452,0.3832238524783414,I
0.0,0.0,0.0,0.08427956700325012,-0.022502481937408447,-0.06493337607954786,0.1564595103263855,-0.092232346534729,-0.1038213685808067,0.1617869734764099,-0.17719495296478271,-0.13820226646040723,0.1113443374633789,-0.2360985279083252,-0.16434809721087262,0.1618383228778839,-0.3303982615470886,-0.059673865949857685,0.162325918674469,-0.42951416969299316,-0.12675863659952924,0.16480809450149536,-0.347480833530426,-0.16735117292975232,0.170848548412323,-0.2627006769180298,-0.1838002369460945,0.08799535036087036,-0.35278749465942383,-0.05974834940408513,0.08998686075210571,-0.47162169218063354,-0.13933420336817548,0.0996183454990387,-0.347872793674469,-0.17478512383078382,0.10860392451286316,-0.25294405221939087,-0.18222655511473462,0.010708808898925781,-0.35731226205825806,-0.07027567333554074,0.010291874408721924,-0.47787582874298096,-0.1440285310802345,0.03857153654098511,-0.35472214221954346,-0.1660294995365028,0.06024494767189026,-0.2542994022369385,-0.16324094093416974,-0.06346622109413147,-0.3354610800743103,-0.08593665218924329,-0.08200615644454956,-0.46777379512786865,-0.1288704887685661,-0.08986607193946838,-0.5401813983917236,-0.1492499575672035,-0.09466330707073212,-0.6157184839248657,-0.15790687656973645,-1.8746750321411032,1.4384787470175964,1.3672460358698157,1.1225667854483203,-1.6816557673372021,0.0651799467059537,0.01706697256264447,0.05424407307152062,0.4319148765815931,0.0630046421297296,0.11092221559731034,0.4417217647637146,0.048377966211652794,0.41583994004290786,0.39321790396108597,I
0.0,0.0,0.0,0.0889022946357727,-0.02599400281906128,-0.060753861116818686,0.16133174300193787,-0.10026150941848755,-0.0966897249693196,0.16691771149635315,-0.1856926679611206,-0.12834403072541167,0.11348846554756165,-0.24355465173721313,-0.15199087713902404,0.15886208415031433,-0.33712518215179443,-0.05714558963721206,0.16102296113967896,-0.4343494772911072,-0.12283049677555968,0.1635003685951233,-0.3483402132987976,-0.1638141438836377,0.17185679078102112,-0.2628821134567261,-0.1821636423939984,0.08613759279251099,-0.35705918073654175,-0.0591126583987992,0.08889082074165344,-0.4749943017959595,-0.1384641543502133,0.09985840320587158,-0.3506661057472229,-0.17505727862065246,0.10965678095817566,-0.2524247169494629,-0.18420380507653167,0.009228259325027466,-0.35980546474456787,-0.07092889552061965,0.008431047201156616,-0.4814075231552124,-0.14580579255764892,0.03758347034454346,-0.3579854965209961,-0.16896230136101653,0.06102651357650757,-0.25414174795150757,-0.16742326472943236,-0.06465402245521545,-0.3352895975112915,-0.08737693880742003,-0.08693870902061462,-0.4638690948486328,-0.13339348291104247,-0.09647545218467712,-0.5351904034614563,-0.15524655734246184,-0.10217960178852081,-0.6080613732337952,-0.1647691444033902,-1.8930423360293571,1.3975223057934403,1.349696266174805,1.115004909174435,-1.7075095071444377,0.06148505645340289,0.009662290808193539,0.0535195572745507,0.4235302412870512,0.06307296063823381,0.11117438704303312,0.44073196597566355,0.04866057029129965,0.4139469583754725,0.3897375235366718,I
0.0,0.0,0.0,0.0889022946357727,-0.02599400281906128,-0.060753861116818686,0.16133174300193787,-0.10026150941848755,-0.0966897249693196,0.16691771149635315,-0.1856926679611206,-0.12834403072541167,0.11348846554756165,-0.24355465173721313,-0.15199087713902404,0.15886208415031433,-0.33712518215179443,-0.05714558963721206,0.16102296113967896,-0.4343494772911072,-0.12283049677555968,0.1635003685951233,-0.3483402132987976,-0.1638141438836377,0.17185679078102112,-0.2628821134567261,-0.1821636423939984,0.08613759279251099,-0.35705918073654175,-0.0591126583987992,0.08889082074165344,-0.4749943017959595,-0.1384641543502133,0.09985840320587158,-0.3506661057472229,-0.17505727862065246,0.10965678095817566,-0.2524247169494629,-0.18420380507653167,0.009228259325027466,-0.35980546474456787,-0.07092889552061965,0.008431047201156616,-0.4814075231552124,-0.14580579255764892,0.03758347034454346,-0.3579854965209961,-0.16896230136101653,0.06102651357650757,-0.25414174795150757,-0.16742326472943236,-0.06465402245521545,-0.3352895975112915,-0.08737693880742003,-0.08693870902061462,-0.4638690948486328,-0.13339348291104247,-0.09647545218467712,-0.5351904034614563,-0.15524655734246184,-0.10217960178852081,-0.6080613732337952,-0.1647691444033902,-1.8930423360293571,1.3975223057934403,1.349696266174805,1.115004909174435,-1.7075095071444377,0.06148505645340289,0.009662290808193539,0.0535195572745507,0.4235302412870512,0.06307296063823381,0.11117438704303312,0.44073196597566355,0.04866057029129965,0.4139469583754725,0.3897375235366718,I
0.0,0.0,0.0,0.08502969145774841,-0.03487962484359741,-0.06276643909740898,0.15060317516326904,-0.12026190757751465,-0.09921821095276329,0.15600240230560303,-0.20824390649795532,-0.13162851967144462,0.10409989953041077,-0.2709057927131653,-0.15545543171692344,0.15584394335746765,-0.3367201089859009,-0.052801246570830074,0.15337562561035156,-0.4373559355735779,-0.12079986818361732,0.1568705141544342,-0.35494041442871094,-0.16425970830250236,0.1672343611717224,-0.2698540687561035,-0.18384232260513755,0.08337941765785217,-0.3576674461364746,-0.05458667762804481,0.08181214332580566,-0.4821930527687073,-0.13377404846477958,0.09439772367477417,-0.3689075708389282,-0.1695488456659362,0.11004266142845154,-0.27747881412506104,-0.1776878301076934,0.006037771701812744,-0.35599571466445923,-0.06734987981844398,-0.0004125237464904785,-0.4814414978027344,-0.141141346471791,0.02827867865562439,-0.37179034948349,-0.16239388920593711,0.05629539489746094,-0.2760316729545593,-0.15939601399231407,-0.06812447309494019,-0.32432371377944946,-0.08557980396080467,-0.09029063582420349,-0.4432101249694824,-0.13025855161476585,-0.1003393828868866,-0.5099974274635315,-0.1500268194847152,-0.10684069991111755,-0.5746552646160126,-0.15767415501404258,-1.8702125579371411,1.4020691033456654,1.2497900799353396,1.0096821167703403,-1.7242403883631834,0.06314322109316335,0.008861209254839048,0.048078532750603316,0.36981032729496605,0.05769772319135209,0.11111083219756075,0.40990353512161015,0.05376674508579354,0.36790248049225094,0.3402784667389047,I
0.0,0.0,0.0,0.0830199122428894,-0.026681125164031982,-0.06114197415486444,0.15171778202056885,-0.11038893461227417,-0.09514964265004267,0.16431903839111328,-0.19533789157867432,-0.12588716191426386,0.11207711696624756,-0.2575473189353943,-0.14778648955002893,0.15711143612861633,-0.32693642377853394,-0.045855834010993135,0.15724095702171326,-0.43232637643814087,-0.11316536260024179,0.16301947832107544,-0.3521031141281128,-0.154941982451831,0.17698532342910767,-0.26913124322891235,-0.1735422079004394,0.08536502718925476,-0.3496822118759155,-0.04795300481096376,0.08305677771568298,-0.47750240564346313,-0.12696795803681482,0.09735521674156189,-0.36403679847717285,-0.16081572217122186,0.11693474650382996,-0.27483081817626953,-0.16693714899197687,0.009719759225845337,-0.348316490650177,-0.06128778574243654,0.0028741061687469482,-0.4726406931877136,-0.13421601695195307,0.02702009677886963,-0.3643103837966919,-0.15201111776009668,0.05259093642234802,-0.2736318111419678,-0.14611738068238367,-0.06325912475585938,-0.3168472647666931,-0.08030738574639429,-0.08066242933273315,-0.42729926109313965,-0.12366818529740442,-0.08726286888122559,-0.48650965094566345,-0.1406403545774566,-0.09111344814300537,-0.5448538064956665,-0.1455663059391128,-1.8339247461630344,1.2396483216996017,1.171668700177993,1.0496920320328562,-1.692358555753096,0.06593377410905,0.0179531587954245,0.06162237065583192,0.35189689334184016,0.06032045211733113,0.12447577527506112,0.38457753862240224,0.06435498048846042,0.34087602660900734,0.3069402562502168,I
0.0,0.0,0.0,0.08142450451850891,-0.025651216506958008,-0.0635254050376517,0.15136846899986267,-0.10857546329498291,-0.09845108937049929,0.15480220317840576,-0.19676697254180908,-0.1287695805313689,0.10221204161643982,-0.2578727602958679,-0.15004283587957445,0.154790997505188,-0.3277033567428589,-0.052443281072626746,0.155559241771698,-0.42999786138534546,-0.11984797220254961,0.15995067358016968,-0.3454574942588806,-0.1609360168459517,0.17114472389221191,-0.26053404808044434,-0.17832957606340472,0.08264857530593872,-0.3503355383872986,-0.05283438067461077,0.08233124017715454,-0.4716189503669739,-0.13256934683347765,0.09621268510818481,-0.3536004424095154,-0.16797191302801195,0.11263853311538696,-0.2615445852279663,-0.17482972543264452,0.0062294602394104,-0.3503669500350952,-0.06412464778448168,0.0004253983497619629,-0.472307950258255,-0.13744712274099413,0.027352333068847656,-0.35875624418258667,-0.15785199801946703,0.05403149127960205,-0.26363295316696167,-0.15354609887624804,-0.06744101643562317,-0.3198833465576172,-0.08079936008478228,-0.08737266063690186,-0.4342360198497772,-0.12395739953542773,-0.0962388813495636,-0.4963623881340027,-0.14238323669458453,-0.10185813903808594,-0.5585888028144836,-0.148570347833882,-1.888869157032155,1.3319727176764675,1.2450678305586658,1.0670831080034704,-1.7139918795445854,0.06898403538794233,0.011054140550472316,0.048523656629243815,0.36342093618891674,0.058514917282183346,0.1171542251295723,0.4041870853796634,0.058644237853262844,0.3663933536057944,0.33361734079912125,I
0.0,0.0,0.0,0.08142450451850891,-0.025651216506958008,-0.0635254050376517,0.15136846899986267,-0.10857546329498291,-0.09845108937049929,0.15480220317840576,-0.19676697254180908,-0.1287695805313689,0.10221204161643982,-0.2578727602958679,-0.15004283587957445,0.154790997505188,-0.3277033567428589,-0.052443281072626746,0.155559241771698,-0.42999786138534546,-0.11984797220254961,0.15995067358016968,-0.3454574942588806,-0.1609360168459517,0.17114472389221191,-0.26053404808044434,-0.17832957606340472,0.08264857530593872,-0.3503355383872986,-0.05283438067461077,0.08233124017715454,-0.4716189503669739,-0.13256934683347765,0.09621268510818481,-0.3536004424095154,-0.16797191302801195,0.11263853311538696,-0.2615445852279663,-0.17482972543264452,0.0062294602394104,-0.3503669500350952,-0.06412464778448168,0.0004253983497619629,-0.472307950258255,-0.13744712274099413,0.027352333068847656,-0.35875624418258667,-0.15785199801946703,0.05403149127960205,-0.26363295316696167,-0.15354609887624804,-0.06744101643562317,-0.3198833465576172,-0.08079936008478228,-0.08737266063690186,-0.4342360198497772,-0.12395739953542773,-0.0962388813495636,-0.4963623881340027,-0.14238323669458453,-0.10185813903808594,-0.5585888028144836,-0.148570347833882,-1.888869157032155,1.3319727176764675,1.2450678305586658,1.0670831080034704,-1.7139918795445854,0.06898403538794233,0.011054140550472316,0.048523656629243815,0.36342093618891674,0.058514917282183346,0.1171542251295723,0.4041870853796634,0.058644237853262844,0.3663933536057944,0.33361734079912125,I
0.0,0.0,0.0,0.08162844181060791,-0.0217626690864563,-0.06406696335792716,0.14864510297775269,-0.1014445424079895,-0.1013099421691912,0.15011492371559143,-0.18382948637008667,-0.13402366088152107,0.09956943988800049,-0.23935467004776,-0.15845958338499244,0.14607363939285278,-0.3268664479255676,-0.06184052498459991,0.1473924219608307,-0.4265403151512146,-0.13183922515630897,0.1528991460800171,-0.33835166692733765,-0.1755565498900431,0.16642427444458008,-0.2524409890174866,-0.19486557887315925,0.07417953014373779,-0.34496212005615234,-0.0627417807412165,0.07623398303985596,-0.4709038734436035,-0.1429703329634684,0.08949416875839233,-0.35401487350463867,-0.17859149919271644,0.10703212022781372,-0.26261454820632935,-0.1865351443123835,-0.0017134249210357666,-0.34307992458343506,-0.07419405327558692,-0.006890207529067993,-0.46562907099723816,-0.14799343989610847,0.02408429980278015,-0.35062551498413086,-0.16986321852922615,0.053988486528396606,-0.25290727615356445,-0.16705078826666053,-0.07251456379890442,-0.31227123737335205,-0.09095778511285957,-0.09330224990844727,-0.4336937665939331,-0.13539197490930732,-0.10349425673484802,-0.4992738962173462,-0.1559126471114176,-0.11103704571723938,-0.564099907875061,-0.1643043105435389,-1.9126754067590976,1.3038842939314532,1.1911951742340152,1.0174454872414562,-1.722590617512747,0.06812356895939212,0.024427720520051103,0.047553090766315836,0.3870588602144387,0.060257192840996544,0.11243675479142157,0.4172721724359436,0.05392456032963393,0.37208545151692723,0.35224179242490017,I
0.0,0.0,0.0,0.0816023051738739,-0.016413867473602295,-0.06155858068538578,0.14992675185203552,-0.08799618482589722,-0.0985358978695956,0.15389114618301392,-0.17312979698181152,-0.13083600505066784,0.10139086842536926,-0.2342623472213745,-0.15468541784954937,0.15026289224624634,-0.3314070701599121,-0.06323643280936153,0.14984965324401855,-0.432167649269104,-0.12999313576889904,0.1516590118408203,-0.3361091613769531,-0.17070184155178936,0.16013824939727783,-0.24964392185211182,-0.18820763631535442,0.07847434282302856,-0.3505067825317383,-0.06439783676339061,0.07654604315757751,-0.4740926921367645,-0.1403927008695689,0.08939585089683533,-0.35213589668273926,-0.17220255239678295,0.1031661331653595,-0.2599748969078064,-0.1785931686945048,0.00026491284370422363,-0.34937822818756104,-0.0753824959583369,-0.004583001136779785,-0.4737710952758789,-0.1458269755430308,0.024578601121902466,-0.3547474145889282,-0.16346707447243602,0.04946976900100708,-0.25534290075302124,-0.15902158125115307,-0.07452932000160217,-0.3190121054649353,-0.09129552050305278,-0.09797853231430054,-0.4441554546356201,-0.13473787410927685,-0.10970073938369751,-0.5116975903511047,-0.153239379364976,-0.11969640851020813,-0.5782226026058197,-0.16024112208557995,-1.8911956288391523,1.4505984950218955,1.3045311581456482,1.0887149174805013,-1.7433129115864368,0.060727651108696,0.025773761391661112,0.05603740092683748,0.40888658734045247,0.057901218238864335,0.11081512042015193,0.4315916880710827,0.05389577824698976,0.38852196162397745,0.36451131324323527,I
0.0,0.0,0.0,0.08204108476638794,-0.02123725414276123,-0.05371487718528556,0.14960134029388428,-0.0703234076499939,-0.09022830259507941,0.1565854549407959,-0.14204734563827515,-0.1219525544018154,0.10629764199256897,-0.20447230339050293,-0.1457511765927677,0.14572513103485107,-0.31802868843078613,-0.06941578370040702,0.15138089656829834,-0.4028416872024536,-0.1358657015532856,0.15097945928573608,-0.30381137132644653,-0.1763177199334507,0.1591709852218628,-0.21940219402313232,-0.19399306010907935,0.07152265310287476,-0.33592820167541504,-0.07276402246660041,0.07853206992149353,-0.44807368516921997,-0.14746557008928107,0.08705025911331177,-0.3180347681045532,-0.17822250556653785,0.09328708052635193,-0.22103917598724365,-0.18568812143510627,-0.005468428134918213,-0.3383311629295349,-0.08415862750715064,-0.003966331481933594,-0.45126503705978394,-0.15307730269140052,0.02390393614768982,-0.32656043767929077,-0.17184264790719794,0.044664978981018066,-0.22444307804107666,-0.1700908673972492,-0.07723468542098999,-0.31410086154937744,-0.09902582150405692,-0.10866773128509521,-0.4446941614151001,-0.1428413821429615,-0.12800896167755127,-0.5175661146640778,-0.1631239039868717,-0.14170561730861664,-0.594069093465805,-0.17243918609327125,-1.8830400511295358,1.435300597993287,1.3835761811480143,1.1561228446292955,-1.7971301132339335,0.05494080504092551,0.02106504159271589,0.06478747556464438,0.46183468412516415,0.06590423816324702,0.114616909646486,0.48052264825736357,0.048741104910299746,0.4408774062818588,0.4139533674704381,I
0.0,0.0,0.0,0.08204108476638794,-0.02123725414276123,-0.05371487718528556,0.14960134029388428,-0.0703234076499939,-0.09022830259507941,0.1565854549407959,-0.14204734563827515,-0.1219525544018154,0.10629764199256897,-0.20447230339050293,-0.1457511765927677,0.14572513103485107,-0.31802868843078613,-0.06941578370040702,0.15138089656829834,-0.4028416872024536,-0.1358657015532856,0.15097945928573608,-0.30381137132644653,-0.1763177199334507,0.1591709852218628,-0.21940219402313232,-0.19399306010907935,0.07152265310287476,-0.33592820167541504,-0.07276402246660041,0.07853206992149353,-0.44807368516921997,-0.14746557008928107,0.08705025911331177,-0.3180347681045532,-0.17822250556653785,0.09328708052635193,-0.22103917598724365,-0.18568812143510627,-0.005468428134918213,-0.3383311629295349,-0.08415862750715064,-0.003966331481933594,-0.45126503705978394,-0.15307730269140052,0.02390393614768982,-0.32656043767929077,-0.17184264790719794,0.044664978981018066,-0.22444307804107666,-0.1700908673972492,-0.07723468542098999,-0.31410086154937744,-0.09902582150405692,-0.10866773128509521,-0.4446941614151001,-0.1428413821429615,-0.12800896167755127,-0.5175661146640778,-0.1631239039868717,-0.14170561730861664,-0.594069093465805,-0.17243918609327125,-1.8830400511295358,1.435300597993287,1.3835761811480143,1.1561228446292955,-1.7971301132339335,0.05494080504092551,0.02106504159271589,0.06478747556464438,0.46183468412516415,0.06590423816324702,0.114616909646486,0.48052264825736357,0.048741104910299746,0.4408774062818588,0.4139533674704381,I
0.0,0.0,0.0,0.08375215530395508,-0.016516268253326416,-0.05566000515369751,0.15351247787475586,-0.06747007369995117,-0.09508613446502068,0.15763509273529053,-0.142778217792511,-0.12942258218077995,0.09643670916557312,-0.19435572624206543,-0.15434505739955284,0.15546941757202148,-0.31945621967315674,-0.07783586481360771,0.15548664331436157,-0.40436315536499023,-0.15076834657935478,0.14993232488632202,-0.2980560064315796,-0.19226232865599968,0.15621525049209595,-0.21262001991271973,-0.2103783557727752,0.07892987132072449,-0.33245140314102173,-0.08392376402167656,0.08084574341773987,-0.44681835174560547,-0.16579889455584862,0.0908820629119873,-0.3112472891807556,-0.1952384779766021,0.10177552700042725,-0.21702218055725098,-0.20173201659468987,0.0008161067962646484,-0.3318077325820923,-0.09892975488452294,-0.003458082675933838,-0.4404434561729431,-0.17704939046649315,0.027425646781921387,-0.30787163972854614,-0.1961411456182418,0.05238616466522217,-0.20348751544952393,-0.1937474975898681,-0.07098579406738281,-0.30686771869659424,-0.11724253693370201,-0.10748547315597534,-0.4361635446548462,-0.16669321754721977,-0.1297864317893982,-0.5147513151168823,-0.1883884737804351,-0.14693540334701538,-0.5969575047492981,-0.19935499826220848,-1.9935009773681067,1.5638153521262124,1.3754023653740113,1.1886654202311366,-1.8268629072670572,0.06250646707673295,0.023286715678604186,0.044987109763874086,0.4704446590259335,0.054617419494055235,0.10422994627943839,0.4895054863569844,0.051210314112066314,0.454101285445446,0.44107563972001607,I
0.0,0.0,0.0,0.08859947323799133,-0.019630014896392822,-0.049293715850410535,0.15985602140426636,-0.07024747133255005,-0.08393231441169746,0.16020584106445312,-0.1438612937927246,-0.11527326364904411,0.09806898236274719,-0.19740933179855347,-0.13910818506866462,0.16434115171432495,-0.3163767457008362,-0.0661438520708657,0.16702216863632202,-0.4076244831085205,-0.13386124779373176,0.1618105173110962,-0.30417466163635254,-0.17802119661956795,0.16550272703170776,-0.22057205438613892,-0.19968036224037178,0.08881282806396484,-0.33074188232421875,-0.07402676750808723,0.09229543805122375,-0.44878339767456055,-0.14757509936481483,0.10084107518196106,-0.3199440836906433,-0.18206312169223793,0.10760614275932312,-0.22960811853408813,-0.19548398663192756,0.01145946979522705,-0.3344625234603882,-0.0896520804324723,0.010773539543151855,-0.44385093450546265,-0.15921189297824867,0.037520140409469604,-0.31333494186401367,-0.18149660934597023,0.05799558758735657,-0.212580144405365,-0.18441079963832863,-0.06014829874038696,-0.31520652770996094,-0.10841969062477119,-0.08974900841712952,-0.44234520196914673,-0.15238573063999183,-0.10780823230743408,-0.5159855484962463,-0.17278866876750953,-0.12037262320518494,-0.5974275469779968,-0.18453647603183754,-2.0230946595508037,1.5586725112617903,1.3870657081042062,1.2060671736138098,-1.7810371157584395,0.07130092311988681,0.033581532062585524,0.042848926754065805,0.4557755012266933,0.058597482247065784,0.10780378312771759,0.47301667853228807,0.052451492708970655,0.4327417817492362,0.4241730093820608,I
0.0,0.0,0.0,0.07997816801071167,-0.015471220016479492,-0.05377931383594614,0.15292158722877502,-0.07229375839233398,-0.08910028872236353,0.1517186462879181,-0.15715175867080688,-0.12054975566610437,0.08405551314353943,-0.21343940496444702,-0.14323789862140757,0.16105228662490845,-0.3092978000640869,-0.06666983154758555,0.16705667972564697,-0.4111488461494446,-0.13638731327995401,0.15444663166999817,-0.3117274045944214,-0.17510118571266275,0.15620467066764832,-0.22882413864135742,-0.1902784654234324,0.08793273568153381,-0.3277655839920044,-0.07205309954628092,0.09329923987388611,-0.46184873580932617,-0.14987144855007273,0.09856897592544556,-0.34360945224761963,-0.179333845648614,0.10690784454345703,-0.2548614740371704,-0.18505423751815897,0.011258602142333984,-0.33174848556518555,-0.08633237567886454,0.010540187358856201,-0.4511277675628662,-0.16053072598919016,0.03416907787322998,-0.32477259635925293,-0.17919606951221567,0.05497610569000244,-0.22158902883529663,-0.17560740796074015,-0.06054180860519409,-0.31393963098526,-0.10402361539348703,-0.08448615670204163,-0.4412807822227478,-0.14870127526268107,-0.0987643152475357,-0.5177626609802246,-0.1678114780519877,-0.10884925723075867,-0.5947219729423523,-0.17652971533283335,-2.024723533463343,1.6309621639071556,1.3161708057379906,1.1930027417165425,-1.7411742363776992,0.07377120686113342,0.047307682850432735,0.03019980640807395,0.42730392822555074,0.05575051479971108,0.10148679313752716,0.4518128039802903,0.06167626050641445,0.40256215132832396,0.4075131206649894,I
0.0,0.0,0.0,0.08526477217674255,-0.02181541919708252,-0.04505446388901646,0.15829643607139587,-0.08486610651016235,-0.07455671786846096,0.16695594787597656,-0.16537094116210938,-0.10241680055440838,0.10624000430107117,-0.22008079290390015,-0.12286941915334637,0.16103070974349976,-0.32152020931243896,-0.052178757484568905,0.17343071103096008,-0.4222296476364136,-0.1163172891694444,0.17000779509544373,-0.3247145414352417,-0.15638595282615597,0.1723330020904541,-0.2411535382270813,-0.17376914083541806,0.09133189916610718,-0.33671891689300537,-0.06053368955434735,0.10320642590522766,-0.46726423501968384,-0.13286077439369137,0.11271584033966064,-0.34550487995147705,-0.1654522961336511,0.11735153198242188,-0.25040823221206665,-0.1743086373764413,0.01854628324508667,-0.3417665362358093,-0.07677336245359356,0.021992146968841553,-0.4622015357017517,-0.14291980325759823,0.04757249355316162,-0.33977723121643066,-0.1627301222044366,0.06693589687347412,-0.2403600811958313,-0.16158917009414608,-0.04980921745300293,-0.3266133666038513,-0.09640239387334759,-0.07108604907989502,-0.45420342683792114,-0.13373009323657925,-0.07931654155254364,-0.5250716805458069,-0.1504092609840768,-0.0834842175245285,-0.5994853377342224,-0.1585664397436517,-1.938297294961163,1.4310785547425662,1.2779962265642948,1.1255669425397188,-1.6935850088817792,0.06937106711189493,0.032298910545155324,0.04422739416139442,0.42419699313554,0.05575492279607394,0.10540009185090679,0.4402773312238165,0.05140721352382015,0.4027279775229737,0.3893548005345169,I
0.0,0.0,0.0,0.08814042806625366,-0.03547394275665283,-0.04558497838694109,0.15951886773109436,-0.12349313497543335,-0.06939195267874254,0.16156312823295593,-0.2135775089263916,-0.091445358321252,0.10434561967849731,-0.2650931477546692,-0.10631115160900606,0.16177386045455933,-0.3276700973510742,-0.03218832038361086,0.168598473072052,-0.436413049697876,-0.08909546755272402,0.1636989712715149,-0.3545602560043335,-0.1261552589388515,0.16720423102378845,-0.2717434763908386,-0.1421290355177547,0.09433814883232117,-0.3476128578186035,-0.03746349163371576,0.10045686364173889,-0.47840142250061035,-0.105331355557027,0.10307937860488892,-0.3727298378944397,-0.13733303718287004,0.10892879962921143,-0.2844608426094055,-0.14466725461203112,0.024149298667907715,-0.3525833487510681,-0.0519190447779323,0.0245988667011261,-0.4758971333503723,-0.11569970272499575,0.045340120792388916,-0.36826008558273315,-0.13654315643030657,0.06520485877990723,-0.2747352719306946,-0.1347071843596126,-0.04186427593231201,-0.3345412611961365,-0.07023029200750841,-0.058085694909095764,-0.46451374888420105,-0.10606627337652696,-0.064557746052742,-0.5351543128490448,-0.12251088194567217,-0.06664566695690155,-0.6051510274410248,-0.12951161138731493,-1.9423412328967753,1.474001626186423,1.3437402770030868,1.0854849853935715,-1.6621177306146364,0.06320942881586115,0.019902591350043033,0.04031091319167171,0.38062761544849716,0.05964693879622994,0.10204323975010864,0.407242396961394,0.044792518665733166,0.36560714977190506,0.3557515040397372,I
0.0,0.0,0.0,0.08731275796890259,-0.03281974792480469,-0.043441418530917986,0.15855780243873596,-0.11877161264419556,-0.06649514657495104,0.15987399220466614,-0.20368623733520508,-0.0881702340864905,0.10425585508346558,-0.2562364339828491,-0.1025948635959395,0.15655702352523804,-0.31970566511154175,-0.032939404221750124,0.1649286150932312,-0.42631083726882935,-0.08933601153132997,0.16122612357139587,-0.341704785823822,-0.12621140104768358,0.16457366943359375,-0.2592538595199585,-0.14319040996072374,0.08969047665596008,-0.338995099067688,-0.038982730331397875,0.09452766180038452,-0.46824195981025696,-0.10539672893521868,0.09894505143165588,-0.35980093479156494,-0.13692584258554064,0.10604658722877502,-0.2739117741584778,-0.14556125921247087,0.02035161852836609,-0.3429688811302185,-0.0539946481311091,0.019613534212112427,-0.4696430563926697,-0.11657248807189546,0.039765745401382446,-0.36089468002319336,-0.13707810265061937,0.058037132024765015,-0.26776576042175293,-0.1365243307971724,-0.044330447912216187,-0.32250845432281494,-0.07271704447505556,-0.06122171878814697,-0.4439998269081116,-0.11060860377786241,-0.06926941871643066,-0.511218249797821,-0.1291151307248839,-0.07507260143756866,-0.5793382227420807,-0.138024579706169,-1.9470059775086943,1.4389534151050154,1.324584811247093,1.1062560351785813,-1.6899280816505255,0.06039324121827316,0.017765820328384425,0.04763502628645927,0.36953140762001757,0.06033468167612826,0.10687603220565747,0.39985539226296046,0.0484012528126892,0.35509079965207047,0.33881499438301954,I
0.0,0.0,0.0,0.08731275796890259,-0.03281974792480469,-0.043441418530917986,0.15855780243873596,-0.11877161264419556,-0.06649514657495104,0.15987399220466614,-0.20368623733520508,-0.0881702340864905,0.10425585508346558,-0.2562364339828491,-0.1025948635959395,0.15655702352523804,-0.31970566511154175,-0.032939404221750124,0.1649286150932312,-0.42631083726882935,-0.08933601153132997,0.16122612357139587,-0.341704785823822,-0.12621140104768358,0.16457366943359375,-0.2592538595199585,-0.14319040996072374,0.08969047665596008,-0.338995099067688,-0.038982730331397875,0.09452766180038452,-0.46824195981025696,-0.10539672893521868,0.09894505143165588,-0.35980093479156494,-0.13692584258554064,0.10604658722877502,-0.2739117741584778,-0.14556125921247087,0.02035161852836609,-0.3429688811302185,-0.0539946481311091,0.019613534212112427,-0.4696430563926697,-0.11657248807189546,0.039765745401382446,-0.36089468002319336,-0.13707810265061937,0.058037132024765015,-0.26776576042175293,-0.1365243307971724,-0.044330447912216187,-0.32250845432281494,-0.07271704447505556,-0.06122171878814697,-0.4439998269081116,-0.11060860377786241,-0.06926941871643066,-0.511218249797821,-0.1291151307248839,-0.07507260143756866,-0.5793382227420807,-0.138024579706169,-1.9470059775086943,1.4389534151050154,1.324584811247093,1.1062560351785813,-1.6899280816505255,0.06039324121827316,0.017765820328384425,0.04763502628645927,0.36953140762001757,0.06033468167612826,0.10687603220565747,0.39985539226296046,0.0484012528126892,0.35509079965207047,0.33881499438301954,I
0.0,0.0,0.0,0.08473736047744751,-0.03444451093673706,-0.04158821998356643,0.15572825074195862,-0.12124985456466675,-0.06408611981390777,0.1558820605278015,-0.20598500967025757,-0.084976534528721,0.09858205914497375,-0.25998061895370483,-0.09878322033404174,0.14625200629234314,-0.3176162838935852,-0.036410856230247646,0.15464329719543457,-0.42407602071762085,-0.09161153732060257,0.15341797471046448,-0.3402661681175232,-0.1279784545135385,0.15795233845710754,-0.2610622048377991,-0.14537900237559143,0.0791616439819336,-0.33295637369155884,-0.042998201383340984,0.0834341049194336,-0.4641379117965698,-0.10765751002548996,0.09197747707366943,-0.3554226756095886,-0.13904997257708374,0.10067924857139587,-0.2688833475112915,-0.14847357122420135,0.01018989086151123,-0.3335809111595154,-0.057762771083105235,0.0077318549156188965,-0.4620967209339142,-0.11861671803711715,0.032011985778808594,-0.3556187152862549,-0.13935128895758453,0.05323231220245361,-0.26426178216934204,-0.14012588111876312,-0.05369170010089874,-0.3100987672805786,-0.07583152054070297,-0.07313059270381927,-0.4282400906085968,-0.1145015686583406,-0.08426164090633392,-0.49357300996780396,-0.1338180109691507,-0.09357048571109772,-0.5602856576442719,-0.14365322439192596,-1.9615374700465458,1.3667870251035392,1.2468010160222298,1.01512812335622,-1.7288625945340788,0.05938013046150584,0.009146407997698657,0.04555137655691143,0.35651888695777045,0.057804645987809086,0.1047688942094739,0.39089436653266996,0.047671486624693844,0.3502117439773501,0.33042578035989223,I
0.0,0.0,0.0,0.08473736047744751,-0.03444451093673706,-0.04158821998356643,0.15572825074195862,-0.12124985456466675,-0.06408611981390777,0.1558820605278015,-0.20598500967025757,-0.084976534528721,0.09858205914497375,-0.25998061895370483,-0.09878322033404174,0.14625200629234314,-0.3176162838935852,-0.036410856230247646,0.15464329719543457,-0.42407602071762085,-0.09161153732060257,0.15341797471046448,-0.3402661681175232,-0.1279784545135385,0.15795233845710754,-0.2610622048377991,-0.14537900237559143,0.0791616439819336,-0.33295637369155884,-0.042998201383340984,0.0834341049194336,-0.4641379117965698,-0.10765751002548996,0.09197747707366943,-0.3554226756095886,-0.13904997257708374,0.10067924857139587,-0.2688833475112915,-0.14847357122420135,0.01018989086151123,-0.3335809111595154,-0.057762771083105235,0.0077318549156188965,-0.4620967209339142,-0.11861671803711715,0.032011985778808594,-0.3556187152862549,-0.13935128895758453,0.05323231220245361,-0.26426178216934204,-0.14012588111876312,-0.05369170010089874,-0.3100987672805786,-0.07583152054070297,-0.07313059270381927,-0.4282400906085968,-0.1145015686583406,-0.08426164090633392,-0.49357300996780396,-0.1338180109691507,-0.09357048571109772,-0.5602856576442719,-0.14365322439192596,-1.9615374700465458,1.3667870251035392,1.2468010160222298,1.01512812335622,-1.7288625945340788,0.05938013046150584,0.009146407997698657,0.04555137655691143,0.35651888695777045,0.057804645987809086,0.1047688942094739,0.39089436653266996,0.047671486624693844,0.3502117439773501,0.33042578035989223,I
0.0,0.0,0.0,0.08154341578483582,-0.035427212715148926,-0.05083340230262934,0.14885106682777405,-0.11993753910064697,-0.07957502278364359,0.14571058750152588,-0.20579707622528076,-0.10537525090254007,0.08460733294487,-0.2540213465690613,-0.12223066958463846,0.14745351672172546,-0.32716917991638184,-0.04385818737424074,0.15022775530815125,-0.42962217330932617,-0.1025268641380137,0.1433877944946289,-0.33890479803085327,-0.137853866544134,0.14826732873916626,-0.2633938789367676,-0.1532647517589396,0.07635080814361572,-0.3422701954841614,-0.04821046638167559,0.07865706086158752,-0.46581214666366577,-0.11931206854856669,0.08268588781356812,-0.35198819637298584,-0.14971897574937998,0.09100696444511414,-0.26979511976242065,-0.15575297745741068,0.004795104265213013,-0.3421629071235657,-0.06194731416977106,-6.064772605895996e-05,-0.4622706174850464,-0.12920982214487253,0.025170117616653442,-0.34996503591537476,-0.1499410179523295,0.04979386925697327,-0.2598618268966675,-0.14809211167371927,-0.060641154646873474,-0.31784605979919434,-0.07959677847898661,-0.08916942775249481,-0.43664753437042236,-0.11956302645481287,-0.10673996806144714,-0.5010540187358856,-0.138680299845106,-0.11926844716072083,-0.5690275430679321,-0.14731059047258555,-2.017609940578915,1.5580364050483353,1.3712637983238416,1.0704456668339035,-1.8000972764176537,0.06434624641355174,0.01702254987052351,0.03529997824936524,0.3752255822120188,0.05761705653012454,0.09853678305082361,0.40618632182361347,0.04239327213301166,0.36572638937229035,0.3523712628580933,I
0.0,0.0,0.0,0.08154341578483582,-0.035427212715148926,-0.05083340230262934,0.14885106682777405,-0.11993753910064697,-0.07957502278364359,0.14571058750152588,-0.20579707622528076,-0.10537525090254007,0.08460733294487,-0.2540213465690613,-0.12223066958463846,0.14745351672172546,-0.32716917991638184,-0.04385818737424074,0.15022775530815125,-0.42962217330932617,-0.1025268641380137,0.1433877944946289,-0.33890479803085327,-0.137853866544134,0.14826732873916626,-0.2633938789367676,-0.1532647517589396,0.07635080814361572,-0.3422701954841614,-0.04821046638167559,0.07865706086158752,-0.46581214666366577,-0.11931206854856669,0.08268588781356812,-0.35198819637298584,-0.14971897574937998,0.09100696444511414,-0.26979511976242065,-0.15575297745741068,0.004795104265213013,-0.3421629071235657,-0.06194731416977106,-6.064772605895996e-05,-0.4622706174850464,-0.12920982214487253,0.025170117616653442,-0.34996503591537476,-0.1499410179523295,0.04979386925697327,-0.2598618268966675,-0.14809211167371927,-0.060641154646873474,-0.31784605979919434,-0.07959677847898661,-0.08916942775249481,-0.43664753437042236,-0.11956302645481287,-0.10673996806144714,-0.5010540187358856,-0.138680299845106,-0.11926844716072083,-0.5690275430679321,-0.14731059047258555,-2.017609940578915,1.5580364050483353,1.3712637983238416,1.0704456668339035,-1.8000972764176537,0.06434624641355174,0.01702254987052351,0.03529997824936524,0.3752255822120188,0.05761705653012454,0.09853678305082361,0.40618632182361347,0.04239327213301166,0.36572638937229035,0.3523712628580933,I
0.0,0.0,0.0,0.08010858297348022,-0.038003385066986084,-0.04191491687899429,0.14718320965766907,-0.12497115135192871,-0.0655701340199073,0.13955336809158325,-0.21389245986938477,-0.08685878226762611,0.07361403107643127,-0.26034754514694214,-0.09974271366601783,0.14204585552215576,-0.32518815994262695,-0.03991706231838066,0.14447632431983948,-0.42888715863227844,-0.09345501968866188,0.138637512922287,-0.34099358320236206,-0.1251760602951606,0.1425568163394928,-0.2685183882713318,-0.13918587872987587,0.07316479086875916,-0.3391225337982178,-0.046187467223461454,0.07624337077140808,-0.4577968120574951,-0.10869061509376365,0.08406034111976624,-0.3500741124153137,-0.13538749823575813,0.09270036220550537,-0.27434349060058594,-0.1418575526238044,0.0026302337646484375,-0.3383800983428955,-0.06051582033043701,0.0016151070594787598,-0.4576091766357422,-0.12146710911994774,0.027355700731277466,-0.3436940312385559,-0.14012885401254493,0.05116760730743408,-0.25482743978500366,-0.14003871688848335,-0.06311489641666412,-0.31476259231567383,-0.07776444712882835,-0.09600251913070679,-0.4198947250843048,-0.11724760690933067,-0.11944292485713959,-0.47652384638786316,-0.13654183158880073,-0.1369556188583374,-0.5400992035865784,-0.14636586914068062,-2.068590440369119,1.561780109568531,1.2778975912299098,1.044524721378634,-1.887459986192895,0.06942528586323572,0.023668006361120392,0.023115222326949486,0.3501436389160567,0.0501955957825054,0.09240903417935183,0.3897221326503222,0.0458894973698738,0.3512377665102221,0.3417167356824647,I
0.0,0.0,0.0,0.08010858297348022,-0.038003385066986084,-0.04191491687899429,0.14718320965766907,-0.12497115135192871,-0.0655701340199073,0.13955336809158325,-0.21389245986938477,-0.08685878226762611,0.07361403107643127,-0.26034754514694214,-0.09974271366601783,0.14204585552215576,-0.32518815994262695,-0.03991706231838066,0.14447632431983948,-0.42888715863227844,-0.09345501968866188,0.138637512922287,-0.34099358320236206,-0.1251760602951606,0.1425568163394928,-0.2685183882713318,-0.13918587872987587,0.07316479086875916,-0.3391225337982178,-0.046187467223461454,0.07624337077140808,-0.4577968120574951,-0.10869061509376365,0.08406034111976624,-0.3500741124153137,-0.13538749823575813,0.09270036220550537,-0.27434349060058594,-0.1418575526238044,0.0026302337646484375,-0.3383800983428955,-0.06051582033043701,0.0016151070594787598,-0.4576091766357422,-0.12146710911994774,0.027355700731277466,-0.3436940312385559,-0.14012885401254493,0.05116760730743408,-0.25482743978500366,-0.14003871688848335,-0.06311489641666412,-0.31476259231567383,-0.07776444712882835,-0.09600251913070679,-0.4198947250843048,-0.11724760690933067,-0.11944292485713959,-0.47652384638786316,-0.13654183158880073,-0.1369556188583374,-0.5400992035865784,-0.14636586914068062,-2.068590440369119,1.561780109568531,1.2778975912299098,1.044524721378634,-1.887459986192895,0.06942528586323572,0.023668006361120392,0.023115222326949486,0.3501436389160567,0.0501955957825054,0.09240903417935183,0.3897221326503222,0.0458894973698738,0.3512377665102221,0.3417167356824647,I
0.0,0.0,0.0,0.07623910903930664,-0.037862181663513184,-0.04539040890932711,0.1398126184940338,-0.12445634603500366,-0.07114723367095621,0.13025498390197754,-0.2162575125694275,-0.09353839648366602,0.06685987114906311,-0.2676090598106384,-0.10710295332074793,0.1348365843296051,-0.31857484579086304,-0.044294879263645726,0.14078295230865479,-0.42250069975852966,-0.09794519138932856,0.13334175944328308,-0.33464640378952026,-0.1289729703724447,0.13398906588554382,-0.26398295164108276,-0.14220316005349787,0.06710836291313171,-0.3349234461784363,-0.04760896084309252,0.07288387417793274,-0.4512770175933838,-0.10880015832782419,0.07685619592666626,-0.3439232110977173,-0.13346532774568232,0.08445116877555847,-0.27459877729415894,-0.13845218015313776,-0.0014384686946868896,-0.33479154109954834,-0.059097651815420704,-0.0013047754764556885,-0.45839518308639526,-0.11811924023032816,0.020358562469482422,-0.3485392928123474,-0.13473968995214136,0.0404667854309082,-0.2632577419281006,-0.13357568574548395,-0.06597571074962616,-0.3106245994567871,-0.07375925076604517,-0.10135500133037567,-0.4169524610042572,-0.11272054207921656,-0.12783341109752655,-0.4743586778640747,-0.13189568412900599,-0.14832529425621033,-0.5376240611076355,-0.14130372596383722,-2.0421061888338046,1.5863197003508265,1.2908547179572694,1.0408755862218364,-1.9188057844570179,0.06722705888573192,0.018929075589773886,0.026749372722379233,0.3452720034058832,0.050662599660657025,0.09352509219756655,0.39316771832429726,0.04542295742665083,0.3512366462468578,0.33304553210141363,I
0.0,0.0,0.0,0.08012482523918152,-0.034761905670166016,-0.044149027819486264,0.14278140664100647,-0.1163245439529419,-0.06919143130883754,0.13668489456176758,-0.20658791065216064,-0.09156432529792369,0.07624652981758118,-0.25783467292785645,-0.10586748799190104,0.14277857542037964,-0.305680513381958,-0.04230288943156779,0.14874926209449768,-0.41031089425086975,-0.09625253608331263,0.14013350009918213,-0.32914888858795166,-0.12867120435342372,0.14198559522628784,-0.25906646251678467,-0.14336740007505,0.07534259557723999,-0.32426679134368896,-0.0468785629223305,0.08087509870529175,-0.4430820345878601,-0.1077730186830479,0.08151862025260925,-0.3447599411010742,-0.1337303720961529,0.08955696225166321,-0.27566200494766235,-0.14037164082631648,0.007523626089096069,-0.32510173320770264,-0.05954193478331149,0.006153315305709839,-0.4486216902732849,-0.11767994394406855,0.024154573678970337,-0.34376561641693115,-0.13464868595704615,0.04563790559768677,-0.2580738663673401,-0.13436092963323176,-0.05597451329231262,-0.3006516695022583,-0.07562628170356334,-0.08856238424777985,-0.40498700737953186,-0.1124339603434521,-0.11058424413204193,-0.46100714802742004,-0.12986957063779414,-0.12532630562782288,-0.5179943442344666,-0.13881217470273555,-2.010302578033233,1.5878062990634814,1.2862824038879157,1.0537599274101987,-1.8796732403660659,0.06575060476072905,0.02224817697085898,0.030609558803357466,0.32911193014514584,0.05499248661556376,0.09635280247032328,0.3721549412127209,0.04730989490683543,0.3238823574676178,0.311106760348656,I
0.0,0.0,0.0,0.08122026920318604,-0.03697371482849121,-0.04250145628162727,0.14081820845603943,-0.11861211061477661,-0.06886127143212661,0.13971176743507385,-0.20869874954223633,-0.0924172431141983,0.08658504486083984,-0.26537656784057617,-0.10854950844355926,0.1409938633441925,-0.309028685092926,-0.046210686853612515,0.14990100264549255,-0.4206390976905823,-0.09888496547051773,0.14529192447662354,-0.3434549570083618,-0.13262815325566635,0.14419597387313843,-0.26933711767196655,-0.14891501813241348,0.07623350620269775,-0.32462745904922485,-0.05092259048529968,0.08505749702453613,-0.4509758949279785,-0.10723852663346634,0.08805876970291138,-0.3531119227409363,-0.13322591333695755,0.0945504903793335,-0.279604434967041,-0.1418239727527748,0.009500443935394287,-0.3250332474708557,-0.06299800722905502,0.011058807373046875,-0.4531245231628418,-0.11645381449767456,0.03237330913543701,-0.3556726574897766,-0.13446239679166183,0.05323469638824463,-0.26947861909866333,-0.13732012658425674,-0.0540245920419693,-0.302032470703125,-0.07838600426026687,-0.0900081992149353,-0.411256343126297,-0.11513731180735931,-0.11114732921123505,-0.4705638289451599,-0.1346385434181343,-0.12558448314666748,-0.5277265310287476,-0.14596823900052414,-1.9247585436447139,1.4902958367246988,1.1844108270612166,0.903890814410612,-1.8778354552502516,0.0577469055155948,0.016305843286271018,0.03360167507383387,0.33740689352733044,0.05069607317900858,0.09096138754624186,0.3735593445821919,0.04253853523705752,0.3316986299690547,0.31411507920790377,I
0.0,0.0,0.0,0.07833248376846313,-0.035628557205200195,-0.04027921974065407,0.14058229327201843,-0.12253034114837646,-0.062348893725896914,0.138843834400177,-0.2084251046180725,-0.08260249986651047,0.0876690149307251,-0.26314693689346313,-0.09622571512463196,0.13966715335845947,-0.3019598126411438,-0.03519225015642746,0.1460997760295868,-0.4123220443725586,-0.08608017756941422,0.1415272355079651,-0.3408157229423523,-0.12026719644072159,0.1428230106830597,-0.2652566432952881,-0.1372826908469449,0.0738246738910675,-0.3201078176498413,-0.04124415560963257,0.07881754636764526,-0.4524462819099426,-0.09718730195763214,0.08251708745956421,-0.3684080243110657,-0.12418889149429901,0.08988788723945618,-0.2911399006843567,-0.13283476873638733,0.006797283887863159,-0.31884920597076416,-0.05522023781540497,0.008206099271774292,-0.4502679407596588,-0.1102775175810109,0.024574726819992065,-0.3649013042449951,-0.12848227366211518,0.04355508089065552,-0.28123998641967773,-0.1299155418515454,-0.05550181865692139,-0.2917916178703308,-0.07266513898375138,-0.08885745704174042,-0.39370420575141907,-0.1115704019308339,-0.11043170094490051,-0.45170170068740845,-0.13071512326004608,-0.12446507811546326,-0.5044538080692291,-0.14049252017738922,-1.9307015845521978,1.4850240490693738,1.0644914967496593,0.7968465902642263,-1.884381827182456,0.05519433040222921,0.028080765946119263,0.047680159580790665,0.3212940701431737,0.05892427604186849,0.10054645266095497,0.358689567801266,0.04737865813426396,0.30240703834442945,0.27938357862952357,I
0.0,0.0,0.0,0.08004385232925415,-0.037187933921813965,-0.04189984682352588,0.14113208651542664,-0.12799251079559326,-0.06517568412573382,0.13779565691947937,-0.21549397706985474,-0.08674159082920596,0.08360514044761658,-0.26975977420806885,-0.10129977199585483,0.14040672779083252,-0.3044840097427368,-0.03465130362064883,0.14834293723106384,-0.4145466387271881,-0.08608758631498858,0.1435621678829193,-0.34292957186698914,-0.12028742018492267,0.14427578449249268,-0.2669713497161865,-0.13767006430180118,0.07510936260223389,-0.322196364402771,-0.04082026887090251,0.07925504446029663,-0.454496830701828,-0.09903298500330493,0.08244359493255615,-0.3686584234237671,-0.12705659303219363,0.09013965725898743,-0.2913437485694885,-0.13594100806267306,0.008462697267532349,-0.3206806182861328,-0.055383028419328184,0.0073433518409729,-0.4549803137779236,-0.11268184515984103,0.025674909353256226,-0.3689676821231842,-0.13259647223503634,0.046115607023239136,-0.2848888039588928,-0.13486688766033694,-0.053161948919296265,-0.29252874851226807,-0.07363063278944537,-0.087548166513443,-0.3942253887653351,-0.11486680242569491,-0.10859262943267822,-0.4521336853504181,-0.13613622817547366,-0.1229211688041687,-0.5048037171363831,-0.1474099400952582,-1.956279301054566,1.4680197146852927,1.117469861516112,0.7600635017679519,-1.8883049362025996,0.06073468827586908,0.022551449159477762,0.040427127743370914,0.31288779381825155,0.059369471091687394,0.09978204050496675,0.35771279938480477,0.04449475597287334,0.30159587825979,0.27737339566005315,I
0.0,0.0,0.0,0.07813388109207153,-0.03263568878173828,-0.04668858448921753,0.14298808574676514,-0.12445247173309326,-0.07091287697612358,0.14050886034965515,-0.21336251497268677,-0.09288688923179222,0.08165821433067322,-0.2647268772125244,-0.1069904285198362,0.14042416214942932,-0.30667608976364136,-0.03369079704343392,0.14590495824813843,-0.40999001264572144,-0.08619752700387551,0.14087948203086853,-0.3346121609210968,-0.11897085781156136,0.14211124181747437,-0.26179003715515137,-0.13453024054824425,0.07378712296485901,-0.32463324069976807,-0.0381946096843393,0.07483083009719849,-0.4506365954875946,-0.0997011008387716,0.07903644442558289,-0.35867786407470703,-0.12749562586604668,0.08777433633804321,-0.28441083431243896,-0.13434644962607933,0.00723615288734436,-0.3215636610984802,-0.05197784478723122,0.0039055347442626953,-0.4520602226257324,-0.11282617772876335,0.023250550031661987,-0.3622821569442749,-0.13295643950759484,0.04349029064178467,-0.2820100784301758,-0.13345170940219475,-0.05414426326751709,-0.291007399559021,-0.06977246875821663,-0.08764900267124176,-0.390595942735672,-0.11155371542035653,-0.10690882802009583,-0.446588397026062,-0.13281127239524437,-0.1206946074962616,-0.501885712146759,-0.1432523670321615,-1.9829663166642204,1.533228178119596,1.236130215217742,0.828894575786117,-1.8764906006018862,0.06052432206842573,0.020612256439320565,0.04189868068389082,0.3117546751673289,0.05885745289351032,0.10067244945843655,0.35596748107543447,0.044349073632202696,0.3012550796790703,0.27441205345040826,I
0.0,0.0,0.0,0.07813388109207153,-0.03263568878173828,-0.04668858448921753,0.14298808574676514,-0.12445247173309326,-0.07091287697612358,0.14050886034965515,-0.21336251497268677,-0.09288688923179222,0.08165821433067322,-0.2647268772125244,-0.1069904285198362,0.14042416214942932,-0.30667608976364136,-0.03369079704343392,0.14590495824813843,-0.40999001264572144,-0.08619752700387551,0.14087948203086853,-0.3346121609210968,-0.11897085781156136,0.14211124181747437,-0.26179003715515137,-0.13453024054824425,0.07378712296485901,-0.32463324069976807,-0.0381946096843393,0.07483083009719849,-0.4506365954875946,-0.0997011008387716,0.07903644442558289,-0.35867786407470703,-0.12749562586604668,0.08777433633804321,-0.28441083431243896,-0.13434644962607933,0.00723615288734436,-0.3215636610984802,-0.05197784478723122,0.0039055347442626953,-0.4520602226257324,-0.11282617772876335,0.023250550031661987,-0.3622821569442749,-0.13295643950759484,0.04349029064178467,-0.2820100784301758,-0.13345170940219475,-0.05414426326751709,-0.291007399559021,-0.06977246875821663,-0.08764900267124176,-0.390595942735672,-0.11155371542035653,-0.10690882802009583,-0.446588397026062,-0.13281127239524437,-0.1206946074962616,-0.501885712146759,-0.1432523670321615,-1.9829663166642204,1.533228178119596,1.236130215217742,0.828894575786117,-1.8764906006018862,0.06052432206842573,0.020612256439320565,0.04189868068389082,0.3117546751673289,0.05885745289351032,0.10067244945843655,0.35596748107543447,0.044349073632202696,0.3012550796790703,0.27441205345040826,I
0.0,0.0,0.0,0.07877883315086365,-0.03465026617050171,-0.04420733385519782,0.14338794350624084,-0.12345504760742188,-0.06844233655171195,0.14153793454170227,-0.2119409441947937,-0.09020760589079657,0.08458572626113892,-0.2664090394973755,-0.10477016054825583,0.1388256549835205,-0.30712175369262695,-0.03856763549880782,0.14646995067596436,-0.4116975963115692,-0.09052935921387473,0.1423284113407135,-0.3384290933609009,-0.12436564200358191,0.14534178376197815,-0.26436537504196167,-0.1412592970653037,0.07318001985549927,-0.32341569662094116,-0.04401860692338744,0.07766968011856079,-0.45328304171562195,-0.10334457390742102,0.08247387409210205,-0.3662719130516052,-0.13216498427824774,0.09135127067565918,-0.28967440128326416,-0.14146685533957282,0.006261765956878662,-0.3219454884529114,-0.05776294999556342,0.006763845682144165,-0.45185720920562744,-0.11665051364140311,0.027045100927352905,-0.35986611247062683,-0.1378062658830146,0.04869973659515381,-0.27272266149520874,-0.1405276202483634,-0.0554642528295517,-0.2949257493019104,-0.07506097041802207,-0.08848534524440765,-0.3979317247867584,-0.11634310268597403,-0.10936933755874634,-0.45704954862594604,-0.1381182067914466,-0.12311974167823792,-0.5131967663764954,-0.14992476933436194,-1.9610373215810741,1.4195587259514058,1.0767892262412395,0.8592847681758102,-1.8713663577548483,0.06079041937223007,0.024229107500135766,0.03643715242768998,0.32256122449866564,0.05962820064874436,0.09700272943302331,0.3660446037782385,0.045896784650588024,0.30977421267267746,0.29554987435726743,I
0.0,0.0,0.0,0.07906103134155273,-0.03633075952529907,-0.04355527569781259,0.14027461409568787,-0.12254053354263306,-0.06777703871260599,0.136915922164917,-0.21471542119979858,-0.08987467845211938,0.0820402204990387,-0.2676968574523926,-0.10452313085328058,0.13993480801582336,-0.309753954410553,-0.03754432608614877,0.14719629287719727,-0.4170409142971039,-0.09030169357787088,0.14364191889762878,-0.3420027494430542,-0.12376225848923639,0.1453087329864502,-0.26676034927368164,-0.13853314628134683,0.07710498571395874,-0.32732802629470825,-0.04185580571423486,0.08119601011276245,-0.458121120929718,-0.1025411423040481,0.08667540550231934,-0.3634236454963684,-0.1306367080403419,0.09396383166313171,-0.2860538959503174,-0.13788065423499063,0.012158304452896118,-0.33018988370895386,-0.0543497588230224,0.010470002889633179,-0.4535406231880188,-0.11215000708828882,0.03362095355987549,-0.35155820846557617,-0.13199484457503274,0.054389119148254395,-0.2631457448005676,-0.1325757365418525,-0.04846988618373871,-0.310880184173584,-0.07030084838400796,-0.07536429166793823,-0.4271036982536316,-0.10606452931891397,-0.08986768126487732,-0.49017828702926636,-0.12460985888968423,-0.10037113726139069,-0.551743745803833,-0.13411067535410837,-1.9523229703965146,1.4464476455264865,1.1830178836866583,1.0086842529466753,-1.7830311180749299,0.06327544326149392,0.021889572074546754,0.02802313387686942,0.33757449284882146,0.05485015802406438,0.09099143666292835,0.37626338506803636,0.04572681116954219,0.3291765126221474,0.3274744923609469,I
0.0,0.0,0.0,0.0791088342666626,-0.03253668546676636,-0.04186681423578875,0.1432870626449585,-0.11693382263183594,-0.06460246954355853,0.13381701707839966,-0.2059483528137207,-0.08584770325813906,0.07778730988502502,-0.25573867559432983,-0.1000373116532387,0.1393207609653473,-0.31021738052368164,-0.029947662244182993,0.1420089304447174,-0.418534517288208,-0.08360218767319338,0.13908666372299194,-0.34051060676574707,-0.11818211291227954,0.1407845914363861,-0.26219165325164795,-0.13315912101660388,0.0755440890789032,-0.3285486698150635,-0.035008588323933054,0.0769953727722168,-0.4560681879520416,-0.09597954664621966,0.08207184076309204,-0.356845498085022,-0.12373869631682055,0.08815628290176392,-0.27845877408981323,-0.1301722428599419,0.009997665882110596,-0.32916873693466187,-0.048892655859333445,0.004558384418487549,-0.45233649015426636,-0.10565751556549685,0.02564200758934021,-0.35359102487564087,-0.12305778030548709,0.04479360580444336,-0.2708156704902649,-0.12153271351252215,-0.05201055109500885,-0.306216835975647,-0.06636127595101016,-0.07363429665565491,-0.4240937829017639,-0.10009605203066485,-0.08375068008899689,-0.4887669086456299,-0.11606130514536517,-0.09033297002315521,-0.5548929274082184,-0.12349124763403552,-2.0116990034906537,1.5403256293490897,1.3241325613881654,1.0331017753079321,-1.7236992523841392,0.06332691689564009,0.024974356389431265,0.036275339888814866,0.3431584107882718,0.05508500775691021,0.09637760629899356,0.3729468636520284,0.04403111170161296,0.3290505349191204,0.31457762061678946,I
0.0,0.0,0.0,0.0791088342666626,-0.03253668546676636,-0.04186681423578875,0.1432870626449585,-0.11693382263183594,-0.06460246954355853,0.13381701707839966,-0.2059483528137207,-0.08584770325813906,0.07778730988502502,-0.25573867559432983,-0.1000373116532387,0.1393207609653473,-0.31021738052368164,-0.029947662244182993,0.1420089304447174,-0.418534517288208,-0.08360218767319338,0.13908666372299194,-0.34051060676574707,-0.11818211291227954,0.1407845914363861,-0.26219165325164795,-0.13315912101660388,0.0755440890789032,-0.3285486698150635,-0.035008588323933054,0.0769953727722168,-0.4560681879520416,-0.09597954664621966,0.08207184076309204,-0.356845498085022,-0.12373869631682055,0.08815628290176392,-0.27845877408981323,-0.1301722428599419,0.009997665882110596,-0.32916873693466187,-0.048892655859333445,0.004558384418487549,-0.45233649015426636,-0.10565751556549685,0.02564200758934021,-0.35359102487564087,-0.12305778030548709,0.04479360580444336,-0.2708156704902649,-0.12153271351252215,-0.05201055109500885,-0.306216835975647,-0.06636127595101016,-0.07363429665565491,-0.4240937829017639,-0.10009605203066485,-0.08375068008899689,-0.4887669086456299,-0.11606130514536517,-0.09033297002315521,-0.5548929274082184,-0.12349124763403552,-2.0116990034906537,1.5403256293490897,1.3241325613881654,1.0331017753079321,-1.7236992523841392,0.06332691689564009,0.024974356389431265,0.036275339888814866,0.3431584107882718,0.05508500775691021,0.09637760629899356,0.3729468636520284,0.04403111170161296,0.3290505349191204,0.31457762061678946,I
0.0,0.0,0.0,0.08237606287002563,-0.032870709896087646,-0.038158736478763444,0.14883702993392944,-0.1193189024925232,-0.05801510373898111,0.13572528958320618,-0.20562708377838135,-0.07718519802041612,0.07543075084686279,-0.2511340379714966,-0.08980678702540956,0.14261388778686523,-0.3127870559692383,-0.02523644204087816,0.14840728044509888,-0.41745349764823914,-0.07701418484397493,0.14497768878936768,-0.3372587561607361,-0.110406070303398,0.14518952369689941,-0.2586616277694702,-0.12489035661168657,0.07954147458076477,-0.3319438099861145,-0.03209016035147272,0.08028542995452881,-0.45935893058776855,-0.0915377208108481,0.08712387084960938,-0.3590852618217468,-0.118919014286476,0.09258812665939331,-0.27866458892822266,-0.12549814517446123,0.013757169246673584,-0.33187949657440186,-0.04755368391819559,0.008071601390838623,-0.45399796962738037,-0.10350825573154054,0.02908387780189514,-0.3523394465446472,-0.12112376029439531,0.04529458284378052,-0.2690389156341553,-0.11989978636451326,-0.049186885356903076,-0.307178795337677,-0.06632088805385195,-0.06840233504772186,-0.4244169592857361,-0.10015840018935762,-0.07622693479061127,-0.48883721232414246,-0.11632050509400926,-0.0834122747182846,-0.5560057163238525,-0.1240297400469359,-2.0789125129181913,1.5232457672114728,1.3306486999219724,1.1056587788354157,-1.7074855887279885,0.07016374418251611,0.032439278363633466,0.0350538623553065,0.3437700496437589,0.05627633095197229,0.10043250127062783,0.37506304701595544,0.04826316269167831,0.3284725897699574,0.31450818730453134,I
0.0,0.0,0.0,0.0846506655216217,-0.03288590908050537,-0.04571472637557861,0.15715020895004272,-0.1220254898071289,-0.06787467532062408,0.15781843662261963,-0.20748090744018555,-0.08841938309574005,0.09644806385040283,-0.25250452756881714,-0.10043097071552154,0.15841522812843323,-0.32254284620285034,-0.02620471239292499,0.1641862988471985,-0.4305400848388672,-0.08169217191839095,0.15790411829948425,-0.34470468759536743,-0.11605226777696487,0.15924420952796936,-0.2645246386528015,-0.12986997299098846,0.09128952026367188,-0.34406018257141113,-0.030338136183260644,0.09417110681533813,-0.47237956523895264,-0.09829522453451034,0.09757304191589355,-0.36514806747436523,-0.12758407525920745,0.10228964686393738,-0.2818182706832886,-0.1320453190078723,0.022900640964508057,-0.34901177883148193,-0.04445351444387313,0.02063491940498352,-0.47468551993370056,-0.1082014121880519,0.041151225566864014,-0.36338645219802856,-0.12725583248042938,0.06055155396461487,-0.27287155389785767,-0.12367856286668655,-0.04081438481807709,-0.3297644853591919,-0.06254005216264602,-0.060923099517822266,-0.45048779249191284,-0.0986574196090686,-0.07271838188171387,-0.5185561776161194,-0.11579741321706649,-0.08053100109100342,-0.5892809927463531,-0.12292222462797042,-2.006239201385764,1.5565090016988428,1.3958707932886245,1.1115629097175317,-1.7226588360904669,0.06393621026014508,0.029890125919527954,0.0412719660722421,0.3804470750643388,0.05952219684333764,0.0990449961192138,0.4036816086366941,0.04268620550144024,0.3577103783469159,0.34643790256471846,I
0.0,0.0,0.0,0.09058910608291626,-0.03419792652130127,-0.05212552618309019,0.16554990410804749,-0.1253678798675537,-0.07770226296111105,0.1616966724395752,-0.21674507856369019,-0.1001201957099056,0.09191244840621948,-0.25784873962402344,-0.1123478278152561,0.16452589631080627,-0.3325592875480652,-0.034833857380590416,0.16787362098693848,-0.4421665668487549,-0.09180566068812368,0.15498870611190796,-0.34551990032196045,-0.1239907532565212,0.15458270907402039,-0.268848717212677,-0.13689417537375448,0.09644994139671326,-0.35400134325027466,-0.037261632793388344,0.09893748164176941,-0.48388826847076416,-0.10845458652897833,0.09885543584823608,-0.3680461049079895,-0.1356290965907192,0.1029227077960968,-0.2859984040260315,-0.13847031589671133,0.025932520627975464,-0.3594319820404053,-0.05034040432497022,0.023101747035980225,-0.48373714089393616,-0.11852553632184026,0.04414522647857666,-0.3617275357246399,-0.13724451657458303,0.06574273109436035,-0.2682192921638489,-0.13291125889941213,-0.040440648794174194,-0.3416404128074646,-0.06764432933255193,-0.06500986218452454,-0.4620034694671631,-0.1068519964449024,-0.07994616031646729,-0.5314664542675018,-0.1258975952498531,-0.08900757133960724,-0.6075519919395447,-0.13467952009364126,-2.0781080957348848,1.725615492357231,1.4758985994040192,1.1592635583191937,-1.751448258256221,0.06362830407233085,0.030226303409084963,0.02814964412144316,0.3937314036559485,0.054432228411403584,0.08884220766796924,0.4172003511775772,0.04121222495995172,0.37447822626844773,0.372953532280453,I
0.0,0.0,0.0,0.09125334024429321,-0.035163283348083496,-0.04922729974751405,0.16582047939300537,-0.12769067287445068,-0.0731493370807641,0.1602969765663147,-0.22176796197891235,-0.093867613581466,0.08976218104362488,-0.2604920268058777,-0.10491093119745187,0.16286635398864746,-0.3373700976371765,-0.03498138731484346,0.16588085889816284,-0.4443334937095642,-0.08984371891384058,0.15419703722000122,-0.3477025032043457,-0.12152102461223535,0.1532256305217743,-0.2726317048072815,-0.1346483292258256,0.09550291299819946,-0.3573973774909973,-0.03797594329481058,0.09759518504142761,-0.485066294670105,-0.10543991496925287,0.09937906265258789,-0.3688076138496399,-0.13143925985460214,0.10343813896179199,-0.2895665168762207,-0.13476886471872263,0.025411784648895264,-0.36147117614746094,-0.05098005255823068,0.02131831645965576,-0.4827260971069336,-0.11615166684751443,0.044052958488464355,-0.3601892590522766,-0.13464357575540475,0.06514707207679749,-0.2684406638145447,-0.13133697828416757,-0.04085783660411835,-0.34338217973709106,-0.06781884154443674,-0.06887142360210419,-0.4680331349372864,-0.10560667386417322,-0.08511653542518616,-0.5390406548976898,-0.12442049255733423,-0.09581533074378967,-0.6184381246566772,-0.13367140909795694,-2.0909171782323206,1.718628089632404,1.4543401767099782,1.167130527901371,-1.7680041735755334,0.0646140944503859,0.032130325205791996,0.02586666618921613,0.4031927849649869,0.05258880275919578,0.08817821319548268,0.4261495986119577,0.04373222462640849,0.3845237048529201,0.38523644391168016,I
0.0,0.0,0.0,0.09323203563690186,-0.04092592000961304,-0.04831232884063752,0.16296550631523132,-0.13676702976226807,-0.07195691400303872,0.15576988458633423,-0.23058080673217773,-0.09205602490439446,0.08530482649803162,-0.26725584268569946,-0.10201404624714883,0.15726038813591003,-0.3418269753456116,-0.035000842149401024,0.1606314778327942,-0.44629937410354614,-0.08966894083752663,0.15145912766456604,-0.35012972354888916,-0.12215686225428612,0.1499389410018921,-0.27689623832702637,-0.1358331405474189,0.0906398594379425,-0.3597337007522583,-0.03646054127349885,0.09182119369506836,-0.48417121171951294,-0.10191126548781426,0.09609019756317139,-0.36897242069244385,-0.12803138428463967,0.10197031497955322,-0.2953450083732605,-0.13265484207406075,0.023093819618225098,-0.36217087507247925,-0.047738462771320656,0.015689462423324585,-0.4843090772628784,-0.10912936561837228,0.04079514741897583,-0.36260324716567993,-0.1282042228533271,0.06395217776298523,-0.2717958092689514,-0.12692255907788308,-0.04130607843399048,-0.3437367081642151,-0.06284903370871575,-0.07452379167079926,-0.46938979625701904,-0.09762331479325326,-0.09191466867923737,-0.5434140563011169,-0.11750425779356988,-0.10319365561008453,-0.6240466237068176,-0.1286285632206443,-2.1076435061064194,1.6830798610687157,1.3966099804410286,1.1461993330987095,-1.7880930656562795,0.06534910853117631,0.03266098184915735,0.021829954296317764,0.4035236538032477,0.051394028823296495,0.08613790007238556,0.42963880357442025,0.04472072825739966,0.38747516920571246,0.3898953268328797,I
0.0,0.0,0.0,0.08766728639602661,-0.036905109882354736,-0.05412923427158489,0.1581944227218628,-0.1310642957687378,-0.08046042056614056,0.14990413188934326,-0.22441941499710083,-0.10347071172529354,0.08044561743736267,-0.26165521144866943,-0.11651281149917736,0.1604415774345398,-0.3360075354576111,-0.03193235279852047,0.16238555312156677,-0.44263797998428345,-0.08824071915680065,0.15249070525169373,-0.34976470470428467,-0.12187721462780132,0.15182766318321228,-0.27160054445266724,-0.1353844541483511,0.09231886267662048,-0.3561488389968872,-0.03264033304387226,0.09249952435493469,-0.47866156697273254,-0.10395772637659206,0.09415608644485474,-0.3628745675086975,-0.1337469208412756,0.09849536418914795,-0.28199881315231323,-0.13759849848085537,0.023651093244552612,-0.3593902587890625,-0.04422119887405529,0.017337381839752197,-0.4803650379180908,-0.11167844267421856,0.03970453143119812,-0.36226820945739746,-0.13322940351301327,0.060580819845199585,-0.2717459201812744,-0.13026313366228237,-0.04115971922874451,-0.3390750288963318,-0.060160442011891746,-0.06929565966129303,-0.46283483505249023,-0.09715419890218868,-0.0855751484632492,-0.5340234637260437,-0.11653816582494869,-0.09630194306373596,-0.6107833087444305,-0.12542535247141018,-2.1077981951231823,1.7037492814600133,1.4876908187040077,1.172013718085865,-1.77102337493831,0.07207153462652904,0.02719660802526819,0.022280767179428063,0.39131844891909706,0.05433652646187749,0.09124695914524658,0.4202537912843469,0.039276385870963285,0.38215865220447054,0.37357536340297626,I
0.0,0.0,0.0,0.08978459239006042,-0.04260915517807007,-0.04626184029700653,0.15676990151405334,-0.13956111669540405,-0.06871125547411339,0.14097067713737488,-0.23429489135742188,-0.08848415015461342,0.06929272413253784,-0.2676534056663513,-0.09837823061468498,0.1536593735218048,-0.3451387286186218,-0.028170429898523253,0.1572389304637909,-0.4492684602737427,-0.0811083733868827,0.1471693515777588,-0.35379427671432495,-0.11396161167147056,0.14423984289169312,-0.27846425771713257,-0.1279935583305587,0.08660537004470825,-0.3632510304450989,-0.03066169170858757,0.08865424990653992,-0.48584747314453125,-0.09422971008541481,0.09201979637145996,-0.37097692489624023,-0.12123373596193687,0.09670209884643555,-0.2961053252220154,-0.1262775555086364,0.0201261043548584,-0.36435121297836304,-0.042992354167722624,0.012269854545593262,-0.48657411336898804,-0.10166407076837913,0.035820066928863525,-0.36659514904022217,-0.12112060634615318,0.057450681924819946,-0.27751898765563965,-0.12020481823208229,-0.043342411518096924,-0.34292101860046387,-0.05916532946946518,-0.0770426094532013,-0.4680936932563782,-0.09084381608488457,-0.09466171264648438,-0.5412834882736206,-0.10933489797832863,-0.10605338215827942,-0.6217610836029053,-0.11961239276649849,-2.169969076326884,1.711143932457562,1.4215441167406613,1.1648273420311241,-1.7920150395571472,0.07572281777880961,0.03950677851469079,0.015413100649666257,0.39514365054365835,0.05070546688104009,0.08679430855086626,0.4248522203886461,0.04342954840296824,0.38361629011824544,0.3810986743533185,I
0.0,0.0,0.0,0.08866724371910095,-0.045461058616638184,-0.04794778128763255,0.155411958694458,-0.13935190439224243,-0.07086289873024043,0.13731688261032104,-0.233414888381958,-0.09106193681856212,0.06413927674293518,-0.2632230520248413,-0.10112419923444804,0.15037494897842407,-0.342540442943573,-0.027576271571717825,0.15407955646514893,-0.44477784633636475,-0.08070034732719478,0.14315387606620789,-0.3485032916069031,-0.11233464082380351,0.13976570963859558,-0.27636516094207764,-0.1249970366587263,0.08413171768188477,-0.3626575469970703,-0.02945403581162509,0.0852566659450531,-0.4838590919971466,-0.09388438811203059,0.08773490786552429,-0.3686854839324951,-0.12065136631628093,0.09302845597267151,-0.2974192500114441,-0.12470596482654628,0.018730252981185913,-0.36385834217071533,-0.04141506006618556,0.009141325950622559,-0.48332566022872925,-0.10038860341211375,0.03130793571472168,-0.36236536502838135,-0.11981751223703441,0.05237486958503723,-0.27493947744369507,-0.1181257461537939,-0.0449233204126358,-0.34196001291275024,-0.05737854739328441,-0.07782478630542755,-0.46454155445098877,-0.08801589360137996,-0.09566496312618256,-0.5365229249000549,-0.10589746584793147,-0.10781809687614441,-0.6146225035190582,-0.11539376726051387,-2.2058189012817095,1.72976385297068,1.4352594800770986,1.2090706193764846,-1.7974999834348382,0.07675983571708793,0.04476566355262441,0.01660349060807284,0.39121721952440724,0.05126056522097419,0.08740246849319634,0.4191846503100621,0.046454862618186314,0.3754427277589325,0.37556137275730195,I
0.0,0.0,0.0,0.0856907069683075,-0.04231226444244385,-0.05043966804151978,0.15297922492027283,-0.1333112120628357,-0.0752448413193747,0.13262906670570374,-0.22865629196166992,-0.09714947376852479,0.060287654399871826,-0.26273733377456665,-0.10891569886808838,0.14804157614707947,-0.3399955630302429,-0.030577332866243978,0.1525682508945465,-0.4421464204788208,-0.08551405106192078,0.14265793561935425,-0.34643977880477905,-0.11884062473183121,0.14046591520309448,-0.27365100383758545,-0.13247508291607346,0.08162796497344971,-0.3605131506919861,-0.03167748559718575,0.08443179726600647,-0.4821111559867859,-0.09727108214502778,0.08689409494400024,-0.36719411611557007,-0.12534593526726212,0.09314802289009094,-0.29580384492874146,-0.13040285293465104,0.016491591930389404,-0.3627045750617981,-0.042977144163899084,0.007853448390960693,-0.4826355278491974,-0.10259353105431046,0.029315710067749023,-0.3611198663711548,-0.12256444726591553,0.05019080638885498,-0.2727423310279846,-0.12120363597279038,-0.04695768654346466,-0.3418535590171814,-0.058494650912336965,-0.07787472009658813,-0.4639129042625427,-0.08866768066292252,-0.0949830412864685,-0.5353392362594604,-0.10654680911903824,-0.10617351531982422,-0.6129265129566193,-0.11622547094231095,-2.192294778278068,1.6844905157841965,1.3946143108877027,1.2123826472572456,-1.785867504215331,0.08091762292402084,0.046617571550029845,0.014214299483213231,0.38773932253596516,0.052246830538847135,0.09027968186528844,0.41945068813467123,0.048756085496365065,0.3745608924747567,0.3743996243826504,I
0.0,0.0,0.0,0.08667498826980591,-0.02794778347015381,-0.05942286704784294,0.15766677260398865,-0.11513257026672363,-0.08920141090756317,0.14843839406967163,-0.20421099662780762,-0.11594211091404816,0.08205556869506836,-0.24257570505142212,-0.13318697144394775,0.15861624479293823,-0.321897029876709,-0.030917064893301927,0.1618785262107849,-0.4221782684326172,-0.09045225908165833,0.1504867672920227,-0.3322310447692871,-0.1254135869920816,0.14697852730751038,-0.2513298988342285,-0.1386669181764688,0.09130552411079407,-0.3447098135948181,-0.030941027823146783,0.0932917594909668,-0.4644289016723633,-0.10672284443980118,0.09019395709037781,-0.3474573493003845,-0.13914882172947785,0.09377726912498474,-0.2636975646018982,-0.14314717580681702,0.023032665252685547,-0.3484325408935547,-0.042879158306178056,0.01888379454612732,-0.4642640948295593,-0.11304052700405975,0.03578832745552063,-0.3534814119338989,-0.13517204453354736,0.05199834704399109,-0.26839679479599,-0.13082789410954376,-0.04192174971103668,-0.3277258276939392,-0.05987154846197029,-0.054530054330825806,-0.4478733539581299,-0.09624159862404724,-0.05863305926322937,-0.5184178352355957,-0.1146072127402391,-0.060699909925460815,-0.5931911170482635,-0.12205258538132568,-2.106270102281258,1.7342421158406147,1.540295032418123,1.2235515209008587,-1.641415479715679,0.06551050651444992,0.02415639070388495,0.039625310711450784,0.3785634607379471,0.05461989590565455,0.09650136569323882,0.3999992822622476,0.04204237260986591,0.3639082301228005,0.34379099594268947,I
0.0,0.0,0.0,0.08804154396057129,-0.028579652309417725,-0.06043265649994112,0.16129297018051147,-0.1115310788154602,-0.09113454336245752,0.15138044953346252,-0.20343846082687378,-0.1186377134354899,0.08055299520492554,-0.23829859495162964,-0.13635622227509714,0.1625102162361145,-0.32530468702316284,-0.029297946784097917,0.16219046711921692,-0.4248376488685608,-0.08745890373309351,0.15278610587120056,-0.3343455195426941,-0.12139198446591593,0.15007004141807556,-0.25494152307510376,-0.13399768138249613,0.09579712152481079,-0.35004836320877075,-0.028698530811269052,0.09589952230453491,-0.4679141640663147,-0.10228400194962717,0.09435951709747314,-0.3494156002998352,-0.13248282933552957,0.09798824787139893,-0.2682085633277893,-0.1350181129010508,0.02800855040550232,-0.3568747639656067,-0.04021273815949655,0.023067206144332886,-0.47170472145080566,-0.10783538484891153,0.03901946544647217,-0.35917991399765015,-0.12723329925854898,0.052812278270721436,-0.2767499089241028,-0.12121890002806879,-0.03800386190414429,-0.3404914140701294,-0.057220543566543824,-0.04873950779438019,-0.4613332152366638,-0.09200352692921854,-0.048767998814582825,-0.5307626128196716,-0.10882780218442178,-0.047598615288734436,-0.6063917577266693,-0.11494493002017236,-2.1379170032540724,1.7457875220445027,1.544029362159226,1.2705889667206558,-1.6068646981224848,0.07148151348932368,0.03462071986262907,0.047413615367669935,0.38976327655879867,0.05374502373341207,0.09967285581223032,0.40322470817264555,0.04597632884384094,0.3681893639129708,0.3445955542768689,I
0.0,0.0,0.0,0.08026930689811707,-0.021616220474243164,-0.053657607003188446,0.15160605311393738,-0.09765076637268066,-0.0802823797008756,0.14271363615989685,-0.1842668056488037,-0.10480376036379369,0.07712799310684204,-0.22154659032821655,-0.12092517764780553,0.1521356999874115,-0.3141869306564331,-0.030557733788228347,0.15683108568191528,-0.418613076210022,-0.08955748082611592,0.14832445979118347,-0.32938897609710693,-0.12385254056665929,0.14592492580413818,-0.25115036964416504,-0.1354433789989713,0.08682027459144592,-0.33975493907928467,-0.031923864795899703,0.08737286925315857,-0.4561563730239868,-0.10165814758751424,0.0873674750328064,-0.3433108329772949,-0.1299870059034589,0.0936225950717926,-0.2645952105522156,-0.13247988076422246,0.01849260926246643,-0.3456251621246338,-0.044255361720061615,0.01499396562576294,-0.4549124836921692,-0.10748909117195637,0.02831748127937317,-0.34445303678512573,-0.12257071287844212,0.04161351919174194,-0.26218706369400024,-0.11451530904982121,-0.048506468534469604,-0.32899045944213867,-0.06155530439231427,-0.05451056361198425,-0.45192819833755493,-0.09251545073006184,-0.05267317593097687,-0.5231741666793823,-0.10486866982195409,-0.04906107485294342,-0.5974527299404144,-0.10789285303566487,-2.1120496352473657,1.669005895123805,1.4805373747305055,1.3004764436042322,-1.5728621870309187,0.07489593913119505,0.04610049454368411,0.053971528909799275,0.39652125626592144,0.05400275499526344,0.10489365169068303,0.39742277891308236,0.05206479756214941,0.3621501869065598,0.34731102627014376,I
0.0,0.0,0.0,0.08586207032203674,-0.024501681327819824,-0.05793609894035967,0.16162261366844177,-0.09665662050247192,-0.08831128901957186,0.156972736120224,-0.18438947200775146,-0.1164844972562662,0.09150585532188416,-0.22554951906204224,-0.13496670550821932,0.16346588730812073,-0.3234538435935974,-0.03396828896521242,0.16523924469947815,-0.42803001403808594,-0.09539105422018679,0.15258058905601501,-0.33132404088974,-0.13066079146383913,0.1519479751586914,-0.2550455927848816,-0.14340357906340273,0.09637188911437988,-0.3489009141921997,-0.03558041579245241,0.09577247500419617,-0.4731193780899048,-0.10981558687208803,0.09565648436546326,-0.3586861491203308,-0.1409397018623224,0.10261562466621399,-0.2822796106338501,-0.14557277090071352,0.027056217193603516,-0.35599833726882935,-0.04855736768959673,0.02117094397544861,-0.46676111221313477,-0.11659838683127077,0.03781139850616455,-0.3482370376586914,-0.13476413912295016,0.0549599826335907,-0.26203984022140503,-0.1286397171687952,-0.03994588553905487,-0.3423914909362793,-0.06680903262613924,-0.048279255628585815,-0.46467888355255127,-0.0996620473933092,-0.0465574711561203,-0.5372660756111145,-0.11413861490009936,-0.04133996367454529,-0.6148890852928162,-0.11942664212702425,-2.069015486130325,1.7376020550141793,1.4773494780410295,1.2821127560249965,-1.5759122103926961,0.06725524675019892,0.05780770073813623,0.051644402880296654,0.4113797630627925,0.05635044394954286,0.09723985906639471,0.40846978639638576,0.05177555913643057,0.36242554276354133,0.36575438398796345,I
0.0,0.0,0.0,0.08586207032203674,-0.024501681327819824,-0.05793609894035967,0.16162261366844177,-0.09665662050247192,-0.08831128901957186,0.156972736120224,-0.18438947200775146,-0.1164844972562662,0.09150585532188416,-0.22554951906204224,-0.13496670550821932,0.16346588730812073,-0.3234538435935974,-0.03396828896521242,0.16523924469947815,-0.42803001403808594,-0.09539105422018679,0.15258058905601501,-0.33132404088974,-0.13066079146383913,0.1519479751586914,-0.2550455927848816,-0.14340357906340273,0.09637188911437988,-0.3489009141921997,-0.03558041579245241,0.09577247500419617,-0.4731193780899048,-0.10981558687208803,0.09565648436546326,-0.3586861491203308,-0.1409397018623224,0.10261562466621399,-0.2822796106338501,-0.14557277090071352,0.027056217193603516,-0.35599833726882935,-0.04855736768959673,0.02117094397544861,-0.46676111221313477,-0.11659838683127077,0.03781139850616455,-0.3482370376586914,-0.13476413912295016,0.0549599826335907,-0.26203984022140503,-0.1286397171687952,-0.03994588553905487,-0.3423914909362793,-0.06680903262613924,-0.048279255628585815,-0.46467888355255127,-0.0996620473933092,-0.0465574711561203,-0.5372660756111145,-0.11413861490009936,-0.04133996367454529,-0.6148890852928162,-0.11942664212702425,-2.069015486130325,1.7376020550141793,1.4773494780410295,1.2821127560249965,-1.5759122103926961,0.06725524675019892,0.05780770073813623,0.051644402880296654,0.4113797630627925,0.05635044394954286,0.09723985906639471,0.40846978639638576,0.05177555913643057,0.36242554276354133,0.36575438398796345,I
0.0,0.0,0.0,0.08369788527488708,-0.029947996139526367,-0.051760946895996085,0.15835922956466675,-0.10490983724594116,-0.08034216755262946,0.15417209267616272,-0.19545245170593262,-0.10704647892347907,0.09047803282737732,-0.24105805158615112,-0.12385757410160636,0.16038352251052856,-0.34402793645858765,-0.03221012049547767,0.16399428248405457,-0.4320452809333801,-0.08627835058800315,0.1514454483985901,-0.32829827070236206,-0.11680277579657172,0.14745917916297913,-0.25867778062820435,-0.1281819804870281,0.09403616189956665,-0.3667914867401123,-0.03534905755154227,0.0966421365737915,-0.47278767824172974,-0.10279977464310264,0.09720712900161743,-0.34472018480300903,-0.13032974445454215,0.0976262092590332,-0.26867353916168213,-0.13422541463009452,0.025274336338043213,-0.3717203140258789,-0.04841160171858405,0.025562763214111328,-0.47484129667282104,-0.1104743047916088,0.043356090784072876,-0.34855473041534424,-0.1250936850272808,0.05480086803436279,-0.2638171911239624,-0.11864117675654029,-0.04163022339344025,-0.3548106551170349,-0.06602969163290595,-0.050672709941864014,-0.4758009910583496,-0.09679641717306708,-0.04823310673236847,-0.5465760827064514,-0.1103863953911457,-0.044609084725379944,-0.6294838488101959,-0.11563558274141883,-2.0333097615544555,1.7210818702158797,1.5342235420961732,1.3036956160543223,-1.5816410128468699,0.05964315458822279,0.02852563023549853,0.04231830006237821,0.4112458258485394,0.0508255848771775,0.09280073362560974,0.41759712426413587,0.043099814005084974,0.38783367363276855,0.3789385745092671,I
0.0,0.0,0.0,0.08645784854888916,-0.027539432048797607,-0.05128631057118582,0.16012263298034668,-0.09720873832702637,-0.08106771545385527,0.15818461775779724,-0.18686115741729736,-0.10908941613411116,0.09784093499183655,-0.23480194807052612,-0.12752003656601119,0.1586279273033142,-0.3377748131752014,-0.03864297704672026,0.16641846299171448,-0.43329429626464844,-0.09419426755880522,0.15643274784088135,-0.3309261202812195,-0.1249831511256616,0.15451133251190186,-0.2581588625907898,-0.13632146702980208,0.09249910712242126,-0.35874372720718384,-0.04186524139618086,0.09916603565216064,-0.47068333625793457,-0.11080148504947829,0.10054019093513489,-0.3399084210395813,-0.13860934661602187,0.10048499703407288,-0.2581087350845337,-0.1427540747997682,0.02515318989753723,-0.36316967010498047,-0.05426929207419562,0.02874743938446045,-0.474664568901062,-0.11646879153227019,0.04624876379966736,-0.3465181589126587,-0.1294668136713426,0.05607271194458008,-0.2568690776824951,-0.12201467590307402,-0.040599435567855835,-0.34637391567230225,-0.07121074633573699,-0.04709033668041229,-0.47087568044662476,-0.10186087774013686,-0.04299075901508331,-0.5419255495071411,-0.11480985270713973,-0.038151130080223083,-0.6244969367980957,-0.11970425085996794,-1.9958526021116656,1.6224559766185327,1.491607271004233,1.28773772128812,-1.5619935954020323,0.06129501946315971,0.023456286683946944,0.047239206871377566,0.41274208169502646,0.05402635873284267,0.0984470698614581,0.41391111256642954,0.04442958268254175,0.3917400797673746,0.3795107049924085,I
0.0,0.0,0.0,0.08873739838600159,-0.025053739547729492,-0.03557307061444703,0.16461706161499023,-0.10472530126571655,-0.05376264241229478,0.1629580557346344,-0.1951911449432373,-0.07312901478897516,0.09546944499015808,-0.23227500915527344,-0.08427278858314935,0.15831276774406433,-0.33134907484054565,-0.01849806097041551,0.16968920826911926,-0.435030460357666,-0.06928081971298639,0.16282036900520325,-0.3367071747779846,-0.09918391865383569,0.16269487142562866,-0.261438250541687,-0.10999367546926919,0.09141373634338379,-0.3526604175567627,-0.02714099523316804,0.09623217582702637,-0.4753515124320984,-0.09032593828331414,0.10191425681114197,-0.35631072521209717,-0.11651367109905664,0.10590356588363647,-0.2742502689361572,-0.12008385521065179,0.025070488452911377,-0.3591254949569702,-0.044292373328318035,0.02975064516067505,-0.4777842164039612,-0.1003885955799717,0.04870617389678955,-0.3532114028930664,-0.1134418861259121,0.06140244007110596,-0.25908976793289185,-0.10705534529577676,-0.03887397050857544,-0.3478049635887146,-0.06506950569044534,-0.04461231827735901,-0.47445857524871826,-0.09084686052690927,-0.04176552593708038,-0.5496776700019836,-0.10234844845425073,-0.03718653321266174,-0.629406064748764,-0.10722463738810006,-2.0675717460768808,1.5081968910827366,1.3880624616889452,1.2224198259512538,-1.5648041020055998,0.07327859583529894,0.04325266827020505,0.04335426290985219,0.4187011868501774,0.05821855546562587,0.10131965268532314,0.4187515829373185,0.047012668391112206,0.3828973958630099,0.3832152728435658,I
0.0,0.0,0.0,0.08873739838600159,-0.025053739547729492,-0.03557307061444703,0.16461706161499023,-0.10472530126571655,-0.05376264241229478,0.1629580557346344,-0.1951911449432373,-0.07312901478897516,0.09546944499015808,-0.23227500915527344,-0.08427278858314935,0.15831276774406433,-0.33134907484054565,-0.01849806097041551,0.16968920826911926,-0.435030460357666,-0.06928081971298639,0.16282036900520325,-0.3367071747779846,-0.09918391865383569,0.16269487142562866,-0.261438250541687,-0.10999367546926919,0.09141373634338379,-0.3526604175567627,-0.02714099523316804,0.09623217582702637,-0.4753515124320984,-0.09032593828331414,0.10191425681114197,-0.35631072521209717,-0.11651367109905664,0.10590356588363647,-0.2742502689361572,-0.12008385521065179,0.025070488452911377,-0.3591254949569702,-0.044292373328318035,0.02975064516067505,-0.4777842164039612,-0.1003885955799717,0.04870617389678955,-0.3532114028930664,-0.1134418861259121,0.06140244007110596,-0.25908976793289185,-0.10705534529577676,-0.03887397050857544,-0.3478049635887146,-0.06506950569044534,-0.04461231827735901,-0.47445857524871826,-0.09084686052690927,-0.04176552593708038,-0.5496776700019836,-0.10234844845425073,-0.03718653321266174,-0.629406064748764,-0.10722463738810006,-2.0675717460768808,1.5081968910827366,1.3880624616889452,1.2224198259512538,-1.5648041020055998,0.07327859583529894,0.04325266827020505,0.04335426290985219,0.4187011868501774,0.05821855546562587,0.10131965268532314,0.4187515829373185,0.047012668391112206,0.3828973958630099,0.3832152728435658,I
0.0,0.0,0.0,0.08562728762626648,-0.01652967929840088,-0.046103933005895215,0.16843068599700928,-0.08734297752380371,-0.07115567579802473,0.1602526605129242,-0.17668753862380981,-0.09673597022828062,0.08760139346122742,-0.20898503065109253,-0.1130982871347328,0.16284283995628357,-0.3231201171875,-0.02419389702316721,0.17830276489257812,-0.41746485233306885,-0.08195059105690916,0.16663792729377747,-0.3117762804031372,-0.11344664648112257,0.16270512342453003,-0.23757696151733398,-0.12371487274702986,0.09673815965652466,-0.34595853090286255,-0.03180945768889387,0.10946011543273926,-0.46515119075775146,-0.10362661734160383,0.10750475525856018,-0.3422791361808777,-0.13208424404200514,0.1061658263206482,-0.25938546657562256,-0.1340238983922859,0.029736250638961792,-0.3522936701774597,-0.049486880301799374,0.034213125705718994,-0.46712052822113037,-0.11387075588044127,0.05118227005004883,-0.3479645252227783,-0.12780790880259474,0.0630221962928772,-0.25785839557647705,-0.11876781389054258,-0.035104259848594666,-0.34033864736557007,-0.07171253219183882,-0.03883054852485657,-0.46765732765197754,-0.1017099107795616,-0.03441512584686279,-0.5459383726119995,-0.11417394235667189,-0.029333606362342834,-0.6267794966697693,-0.11817360773619612,-2.1572868697504974,1.5724062324816448,1.4623253773181213,1.231919514826464,-1.5506529953149248,0.08036211025763702,0.05371072619854063,0.05470596615151259,0.4338502161110095,0.06059952978265112,0.1017252305430161,0.43400171325380527,0.04317064694685052,0.39158456252287477,0.3803056311915156,I
0.0,0.0,0.0,0.08252328634262085,-0.014110922813415527,-0.047453102723125085,0.16313093900680542,-0.08014345169067383,-0.07465596596932755,0.15967828035354614,-0.1655275821685791,-0.10239558766818391,0.0963175892829895,-0.2119026780128479,-0.1203062842342888,0.16500604152679443,-0.31812965869903564,-0.026695945367578133,0.1795836091041565,-0.4136839509010315,-0.08945691685414658,0.16898342967033386,-0.30984002351760864,-0.12461714546418534,0.1671026349067688,-0.2348344326019287,-0.1363318945024048,0.09839212894439697,-0.3411116600036621,-0.033476633087161645,0.11213883757591248,-0.46204185485839844,-0.10735026101804124,0.11122822761535645,-0.34252309799194336,-0.13724542509055482,0.11341145634651184,-0.2627682089805603,-0.14024970780349122,0.030873417854309082,-0.3478696346282959,-0.05067083339429246,0.037440717220306396,-0.46731793880462646,-0.11535193870997773,0.050487518310546875,-0.34715116024017334,-0.12773770938849793,0.06112545728683472,-0.2564283609390259,-0.11775818567014085,-0.034442558884620667,-0.3359806537628174,-0.07278908143973695,-0.03505308926105499,-0.46338778734207153,-0.10307733069396363,-0.030891641974449158,-0.5441216230392456,-0.11503768067098008,-0.02447207272052765,-0.6267514228820801,-0.11823922495580064,-2.040097200838862,1.5456310097244417,1.3813831938777967,1.2512953079814249,-1.536519906220051,0.0744069086341742,0.053660996373648184,0.056754053551066455,0.4320759465261879,0.06052304121539823,0.10815479609020927,0.43623364825828875,0.05266896022192108,0.3892244180290602,0.3800869734024575,I
0.0,0.0,0.0,0.08252328634262085,-0.014110922813415527,-0.047453102723125085,0.16313093900680542,-0.08014345169067383,-0.07465596596932755,0.15967828035354614,-0.1655275821685791,-0.10239558766818391,0.0963175892829895,-0.2119026780128479,-0.1203062842342888,0.16500604152679443,-0.31812965869903564,-0.026695945367578133,0.1795836091041565,-0.4136839509010315,-0.08945691685414658,0.16898342967033386,-0.30984002351760864,-0.12461714546418534,0.1671026349067688,-0.2348344326019287,-0.1363318945024048,0.09839212894439697,-0.3411116600036621,-0.033476633087161645,0.11213883757591248,-0.46204185485839844,-0.10735026101804124,0.11122822761535645,-0.34252309799194336,-0.13724542509055482,0.11341145634651184,-0.2627682089805603,-0.14024970780349122,0.030873417854309082,-0.3478696346282959,-0.05067083339429246,0.037440717220306396,-0.46731793880462646,-0.11535193870997773,0.050487518310546875,-0.34715116024017334,-0.12773770938849793,0.06112545728683472,-0.2564283609390259,-0.11775818567014085,-0.034442558884620667,-0.3359806537628174,-0.07278908143973695,-0.03505308926105499,-0.46338778734207153,-0.10307733069396363,-0.030891641974449158,-0.5441216230392456,-0.11503768067098008,-0.02447207272052765,-0.6267514228820801,-0.11823922495580064,-2.040097200838862,1.5456310097244417,1.3813831938777967,1.2512953079814249,-1.536519906220051,0.0744069086341742,0.053660996373648184,0.056754053551066455,0.4320759465261879,0.06052304121539823,0.10815479609020927,0.43623364825828875,0.05266896022192108,0.3892244180290602,0.3800869734024575,I
