x0,y0,z0,x1,y1,z1,x2,y2,z2,x3,y3,z3,x4,y4,z4,x5,y5,z5,x6,y6,z6,x7,y7,z7,x8,y8,z8,x9,y9,z9,x10,y10,z10,x11,y11,z11,x12,y12,z12,x13,y13,z13,x14,y14,z14,x15,y15,z15,x16,y16,z16,x17,y17,z17,x18,y18,z18,x19,y19,z19,x20,y20,z20,angle0,angle1,angle2,angle3,angle4,dist01,dist02,dist03,dist04,dist12,dist13,dist14,dist23,dist24,dist34,label
0.0,0.0,0.0,0.0645119845867157,0.010667979717254639,-0.045126313191374834,0.12405231595039368,0.002906501293182373,-0.07975081897946268,0.1278020143508911,-0.020339787006378174,-0.11306285656662851,0.08947205543518066,-0.054536372423172,-0.14518131859274774,0.1256439983844757,-0.25756147503852844,-0.049316251498183306,0.1192178726196289,-0.2357884645462036,-0.10464118964644342,0.10071778297424316,-0.16911959648132324,-0.1448394412514773,0.08434984087944031,-0.10976442694664001,-0.16452465004893213,0.05078211426734924,-0.28847476840019226,-0.051198413443287905,0.02996942400932312,-0.22402477264404297,-0.1100430840966311,0.024901092052459717,-0.10571920871734619,-0.13898130304785639,0.021963685750961304,-0.017231345176696777,-0.14798507637949854,-0.021313369274139404,-0.28422391414642334,-0.058460140448531206,-0.04418241232633591,-0.22044935822486877,-0.11478723384114176,-0.03267090767621994,-0.1109052300453186,-0.12782763488264948,-0.02023443579673767,-0.027761340141296387,-0.12310159749956995,-0.08364854753017426,-0.2534674108028412,-0.06911327488394647,-0.08943992853164673,-0.20713821053504944,-0.10585643894644647,-0.07453638315200806,-0.12240177392959595,-0.10864373840065866,-0.056430600583553314,-0.05744314193725586,-0.10085563905211359,-2.1126806524225885,1.8432464437886367,1.6766448716101692,1.566589369438974,1.4328285702928734,0.0554650799008006,0.07713005273744784,0.11292659816055053,0.14593160844151967,0.1115992991624842,0.13289987649913024,0.1501887131696273,0.04349209417938931,0.08810591767078063,0.046809953034893506,M
0.0,0.0,0.0,0.06863734126091003,-0.008776307106018066,-0.04186339251680238,0.13063238561153412,-0.035447895526885986,-0.07529172994179589,0.14176203310489655,-0.06030559539794922,-0.1076934034375654,0.10645869374275208,-0.09142875671386719,-0.1395995090155111,0.1301809698343277,-0.3011983633041382,-0.04964541219158036,0.12540675699710846,-0.2747967839241028,-0.11136341042799813,0.10831795632839203,-0.1986789107322693,-0.15713148511929376,0.09266719222068787,-0.13109374046325684,-0.17998551525158746,0.046940192580223083,-0.32369084656238556,-0.056012950315903254,0.030519023537635803,-0.2736055552959442,-0.12107166595740182,0.02821500599384308,-0.14694738388061523,-0.15365544654412133,0.026932984590530396,-0.04851186275482178,-0.16407474078221185,-0.03370434045791626,-0.30691857635974884,-0.06778425671143395,-0.05962422490119934,-0.2762087881565094,-0.1287580350784765,-0.04390447586774826,-0.16146019101142883,-0.1432805130629049,-0.028702735900878906,-0.06975120306015015,-0.13862841524166925,-0.10179109871387482,-0.25987517833709717,-0.08239705808443887,-0.12838280200958252,-0.24168312549591064,-0.12235362775606973,-0.12112563848495483,-0.16145986318588257,-0.12526587344689233,-0.10795903205871582,-0.09582331776618958,-0.1171320224551664,-1.978429912581373,1.787855500209313,1.6433747816121345,1.5497105289906954,1.6083760867518837,0.04199424305869132,0.09036701944435095,0.1368887445910729,0.21446275505251736,0.10554976351757296,0.1359910524530413,0.20370293219745117,0.05955201903549339,0.14294834707331594,0.08343449913497193,M
0.0,0.0,0.0,0.07213634252548218,-0.004461705684661865,-0.04142292616623422,0.13297830522060394,-0.024917423725128174,-0.07436291156071206,0.13667024672031403,-0.045067429542541504,-0.10724016306656381,0.09532992541790009,-0.07275590300559998,-0.13929634568947336,0.12381274998188019,-0.28367891907691956,-0.047690786698041165,0.11224250495433807,-0.2526318430900574,-0.11089669195669671,0.09770490229129791,-0.17356079816818237,-0.15885285315769693,0.08680656552314758,-0.11057397723197937,-0.18398090479630014,0.04185973107814789,-0.3033224940299988,-0.055370122471032346,0.01945875585079193,-0.26039066910743713,-0.12189593193787118,0.02020592987537384,-0.1323866844177246,-0.1552290695692875,0.021705403923988342,-0.036210209131240845,-0.16719553647297403,-0.03789260983467102,-0.2872854471206665,-0.06872066138046762,-0.06734582781791687,-0.2696356475353241,-0.13133227107780954,-0.05134806036949158,-0.15330439805984497,-0.14322652695435067,-0.03421124815940857,-0.061139047145843506,-0.13712360737579843,-0.10463826358318329,-0.2413918375968933,-0.08504792330521127,-0.12840162217617035,-0.23762956261634827,-0.12508706031101724,-0.11451737582683563,-0.1608847677707672,-0.12546385107296487,-0.09604726731777191,-0.09490326046943665,-0.1161958727027752,-2.237553522394454,1.7814050480791381,1.6461062677283667,1.5545190986515336,1.512217238312277,0.03876666612035934,0.08219585090481053,0.1300610125743021,0.1926544454250083,0.09883385678855329,0.1307253745113282,0.1835241007292142,0.06122188289307962,0.131569623621709,0.07045363984007201,M
0.0,0.0,0.0,0.060771286487579346,-0.0025130510330200195,-0.04634803035972368,0.12046872079372406,-0.023444950580596924,-0.08118537315843355,0.13337258994579315,-0.040497779846191406,-0.11397604146716844,0.0919516533613205,-0.06673446297645569,-0.14585934081790697,0.12220732867717743,-0.28345268964767456,-0.05493930974719774,0.11117039620876312,-0.24696069955825806,-0.1123448933076645,0.09166355431079865,-0.16829520463943481,-0.15379403033969652,0.07744531333446503,-0.10509809851646423,-0.17415235439059984,0.04601135849952698,-0.3080947995185852,-0.05697739371774446,0.01911206543445587,-0.24759864807128906,-0.11609100797889482,0.014522716403007507,-0.13021910190582275,-0.14436211684463274,0.012803390622138977,-0.03871789574623108,-0.15376021960494768,-0.027063943445682526,-0.2964002937078476,-0.06438381472347032,-0.058186501264572144,-0.24810439348220825,-0.12046171227214586,-0.04772591590881348,-0.13820043206214905,-0.13244550922630083,-0.03553514927625656,-0.049894630908966064,-0.12747793892143022,-0.08943717181682587,-0.25886157155036926,-0.07523521283386003,-0.10809783637523651,-0.23002949357032776,-0.11226567128417742,-0.0973014086484909,-0.1476796567440033,-0.11485871175048601,-0.0805957019329071,-0.08025011420249939,-0.10723818341014635,-2.1532997466101036,1.8166896403989705,1.6934544390525732,1.60514796547768,1.5213355642427695,0.04101466119354585,0.08396055939544593,0.12859418645807352,0.17307588696030557,0.09265478666406611,0.12574580616316697,0.15998245163519903,0.04961384734533993,0.10221700279310315,0.0543314712823678,M
0.0,0.0,0.0,0.06662720441818237,0.0038071870803833008,-0.04412516056279969,0.13273125886917114,-0.012687325477600098,-0.07746792806963754,0.15375864505767822,-0.03427731990814209,-0.1102746598301394,0.12232492864131927,-0.0714457631111145,-0.14248761756996942,0.1358206868171692,-0.27599775791168213,-0.04957507400493455,0.13392701745033264,-0.2519035339355469,-0.11059347762446237,0.1166725754737854,-0.17545923590660095,-0.15603879316429925,0.09940056502819061,-0.10619592666625977,-0.17784941418747735,0.05597168207168579,-0.30287840962409973,-0.05343920587282014,0.04029196500778198,-0.2536768317222595,-0.11534763349871469,0.03620702028274536,-0.13238033652305603,-0.147136481839226,0.03327104449272156,-0.03499186038970947,-0.15738927050213647,-0.022827759385108948,-0.29327648878097534,-0.0628675319133265,-0.04447738826274872,-0.25367826223373413,-0.121916393178509,-0.03262010216712952,-0.1413712501525879,-0.13586543722729516,-0.020098403096199036,-0.0484921932220459,-0.13056683762650323,-0.09056127071380615,-0.254589706659317,-0.0754419959960444,-0.10219483077526093,-0.22465068101882935,-0.11424439622740579,-0.08796541392803192,-0.13908225297927856,-0.11639940960984063,-0.06996940076351166,-0.06800931692123413,-0.10730563326458764,-1.7460823431640715,1.7820811798183072,1.655334106420533,1.5596467422867437,1.4608765739217962,0.04163052142570741,0.0962261986445143,0.1442611236399729,0.1923250329095762,0.09717578165657527,0.13270163614739186,0.173621434379806,0.05505049429869275,0.10839161393999265,0.0535540337026308,M
0.0,0.0,0.0,0.06392078101634979,-3.11732292175293e-05,-0.04054961861018569,0.12399512529373169,-0.016707241535186768,-0.07318043471221358,0.135990172624588,-0.03699541091918945,-0.10529087991361052,0.09924575686454773,-0.06737861037254333,-0.13628937811498076,0.12841945886611938,-0.27350154519081116,-0.04807452619914443,0.1236315667629242,-0.2585802972316742,-0.10596444965247542,0.10258595645427704,-0.1831638514995575,-0.1478144875252667,0.08421102166175842,-0.11453071236610413,-0.16742659122590453,0.0528692752122879,-0.300609290599823,-0.05211797491554648,0.029720962047576904,-0.2481849193572998,-0.11238714069966704,0.022184550762176514,-0.12497663497924805,-0.14111342043523223,0.017495274543762207,-0.027668297290802002,-0.14954694122914702,-0.02074846625328064,-0.2910955548286438,-0.061329723753971166,-0.05100470036268234,-0.24777665734291077,-0.11773793906812102,-0.0428326278924942,-0.13857322931289673,-0.12944071502332122,-0.03285577893257141,-0.047901451587677,-0.1237722387993756,-0.08380307257175446,-0.2531857490539551,-0.07353722811583907,-0.10051050782203674,-0.2206248939037323,-0.11028893054370315,-0.08688867092132568,-0.13541722297668457,-0.11198539049271972,-0.06867052614688873,-0.06426775455474854,-0.10331909120921523,-2.0251443990410745,1.8420344019596768,1.6996810137462464,1.6205398226149126,1.4908658466539177,0.049491049544631315,0.09088481900037532,0.13352968012501357,0.16794509675574318,0.10952657242069841,0.1347000155652264,0.16093207445476423,0.054264252680542455,0.09361658763636085,0.039377049036658715,M
0.0,0.0,0.0,0.06220811605453491,-0.002697467803955078,-0.0379623725619922,0.12338840961456299,-0.021591901779174805,-0.06807967569500306,0.13625511527061462,-0.04477578401565552,-0.09858337338835099,0.10109004378318787,-0.07550609111785889,-0.12763983305364945,0.12112139165401459,-0.27613839507102966,-0.04377484243184426,0.12265479564666748,-0.2635113596916199,-0.10262126769691804,0.10400210320949554,-0.17989033460617065,-0.14550854559809068,0.08471974730491638,-0.1053263247013092,-0.1648328780737529,0.04689103364944458,-0.30639325082302094,-0.04798575039774278,0.026100173592567444,-0.2547731101512909,-0.10665668841272691,0.02153719961643219,-0.12887507677078247,-0.13481140430837968,0.01723220944404602,-0.02841252088546753,-0.14226022656828263,-0.02591143548488617,-0.30113787949085236,-0.057333192935288935,-0.05402880907058716,-0.25176435708999634,-0.11221681084305146,-0.04412272572517395,-0.13811886310577393,-0.12296486194998124,-0.03344698250293732,-0.044235944747924805,-0.11558061387211183,-0.08862993121147156,-0.26663872599601746,-0.06966896649271348,-0.10540129244327545,-0.22433218359947205,-0.10486886199385026,-0.08979129791259766,-0.13549166917800903,-0.1055265768972049,-0.07064789533615112,-0.06135767698287964,-0.09515299942165711,-1.9629629882078972,1.7807646426708519,1.6770880312202872,1.6001203058979443,1.48342219781962,0.0340181266056502,0.096176612215674,0.13812325472530193,0.1723197532365128,0.1023244886815673,0.13302409765276052,0.16146933567098684,0.053092007299876724,0.09385252328233525,0.040951942937421944,M
0.0,0.0,0.0,0.060184985399246216,-0.0024261474609375,-0.040991541063078785,0.11537015438079834,-0.01385653018951416,-0.07442769414711847,0.12739279866218567,-0.03150731325149536,-0.10849525040913477,0.09169274568557739,-0.05608287453651428,-0.1419463232808198,0.11618545651435852,-0.26261255145072937,-0.04836717254448786,0.10704377293586731,-0.24363836646080017,-0.11144669360447779,0.08610224723815918,-0.169107586145401,-0.1583531425051774,0.06568999588489532,-0.1000860333442688,-0.1805818156056489,0.041437581181526184,-0.28934597969055176,-0.053556405072697544,0.013843163847923279,-0.24496659636497498,-0.11949042982388391,0.007737457752227783,-0.1250099539756775,-0.15191232419539347,0.0029920339584350586,-0.024090170860290527,-0.161355979805478,-0.03130726516246796,-0.28394615650177,-0.06423067307997599,-0.06697715818881989,-0.24200406670570374,-0.12481297559071436,-0.05799044668674469,-0.13248956203460693,-0.1382718608431901,-0.047107331454753876,-0.03921741247177124,-0.1318260804467286,-0.09346364438533783,-0.25140488147735596,-0.07819063222933664,-0.11534565687179565,-0.21752330660820007,-0.11603670573759928,-0.1007857471704483,-0.13238385319709778,-0.11764992780018702,-0.08127060532569885,-0.059439897537231445,-0.10808959609795465,-2.0818371489329826,1.8720319212494314,1.7147316584028578,1.63526839572332,1.5073645427626587,0.051111847767981694,0.09429395181779299,0.13982097562533025,0.1729959259534088,0.09852109187588004,0.12817264162795358,0.1524779546827128,0.05233335316579996,0.09137721573380585,0.039699851181131056,M
0.0,0.0,0.0,0.059523239731788635,0.0005853176116943359,-0.04670310580158343,0.1174965351819992,-0.00982046127319336,-0.08299179189825168,0.13314518332481384,-0.026421666145324707,-0.11824129336500278,0.10056459903717041,-0.051209211349487305,-0.15160865896368136,0.1183796375989914,-0.2632523477077484,-0.058609390640498304,0.11799141764640808,-0.24700742959976196,-0.12438928895616641,0.09737606346607208,-0.16414591670036316,-0.17110191100263705,0.07612274587154388,-0.09328094124794006,-0.19245217555189242,0.04499122500419617,-0.2924436926841736,-0.060541709894181395,0.02496275305747986,-0.2404569387435913,-0.12648685091161838,0.02098087966442108,-0.11898508667945862,-0.15606182628297915,0.017740324139595032,-0.023489654064178467,-0.16398267262601962,-0.026933379471302032,-0.28852181136608124,-0.0683919917883884,-0.05516955256462097,-0.2380715310573578,-0.12799541466856112,-0.04512033611536026,-0.12882786989212036,-0.13852461987161746,-0.0335070937871933,-0.03926199674606323,-0.13082884066724887,-0.08794914186000824,-0.2562699615955353,-0.0802032481970798,-0.10302920639514923,-0.2139727771282196,-0.117246260875703,-0.08601601421833038,-0.1285911202430725,-0.11835609191084018,-0.06536643207073212,-0.05842900276184082,-0.10861697607660403,-1.959118661822361,1.8144679916636297,1.6717734964378848,1.5971631556613686,1.4571424558235424,0.04865629088636341,0.08733976395893599,0.13460295224686125,0.1660880262769403,0.09099082884584259,0.12221598957868514,0.14571837595519616,0.053619629221374795,0.09015259849399566,0.037180526562621684,M
0.0,0.0,0.0,0.05577892065048218,0.0005298852920532227,-0.04607850093876209,0.11248350143432617,-0.008046507835388184,-0.08349686641727772,0.12697580456733704,-0.026606976985931396,-0.12078749914203968,0.09511792659759521,-0.05578505992889404,-0.15592270125185337,0.11498108506202698,-0.26392561197280884,-0.05514108915363636,0.11398059129714966,-0.2508867681026459,-0.12321482379471149,0.09234777092933655,-0.1641387939453125,-0.17123732496534672,0.07291817665100098,-0.0873028039932251,-0.1929034196261057,0.04041305184364319,-0.29096540808677673,-0.058875718754876516,0.021662235260009766,-0.2468266487121582,-0.1276044600132593,0.019355028867721558,-0.12167137861251831,-0.15917774070535984,0.018600687384605408,-0.023348450660705566,-0.16773552228247013,-0.0327334851026535,-0.2864205688238144,-0.06882373769317951,-0.06113289296627045,-0.24193158745765686,-0.13172659803663578,-0.04842822998762131,-0.12589597702026367,-0.14223458398615207,-0.03484409302473068,-0.03234976530075073,-0.1335704677227625,-0.09575609862804413,-0.2533559501171112,-0.08259902675186481,-0.11142301559448242,-0.21675866842269897,-0.12153913606439914,-0.09374067187309265,-0.12660348415374756,-0.12154025365148868,-0.07263359427452087,-0.05387654900550842,-0.11042522419725742,-1.9196802068806043,1.8045923313297367,1.6521224687732876,1.5791033000658181,1.4553970810734709,0.0385512268105178,0.08310849245170457,0.13205809168173568,0.16776237709585748,0.08390797906269552,0.12096504961021469,0.14934065937332486,0.054197492730303,0.09620633523010187,0.043490790075363266,M
0.0,0.0,0.0,0.06495107710361481,0.0177384614944458,-0.04536626874826766,0.1278277039527893,0.02055037021636963,-0.08050707741998053,0.1400410234928131,0.008760035037994385,-0.1148590372445426,0.10447297990322113,-0.01457950472831726,-0.14847408994458533,0.12866932153701782,-0.2248128056526184,-0.059915434712394244,0.12912806868553162,-0.2081807553768158,-0.12214908018134452,0.10970394313335419,-0.12958726286888123,-0.1654133425595603,0.09076204895973206,-0.06363558769226074,-0.18504913910649634,0.056483328342437744,-0.25454171001911163,-0.061772015089019305,0.04045566916465759,-0.18692287802696228,-0.1234255434515319,0.03565323352813721,-0.07188588380813599,-0.15149696930669165,0.030697450041770935,0.01453542709350586,-0.16010292633794165,-0.014842316508293152,-0.2528364658355713,-0.06916110231898642,-0.039720118045806885,-0.18505725264549255,-0.1277253703715644,-0.028229214251041412,-0.07709729671478271,-0.14071869119428015,-0.016907677054405212,0.007676243782043457,-0.1354015247466407,-0.07734693586826324,-0.22753474116325378,-0.07999890311978675,-0.08439148962497711,-0.17261415719985962,-0.11671684696696616,-0.06766034662723541,-0.08789744973182678,-0.11966376765988684,-0.049822792410850525,-0.02104136347770691,-0.11209999784253455,-2.157513073505165,1.8017883517498778,1.666335380936088,1.5787242212865646,1.438284320438762,0.05093612571743587,0.07931272319954182,0.1234041418479193,0.1544310233485905,0.09858226816122703,0.1291439011652465,0.14689576426715492,0.04809674127779687,0.08802963973558495,0.043681870216983255,M
0.0,0.0,0.0,0.06414493918418884,0.011485099792480469,-0.038551445640933935,0.12609562277793884,0.007872819900512695,-0.07072259817303461,0.1410488486289978,-0.006567835807800293,-0.10369170043648523,0.10802687704563141,-0.035906851291656494,-0.13619633350552363,0.13103875517845154,-0.24692165851593018,-0.04776863712848467,0.13311323523521423,-0.22852998971939087,-0.10584485117377085,0.11381834745407104,-0.14977994561195374,-0.1486897054690246,0.09384183585643768,-0.0819510817527771,-0.16873695287884516,0.059119775891304016,-0.2782069444656372,-0.0527809556204204,0.044143274426460266,-0.21182319521903992,-0.10987986210764689,0.037877827882766724,-0.09239113330841064,-0.13854839239300532,0.030086994171142578,-0.002112150192260742,-0.14794402156056208,-0.012867532670497894,-0.2753487676382065,-0.06260028813065333,-0.03421403467655182,-0.2087450623512268,-0.1166026699918632,-0.025817707180976868,-0.09634467959403992,-0.12819391820610804,-0.01957082748413086,-0.00852060317993164,-0.12256504926861567,-0.07731962203979492,-0.24599090218544006,-0.07555201981247706,-0.08327385783195496,-0.19149330258369446,-0.10989991162003321,-0.06884996592998505,-0.1026361882686615,-0.11054551187933725,-0.05515912175178528,-0.03229159116744995,-0.10118003521145624,-1.9622198972559526,1.7925638647793865,1.6755664121861549,1.5959131849126014,1.4674662133983756,0.048179731758239475,0.08495120461115627,0.13050356618461223,0.1632260405366624,0.10217110565635402,0.13510909439944543,0.15705842980674947,0.050069626733601,0.09043063052705197,0.0427970391357148,M
0.0,0.0,0.0,0.0634879618883133,-0.004631757736206055,-0.04019732246834451,0.11929616332054138,-0.01818394660949707,-0.0751193932696026,0.13747167587280273,-0.032154858112335205,-0.11032398263651544,0.10233011841773987,-0.06031179428100586,-0.1439409128828686,0.1268506646156311,-0.27718448638916016,-0.047616789440695584,0.12422701716423035,-0.2580787241458893,-0.11130950073439294,0.10519739985466003,-0.17652124166488647,-0.1578321627779644,0.0865793228149414,-0.10596391558647156,-0.1803033075733822,0.047351956367492676,-0.29782766103744507,-0.05535426954466516,0.030003279447555542,-0.2646593749523163,-0.12263585845667535,0.02595880627632141,-0.1371288001537323,-0.15469773332316095,0.022497624158859253,-0.0378572940826416,-0.16405549864012414,-0.030116453766822815,-0.2844785451889038,-0.06881769220072442,-0.05659584701061249,-0.25851988792419434,-0.13108866135317498,-0.041950248181819916,-0.14361637830734253,-0.14327350477415735,-0.02637813240289688,-0.04971575736999512,-0.13657807032305413,-0.09259089827537537,-0.23901325464248657,-0.08522295425373727,-0.109275683760643,-0.215888112783432,-0.12313130716520959,-0.09293399751186371,-0.13089925050735474,-0.12350172768074685,-0.07179784774780273,-0.06127321720123291,-0.11405669371325189,-1.953651826833818,1.8017992703363255,1.6661111137374638,1.5548738483066897,1.4543399187808654,0.04829289535542563,0.08293028227826399,0.1291436790072493,0.17413062032560467,0.09351457637884521,0.1261873289678314,0.1645618020004063,0.050293764335368245,0.09715936124530594,0.046867103812407176,M
0.0,0.0,0.0,0.061995163559913635,0.006173670291900635,-0.03890871673019092,0.1224413514137268,-0.004362344741821289,-0.06950848593504588,0.13748300075531006,-0.017717182636260986,-0.10046912028582256,0.10643893480300903,-0.04927670955657959,-0.13035836114676158,0.12341991066932678,-0.2565579414367676,-0.041956700823618576,0.1284809410572052,-0.2433982789516449,-0.09901678606064479,0.11026529967784882,-0.16286271810531616,-0.1403373409727351,0.09197697043418884,-0.09498676657676697,-0.1588873793104426,0.04941433668136597,-0.28488563001155853,-0.04609184756071727,0.03329361975193024,-0.2307383418083191,-0.10297030999453227,0.03114330768585205,-0.10908582806587219,-0.13079892887861888,0.02922402322292328,-0.01883697509765625,-0.13858022584707896,-0.02397150546312332,-0.2791551947593689,-0.055745367399765655,-0.046836093068122864,-0.22653570771217346,-0.10840301259548824,-0.032779984176158905,-0.11638611555099487,-0.11924892707855861,-0.02024008333683014,-0.03197288513183594,-0.11302588923962276,-0.08682367205619812,-0.24542918801307678,-0.06844133182556789,-0.10123185813426971,-0.20516017079353333,-0.10042407407553355,-0.08819460868835449,-0.12127143144607544,-0.09965905591042201,-0.0730898380279541,-0.05545306205749512,-0.08938073410780589,-1.9130612640993012,1.7630013222297958,1.646540692699476,1.555701643333282,1.498629450690619,0.047943276131213707,0.08299831326147675,0.12785537132477484,0.17963498435551783,0.09867483532295317,0.12869893710440497,0.1697349847523924,0.051178608521341255,0.10866859725014522,0.05783091975208623,M
0.0,0.0,0.0,0.060526832938194275,0.008046448230743408,-0.04650356616068052,0.11803874373435974,-0.0015162825584411621,-0.08269646014261411,0.13055789470672607,-0.01896435022354126,-0.11804775144148039,0.0965016633272171,-0.05143582820892334,-0.15216353531170057,0.12110555171966553,-0.2570532560348511,-0.05525922398257421,0.1187795102596283,-0.23963001370429993,-0.11884623761463331,0.09873311221599579,-0.15292614698410034,-0.16520470376300977,0.08250536024570465,-0.08181983232498169,-0.1872906386404054,0.04674577713012695,-0.2805328965187073,-0.058386493429424036,0.027429312467575073,-0.22596639394760132,-0.12067463244486021,0.026432305574417114,-0.10791969299316406,-0.15140286083507704,0.02576516568660736,-0.018790841102600098,-0.16215355689811872,-0.026777759194374084,-0.27075883746147156,-0.06750231976795362,-0.054008305072784424,-0.2246064841747284,-0.12614049012947248,-0.04075644910335541,-0.11511430144309998,-0.13750042016792463,-0.02834077924489975,-0.028177499771118164,-0.1316365003137605,-0.09047158062458038,-0.23509356379508972,-0.08037465806293653,-0.1048283725976944,-0.20339244604110718,-0.11732265348720716,-0.08988013863563538,-0.12130925059318542,-0.11740172649908232,-0.07296104729175568,-0.05413180589675903,-0.10779076065111326,-1.9781055231432403,1.787612453694025,1.650782894888595,1.577239519976578,1.4743329254708553,0.033452715974554376,0.07790601569604236,0.1269904929870465,0.16948415438035208,0.08480626989271059,0.12314368226502655,0.1579127312159905,0.05491413877946685,0.10486109346002015,0.051619708707399264,M
0.0,0.0,0.0,0.061340540647506714,-0.0005002021789550781,-0.04114565282591798,0.12036377191543579,-0.017069339752197266,-0.07294494315513589,0.1329844892024994,-0.037130534648895264,-0.10405085637697198,0.10183300077915192,-0.07122567296028137,-0.13437760278114297,0.11842668056488037,-0.2709769606590271,-0.050658379043426294,0.11896783113479614,-0.2505095601081848,-0.11028610571750619,0.10114358365535736,-0.1721857786178589,-0.15448777779468514,0.08206166326999664,-0.10371002554893494,-0.17514452740081765,0.04147464036941528,-0.2986536920070648,-0.0536493326676748,0.021712422370910645,-0.24801242351531982,-0.11274386599191644,0.020740747451782227,-0.12581110000610352,-0.14176580711730935,0.019016116857528687,-0.0283774733543396,-0.15037049754985787,-0.03370710462331772,-0.28955480456352234,-0.061601739670123834,-0.06091168522834778,-0.24707242846488953,-0.11648849799760796,-0.04949885606765747,-0.13688436150550842,-0.12754443689712502,-0.03855025768280029,-0.04713132977485657,-0.12100370630153634,-0.0974162369966507,-0.2517552971839905,-0.07255426451095559,-0.1159740686416626,-0.21686434745788574,-0.10680678888687112,-0.10271346569061279,-0.13292217254638672,-0.10626781388648965,-0.08602726459503174,-0.0635533332824707,-0.09575561835893609,-1.900480317062909,1.7848720817822672,1.6537005745265458,1.590771739157938,1.5103554025069639,0.038028133664497574,0.09324486297892365,0.14243593868800214,0.18801687185619917,0.09823306135206253,0.13322306216049626,0.17281911816867435,0.06054415420466952,0.11077659097783979,0.05023692252266418,M
0.0,0.0,0.0,0.0627136081457138,0.004301548004150391,-0.041660396618908635,0.12256106734275818,-0.007071495056152344,-0.07450100989467501,0.1351480782032013,-0.02717071771621704,-0.10691944719678759,0.10365211963653564,-0.06198185682296753,-0.13769600005275606,0.12717881798744202,-0.26119157671928406,-0.0494872725141704,0.13201898336410522,-0.25197356939315796,-0.10837109596855043,0.1095876395702362,-0.1740168333053589,-0.14961056621200441,0.08757029473781586,-0.10598805546760559,-0.168174984170264,0.05464905500411987,-0.290716752409935,-0.05276894779331087,0.03887774050235748,-0.24068522453308105,-0.11310550035364031,0.0317363440990448,-0.12040844559669495,-0.14112612815029024,0.026144221425056458,-0.026670992374420166,-0.14840434701568483,-0.017165295779705048,-0.28329651057720184,-0.06160107092387079,-0.04099906235933304,-0.23108315467834473,-0.11887595267421602,-0.03274893760681152,-0.12393030524253845,-0.13161234767562746,-0.023233354091644287,-0.03794419765472412,-0.12569116265899538,-0.07886126637458801,-0.24729222059249878,-0.07336858124858736,-0.08785609900951385,-0.20477277040481567,-0.11004010797864794,-0.07278105616569519,-0.12130838632583618,-0.11262089969045519,-0.05447421967983246,-0.05389201641082764,-0.1041246226561725,-1.9024380910906902,1.8206666243680434,1.6783340080823566,1.5955233060169047,1.4453620621189855,0.04685264785713213,0.08517236308371809,0.12914229555615495,0.1583331446775724,0.10032127880142303,0.13002851679528593,0.1512965345325227,0.05064810086468552,0.085090053447939,0.035075983318743426,M
0.0,0.0,0.0,0.0699295848608017,-0.011272728443145752,-0.03496483521973914,0.12807711958885193,-0.03069889545440674,-0.06711032795226402,0.14186885952949524,-0.04310053586959839,-0.10066076176678962,0.10926681756973267,-0.07099327445030212,-0.13323890226399726,0.1300482451915741,-0.2889207899570465,-0.042998434924243156,0.12850910425186157,-0.2587282657623291,-0.10643315868890113,0.11277058720588684,-0.17287245392799377,-0.15406741755521125,0.09795957803726196,-0.10273757576942444,-0.17779513257062263,0.04984927177429199,-0.307391494512558,-0.05356223689830131,0.03391869366168976,-0.26515549421310425,-0.11968488799846,0.03179663419723511,-0.13471388816833496,-0.15276311891591376,0.030504673719406128,-0.03343164920806885,-0.16344434576546973,-0.02941720187664032,-0.29056069254875183,-0.06949619012391395,-0.05759814381599426,-0.26102927327156067,-0.130321493320821,-0.04049982130527496,-0.14408904314041138,-0.14321762877023048,-0.021684318780899048,-0.049881577491760254,-0.13732120948350257,-0.09536276757717133,-0.2427304983139038,-0.08788709896123237,-0.11933517456054688,-0.22827953100204468,-0.12335779326474494,-0.10541830956935883,-0.15109261870384216,-0.12275609182631797,-0.0851946771144867,-0.08477407693862915,-0.11313778715646094,-2.007551022094192,1.7414695349324991,1.6412903937037446,1.5386779443801846,1.5065122655896916,0.033697987062789064,0.0872602486515911,0.13264201393220418,0.19494918166548675,0.0967133681197129,0.1307991536660815,0.18403306352510637,0.05472011585089619,0.12657955865246182,0.0724641437768394,M
0.0,0.0,0.0,0.061791956424713135,0.0007169246673583984,-0.04498851203177878,0.11781962215900421,-0.006547033786773682,-0.08354046472166488,0.13884353637695312,-0.01055818796157837,-0.12223824390028426,0.11369256675243378,-0.0398675799369812,-0.1586151076183171,0.13137221336364746,-0.24959999322891235,-0.05807419025157401,0.1365174949169159,-0.23517882823944092,-0.12876170405004927,0.12059178948402405,-0.1450706124305725,-0.1772759062871785,0.10514461994171143,-0.07236853241920471,-0.1993962628469319,0.05286848545074463,-0.27145105600357056,-0.06475820668791243,0.041729122400283813,-0.22771263122558594,-0.1343197030649037,0.04411421716213226,-0.10434466600418091,-0.16416985818003127,0.0456288605928421,-0.015019595623016357,-0.1725732339248509,-0.025913558900356293,-0.2604053318500519,-0.07826088645313689,-0.04630105197429657,-0.22230049967765808,-0.14227337666605422,-0.027306735515594482,-0.10921192169189453,-0.1509939087257237,-0.010190151631832123,-0.024948179721832275,-0.14232071765516707,-0.09271858632564545,-0.22044339776039124,-0.09537601747368285,-0.10433083772659302,-0.18595796823501587,-0.13314367362116286,-0.08796291053295135,-0.10447841882705688,-0.1308067841157765,-0.07071298360824585,-0.041038691997528076,-0.1193970991000981,-1.6940278917016218,1.7177150103383343,1.5990210317564373,1.504117113565223,1.448746972073674,0.03360623910720581,0.07245750768999912,0.12477786829824879,0.18440926903841767,0.08265002215683752,0.1247028443294886,0.17862658152464786,0.05669514007342773,0.11921584663230116,0.06262521677199628,M
0.0,0.0,0.0,0.06447924673557281,0.0015994906425476074,-0.04408822144503688,0.11869701743125916,-0.009713828563690186,-0.08055447350378131,0.14691457152366638,-0.013274192810058594,-0.1167214543663988,0.1287301480770111,-0.04796469211578369,-0.15120381425256824,0.14501526951789856,-0.2633441686630249,-0.05304658348794078,0.14278045296669006,-0.2192692756652832,-0.1180518896424303,0.1280866265296936,-0.13300687074661255,-0.16641056846017932,0.11570587754249573,-0.07026559114456177,-0.191047760947896,0.06589032709598541,-0.28420333564281464,-0.06029948900575732,0.054982274770736694,-0.23102498054504395,-0.1265139610611925,0.055711448192596436,-0.10772687196731567,-0.15859669755334949,0.05594412982463837,-0.01708310842514038,-0.16956222365732287,-0.014550387859344482,-0.2710946202278137,-0.07373718480701541,-0.03044554591178894,-0.22975099086761475,-0.13589889119501208,-0.015783369541168213,-0.1173505187034607,-0.14829387079115008,-0.0018005818128585815,-0.032815754413604736,-0.1424518854462633,-0.08228898048400879,-0.2272157073020935,-0.09048027108545398,-0.08930879831314087,-0.19255170226097107,-0.12731196294660663,-0.07344256341457367,-0.11774998903274536,-0.12712608586187457,-0.05522531270980835,-0.05772712826728821,-0.11788304458494281,-1.3142768460523317,1.721446522601418,1.608014041822171,1.517339387234883,1.4124546375953153,0.025825602034570277,0.07906628019754657,0.13140685582984862,0.1842143227680825,0.07999901848456882,0.12332987578606763,0.17139044562750322,0.0598495436231223,0.118366301379863,0.05894725115465083,M
0.0,0.0,0.0,0.06064222753047943,-0.008471131324768066,-0.04567578538906503,0.1105908751487732,-0.03142768144607544,-0.0808647955919497,0.1354829967021942,-0.043029189109802246,-0.11538809641849923,0.11838287115097046,-0.08058154582977295,-0.14750471070063043,0.12884795665740967,-0.2802170217037201,-0.04930000483643937,0.1363583505153656,-0.25966644287109375,-0.11198973014604974,0.12305384874343872,-0.17677801847457886,-0.15789733186018395,0.10956424474716187,-0.11015263199806213,-0.1803712482715838,0.05460579693317413,-0.29897958040237427,-0.0541955876315825,0.046275004744529724,-0.2714560031890869,-0.11840347304594445,0.04753473401069641,-0.15485084056854248,-0.14908401026976037,0.04991994798183441,-0.06431296467781067,-0.15809854223978448,-0.019112035632133484,-0.2827409505844116,-0.0659349273110621,-0.03653137385845184,-0.2574770152568817,-0.12439125880253243,-0.022245973348617554,-0.15590432286262512,-0.13571449473154473,-0.007112383842468262,-0.07800936698913574,-0.12931089952242303,-0.08053286373615265,-0.2384893000125885,-0.08141814276230264,-0.09184832870960236,-0.2198966145515442,-0.11543893918049264,-0.07868237793445587,-0.15425077080726624,-0.11505206778299737,-0.06167665123939514,-0.09991660714149475,-0.10574881091368127,-1.4135819655572572,1.6837047218461692,1.5907617841598365,1.512251675605015,1.4355524633755554,0.030858018549841045,0.0703693014144734,0.12552161220226749,0.18109466088036558,0.07522444573848172,0.12102324216643912,0.17154655538116498,0.058653885716046454,0.11713846641656865,0.058797843903126826,M
0.0,0.0,0.0,0.06948506832122803,-0.02071058750152588,-0.04982017695583427,0.11879250407218933,-0.05412036180496216,-0.08708046346582496,0.1418342888355255,-0.07041633129119873,-0.12327937006630027,0.12609198689460754,-0.09324634075164795,-0.15750709145940864,0.12949606776237488,-0.30651678144931793,-0.045647434589043495,0.14263030886650085,-0.2673124670982361,-0.10493949025549018,0.1398806869983673,-0.18538129329681396,-0.15149418979562843,0.13681834936141968,-0.11536294221878052,-0.17599269717611396,0.0571005642414093,-0.32132498919963837,-0.048458248075619575,0.056155383586883545,-0.2748790383338928,-0.11356992244400108,0.06338870525360107,-0.1572495698928833,-0.14838127761758887,0.06788206100463867,-0.057626575231552124,-0.15992182463087165,-0.017516523599624634,-0.29923105239868164,-0.05829112946666801,-0.029425933957099915,-0.268105149269104,-0.11837254434503638,-0.010647773742675781,-0.16359353065490723,-0.1350781914559754,0.0071554481983184814,-0.07756948471069336,-0.131571098860875,-0.0803549736738205,-0.2506563067436218,-0.07205811112798774,-0.08724084496498108,-0.22569075226783752,-0.10791250288166129,-0.06892430782318115,-0.16233393549919128,-0.11183796792902076,-0.04961787164211273,-0.10664910078048706,-0.10538129478372657,-1.3863531441300863,1.5325093460819497,1.5299333764980059,1.45994789275619,1.360510364076411,0.02458045793359852,0.06824341116783565,0.11996526185685037,0.17622028363212022,0.08992052004572247,0.13505855533229924,0.18663974800317776,0.06391745568639252,0.12731630760899051,0.06378741189663133,M
0.0,0.0,0.0,0.07038092613220215,-0.01710677146911621,-0.05973668337588833,0.1171482503414154,-0.04791444540023804,-0.10615792066579388,0.13192561268806458,-0.05530768632888794,-0.15045361161952542,0.1126890480518341,-0.057309359312057495,-0.19316554010634945,0.13724082708358765,-0.2995888441801071,-0.06409510166173504,0.1377628743648529,-0.24656960368156433,-0.13174191058402585,0.13364875316619873,-0.15824264287948608,-0.18305091501002835,0.13553225994110107,-0.08473324775695801,-0.21124312222724484,0.06312939524650574,-0.3153564929962158,-0.06678556591992901,0.05588987469673157,-0.2612532377243042,-0.14205735862975644,0.0627906322479248,-0.1368541121482849,-0.18012808204417752,0.06790703535079956,-0.03216749429702759,-0.19379913748031186,-0.015812009572982788,-0.2939411699771881,-0.07687584996943997,-0.033656343817710876,-0.26425477862358093,-0.1456802928519778,-0.013965219259262085,-0.14850997924804688,-0.16171063423877285,0.005143225193023682,-0.05601686239242554,-0.15692566276317166,-0.0858064740896225,-0.2478163242340088,-0.0918298730326228,-0.09680986404418945,-0.22834742069244385,-0.13406455457931088,-0.0734548568725586,-0.16449886560440063,-0.13924699962859677,-0.04835033416748047,-0.11049959063529968,-0.1337871992660098,-2.013950924992188,1.5787483241245017,1.5539270736674244,1.48294779702219,1.3045027838250085,0.03569148339388958,0.051357005734267686,0.10755358925980057,0.16959623620174624,0.08565237555198868,0.13351378644521947,0.18567905870459817,0.06714229832282416,0.14018449730286958,0.07635396892004145,M
0.0,0.0,0.0,0.06888815760612488,-0.02329385280609131,-0.062404583332039465,0.11719709634780884,-0.05447942018508911,-0.1123707472653166,0.13309413194656372,-0.060113728046417236,-0.16053325229594861,0.11194390058517456,-0.0553431510925293,-0.20674383932063733,0.12908250093460083,-0.2954253554344177,-0.07256016426990186,0.13522809743881226,-0.261559396982193,-0.147561851081349,0.1317468285560608,-0.17394721508026123,-0.20135207766006147,0.13289251923561096,-0.09746292233467102,-0.22974866920421277,0.05436587333679199,-0.30781906843185425,-0.07648357295701658,0.051890790462493896,-0.2684791684150696,-0.16148691171119367,0.061505645513534546,-0.14085248112678528,-0.2026337414355055,0.0693487823009491,-0.032945215702056885,-0.21607511037299787,-0.023672133684158325,-0.28465986251831055,-0.08827536099860822,-0.03906965255737305,-0.26794758439064026,-0.16585292213866865,-0.016778647899627686,-0.14706850051879883,-0.18350386911342298,0.006339013576507568,-0.05124497413635254,-0.17750309699485456,-0.09328968822956085,-0.2386026680469513,-0.10486372106979047,-0.10438726842403412,-0.22880160808563232,-0.1531516342730299,-0.0820968747138977,-0.16778379678726196,-0.16022315913150464,-0.05705811083316803,-0.1153235137462616,-0.15485136502692853,-2.978630630030886,1.5515525343410326,1.5163419057560992,1.4429236198423618,1.2849464552172527,0.04704168101643223,0.04812495830027217,0.10568437545104509,0.1793302087421939,0.09055573406887922,0.13472894466398513,0.1907884760385121,0.06561335316428497,0.1508803718860738,0.09014019426401615,M
0.0,0.0,0.0,0.07198700308799744,-0.012499511241912842,-0.06704965054615286,0.12016335129737854,-0.04227924346923828,-0.12037183910234717,0.13689523935317993,-0.04756012558937073,-0.17101263075693396,0.11232531070709229,-0.05749785900115967,-0.21996166377886084,0.14768889546394348,-0.29022836685180664,-0.0810796451531246,0.1533539593219757,-0.2607884407043457,-0.16025709181650427,0.14861565828323364,-0.17417848110198975,-0.2177586612068012,0.14988204836845398,-0.09607985615730286,-0.24890342920645026,0.07463154196739197,-0.30900850892066956,-0.08403944789989737,0.07073375582695007,-0.27121925354003906,-0.17014597922189978,0.07768726348876953,-0.14849960803985596,-0.21323559254034308,0.08462300896644592,-0.043872177600860596,-0.2294863817058399,-0.005200684070587158,-0.2897014021873474,-0.09519942670686987,-0.01778852939605713,-0.27122926712036133,-0.17503467768057135,-0.00043594837188720703,-0.149411141872406,-0.19390260249002722,0.018623366951942444,-0.0500144362449646,-0.189505210217078,-0.0766124427318573,-0.2431780993938446,-0.11160877167804983,-0.08784644305706024,-0.2311452329158783,-0.16379128962381628,-0.067099928855896,-0.1650432050228119,-0.1729578730426624,-0.04197490215301514,-0.106162428855896,-0.1689923313222721,-2.046395356327838,1.5595005428735162,1.5331298880395745,1.4717252119181348,1.3231842542914694,0.05384309657069312,0.030871940582870305,0.09400029723166413,0.16179244743751475,0.08357262664249367,0.13910738427165295,0.1921217003246116,0.06628484055418465,0.14109254587406947,0.08261202874130415,M
0.0,0.0,0.0,0.06687542796134949,-0.008820831775665283,-0.060059693596130614,0.11734426021575928,-0.031130194664001465,-0.10950370966530443,0.13785511255264282,-0.0318913459777832,-0.1580114596996367,0.12158986926078796,-0.030536770820617676,-0.20455045341587663,0.14679667353630066,-0.27176128327846527,-0.07144601731634737,0.15458473563194275,-0.23685187101364136,-0.14821321605778337,0.1457425057888031,-0.1468053162097931,-0.20277144848442674,0.14498740434646606,-0.07146796584129333,-0.23162224232292772,0.07365113496780396,-0.2951499819755554,-0.07671478479242921,0.07237634062767029,-0.24381741881370544,-0.16051421403027177,0.0767689049243927,-0.11627721786499023,-0.19998481213188768,0.08138594031333923,-0.014043152332305908,-0.21370828985310197,-0.005860283970832825,-0.28323644399642944,-0.08990826546288133,-0.014943599700927734,-0.2552444636821747,-0.16735351919270158,-0.00023566186428070068,-0.12950557470321655,-0.18198459683991075,0.015494480729103088,-0.03080970048904419,-0.1747912698898375,-0.07821063697338104,-0.24425944685935974,-0.10801743059492708,-0.08480589091777802,-0.22055229544639587,-0.15797735094166399,-0.0662120133638382,-0.14410901069641113,-0.1636800104293883,-0.044932812452316284,-0.07916224002838135,-0.1568927252206862,0.138873836581157,1.579829179239322,1.5432877307844197,1.4863994117698103,1.3718963780647921,0.047146658141443296,0.0434556711333456,0.10609573958596584,0.17347691425835024,0.08568987941232681,0.13572587007798514,0.19007601270061034,0.06799118754098393,0.14211587836213083,0.07739138092278995,M
0.0,0.0,0.0,0.07701671123504639,-0.007593691349029541,-0.06629868198191957,0.12358030676841736,-0.03249555826187134,-0.12119524527346925,0.13067525625228882,-0.03591287136077881,-0.17347325731074648,0.10260337591171265,-0.03587344288825989,-0.22393001962458925,0.15512338280677795,-0.28575485944747925,-0.08038823653018312,0.16065824031829834,-0.24492871761322021,-0.15628074456012087,0.15429717302322388,-0.1547756791114807,-0.2109848891571744,0.15648582577705383,-0.0781521201133728,-0.24183383930480318,0.08343952894210815,-0.3091784417629242,-0.08426217336213426,0.08387953042984009,-0.2634147107601166,-0.16946384657180147,0.08850786089897156,-0.1358059048652649,-0.2106242214516385,0.0920177698135376,-0.029659897089004517,-0.22574927259242372,0.004126250743865967,-0.29430916905403137,-0.09599908787762956,-0.003983199596405029,-0.26622307300567627,-0.1758772765473111,0.012696892023086548,-0.13710883259773254,-0.19263844538485841,0.029619529843330383,-0.03439587354660034,-0.18673266816890077,-0.06686846911907196,-0.2504137456417084,-0.11287194836890535,-0.07193605601787567,-0.22615602612495422,-0.16498023618018465,-0.049509197473526,-0.1539621353149414,-0.17295782614505129,-0.02429814636707306,-0.09275871515274048,-0.16831098843371706,-2.981934682446522,1.5642336801978025,1.5401166117727558,1.4730252772728136,1.3070640102747055,0.06848945138775962,0.012274494199972757,0.07299880134695863,0.13906807885808026,0.08066985765179045,0.13420009745732409,0.18137308841956826,0.06257771028398584,0.13232858042756787,0.07945651067265229,M
0.0,0.0,0.0,0.0768095850944519,-0.016811132431030273,-0.05849315615947148,0.12406516075134277,-0.04946494102478027,-0.10796625557000539,0.13423818349838257,-0.051469624042510986,-0.156531300569128,0.11508893966674805,-0.04715394973754883,-0.20433888974244496,0.15060749650001526,-0.2849293351173401,-0.06861513497884175,0.1506602168083191,-0.251972496509552,-0.140604507351469,0.14440089464187622,-0.15674591064453125,-0.1943912470584621,0.1477174162864685,-0.08016973733901978,-0.22540379705483815,0.07879090309143066,-0.30072546005249023,-0.07551628741080663,0.07323744893074036,-0.2721821963787079,-0.15577000024373433,0.08124926686286926,-0.13996818661689758,-0.19697223248536488,0.08906379342079163,-0.0353243350982666,-0.21347088756616017,0.00011216104030609131,-0.2798638939857483,-0.08978657814319035,-0.012094482779502869,-0.28072401881217957,-0.16609654965455434,0.004775404930114746,-0.15137749910354614,-0.1826807970052471,0.021686658263206482,-0.052216529846191406,-0.17762168886716267,-0.07126952707767487,-0.234113872051239,-0.10846019181067845,-0.08402839303016663,-0.2373754382133484,-0.15878176333959004,-0.06356172263622284,-0.17423292994499207,-0.16609479131753346,-0.039518147706985474,-0.12038394808769226,-0.16157100739533803,2.8896080098513415,1.5849098938656856,1.5321086063164666,1.4763069763742398,1.2985460569655305,0.04641831230741901,0.028587550081063957,0.09353938148578271,0.17107303739792334,0.07383330940303301,0.1290935078811291,0.191505454674496,0.06946239691693136,0.1541702090097111,0.0916123637046908,M
0.0,0.0,0.0,0.07407310605049133,-0.020012319087982178,-0.059744889063637174,0.1205456554889679,-0.052330970764160156,-0.10955179683665506,0.13530927896499634,-0.0568409264087677,-0.15829932145575754,0.11040467023849487,-0.0532054603099823,-0.20586120538214914,0.14117878675460815,-0.2939997911453247,-0.07343527130583993,0.14496994018554688,-0.25632065534591675,-0.14750724486808053,0.13721296191215515,-0.1573830246925354,-0.2014086639116215,0.13813650608062744,-0.07738226652145386,-0.23104270748595468,0.06840395927429199,-0.3068927526473999,-0.07961282335023157,0.06611365079879761,-0.2697829008102417,-0.16159948162535898,0.07063555717468262,-0.14023900032043457,-0.20181983165244333,0.07691627740859985,-0.035242319107055664,-0.21663215212325326,-0.01054525375366211,-0.2827748656272888,-0.0933025275896,-0.021666675806045532,-0.2756231129169464,-0.1696408187578129,-0.006944477558135986,-0.1505075991153717,-0.18736800007323495,0.010300219058990479,-0.05118769407272339,-0.1825042312572407,-0.08162504434585571,-0.23489391803741455,-0.11158820442656747,-0.09707444906234741,-0.2340766191482544,-0.16101879827479593,-0.07983113825321198,-0.17576009035110474,-0.16971791736582986,-0.058400943875312805,-0.12321832776069641,-0.16601921073893777,-3.055572259254958,1.5848398843305678,1.5394710182612552,1.481026898702746,1.3657583841078937,0.0367909320045312,0.03800193279565718,0.10012478477648779,0.18274883574187556,0.07432154174089498,0.13049242087282362,0.20181157980926492,0.06849784093556747,0.16140176106419923,0.09954025305381055,M
0.0,0.0,0.0,0.07126744091510773,-0.019095957279205322,-0.05918616518493991,0.11769290268421173,-0.0485588014125824,-0.10915789842721324,0.13320915400981903,-0.05031228065490723,-0.1587040358793388,0.10968659818172455,-0.046031057834625244,-0.20699922084924083,0.1412459760904312,-0.2951355576515198,-0.0687759676587234,0.14550073444843292,-0.2675471603870392,-0.1432562851917396,0.1382264941930771,-0.17326417565345764,-0.19875802934285502,0.13820330798625946,-0.09128087759017944,-0.228983112574781,0.06901077926158905,-0.3094247877597809,-0.0750969880830894,0.06801454722881317,-0.27480921149253845,-0.15679296195622783,0.07203318178653717,-0.14595824480056763,-0.1991962277900825,0.07690437138080597,-0.038648784160614014,-0.21541372776147227,-0.008784830570220947,-0.2872110903263092,-0.08912825673934321,-0.0196802020072937,-0.27921822667121887,-0.16398102879639964,-0.004772454500198364,-0.1562480926513672,-0.18310266077634196,0.011948347091674805,-0.05648517608642578,-0.17950695097562175,-0.07932829856872559,-0.24082669615745544,-0.10788808852549892,-0.09274798631668091,-0.24013522267341614,-0.15497414112206798,-0.07506933808326721,-0.17984914779663086,-0.16325966358300548,-0.053675368428230286,-0.12364953756332397,-0.15971233785268169,2.835777738630336,1.5857208906523153,1.541652838823325,1.4811763973996153,1.3552722706516953,0.053485969431115304,0.033603159949993744,0.09829574921920194,0.18086392821695102,0.08079416369848698,0.13096204027744615,0.19458971352831966,0.06736038871904883,0.15580820430139075,0.09390166926757414,M
0.0,0.0,0.0,0.07040563225746155,-0.010927975177764893,-0.05693404289947068,0.11738091707229614,-0.035401344299316406,-0.10430360871420419,0.13039332628250122,-0.03828227519989014,-0.1505551813827566,0.10057049989700317,-0.039196401834487915,-0.19585855591164147,0.14308837056159973,-0.2962758243083954,-0.06558384287224328,0.1482410430908203,-0.24448874592781067,-0.13429586875305688,0.1415749490261078,-0.15531283617019653,-0.18673703360424554,0.141758531332016,-0.08222085237503052,-0.21606944787369287,0.07248449325561523,-0.3146805167198181,-0.07115827041731393,0.07211393117904663,-0.2578792870044708,-0.1458624927984289,0.07492807507514954,-0.135494202375412,-0.185543808220487,0.07787513732910156,-0.03338015079498291,-0.20142373728619134,-0.006216451525688171,-0.295703262090683,-0.08364968287811791,-0.017067179083824158,-0.26225602626800537,-0.1532218335853628,-0.0022218525409698486,-0.14074626564979553,-0.17054407584534204,0.013772279024124146,-0.0431901216506958,-0.16693614709244287,-0.07799512147903442,-0.25036561489105225,-0.10069775122271096,-0.08888192474842072,-0.2336287796497345,-0.14454856800900018,-0.0707738846540451,-0.1687636375427246,-0.15060536849365747,-0.04911032319068909,-0.11210045218467712,-0.14583742904530084,-2.9195584734177067,1.5770088529928792,1.5516353693305167,1.491801879885947,1.3648495480161507,0.05956137404230363,0.023428791224539364,0.08689005089575828,0.16649128913451283,0.08041456435349797,0.1338053762772441,0.19319345255881262,0.06484914780517897,0.14940613452702536,0.09328909537351615,M
0.0,0.0,0.0,0.0721001923084259,-0.015675067901611328,-0.05890375129053638,0.1188332736492157,-0.045387089252471924,-0.10687383390138194,0.13088271021842957,-0.051270902156829834,-0.15382527685830638,0.1024218201637268,-0.05672234296798706,-0.19927903390595958,0.14194750785827637,-0.2904536575078964,-0.06743846214482829,0.1471850872039795,-0.2635762393474579,-0.13952729976842448,0.13979032635688782,-0.17241623997688293,-0.19273940599629924,0.14017537236213684,-0.09365397691726685,-0.2218530563182597,0.0704338550567627,-0.3058110475540161,-0.0730791253514056,0.06817266345024109,-0.27533334493637085,-0.15320574618051097,0.07221189141273499,-0.14898261427879333,-0.19405312216947124,0.07739689946174622,-0.04367339611053467,-0.2091797826356654,-0.007467448711395264,-0.28550902009010315,-0.08634363240668819,-0.01948210597038269,-0.27755239605903625,-0.16058918214509532,-0.003686860203742981,-0.15464073419570923,-0.1784064409799342,0.014396175742149353,-0.055639803409576416,-0.1739150074786906,-0.07790721952915192,-0.2392292618751526,-0.10424266136357829,-0.0899837464094162,-0.23396402597427368,-0.15123274303147838,-0.0695965588092804,-0.1706085503101349,-0.15868204212853954,-0.044892966747283936,-0.1143873929977417,-0.15441026664445445,-2.5371412680646115,1.579800851572481,1.5442400216499679,1.475968275185833,1.312265920294996,0.052813599477423104,0.02822271550062172,0.08803230070678326,0.15819893943250887,0.08024459556557915,0.13139818754397742,0.18622611171123574,0.06412710887635224,0.14126316127422045,0.08346545213171633,M
0.0,0.0,0.0,0.06938698887825012,-0.016920924186706543,-0.06667851676461112,0.11330839991569519,-0.04619872570037842,-0.1213152112555207,0.12679272890090942,-0.04869365692138672,-0.17416184415337455,0.10389295220375061,-0.0518031120300293,-0.22525196542260062,0.14258497953414917,-0.28957435488700867,-0.08236541618821036,0.14624682068824768,-0.2652440071105957,-0.16352965702530753,0.1379508674144745,-0.17252680659294128,-0.22104459275719535,0.13763901591300964,-0.0916580855846405,-0.25165952016827475,0.06969031691551208,-0.30420246720314026,-0.08765061219450843,0.06508314609527588,-0.27559810876846313,-0.17735680212494742,0.07002398371696472,-0.1476896107196808,-0.22313305010315787,0.0778510570526123,-0.044133782386779785,-0.24079219271656882,-0.00968751311302185,-0.2829286754131317,-0.10125673582074057,-0.02484908699989319,-0.2781490087509155,-0.1839481370639504,-0.008829429745674133,-0.1517629623413086,-0.2057246493291558,0.010539636015892029,-0.05052575469017029,-0.20268359055039298,-0.08001306653022766,-0.23714324831962585,-0.11993909646984946,-0.09596855938434601,-0.24804002046585083,-0.17111391593930136,-0.07787202298641205,-0.19883185625076294,-0.18207041193959128,-0.053487300872802734,-0.15308499336242676,-0.1803984122466744,-2.6046855835641507,1.5957813086978991,1.5394274473523861,1.4839802662166175,1.2651224261530891,0.052222751104361864,0.02714772403424837,0.09336205484587404,0.18715384993280212,0.07637512303842632,0.13358937463377846,0.20075491019462355,0.06761423453615326,0.1706462148294077,0.12090428480571633,M
0.0,0.0,0.0,0.06809237599372864,-0.012666642665863037,-0.07140538798476825,0.11280754208564758,-0.039048850536346436,-0.12714301006700168,0.1256813406944275,-0.042375385761260986,-0.17966222720052372,0.10110196471214294,-0.0473368763923645,-0.22954992906953464,0.1407998502254486,-0.28680330514907837,-0.08367181526328693,0.14442327618598938,-0.2646043002605438,-0.16539761381055484,0.13540667295455933,-0.1680883765220642,-0.22253565447236667,0.1358732283115387,-0.0883825421333313,-0.2523868526687778,0.06789961457252502,-0.3031593859195709,-0.08501843320037494,0.06431156396865845,-0.27253440022468567,-0.17500740246678959,0.0688488781452179,-0.14228573441505432,-0.217439859675423,0.07505795359611511,-0.03969162702560425,-0.23132397191430698,-0.010215789079666138,-0.28456729650497437,-0.09533890293742786,-0.025185421109199524,-0.27372029423713684,-0.17820407407189975,-0.009274736046791077,-0.14725804328918457,-0.19599752085115085,0.008708551526069641,-0.05039024353027344,-0.18920956509019504,-0.07974912226200104,-0.24083954095840454,-0.11110062109138141,-0.09215541183948517,-0.23336246609687805,-0.1628434355726398,-0.07152992486953735,-0.16177240014076233,-0.17036098198796878,-0.046908676624298096,-0.10159200429916382,-0.16460648136045108,-2.525490568969314,1.5956203916416016,1.5436333129108348,1.490159452714809,1.3391863909227923,0.053793935052362914,0.027142961387654985,0.09244385242433012,0.15764126633914022,0.07790573055135495,0.13271876195586185,0.18325860051491127,0.06720642491731378,0.1367754202842456,0.07559693362144221,M
0.0,0.0,0.0,0.06547628343105316,-0.020202338695526123,-0.05708102658163128,0.11545000970363617,-0.052602797746658325,-0.10492921024333057,0.13442616164684296,-0.05803185701370239,-0.1529265433527094,0.10390479862689972,-0.06502091884613037,-0.19914361238251743,0.13131411373615265,-0.29419785737991333,-0.06934397816430149,0.13743261992931366,-0.2723890542984009,-0.14959893524418888,0.1293633133172989,-0.17200016975402832,-0.20685868859063206,0.128090962767601,-0.09117436408996582,-0.2362848162628275,0.05787469446659088,-0.3056970536708832,-0.07786516248951969,0.06002853810787201,-0.28309085965156555,-0.1649271637178522,0.06527559459209442,-0.1518436074256897,-0.20668316781292972,0.0715189129114151,-0.04815077781677246,-0.22024073600541172,-0.01979820430278778,-0.2833031117916107,-0.09448635726939258,-0.03059735894203186,-0.2820586562156677,-0.17523925900231418,-0.01572561264038086,-0.15221744775772095,-0.19248622059594211,0.001984432339668274,-0.053585708141326904,-0.18505769371758518,-0.08933894336223602,-0.2377828061580658,-0.11541588753233967,-0.10163190960884094,-0.24492985010147095,-0.16595698296795902,-0.08597354590892792,-0.1805972456932068,-0.17205115556489048,-0.06687451899051666,-0.12444955110549927,-0.1653081566072565,-2.3197836843132054,1.5866707468932288,1.5178680712911214,1.4762553824427787,1.3751170791347487,0.03562265057464484,0.03651639702827835,0.10255986109578481,0.18082405165820636,0.07107338320874909,0.13158937674674304,0.19778467369362482,0.06974655873959229,0.15803241692437395,0.0988091059464848,M
0.0,0.0,0.0,0.069567009806633,-0.014067649841308594,-0.06243930740468473,0.11832313239574432,-0.04213976860046387,-0.11245342327468366,0.13498245179653168,-0.048229992389678955,-0.16033125652186841,0.10444943606853485,-0.05627715587615967,-0.2064046038519618,0.14176903665065765,-0.2919471561908722,-0.07508899999968977,0.13773737847805023,-0.24649158120155334,-0.1516057027708766,0.1277923434972763,-0.1487376093864441,-0.2063668443094966,0.12691880762577057,-0.07650652527809143,-0.2355500979553935,0.06717987358570099,-0.3058461397886276,-0.07981371863000364,0.05989934504032135,-0.2585354447364807,-0.1641845179926631,0.06055174767971039,-0.12261921167373657,-0.20372492803447217,0.06355799734592438,-0.02168029546737671,-0.21673061682097883,-0.012637853622436523,-0.2846014201641083,-0.09233336134068937,-0.029407396912574768,-0.2662021815776825,-0.17185737921111555,-0.017092689871788025,-0.13425937294960022,-0.18722345663421125,-7.711350917816162e-05,-0.03626751899719238,-0.17928457988612623,-0.0828155130147934,-0.23966872692108154,-0.10944461060874433,-0.09933191537857056,-0.23801636695861816,-0.15875782801024885,-0.08364702761173248,-0.17297160625457764,-0.16382401419990034,-0.06198298931121826,-0.11891698837280273,-0.1567963136564967,-2.346780960775632,1.639617034198061,1.583541279099957,1.5202593484996638,1.3999544878647718,0.030234087460628386,0.053563537140015514,0.10642455137161831,0.1778299773182086,0.0837884702961927,0.13321839817153017,0.19360407089193976,0.06528563719417922,0.1587939349535523,0.10326312142719475,M
0.0,0.0,0.0,0.06600780785083771,-0.01155787706375122,-0.06658061447033248,0.1123196929693222,-0.03853696584701538,-0.11736563446411452,0.12688486278057098,-0.04222679138183594,-0.1655897706974443,0.10453934967517853,-0.0419364869594574,-0.21181655528435073,0.13931937515735626,-0.2886667400598526,-0.07543440761455855,0.14027608931064606,-0.2469964325428009,-0.15204443635830245,0.12941445410251617,-0.14999133348464966,-0.20705627503284774,0.12945587933063507,-0.07223555445671082,-0.2362987756956514,0.06595124304294586,-0.30492866039276123,-0.07753731908687911,0.06067414581775665,-0.2585499882698059,-0.16245115401634536,0.06219576299190521,-0.12810570001602173,-0.20406452419647536,0.06763879954814911,-0.023165881633758545,-0.2183425635326799,-0.013053849339485168,-0.2858947217464447,-0.08790341617950759,-0.02944539487361908,-0.2640295922756195,-0.16710603835472426,-0.01680845022201538,-0.13576161861419678,-0.1852859467495378,0.00018768012523651123,-0.03441619873046875,-0.1792475939024385,-0.08339656889438629,-0.2420322299003601,-0.10338721277603469,-0.09980683028697968,-0.23014211654663086,-0.15335204305538497,-0.08451604843139648,-0.16427898406982422,-0.16138531865963301,-0.06301018595695496,-0.10740500688552856,-0.15630508067497573,-2.7296547250980696,1.6163381727923858,1.5648071172382547,1.5181901950272891,1.4205097193594574,0.03922839457936513,0.04140031671340891,0.10462230007463687,0.179886002768014,0.07892518066995992,0.13468693698111425,0.19565294955974913,0.06838291560163655,0.1554522037048568,0.09654706827883865,M
0.0,0.0,0.0,0.07188686728477478,-0.016406476497650146,-0.06431027609153261,0.12027749419212341,-0.046144843101501465,-0.11558242249532213,0.13526472449302673,-0.05115532875061035,-0.1653237204556035,0.10929146409034729,-0.050989627838134766,-0.21337863910241595,0.1485268473625183,-0.2903078496456146,-0.07640793281836977,0.1486012041568756,-0.2604024112224579,-0.15524417269273272,0.13735976815223694,-0.16356885433197021,-0.210789338827567,0.13773977756500244,-0.08292973041534424,-0.23989042747064104,0.07407212257385254,-0.30534857511520386,-0.08166555422587862,0.06661263108253479,-0.27186617255210876,-0.17110817241712084,0.06664302945137024,-0.13755863904953003,-0.2148145596985387,0.07329344749450684,-0.030004024505615234,-0.22969600665612688,-0.006209343671798706,-0.2849360406398773,-0.09522987264438143,-0.02293156087398529,-0.2773403227329254,-0.17846705126805773,-0.011173233389854431,-0.14470726251602173,-0.19888369846387377,0.008012086153030396,-0.039658188819885254,-0.19352400410218706,-0.07787929475307465,-0.2418537139892578,-0.11358764129920473,-0.09867949783802032,-0.2555406391620636,-0.16424538302464953,-0.08540816605091095,-0.21326589584350586,-0.17449484872861376,-0.06277510523796082,-0.17473897337913513,-0.17170691597505083,-2.7262524423809813,1.622765920838551,1.5736243217626136,1.5128802722995747,1.3494340511529872,0.04277238235351065,0.04166836625144139,0.10191130411094826,0.211945287284807,0.08339340384945557,0.1367541598311634,0.22053379631945413,0.06599135570060172,0.19865260247006267,0.1525045731188652,M
0.0,0.0,0.0,0.07137513160705566,-0.018343031406402588,-0.06196622888998604,0.11646729707717896,-0.0500413179397583,-0.11161040853218651,0.1302359700202942,-0.051027894020080566,-0.1601619754310093,0.10990950465202332,-0.048435330390930176,-0.20727224986509896,0.14227917790412903,-0.29511797428131104,-0.07060373167948342,0.14440998435020447,-0.2629797160625458,-0.1448026482339344,0.13491445779800415,-0.16632381081581116,-0.19985279779390908,0.13676759600639343,-0.0864725112915039,-0.23073721270517922,0.06829670071601868,-0.30813074111938477,-0.07573138515905953,0.06429919600486755,-0.277800977230072,-0.16015120189146614,0.06614241003990173,-0.14232230186462402,-0.20351715724424935,0.07355833053588867,-0.03293699026107788,-0.21995213966326332,-0.010471045970916748,-0.28572309017181396,-0.08868695388989067,-0.02448369562625885,-0.2831283509731293,-0.16784552078203774,-0.009941279888153076,-0.1521856188774109,-0.1872756366010151,0.00965622067451477,-0.04715496301651001,-0.1827839795823536,-0.08008955419063568,-0.23877263069152832,-0.10637890140966988,-0.09678688645362854,-0.23977836966514587,-0.15728260915236092,-0.07790252566337585,-0.17928001284599304,-0.1670827005382023,-0.052218690514564514,-0.12494757771492004,-0.16409804265455818,2.9014219957237533,1.5972062009923347,1.5516789275448386,1.486628689004259,1.3306639387427177,0.04656376490429722,0.03951716597128553,0.10026145963872883,0.17927541844475664,0.0828339498836071,0.1330532650524526,0.19286302711838757,0.06546472633418175,0.155839042694465,0.09939917271422197,M
0.0,0.0,0.0,0.06494651734828949,-0.011508345603942871,-0.05721961790681007,0.10917629301548004,-0.035862505435943604,-0.10322058284640434,0.126729354262352,-0.03843128681182861,-0.14877270990967872,0.10924611985683441,-0.054255783557891846,-0.19244302147984627,0.14239393174648285,-0.27854710817337036,-0.06231215680003288,0.15370585024356842,-0.2674058675765991,-0.13443345660328987,0.14317156374454498,-0.17986580729484558,-0.1883850925600541,0.13826532661914825,-0.10266759991645813,-0.21731471354127052,0.07210840284824371,-0.2986791133880615,-0.06789468312621239,0.07282035052776337,-0.2920653223991394,-0.14611441725850227,0.07366491854190826,-0.16740766167640686,-0.18765317732453468,0.07771982252597809,-0.0647229552268982,-0.20344025725484016,-0.0037409961223602295,-0.2840832769870758,-0.08142037773490074,-0.015230000019073486,-0.29729557037353516,-0.15289761954903724,-0.0028973370790481567,-0.1786661446094513,-0.1715069049036515,0.011363700032234192,-0.08216661214828491,-0.16824594968915108,-0.07242876291275024,-0.24211937189102173,-0.0995026313698304,-0.08509840071201324,-0.2530173659324646,-0.14445918137192848,-0.07022778689861298,-0.19179373979568481,-0.1518884682095063,-0.05189484357833862,-0.13442528247833252,-0.14792474443078163,-1.5670000211312503,1.5942660708756586,1.5468160047805832,1.4961288149655474,1.3823888138024782,0.056443053817537794,0.033218505477248784,0.10178399905349364,0.17998210648275653,0.07145316036756551,0.12854693045683885,0.1927937777295677,0.068610612584321,0.14716785006787167,0.08205249517470715,M
0.0,0.0,0.0,0.06503282487392426,-0.011386990547180176,-0.060187117448144534,0.11346288025379181,-0.035423338413238525,-0.10985104112892685,0.1298515647649765,-0.040911078453063965,-0.1590624463465744,0.10182054340839386,-0.058087050914764404,-0.20612476884394226,0.14018692076206207,-0.28055278956890106,-0.07036914049654541,0.15366871654987335,-0.2720290720462799,-0.14860868572264252,0.14354319870471954,-0.18359225988388062,-0.20504316805868683,0.136525496840477,-0.10308286547660828,-0.234000520100885,0.0688260942697525,-0.3017919212579727,-0.07606452076702652,0.07115142047405243,-0.2847004383802414,-0.16170449673204956,0.07301278412342072,-0.15628120303153992,-0.20471927641897736,0.07602788507938385,-0.04982882738113403,-0.21955573677092133,-0.007302269339561462,-0.28795860707759857,-0.08996298282414017,-0.015437111258506775,-0.2924521267414093,-0.1676904868987137,-0.0015112906694412231,-0.16899079084396362,-0.1869751524832779,0.013825774192810059,-0.06929203867912292,-0.18217411755590973,-0.07659335434436798,-0.24767208099365234,-0.10851842283278046,-0.08320829272270203,-0.2523079216480255,-0.1577838671114975,-0.06416742503643036,-0.1848006248474121,-0.16582051037817536,-0.04344862699508667,-0.12293422222137451,-0.16085679947405396,-2.045343342419019,1.5914246365238014,1.5422213857616116,1.4744731433242688,1.3110825768926262,0.05682479318754182,0.0270824570452619,0.088705305140692,0.159085786593851,0.08059747888284209,0.12726759962171064,0.18106562792254852,0.06517606303525693,0.140067968116299,0.07847191144997523,M
0.0,0.0,0.0,0.06543225049972534,-0.014537394046783447,-0.06808426917108079,0.10953029990196228,-0.04413008689880371,-0.12103246093305131,0.12582644820213318,-0.05156591534614563,-0.1719859460047104,0.11109194159507751,-0.07074761390686035,-0.22015880734237214,0.13652151823043823,-0.2652169167995453,-0.07709120154889604,0.150804340839386,-0.2864883244037628,-0.15888699085029145,0.14160707592964172,-0.1992795765399933,-0.21814786583694,0.13277310132980347,-0.1144888699054718,-0.24931766778739473,0.06764325499534607,-0.289603054523468,-0.07847931176932832,0.06806179881095886,-0.3002912849187851,-0.16786625177176973,0.0670410692691803,-0.17356866598129272,-0.21380755991252443,0.06715273857116699,-0.07138490676879883,-0.2309870937517502,-0.004063397645950317,-0.28060242533683777,-0.08916299731048127,-0.01358775794506073,-0.308651939034462,-0.16906819433482667,-0.00655229389667511,-0.1923832893371582,-0.19113895983012696,0.0022353529930114746,-0.09891590476036072,-0.18946532100947877,-0.06935809552669525,-0.24596261978149414,-0.1052001559785225,-0.08135928213596344,-0.25148805975914,-0.1581985274008133,-0.0681414008140564,-0.18135270476341248,-0.1715473154238083,-0.05113205313682556,-0.11987212300300598,-0.17106465191157838,-1.5121938280578429,1.595659943904833,1.5730441489997913,1.53614197282138,1.4272432996954445,0.04881977226266796,0.0439438244190046,0.11244202724820843,0.16949879604502743,0.07851104155889609,0.13146338267460825,0.1839839266167205,0.07051399010632074,0.1278370137618442,0.05733448456261158,M
0.0,0.0,0.0,0.06741487979888916,-0.01193779706954956,-0.062389380830580876,0.11327669024467468,-0.03739994764328003,-0.1112818602204868,0.12972870469093323,-0.04451829195022583,-0.1582973260164806,0.10746362805366516,-0.06278663873672485,-0.20324404125219075,0.14005368947982788,-0.28390857577323914,-0.07079115097528188,0.15418678522109985,-0.2718217670917511,-0.146168808984811,0.143703430891037,-0.18233910202980042,-0.20160644834047048,0.1379687488079071,-0.10518980026245117,-0.23117050116067617,0.0702066421508789,-0.3045000284910202,-0.07366211299901693,0.07189646363258362,-0.2865416258573532,-0.15532424633508413,0.07438170909881592,-0.16209498047828674,-0.19776995067601888,0.07802048325538635,-0.060249388217926025,-0.21369976882940023,-0.004852324724197388,-0.2897343039512634,-0.08477197175031392,-0.014822006225585938,-0.2908300310373306,-0.1583692688227245,-0.0010837316513061523,-0.17442923784255981,-0.17760681693559377,0.01297895610332489,-0.08109062910079956,-0.17458685820108144,-0.07244375348091125,-0.2482166886329651,-0.10079243366723745,-0.08281804621219635,-0.24691540002822876,-0.14733978693490712,-0.0670192539691925,-0.18076395988464355,-0.15578536276822774,-0.04858867824077606,-0.12197399139404297,-0.15226825659280507,-1.7958964073743122,1.5824618392140044,1.5388161563676135,1.4855406511078548,1.3840363839482694,0.052235911972585675,0.029552265832039976,0.09624130764288044,0.16689956565071054,0.07492286151427512,0.12729186278396987,0.18731092509238895,0.06829903056274157,0.1408538477004105,0.07390549987064235,M
0.0,0.0,0.0,0.06690442562103271,-0.012503087520599365,-0.064176247261571,0.11213704943656921,-0.037691354751586914,-0.11353321447234066,0.13195070624351501,-0.0458143949508667,-0.16051799877743633,0.11395347118377686,-0.06376227736473083,-0.20533537193398388,0.13927271962165833,-0.28113165497779846,-0.07064265086512478,0.15091553330421448,-0.264129102230072,-0.14632236286263378,0.14403143525123596,-0.1791180968284607,-0.20261456891159924,0.1417492926120758,-0.09970152378082275,-0.2326519720182887,0.0703534483909607,-0.30262577533721924,-0.07210740520815762,0.07080700993537903,-0.27665141224861145,-0.15421079918007763,0.07188582420349121,-0.1611282229423523,-0.19660345538716228,0.07550942897796631,-0.06099879741668701,-0.2122853480206004,-0.003063902258872986,-0.2897396683692932,-0.08211635871987255,-0.015788346529006958,-0.2762720584869385,-0.15590225978951366,-0.005799621343612671,-0.16658851504325867,-0.17572762890915783,0.008647501468658447,-0.07560592889785767,-0.17313144429783733,-0.06855818629264832,-0.2508447766304016,-0.09735819026093395,-0.08259324729442596,-0.2356695830821991,-0.1443665407524577,-0.0702861100435257,-0.16841083765029907,-0.15364935322861584,-0.05186249315738678,-0.1085486114025116,-0.15041349156956585,-1.501236411574761,1.557146889564736,1.5494609681451463,1.5161587551623332,1.4539997413188885,0.04543387636808529,0.03854323809107614,0.10596989826964813,0.17175782295701622,0.07671779821060162,0.13526523758286854,0.19381381413156834,0.06843891904733845,0.1359580499953606,0.06889615214398011,M
0.0,0.0,0.0,0.07090671360492706,-0.013404607772827148,-0.05959639419724283,0.11696107685565948,-0.04370489716529846,-0.10591288004924593,0.12668590247631073,-0.05094277858734131,-0.15026801918556032,0.10047949850559235,-0.05579197406768799,-0.19299061690379915,0.1457994431257248,-0.2936731278896332,-0.06172625814487276,0.14627550542354584,-0.2510095238685608,-0.130240083680647,0.13738231360912323,-0.1601114571094513,-0.18180017267276583,0.13890551030635834,-0.08891049027442932,-0.2106742272238904,0.0746053010225296,-0.31141605973243713,-0.0651177251796895,0.07051660120487213,-0.271253764629364,-0.14136481379081545,0.07144935429096222,-0.1448376178741455,-0.1795971850018674,0.07534272968769073,-0.04601353406906128,-0.19304852281619844,-0.0029920190572738647,-0.293393149971962,-0.07631419693042574,-0.016674160957336426,-0.2762167155742645,-0.14829249774028597,-0.0031849145889282227,-0.15275004506111145,-0.16393956636001406,0.012813493609428406,-0.05846261978149414,-0.15770872031261263,-0.07178783416748047,-0.2489621341228485,-0.09207604174424944,-0.08229315280914307,-0.23930040001869202,-0.13680145238448915,-0.06463143229484558,-0.16898992657661438,-0.14156055544425783,-0.042596861720085144,-0.10986167192459106,-0.13493268285800752,-2.508820693620685,1.6044515377521043,1.5680178047532478,1.503620167720562,1.3639427026750697,0.05072863588397381,0.02697174513099539,0.08770667456347271,0.15295220522033873,0.0766836092764427,0.1297161111514426,0.18270758896051245,0.06375645143518076,0.13411313108361858,0.07557889942934964,M
0.0,0.0,0.0,0.0685705840587616,-0.01415795087814331,-0.06464076448547473,0.11367711424827576,-0.04155266284942627,-0.11535808850395313,0.1263875961303711,-0.044231802225112915,-0.16411030698883167,0.10222813487052917,-0.04797738790512085,-0.21149756420719257,0.14113405346870422,-0.28555144369602203,-0.07513422925340763,0.14572837948799133,-0.2526702880859375,-0.15002648938762775,0.13574939966201782,-0.1592523753643036,-0.2050619315015041,0.13524392247200012,-0.08094194531440735,-0.2354506443844997,0.06875216960906982,-0.3003884553909302,-0.07956745881902805,0.0662451684474945,-0.2729557156562805,-0.16316789795028797,0.06802791357040405,-0.1450609266757965,-0.207258422266122,0.07479614019393921,-0.040585994720458984,-0.224690799008485,-0.010352030396461487,-0.2804160714149475,-0.09196639467346301,-0.025953054428100586,-0.27791717648506165,-0.17006172646152606,-0.01297903060913086,-0.1529299020767212,-0.19213758815395465,0.005101591348648071,-0.05317455530166626,-0.19022824276554218,-0.08198794722557068,-0.2368432581424713,-0.10914814133512607,-0.10101065039634705,-0.24558860063552856,-0.15829752791988483,-0.08716648817062378,-0.19077527523040771,-0.16914000023471942,-0.06640425324440002,-0.14049118757247925,-0.16790521551239124,-2.6302206502097154,1.5995755613738882,1.5475368065041584,1.5028955971302689,1.410447890968379,0.046655163445599335,0.028410333069971674,0.09726549236731175,0.19234262515167105,0.0726810644575123,0.13307161342051835,0.2102572210965957,0.07082232696159735,0.17296993572855704,0.11285955910813016,M
0.0,0.0,0.0,0.07299652695655823,-0.01789015531539917,-0.06281880635309278,0.12020343542098999,-0.046956151723861694,-0.11589315134573042,0.13032889366149902,-0.04489809274673462,-0.16762077409315168,0.10565078258514404,-0.03951215744018555,-0.2186969776778227,0.14737075567245483,-0.2789353132247925,-0.08083432513761579,0.14833307266235352,-0.24782606959342957,-0.1599828262953764,0.13690316677093506,-0.15065783262252808,-0.21692990857648908,0.13695880770683289,-0.07081833481788635,-0.24834151166963636,0.07276034355163574,-0.2934187650680542,-0.08697840172338545,0.06712010502815247,-0.2619873285293579,-0.17366338867235243,0.06786814332008362,-0.1272546947002411,-0.21698420840787946,0.07472464442253113,-0.021673262119293213,-0.2339833785920149,-0.00763431191444397,-0.2730538249015808,-0.10079338002491056,-0.022093847393989563,-0.271272212266922,-0.18196758228826582,-0.009074851870536804,-0.14120054244995117,-0.20154912370729505,0.00909450650215149,-0.03853529691696167,-0.19770639735746443,-0.07996474206447601,-0.22901564836502075,-0.11918963837909757,-0.09784752130508423,-0.23415330052375793,-0.17161181170034467,-0.0818062424659729,-0.17399877309799194,-0.18158891398000776,-0.05896496772766113,-0.11992675065994263,-0.17901964086580335,2.668770414075396,1.6207839552437409,1.5635679949966275,1.4995843381541427,1.3806211683369387,0.044274927205184264,0.03570227174736612,0.09656121740894173,0.18320712882894818,0.0792989864389649,0.1318767381256984,0.20198455952627262,0.06776166483319189,0.16591160419716386,0.10609741172542494,M
0.0,0.0,0.0,0.07710440456867218,-0.01639401912689209,-0.058286923381018596,0.12726564705371857,-0.04331114888191223,-0.10809553361170288,0.1388769894838333,-0.04272639751434326,-0.15757954812281127,0.11508552730083466,-0.0412268340587616,-0.20635160005323883,0.15617205202579498,-0.2721323072910309,-0.07080218142502304,0.15908391773700714,-0.24931195378303528,-0.1464144358658075,0.15353257954120636,-0.16179108619689941,-0.20305370486013885,0.15048809349536896,-0.08261340856552124,-0.23423228359453674,0.08349050581455231,-0.29458320140838623,-0.07685501075022216,0.07459641993045807,-0.2532147467136383,-0.15836995041601654,0.07670499384403229,-0.12596753239631653,-0.20127352273695465,0.07594199478626251,-0.023669838905334473,-0.21867369806997772,0.0037903934717178345,-0.27897417545318604,-0.09017837739222045,-0.007713302969932556,-0.26652854681015015,-0.1659727761768579,0.003723323345184326,-0.14447546005249023,-0.18525060212843414,0.015265271067619324,-0.04639005661010742,-0.18237658536665435,-0.0691407173871994,-0.23632502555847168,-0.10809171146385665,-0.08012136816978455,-0.21720030903816223,-0.15884181058638092,-0.06192958354949951,-0.14582616090774536,-0.16882502234213348,-0.040998101234436035,-0.08451560139656067,-0.16599803364508148,2.9721099510066167,1.6007788523630477,1.5986523115288007,1.5214998359382332,1.387495981874425,0.054462741783369205,0.042900631889714984,0.09995370139009105,0.16197535761455342,0.0950340214714348,0.13999051015055447,0.19149564253441187,0.06479099546835837,0.13182258103401293,0.06796413927994338,M
0.0,0.0,0.0,0.07539588212966919,-0.0178261399269104,-0.06236541919923866,0.12555333971977234,-0.05170172452926636,-0.11361406647182548,0.14027366042137146,-0.06241816282272339,-0.1628517349860772,0.12602338194847107,-0.056880682706832886,-0.21074841820217216,0.14641296863555908,-0.2816625386476517,-0.0799463381669625,0.1503046452999115,-0.227816641330719,-0.15887726747013176,0.13843092322349548,-0.13268402218818665,-0.21574465834117973,0.1323864758014679,-0.05508187413215637,-0.24684874617076957,0.07207450270652771,-0.3019004166126251,-0.08449555092073524,0.0677194595336914,-0.24692478775978088,-0.1716957678697213,0.06597784161567688,-0.11693790555000305,-0.21489740811801994,0.06535309553146362,-0.011933624744415283,-0.23123633765197837,-0.007017150521278381,-0.28437304496765137,-0.09647286586977089,-0.019436463713645935,-0.26082643866539,-0.17847323321319664,-0.008950501680374146,-0.1345960795879364,-0.19846929513431633,0.004879295825958252,-0.03335109353065491,-0.19437812172390068,-0.07707856595516205,-0.24063614010810852,-0.11277130894876564,-0.0871066302061081,-0.22143030166625977,-0.16640683912254417,-0.07101976871490479,-0.15248823165893555,-0.1764596691033944,-0.05010250210762024,-0.09498190879821777,-0.17307785057045066,-1.4802843134011978,1.6326225039305091,1.5939720970138465,1.5234397041490666,1.3876652104716765,0.0066124636611762,0.07550577245084408,0.12340798665102075,0.18019997354108172,0.07971979362523274,0.12934569096362508,0.1867999995306653,0.06415441076053252,0.14222170196731262,0.08259149771346513,M
0.0,0.0,0.0,0.07894013822078705,-0.016936302185058594,-0.06187352196391771,0.1321922391653061,-0.048709750175476074,-0.11085992337282846,0.14756451547145844,-0.05402621626853943,-0.15797646374520014,0.13254721462726593,-0.050186872482299805,-0.20374941856678674,0.1473706215620041,-0.27582672238349915,-0.07599695802744577,0.15068839490413666,-0.22825554013252258,-0.152182340930068,0.14131738245487213,-0.13272586464881897,-0.20742781491097162,0.1385507434606552,-0.053433895111083984,-0.237927973578536,0.07358546555042267,-0.29495958983898163,-0.07991133661087702,0.0675392597913742,-0.24422931671142578,-0.16478544504460046,0.06672607362270355,-0.11296191811561584,-0.20691478283222864,0.06718684732913971,-0.007751345634460449,-0.22302903265770624,-0.005098313093185425,-0.27669841051101685,-0.09136171669777582,-0.01826252043247223,-0.260029673576355,-0.17089125544842432,-0.007471650838851929,-0.13564366102218628,-0.19085605473335931,0.00643746554851532,-0.03626739978790283,-0.18755659491833399,-0.07564927637577057,-0.2342601716518402,-0.1074287745457525,-0.09106062352657318,-0.21730127930641174,-0.16081143946465204,-0.07547929883003235,-0.15114790201187134,-0.17301186950024317,-0.054658129811286926,-0.09441035985946655,-0.17171201140698145,-1.3349530017034337,1.610434558353665,1.5930713138021952,1.5228535141259567,1.4218107502302895,0.006825358188781963,0.07792786120637255,0.12687561047260226,0.19235788993996486,0.0847331162990828,0.13322389711448585,0.19750630211284104,0.06710925965327078,0.14951917335512827,0.08434023700614164,M
0.0,0.0,0.0,0.07491371035575867,-0.022318542003631592,-0.06258348030521432,0.12389230728149414,-0.050623536109924316,-0.11440106881334344,0.13760173320770264,-0.048053622245788574,-0.16442831260635415,0.11464640498161316,-0.04221475124359131,-0.2127825508780674,0.1473771035671234,-0.2810739278793335,-0.07693965388013879,0.14721032977104187,-0.23090893030166626,-0.15609793765022317,0.1338694989681244,-0.13530868291854858,-0.21318880123569528,0.12823909521102905,-0.06119614839553833,-0.2445257346101002,0.07047054171562195,-0.2972794771194458,-0.08196392310335199,0.05864718556404114,-0.25132179260253906,-0.17126427990867654,0.05737265944480896,-0.11205515265464783,-0.21341041130497018,0.05960467457771301,-0.004270493984222412,-0.22780023915245096,-0.009669974446296692,-0.2766169309616089,-0.09479263079835931,-0.028016209602355957,-0.2627454698085785,-0.17679553133918802,-0.013877421617507935,-0.13427099585533142,-0.19445467395259897,0.004122614860534668,-0.03339609503746033,-0.1882011334366993,-0.07829074561595917,-0.2296370267868042,-0.11234503639413873,-0.09520365297794342,-0.21587198972702026,-0.1645756850905613,-0.0768304318189621,-0.14423394203186035,-0.1729997585482792,-0.05217178165912628,-0.08314540982246399,-0.16826750738098184,2.403575160782968,1.6576168234733741,1.607863075404564,1.5141489061700117,1.3943537746258738,0.023346405837147626,0.06685326278365772,0.11087505075538924,0.17176619634201842,0.08916957903807514,0.12719175940801605,0.18174117466948947,0.06266226605520198,0.13680361295432128,0.0751269152906613,M
0.0,0.0,0.0,0.07556553184986115,-0.020618021488189697,-0.062203345888548256,0.1266075223684311,-0.05087396502494812,-0.11402100890248335,0.14016912877559662,-0.04139024019241333,-0.16397902935116804,0.12009550631046295,-0.025716006755828857,-0.21135894029706037,0.15280283987522125,-0.27055326104164124,-0.07693738310902631,0.1553785353899002,-0.22755646705627441,-0.15747009783356702,0.141462042927742,-0.12936007976531982,-0.21385607688992536,0.13197053968906403,-0.050705015659332275,-0.2439775821503929,0.07540188729763031,-0.2906946539878845,-0.08200756280987775,0.06747300922870636,-0.2519879639148712,-0.1710563209590248,0.06292454898357391,-0.11256182193756104,-0.21134670644372022,0.061439529061317444,-0.009379148483276367,-0.22429894476502454,-0.004732668399810791,-0.2719680368900299,-0.09519309371083295,-0.017136722803115845,-0.2606976330280304,-0.17765762477486646,-0.005812689661979675,-0.1306939721107483,-0.19452103047936475,0.010145410895347595,-0.03400754928588867,-0.1876915153798393,-0.07391175627708435,-0.22512248158454895,-0.11302725046246564,-0.08592458069324493,-0.20421984791755676,-0.16665536730855024,-0.06772123277187347,-0.12935975193977356,-0.1760532018479637,-0.04285751283168793,-0.07087951898574829,-0.1719081309375099,1.8240823775473458,1.6652718718667197,1.6203880131606423,1.5083542893245323,1.3721190846254911,0.027667074000014218,0.06088855890288209,0.11026229255425792,0.16909591740927477,0.08174625837323882,0.12296408983478825,0.17598823407451525,0.05690030478405711,0.12107918284978898,0.06456664830360417,M
0.0,0.0,0.0,0.06956619024276733,-0.01725730299949646,-0.06087164956354307,0.11987024545669556,-0.04383543133735657,-0.1119487993719499,0.1368669867515564,-0.03294497728347778,-0.16155697780870604,0.13062027096748352,-0.014315962791442871,-0.2091560103299539,0.14572730660438538,-0.25874224305152893,-0.08036009597801375,0.14976945519447327,-0.19902798533439636,-0.15967281538271116,0.13096874952316284,-0.09508785605430603,-0.21358861404680418,0.11872577667236328,-0.0178985595703125,-0.24270336705469298,0.06658551096916199,-0.2800574004650116,-0.08673252540849852,0.060193806886672974,-0.22983700037002563,-0.1752536185386102,0.05524253845214844,-0.08289334177970886,-0.21429914611601042,0.05567803978919983,0.021927714347839355,-0.22743788737081694,-0.015351459383964539,-0.2632940113544464,-0.10055312144779371,-0.030064597725868225,-0.2451837658882141,-0.18305777388834166,-0.017649143934249878,-0.1097402274608612,-0.19848679381632017,-0.0014120638370513916,-0.012089848518371582,-0.19151644784235167,-0.08805279433727264,-0.21834340691566467,-0.1186619364025514,-0.10222916305065155,-0.19276162981987,-0.17167696732305693,-0.08295102417469025,-0.11492648720741272,-0.17915763336443113,-0.05843217670917511,-0.056598514318466187,-0.17432339864992308,1.2215564634386427,1.6824423798557075,1.6068998665463596,1.5153628718312313,1.3896716330861603,0.012422318391371836,0.08324627407010986,0.1320511000283359,0.1937231068720795,0.07457311325331853,0.1202781852471615,0.1813356747687682,0.06645656111636168,0.13851898822132258,0.0723347399473741,M
0.0,0.0,0.0,0.07474696636199951,-0.016711771488189697,-0.058599602117482164,0.12906351685523987,-0.03757527470588684,-0.10707302732700441,0.14892378449440002,-0.012395262718200684,-0.1536380086683664,0.14025667309761047,0.0068694353103637695,-0.19864523751968477,0.15058305859565735,-0.2392982840538025,-0.07993501765960787,0.15318042039871216,-0.17301705479621887,-0.158832806780282,0.13644829392433167,-0.07220381498336792,-0.21533666892284486,0.12229493260383606,0.005360782146453857,-0.2466102872633371,0.07272207736968994,-0.26199670135974884,-0.08592594011062715,0.06410649418830872,-0.20849621295928955,-0.17135188324684236,0.05765271186828613,-0.06644421815872192,-0.21315443856948946,0.054480910301208496,0.03440612554550171,-0.2304241691374216,-0.008221909403800964,-0.24714428186416626,-0.09883046491378877,-0.021273314952850342,-0.22240039706230164,-0.17826731844181154,-0.01183156669139862,-0.09727174043655396,-0.1983452920460138,-0.0005381256341934204,-0.004923999309539795,-0.19696300072902773,-0.0777883380651474,-0.2028689980506897,-0.11591691119903658,-0.0902751237154007,-0.16472050547599792,-0.1683421914123926,-0.07294948399066925,-0.08548533916473389,-0.1794236634516153,-0.051890045404434204,-0.024315953254699707,-0.17878760738605592,1.3240824085481733,1.6859078185188767,1.632260620561467,1.5390846640229714,1.4267554684618229,0.018024986988474385,0.0900874619045878,0.14128786377485897,0.1946609613945693,0.07377244467977107,0.12326287732202544,0.17669497782283367,0.06763100647169315,0.12150334463029759,0.05489141592180374,M
0.0,0.0,0.0,0.07389456033706665,-0.013586819171905518,-0.05603366760715289,0.11943349242210388,-0.025531411170959473,-0.10898557348355098,0.12994903326034546,0.008653908967971802,-0.1618867818842773,0.11408349871635437,0.0498194694519043,-0.21418531282051845,0.14197120070457458,-0.23232364654541016,-0.08454964352949901,0.1450648307800293,-0.15756133198738098,-0.16561073107823177,0.1246025562286377,-0.04966700077056885,-0.22130149645909114,0.11044985055923462,0.030616402626037598,-0.2512366477976684,0.06237277388572693,-0.25159987807273865,-0.09390300555332942,0.053950995206832886,-0.18629884719848633,-0.17976117177113338,0.047481536865234375,-0.041322797536849976,-0.21680466873749538,0.045580536127090454,0.06264114379882812,-0.22977888627156062,-0.019599080085754395,-0.23394978046417236,-0.10978226406678004,-0.03409618139266968,-0.19565150141716003,-0.18808938605889125,-0.023376554250717163,-0.06149277091026306,-0.20090159816845699,-0.009119629859924316,0.03553342819213867,-0.19325101418598933,-0.08960612118244171,-0.18727979063987732,-0.12997691376313014,-0.10432218015193939,-0.14424124360084534,-0.17726866943939967,-0.08630093932151794,-0.06514784693717957,-0.1807071421872024,-0.064145028591156,-0.0060205161571502686,-0.1740928594599609,1.6416784546558836,1.6901073184733315,1.6241829955285279,1.5319287006026783,1.4312416016217469,0.019543827016437747,0.06969254778356619,0.12402863324998298,0.18677128242592167,0.07234370741177572,0.11967053851355948,0.17839740929583425,0.06104863966068468,0.12943771900280265,0.0689530622707566,M
0.0,0.0,0.0,0.06645554304122925,-0.0147380530834198,-0.06102154339442478,0.11682599782943726,-0.030578047037124634,-0.11545688966999279,0.13093402981758118,-0.0013583004474639893,-0.16841056505928265,0.11105519533157349,0.035602062940597534,-0.2203576372076057,0.13662976026535034,-0.2482876479625702,-0.08912063698063122,0.1426975429058075,-0.17464831471443176,-0.169118876855471,0.1264975368976593,-0.06343495845794678,-0.22326315502414928,0.11405250430107117,0.018176525831222534,-0.25254700640926586,0.05543440580368042,-0.27042028307914734,-0.09687690744886623,0.053531914949417114,-0.21490582823753357,-0.1834357337165855,0.048595279455184937,-0.06559669971466064,-0.22006740729103313,0.04684650897979736,0.04179421067237854,-0.23195425729046093,-0.027232453227043152,-0.25235098600387573,-0.11135848919639812,-0.03625898063182831,-0.2222323715686798,-0.19125832180271374,-0.02488085627555847,-0.08298525214195251,-0.20446010987053143,-0.010820358991622925,0.016085058450698853,-0.1961901293207191,-0.09812837839126587,-0.20306745171546936,-0.13033745745907055,-0.1065794825553894,-0.16533046960830688,-0.17996130446682201,-0.08934403955936432,-0.08329853415489197,-0.18482359806785809,-0.06933987140655518,-0.024385958909988403,-0.17885900596866833,1.6577747654237123,1.6553234874769096,1.598295793043088,1.5097326562621136,1.4110527858683966,0.017681436723548133,0.06450657405685843,0.12342837682577343,0.19010771385980177,0.07123510963267514,0.12489037682191395,0.1882666422259477,0.06313816729673674,0.13371271380550562,0.07115080167848047,M
0.0,0.0,0.0,0.06943823397159576,-0.017596155405044556,-0.05950747215893415,0.1156870573759079,-0.038420021533966064,-0.11342055508639959,0.1266597956418991,-0.005344986915588379,-0.16666335770633367,0.11272911727428436,0.02773427963256836,-0.21884720930602697,0.13640056550502777,-0.2444770336151123,-0.0894206331088796,0.14340101182460785,-0.17892348766326904,-0.17196660646941808,0.12308450043201447,-0.06856358051300049,-0.22829129704978612,0.10681410133838654,0.012589454650878906,-0.2591898829653516,0.05736522376537323,-0.2654046416282654,-0.09824266442802099,0.0498509556055069,-0.21333694458007812,-0.18804951915290502,0.04393364489078522,-0.0615287721157074,-0.2285136968806043,0.043140098452568054,0.046454429626464844,-0.24358279416110662,-0.023783370852470398,-0.24729815125465393,-0.11384973833110479,-0.03613710403442383,-0.22647517919540405,-0.1965196819021955,-0.026013150811195374,-0.0875517725944519,-0.2138550818875089,-0.011490598320960999,0.012897312641143799,-0.20900877723243383,-0.09305505454540253,-0.19876891374588013,-0.13373074838664678,-0.10851982235908508,-0.1624516248703003,-0.18765602418925909,-0.09246206283569336,-0.08302724361419678,-0.19787676045444158,-0.07058003544807434,-0.024669408798217773,-0.19596471795585302,1.6154793059907708,1.6853847963913837,1.616378684875641,1.5235870533272673,1.4424133992480181,0.016258940225240087,0.07206299713697155,0.12510265117921468,0.19065254268679432,0.07211945073002346,0.11830510021985778,0.18126473090960643,0.06411390746419844,0.13413004602489478,0.07002014095745358,M
0.0,0.0,0.0,0.0708528459072113,-0.015896260738372803,-0.05426384824444597,0.12131720781326294,-0.031752973794937134,-0.10276667717029397,0.13767051696777344,0.0017476379871368408,-0.15051705333520715,0.12539198994636536,0.029046744108200073,-0.19755285176564996,0.1411963701248169,-0.22673377394676208,-0.07953455242444818,0.14705410599708557,-0.16463568806648254,-0.15680976900388544,0.13339897990226746,-0.062651127576828,-0.21213548573781793,0.11972227692604065,0.016753345727920532,-0.24287418219377344,0.06492635607719421,-0.24915175139904022,-0.08784164431621377,0.05991062521934509,-0.1998269259929657,-0.16966014298726861,0.055732160806655884,-0.05998849868774414,-0.2088534900837118,0.050226300954818726,0.04027488827705383,-0.2250399062328512,-0.014329224824905396,-0.2345622181892395,-0.10245663615991418,-0.024381175637245178,-0.2099841833114624,-0.1793931344442541,-0.014290928840637207,-0.08561068773269653,-0.19750413986970727,-0.005921274423599243,0.004696279764175415,-0.19528482052614038,-0.08387000858783722,-0.19023963809013367,-0.12091895136167352,-0.09233346581459045,-0.14826512336730957,-0.17217489275266473,-0.07350212335586548,-0.06883871555328369,-0.18168043288518732,-0.053744107484817505,-0.00823289155960083,-0.18028791937162225,1.503876646337419,1.6587626849915318,1.6215429834643609,1.5356690818557341,1.4067627597736385,0.013537846559519692,0.07599968436151876,0.13355193189641934,0.18297407641083535,0.07336861481644139,0.12622073853136692,0.17525666485005337,0.06647095308920876,0.1147294667284135,0.049539750030866206,M
0.0,0.0,0.0,0.07701095938682556,-0.0171205997467041,-0.05448438417991497,0.12856623530387878,-0.03531739115715027,-0.10438027796229221,0.1444639265537262,0.0012182891368865967,-0.1542647090264211,0.12891465425491333,0.03276371955871582,-0.20364633765896656,0.1469053030014038,-0.22807669639587402,-0.08008314487418033,0.15245214104652405,-0.16475602984428406,-0.16196851995667316,0.1350800096988678,-0.06282389163970947,-0.2218455877610097,0.1198626458644867,0.015411913394927979,-0.2552480753966222,0.06804391741752625,-0.24820682406425476,-0.08972479221304752,0.062164127826690674,-0.20201265811920166,-0.1766275372811208,0.057454913854599,-0.057878196239471436,-0.21937640574654438,0.05463433265686035,0.045201122760772705,-0.237385129601563,-0.012588053941726685,-0.2325320839881897,-0.10588401374300815,-0.021755054593086243,-0.21373111009597778,-0.18518099752148487,-0.010229259729385376,-0.0850786566734314,-0.2041391041584859,0.0013484060764312744,0.009854257106781006,-0.2018939014979253,-0.08072817325592041,-0.1882169544696808,-0.12607768741330005,-0.09082043170928955,-0.15470725297927856,-0.17596982982834675,-0.07265672087669373,-0.07572793960571289,-0.18439005878647663,-0.05233602225780487,-0.014373332262039185,-0.1824684646435628,1.5656786677905434,1.6814063546475326,1.6164674142894007,1.5133626741046293,1.408905562688643,0.01957099979679168,0.07531437562059923,0.12960706440688596,0.18727976236280994,0.07170864549379198,0.11864447975341237,0.1747556641769788,0.06394365397047791,0.12244089399312012,0.05889816577957166,M
0.0,0.0,0.0,0.07633604109287262,-0.027785301208496094,-0.058847955198466195,0.12674082815647125,-0.05660161375999451,-0.1110085535361165,0.14042626321315765,-0.031500399112701416,-0.16219044360655488,0.11271114647388458,-0.0009062290191650391,-0.21193555626410188,0.13838575780391693,-0.2620460093021393,-0.08647520724075974,0.1476161926984787,-0.20145636796951294,-0.1693390372707242,0.1303040236234665,-0.09290158748626709,-0.22526574763792695,0.11724863946437836,-0.010476469993591309,-0.2547437015487546,0.05836145579814911,-0.2769537717103958,-0.09459774825113954,0.05357511341571808,-0.23014479875564575,-0.18418090674418153,0.05063198506832123,-0.08608296513557434,-0.22171164187925996,0.05192948877811432,0.021712124347686768,-0.23354644212263764,-0.021602600812911987,-0.2534013092517853,-0.10998010519283952,-0.03241950273513794,-0.22970792651176453,-0.1908682200624341,-0.018690437078475952,-0.09711962938308716,-0.20514296624201478,-0.0005746930837631226,0.001992940902709961,-0.1973098281337613,-0.0880870670080185,-0.20362111926078796,-0.13000609609621705,-0.10051976144313812,-0.17550677061080933,-0.1802914354516858,-0.08347637951374054,-0.1017591655254364,-0.1871925059272641,-0.060443878173828125,-0.043199777603149414,-0.1824162963344449,1.8175626650893175,1.6546204204739063,1.5923286578456743,1.4886465386620897,1.400155935958934,0.010591428371441107,0.06485368009044333,0.11332293073565033,0.17824535565499552,0.0728196199663403,0.11848132300430618,0.18068050720958828,0.05608507206665377,0.12977414463209103,0.075011340004684,M
0.0,0.0,0.0,0.07670949399471283,-0.019545018672943115,-0.060673482191285544,0.13108663260936737,-0.05031329393386841,-0.10983868263336127,0.1493397206068039,-0.03900647163391113,-0.1574937211689562,0.1380448192358017,-0.02476048469543457,-0.20283354393812125,0.14922477304935455,-0.26260751485824585,-0.08040663920017188,0.1555078774690628,-0.21652087569236755,-0.16142871550889915,0.1338517814874649,-0.10323813557624817,-0.21618721954198783,0.12056617438793182,-0.018768668174743652,-0.2452463316139788,0.07174237072467804,-0.2815176993608475,-0.08620883099409049,0.06488536298274994,-0.239751398563385,-0.17464795283647483,0.05649827420711517,-0.09106123447418213,-0.21414547733636802,0.056860968470573425,0.013003647327423096,-0.2279350864109606,-0.008359760046005249,-0.26164576411247253,-0.09979414514871543,-0.020591095089912415,-0.24646565318107605,-0.1823689746079058,-0.011439502239227295,-0.11131250858306885,-0.1988252358851046,0.0031325966119766235,-0.011936783790588379,-0.1927478568968386,-0.0772751122713089,-0.21348300576210022,-0.11786275677057212,-0.09347862005233765,-0.18614867329597473,-0.17148538998933738,-0.07710085809230804,-0.11009791493415833,-0.1812548445877642,-0.05465410649776459,-0.051409006118774414,-0.17829383484693473,1.3049363050571232,1.6877904949832667,1.6212808081893288,1.5248057785617282,1.4321201007432705,0.01847714509700004,0.08953740722463813,0.13552031256677904,0.1945328241529452,0.07118871605347481,0.11763213775792644,0.17823450422059944,0.05923481279558442,0.1287812170666747,0.06998113597119672,M
0.0,0.0,0.0,0.07218959927558899,-0.013046324253082275,-0.06365025155336212,0.12133583426475525,-0.03341221809387207,-0.11697790883571457,0.12913161516189575,-0.015524506568908691,-0.16770470254213166,0.11131548881530762,0.00791621208190918,-0.2167821984747107,0.14453688263893127,-0.24088433384895325,-0.09105102084667038,0.15244972705841064,-0.1847257912158966,-0.17178332917482209,0.13044926524162292,-0.0776260495185852,-0.22613684944898438,0.11680659651756287,-0.0015937089920043945,-0.25638125948697876,0.0668356716632843,-0.2617653161287308,-0.09689744673759293,0.06401011347770691,-0.22336360812187195,-0.18452961854726624,0.05701863765716553,-0.07983365654945374,-0.22264573089868378,0.056431323289871216,0.021645069122314453,-0.2367227535703833,-0.012515753507614136,-0.24425095319747925,-0.11006257049829316,-0.02265992760658264,-0.22867673635482788,-0.1910563271501715,-0.011468499898910522,-0.09845277667045593,-0.20636527352125,0.002253293991088867,-0.005703270435333252,-0.20103916637689423,-0.08265790343284607,-0.19829648733139038,-0.1279678057888205,-0.0932479053735733,-0.16434359550476074,-0.18066935353071045,-0.07301485538482666,-0.0870179831981659,-0.1895125817516501,-0.049584582448005676,-0.030454635620117188,-0.1871781807401831,1.8086626963550498,1.6861670938775086,1.6074910940172837,1.5089629021078104,1.3762384255218438,0.010981387099534941,0.05657519899266274,0.1099092928005331,0.16541207599782853,0.06469323322856081,0.11462699339587674,0.16887562738117412,0.0606892950631338,0.11812599842401736,0.0574438466001831,M
0.0,0.0,0.0,0.08052755892276764,-0.022987723350524902,-0.04930639853220242,0.14154796302318573,-0.05690738558769226,-0.08886848976354855,0.15598540008068085,-0.04912722110748291,-0.12829569568376797,0.13366834819316864,-0.04676985740661621,-0.16507396688204068,0.16178105771541595,-0.24963533878326416,-0.061561720720341384,0.16150470077991486,-0.21910130977630615,-0.1369221567128207,0.13722874224185944,-0.11064857244491577,-0.1901339500163104,0.12193553149700165,-0.026184558868408203,-0.2182866393540408,0.08620421588420868,-0.27157747745513916,-0.06960939457159299,0.07516975700855255,-0.25430920720100403,-0.1501297711346652,0.06743331253528595,-0.11302253603935242,-0.18712002625208157,0.06334425508975983,-0.011429667472839355,-0.1999223141882922,0.00752122700214386,-0.2595082223415375,-0.08485622545223492,-0.00931820273399353,-0.2662113904953003,-0.15984345068674344,7.933378219604492e-05,-0.13269934058189392,-0.1735284685109164,0.010747790336608887,-0.03678786754608154,-0.1667787640307452,-0.06242509186267853,-0.22121208906173706,-0.10384432067613858,-0.07843044400215149,-0.20233625173568726,-0.1522928385947253,-0.06043979525566101,-0.11912915110588074,-0.15831518759470242,-0.038594603538513184,-0.05465489625930786,-0.15295731117468137,2.231524158525221,1.7472605728512027,1.658444164237529,1.5563102792985746,1.4286839079632994,0.023694166023158606,0.07870455574725223,0.12332519477115643,0.1724433193168706,0.06042056347904117,0.11169218387722805,0.16303522430957149,0.05839029384652923,0.11072466438006293,0.052477638555549905,M
0.0,0.0,0.0,0.06551499664783478,-0.015536516904830933,-0.05960921105979011,0.11367295682430267,-0.03864419460296631,-0.11060980615256355,0.12395776808261871,-0.021116793155670166,-0.16070156452296303,0.11446861922740936,0.012866795063018799,-0.20942617115614937,0.13629896938800812,-0.2523680627346039,-0.08137244639037178,0.14675457775592804,-0.18937459588050842,-0.15818554815886543,0.12573085725307465,-0.07821369171142578,-0.2101066922867112,0.11340217292308807,0.003936707973480225,-0.2382571911537461,0.056455060839653015,-0.273212268948555,-0.08836554643748329,0.05790893733501434,-0.2267051339149475,-0.17313722428916023,0.05189897119998932,-0.08083832263946533,-0.21001983341811226,0.05185617506504059,0.027145862579345703,-0.22256987449763344,-0.02560947835445404,-0.25618791580200195,-0.10253070202706382,-0.0332135409116745,-0.2430855929851532,-0.18066749629614876,-0.02239154279232025,-0.10696437954902649,-0.19469327387450264,-0.008377492427825928,-0.0060381293296813965,-0.18748813030360267,-0.09829898178577423,-0.2134016454219818,-0.12120649126408622,-0.11172328889369965,-0.19547882676124573,-0.17108016368983314,-0.09517568349838257,-0.1260460913181305,-0.17874752637980507,-0.07496793568134308,-0.07209944725036621,-0.17500168738005684,1.5553510958360484,1.6598940688233186,1.5861064714496065,1.5020183113799184,1.4071582150145958,0.008993540078675586,0.0642200119364795,0.12429224961800413,0.2076185701437943,0.06577670339764492,0.12218749638242511,0.203137378925864,0.06876970276698584,0.16104032597398238,0.09379970606626484,M
0.0,0.0,0.0,0.06985943019390106,-0.005467116832733154,-0.06455665169554337,0.11771358549594879,-0.023802757263183594,-0.11714145629006012,0.1331453174352646,-0.009706974029541016,-0.16706378100710495,0.12569592893123627,0.005090117454528809,-0.21494584618406876,0.15398554503917694,-0.23293587565422058,-0.08923833905058487,0.1613004356622696,-0.1912234127521515,-0.17334195314245804,0.13609366118907928,-0.08509010076522827,-0.22906752763586624,0.12146969139575958,-0.00356370210647583,-0.2582056754668294,0.07737438380718231,-0.2598991245031357,-0.09401884762840851,0.07253696024417877,-0.22974079847335815,-0.18599803088503464,0.05950765311717987,-0.0830422043800354,-0.22475311992960556,0.05631415545940399,0.02406442165374756,-0.23692803917723282,-0.0028614848852157593,-0.2525866627693176,-0.10677830962734802,-0.019069448113441467,-0.24761414527893066,-0.19202493964033707,-0.01408851146697998,-0.11118137836456299,-0.20619698701696976,-0.0019245296716690063,-0.01079714298248291,-0.19772289036112412,-0.07485966384410858,-0.21899285912513733,-0.12412963895397766,-0.09381662309169769,-0.20549052953720093,-0.17891938327150925,-0.0813317745923996,-0.12643861770629883,-0.18594757555323227,-0.06172393262386322,-0.06393522024154663,-0.18046052096682175,1.3012462877868571,1.7116182487979859,1.644826045568844,1.5669212600651619,1.4862829652488643,0.009630663357251075,0.07192951209302854,0.12860554614093941,0.19972656746009007,0.07077115998529306,0.1236060534915023,0.1928850022250981,0.06787542364274671,0.14723086365315244,0.07999764901688748,M
0.0,0.0,0.0,0.0715867280960083,-0.014438748359680176,-0.06484921197803084,0.12047651410102844,-0.043883711099624634,-0.11582398335845534,0.13792359828948975,-0.04364973306655884,-0.1637139088979489,0.13322493433952332,-0.031166434288024902,-0.20966573725850646,0.14585521817207336,-0.2605906128883362,-0.08593616555841033,0.14865443110466003,-0.2001059353351593,-0.16579700182588164,0.12634670734405518,-0.09599485993385315,-0.21911030183942382,0.11387774348258972,-0.016177833080291748,-0.24680101047666136,0.06803813576698303,-0.28486330807209015,-0.08891236703307692,0.05912867188453674,-0.23321890830993652,-0.1770682252517468,0.0509723424911499,-0.09497371315956116,-0.214165008770538,0.05031853914260864,0.011214494705200195,-0.225047252284599,-0.013689368963241577,-0.2702607959508896,-0.099679081844402,-0.03160741925239563,-0.2459535300731659,-0.18110179077298705,-0.022970572113990784,-0.11789566278457642,-0.1957348353734738,-0.008590161800384521,-0.020474940538406372,-0.1874774016013867,-0.0862824022769928,-0.2299736738204956,-0.11516583632142607,-0.10646435618400574,-0.2091594934463501,-0.16700573931844298,-0.09414906799793243,-0.13752087950706482,-0.17427303563268248,-0.07539500296115875,-0.0797119140625,-0.16861795555265013,0.7841752080113211,1.7008912744826983,1.630572797883382,1.550384846823787,1.4984665036690423,0.024473903657142124,0.09311075935076345,0.1422175429817624,0.21419370169515836,0.06921063558326353,0.12254326973320948,0.1996515764841673,0.06689136979349233,0.15514994837145968,0.08928552981760507,M
0.0,0.0,0.0,0.0720110684633255,-0.008137345314025879,-0.05973509467339255,0.12228627502918243,-0.029619425535202026,-0.10859551794028022,0.13850201666355133,-0.01836836338043213,-0.1554226181576226,0.13015834987163544,-0.0001659393310546875,-0.20021698392128684,0.1521873027086258,-0.23494642972946167,-0.07889467246031501,0.15445853769779205,-0.1814056932926178,-0.15806517518257834,0.13011805713176727,-0.07739192247390747,-0.21126318491196372,0.1149812787771225,0.0014917850494384766,-0.23862447357868888,0.07527942955493927,-0.2608179450035095,-0.083319259352443,0.06427799165248871,-0.20963549613952637,-0.16869982100224235,0.05550362169742584,-0.06884819269180298,-0.2029711953470681,0.052942052483558655,0.034375786781311035,-0.21242233134007193,-0.005196988582611084,-0.25162097811698914,-0.09563227511143424,-0.025513246655464172,-0.21816202998161316,-0.17315374828076102,-0.01637089252471924,-0.09121838212013245,-0.18325856841301658,-0.003165900707244873,-0.001654207706451416,-0.1730792126724694,-0.07686904072761536,-0.21730610728263855,-0.11263146764731147,-0.09307694435119629,-0.18008050322532654,-0.15868139780258872,-0.07788169384002686,-0.09860271215438843,-0.16040802515244224,-0.05885729193687439,-0.03926074504852295,-0.151900982029197,1.30962942394994,1.7268768704720026,1.6463226204291475,1.5626710740881402,1.469975511582309,0.015267335626414375,0.08459011422823355,0.13333255692132087,0.19301636376838488,0.07021554791501539,0.11818905740605358,0.17855144182355556,0.06668030379392098,0.13387095365599203,0.06719957371853096,M
0.0,0.0,0.0,0.06624336540699005,-0.0045781731605529785,-0.06373236173465813,0.11153428256511688,-0.01951313018798828,-0.11505812996700371,0.12077011168003082,-0.0017340779304504395,-0.1639003365643319,0.1022433191537857,0.019784927368164062,-0.21072866612747276,0.1422063261270523,-0.22932729125022888,-0.0804534017451104,0.14899756014347076,-0.18692746758460999,-0.15905218416526878,0.12360729277133942,-0.084046870470047,-0.21247259372547234,0.10667549073696136,8.410215377807617e-05,-0.24029508823230827,0.06515194475650787,-0.2543153911828995,-0.08388315731361473,0.0589834600687027,-0.2220522165298462,-0.1698730348952111,0.04727466404438019,-0.08065938949584961,-0.20643100732639397,0.043904855847358704,0.02824103832244873,-0.21744882160499657,-0.015215963125228882,-0.24744302034378052,-0.09557789409235085,-0.03520077466964722,-0.23403897881507874,-0.1732641070492562,-0.027645111083984375,-0.10873457789421082,-0.18609248691871727,-0.014480441808700562,-0.014236539602279663,-0.17767358416393364,-0.08664627373218536,-0.21590465307235718,-0.11220688217952812,-0.10471497476100922,-0.20096662640571594,-0.1579649060375985,-0.09079377353191376,-0.12462115287780762,-0.16117518240287865,-0.07168824970722198,-0.06311154365539551,-0.1543887614615258,1.802956356596949,1.7244537322047804,1.6458509895790814,1.5676423883821893,1.473210043338225,0.020193233001936477,0.05894813070341165,0.12158082327426734,0.19267593403072245,0.06879655266690618,0.12199934742167405,0.189228204965535,0.07220240722259898,0.1473331608490471,0.07524293525472156,M
0.0,0.0,0.0,0.06598174571990967,-5.8591365814208984e-05,-0.06494921536086196,0.11186173558235168,-0.020432114601135254,-0.11596343011496657,0.12110632658004761,-0.02172917127609253,-0.16399282307265395,0.10837823152542114,-0.014933884143829346,-0.2096021631443321,0.14464309811592102,-0.24082598090171814,-0.08154229910014266,0.15746000409126282,-0.1969916820526123,-0.16257502228854293,0.1320575773715973,-0.09991803765296936,-0.21607171089289778,0.11167138814926147,-0.018832266330718994,-0.24182981342909926,0.07072243094444275,-0.2699129432439804,-0.08328451306460494,0.06352218985557556,-0.22778400778770447,-0.17131723553774947,0.05635708570480347,-0.09527036547660828,-0.21048443109629744,0.05330681800842285,0.008670330047607422,-0.2218535104477226,-0.007108956575393677,-0.2634487599134445,-0.09363728851912612,-0.0288764089345932,-0.24528184533119202,-0.17403841108916396,-0.01887834072113037,-0.12814205884933472,-0.1931500592911064,-0.005350023508071899,-0.03910902142524719,-0.18746683091757887,-0.07541540265083313,-0.2330593764781952,-0.10831640005944365,-0.08870829641819,-0.22616836428642273,-0.15518127472041243,-0.07460516691207886,-0.1596871316432953,-0.16170665711997145,-0.05703823268413544,-0.1043272614479065,-0.1561990687334358,2.1355333422931646,1.7182438325478837,1.6332300054907092,1.5629559992717514,1.4289992450734237,0.0051031621789045635,0.05991677156152063,0.11626931347324036,0.18802601558672835,0.06451988728503798,0.11876513622877109,0.1891357458330827,0.07565376054009317,0.15793823443400365,0.08321712443651065,M
0.0,0.0,0.0,0.0574321448802948,0.013529598712921143,-0.058114147708486996,0.10369008779525757,0.01432955265045166,-0.10332791037924238,0.12879028916358948,0.02513095736503601,-0.14618479736216017,0.13176238536834717,0.02155211567878723,-0.18613987691767164,0.15662792325019836,-0.21195897459983826,-0.07026590682632872,0.1840122640132904,-0.18465587496757507,-0.14194842703707167,0.16309255361557007,-0.09108349680900574,-0.18901407249338575,0.1422119438648224,-0.014399677515029907,-0.21119091935522505,0.08749374747276306,-0.2477131485939026,-0.07184312023289152,0.09934580326080322,-0.21001023054122925,-0.14756956227190443,0.09020945429801941,-0.07963654398918152,-0.17987937755949446,0.08022299408912659,0.01865115761756897,-0.18855405874617048,0.012406840920448303,-0.25107890367507935,-0.08143525101311155,0.00655895471572876,-0.22388556599617004,-0.15041629500753828,0.013154596090316772,-0.1131327748298645,-0.16275392003424116,0.019118085503578186,-0.03367975354194641,-0.15531789787180372,-0.05822743475437164,-0.23027873039245605,-0.09525192059643217,-0.06101410090923309,-0.20662572979927063,-0.13634894318945356,-0.045169323682785034,-0.13141202926635742,-0.1389895928657765,-0.029662519693374634,-0.07182297110557556,-0.13151417203314253,0.251822690984321,1.6436376165560085,1.598085825577524,1.5399355167569528,1.3924412916303432,0.03743961413559512,0.05162096871529578,0.12545635762941715,0.18648567453338924,0.07024946688236124,0.12459461985921275,0.1812133159296082,0.08045081799480548,0.14233901119319464,0.06192295607839897,M
0.0,0.0,0.0,0.05543482303619385,0.0075383782386779785,-0.05619193585981819,0.09970661997795105,0.003628969192504883,-0.10206548842062446,0.12008485198020935,0.0154191255569458,-0.14670427116026374,0.12004628777503967,0.013836920261383057,-0.18950226875414344,0.1559264361858368,-0.22182056307792664,-0.06837554248442146,0.17188021540641785,-0.18673712015151978,-0.1413584646808097,0.1510964035987854,-0.09599459171295166,-0.19177029999365303,0.13260683417320251,-0.02291649580001831,-0.21663023503889534,0.08496689796447754,-0.2594674527645111,-0.07215695800652,0.08531248569488525,-0.21126428246498108,-0.14911447437872383,0.07668274641036987,-0.08370226621627808,-0.18500219257940742,0.06957128643989563,0.01252681016921997,-0.1966449168549964,0.006804302334785461,-0.2627640813589096,-0.08376410575975868,-0.006850898265838623,-0.23730263113975525,-0.1537912485228965,-0.0016657114028930664,-0.125459223985672,-0.17021974893679115,0.005907729268074036,-0.043384671211242676,-0.16564822169413063,-0.06610545516014099,-0.24024349451065063,-0.0993774157988021,-0.07396522164344788,-0.22265416383743286,-0.1417937126981208,-0.062463417649269104,-0.1498563289642334,-0.1467171904670188,-0.048256516456604004,-0.09076336026191711,-0.14089573892225715,0.46514570977677067,1.6875039929139175,1.6273387003928044,1.5748831646367363,1.4519522591227647,0.03884045465752013,0.050492000834155705,0.12767897661208008,0.19815915976252035,0.07231672155225963,0.1283417679028359,0.19317025811017494,0.08472981920155158,0.1566915774478951,0.07196183496190048,M
0.0,0.0,0.0,0.05660289525985718,0.0021268129348754883,-0.06297500742156803,0.09870404005050659,-0.010128378868103027,-0.11171774131734669,0.11174646019935608,-0.007036983966827393,-0.1571257070966512,0.10287889838218689,-0.010078489780426025,-0.1995722459026128,0.1475968062877655,-0.2475656270980835,-0.07265502525050938,0.15757599472999573,-0.20960810780525208,-0.1469563202329427,0.1351872980594635,-0.11463749408721924,-0.19760863048513233,0.11524263024330139,-0.03873246908187866,-0.2228353278108388,0.07619059085845947,-0.27943363785743713,-0.07384573978860676,0.07248705625534058,-0.24346712231636047,-0.15371340078790485,0.0635489821434021,-0.11144912242889404,-0.1894072548814565,0.056735217571258545,-0.01196986436843872,-0.19974803490121662,-0.001270487904548645,-0.27531811594963074,-0.08361395759065449,-0.019970521330833435,-0.2628294825553894,-0.15586538178403675,-0.013960912823677063,-0.1520158052444458,-0.17100844842870533,-0.005427464842796326,-0.07235991954803467,-0.16475055677373707,-0.07135450839996338,-0.24619412422180176,-0.09802471411903202,-0.08631019294261932,-0.2382509410381317,-0.14133700293977558,-0.07539598643779755,-0.17012149095535278,-0.1463956193395406,-0.059794917702674866,-0.11761629581451416,-0.14055262071569263,0.011949318803090116,1.724502654578196,1.6434086580343779,1.5912754001251892,1.4811339251132571,0.03120756951993561,0.04618242714077528,0.12493696334119685,0.1950055131688245,0.06433781429784942,0.1252680217491345,0.1919916698998277,0.086666936310829,0.15729094349088105,0.07073867063526346,M
0.0,0.0,0.0,0.056286007165908813,5.894899368286133e-05,-0.06445509730846766,0.09816336631774902,-0.013641297817230225,-0.11691008298666361,0.11337405443191528,-0.0012843012809753418,-0.16736472933561686,0.11600521206855774,0.0016016364097595215,-0.2156722524669874,0.15309906005859375,-0.23103126883506775,-0.08134039281875971,0.16967728734016418,-0.20725488662719727,-0.1626135983970869,0.14794063568115234,-0.11323791742324829,-0.21792882471353892,0.12889766693115234,-0.034430086612701416,-0.24579801945955637,0.08075150847434998,-0.2656185030937195,-0.08444336592228296,0.08073347806930542,-0.23271548748016357,-0.17210042267115,0.07073667645454407,-0.09820771217346191,-0.21372732310564402,0.06490421295166016,0.0015513300895690918,-0.22795597999365214,0.0020463019609451294,-0.2643965184688568,-0.09616409032614115,-0.011907756328582764,-0.25840628147125244,-0.17523033707411173,-0.006524324417114258,-0.143742173910141,-0.19620869844229105,0.002403557300567627,-0.059163957834243774,-0.19362824945719126,-0.07037238776683807,-0.2365003228187561,-0.11223302572042826,-0.08010739088058472,-0.23241671919822693,-0.16166151850492838,-0.06732967495918274,-0.1627683937549591,-0.17137813358576182,-0.051256224513053894,-0.10489755868911743,-0.1687073835638273,0.7070060560075864,1.6932790524667236,1.6300423471171868,1.5690555943415665,1.4265486488789838,0.03826879219875355,0.051101023878891295,0.1288324237521458,0.1982888466960589,0.07341542412959157,0.1288895812579055,0.19344531326277026,0.08713597503033946,0.15755828494309945,0.07050485395657782,M
0.0,0.0,0.0,0.05686843395233154,-0.009282052516937256,-0.06163173831394175,0.10028985142707825,-0.02858111262321472,-0.11075170255592326,0.1197601854801178,-0.0274965763092041,-0.15677735871961573,0.12081968784332275,-0.030816584825515747,-0.20056132144620875,0.14760169386863708,-0.2582806646823883,-0.07505360163143138,0.16070830821990967,-0.22630813717842102,-0.15121775037935237,0.14240846037864685,-0.13774114847183228,-0.20491231150320033,0.1242503821849823,-0.0640910267829895,-0.23234026796510676,0.07816284894943237,-0.29100124537944794,-0.07635050929477671,0.07343757152557373,-0.25132161378860474,-0.15568070776155452,0.06695839762687683,-0.12989303469657898,-0.19327273137262324,0.06052219867706299,-0.039239585399627686,-0.20639873213460902,0.002200096845626831,-0.2846413254737854,-0.08573394186189631,-0.012426674365997314,-0.2692512571811676,-0.1578307516067312,-0.008777111768722534,-0.1627434492111206,-0.17513384587457637,-0.004596397280693054,-0.08730968832969666,-0.1718267566650198,-0.06756536662578583,-0.2512020170688629,-0.09959910727432231,-0.07801410555839539,-0.2298976182937622,-0.14641968078306178,-0.0672006607055664,-0.15637615323066711,-0.15433742768457392,-0.0545821338891983,-0.10164496302604675,-0.15032436616113642,-0.10846162142264835,1.6904717358440096,1.6407508435014002,1.6052247067918988,1.4842021851905352,0.033450831846864204,0.060882954416049025,0.13755240874433453,0.18916251802512185,0.06840230633574944,0.13092210975498722,0.18273304827745218,0.08093927560348503,0.13093295434007607,0.052000711196239204,M
0.0,0.0,0.0,0.0576130747795105,-0.007188141345977783,-0.05744239782078253,0.09936085343360901,-0.02200382947921753,-0.10560734664185034,0.11802110075950623,-0.01976737380027771,-0.1520190844414948,0.12023019790649414,-0.02748703956604004,-0.19601461385471808,0.14544928073883057,-0.24898868799209595,-0.07268862520439612,0.16373279690742493,-0.22438889741897583,-0.14877209161503302,0.14585116505622864,-0.13464176654815674,-0.20233543311340796,0.12677016854286194,-0.0588037371635437,-0.22941359971745,0.07423725724220276,-0.2807173430919647,-0.07670335565788733,0.075171560049057,-0.24682152271270752,-0.15761146043522345,0.06940990686416626,-0.11951899528503418,-0.19675380085690009,0.06244683265686035,-0.023770272731781006,-0.2102151671527146,-0.002324894070625305,-0.27462153136730194,-0.08835425322039114,-0.014491528272628784,-0.26930925250053406,-0.1606211671708344,-0.005079388618469238,-0.1602986752986908,-0.17922997568829047,0.0031984150409698486,-0.08035019040107727,-0.17657430564148413,-0.07273519039154053,-0.2406841218471527,-0.1039982447503327,-0.08203448355197906,-0.2305871844291687,-0.15071082209331976,-0.06832727789878845,-0.15961536765098572,-0.15866920446140753,-0.054203808307647705,-0.10317909717559814,-0.15466331039650427,-0.2569327794374438,1.6686978484555273,1.6166507503693046,1.5423730832414735,1.4368347039189442,0.03199229226451341,0.0579027776127608,0.12841709744769628,0.1901486526617634,0.07324503511907794,0.1254361507327517,0.18633505540635192,0.0819247341982341,0.1411139023518928,0.06177519105502094,M
0.0,0.0,0.0,0.05838759243488312,-0.0031045079231262207,-0.05707777744166975,0.10006047785282135,-0.010519206523895264,-0.10475426247351294,0.11868743598461151,0.0019502043724060059,-0.1510453902744544,0.11864398419857025,-0.0032610297203063965,-0.1953312241100562,0.1540112942457199,-0.23262125253677368,-0.07186813732617026,0.16765646636486053,-0.20452097058296204,-0.14567514589064245,0.14780594408512115,-0.11684823036193848,-0.19700376024477606,0.12950004637241364,-0.04397177696228027,-0.2232681446336997,0.08194057643413544,-0.26659202575683594,-0.07640487035744314,0.08221893012523651,-0.23443391919136047,-0.15653996994726782,0.07204826176166534,-0.10339474678039551,-0.19433515599005347,0.06528840959072113,-0.002823173999786377,-0.20718886783354407,0.00379103422164917,-0.26460933685302734,-0.088501811828543,-0.0069275349378585815,-0.2591594308614731,-0.1617733173631919,-0.0033408701419830322,-0.1422348916530609,-0.17869099309675818,0.004917040467262268,-0.05329614877700806,-0.17443066170446997,-0.06816019117832184,-0.2342313826084137,-0.1046250098013175,-0.080789715051651,-0.22753942012786865,-0.1520040713810218,-0.07024866342544556,-0.15963539481163025,-0.1600507282280219,-0.05439622700214386,-0.102245032787323,-0.15628095796339636,0.3723515081962441,1.7000026057047344,1.6338443193391696,1.5654677640169254,1.4668886658561788,0.0421333481570387,0.053357371181175575,0.12424705577792337,0.199350815286918,0.0762649449219559,0.12493145828854424,0.19290829869526313,0.07869068173998099,0.15559279623792044,0.07690290595128754,M
0.0,0.0,0.0,0.058506935834884644,0.0013029873371124268,-0.0608002585903904,0.09858748316764832,-0.007805585861206055,-0.11008191160719605,0.10712870955467224,-0.0018608570098876953,-0.1569143911437294,0.09441760182380676,0.002078831195831299,-0.20125757954876633,0.14010635018348694,-0.2390817105770111,-0.07857565633814545,0.15601804852485657,-0.19297492504119873,-0.1548976083831093,0.13308554887771606,-0.10147818922996521,-0.20524293981354447,0.11495688557624817,-0.02591836452484131,-0.22983891568939896,0.06831404566764832,-0.26772862672805786,-0.0820174892977974,0.06345674395561218,-0.2188134789466858,-0.16484426759045334,0.05603817105293274,-0.09212329983711243,-0.2022501756982109,0.05433809757232666,0.008264660835266113,-0.21377597056191178,-0.008798331022262573,-0.25989392399787903,-0.0933344220356247,-0.028316721320152283,-0.23397988080978394,-0.16991622052948685,-0.017192602157592773,-0.11747246980667114,-0.18833575449745865,-0.00036989152431488037,-0.02712365984916687,-0.18358343146603318,-0.07745273411273956,-0.22735756635665894,-0.10875601373474808,-0.09289143979549408,-0.21238800883293152,-0.15587834320824356,-0.08076730370521545,-0.15037107467651367,-0.16402263246338578,-0.061560213565826416,-0.09713232517242432,-0.15991392038624497,1.9700078979927431,1.6882355507085713,1.621391833959055,1.5346028770653692,1.4493581179606416,0.03472326518755044,0.04055405219423235,0.0991839421401136,0.1848565185262585,0.06959250449462302,0.11533307527861118,0.190341047808003,0.06515594609751682,0.15665549203325566,0.09298101274931223,M
0.0,0.0,0.0,0.057928770780563354,-0.007777273654937744,-0.056141887884017194,0.09768712520599365,-0.02383345365524292,-0.10264546526538965,0.11157438158988953,-0.017784535884857178,-0.14761363072263833,0.09720593690872192,-0.01550072431564331,-0.18999555809366342,0.14367151260375977,-0.2505398094654083,-0.06694095684158441,0.15224897861480713,-0.20883479714393616,-0.14097507400381204,0.12993589043617249,-0.12068763375282288,-0.1926435987459385,0.11171174049377441,-0.046675264835357666,-0.21834083003866311,0.07164633274078369,-0.2760329395532608,-0.07180912150013086,0.06146383285522461,-0.23310628533363342,-0.15069952709543344,0.053760021924972534,-0.10767549276351929,-0.18713891608583566,0.05141153931617737,-0.009449899196624756,-0.1984187225805485,-0.006043151021003723,-0.26672546565532684,-0.08438425613510248,-0.027409061789512634,-0.24369871616363525,-0.15636821193563577,-0.018268898129463196,-0.12711596488952637,-0.1709867726074421,-0.00375443696975708,-0.039207398891448975,-0.16436344487535592,-0.07457776367664337,-0.23280549049377441,-0.10122523559200403,-0.09370903670787811,-0.21993005275726318,-0.1439775089727604,-0.08624634146690369,-0.15341252088546753,-0.14665295286047098,-0.07144682109355927,-0.09913283586502075,-0.13875255091058847,1.6284790468178274,1.7263002883181535,1.6465553343287194,1.560737183414653,1.547378147340523,0.034384157896674365,0.04619241642829477,0.10370633304251682,0.1882500540875979,0.07086495684748587,0.11570742050446003,0.19052258512069706,0.06268009036103686,0.15210919055742908,0.09040639836227252,M
0.0,0.0,0.0,0.056441158056259155,-0.003822624683380127,-0.05901647828915202,0.09680119156837463,-0.014268964529037476,-0.10643945731618487,0.11203619837760925,-0.010312080383300781,-0.15163168408372485,0.09872409701347351,-0.010418891906738281,-0.19394837417104327,0.1418338119983673,-0.2437652349472046,-0.06818219371535861,0.15288078784942627,-0.2036460041999817,-0.1412768671701201,0.1313290297985077,-0.11557900905609131,-0.19261951841809832,0.11005756258964539,-0.04277169704437256,-0.21771150924661242,0.07022911310195923,-0.27009908854961395,-0.07017339863278949,0.06266427040100098,-0.22788822650909424,-0.1476037064979323,0.05393669009208679,-0.10279378294944763,-0.18249650396802508,0.04619055986404419,-0.004949629306793213,-0.192339376587654,-0.005496546626091003,-0.2624702602624893,-0.07987418868043505,-0.027634993195533752,-0.23056012392044067,-0.1493802974412688,-0.018965989351272583,-0.11635246872901917,-0.16167168416478717,-0.009366124868392944,-0.0310288667678833,-0.15345014729001605,-0.07271263003349304,-0.23047655820846558,-0.09427735306718432,-0.08695988357067108,-0.203567236661911,-0.1342161903569945,-0.07553122937679291,-0.1288924515247345,-0.13438686825730883,-0.06113705039024353,-0.0705437958240509,-0.12461727954843127,1.107591584818306,1.7275944441008921,1.6612095455487197,1.5875142426180737,1.4985445273241957,0.03428048194293668,0.05281747209794907,0.11003757144833828,0.17079400024678568,0.07422602538933357,0.119999629953503,0.17343265258872725,0.06137321765242016,0.12578477890424586,0.06512801507571805,M
0.0,0.0,0.0,0.05707325041294098,-0.0059302449226379395,-0.058884983268153945,0.09786929190158844,-0.018308579921722412,-0.10870029157079486,0.11208222806453705,-0.013037294149398804,-0.1561433908907297,0.10191099345684052,-0.01825675368309021,-0.20039189731754092,0.14350567758083344,-0.2453063428401947,-0.07763456678069858,0.15325184166431427,-0.20146283507347107,-0.15674653029121188,0.1312374323606491,-0.11069855093955994,-0.20987040674365787,0.11206747591495514,-0.03977873921394348,-0.2360880908934,0.06939254701137543,-0.2706473469734192,-0.08279660468972949,0.0618998259305954,-0.22695916891098022,-0.16675327098048953,0.05387263000011444,-0.09395170211791992,-0.20287831997550754,0.050061002373695374,-5.346536636352539e-05,-0.21330248689330844,-0.008146613836288452,-0.260178804397583,-0.09558484828151492,-0.028485924005508423,-0.2396690547466278,-0.17231295382655887,-0.02030929923057556,-0.1174582839012146,-0.18433455502666263,-0.007708624005317688,-0.03381228446960449,-0.17537663256801395,-0.07595688104629517,-0.22394832968711853,-0.1126088661519411,-0.09323887526988983,-0.20785504579544067,-0.159515568372381,-0.08423760533332825,-0.13497629761695862,-0.16129080331004886,-0.0692063570022583,-0.08170214295387268,-0.15195781862415103,0.012822173452012316,1.7225832005847725,1.6421163303828692,1.5688614590214267,1.5233752791947643,0.023798109107915435,0.054952536619014315,0.11071781731320435,0.18250058917127682,0.07364034317741985,0.11992461254608007,0.18605852380807208,0.06691029516611109,0.1445379173929869,0.07794491458335323,M
0.0,0.0,0.0,0.05475690960884094,0.0043485164642333984,-0.05719965524514414,0.09723931550979614,0.0013710260391235352,-0.10586056686480738,0.11552214622497559,0.007911264896392822,-0.15256319023211695,0.10573077201843262,-0.002333700656890869,-0.1964318511589358,0.1422002613544464,-0.22822394967079163,-0.07604113049348094,0.15660962462425232,-0.18603989481925964,-0.15442531384070612,0.13644331693649292,-0.09749138355255127,-0.2070148942573855,0.11624833941459656,-0.023327946662902832,-0.23180641807158686,0.0668744146823883,-0.25633542239665985,-0.08113890714486338,0.06484794616699219,-0.2114543616771698,-0.16366334832747675,0.058739274740219116,-0.0795045793056488,-0.1997546163900683,0.05384540557861328,0.0190543532371521,-0.2098188904627154,-0.010897934436798096,-0.24996355175971985,-0.09358004308779933,-0.02677355706691742,-0.22256994247436523,-0.16869773543914057,-0.01718299090862274,-0.10097575187683105,-0.18145557321150996,-0.005986437201499939,-0.013936877250671387,-0.17282178081114985,-0.07905392348766327,-0.21746626496315002,-0.11003757841428019,-0.09140846133232117,-0.1973414421081543,-0.15513280607302882,-0.08212631940841675,-0.12348425388336182,-0.15599378026564814,-0.06972765922546387,-0.06702712178230286,-0.14586078203757502,-0.4113933090986624,1.696784459002275,1.6180722322515166,1.5499902526173828,1.5088819609371367,0.023481430733534956,0.05612076353693717,0.11231815767255372,0.1870050796943202,0.07543464387240323,0.12259499500017267,0.19104106882103583,0.068324744416389,0.15059987611747128,0.08295491214832723,M
0.0,0.0,0.0,0.06304509937763214,0.0025457143783569336,-0.07537115084555523,0.10456307232379913,-0.01166069507598877,-0.1337128626051225,0.11725719273090363,-0.003371715545654297,-0.18707097041037457,0.10162194073200226,-0.006640136241912842,-0.23722093271639721,0.15517233312129974,-0.23604720830917358,-0.09618219452526944,0.16444392502307892,-0.20638540387153625,-0.18130833374884503,0.14113669097423553,-0.11306032538414001,-0.23852758573916333,0.12166394293308258,-0.036765605211257935,-0.2672996865453996,0.0836515873670578,-0.2654845863580704,-0.0944866211953439,0.07475076615810394,-0.22759601473808289,-0.18461403715041058,0.06402961909770966,-0.10042479634284973,-0.22466898428824322,0.059432581067085266,-0.004558384418487549,-0.23790213930037396,0.0057677775621414185,-0.259291872382164,-0.10201264637139218,-0.013664767146110535,-0.23612049221992493,-0.18334565030959027,-0.007918238639831543,-0.11946800351142883,-0.20031078624155896,0.004314258694648743,-0.03267091512680054,-0.1947225676718034,-0.06292125582695007,-0.22768911719322205,-0.11524741070893185,-0.0785818099975586,-0.21101093292236328,-0.1650490509214677,-0.06896735727787018,-0.14042264223098755,-0.1722691552582063,-0.05285428464412689,-0.08268290758132935,-0.16759378182318585,2.100722297239463,1.7373839398391082,1.6633505088791016,1.5772101155020781,1.5014831270732125,0.0361832244673009,0.04224068843650704,0.10072927296886743,0.17217841699654296,0.07007173089692423,0.11742110064953352,0.18045778014160332,0.0618736118549554,0.1367910133403112,0.07595684127680215,M
0.0,0.0,0.0,0.05855664610862732,-0.002051115036010742,-0.06423576480633386,0.09805437922477722,-0.01162731647491455,-0.11622296578175195,0.1148105263710022,0.0013338327407836914,-0.1653883487630523,0.11250799894332886,0.0019185543060302734,-0.21201299435383447,0.15151679515838623,-0.234056293964386,-0.08106673068291315,0.1610519289970398,-0.19680255651474,-0.15928939289337762,0.13785412907600403,-0.10513889789581299,-0.2121122062850631,0.120604008436203,-0.0317726731300354,-0.23881501263863214,0.077940434217453,-0.25992363691329956,-0.08414613014942773,0.0739595890045166,-0.2238367199897766,-0.1690277040649093,0.063985675573349,-0.09383818507194519,-0.20768125659710535,0.06121546030044556,0.003082096576690674,-0.22054177827126153,-0.0011693388223648071,-0.2517266869544983,-0.09551637924200662,-0.016609519720077515,-0.23765724897384644,-0.17349216646439203,-0.011190623044967651,-0.11892268061637878,-0.19004115766770013,0.0005305260419845581,-0.03112924098968506,-0.18455297059303888,-0.07186703383922577,-0.21919891238212585,-0.11143265969044336,-0.08931510150432587,-0.2179836630821228,-0.15984186834580072,-0.0817139744758606,-0.15600186586380005,-0.16655540770775445,-0.06717327237129211,-0.10403287410736084,-0.16164446181542047,0.7529893200136921,1.7224421253054545,1.6343024851155856,1.5630907470086979,1.5300623985881927,0.03465031278152353,0.05130573409519924,0.11675234991758753,0.20859305943409617,0.06886112561512547,0.12007520634666394,0.20120100355798512,0.069664028479799,0.1672043169948077,0.09949243208074812,M
0.0,0.0,0.0,0.06082114577293396,0.002918422222137451,-0.06499434308256014,0.10323455929756165,-0.004637658596038818,-0.11826772288526399,0.11771315336227417,0.003887951374053955,-0.16858334140027864,0.1016889214515686,0.005331516265869141,-0.21633075968469484,0.15270522236824036,-0.23589956760406494,-0.08260929630245073,0.16527137160301208,-0.1937575340270996,-0.162242554585589,0.14250624179840088,-0.10499423742294312,-0.21695315138543947,0.12142699956893921,-0.03192639350891113,-0.24456911579812868,0.07938811182975769,-0.26189297437667847,-0.0854424242779146,0.07722127437591553,-0.22130519151687622,-0.17097026900495393,0.06721949577331543,-0.09099149703979492,-0.20967835978711946,0.05946722626686096,0.010165631771087646,-0.22177963749612672,0.001195862889289856,-0.2540725767612457,-0.09634968684162004,-0.01557895541191101,-0.23097407817840576,-0.17406117216791017,-0.0074643343687057495,-0.11137360334396362,-0.18949601844991548,0.0030230581760406494,-0.021448910236358643,-0.18262607650007112,-0.06839366257190704,-0.22118300199508667,-0.11208409116710527,-0.08101506531238556,-0.20161515474319458,-0.15911295310701234,-0.06917199492454529,-0.12828922271728516,-0.16296125249112947,-0.05372539162635803,-0.0685042142868042,-0.1555335749789606,1.7246133510431059,1.722955843121341,1.6438886560598103,1.5629417617881922,1.4750175339135558,0.042163296462125584,0.042497531892901244,0.10223572672772664,0.172061976670416,0.07490495377354547,0.11886661008500063,0.17893098422098422,0.064694848155053,0.13784597717848962,0.07371965948276783,M
0.0,0.0,0.0,0.061790451407432556,-0.001122593879699707,-0.0647002737478175,0.10441441833972931,-0.015513718128204346,-0.11759454565800809,0.12197472155094147,-0.00738149881362915,-0.1676084901646533,0.11603300273418427,-0.010204434394836426,-0.21583946603097104,0.15879912674427032,-0.24603837728500366,-0.08168910252608441,0.1644478291273117,-0.20458632707595825,-0.16105849104680203,0.14412273466587067,-0.11349311470985413,-0.21767390328206204,0.1277133971452713,-0.04144173860549927,-0.24729866343297147,0.08786572515964508,-0.2765499949455261,-0.08388621168889188,0.0774746686220169,-0.22612708806991577,-0.1670489813641467,0.06827007234096527,-0.09839266538619995,-0.20726141887463712,0.06215249001979828,-0.002799689769744873,-0.22234334605492734,0.00889529287815094,-0.26996296644210815,-0.09416276025332593,-0.00779096782207489,-0.24659797549247742,-0.16971377092160367,-0.0041772425174713135,-0.13081681728363037,-0.18731737690724515,0.0015330314636230469,-0.0434299111366272,-0.18385434704579495,-0.06347081065177917,-0.23529767990112305,-0.10926084029235028,-0.07784402370452881,-0.2157387137413025,-0.15845208423890256,-0.068537637591362,-0.1425086259841919,-0.16639441805638455,-0.055559515953063965,-0.08273518085479736,-0.16232464271344327,0.4286307129807105,1.721579776620965,1.6644510622741984,1.603284614037616,1.5189866431061791,0.03334967448039108,0.05438694598272578,0.11922321806459774,0.18629197956829158,0.07610151431699455,0.12619602812120517,0.18786726444047155,0.07297625397323233,0.14228773343181647,0.06931423517680015,M
0.0,0.0,0.0,0.05982239544391632,-0.0009311437606811523,-0.072816044384453,0.10078008472919464,-0.01601576805114746,-0.13275239645859926,0.11674551665782928,-0.0034442543983459473,-0.18892803072354525,0.11199070513248444,0.0008080005645751953,-0.24276731192490786,0.15242372453212738,-0.23461565375328064,-0.09782531141659945,0.16530101001262665,-0.20386719703674316,-0.18723631679436892,0.14359797537326813,-0.11030995845794678,-0.24805288791081637,0.125186488032341,-0.03298574686050415,-0.27938959776780337,0.07991762459278107,-0.2633955776691437,-0.09956462710520952,0.07666583359241486,-0.22719547152519226,-0.1953961479606363,0.06541185081005096,-0.09584519267082214,-0.23938658117673128,0.059147581458091736,0.0031887292861938477,-0.2546501535119745,0.002798035740852356,-0.25534701347351074,-0.11026164918563097,-0.009468480944633484,-0.2361549735069275,-0.19631690561196535,-0.004124164581298828,-0.11822426319122314,-0.2168512421788904,0.004861101508140564,-0.0303725004196167,-0.21337913751027315,-0.06646466255187988,-0.21962609887123108,-0.12612383841893404,-0.07610593736171722,-0.19450116157531738,-0.18161378085038393,-0.06323234736919403,-0.11730700731277466,-0.1922645050229761,-0.046172916889190674,-0.05575552582740784,-0.18944541394135683,0.9830087798210653,1.705068827218618,1.6485509756579992,1.5616263638846508,1.4475955855840696,0.03627872725675756,0.05289672569179592,0.11157497754574824,0.16797369987266422,0.07529760889968848,0.12035376063571528,0.17286557924949403,0.06382302127541935,0.12069313395142772,0.056997973759000536,M
0.0,0.0,0.0,0.062794029712677,-0.008250534534454346,-0.06306617422599814,0.10687008500099182,-0.02711176872253418,-0.11426116986770651,0.12236082553863525,-0.023406177759170532,-0.16278976662654898,0.11034587025642395,-0.02329513430595398,-0.2084128008653643,0.15384280681610107,-0.2561003565788269,-0.07552201761503241,0.15815502405166626,-0.21160492300987244,-0.15336665971775076,0.1348879337310791,-0.11920613050460815,-0.2089497493078234,0.11848461627960205,-0.048728734254837036,-0.23851120932598135,0.08190998435020447,-0.2830783426761627,-0.07806043042440436,0.07220855355262756,-0.23913145065307617,-0.16212109191913626,0.06145462393760681,-0.10825961828231812,-0.20042673213977835,0.055104345083236694,-0.010532259941101074,-0.21293429000873587,0.004509687423706055,-0.2750002592802048,-0.08875531418819449,-0.011961877346038818,-0.2558703124523163,-0.16456599994201682,-0.006240949034690857,-0.13574004173278809,-0.1775379375984194,0.0027894973754882812,-0.045855939388275146,-0.16968153877754233,-0.06411640346050262,-0.23852050304412842,-0.10445521487493536,-0.07764247059822083,-0.21521735191345215,-0.15186834795970938,-0.06425134837627411,-0.1391337513923645,-0.15633835359115622,-0.04659995436668396,-0.07949215173721313,-0.14926040633220694,0.8321043719926008,1.7396786270455413,1.6688337106071616,1.578303201659553,1.46109185002499,0.026704066978451457,0.05669671124071396,0.10989705761877959,0.16670361914126697,0.07400019883030526,0.11573078021244983,0.16792648189211717,0.06312373262388415,0.1228789290445299,0.05975544096210159,M
0.0,0.0,0.0,0.0572471022605896,-0.0028398633003234863,-0.060254633143435044,0.0985964834690094,-0.009014636278152466,-0.11107144476462416,0.11680740118026733,0.004225730895996094,-0.1601165083198648,0.1105513870716095,-0.0023932456970214844,-0.20668370993424467,0.1520845890045166,-0.23457390069961548,-0.07851935894776396,0.15846562385559082,-0.19413617253303528,-0.15639682085801176,0.13627439737319946,-0.1031222939491272,-0.21106985183049254,0.11946249008178711,-0.03293830156326294,-0.23971219332505278,0.07893961668014526,-0.2628501355648041,-0.083507179930697,0.073428213596344,-0.22926262021064758,-0.16712447972584776,0.062234699726104736,-0.10018324851989746,-0.20588891179848723,0.056185394525527954,-0.0011610984802246094,-0.21916669578839354,0.0005392879247665405,-0.2573640048503876,-0.09598316968966536,-0.013445571064949036,-0.24290648102760315,-0.1715191599874597,-0.008340701460838318,-0.12144866585731506,-0.18536791177083067,0.0013099908828735352,-0.02767673134803772,-0.17856539757538847,-0.0702989399433136,-0.222143292427063,-0.1130649221091371,-0.08362533152103424,-0.20452222228050232,-0.16068911524106078,-0.0704149454832077,-0.13191571831703186,-0.1656438109426599,-0.05185733735561371,-0.07131320238113403,-0.1593394872694116,0.5058049629751974,1.7311938841208256,1.6575295594692812,1.5674408946286995,1.449132793320406,0.03181836254004609,0.054379953404581495,0.11212910990429524,0.1764271923469216,0.07080806068391235,0.11826959536617608,0.17556513402712465,0.0609457850168894,0.12881983385358117,0.06878158471743216,M
0.0,0.0,0.0,0.05965963006019592,-0.00402909517288208,-0.05978099397937342,0.10493531823158264,-0.01516956090927124,-0.1097283936254172,0.12309077382087708,-0.006465137004852295,-0.15874983138958498,0.11158692836761475,-0.0064424872398376465,-0.20557601518551394,0.15460872650146484,-0.2445811927318573,-0.07479576535145327,0.16325625777244568,-0.20523521304130554,-0.15337764985481783,0.13830500841140747,-0.10965242981910706,-0.20829660959164187,0.12054410576820374,-0.033720463514328,-0.23653410143772646,0.08177697658538818,-0.2727941870689392,-0.08077454335609957,0.07714089751243591,-0.23594114184379578,-0.16528653867165133,0.06395354866981506,-0.10209792852401733,-0.20488708980003878,0.058973848819732666,0.00048464536666870117,-0.2182389474622397,0.002516031265258789,-0.26559415459632874,-0.09465292609850451,-0.009867653250694275,-0.2525446116924286,-0.17115698523441836,-0.005766242742538452,-0.12691909074783325,-0.18629425532738253,0.004001691937446594,-0.029402315616607666,-0.17939023442188784,-0.07054880261421204,-0.2318468987941742,-0.11313453085342928,-0.08301599323749542,-0.22655925154685974,-0.15991203255573794,-0.07039619982242584,-0.16198042035102844,-0.1655738479606299,-0.05209256708621979,-0.10500317811965942,-0.1597125507108359,0.9195448206079935,1.7309628561198473,1.6540461851378494,1.5645063504529595,1.4263065752006117,0.028710956386321946,0.05306713960314698,0.1100078943386606,0.19106330631162444,0.07043355744431477,0.11662238474137819,0.186774318940668,0.06257130707526058,0.1531777713836989,0.09413849534924336,M
0.0,0.0,0.0,0.06227104365825653,0.0008051395416259766,-0.06457343406326999,0.10637147724628448,-0.011619329452514648,-0.11659799970038165,0.1244484931230545,0.0018500685691833496,-0.1660140500152849,0.1172679215669632,4.8279762268066406e-05,-0.21279907680399646,0.16011680662631989,-0.22957083582878113,-0.08040696091301669,0.16760851442813873,-0.19752633571624756,-0.1594791755760454,0.1439412385225296,-0.10375458002090454,-0.21428381360419024,0.1282334178686142,-0.03141108155250549,-0.2429285243833803,0.08842815458774567,-0.2566915601491928,-0.08331255323536624,0.08202986419200897,-0.22362348437309265,-0.16767254925616015,0.07213084399700165,-0.08964723348617554,-0.205922131308391,0.0682494193315506,0.0069234371185302734,-0.21905817545302142,0.010331615805625916,-0.25042563676834106,-0.09443891502268542,-0.0030743181705474854,-0.24020367860794067,-0.17217143333800067,0.002243727445602417,-0.1151852011680603,-0.18543550825960864,0.011168405413627625,-0.024018198251724243,-0.17820470488913287,-0.06094597280025482,-0.21665316820144653,-0.11035467393048037,-0.07126882672309875,-0.20216956734657288,-0.15937823511011828,-0.05750128626823425,-0.1243152916431427,-0.16345285333044757,-0.04082648456096649,-0.06117081642150879,-0.15645952976591815,0.8195615663030081,1.730326463864948,1.647193581046277,1.5671003978831557,1.4421109415209274,0.033315664836154675,0.04949829643610491,0.10879477327505165,0.1695335335162377,0.07118718566030292,0.11729821765306211,0.17165923345096445,0.06492785957725622,0.12858608079860256,0.06390450391279125,M
0.0,0.0,0.0,0.06303098797798157,-0.009562134742736816,-0.06151251382553369,0.1057504415512085,-0.027756601572036743,-0.11295427642190248,0.12207883596420288,-0.015470325946807861,-0.16294626406752855,0.11622276902198792,-0.00690382719039917,-0.21120891980254441,0.15707391500473022,-0.24549710750579834,-0.07462310306155473,0.16347873210906982,-0.21324828267097473,-0.15392198673808366,0.14100590348243713,-0.11941444873809814,-0.2102989952954033,0.1229839026927948,-0.044509708881378174,-0.24002339951121598,0.0852004885673523,-0.27488909661769867,-0.07916485778414994,0.07856068015098572,-0.239731103181839,-0.16332987956130296,0.06561052799224854,-0.10771489143371582,-0.20444917193972856,0.057698965072631836,-0.011970698833465576,-0.2198791157397011,0.006398603320121765,-0.2673827111721039,-0.09207092485749513,-0.00502854585647583,-0.2606770694255829,-0.16989771536910325,-0.0030382871627807617,-0.1398628056049347,-0.1888526331576088,0.002431318163871765,-0.050823599100112915,-0.1855676721724251,-0.06591017544269562,-0.2311970591545105,-0.10945064834677964,-0.07790735363960266,-0.2201712727546692,-0.16078002266013414,-0.06712743639945984,-0.14706507325172424,-0.17060078195655137,-0.0524553507566452,-0.08799222111701965,-0.16782007626616746,1.105387809309786,1.7388100237730388,1.6750183046821001,1.58911391864526,1.4771162377762785,0.03820883754146975,0.05874273416304332,0.12197311446788732,0.1871567143376205,0.07294456974283094,0.12071781494997898,0.18074750488241756,0.06755783192170559,0.1338403718842899,0.06628765260458487,M
0.0,0.0,0.0,0.05982869863510132,-0.007470130920410156,-0.05898702270958611,0.10364717245101929,-0.02203267812728882,-0.10759873442027756,0.12451517581939697,-0.011204540729522705,-0.15483884267184922,0.11795663833618164,-0.01703125238418579,-0.19952517501685807,0.1593218743801117,-0.24333474040031433,-0.06976789734933564,0.16279834508895874,-0.20675814151763916,-0.1462060337481279,0.1419675648212433,-0.11396023631095886,-0.20119307689044663,0.1277717649936676,-0.0425378680229187,-0.23009441546771714,0.08773499727249146,-0.2717363238334656,-0.074516137462594,0.07811036705970764,-0.23822557926177979,-0.15667468063209244,0.06658026576042175,-0.10662233829498291,-0.19565389804218003,0.06122282147407532,-0.011144876480102539,-0.20897677294585892,0.0093613862991333,-0.26670417189598083,-0.08721631519172379,-0.0057776570320129395,-0.25851529836654663,-0.16136616222236344,-0.002397686243057251,-0.13534855842590332,-0.17444856218669602,0.0052484869956970215,-0.04498925805091858,-0.16664935402248093,-0.06218993663787842,-0.23416587710380554,-0.10458024345014283,-0.07646296918392181,-0.2327287495136261,-0.1501616810974855,-0.06610308587551117,-0.16364207863807678,-0.15361270062301347,-0.05073627829551697,-0.10625797510147095,-0.14590368918750474,0.33624596936579015,1.7266466192781247,1.6721859412583355,1.5893445947323783,1.481488388413549,0.027329913147402168,0.05703836776264896,0.11612397452486135,0.19083686270890252,0.07358180346784939,0.12254779869274421,0.1895398996650456,0.06541076581273424,0.14690589351886355,0.08299487715355065,M
0.0,0.0,0.0,0.05943991243839264,-0.001757800579071045,-0.06294618752453474,0.1050286740064621,-0.008668720722198486,-0.11678304728720335,0.12088604271411896,0.0027937889099121094,-0.16876290944073347,0.10427181422710419,0.007641494274139404,-0.21841460671875623,0.1531956046819687,-0.2401028275489807,-0.0806198140666261,0.16013620793819427,-0.19226384162902832,-0.16119282153103498,0.137907013297081,-0.09806674718856812,-0.21691684630367902,0.12034378945827484,-0.022627055644989014,-0.24544921722862867,0.07899735867977142,-0.2722632586956024,-0.08492125776264814,0.07353238761425018,-0.22157996892929077,-0.17129346933815626,0.06403140723705292,-0.09051758050918579,-0.20979580488655714,0.05723400413990021,0.010038971900939941,-0.2216931453034654,0.00011157989501953125,-0.26794561743736267,-0.09713530000898984,-0.012389764189720154,-0.23338305950164795,-0.17457920518372205,-0.005366012454032898,-0.10878589749336243,-0.18812714722607282,0.0035026520490646362,-0.016426056623458862,-0.17987394538376478,-0.07167105376720428,-0.23420047760009766,-0.11428342965099958,-0.07777655124664307,-0.19982650876045227,-0.1614838859126344,-0.06344923377037048,-0.12097105383872986,-0.16514712777588514,-0.04652932286262512,-0.05951467156410217,-0.15719987657520917,1.6171670964588645,1.7207224510375585,1.6477365361032916,1.557314803940452,1.427852501244384,0.034270884173568265,0.047098869166582735,0.1036034316626265,0.16507856783255886,0.0710627494441548,0.11700557157649784,0.17090152668674352,0.059895374882427965,0.12491812258393574,0.06602898796034196,M
0.0,0.0,0.0,0.06299343705177307,-0.008008420467376709,-0.06063557439611955,0.10664570331573486,-0.01956164836883545,-0.11143093207047983,0.12441396713256836,-0.004073739051818848,-0.16028923937247797,0.11215171217918396,-0.0008919835090637207,-0.20679929503367944,0.15666645765304565,-0.2497246265411377,-0.07570078619884058,0.1589144766330719,-0.1997145414352417,-0.1530596131937365,0.13707217574119568,-0.10765928030014038,-0.2088712120907168,0.12105700373649597,-0.036305516958236694,-0.23838054784701868,0.0834205150604248,-0.2766111195087433,-0.07925095805095239,0.0713057816028595,-0.2264890968799591,-0.16117807873652978,0.05952152609825134,-0.09854769706726074,-0.19881988712714715,0.053817570209503174,-0.0012334585189819336,-0.21177729615138574,0.004892855882644653,-0.2687252461910248,-0.09048179187940164,-0.01143018901348114,-0.23964175581932068,-0.1641018951790194,-0.007263481616973877,-0.11868903040885925,-0.1763108784811358,0.0020320266485214233,-0.024827122688293457,-0.1684046352760653,-0.0641721785068512,-0.23117220401763916,-0.10673728981183572,-0.07783333957195282,-0.20587804913520813,-0.15229010232852502,-0.06555598974227905,-0.1313890814781189,-0.15573201724456354,-0.0475245863199234,-0.0692148208618164,-0.14812612184451623,1.2840089738688636,1.736125544868079,1.6778845238196103,1.582525396304419,1.4683661121084166,0.0365160590573028,0.05833514142025604,0.11269088707123175,0.17367938969925803,0.07583660530507272,0.1195771663228776,0.17176371790738812,0.05690697242729218,0.12203154639691555,0.06652913375392773,M
0.0,0.0,0.0,0.05925960838794708,0.0009750127792358398,-0.06960244963520523,0.10078121721744537,-0.006735801696777344,-0.12773217747562882,0.11756150424480438,0.008264362812042236,-0.1827280570065355,0.10852311551570892,0.005823373794555664,-0.23561580965870377,0.1577848345041275,-0.23315700888633728,-0.09427237997406479,0.1625196486711502,-0.19149857759475708,-0.1795587886368608,0.13972677290439606,-0.09637850522994995,-0.2398092497383928,0.12225358188152313,-0.024475574493408203,-0.2725006241595125,0.0838165134191513,-0.2601785957813263,-0.09797073642366882,0.07647402584552765,-0.22359001636505127,-0.18927993367069718,0.06421561539173126,-0.08560013771057129,-0.23264159748905655,0.05831362307071686,0.013630807399749756,-0.2494934547936296,0.004100799560546875,-0.25211775302886963,-0.10967916736954209,-0.010110065340995789,-0.24065202474594116,-0.19279340396278855,-0.007078811526298523,-0.11165374517440796,-0.20879979918354508,0.0006887763738632202,-0.0161057710647583,-0.20320174584740158,-0.06769704818725586,-0.2152174413204193,-0.12656099090927597,-0.08221684396266937,-0.2029396891593933,-0.17966360340469834,-0.0710696280002594,-0.1290404498577118,-0.18649037669056412,-0.05488575994968414,-0.06947630643844604,-0.18174507210606095,1.0183808179968943,1.7394445331398798,1.6636694113606598,1.5852523110995165,1.4831172923120792,0.033264875980220696,0.0508128837115473,0.1100415016819535,0.1799236016315165,0.07443396183003294,0.12185259762331463,0.18276600422393233,0.06484510047499138,0.1404310958680957,0.07705156152636583,M
0.0,0.0,0.0,0.06096908450126648,-0.006470382213592529,-0.0576628842531548,0.10540464520454407,-0.01819741725921631,-0.10899357359398465,0.11784029006958008,0.0005105733871459961,-0.16006649892319302,0.10405296087265015,0.013952970504760742,-0.20942357044209103,0.1534104347229004,-0.23803603649139404,-0.0764769748925076,0.1586678922176361,-0.1899854838848114,-0.15455494682777982,0.1331358551979065,-0.09141534566879272,-0.20884735743988614,0.1167299747467041,-0.016053736209869385,-0.237730427193533,0.07972979545593262,-0.2665060758590698,-0.08410584043253522,0.07348686456680298,-0.21847715973854065,-0.1692220852850781,0.05954304337501526,-0.07897794246673584,-0.20778865973938565,0.053579092025756836,0.025101840496063232,-0.22084167461384396,-0.0002804696559906006,-0.25910988450050354,-0.09913221608389478,-0.013992205262184143,-0.239467054605484,-0.17594648759354214,-0.009770900011062622,-0.10860395431518555,-0.18902008097160916,0.0008020997047424316,-0.009530484676361084,-0.1810890273331509,-0.07433970272541046,-0.22395461797714233,-0.1186418519495831,-0.08645670115947723,-0.20867717266082764,-0.16601210694302182,-0.0723213404417038,-0.13859909772872925,-0.1706699566124783,-0.0524255633354187,-0.07970696687698364,-0.1643884466170178,1.6128141333517487,1.7345570348038737,1.6602347004494544,1.56645877901564,1.4200289139902937,0.03257467004623048,0.051690509171958755,0.10588773771857773,0.18236697181421713,0.07537781823874143,0.11611126139317451,0.1807355245606501,0.06312534249650412,0.1490700273737214,0.08807907110529282,M
0.0,0.0,0.0,0.0642872303724289,0.0018886923789978027,-0.07183355532337998,0.10791759192943573,-0.008795619010925293,-0.1286763518278775,0.12576372921466827,0.008064866065979004,-0.18201499871661042,0.11664359271526337,0.011675834655761719,-0.2331496595566449,0.16277815401554108,-0.23101234436035156,-0.09063907406975602,0.16841165721416473,-0.19443807005882263,-0.17422148279597138,0.1454586535692215,-0.10073962807655334,-0.23300140790392732,0.12831060588359833,-0.025763392448425293,-0.2642632841293988,0.09069661796092987,-0.2596919536590576,-0.09159299425532197,0.08273734152317047,-0.2228856384754181,-0.18101152471949433,0.06901414692401886,-0.09190601110458374,-0.22429732672621583,0.0632568746805191,0.005814254283905029,-0.24095460466791963,0.0119161456823349,-0.25311779975891113,-0.10120787165810441,-0.0024881511926651,-0.2367296814918518,-0.18307943336417054,-0.001288190484046936,-0.11351469159126282,-0.20202049307276582,0.00667726993560791,-0.018520832061767578,-0.1982215463345227,-0.05920858681201935,-0.21941149234771729,-0.11625165186573838,-0.07546961307525635,-0.2079876959323883,-0.16914093188692902,-0.06458654999732971,-0.14065438508987427,-0.17944371394564484,-0.04635399580001831,-0.08242857456207275,-0.17706647209574555,1.1678655898737713,1.737174375237954,1.6737794942012605,1.5931240030594707,1.4772295055000475,0.0392149833919255,0.053707539386728786,0.11403697131425805,0.18821225702922414,0.07231276316525552,0.12184877141272735,0.18362643041041038,0.061590974180814176,0.1407172333804274,0.08304525692059671,M
0.0,0.0,0.0,0.058504581451416016,-0.00654226541519165,-0.07132549007371125,0.09976491332054138,-0.023445546627044678,-0.12931285222008881,0.11723670363426208,-0.014578938484191895,-0.1837395222945517,0.11189725995063782,-0.020476222038269043,-0.2364562245173758,0.1514981985092163,-0.255565345287323,-0.09323023428157029,0.15522783994674683,-0.21501532196998596,-0.1789347024722403,0.13590934872627258,-0.12214463949203491,-0.2403380366130179,0.12017509341239929,-0.05127263069152832,-0.27351268549397645,0.07737922668457031,-0.2815735638141632,-0.09551929105952439,0.06780144572257996,-0.2446412742137909,-0.18662905116513429,0.058568716049194336,-0.11093059182167053,-0.23214086313679871,0.05415236949920654,-0.015016794204711914,-0.250248187975437,-0.0024144500494003296,-0.26987820863723755,-0.1060829626484221,-0.017246365547180176,-0.26015254855155945,-0.18884774465993104,-0.013171643018722534,-0.13577580451965332,-0.2095150442881888,-0.005734056234359741,-0.04526782035827637,-0.2071663679642981,-0.07350440323352814,-0.22969412803649902,-0.12180900742247758,-0.09193180501461029,-0.22072118520736694,-0.17660891433194337,-0.08269353210926056,-0.15082398056983948,-0.18812305648759065,-0.0680273026227951,-0.09637337923049927,-0.1865035833878821,0.24002618598121972,1.7229361508590573,1.657713413999712,1.5855746482291349,1.5297372833516554,0.03188951728639367,0.05800239413608387,0.12021543118366901,0.19527730714833016,0.07532254478093821,0.12605225786120727,0.1935309261905281,0.06709328260329488,0.14678816780278306,0.08057435505948872,M
0.0,0.0,0.0,0.057524219155311584,-0.011128365993499756,-0.06070396354310503,0.09982065856456757,-0.028638243675231934,-0.10962738519422999,0.12023545801639557,-0.026333987712860107,-0.1567978305172204,0.10963363945484161,-0.03483724594116211,-0.20137691920511713,0.14283011853694916,-0.2593807578086853,-0.07274403845779887,0.14984042942523956,-0.22480455040931702,-0.14850183253996363,0.1304669827222824,-0.1326501965522766,-0.20165762727968684,0.11571384966373444,-0.06201598048210144,-0.22880013709776392,0.06951640546321869,-0.282859742641449,-0.07628570919744959,0.06285522878170013,-0.24736317992210388,-0.15839206104986658,0.05463774502277374,-0.11683040857315063,-0.1958096963714837,0.051068589091300964,-0.018585920333862305,-0.20734057253115168,-0.00790567696094513,-0.27122756838798523,-0.08787530338280192,-0.021847650408744812,-0.26362159848213196,-0.16129704242460718,-0.015653103590011597,-0.14398089051246643,-0.17497209137194147,-0.005232766270637512,-0.05278715491294861,-0.1674494189571618,-0.0773594081401825,-0.23251602053642273,-0.10429156994335642,-0.09294457733631134,-0.23043763637542725,-0.15022799795382014,-0.08208678662776947,-0.16653990745544434,-0.1557822865795373,-0.06567925214767456,-0.11173862218856812,-0.1495119077514886,-0.5634131518703703,1.7073331306310346,1.6404889627518073,1.558560599638856,1.4743880054688638,0.027850539805023045,0.06077804462203873,0.1162604420961223,0.1914378009453219,0.0778792644993357,0.12129820743672316,0.1880845514204552,0.06587539041497187,0.14935690240759797,0.08443372044883062,M
0.0,0.0,0.0,0.06310109794139862,-0.014735162258148193,-0.05646546171466582,0.10645504295825958,-0.029523789882659912,-0.10766372443596595,0.11978740990161896,-0.009056329727172852,-0.15883056433359855,0.10249553620815277,0.008680343627929688,-0.20845315964380973,0.14465992152690887,-0.2528701722621918,-0.07535410286347144,0.14700503647327423,-0.20651745796203613,-0.15411391468207114,0.12755660712718964,-0.1051517128944397,-0.21059630425135367,0.11461110413074493,-0.030221879482269287,-0.24124985547224753,0.0682772845029831,-0.2731126546859741,-0.08379625142971747,0.061058685183525085,-0.23734724521636963,-0.16808119030157798,0.054403528571128845,-0.0988849401473999,-0.20646002502600425,0.05245979130268097,0.0020788908004760742,-0.21986491592089408,-0.01147712767124176,-0.25784048438072205,-0.09953628839413398,-0.026546910405158997,-0.2512848377227783,-0.17522728057066672,-0.017726391553878784,-0.12266358733177185,-0.1873205265537905,-0.005155131220817566,-0.02639123797416687,-0.17910192520777457,-0.08137212693691254,-0.213627427816391,-0.11992806555191748,-0.09724415838718414,-0.20234355330467224,-0.16649451465765708,-0.08236642181873322,-0.1297565996646881,-0.16974389166990989,-0.06298871338367462,-0.07030588388442993,-0.16260858984152549,1.6740684117643054,1.704946669473029,1.628211276396503,1.5434882885453751,1.4432259727487724,0.04074518313865632,0.050469346614341486,0.11321961859136999,0.18336810245951846,0.07004373952831583,0.11982747992280175,0.18206708266479024,0.06426529024157202,0.1362641289573308,0.07261693570519016,M
0.0,0.0,0.0,0.0628398060798645,-0.01123964786529541,-0.06037016814845586,0.1063356101512909,-0.02595922350883484,-0.11330848416584516,0.12367680668830872,-0.012927770614624023,-0.16558436533707166,0.11082908511161804,-0.0035037994384765625,-0.21596292635696912,0.14737266302108765,-0.2606619596481323,-0.08154640576141858,0.15393933653831482,-0.21029767394065857,-0.16248860439556623,0.13391926884651184,-0.11131447553634644,-0.21946218094128156,0.11990100145339966,-0.03569495677947998,-0.2500227489163258,0.07120230793952942,-0.2843301594257355,-0.08893061658638501,0.06655526161193848,-0.24090173840522766,-0.17678118726509595,0.05843472480773926,-0.10484379529953003,-0.21688518902557874,0.05535230040550232,-0.0012036561965942383,-0.23077094039219403,-0.009446904063224792,-0.26938876509666443,-0.10388635328310514,-0.022509589791297913,-0.2549108564853668,-0.18299169322746778,-0.014371737837791443,-0.12621816992759705,-0.19867416700619245,-0.0014509260654449463,-0.02637726068496704,-0.19222981712120557,-0.08099900186061859,-0.22480645775794983,-0.12360091736811185,-0.09525106847286224,-0.20743265748023987,-0.1733296760012486,-0.08039282262325287,-0.13892245292663574,-0.1808311738659718,-0.060499563813209534,-0.08068859577178955,-0.1763382949520924,1.3732984232753291,1.692308898784083,1.6267200233992085,1.5379044920422602,1.4295033534067214,0.03344503366817744,0.05552444777088641,0.11458619523885105,0.18791221016054765,0.07318595919211415,0.1217091195147209,0.1859268444799793,0.062131448562275995,0.14049736674480165,0.08022756844613856,M
0.0,0.0,0.0,0.06538785994052887,-0.004328280687332153,-0.06521416137052682,0.1107623428106308,-0.014369338750839233,-0.11951195130182413,0.12349171936511993,0.006439566612243652,-0.17181876728368906,0.1055334061384201,0.020765364170074463,-0.22255973944498209,0.15401075780391693,-0.2438696324825287,-0.08407289216352609,0.15635131299495697,-0.19475504755973816,-0.16343906948400644,0.13425855338573456,-0.09389936923980713,-0.21864216456247476,0.12233962118625641,-0.015623867511749268,-0.24812670478655008,0.0787108987569809,-0.2680184543132782,-0.08897975513769296,0.0707608312368393,-0.22615760564804077,-0.1769291205151191,0.061424896121025085,-0.08401885628700256,-0.21690261790586618,0.0604240745306015,0.023085594177246094,-0.2300742907269111,-0.003235265612602234,-0.25665704905986786,-0.10169689783884195,-0.019363895058631897,-0.23751187324523926,-0.18232745358778146,-0.013302162289619446,-0.10276779532432556,-0.1970624966366401,-0.0008589476346969604,-0.002365201711654663,-0.18904203603101877,-0.07761146128177643,-0.21813958883285522,-0.1193439332587829,-0.09572272002696991,-0.20713207125663757,-0.16868710944486764,-0.08321230113506317,-0.1422904133796692,-0.1743649734003654,-0.06438310444355011,-0.0883021354675293,-0.16837178597284463,1.7185373365754337,1.7086748423091485,1.633532748949539,1.561451753483738,1.4692626950492005,0.040082727534781905,0.04516896351910593,0.10887771130673674,0.20190923714766368,0.07302025295711033,0.1239099656134638,0.2003684279013941,0.06635775626926328,0.16728436340227226,0.10686662286063572,M
0.0,0.0,0.0,0.06356966495513916,-0.006963849067687988,-0.06310625837156358,0.10989397764205933,-0.020475685596466064,-0.11509628311702791,0.12719523906707764,-0.013562917709350586,-0.1648317100197989,0.111422598361969,-0.014526844024658203,-0.21157806829521242,0.15595632791519165,-0.25709331035614014,-0.07794964776346269,0.16065603494644165,-0.20768648386001587,-0.15800246314117494,0.13850221037864685,-0.10972672700881958,-0.21369953171321932,0.12361693382263184,-0.03405877947807312,-0.24226678625652376,0.08085834980010986,-0.28362488746643066,-0.08198741541215959,0.07137668132781982,-0.23719745874404907,-0.16858920172760072,0.06236708164215088,-0.10282349586486816,-0.20651796177932802,0.05831703543663025,-0.0005056858062744141,-0.21755613104412141,0.0004985630512237549,-0.2738937735557556,-0.09414250121423784,-0.016118019819259644,-0.24393582344055176,-0.1725514651925284,-0.007082536816596985,-0.11720886826515198,-0.18487658814498964,0.005539447069168091,-0.022611409425735474,-0.17514727727481905,-0.07164420187473297,-0.2358023226261139,-0.11128385082790437,-0.0823209285736084,-0.20587024092674255,-0.1590696992070395,-0.06537549197673798,-0.1280672252178192,-0.1619921447426993,-0.044582054018974304,-0.06602811813354492,-0.15302571372100893,1.3192768711133809,1.7147900571517505,1.650246483741269,1.5507383812278617,1.412725340471868,0.023026035696218874,0.05492534652964935,0.10619134581225752,0.16428582653210727,0.07341584858986941,0.11863108850183228,0.17121021618177173,0.05722007384323508,0.12198939195222776,0.0663112016656872,M
0.0,0.0,0.0,0.06026257574558258,-0.0022710561752319336,-0.06582311993511425,0.10472939908504486,-0.013551533222198486,-0.11883272683294521,0.127693310379982,-0.007123112678527832,-0.16910573547752605,0.1205001026391983,-0.023951053619384766,-0.21638941472442852,0.154985710978508,-0.25653505325317383,-0.08213500386150585,0.16996486485004425,-0.217222660779953,-0.16197631960781322,0.15109215676784515,-0.12373319268226624,-0.21757404213817821,0.13497193157672882,-0.049766093492507935,-0.2461324900952171,0.08347000181674957,-0.28340303897857666,-0.08519871240528332,0.08270372450351715,-0.24701222777366638,-0.17212964301975475,0.07428912818431854,-0.114533931016922,-0.2128370673027824,0.06884585320949554,-0.01372295618057251,-0.22611425524624096,0.005716145038604736,-0.272793248295784,-0.09634346222551571,-0.006796136498451233,-0.25236448645591736,-0.17499376541050182,0.0012534856796264648,-0.12728801369667053,-0.19073234206112133,0.011565491557121277,-0.032999396324157715,-0.18379729693802105,-0.06484566628932953,-0.23294708132743835,-0.1124059007135223,-0.07496856153011322,-0.2176680862903595,-0.16143169706733929,-0.060831621289253235,-0.1477699875831604,-0.16726600831421123,-0.04363188147544861,-0.08937889337539673,-0.16073760097892986,-0.5829690222050933,1.6672886930780983,1.6249710320879585,1.5464079335719538,1.4240967867139298,0.02959476501761899,0.0526571501447219,0.10930975252605046,0.1766921345859772,0.07531112791292206,0.12454024077481204,0.1829439694314599,0.06043691732406619,0.13555464445264823,0.07890118932847173,M
0.0,0.0,0.0,0.06291976571083069,-0.011951327323913574,-0.06274244991667643,0.1082940399646759,-0.032292842864990234,-0.11388093290455714,0.12827804684638977,-0.019568920135498047,-0.16333916840680018,0.11911824345588684,-0.02664428949356079,-0.2103824323190011,0.15573734045028687,-0.25009143352508545,-0.07407744286187068,0.1625971496105194,-0.22822219133377075,-0.15435019192822352,0.14254555106163025,-0.135938823223114,-0.2126337146533288,0.12408623099327087,-0.06094104051589966,-0.24356265423424617,0.0825863778591156,-0.2770349383354187,-0.07782394496329204,0.07332679629325867,-0.2553481161594391,-0.16362087485916987,0.0627569854259491,-0.11989793181419373,-0.20609827396996394,0.05705195665359497,-0.02293485403060913,-0.22224855480320826,0.0043852925300598145,-0.269207239151001,-0.08994837162621394,-0.008195489645004272,-0.27045559883117676,-0.16744899807103053,-0.005372002720832825,-0.14624053239822388,-0.18392621038086787,0.000973820686340332,-0.055029332637786865,-0.17933885810501948,-0.06532213091850281,-0.2314986288547516,-0.10700571594365016,-0.0800013542175293,-0.22410213947296143,-0.15694458840020076,-0.06892699003219604,-0.14987942576408386,-0.16452048776276484,-0.05308111011981964,-0.09023812413215637,-0.16046893653996364,0.4809702684653837,1.7365932930775647,1.6709497291627797,1.5867231954304564,1.4843566100572172,0.03465469709664053,0.06217703650768629,0.12150644141710724,0.18356686295715852,0.07705883562189096,0.1232542650848974,0.17957334397259553,0.06461279200459061,0.12906983599307478,0.06451042197159099,M
0.0,0.0,0.0,0.059588342905044556,-0.009721696376800537,-0.06490812476726582,0.10125625133514404,-0.026975631713867188,-0.11814096596094181,0.12144818902015686,-0.02089160680770874,-0.1688209849223714,0.11713695526123047,-0.029649436473846436,-0.21674662109466603,0.1537308394908905,-0.25932031869888306,-0.08137707438322117,0.15804150700569153,-0.2229994237422943,-0.1612500029430013,0.13873443007469177,-0.13075515627861023,-0.21863726552578022,0.12535810470581055,-0.058257877826690674,-0.2492752748355489,0.08085864782333374,-0.28661298751831055,-0.08424971278759052,0.07248693704605103,-0.2516305148601532,-0.17020288880916645,0.0632409155368805,-0.12245917320251465,-0.2106438654288869,0.0582505464553833,-0.02365213632583618,-0.22495814438911488,0.0032464563846588135,-0.2776019275188446,-0.09516014184804966,-0.011904969811439514,-0.2640911638736725,-0.17171884354206135,-0.005362585186958313,-0.14269977807998657,-0.1859895515069585,0.004489198327064514,-0.04881212115287781,-0.17955731626602223,-0.06612938642501831,-0.23795604705810547,-0.11131490048023274,-0.07919952273368835,-0.22228896617889404,-0.15989940639587452,-0.0662413239479065,-0.1479288935661316,-0.16577606674285938,-0.04899677634239197,-0.08567431569099426,-0.16003150518985798,-0.16680371772675792,1.7109847324168026,1.656560586782199,1.5653645737802295,1.4587614288986315,0.029766259671467753,0.059191019176178056,0.11426603006321222,0.17532599313233752,0.07550484566674147,0.12123743171287882,0.17649726799726978,0.05935745436818573,0.1238900277685579,0.06495822405598603,M
0.0,0.0,0.0,0.06672871112823486,0.006831824779510498,-0.06384664123464034,0.11536899209022522,-0.005718350410461426,-0.11458638405013488,0.13564857840538025,0.008454322814941406,-0.16321591382432388,0.12289035320281982,-0.003386855125427246,-0.20944597666669296,0.16843649744987488,-0.21908774971961975,-0.08129306977200912,0.17895600199699402,-0.21207895874977112,-0.16188483779836105,0.15521660447120667,-0.11796361207962036,-0.21793791001248763,0.13565027713775635,-0.0409201979637146,-0.24663793390202926,0.09772434830665588,-0.2496539056301117,-0.08410987352538513,0.08973157405853271,-0.23204880952835083,-0.1686920607607405,0.0756123960018158,-0.09733399748802185,-0.20892234986234115,0.06830734014511108,-0.0002582073211669922,-0.22410487478185104,0.019860640168190002,-0.2476034164428711,-0.09516318982053207,0.006856456398963928,-0.24692007899284363,-0.17321389263081954,0.005943238735198975,-0.12028473615646362,-0.18918965106416152,0.010720029473304749,-0.024637579917907715,-0.18444142585206436,-0.0507621169090271,-0.21764886379241943,-0.11107558851647781,-0.06403686106204987,-0.21149060130119324,-0.1613649362843077,-0.05529646575450897,-0.13711395859718323,-0.16863714998174117,-0.04080559313297272,-0.07277584075927734,-0.1644844943802397,0.30059030638943035,1.752779420924821,1.6882069728871518,1.6117689498367624,1.5021783595291232,0.03964300043439929,0.0546726051285386,0.1141655588598854,0.17779537163285586,0.0786668204887551,0.1259868661088403,0.1793082712284039,0.06253520735251344,0.13101312670115048,0.07051370038365787,M
0.0,0.0,0.0,0.07013675570487976,0.01259535551071167,-0.06240962377607673,0.11855286359786987,0.00932765007019043,-0.113498549227117,0.13224929571151733,0.02859252691268921,-0.16225515610396712,0.11478450894355774,0.0198824405670166,-0.20875653928935378,0.16779038310050964,-0.20125049352645874,-0.08325818485438674,0.1716477870941162,-0.18281280994415283,-0.1637905121487364,0.14768770337104797,-0.08768230676651001,-0.2192710370463118,0.13015997409820557,-0.007795751094818115,-0.24806493825137466,0.09705746173858643,-0.22859418392181396,-0.08709654516398757,0.0890159010887146,-0.20685404539108276,-0.17174054986655563,0.07311263680458069,-0.07626321911811829,-0.2112110138577208,0.0637531578540802,0.018284320831298828,-0.22619225389182418,0.02019798755645752,-0.22482603788375854,-0.09873059696376174,0.004748910665512085,-0.21832314133644104,-0.1774951249998793,0.004266098141670227,-0.0971357524394989,-0.1929875940722212,0.00915023684501648,-0.006466120481491089,-0.18776168233573287,-0.04902262985706329,-0.19541406631469727,-0.11487631804168075,-0.06063057482242584,-0.1807137429714203,-0.16487506336390823,-0.047703102231025696,-0.10321122407913208,-0.17103374308764785,-0.03025326132774353,-0.03789222240447998,-0.1662859351080641,1.9137183078977213,1.7629151163621912,1.7048884091098386,1.6213474476547398,1.4522014073657796,0.031662078617662584,0.0510563686596218,0.10887077712185024,0.15612131977004542,0.071344483986868,0.12101704188937092,0.16321214319135163,0.05995050731978763,0.10951260592877006,0.05040074950161741,M
0.0,0.0,0.0,0.06475089490413666,0.01790475845336914,-0.05729340088006818,0.11355595290660858,0.02676483988761902,-0.10648978572723233,0.12982334196567535,0.05680745840072632,-0.1545913524591621,0.11446963250637054,0.05373585224151611,-0.2011680014097389,0.1650196760892868,-0.18802925944328308,-0.07652331959840619,0.16470547020435333,-0.14604008197784424,-0.15211184393998944,0.14044813811779022,-0.05255460739135742,-0.20576094162103498,0.12426237761974335,0.01966226100921631,-0.23405325483915174,0.09319858253002167,-0.21594619750976562,-0.08195558261510694,0.08153678476810455,-0.1747245490550995,-0.16021111678716504,0.06752561032772064,-0.04461169242858887,-0.19605261158582532,0.05970968306064606,0.049157679080963135,-0.20963436436292493,0.014690563082695007,-0.21578660607337952,-0.09441235732671582,-0.0001436769962310791,-0.19162404537200928,-0.1669664837085899,-0.0003487914800643921,-0.06661123037338257,-0.17712962698575818,0.004493027925491333,0.027146518230438232,-0.16927020322915876,-0.05477505922317505,-0.18609175086021423,-0.1112726635896858,-0.06561005115509033,-0.16102102398872375,-0.15602152120706403,-0.05418585240840912,-0.08038198947906494,-0.1563022739851173,-0.03895631432533264,-0.013890236616134644,-0.1475096203052696,1.536932921407247,1.7645735053013711,1.6964544321560502,1.6127484154861567,1.4791915989416355,0.03545289094448216,0.05495099391991294,0.11314524399324845,0.16766874799850892,0.07097203718414202,0.1200029634314813,0.16663166414928704,0.059442158492960945,0.11708978911040152,0.05976504488718267,M
0.0,0.0,0.0,0.060465261340141296,-0.0017786622047424316,-0.054476785918467385,0.10914115607738495,-0.014359235763549805,-0.097125052919381,0.1324903815984726,-0.016200721263885498,-0.13864055227278982,0.1252794712781906,-0.03539198637008667,-0.17675961505412374,0.15718598663806915,-0.24809524416923523,-0.059052943696968896,0.168388232588768,-0.220436692237854,-0.12869854222773824,0.1470876783132553,-0.13024261593818665,-0.17673845540522848,0.13231845200061798,-0.057193875312805176,-0.20019438814162527,0.08833758533000946,-0.2807687520980835,-0.06256264399527822,0.0869399756193161,-0.2495226263999939,-0.13845004092692648,0.07412873208522797,-0.12500852346420288,-0.17188908111094747,0.0672827810049057,-0.027665913105010986,-0.18013147961138998,0.013572856783866882,-0.2783834636211395,-0.07397339444398199,0.0009572058916091919,-0.26120249927043915,-0.1432754243516854,0.004947945475578308,-0.14381688833236694,-0.1545625473165444,0.01427111029624939,-0.052264511585235596,-0.14500512134074484,-0.05558471381664276,-0.24684938788414001,-0.08966004799842153,-0.0663747638463974,-0.237848162651062,-0.13235369276046072,-0.05644834041595459,-0.17182201147079468,-0.13528844665526663,-0.041339948773384094,-0.11400523781776428,-0.12646679531573568,-0.9163182657440447,1.7003307220187367,1.6537919913065202,1.5677083446215125,1.4639753432994225,0.02291003297861737,0.05850904452093418,0.11228329490637869,0.18423374946382348,0.0714250590059781,0.11815021587041913,0.18271499957325288,0.05844081004327642,0.1387565364814992,0.08309336415482478,M
0.0,0.0,0.0,0.05998222529888153,0.003425508737564087,-0.05965845020125826,0.1067209392786026,-0.004809141159057617,-0.10587303073714693,0.1269589513540268,-0.006316006183624268,-0.1499567377717348,0.10942007601261139,-0.027243882417678833,-0.1913329708726259,0.15887247025966644,-0.24079149961471558,-0.06896665425609072,0.16033421456813812,-0.21150827407836914,-0.14046440006802996,0.1415279060602188,-0.12763753533363342,-0.19113931538175066,0.12970013916492462,-0.05734565854072571,-0.21728931845735033,0.091047003865242,-0.27399396896362305,-0.0712702843696924,0.0810832530260086,-0.24221137166023254,-0.14981702448438128,0.06831733882427216,-0.11958268284797668,-0.18543743075440844,0.06034804880619049,-0.019359946250915527,-0.1959324079902025,0.01569056510925293,-0.2742287367582321,-0.0812895122320505,-0.0034684687852859497,-0.2562847435474396,-0.1510797935874315,-0.0014002323150634766,-0.14006945490837097,-0.16306800128529986,0.006136700510978699,-0.04658252000808716,-0.15498966456960162,-0.05445985496044159,-0.24709659814834595,-0.09636231990169009,-0.07210345566272736,-0.23441854119300842,-0.14008273662637194,-0.06405138969421387,-0.16613274812698364,-0.14462696494172533,-0.049751102924346924,-0.10548925399780273,-0.13766023994992693,-1.451061240853518,1.7285000171650466,1.6907783399993748,1.612739749048173,1.5375564004714766,0.036295976185024253,0.04970131088441543,0.10507824969452248,0.17736347532085872,0.07907355294464932,0.12403132073416064,0.18579707767055173,0.060662499173290016,0.1397858392854652,0.08120006085072047,M
0.0,0.0,0.0,0.06123487651348114,0.007126837968826294,-0.05986049319422726,0.11148317158222198,0.0037433207035064697,-0.10834599579489712,0.13134436309337616,0.00833582878112793,-0.15508533562338833,0.11237294971942902,-0.008426129817962646,-0.19874751115954403,0.15885452926158905,-0.22124800086021423,-0.0754720895997334,0.1629447191953659,-0.19186386466026306,-0.15439895833647732,0.14174668490886688,-0.10060885548591614,-0.2088765158764172,0.12430475652217865,-0.025957703590393066,-0.2365545138231564,0.08783037960529327,-0.2518759071826935,-0.07993141109860424,0.07932861149311066,-0.22293934226036072,-0.16531554902709011,0.06914328038692474,-0.09290242195129395,-0.20401033307230954,0.06075264513492584,0.006459832191467285,-0.21667575384295468,0.011923328042030334,-0.25164230167865753,-0.09213658715403561,-0.0035138577222824097,-0.2388422042131424,-0.17081303442633633,0.0012841075658798218,-0.11328694224357605,-0.1853789343944836,0.008300825953483582,-0.018215864896774292,-0.17824528659499173,-0.057092875242233276,-0.22332268953323364,-0.10879658455765728,-0.06742197275161743,-0.20123329758644104,-0.1595531209818173,-0.054965198040008545,-0.12124034762382507,-0.1655822500101376,-0.03927330672740936,-0.05628421902656555,-0.15935526336348538,-1.497810480429769,1.7458994322768762,1.6752310472069003,1.5863138978706997,1.464518845988791,0.02120669923671085,0.053723809529323874,0.10453155436550046,0.1590188158584979,0.07134260640000464,0.11626197991495173,0.16636550217814577,0.05796622604787523,0.11807627623370127,0.06093026904987702,M
0.0,0.0,0.0,0.06130151450634003,-0.004557251930236816,-0.06525327665325875,0.10548318922519684,-0.022245049476623535,-0.11590803069588418,0.12572826445102692,-0.02078908681869507,-0.1641138683032679,0.11493079364299774,-0.037790119647979736,-0.2086240093183207,0.16201035678386688,-0.24981024861335754,-0.07619268847223992,0.16584663093090057,-0.23219040036201477,-0.1553858558606791,0.14441810548305511,-0.13948363065719604,-0.2113061736297297,0.13110767304897308,-0.061668574810028076,-0.24029215080258126,0.09248851239681244,-0.2797071933746338,-0.07782864225622887,0.07982967793941498,-0.2598608732223511,-0.16434488100525613,0.06957809627056122,-0.13121265172958374,-0.20406584841725106,0.06504856050014496,-0.029474198818206787,-0.21677588326451058,0.016563698649406433,-0.2771821916103363,-0.0880292172503161,-0.0003383755683898926,-0.2722548842430115,-0.1661488751840281,0.0038685500621795654,-0.14814534783363342,-0.1796136687469172,0.01376582682132721,-0.05063450336456299,-0.17139511210438485,-0.05203317105770111,-0.24586528539657593,-0.10358487469670052,-0.06518863141536713,-0.23248091340065002,-0.15363176567074532,-0.05210690200328827,-0.15390244126319885,-0.15985434157368417,-0.0333232581615448,-0.0871238112449646,-0.15331341726299996,-1.0246936407164995,1.7335948770542327,1.6800175434749876,1.5831457337379675,1.453473559714783,0.028842192153881476,0.05057066068942517,0.10197709892465331,0.1562468463779362,0.07348662596854955,0.11785949095756404,0.16638960364372704,0.05547681733902091,0.11401970233149954,0.0595722377799834,M
0.0,0.0,0.0,0.061684876680374146,-0.0044679343700408936,-0.054857008739242374,0.10989430546760559,-0.015350103378295898,-0.10271171538425428,0.12120774388313293,-0.004283249378204346,-0.1500529280145262,0.09539270401000977,0.004614055156707764,-0.1954313447911833,0.15275195240974426,-0.23688378930091858,-0.0693026488859747,0.1573028862476349,-0.2005557119846344,-0.14335059432579023,0.13607847690582275,-0.1057455837726593,-0.1949810615022276,0.12118372321128845,-0.02821105718612671,-0.22162320522857648,0.07886400818824768,-0.26408228278160095,-0.0756980335552786,0.07451322674751282,-0.2286529541015625,-0.15688165335250837,0.06363582611083984,-0.09561452269554138,-0.19289489893508893,0.05546143651008606,0.009167611598968506,-0.20361889211727124,0.0014249682426452637,-0.2590821385383606,-0.08918334601713163,-0.010700240731239319,-0.24101319909095764,-0.16351928619934064,-0.0056979358196258545,-0.11246570944786072,-0.17521739809108716,0.0010359883308410645,-0.014419972896575928,-0.16566055326057416,-0.06944054365158081,-0.22576969861984253,-0.1068661740262602,-0.0759008526802063,-0.2017909288406372,-0.1523211082656477,-0.06094920635223389,-0.12130042910575867,-0.1543219616849516,-0.04450376331806183,-0.056101858615875244,-0.14531656412673932,2.1990096531174546,1.7209388951280469,1.6562331465730014,1.5723861908551875,1.424866987173342,0.04174523531806271,0.04019006096565813,0.09625738422423846,0.15250391390424686,0.07560809380867167,0.12093664540900648,0.16801857039270182,0.059316975241882744,0.11938653575176689,0.06173531062010203,M
0.0,0.0,0.0,0.06286893784999847,0.000713646411895752,-0.0568613042576942,0.11225669085979462,-0.005581498146057129,-0.10394084504682155,0.12538258731365204,0.00511324405670166,-0.1497890060289535,0.09675733745098114,0.009546637535095215,-0.19322782805997463,0.1577436476945877,-0.2278062105178833,-0.06664910963613124,0.16121216118335724,-0.18716707825660706,-0.13865950754720302,0.13870398700237274,-0.09376862645149231,-0.18999198130208583,0.12104018032550812,-0.016457706689834595,-0.21692195585805507,0.08537088334560394,-0.2588035613298416,-0.0709020724042091,0.07923160493373871,-0.22238203883171082,-0.1494623129709396,0.06500999629497528,-0.09168380498886108,-0.18468333831864925,0.05388651788234711,0.011656880378723145,-0.19562165490228267,0.008329436182975769,-0.2580161392688751,-0.0825897981866035,-0.007252752780914307,-0.23579254746437073,-0.15353693119126888,-0.00349600613117218,-0.11144906282424927,-0.16508621028501125,0.0031931251287460327,-0.014983952045440674,-0.1566469823463592,-0.061913445591926575,-0.22835618257522583,-0.09893322042066188,-0.07178638875484467,-0.20098930597305298,-0.14106895080644222,-0.05701366066932678,-0.12174612283706665,-0.14326895824510189,-0.038963764905929565,-0.05685564875602722,-0.13562673381406398,2.368314306816587,1.742744667845073,1.6866849648762738,1.5919274641685184,1.4377696420934367,0.03557924081030406,0.04292272469619628,0.09672647854982103,0.15109427934128816,0.07280140373348255,0.11785626997025046,0.16502501693018656,0.05726739055626013,0.11539125470460473,0.05941752572111258,M
0.0,0.0,0.0,0.06530177593231201,-0.022797226905822754,-0.0558057760968822,0.10989069938659668,-0.05573540925979614,-0.1041921151950973,0.12594205141067505,-0.049211204051971436,-0.15286467952281413,0.11302459239959717,-0.034554898738861084,-0.19950304908305583,0.14088410139083862,-0.2591342031955719,-0.06788993609696803,0.14255207777023315,-0.2391209900379181,-0.14337931556254802,0.12822499871253967,-0.14398497343063354,-0.196874245829882,0.12205758690834045,-0.06731539964675903,-0.22596491856128154,0.07019743323326111,-0.2777104824781418,-0.07532172632962642,0.0629565417766571,-0.26445287466049194,-0.15982334298640666,0.059814661741256714,-0.1310672163963318,-0.1980736253932136,0.060404807329177856,-0.02908480167388916,-0.21073517186194834,-0.0052321553230285645,-0.263759970664978,-0.09059128148108897,-0.019456878304481506,-0.27567850053310394,-0.1683400420621055,-0.00854194164276123,-0.1491403579711914,-0.18202972394973216,0.0045143961906433105,-0.05287465453147888,-0.17394301278144297,-0.07394930720329285,-0.22596955299377441,-0.11027424765378413,-0.08628317713737488,-0.23167648911476135,-0.159680083222689,-0.0663977563381195,-0.16370165348052979,-0.16611874086409983,-0.04316772520542145,-0.10556644201278687,-0.16076667589694438,1.4239009437193335,1.6686303752367762,1.6101630032003613,1.5246118844653749,1.320503020574622,0.03398301648664181,0.052903343398667514,0.11004579107629159,0.171577036216889,0.07254408212390595,0.11842692600748113,0.1695952416937978,0.060742860948593755,0.1287505759387473,0.0710634165292127,M
0.0,0.0,0.0,0.06283357739448547,-0.02109837532043457,-0.05063613170330683,0.10487452149391174,-0.05120253562927246,-0.09392014929597536,0.124015212059021,-0.04991379380226135,-0.1375480819637076,0.11679455637931824,-0.04631584882736206,-0.17863727399652163,0.1362799108028412,-0.26682066917419434,-0.05865401813333193,0.14585119485855103,-0.23647958040237427,-0.12991780826394717,0.13076311349868774,-0.14520415663719177,-0.18194673249070803,0.12109577655792236,-0.07084035873413086,-0.2101089436704413,0.06912001967430115,-0.287808358669281,-0.06557718703096072,0.06589841842651367,-0.256485253572464,-0.14303221592252413,0.06197398900985718,-0.13415074348449707,-0.17946111449544588,0.06067904829978943,-0.037016332149505615,-0.19208674916570345,-0.0031575262546539307,-0.2732098400592804,-0.08002760299985567,-0.014671549201011658,-0.26691746711730957,-0.15072233268563906,-0.005013644695281982,-0.15182709693908691,-0.16427063235585848,0.00669938325881958,-0.06154397130012512,-0.15798287877385775,-0.06869357824325562,-0.231499582529068,-0.09877949991767565,-0.07908569276332855,-0.2145155966281891,-0.14551555404012362,-0.062056005001068115,-0.1448599100112915,-0.1522660482818381,-0.04184466600418091,-0.08570870757102966,-0.14721121677701632,0.3890593455948159,1.6481197101498408,1.6044408820659917,1.5242616937444102,1.3886764555387348,0.024898836944564948,0.05688085141297898,0.1111433437434651,0.16345702859907812,0.06924049268899315,0.11477350573702168,0.16361740622400106,0.05929088732881559,0.1134991604324577,0.05422600112391645,M
0.0,0.0,0.0,0.057197898626327515,-0.009241044521331787,-0.05956814555687728,0.09895443916320801,-0.026900887489318848,-0.10578105716271224,0.12042689323425293,-0.026192784309387207,-0.15011403827233138,0.11147329211235046,-0.043092042207717896,-0.19133073954148117,0.14390823245048523,-0.25059956312179565,-0.06746214000744644,0.15089502930641174,-0.2297055721282959,-0.14036326973004165,0.13437357544898987,-0.14152106642723083,-0.19243308274311843,0.12410929799079895,-0.06983393430709839,-0.21972174315018478,0.07626429200172424,-0.27404414117336273,-0.070459747000168,0.07116076350212097,-0.25718051195144653,-0.15032572416825118,0.0651434063911438,-0.13464698195457458,-0.18812330929798904,0.06351429224014282,-0.03872489929199219,-0.20040004818005386,0.003170698881149292,-0.26496610045433044,-0.08152299491925064,-0.01123596727848053,-0.26159659028053284,-0.15429215995831314,-0.003906369209289551,-0.14649739861488342,-0.16835392384095016,0.00693860650062561,-0.0576210618019104,-0.16146523623032394,-0.06245081126689911,-0.22847476601600647,-0.09735486028952423,-0.07570064067840576,-0.22141700983047485,-0.1441376295523149,-0.06330069899559021,-0.15517809987068176,-0.150191494508217,-0.0466761589050293,-0.0982062816619873,-0.14425175754589858,-0.9126175157317752,1.6798896730358233,1.624925113898165,1.5526261647761281,1.4502896720426754,0.029576974788086314,0.04815742524251879,0.10553953243363638,0.16747784405025384,0.06811407183169388,0.11780545487842808,0.17312614586348093,0.059647910059765295,0.12521968843685138,0.06724361040719178,M
0.0,0.0,0.0,0.05984097719192505,-0.0009498000144958496,-0.0677002167950107,0.1050904393196106,-0.01530146598815918,-0.11948848726849093,0.1221836507320404,-0.007624804973602295,-0.16834365787605776,0.10391351580619812,-0.014043331146240234,-0.21429790022472872,0.15208441019058228,-0.23878300189971924,-0.08008318605522646,0.15516772866249084,-0.21924656629562378,-0.15802797141174807,0.13605055212974548,-0.12758290767669678,-0.21285910370449557,0.12564021348953247,-0.0524975061416626,-0.24214033248524203,0.08274024724960327,-0.2642452269792557,-0.08110679897169604,0.07317668199539185,-0.2434115707874298,-0.16743449332813753,0.06308621168136597,-0.11317718029022217,-0.20784042241673006,0.06109410524368286,-0.01240965723991394,-0.22165758373837008,0.007289871573448181,-0.2584231346845627,-0.09067683878044619,-0.008739262819290161,-0.25382643938064575,-0.16988792481522097,-0.0050035566091537476,-0.1308145821094513,-0.18657889428238406,0.006173521280288696,-0.03505915403366089,-0.18053692045311465,-0.060961589217185974,-0.2263825535774231,-0.10551920744280352,-0.07604597508907318,-0.21587136387825012,-0.15710938932995333,-0.06331470608711243,-0.1453874409198761,-0.16677124264339938,-0.04350961744785309,-0.08616846799850464,-0.1633013880501224,2.3228559714375767,1.7118093759672535,1.6565390590823128,1.5757941827381354,1.446966551641028,0.04416755559006603,0.04285056372270329,0.09997385328954886,0.16412073477900227,0.07598181176606916,0.12073270754713006,0.17246854489590566,0.05940766152517857,0.12799336297421576,0.07127816108624545,M
0.0,0.0,0.0,0.06885738670825958,0.002056419849395752,-0.06745286980083165,0.11821042001247406,-0.013667464256286621,-0.11987433531692204,0.13793669641017914,-0.014945447444915771,-0.1684141153972405,0.12245337665081024,-0.043399035930633545,-0.21341101774385152,0.15351884067058563,-0.21989312767982483,-0.08997153439929662,0.16378693282604218,-0.22495520114898682,-0.1752510214727181,0.14364062249660492,-0.12969648838043213,-0.2315098936240929,0.12864167988300323,-0.05152425169944763,-0.25948129543473897,0.08707432448863983,-0.24562004208564758,-0.09091047891786275,0.08264963328838348,-0.2508532702922821,-0.18164527365377126,0.07322685420513153,-0.1194429099559784,-0.2215905035417336,0.06580163538455963,-0.02702280879020691,-0.23503529974630055,0.016267582774162292,-0.24000239372253418,-0.10023050704410252,0.0006806850433349609,-0.25761550664901733,-0.18249948271920857,0.006532713770866394,-0.13479295372962952,-0.1968552465122002,0.012731924653053284,-0.04767611622810364,-0.19003805467298207,-0.04783599078655243,-0.21161800622940063,-0.11440206268241582,-0.059708014130592346,-0.21684736013412476,-0.16767933913877187,-0.04701143503189087,-0.1401555836200714,-0.1751725519578713,-0.032417625188827515,-0.07765063643455505,-0.17052070745637593,-1.4290446603536522,1.7174888949054161,1.667805406671774,1.589177901825075,1.4562100262078657,0.010213433711703197,0.05897118452136643,0.10980478334010359,0.15861336434201664,0.06744769749369621,0.11597361555143793,0.1631646031758969,0.05694693411633361,0.1104997741154648,0.054193668564985,M
0.0,0.0,0.0,0.06441248953342438,0.00551837682723999,-0.05575787770329432,0.11197616159915924,0.0018049776554107666,-0.10438323887763934,0.1321020871400833,0.014726340770721436,-0.15219884487567858,0.11797817051410675,0.010608255863189697,-0.19860649975715594,0.16168908774852753,-0.20944911241531372,-0.0767937612789722,0.16548646986484528,-0.17609411478042603,-0.15303238603054004,0.14853106439113617,-0.08781474828720093,-0.20756944390712695,0.13495825231075287,-0.0141867995262146,-0.23685767623363452,0.08990912139415741,-0.23702628910541534,-0.0837985140341373,0.083786740899086,-0.2046036720275879,-0.16663422557292895,0.0739336758852005,-0.07203632593154907,-0.2063721207040401,0.06452430784702301,0.03213411569595337,-0.22173931571422534,0.011806458234786987,-0.23507842421531677,-0.09755589934764819,-0.0018606781959533691,-0.22353214025497437,-0.17314203950344043,0.002391323447227478,-0.09852737188339233,-0.18813770386157946,0.007552981376647949,-0.00025177001953125,-0.18281772109447436,-0.06007722020149231,-0.20757827162742615,-0.11546176793752627,-0.07254277169704437,-0.2025420367717743,-0.16275637718616442,-0.05870823562145233,-0.13300201296806335,-0.16809279593406634,-0.041745588183403015,-0.0714620053768158,-0.16311784955440478,0.9723949763135082,1.7068476833592199,1.6648292891898264,1.5889076088784662,1.436925540935615,0.030051920896748345,0.05762532494981037,0.1109579314795338,0.17957507308215992,0.08430046096990843,0.12816508147364014,0.18575439819991565,0.06553302704263315,0.14840972711935496,0.08660973721416687,M
0.0,0.0,0.0,0.06348392367362976,0.008748114109039307,-0.0640276836495488,0.1077447235584259,0.007580608129501343,-0.11630858651209763,0.12269115447998047,0.024943232536315918,-0.16640195420790604,0.10872173309326172,0.03243660926818848,-0.2142574804167836,0.1528988778591156,-0.20766282081604004,-0.08102290502596787,0.15831348299980164,-0.1780467927455902,-0.15739433637667588,0.1417275071144104,-0.08666667342185974,-0.21018393508006028,0.13119974732398987,-0.009943783283233643,-0.23787439039755753,0.0846472978591919,-0.23374724388122559,-0.08352549544382981,0.07731524109840393,-0.20115149021148682,-0.16763502529669694,0.06853488087654114,-0.06743466854095459,-0.20620921424437455,0.06338006258010864,0.03490185737609863,-0.21955675056982926,0.010507985949516296,-0.23048445582389832,-0.09350747785378388,-0.005320757627487183,-0.215716153383255,-0.1702628003697484,0.0014912039041519165,-0.08962184190750122,-0.18427390030432633,0.01133418083190918,0.007707536220550537,-0.17748512497950486,-0.05727507174015045,-0.2025742530822754,-0.1083772497515767,-0.07162421941757202,-0.18334180116653442,-0.15635907820273331,-0.0549515038728714,-0.10765370726585388,-0.16182382575083665,-0.034857407212257385,-0.04382884502410889,-0.15626639298010758,1.531509764658079,1.6801061678674951,1.6497951959146995,1.5673277317261027,1.4305062744071153,0.04797247957495477,0.04540863941098532,0.1004781687196432,0.16257733251988862,0.08130584926624525,0.1211582564693471,0.16947913140519108,0.05872226928566924,0.12589330391897763,0.06920737964868252,M
0.0,0.0,0.0,0.06463105976581573,-0.007832705974578857,-0.059890314900865604,0.11187700927257538,-0.027383804321289062,-0.10505575310586934,0.13297416269779205,-0.024814963340759277,-0.1480662636101151,0.11921291053295135,-0.0385550856590271,-0.187673997098198,0.16099365055561066,-0.2443976104259491,-0.06275226544736867,0.1596594899892807,-0.2281036674976349,-0.13487472754119878,0.1417304128408432,-0.13659194111824036,-0.18679809194206243,0.13256733119487762,-0.059201598167419434,-0.21369078379272466,0.09364239871501923,-0.271325021982193,-0.06414603810905462,0.08068479597568512,-0.250953733921051,-0.14272801201938634,0.07049144804477692,-0.12233975529670715,-0.17964848499893193,0.06511963903903961,-0.02424722909927368,-0.19138080995677953,0.019200578331947327,-0.26738014817237854,-0.07379892837404256,0.0011664032936096191,-0.2679668366909027,-0.14620452743171697,0.005155503749847412,-0.14486759901046753,-0.1583134196340943,0.014359518885612488,-0.04971921443939209,-0.1496628932297135,-0.04822550714015961,-0.23782891035079956,-0.08837066214679723,-0.06456908583641052,-0.23495608568191528,-0.13412862640022283,-0.05149880051612854,-0.16312158107757568,-0.1386019102871323,-0.0318002849817276,-0.10099679231643677,-0.13117274265884404,-0.9897429607919659,1.723100795379006,1.6857279852761413,1.5930339481723255,1.4513287273421944,0.024589002215927438,0.055953523394407643,0.10544605972427232,0.16341343870638256,0.0759670921787904,0.11858753093014464,0.16959820606814763,0.05679270934862648,0.12362834273020326,0.06899360467469204,M
0.0,0.0,0.0,0.06410267949104309,-0.0059629082679748535,-0.05864441783272589,0.10683614015579224,-0.019728481769561768,-0.1039874518021282,0.12758803367614746,-0.018980473279953003,-0.14742931367003287,0.11876240372657776,-0.04396730661392212,-0.18729202092730368,0.1512065827846527,-0.24612298607826233,-0.06574329377257193,0.16005027294158936,-0.23858743906021118,-0.13894751311385,0.14194956421852112,-0.15110152959823608,-0.19206976533972586,0.12853452563285828,-0.0747326910495758,-0.21953603268706168,0.08367052674293518,-0.27237406373023987,-0.06797391564690436,0.07674095034599304,-0.25909993052482605,-0.14840492249571646,0.06742265820503235,-0.13238024711608887,-0.1891223156555828,0.06138697266578674,-0.03232187032699585,-0.2035774552925762,0.012519359588623047,-0.26646730303764343,-0.0781114736303028,-0.006003290414810181,-0.27373214066028595,-0.15007876993262137,0.0011628568172454834,-0.16047334671020508,-0.1678948813780483,0.011165738105773926,-0.07051423192024231,-0.1640174949272808,-0.050875693559646606,-0.23575401306152344,-0.09296348334395255,-0.06594079732894897,-0.2344965934753418,-0.1388472879036602,-0.05188785493373871,-0.16600561141967773,-0.14724453927122916,-0.032034844160079956,-0.10492110252380371,-0.14330142379843558,-1.1135438735987362,1.7023159298319375,1.6633590176510478,1.5777041029509027,1.4277726355856815,0.03228007506225426,0.058545335217457264,0.11082320017006553,0.16265046943065856,0.07941959193944838,0.11744457281204496,0.16338256548064925,0.06309381019403656,0.11831434559938965,0.0552279191427581,M
0.0,0.0,0.0,0.061779871582984924,-0.0018431544303894043,-0.06643256357986971,0.10422404110431671,-0.02074640989303589,-0.11634550801594301,0.11866359412670135,-0.024769753217697144,-0.1626693140633826,0.10703502595424652,-0.0341058075428009,-0.20561046711285158,0.14691181480884552,-0.2581597864627838,-0.07353757879812761,0.15238620340824127,-0.22966066002845764,-0.1475226115353827,0.13530470430850983,-0.13605675101280212,-0.20080976001102968,0.12428583204746246,-0.06250712275505066,-0.22942584565956636,0.08037708699703217,-0.28586865961551666,-0.07286298832972093,0.07408659160137177,-0.25064367055892944,-0.1541137229569678,0.06818582117557526,-0.1226603090763092,-0.1923059802420859,0.06342916190624237,-0.025755584239959717,-0.2050446104176764,0.008414238691329956,-0.27900053560733795,-0.08065397105295702,-0.0051815807819366455,-0.26602619886398315,-0.15500047615845247,0.00243203341960907,-0.14561325311660767,-0.1688912343152289,0.011938527226448059,-0.05559432506561279,-0.16178808919270082,-0.05640248954296112,-0.24570301175117493,-0.09381235203821703,-0.06835469603538513,-0.22130420804023743,-0.14228506199200197,-0.05479849874973297,-0.14307275414466858,-0.14908766559441133,-0.036886200308799744,-0.08238062262535095,-0.1434356700547461,-1.3634090458400885,1.6859285286614578,1.635860349218559,1.555022386488891,1.4518647766888155,0.03322988138184224,0.04439817123013439,0.09749410472235934,0.1518017692265586,0.07109296648687184,0.11255977821780311,0.16239267228216567,0.059511645194772866,0.1151936060225659,0.05568985325757305,M
0.0,0.0,0.0,0.059277236461639404,-0.008987247943878174,-0.06565541315175238,0.09946605563163757,-0.02793136239051819,-0.117706726373207,0.11357823014259338,-0.024551868438720703,-0.16721031355954352,0.1030648946762085,-0.025261521339416504,-0.2136932640085334,0.13698571920394897,-0.25888875126838684,-0.07662373322344962,0.14760491251945496,-0.23756316304206848,-0.1533713518390769,0.13061460852622986,-0.13980358839035034,-0.20942411112881842,0.11866289377212524,-0.06203547120094299,-0.24011776137448493,0.06708517670631409,-0.28063391149044037,-0.07817778277493659,0.06608068943023682,-0.2615550756454468,-0.16214868712521735,0.06102016568183899,-0.12905091047286987,-0.2035151599655265,0.05827891826629639,-0.02735203504562378,-0.2189953355798835,-0.005585029721260071,-0.2697443664073944,-0.08808946895695868,-0.015404760837554932,-0.2741979509592056,-0.1631433098325843,-0.006354197859764099,-0.15327781438827515,-0.1795290588150138,0.004362374544143677,-0.05997145175933838,-0.1749938308010215,-0.07014144957065582,-0.23235219717025757,-0.10333985376454535,-0.08101488649845123,-0.21768632531166077,-0.15159960377312842,-0.06409822404384613,-0.14462071657180786,-0.1603489993820304,-0.043378010392189026,-0.0863303542137146,-0.15738922643758002,0.638272253958562,1.663607504592165,1.605550935514827,1.5234119527518035,1.3895244693308855,0.03994522454830219,0.04483474021944417,0.10462775325016054,0.15866608583279743,0.06963594791074969,0.11431915356597733,0.1638520551076267,0.0630160299740135,0.1175269044779517,0.05453380687673054,M
0.0,0.0,0.0,0.06784631311893463,-0.007663846015930176,-0.0713617452075539,0.11100645363330841,-0.02918708324432373,-0.12692508330846408,0.12580306828022003,-0.029843449592590332,-0.17831669977212528,0.11270399391651154,-0.023800164461135864,-0.22684121361280063,0.1419011801481247,-0.263265997171402,-0.08753541341329196,0.14981411397457123,-0.22513741254806519,-0.16808751454854587,0.13558106124401093,-0.12855228781700134,-0.22522562971616367,0.128142848610878,-0.051472365856170654,-0.2564137451937256,0.0744231790304184,-0.2844603359699249,-0.08679067572856525,0.07106317579746246,-0.2475709319114685,-0.17569472125077823,0.06796418130397797,-0.11814898252487183,-0.21658343306089023,0.06575150787830353,-0.015490293502807617,-0.23069091370606998,0.002327069640159607,-0.27105100452899933,-0.09446373066211322,-0.010981142520904541,-0.25521957874298096,-0.17462940743470767,8.630752563476562e-05,-0.13339900970458984,-0.18963492146039584,0.012574389576911926,-0.03834259510040283,-0.182609664707428,-0.06187927722930908,-0.23370903730392456,-0.10785843661332706,-0.07553429901599884,-0.21088093519210815,-0.159902664332634,-0.05915537476539612,-0.13829582929611206,-0.168532835750824,-0.038371145725250244,-0.07927936315536499,-0.16425283482575992,1.2655239003165666,1.635666206112414,1.6030254493983502,1.526789734214993,1.4197305829488205,0.03168767843060022,0.047682175920486104,0.10118013616368904,0.16093986238819635,0.07202353038591526,0.11631190654264295,0.16881984305338502,0.05787947476565117,0.1221088547181754,0.06535492748071581,M
0.0,0.0,0.0,0.06832097470760345,-0.009519308805465698,-0.06889668534522286,0.1144835501909256,-0.03137132525444031,-0.12210093121056786,0.1310279816389084,-0.03155079483985901,-0.17139944116597405,0.1171322613954544,-0.029607176780700684,-0.21789911071782342,0.14416460692882538,-0.25600945949554443,-0.08320252279763451,0.1479652374982834,-0.2243642807006836,-0.16230520288472405,0.13543932139873505,-0.12641757726669312,-0.21820038239484063,0.13306869566440582,-0.049136459827423096,-0.24920506457810632,0.07439757883548737,-0.27443496882915497,-0.08347632418399087,0.07056547701358795,-0.24622133374214172,-0.1724190084171795,0.06987698376178741,-0.10885894298553467,-0.21219160835271111,0.07119183242321014,-0.005008041858673096,-0.22549836019997826,0.001046106219291687,-0.2624104917049408,-0.09204605649237863,-0.013438597321510315,-0.25895874202251434,-0.17324496488099328,-0.0007338374853134155,-0.13036349415779114,-0.18613855223183862,0.013892218470573425,-0.035287559032440186,-0.17740069012170068,-0.06425108015537262,-0.22894826531410217,-0.10600341538911096,-0.0794839859008789,-0.21581614017486572,-0.1582639334631466,-0.06134483218193054,-0.1386740803718567,-0.16465623359208337,-0.03841860592365265,-0.07797503471374512,-0.15871096829896203,0.587568857620034,1.624381324160067,1.5826941544553326,1.5142963517880024,1.4013311190712066,0.025206404613264632,0.05211180723277535,0.10339619531519109,0.16289727439327406,0.07600041761065744,0.11997843460206227,0.17389525010024778,0.06480813929899282,0.13167623263483635,0.06751772307213534,M
0.0,0.0,0.0,0.0700291246175766,-0.01211392879486084,-0.07379266041684218,0.11793656647205353,-0.03492081165313721,-0.1321678997890956,0.1307237297296524,-0.030021071434020996,-0.18650580364632674,0.10916225612163544,-0.01846212148666382,-0.23744129556584426,0.14144419133663177,-0.25421473383903503,-0.09170193392205306,0.14574085175991058,-0.20514291524887085,-0.17712011355328627,0.13336734473705292,-0.10463458299636841,-0.23706489223408767,0.13001413643360138,-0.02858409285545349,-0.2704159857647426,0.06844787299633026,-0.27197107672691345,-0.0923448668735034,0.06347711384296417,-0.22708532214164734,-0.18788514453339644,0.06584523618221283,-0.09111440181732178,-0.2307002039568431,0.06819291412830353,0.008959472179412842,-0.2458594234602458,-0.007267966866493225,-0.25823457539081573,-0.10173426735568114,-0.021772757172584534,-0.23693564534187317,-0.1878239901678569,-0.004572421312332153,-0.10627329349517822,-0.2028592320101268,0.014034733176231384,-0.012074857950210571,-0.19513229447770186,-0.07297693192958832,-0.222292959690094,-0.11709701436925002,-0.08476574718952179,-0.1908387839794159,-0.1711209209578044,-0.06104831397533417,-0.11153829097747803,-0.17907624858784743,-0.03275790810585022,-0.052801311016082764,-0.17461797017026015,2.060580614797525,1.6214113159074217,1.5717038777857748,1.4844712452203208,1.337813364922151,0.023178766510216862,0.049299399413725166,0.09534171572408627,0.14601545449675474,0.0723282987692113,0.11714852460484569,0.16456370237386106,0.058099497485256904,0.11834467816793759,0.062033823495575846,M
0.0,0.0,0.0,0.0723598301410675,-0.010951578617095947,-0.06797311188601185,0.12164846062660217,-0.03686165809631348,-0.11992236705444981,0.13470742106437683,-0.04021686315536499,-0.1679512161197536,0.11619672179222107,-0.029812663793563843,-0.21336268367193867,0.1412813365459442,-0.2681424468755722,-0.07855471702240635,0.14573070406913757,-0.21651259064674377,-0.154216875452029,0.13564136624336243,-0.1169886589050293,-0.20805560531042744,0.13349094986915588,-0.039136409759521484,-0.2373552519264095,0.0724826455116272,-0.2843094915151596,-0.0776092904987209,0.06841877102851868,-0.22592726349830627,-0.16129544855974842,0.06985965371131897,-0.09342685341835022,-0.19882011892222096,0.07075342535972595,0.006096005439758301,-0.2110592472734325,-0.0011354237794876099,-0.2683233469724655,-0.08483398439310719,-0.016633883118629456,-0.233310729265213,-0.16028760852240254,-0.0011047422885894775,-0.11014437675476074,-0.17289394618891407,0.01457110047340393,-0.019178807735443115,-0.16451327981375385,-0.06711110472679138,-0.2324753701686859,-0.09762576701067616,-0.07950180768966675,-0.20046573877334595,-0.143752266782748,-0.05751563608646393,-0.12495982646942139,-0.14840220393561054,-0.032550811767578125,-0.06739026308059692,-0.14162295045279194,2.2291101511167737,1.6048014724189412,1.5767507585578489,1.5078378270779538,1.3644283509056772,0.0196474569248733,0.05791826755661602,0.1021804570507514,0.1534206788809788,0.07734318564897207,0.12058290284638126,0.1684284620689711,0.06160576118086338,0.126775380376081,0.06741527304509397,M
0.0,0.0,0.0,0.07197381556034088,-0.010063350200653076,-0.07502702302105035,0.11566786468029022,-0.028755545616149902,-0.13693347251779642,0.12630923092365265,-0.022749364376068115,-0.1941406545675477,0.10698764026165009,-0.007630050182342529,-0.24848898923761453,0.13878346979618073,-0.26605257391929626,-0.1041215402520379,0.1452624350786209,-0.21072247624397278,-0.1916571227348527,0.13279758393764496,-0.1080051064491272,-0.2510416773594102,0.12821786105632782,-0.0328899621963501,-0.2838093010223588,0.06526939570903778,-0.28176388144493103,-0.1054648128784379,0.06292031705379486,-0.2307540476322174,-0.2022658256328782,0.06520725786685944,-0.09796756505966187,-0.24475295520193185,0.06882040202617645,0.000500798225402832,-0.25989305651552286,-0.009829685091972351,-0.2616741210222244,-0.115063060585328,-0.020297423005104065,-0.23212653398513794,-0.20284266448385324,-0.004006996750831604,-0.10724228620529175,-0.22006636536485757,0.013852521777153015,-0.01513749361038208,-0.21387819624311533,-0.07343943417072296,-0.21658742427825928,-0.13041479564077463,-0.08208608627319336,-0.17906847596168518,-0.18736035800344553,-0.06012915074825287,-0.1045944094657898,-0.19833931005365457,-0.03420610725879669,-0.04958546161651611,-0.1957147238290986,1.9606540096621634,1.6160796841496823,1.5582165771655518,1.475030575138585,1.340053224580852,0.03299674877842013,0.039023694985907416,0.09343720887283889,0.14729538651118185,0.06813957015406989,0.11573496001354364,0.16327977579639597,0.05714913849405044,0.11455607814690096,0.059129470863239275,M
0.0,0.0,0.0,0.06918369233608246,-0.008893966674804688,-0.0658060578649895,0.11522088944911957,-0.021026253700256348,-0.12031463217195437,0.1304856389760971,-0.014371514320373535,-0.1717645345276253,0.10720492899417877,-0.010370433330535889,-0.22067485433277056,0.14270101487636566,-0.2571806311607361,-0.08631445151027606,0.14401765167713165,-0.2055118978023529,-0.1673501400297539,0.13166911900043488,-0.10724985599517822,-0.2240675805157082,0.127136692404747,-0.0340573787689209,-0.2549200920408623,0.07012994587421417,-0.2743567079305649,-0.08958282750305102,0.06366871297359467,-0.22506609559059143,-0.17877867501434253,0.06391902267932892,-0.09097754955291748,-0.21782529037650988,0.06479857861995697,0.008966267108917236,-0.2309689043110268,-0.0056129395961761475,-0.2584032863378525,-0.10063716452773974,-0.018344774842262268,-0.23352551460266113,-0.18171466570552752,-0.004258692264556885,-0.10527414083480835,-0.19433143418487475,0.011453881859779358,-0.010873794555664062,-0.18542883973773883,-0.07137660682201385,-0.21907180547714233,-0.11705776732620166,-0.08403259515762329,-0.19019070267677307,-0.16900433283504412,-0.06456738710403442,-0.11554023623466492,-0.17544130664524005,-0.0405639111995697,-0.058431029319763184,-0.16950787287410662,2.2157430477442057,1.640440124569393,1.5896113845076103,1.501956636319231,1.381286895207942,0.03095717326979153,0.0466069365647047,0.09575237020490376,0.15538806588359771,0.07574347849727427,0.11798301247449164,0.16946258374764248,0.05691471443563336,0.1250745770605093,0.07048078726272076,M
0.0,0.0,0.0,0.06245751678943634,-0.01761612296104431,-0.06616314748803376,0.10592164099216461,-0.03807821869850159,-0.1236622879890561,0.12150327861309052,-0.023058444261550903,-0.17951049903908967,0.10354377329349518,0.0032612383365631104,-0.23347441355267762,0.13041920959949493,-0.24973724782466888,-0.0894564191488385,0.14124740660190582,-0.20907416939735413,-0.1729505757478833,0.1303548365831375,-0.10458031296730042,-0.22996751467267273,0.12257511913776398,-0.019479095935821533,-0.26018419364968537,0.054654017090797424,-0.26503942906856537,-0.0944678435711026,0.0537063330411911,-0.23298567533493042,-0.18681944409886597,0.05710752308368683,-0.09188583493232727,-0.22690063218156098,0.059885427355766296,0.016487985849380493,-0.24009705583134888,-0.02242639660835266,-0.2475903183221817,-0.1074399972943425,-0.031482964754104614,-0.2388342320919037,-0.19174591700116395,-0.016875624656677246,-0.10273775458335876,-0.2055409202961087,-0.0025762617588043213,-0.0026158690452575684,-0.19663905600587128,-0.08963994681835175,-0.20652422308921814,-0.1255740026620984,-0.10021287202835083,-0.1896640658378601,-0.17933813730756043,-0.08100207149982452,-0.11627882719039917,-0.18604558209458588,-0.06027156114578247,-0.06070303916931152,-0.18046958247700928,1.6282535500458875,1.6048496625094315,1.5522162241912123,1.4899435624350288,1.3720549813071796,0.02965324480497807,0.04561795720751017,0.10628265253877853,0.1758604349883763,0.07227467348847229,0.12628236837136275,0.18743618110287955,0.0653178373714306,0.14281511204770195,0.081871038251471,M
0.0,0.0,0.0,0.07080775499343872,-0.018565595149993896,-0.0619067608859325,0.11887085437774658,-0.04767605662345886,-0.11268805931470638,0.12778273224830627,-0.04888683557510376,-0.16130605559013134,0.10725545883178711,-0.031428903341293335,-0.20777563969753032,0.14028823375701904,-0.27201373875141144,-0.0745456389632011,0.14456290006637573,-0.21851909160614014,-0.1500761381830955,0.12950798869132996,-0.12057486176490784,-0.20344598810336834,0.12291944026947021,-0.043293893337249756,-0.23241055230758434,0.06675541400909424,-0.2894686162471771,-0.07830131272933727,0.06072154641151428,-0.23654767870903015,-0.16443027774951702,0.05996248126029968,-0.09862583875656128,-0.20409488896987682,0.06025886535644531,0.007446706295013428,-0.21729880790374523,-0.010873034596443176,-0.27173808217048645,-0.08966057966611629,-0.026734083890914917,-0.24901717901229858,-0.16934019546172863,-0.011025786399841309,-0.1176193356513977,-0.18445605258605724,0.005393624305725098,-0.01776832342147827,-0.1766458175625587,-0.07994966208934784,-0.23119580745697021,-0.10557661424539333,-0.09193660318851471,-0.21612206101417542,-0.15462176720760112,-0.07115477323532104,-0.14757588505744934,-0.16060582022331005,-0.04698921740055084,-0.09234631061553955,-0.15475870887897258,2.191464901554214,1.6465900179968245,1.5926729755794917,1.5068341065253545,1.3377277279314645,0.01965040208454338,0.06099174389112879,0.102773755291711,0.16583832685792252,0.08062850674217173,0.12026583944524324,0.17684765079602235,0.060382053618249804,0.14649504250711493,0.09113637187831393,M
0.0,0.0,0.0,0.06482377648353577,-0.019984662532806396,-0.05743866646368545,0.10970255732536316,-0.04149901866912842,-0.10729055339176696,0.12283751368522644,-0.028215378522872925,-0.15689879143316787,0.0994192361831665,-0.008902251720428467,-0.20475889229853195,0.13103875517845154,-0.26361486315727234,-0.07032928848345321,0.13569161295890808,-0.22649440169334412,-0.14482233905870956,0.1229536235332489,-0.12487319111824036,-0.19916569674093765,0.11704978346824646,-0.04454973340034485,-0.22900023543913406,0.058138877153396606,-0.27679240703582764,-0.07669957214672607,0.05268624424934387,-0.24479269981384277,-0.15999368810732406,0.05150899291038513,-0.10782614350318909,-0.19962369883139175,0.052712440490722656,-0.003526031970977783,-0.21356676006395858,-0.016198396682739258,-0.2569546103477478,-0.09045780682642501,-0.029573023319244385,-0.25027039647102356,-0.16580834472258132,-0.01647859811782837,-0.12330952286720276,-0.1808574595459227,-0.0013852715492248535,-0.024969756603240967,-0.17421555006582778,-0.07994724810123444,-0.21137085556983948,-0.10883165383417648,-0.0901387631893158,-0.19660773873329163,-0.1550514348753218,-0.07104915380477905,-0.1264309585094452,-0.16104819858152908,-0.048701271414756775,-0.06815215945243835,-0.15607997262556594,1.8763851999320267,1.6345673313698574,1.590651398849267,1.507029053121272,1.3559925158120758,0.039769072753729304,0.04701519438064757,0.10207699786107031,0.1595313020611257,0.07630358956414426,0.12004264970570494,0.16742307699469894,0.05819274674786724,0.1202550511026359,0.0640587524004752,M
0.0,0.0,0.0,0.06972327828407288,-0.008142709732055664,-0.05702674301661759,0.1200246810913086,-0.02009296417236328,-0.10759689199127465,0.13090893626213074,-0.006388157606124878,-0.15787177073158531,0.10513445734977722,0.013074755668640137,-0.2067149161020687,0.15242430567741394,-0.234585702419281,-0.07510528253711968,0.15773877501487732,-0.19577345252037048,-0.153525951377528,0.14151796698570251,-0.09528905153274536,-0.208381566278117,0.13306346535682678,-0.01377028226852417,-0.23757440137066155,0.07662469148635864,-0.2545114606618881,-0.08271754073299675,0.07265099883079529,-0.21998223662376404,-0.1689841030756405,0.06855791807174683,-0.07716172933578491,-0.20769097196258812,0.06711548566818237,0.03145182132720947,-0.22063766705192833,-0.0031647682189941406,-0.24372141063213348,-0.09763749229110985,-0.01574377715587616,-0.2316916584968567,-0.1773548303762844,-0.005418494343757629,-0.09480363130569458,-0.19020989822544365,0.006825342774391174,0.008029967546463013,-0.18108350323833733,-0.07590349018573761,-0.2092353105545044,-0.1168021662751606,-0.09017322957515717,-0.203004390001297,-0.16462554322876244,-0.0725765973329544,-0.13047859072685242,-0.16791925119556694,-0.051393479108810425,-0.06928682327270508,-0.16060766863025933,1.9927660878245508,1.6582515200681338,1.6040373186177816,1.5311346883313015,1.3974187544862362,0.03873868286487848,0.04222746440345761,0.09843846756118281,0.17687403590605122,0.07996358345295139,0.1281066527746857,0.19263034726301065,0.06467986212632514,0.15553986385599805,0.09678490256255336,M
0.0,0.0,0.0,0.06602652370929718,-0.0037205517292022705,-0.06284457891615602,0.11077331006526947,-0.013039588928222656,-0.11623099147709581,0.1258348673582077,0.005701988935470581,-0.1678342938366768,0.1037614494562149,0.01863884925842285,-0.2177218466940758,0.144330695271492,-0.23171085119247437,-0.08240609317454073,0.14729242026805878,-0.19167110323905945,-0.15903395115765306,0.13592098653316498,-0.09578081965446472,-0.21313915848168108,0.13147534430027008,-0.020627588033676147,-0.2430303662958977,0.07089002430438995,-0.2484743297100067,-0.08748987763556215,0.06754662096500397,-0.21404635906219482,-0.17359091042908403,0.06434567272663116,-0.07347866892814636,-0.21271516084107134,0.06270377337932587,0.03150254487991333,-0.22633088826569292,-0.006918981671333313,-0.23550420999526978,-0.09973632245691988,-0.020093336701393127,-0.21574833989143372,-0.17862672805222246,-0.007536977529525757,-0.08382052183151245,-0.19211654066475603,0.0065879374742507935,0.014565229415893555,-0.1843907952252266,-0.07604128122329712,-0.19697386026382446,-0.11678868233593676,-0.08653967082500458,-0.1720653772354126,-0.1648234993162987,-0.06444159150123596,-0.09629163146018982,-0.1692167788687584,-0.039927542209625244,-0.035965949296951294,-0.1632564634028313,1.7886290773232976,1.6316229997894407,1.6000270240377097,1.5168360858625387,1.3501502377629329,0.0480615549586329,0.04302566013296135,0.09725885979966233,0.15371470440793514,0.08629646414843985,0.12975129588472858,0.1720878113933895,0.05861620675592234,0.12282175966013716,0.0686810736107885,M
0.0,0.0,0.0,0.06880369782447815,-0.00805133581161499,-0.06688179797916405,0.11978849768638611,-0.022923767566680908,-0.12492403365163796,0.12871551513671875,-0.006402343511581421,-0.18107297993688576,0.1006835401058197,0.011662304401397705,-0.2349657116034507,0.1456153690814972,-0.22886031866073608,-0.09391858405857079,0.15006023645401,-0.1809510886669159,-0.18113055802373879,0.1334618330001831,-0.07808929681777954,-0.24147364474325173,0.1223842203617096,0.0003161430358886719,-0.27530908561735146,0.06930878758430481,-0.24756017327308655,-0.10081453598527901,0.06514710187911987,-0.21383610367774963,-0.19686098373918526,0.06334331631660461,-0.07047230005264282,-0.24100378132848732,0.06220254302024841,0.03311699628829956,-0.2586092648604392,-0.008940815925598145,-0.23595434427261353,-0.11549106217412941,-0.020425602793693542,-0.22277593612670898,-0.2035979775288581,-0.006413549184799194,-0.0841713547706604,-0.22020672238855354,0.007109463214874268,0.015536248683929443,-0.21464157081632607,-0.07673527300357819,-0.19734707474708557,-0.13528330601243965,-0.0860571414232254,-0.1623811423778534,-0.19199411548166267,-0.06326839327812195,-0.07474806904792786,-0.20097158826379768,-0.03761114180088043,-0.010641336441040039,-0.19834984816102974,2.075471672255174,1.6718192036139188,1.5961091328310721,1.5070621697523185,1.3642354534115917,0.024487852116928083,0.04405781361644763,0.09365423274095372,0.1400816598934487,0.06853999023721798,0.1162751961993588,0.16037014145415493,0.057830183544321304,0.10898423445995865,0.05181890075976302,M
0.0,0.0,0.0,0.07668721675872803,-0.01317623257637024,-0.06821389629757846,0.12707263231277466,-0.03587847948074341,-0.12598006560719455,0.13335633277893066,-0.023413360118865967,-0.18146601452744449,0.1052318811416626,-0.0026442110538482666,-0.23467062547123874,0.1506306529045105,-0.24561098217964172,-0.09083680196917499,0.15494510531425476,-0.19699636101722717,-0.1778043819896027,0.13905227184295654,-0.09222471714019775,-0.23912911250508273,0.1307811439037323,-0.01220393180847168,-0.27319245173848117,0.07466533780097961,-0.25970780849456787,-0.09525545074856723,0.0707634687423706,-0.2199687659740448,-0.19076962902462924,0.0679151713848114,-0.07804718613624573,-0.2352348281375214,0.066931813955307,0.02485179901123047,-0.25245557858860934,-0.0031275302171707153,-0.24464625120162964,-0.10779696836388553,-0.016109496355056763,-0.22821858525276184,-0.19395257666027987,-0.0020571500062942505,-0.09346550703048706,-0.21147512032902682,0.013036802411079407,0.0036776065826416016,-0.20589599146759952,-0.06985057890415192,-0.2072342038154602,-0.125621498965387,-0.0813235491514206,-0.18240690231323242,-0.1781354261866852,-0.05769972503185272,-0.10277396440505981,-0.18604947760022128,-0.030027151107788086,-0.042821913957595825,-0.1825753016701981,2.152199396418506,1.6556346534288333,1.597966805301554,1.5057942760379786,1.3331562843940465,0.027279169499668774,0.04714791316673797,0.09241156810901689,0.14110015455583225,0.07382319500973324,0.1188105770342307,0.163697185606217,0.05790525618935932,0.11824031602247002,0.06337751575398914,M
0.0,0.0,0.0,0.07697021961212158,-0.006933629512786865,-0.06385823444615824,0.1275348961353302,-0.020356088876724243,-0.1204606603194378,0.13229888677597046,-0.0013490617275238037,-0.17588453845273477,0.09817087650299072,0.022100746631622314,-0.2293776507784031,0.15182599425315857,-0.21867471933364868,-0.088459842960944,0.1533389389514923,-0.18054479360580444,-0.17573373870145303,0.13712695240974426,-0.07728853821754456,-0.2367687459398411,0.1290062963962555,0.0041967034339904785,-0.2705023373771809,0.07633471488952637,-0.2319614589214325,-0.09564856545220835,0.07129549980163574,-0.20359516143798828,-0.19122333184968454,0.0671876072883606,-0.06148812174797058,-0.23526086763631326,0.0655088722705841,0.04057210683822632,-0.25240669504891855,-0.0010456740856170654,-0.22011271119117737,-0.11051118479262811,-0.012896150350570679,-0.2112925946712494,-0.19733692065965158,-0.00222797691822052,-0.07609081268310547,-0.21289641515504343,0.009600579738616943,0.020118355751037598,-0.20609047369252664,-0.06808115541934967,-0.18656998872756958,-0.13031359867345316,-0.08016760647296906,-0.15943825244903564,-0.18324495212327463,-0.058882832527160645,-0.07733672857284546,-0.18916633085500223,-0.03402574360370636,-0.01675790548324585,-0.184335389297118,2.175876328136108,1.672830276033086,1.6104984232669242,1.5265085811967785,1.372874249611543,0.0356563862837587,0.03752329500936534,0.08859247904045052,0.13778948149920128,0.07317849987131662,0.1204625426555043,0.1643731781691389,0.059532286260286435,0.11486457273686568,0.05712367924939761,M
0.0,0.0,0.0,0.0791693776845932,-0.016584396362304688,-0.05462461822503428,0.13101328909397125,-0.042761802673339844,-0.10007285439246516,0.14690713584423065,-0.033131420612335205,-0.14495194815867762,0.12652002274990082,-0.020790159702301025,-0.18817397319548945,0.1504310816526413,-0.25580278038978577,-0.06499192231171946,0.14923609793186188,-0.21376311779022217,-0.13836934530013423,0.13594870269298553,-0.11333650350570679,-0.19213525318377833,0.1289892941713333,-0.03174510598182678,-0.22106971704238276,0.07703377306461334,-0.27345994114875793,-0.07011447959416728,0.06716211140155792,-0.23130381107330322,-0.1500038739370666,0.06378288567066193,-0.09556582570075989,-0.18698494993918757,0.062348172068595886,0.006298542022705078,-0.1999190088438354,0.0004280954599380493,-0.25935009121894836,-0.0824556361960731,-0.013243839144706726,-0.24120062589645386,-0.15529082082980494,-0.0031293928623199463,-0.11581945419311523,-0.1674156274723373,0.009299501776695251,-0.01970750093460083,-0.15947104357951503,-0.0654040277004242,-0.2193237543106079,-0.09934980534785609,-0.07809802889823914,-0.20093464851379395,-0.1431003894733749,-0.05928574502468109,-0.12520891427993774,-0.1460271265434585,-0.036666691303253174,-0.06221550703048706,-0.13888647519820552,1.7725178967514514,1.6662034132978256,1.6232420430118293,1.5337939012769224,1.3898820431032042,0.011229788481534213,0.06965503701104497,0.11722552063111942,0.16836259395936704,0.07673563910338324,0.12029360057270112,0.16843500486425797,0.059080247884009604,0.12040813131266989,0.06260847776867762,M
0.0,0.0,0.0,0.06834234297275543,-0.008960425853729248,-0.05904505481864675,0.11611758172512054,-0.022346943616867065,-0.1094754793300794,0.1284232884645462,-0.0011991262435913086,-0.1594879486217664,0.09954376518726349,0.015360414981842041,-0.2081324913158582,0.14628200232982635,-0.23275697231292725,-0.07268480291511281,0.14565084874629974,-0.19356191158294678,-0.14955605646516545,0.12964265048503876,-0.09579911828041077,-0.20580013176347478,0.12085361778736115,-0.016362398862838745,-0.23641732415105565,0.07201908528804779,-0.24936005473136902,-0.07909364333297475,0.06450589001178741,-0.2208206057548523,-0.16484445413495763,0.057812973856925964,-0.08231809735298157,-0.20580184539701207,0.05213998258113861,0.025477290153503418,-0.22034546812917455,-0.006291240453720093,-0.23954862356185913,-0.09286449929620488,-0.021708399057388306,-0.22994691133499146,-0.1701795317783521,-0.01374642550945282,-0.0985872745513916,-0.18440285405065282,-0.004752308130264282,0.0011810064315795898,-0.1768572934522794,-0.07481378316879272,-0.20699632167816162,-0.11145564993764623,-0.08895814418792725,-0.19576230645179749,-0.1569840469017194,-0.07349875569343567,-0.12183171510696411,-0.15995958527471288,-0.05564244091510773,-0.06153559684753418,-0.15313372095967992,1.9849160612136925,1.6877692352144726,1.643001012168689,1.56440363072414,1.4397542226895572,0.03821579171052406,0.048471329346405655,0.10525552971834964,0.17319282664045646,0.08044950739586941,0.12682515403084765,0.18218528083703642,0.06186309194573935,0.1385218153179474,0.080766193062003,M
0.0,0.0,0.0,0.06591251492500305,-0.001569509506225586,-0.05800290483455761,0.11432963609695435,-0.008877277374267578,-0.1094049372098933,0.13044199347496033,0.021498441696166992,-0.1606831930897723,0.10648828744888306,0.03553122282028198,-0.21068217683057888,0.149594247341156,-0.21554520726203918,-0.07865393239479168,0.1526165008544922,-0.18372386693954468,-0.15860659706812008,0.1332659125328064,-0.07927107810974121,-0.21447955894689663,0.12038815021514893,0.0013509690761566162,-0.2438353978417407,0.07570558786392212,-0.2387942373752594,-0.08578448820333584,0.06795945763587952,-0.20590880513191223,-0.17064756977777584,0.05796608328819275,-0.06118816137313843,-0.20818569588880642,0.053709834814071655,0.038429081439971924,-0.22149664986353024,-0.0025645941495895386,-0.23249298334121704,-0.10026140588741406,-0.014595478773117065,-0.21844789385795593,-0.17698616612176998,-0.010700568556785583,-0.08316829800605774,-0.18706580329160793,-0.003605857491493225,0.014572381973266602,-0.17785777974348171,-0.07056637108325958,-0.1978575587272644,-0.119535096766759,-0.08219966292381287,-0.18070551753044128,-0.1651089720747958,-0.06896394491195679,-0.10015884041786194,-0.16615559983472927,-0.05340293049812317,-0.03645852208137512,-0.15822222161512478,1.7455679857407052,1.704645953968173,1.649973539961241,1.5750108275833499,1.4648528307995416,0.03689845431632361,0.05285794781397346,0.11207137796869948,0.17535029212288958,0.07629406373492797,0.12469691137374132,0.17785639532240197,0.06208245077242753,0.13069543853553497,0.07130148419676607,M
0.0,0.0,0.0,0.0654890239238739,-0.003157973289489746,-0.06213293144992704,0.11318439245223999,-0.009397625923156738,-0.1177932165055644,0.13044947385787964,0.02143251895904541,-0.17292270729831571,0.10793420672416687,0.03858000040054321,-0.2269063807516467,0.13969182968139648,-0.21924957633018494,-0.08798067937187071,0.14809265732765198,-0.18460190296173096,-0.17364922831348295,0.13159459829330444,-0.07589703798294067,-0.23289810786537046,0.12098938226699829,0.006966948509216309,-0.26382141480735655,0.06301423907279968,-0.2362179458141327,-0.09526061187080259,0.05966895818710327,-0.20296022295951843,-0.18527006278327818,0.056234508752822876,-0.057016730308532715,-0.22475937674335356,0.05693697929382324,0.04436975717544556,-0.23882066378883238,-0.015234902501106262,-0.2228490710258484,-0.11022059539846296,-0.022184789180755615,-0.2080276906490326,-0.1916012085466754,-0.01297527551651001,-0.07130467891693115,-0.20249610314658995,-0.002442985773086548,0.025945842266082764,-0.1931088931351077,-0.08163833618164062,-0.18225407600402832,-0.13012347290805693,-0.08838821947574615,-0.16196489334106445,-0.17937426934532041,-0.07137106359004974,-0.07806247472763062,-0.18075109193614836,-0.05323737859725952,-0.013958573341369629,-0.172427452304877,1.6797925113390455,1.6532837134689407,1.5924519791009049,1.5194260541412161,1.4036150036088395,0.03420267033928596,0.051324833064460326,0.11109791436090188,0.16951867639247375,0.07417331341365678,0.12488293673763995,0.1754788923659214,0.06217250913333696,0.12466187579846223,0.06459437070944096,M
0.0,0.0,0.0,0.06301449239253998,-0.003928124904632568,-0.050881899348873105,0.11417727172374725,0.00021061301231384277,-0.10125800540246388,0.12828420102596283,0.0362471342086792,-0.15345447083510777,0.08939845860004425,0.0605316162109375,-0.20551054497756382,0.1313590556383133,-0.2121669054031372,-0.07773580720223805,0.1332717388868332,-0.15224555134773254,-0.1587787153343143,0.11988987028598785,-0.04839378595352173,-0.21601429899730107,0.109214648604393,0.032009005546569824,-0.24616790135898015,0.05120666325092316,-0.22893521189689636,-0.09024363329209706,0.044427767395973206,-0.17856672406196594,-0.17519328316249272,0.045633479952812195,-0.032973647117614746,-0.2118693770984592,0.04586537182331085,0.07356959581375122,-0.22495068927802464,-0.02994699776172638,-0.21570628881454468,-0.10910583605565449,-0.041619673371315,-0.18654921650886536,-0.18599686344661137,-0.02882203459739685,-0.045186847448349,-0.19429010470904728,-0.01597563922405243,0.05490529537200928,-0.18358111699618718,-0.09992371499538422,-0.17663639783859253,-0.13222205956973454,-0.10932594537734985,-0.15000930428504944,-0.17629671414889714,-0.09099915623664856,-0.06878632307052612,-0.17420353313483616,-0.0723070502281189,-0.006520986557006836,-0.16437879522838017,1.9605632739851357,1.6612392951115762,1.588451373321694,1.5192132998635757,1.4098595716377087,0.03473068823676767,0.04544357552431352,0.10552419617521308,0.1750563427109423,0.07576551677407531,0.12726683878504855,0.18556585741602044,0.06459618222727807,0.14275581500586385,0.08334516169119856,M
0.0,0.0,0.0,0.06533907353878021,-0.0063863396644592285,-0.054668432138097245,0.12036080658435822,-0.00921785831451416,-0.10580792095435854,0.1292404979467392,0.022077441215515137,-0.15821242149842973,0.0849323719739914,0.05042392015457153,-0.20996069725526567,0.1313265711069107,-0.22457364201545715,-0.07895677354110475,0.13118107616901398,-0.16100886464118958,-0.1617297958947539,0.11584939062595367,-0.051004558801651,-0.21976069923413988,0.10590590536594391,0.03095424175262451,-0.2511223685361266,0.04918144643306732,-0.2412414848804474,-0.09072247710002657,0.04119502007961273,-0.18718135356903076,-0.17893425937665697,0.04296870529651642,-0.039492249488830566,-0.21740019138826128,0.04532305896282196,0.06727081537246704,-0.23148380037320848,-0.0332048237323761,-0.22589442133903503,-0.10944567438138719,-0.04555818438529968,-0.194881409406662,-0.191236613354814,-0.032850489020347595,-0.04851043224334717,-0.20142593797219988,-0.018921688199043274,0.0540500283241272,-0.19120664711965318,-0.10348710417747498,-0.18417367339134216,-0.13275489028466936,-0.11298929154872894,-0.14298731088638306,-0.1831264775611281,-0.09355424344539642,-0.05592656135559082,-0.18502203937543626,-0.07151956856250763,0.007080554962158203,-0.1771488767482161,2.1068074799959295,1.6699530148976331,1.5833021047540947,1.5198192095917376,1.4051805119404885,0.028617433148669876,0.043043182453200955,0.10391734443720944,0.1623448705806227,0.07063409090368268,0.12694622275822953,0.1790244444753423,0.06559098069147573,0.13143464937102278,0.07051715001777953,M
0.0,0.0,0.0,0.06452533602714539,-0.007641613483428955,-0.0620618346324362,0.11260291934013367,-0.013740360736846924,-0.11927812874225752,0.12408831715583801,0.015599370002746582,-0.1758344802251257,0.10657382011413574,0.051597416400909424,-0.23127585977224485,0.13471177220344543,-0.24378237128257751,-0.0884612160911955,0.13844740390777588,-0.1599573791027069,-0.17348672777322904,0.1224202811717987,-0.045158326625823975,-0.2332124146809973,0.11188706755638123,0.03685861825942993,-0.2659182581296362,0.05131262540817261,-0.26044362783432007,-0.09686362326053755,0.05005726218223572,-0.18953624367713928,-0.18559864491132871,0.05072483420372009,-0.039780378341674805,-0.22381793290285246,0.05173960328102112,0.06544661521911621,-0.2378316852441229,-0.03305007517337799,-0.24051833152770996,-0.1124369013300337,-0.04149553179740906,-0.18874642252922058,-0.1937824818482794,-0.02554941177368164,-0.04600280523300171,-0.2031191769233145,-0.011743634939193726,0.05199474096298218,-0.1926591280093588,-0.10493607819080353,-0.1916038990020752,-0.13317758172659055,-0.10948167741298676,-0.135933518409729,-0.18186840742735044,-0.08357146382331848,-0.04628920555114746,-0.182107824384252,-0.058623746037483215,0.014547228813171387,-0.17305565208105222,1.6628116068912622,1.651948326445818,1.5694861383568137,1.4980854606264213,1.3498128219654013,0.0156672514831992,0.05655609289552498,0.11831812218381538,0.16930136521217157,0.0665957283083739,0.12455381491566749,0.17196434412826458,0.06489279201827726,0.1215352476004385,0.06000050818783281,M
0.0,0.0,0.0,0.06452533602714539,-0.007641613483428955,-0.0620618346324362,0.11260291934013367,-0.013740360736846924,-0.11927812874225752,0.12408831715583801,0.015599370002746582,-0.1758344802251257,0.10657382011413574,0.051597416400909424,-0.23127585977224485,0.13471177220344543,-0.24378237128257751,-0.0884612160911955,0.13844740390777588,-0.1599573791027069,-0.17348672777322904,0.1224202811717987,-0.045158326625823975,-0.2332124146809973,0.11188706755638123,0.03685861825942993,-0.2659182581296362,0.05131262540817261,-0.26044362783432007,-0.09686362326053755,0.05005726218223572,-0.18953624367713928,-0.18559864491132871,0.05072483420372009,-0.039780378341674805,-0.22381793290285246,0.05173960328102112,0.06544661521911621,-0.2378316852441229,-0.03305007517337799,-0.24051833152770996,-0.1124369013300337,-0.04149553179740906,-0.18874642252922058,-0.1937824818482794,-0.02554941177368164,-0.04600280523300171,-0.2031191769233145,-0.011743634939193726,0.05199474096298218,-0.1926591280093588,-0.10493607819080353,-0.1916038990020752,-0.13317758172659055,-0.10948167741298676,-0.135933518409729,-0.18186840742735044,-0.08357146382331848,-0.04628920555114746,-0.182107824384252,-0.058623746037483215,0.014547228813171387,-0.17305565208105222,1.6628116068912622,1.651948326445818,1.5694861383568137,1.4980854606264213,1.3498128219654013,0.0156672514831992,0.05655609289552498,0.11831812218381538,0.16930136521217157,0.0665957283083739,0.12455381491566749,0.17196434412826458,0.06489279201827726,0.1215352476004385,0.06000050818783281,M
0.0,0.0,0.0,0.06427502632141113,-0.00959688425064087,-0.062085447095157065,0.11282622814178467,-0.017951786518096924,-0.11962000020575658,0.12637260556221008,0.010082900524139404,-0.17686387636494771,0.10672274231910706,0.0461999773979187,-0.23285586871934072,0.14012494683265686,-0.2437676191329956,-0.08615505435300008,0.14183899760246277,-0.16755029559135437,-0.1718297127707018,0.1259879469871521,-0.053664207458496094,-0.2322431329710497,0.11455535888671875,0.029017627239227295,-0.26523272433114187,0.057203829288482666,-0.2618929445743561,-0.09488168843817846,0.05308520793914795,-0.19751262664794922,-0.1857263866884722,0.05182540416717529,-0.04376494884490967,-0.22511692085099355,0.051185816526412964,0.06304389238357544,-0.23914842047524587,-0.027314335107803345,-0.24484050273895264,-0.11104172208142415,-0.03702463209629059,-0.2070048451423645,-0.19411803521943227,-0.02462194859981537,-0.06132212281227112,-0.20391972102952138,-0.012730300426483154,0.03882730007171631,-0.19312722720933095,-0.09945867955684662,-0.1983562707901001,-0.13230232634377614,-0.10689863562583923,-0.15546834468841553,-0.18264388778042928,-0.08516651391983032,-0.0663791298866272,-0.1836281392796053,-0.06298339366912842,-0.004561901092529297,-0.1746148441059603,1.6656521628056733,1.6642584671133482,1.589314771419513,1.5194291810884333,1.3847563609738978,0.01888340645305046,0.05803505491121071,0.11968034839578343,0.1771353745019229,0.0719269464013875,0.12766310644770076,0.18068645046618623,0.06834993306167234,0.13268440702737996,0.06639274175785612,M
0.0,0.0,0.0,0.06175816059112549,-0.01105809211730957,-0.06141679035496139,0.11115607619285583,-0.022774696350097656,-0.11748293088745498,0.12233489751815796,0.011989235877990723,-0.17384634213518524,0.0949493944644928,0.04803776741027832,-0.22875230805944824,0.1351768970489502,-0.2367604374885559,-0.08389311330389404,0.13703066110610962,-0.1743837296962738,-0.1698384662158432,0.12238258123397827,-0.060493290424346924,-0.22998259263109588,0.11103671789169312,0.026109516620635986,-0.26291278796266937,0.05247539281845093,-0.2558045983314514,-0.09380547003816986,0.04716113209724426,-0.21011829376220703,-0.18651082413267517,0.048175692558288574,-0.05386918783187866,-0.22680256562303924,0.04917702078819275,0.05752766132354736,-0.24105908768247986,-0.03165484964847565,-0.24092179536819458,-0.1115348716266098,-0.04091019928455353,-0.21822494268417358,-0.19760686950754547,-0.027863353490829468,-0.06620466709136963,-0.20861674146723175,-0.015014395117759705,0.03902357816696167,-0.1980330576188507,-0.10385225713253021,-0.19592082500457764,-0.1343021770007553,-0.11095321178436279,-0.15627571940422058,-0.18868992524217987,-0.08991523087024689,-0.06562447547912598,-0.19225394027304077,-0.06764300167560577,-0.002537846565246582,-0.18494046526026153,1.7957889849122923,1.6623726344116128,1.5813226933052824,1.5114243963165848,1.3856984264861558,0.027196510028766517,0.04674578353657094,0.11033263627324523,0.17027677472744207,0.06938099121740687,0.1267109153804207,0.18096163571915577,0.06680523160259834,0.1313574622409445,0.06706058644234757,M
0.0,0.0,0.0,0.06333225965499878,-0.013127565383911133,-0.06568441581645601,0.1126459538936615,-0.030953586101531982,-0.12485035550513857,0.12112122774124146,-0.006579995155334473,-0.18313899677911394,0.0903584361076355,0.02488243579864502,-0.23993332725682848,0.12854981422424316,-0.2560714781284332,-0.09642536979833238,0.12889227271080017,-0.20098331570625305,-0.1853734259001314,0.11274078488349915,-0.08421340584754944,-0.244999438940674,0.10293138027191162,0.004451870918273926,-0.27661643963971727,0.045269519090652466,-0.2695143520832062,-0.10467273783603304,0.040672630071640015,-0.2278672456741333,-0.20091481548467272,0.03823584318161011,-0.0728667676448822,-0.24055945914903276,0.03971782326698303,0.0396692156791687,-0.25337900262990587,-0.03651721775531769,-0.2484753131866455,-0.1205945168129503,-0.04677604138851166,-0.23203915357589722,-0.20833875280538194,-0.03513067960739136,-0.08232679963111877,-0.21928930324235552,-0.020315393805503845,0.02494823932647705,-0.20800031763234728,-0.10613273084163666,-0.20084580779075623,-0.14174653631368272,-0.1165858805179596,-0.17914387583732605,-0.19688124996343248,-0.09724684059619904,-0.09533560276031494,-0.20129446726956957,-0.07506398856639862,-0.03390544652938843,-0.19431158941903703,1.9505785306151695,1.668815701518309,1.588750383424531,1.5116101264195043,1.3867945656137433,0.02398930816611971,0.05275528910082775,0.11067384947559551,0.17555794967375074,0.07236169678236601,0.12493945909285135,0.18208139698955203,0.06181176503586382,0.136338165041404,0.08038137201562048,M
0.0,0.0,0.0,0.06228382885456085,-0.009741723537445068,-0.06320294066227916,0.11487217247486115,-0.0225638747215271,-0.12077292128361705,0.13031087815761566,0.0042577385902404785,-0.1781073145464802,0.0998590737581253,0.03114008903503418,-0.23354306145466808,0.1349085420370102,-0.24421566724777222,-0.0929552920059109,0.13660074770450592,-0.19115519523620605,-0.18251331969059947,0.12079934775829315,-0.07151758670806885,-0.2422179959610844,0.1092393547296524,0.01865619421005249,-0.2738331936196232,0.05087237060070038,-0.26174023747444153,-0.10293900295056346,0.04725755751132965,-0.22180438041687012,-0.20022551043786052,0.04650379717350006,-0.06424865126609802,-0.23933035953797344,0.04755277931690216,0.04884696006774902,-0.25152520163811687,-0.03187991678714752,-0.2440899908542633,-0.12081733419455531,-0.04047921299934387,-0.22135856747627258,-0.20910891218937877,-0.027052387595176697,-0.07036280632019043,-0.21895816250599864,-0.012386128306388855,0.03586471080780029,-0.20709497555054668,-0.10187816619873047,-0.19679000973701477,-0.14391077383316997,-0.10886876285076141,-0.15959793329238892,-0.19914505704201702,-0.08738473057746887,-0.07015615701675415,-0.2031893961028004,-0.06391924619674683,-0.006724178791046143,-0.196061857779398,1.8433903844688029,1.6681367674047736,1.5814840335431761,1.501276601640815,1.3736752121560585,0.015615290618685199,0.05522211259940285,0.11234459238165097,0.16809830714568666,0.06867835124132769,0.12283684775850169,0.17500875523373932,0.06132871629930675,0.12455586676740323,0.06685413791803962,M
0.0,0.0,0.0,0.06537383794784546,-0.002920806407928467,-0.05773340077441169,0.11815288662910461,-0.007302463054656982,-0.10965022729080154,0.12739858031272888,0.027491331100463867,-0.16182315633933975,0.09707871079444885,0.06663072109222412,-0.21309362636249496,0.14043229818344116,-0.2271265685558319,-0.0769277317945285,0.13926741480827332,-0.1616191267967224,-0.1568639008824153,0.11975392699241638,-0.04917490482330322,-0.21411326811950637,0.10627144575119019,0.03721177577972412,-0.24532503173988296,0.05758613348007202,-0.2489124834537506,-0.08570552901666595,0.04910990595817566,-0.1895122230052948,-0.17129870043437911,0.0441817045211792,-0.03634762763977051,-0.21018253551166488,0.0432799756526947,0.07400810718536377,-0.2244496820990367,-0.02732376754283905,-0.23700478672981262,-0.10159307257574035,-0.040447816252708435,-0.19900324940681458,-0.18190957890193893,-0.03221900761127472,-0.053418248891830444,-0.19376965151470138,-0.021814823150634766,0.05199241638183594,-0.18457222269218398,-0.0992240309715271,-0.19376221299171448,-0.12208704189699127,-0.10968957841396332,-0.14536920189857483,-0.1709848372761531,-0.0921502560377121,-0.05154776573181152,-0.1727398662392421,-0.0727250874042511,0.017175137996673584,-0.16461357758682205,1.8484757438594888,1.6993155720231035,1.6150697787506934,1.5517363593766316,1.4458262804395883,0.03082175723875522,0.05430220739914597,0.11979128673966619,0.17685922249638475,0.07295132151019139,0.12893626184204118,0.18011447952709456,0.06871698096396904,0.1291787948606449,0.06167736927368853,M
0.0,0.0,0.0,0.06126689910888672,-0.00933009386062622,-0.05739742455651253,0.11239969730377197,-0.0199393630027771,-0.11172135484983414,0.12359938025474548,0.018603503704071045,-0.16709032220413178,0.09237635135650635,0.05866718292236328,-0.2214660899119565,0.1307545304298401,-0.22994917631149292,-0.08541486722995728,0.1298372447490692,-0.17453822493553162,-0.17114731235076874,0.1105850338935852,-0.05741983652114868,-0.22882955832054108,0.09885641932487488,0.0322648286819458,-0.2590995536523053,0.047635018825531006,-0.24791711568832397,-0.09677927506734818,0.04199475049972534,-0.20321327447891235,-0.1888742254452893,0.035132408142089844,-0.04334944486618042,-0.22534319324066132,0.034684330224990845,0.07099282741546631,-0.23638803822566956,-0.03507143259048462,-0.23331186175346375,-0.11545834255983323,-0.04471305012702942,-0.2135423719882965,-0.19994297189285248,-0.03799988329410553,-0.05805778503417969,-0.20660808248092621,-0.025481343269348145,0.0529211163520813,-0.19278358978797883,-0.1063871830701828,-0.19175556302070618,-0.1388396875338742,-0.12061333656311035,-0.17157414555549622,-0.19041941625644654,-0.10622873902320862,-0.08608037233352661,-0.19050295216609925,-0.08634549379348755,-0.0217168927192688,-0.18086736959983796,1.8202205876492101,1.691850674683615,1.611383260127917,1.537304367392637,1.4534721496326806,0.027185944719857847,0.05899398964648511,0.11799768414486482,0.1959670828240754,0.07495275115262295,0.12604190345773408,0.1929087215968729,0.06282113504057275,0.15245756953790376,0.09630824065032045,M
0.0,0.0,0.0,0.06716741621494293,-0.004347443580627441,-0.05484548881717011,0.11118517816066742,-0.0017968416213989258,-0.11129367277093216,0.11893461644649506,0.04197835922241211,-0.16835437640614792,0.09464402496814728,0.08652359247207642,-0.22540883645482346,0.134308859705925,-0.22277721762657166,-0.08905120864577576,0.13555334508419037,-0.14771118760108948,-0.17318427488274857,0.11587460339069366,-0.035383909940719604,-0.23302702531285568,0.10135911405086517,0.051534414291381836,-0.26540209278531357,0.053543075919151306,-0.2393454909324646,-0.10024749413199707,0.04683150351047516,-0.17411217093467712,-0.18707269355721756,0.039953961968421936,-0.02379739284515381,-0.22545945569939896,0.03678999841213226,0.08658111095428467,-0.23997808918423935,-0.028979375958442688,-0.2216007113456726,-0.1173036016530542,-0.043450430035591125,-0.1794918179512024,-0.19511791989274307,-0.03412294387817383,-0.03904539346694946,-0.20421349927850052,-0.021543309092521667,0.0642804503440857,-0.19427895471520706,-0.09843310713768005,-0.17460444569587708,-0.13870631083913132,-0.11170998215675354,-0.1390739381313324,-0.18274557516045853,-0.09395840764045715,-0.05680820345878601,-0.180384381861165,-0.07285527884960175,0.005740702152252197,-0.1704136274761705,1.7559372344990793,1.6903415080190431,1.6221525103934546,1.5447911486810841,1.4299088650365552,0.03562772812219762,0.057854055148449934,0.11829731175242943,0.18596207179921218,0.07346728279547017,0.1235615921294839,0.18013250335561246,0.062450734407881826,0.1362250289817633,0.07784484799082579,M
0.0,0.0,0.0,0.057389914989471436,-0.004766702651977539,-0.05497389946421549,0.09966179728507996,-0.006153523921966553,-0.11060556311448977,0.11245813965797424,0.03244072198867798,-0.16733241368373797,0.0909428596496582,0.07487291097640991,-0.224114405999984,0.12886565923690796,-0.2254272699356079,-0.0831629290088074,0.1329549252986908,-0.16299811005592346,-0.16738382268985674,0.11332660913467407,-0.049903810024261475,-0.22640680063804552,0.09476321935653687,0.040906667709350586,-0.2560598133905785,0.046306073665618896,-0.24626308679580688,-0.09265671212514803,0.039710432291030884,-0.19113296270370483,-0.177854138503875,0.033388376235961914,-0.03571626543998718,-0.21323575366577074,0.028400421142578125,0.07913440465927124,-0.22363902915557787,-0.037463098764419556,-0.2312745451927185,-0.10856068421443865,-0.05536504089832306,-0.19584864377975464,-0.18392530370792315,-0.04847604036331177,-0.053390443325042725,-0.18938865054687426,-0.04033347964286804,0.05140453577041626,-0.17543152261814043,-0.10751374065876007,-0.18491557240486145,-0.12912059117397234,-0.12331736087799072,-0.15697571635246277,-0.17057499576648638,-0.10790711641311646,-0.06837373971939087,-0.1637574462993996,-0.09305672347545624,0.00021350383758544922,-0.14913569677909777,1.6779899498565185,1.698147274808555,1.6257679020192963,1.5809501812005413,1.4928629365313748,0.03418041588347039,0.06268745442926328,0.13335757156178185,0.19856956882799703,0.07658577452176699,0.13550396051172584,0.19217768994164616,0.0741167642694731,0.14484594079667015,0.07348647624276627,M
0.0,0.0,0.0,0.057389914989471436,-0.004766702651977539,-0.05497389946421549,0.09966179728507996,-0.006153523921966553,-0.11060556311448977,0.11245813965797424,0.03244072198867798,-0.16733241368373797,0.0909428596496582,0.07487291097640991,-0.224114405999984,0.12886565923690796,-0.2254272699356079,-0.0831629290088074,0.1329549252986908,-0.16299811005592346,-0.16738382268985674,0.11332660913467407,-0.049903810024261475,-0.22640680063804552,0.09476321935653687,0.040906667709350586,-0.2560598133905785,0.046306073665618896,-0.24626308679580688,-0.09265671212514803,0.039710432291030884,-0.19113296270370483,-0.177854138503875,0.033388376235961914,-0.03571626543998718,-0.21323575366577074,0.028400421142578125,0.07913440465927124,-0.22363902915557787,-0.037463098764419556,-0.2312745451927185,-0.10856068421443865,-0.05536504089832306,-0.19584864377975464,-0.18392530370792315,-0.04847604036331177,-0.053390443325042725,-0.18938865054687426,-0.04033347964286804,0.05140453577041626,-0.17543152261814043,-0.10751374065876007,-0.18491557240486145,-0.12912059117397234,-0.12331736087799072,-0.15697571635246277,-0.17057499576648638,-0.10790711641311646,-0.06837373971939087,-0.1637574462993996,-0.09305672347545624,0.00021350383758544922,-0.14913569677909777,1.6779899498565185,1.698147274808555,1.6257679020192963,1.5809501812005413,1.4928629365313748,0.03418041588347039,0.06268745442926328,0.13335757156178185,0.19856956882799703,0.07658577452176699,0.13550396051172584,0.19217768994164616,0.0741167642694731,0.14484594079667015,0.07348647624276627,M
0.0,0.0,0.0,0.054698288440704346,0.00823509693145752,-0.060084264151896605,0.09330520033836365,0.01538628339767456,-0.11717946024998582,0.10251006484031677,0.05570876598358154,-0.17409446778162874,0.09252628684043884,0.10175520181655884,-0.23129869940146364,0.11334094405174255,-0.21333080530166626,-0.08871161135300554,0.11978939175605774,-0.12837830185890198,-0.17305207195147432,0.10221609473228455,-0.008916139602661133,-0.23347978236540712,0.08413439989089966,0.08413892984390259,-0.2645054900871173,0.03106406331062317,-0.23562142252922058,-0.09475356283053316,0.025712043046951294,-0.16248050332069397,-0.1781916761623279,0.024036288261413574,-0.0029468536376953125,-0.21266066970690645,0.02148154377937317,0.11317962408065796,-0.2229044878707782,-0.05071920156478882,-0.21847951412200928,-0.10723423900469697,-0.07025174796581268,-0.17486247420310974,-0.183469995282735,-0.058874696493148804,-0.02505466341972351,-0.18873323442801393,-0.04699096083641052,0.0823851227760315,-0.1744503522144214,-0.11809287965297699,-0.17149806022644043,-0.12457085343464769,-0.13493770360946655,-0.1285543441772461,-0.16959795298441804,-0.11942064762115479,-0.03286975622177124,-0.16375692131384767,-0.10454773902893066,0.03750258684158325,-0.14921948256358064,1.579814529132617,1.6686658912012833,1.5982621555507586,1.5584052064768958,1.5060777515923203,0.019512990667461514,0.07195743839716144,0.14085546621043718,0.2072837914634991,0.06905608083785496,0.13113708882348477,0.1943602275055062,0.07507852688325178,0.14700474172780867,0.07298783972560087,M
0.0,0.0,0.0,0.05811125040054321,0.007714450359344482,-0.05913179858040962,0.10092493891716003,0.013992846012115479,-0.11637285842013512,0.11735072731971741,0.058674156665802,-0.17407136900735054,0.11515742540359497,0.11021047830581665,-0.23222364230466042,0.11422842741012573,-0.20709770917892456,-0.09270851804328117,0.12195461988449097,-0.10610288381576538,-0.17875623448205147,0.10442879796028137,0.014544069766998291,-0.23900861783337746,0.08777269721031189,0.10759639739990234,-0.26993258042645607,0.028918325901031494,-0.22720691561698914,-0.1010024596602932,0.03023090958595276,-0.14472201466560364,-0.1884159122259632,0.027532637119293213,0.016637206077575684,-0.22297583265614662,0.024916857481002808,0.13608771562576294,-0.2329686854631916,-0.05348670482635498,-0.20846062898635864,-0.11550128950190697,-0.06332677602767944,-0.16192060708999634,-0.19594906015706215,-0.05445094406604767,-0.008551955223083496,-0.20095172269654427,-0.0438956618309021,0.10122472047805786,-0.18565250678372536,-0.12129603326320648,-0.1620679497718811,-0.1346555624754444,-0.13231372833251953,-0.12305814027786255,-0.18269127352547798,-0.1181817352771759,-0.03537338972091675,-0.17775168760132942,-0.10409785807132721,0.028803110122680664,-0.16371154530358467,1.4239414883140136,1.654667196388305,1.5818102704996195,1.5398359396398273,1.480935357080468,0.027509212224319676,0.09387753464117382,0.15930671173106192,0.2338803944886641,0.06901167873862979,0.13182243754157486,0.2074191218379716,0.07714007547779685,0.16779387178023106,0.0941763987346975,M
0.0,0.0,0.0,0.051094040274620056,0.009293198585510254,-0.06154853067815225,0.09574304521083832,0.010241568088531494,-0.11811117790162484,0.11171816289424896,0.048955678939819336,-0.17499042264640252,0.10829447209835052,0.08882194757461548,-0.2307714890640966,0.1245528906583786,-0.23215696215629578,-0.08417278490483682,0.1304180771112442,-0.15670716762542725,-0.16765660754859368,0.10677088797092438,-0.029457569122314453,-0.22674430123984735,0.08738131821155548,0.06551998853683472,-0.2576966803473226,0.045619621872901917,-0.26393401622772217,-0.09022171012580316,0.03892539441585541,-0.188495934009552,-0.17566520682990472,0.02812613546848297,-0.019227147102355957,-0.21140340677916925,0.023645207285881042,0.09947162866592407,-0.22247200421512048,-0.03568468987941742,-0.25446411967277527,-0.1035730387967817,-0.05109886825084686,-0.2169993817806244,-0.1828111778897039,-0.046381086111068726,-0.055639028549194336,-0.18968970290839593,-0.03759355843067169,0.060153305530548096,-0.1762758415144674,-0.10568919777870178,-0.212457537651062,-0.12209872863709847,-0.12282203137874603,-0.16978800296783447,-0.1734571080607168,-0.11083683371543884,-0.0679931640625,-0.17394358627021234,-0.09666043519973755,0.005500912666320801,-0.16330911926448266,1.4124070306096972,1.6950254746822082,1.631190795703757,1.5768635213490614,1.5293957592911802,0.03131040243259711,0.08531655021529035,0.14867820448299673,0.22124400304586142,0.07221499638845845,0.1250900518755583,0.19358113665089813,0.07277442518264693,0.15265629066420935,0.08047223109270585,M
0.0,0.0,0.0,0.049726083874702454,0.012597084045410156,-0.06319388602881304,0.09238971769809723,0.02217578887939453,-0.1224145651331412,0.10340400040149689,0.06428974866867065,-0.18164390926270357,0.09445331990718842,0.11061716079711914,-0.24007516209988466,0.12732739746570587,-0.22334831953048706,-0.08641750966219774,0.12819431722164154,-0.1475135087966919,-0.1737165660133826,0.10462523996829987,-0.015672922134399414,-0.23621638719944826,0.08621548116207123,0.08280444145202637,-0.2690839231482016,0.04520152509212494,-0.2529054582118988,-0.09301626537947527,0.03829099237918854,-0.1829182505607605,-0.1819213837852942,0.02727435529232025,-0.006481528282165527,-0.21979652945904604,0.021387949585914612,0.1123952865600586,-0.23216610257534853,-0.04015754163265228,-0.24326661229133606,-0.10724285100607744,-0.054154977202415466,-0.20453768968582153,-0.1889154971113669,-0.049643293023109436,-0.04331541061401367,-0.19641988580136172,-0.04331912100315094,0.07008397579193115,-0.18322717254071108,-0.11231820285320282,-0.19859671592712402,-0.12676847581772677,-0.1297832727432251,-0.1555185317993164,-0.17628694181351534,-0.1146390289068222,-0.0556616485118866,-0.1752722174396979,-0.1000545471906662,0.01386117935180664,-0.16432589893250338,1.5474675634359876,1.7042834045079849,1.6358931788258837,1.5808855757528062,1.513137550133074,0.029007056806223064,0.07308700343709344,0.14361122714139637,0.2172441720930675,0.07126167949511952,0.13015768669084452,0.19861947752309994,0.0773126897936902,0.1563881399168656,0.07987434772332523,M
0.0,0.0,0.0,0.05871748924255371,0.022746384143829346,-0.05805482543904361,0.10552620887756348,0.05035054683685303,-0.1173759309192377,0.12878727912902832,0.10985928773880005,-0.17831197209555683,0.12777355313301086,0.1643781065940857,-0.23895913191039142,0.1444396674633026,-0.18297243118286133,-0.08913140572506961,0.14348462224006653,-0.10555559396743774,-0.17916209824282703,0.11578556895256042,0.01714378595352173,-0.24185654349524555,0.09491580724716187,0.11357814073562622,-0.27419523723322925,0.06132510304450989,-0.21550247073173523,-0.09976508296925601,0.056247323751449585,-0.1364365816116333,-0.19015665180880603,0.037629514932632446,0.028983712196350098,-0.2259483022232729,0.02844586968421936,0.1443234086036682,-0.23807810075480518,-0.024346768856048584,-0.21023741364479065,-0.11750878967244205,-0.032904863357543945,-0.1573072373867035,-0.19935476608473834,-0.04009611904621124,-0.0025645196437835693,-0.2013065201779085,-0.03922663629055023,0.10721433162689209,-0.1853538287420946,-0.09663468599319458,-0.17278975248336792,-0.14035029537875232,-0.1112147718667984,-0.12765705585479736,-0.18686504490572986,-0.10234980285167694,-0.03433319926261902,-0.17964739926058826,-0.08957834541797638,0.033534884452819824,-0.1651388538618761,1.3781119212763102,1.7362690311749445,1.661918680592599,1.6176348925263861,1.5366094674193116,0.060500148726426076,0.10133202657990308,0.17651277697664053,0.25369626836835285,0.07323608465708097,0.13429331042401438,0.20110946085150336,0.07717934736037564,0.16187591678199845,0.0892409970133113,M
0.0,0.0,0.0,0.053748250007629395,0.015105605125427246,-0.06142879554735714,0.09842023253440857,0.024225175380706787,-0.11916213759886318,0.11335393786430359,0.07184582948684692,-0.17735998609768444,0.10034224390983582,0.1195058822631836,-0.23550741651760632,0.12904730439186096,-0.2130027711391449,-0.08729741254555279,0.12563690543174744,-0.14255884289741516,-0.171036663443914,0.09993299841880798,-0.02109694480895996,-0.22982168474899822,0.08235567808151245,0.07402139902114868,-0.25995287576424175,0.05308812856674194,-0.24560612440109253,-0.09323655346142345,0.040109455585479736,-0.17726504802703857,-0.1770464060615211,0.02166798710823059,-0.014757722616195679,-0.2134607163976341,0.014223575592041016,0.10038453340530396,-0.22608039060341412,-0.02776433527469635,-0.2406492829322815,-0.10586436370121532,-0.04526415467262268,-0.19529297947883606,-0.18366188088165813,-0.05497738718986511,-0.03729140758514404,-0.1899810312102943,-0.05529075860977173,0.07795673608779907,-0.17675860503422314,-0.0983445942401886,-0.20407068729400635,-0.12370447346674496,-0.11888144910335541,-0.16432657837867737,-0.17100858965622479,-0.11536973714828491,-0.06676819920539856,-0.16841054239975506,-0.10741093754768372,0.006010651588439941,-0.15650436559425884,1.5506269682273899,1.7320586206373338,1.6826557620690188,1.6569787524604667,1.6139259119292775,0.048911703774163956,0.08821593401973982,0.16108371432634536,0.2367330813207869,0.07305476195425505,0.13770268120714227,0.20158578862041535,0.07304278713217612,0.15395253929676278,0.08884116234780412,M
0.0,0.0,0.0,0.06551596522331238,0.008736103773117065,-0.05549899249395196,0.11267867684364319,0.017479628324508667,-0.11111973359307115,0.12770208716392517,0.05958649516105652,-0.167399325809086,0.11631503701210022,0.10316124558448792,-0.2237013666244394,0.14883741736412048,-0.20691564679145813,-0.08659568562229936,0.14583876729011536,-0.13951954245567322,-0.16932474955042665,0.12076076865196228,-0.0236034095287323,-0.22780206187685792,0.10001417994499207,0.06871727108955383,-0.2587988017412073,0.06974408030509949,-0.23491281270980835,-0.09676148130616014,0.06251490116119385,-0.1728329360485077,-0.18079020961245362,0.045338213443756104,-0.014256030321121216,-0.2176327495189554,0.0345398485660553,0.10100486874580383,-0.23131787165125672,-0.013723969459533691,-0.22580218315124512,-0.11289766564091508,-0.02423904836177826,-0.1852951943874359,-0.19122360034903352,-0.030533969402313232,-0.034964174032211304,-0.19827992602309052,-0.031874239444732666,0.07548388838768005,-0.18652268632372682,-0.08667762577533722,-0.1835704743862152,-0.13343819364031617,-0.10173831880092621,-0.1441853642463684,-0.18116863950213258,-0.09377001225948334,-0.051005810499191284,-0.17852296813448731,-0.08384484052658081,0.019423454999923706,-0.16715946181734864,1.5283814029421081,1.746109282244061,1.6752153341890312,1.630966253458813,1.5568422081140272,0.038106499709760266,0.08180361487401747,0.1507517753069573,0.21697003053021888,0.07300258236480887,0.13206188806305633,0.19035235673204715,0.07114879847716635,0.14377225629563095,0.07644419905023311,M
0.0,0.0,0.0,0.06091880798339844,0.0019171833992004395,-0.04984781682826167,0.10496026277542114,0.007677674293518066,-0.10244300008154994,0.12127354741096497,0.05094599723815918,-0.15660419851876384,0.1134958565235138,0.09780168533325195,-0.21138268500901347,0.1397114396095276,-0.21761572360992432,-0.0808923521671403,0.14298877120018005,-0.14428380131721497,-0.15906198114491588,0.11704853177070618,-0.027252614498138428,-0.21309640795327311,0.09795540571212769,0.06312382221221924,-0.24076565891839152,0.06297159194946289,-0.24575698375701904,-0.09217033326960689,0.062223881483078,-0.17002969980239868,-0.17250188976861125,0.045082539319992065,-0.014216482639312744,-0.20706577390767222,0.034612447023391724,0.09868651628494263,-0.21858638316727763,-0.01776871085166931,-0.23581244051456451,-0.10859054863787776,-0.02705693244934082,-0.18757769465446472,-0.1838090249929536,-0.03332185745239258,-0.03276330232620239,-0.190387246910106,-0.03299988806247711,0.080380380153656,-0.17776518851853496,-0.08926568925380707,-0.19678035378456116,-0.1287044265899766,-0.10744638741016388,-0.16608726978302002,-0.17379072100258952,-0.10408811271190643,-0.08085697889328003,-0.17017766625023967,-0.09650065004825592,-0.01384541392326355,-0.15771195084191447,1.4763685593727753,1.7184497094356028,1.6529442678892667,1.6189296548802914,1.610325091188442,0.03800078686109265,0.07888837189457658,0.14752798058661448,0.2378310483194773,0.0726432077014295,0.13208738683000437,0.20913493475066552,0.07004671638143367,0.17278333119865436,0.11362590832288462,M
0.0,0.0,0.0,0.06893151998519897,-0.002658247947692871,-0.05143219000640897,0.12374231219291687,-0.01621830463409424,-0.09784271708670644,0.155926913022995,0.006492555141448975,-0.14516449860278158,0.16683736443519592,0.03336983919143677,-0.19161384693327932,0.1537485122680664,-0.2431982457637787,-0.07095120242777853,0.15739235281944275,-0.1766999065876007,-0.14745345107260732,0.13262724876403809,-0.056510746479034424,-0.20083492389861135,0.11531305313110352,0.036289095878601074,-0.22843028000536947,0.07723292708396912,-0.27260589599609375,-0.0802433877343276,0.07238796353340149,-0.20409756898880005,-0.16200671485606222,0.058455854654312134,-0.04433831572532654,-0.19836355141345052,0.05291286110877991,0.07043218612670898,-0.21028862289134054,-0.0035656243562698364,-0.26008909940719604,-0.0959780900830367,-0.018936723470687866,-0.2163008153438568,-0.17567660800162344,-0.019409000873565674,-0.06360402703285217,-0.18652492157164602,-0.013897299766540527,0.04999899864196777,-0.1757152169102767,-0.07507936656475067,-0.21595025062561035,-0.11541013560238866,-0.09379100799560547,-0.18580785393714905,-0.16617103806677846,-0.08386233448982239,-0.10303854942321777,-0.16882617167178182,-0.06786051392555237,-0.03786298632621765,-0.15995065263453512,0.8553407249191596,1.7074603819881995,1.6415740140798882,1.604102522274055,1.5302830271211632,0.051606944445167245,0.11980154430774695,0.1814980655217725,0.24526966697548477,0.07113040542632454,0.129935663809882,0.19761347869912468,0.06986496079561472,0.16221606731083266,0.10311041113738717,M
0.0,0.0,0.0,0.06718611717224121,0.0020370781421661377,-0.05061869113963269,0.120430588722229,-0.0018759965896606445,-0.09747547819536351,0.15619102120399475,0.036607831716537476,-0.14440823509615086,0.1742393970489502,0.07082870602607727,-0.189813712381536,0.1550154983997345,-0.23100152611732483,-0.0727271901003661,0.16194620728492737,-0.1447773575782776,-0.15162224485796116,0.13676631450653076,-0.026571154594421387,-0.20631348504942082,0.11857852339744568,0.062335699796676636,-0.23382408335130833,0.08122527599334717,-0.26047441363334656,-0.0801754312149825,0.08125030994415283,-0.16842392086982727,-0.16075232043188237,0.06460726261138916,-0.01669451594352722,-0.1946967633001151,0.05948454141616821,0.09001359343528748,-0.2060367108814063,0.0031468570232391357,-0.2509701997041702,-0.09417350008409642,-0.010853767395019531,-0.18248406052589417,-0.16972061409872197,-0.012854143977165222,-0.03771975636482239,-0.17800224735658787,-0.004267692565917969,0.06810012459754944,-0.16706977202814244,-0.0657803863286972,-0.21275949478149414,-0.11196389212530278,-0.08445335924625397,-0.1724669337272644,-0.15705449297350071,-0.07624335587024689,-0.08863919973373413,-0.15661972179334782,-0.058159396052360535,-0.02270561456680298,-0.14662902965467595,0.9336608697081342,1.6943786308740933,1.6327468481744127,1.594030124577913,1.5307186945447178,0.05630509755307585,0.1163474829818192,0.17852794234904149,0.25051520545411515,0.06525461288425363,0.12298138627370525,0.19613341714280705,0.0674132587419506,0.16292856065072703,0.105593550796699,M
0.0,0.0,0.0,0.07049733400344849,-0.009771406650543213,-0.049528678042449314,0.12896525859832764,-0.026382267475128174,-0.09359215302542623,0.1656166911125183,0.002004384994506836,-0.13820684058741506,0.18327757716178894,0.030174851417541504,-0.18065093560294088,0.15521737933158875,-0.2567428946495056,-0.06517626447752889,0.15980681777000427,-0.17406511306762695,-0.14172417028025563,0.1334153413772583,-0.05536410212516785,-0.19405542416647847,0.11782962083816528,0.03310948610305786,-0.2204797129161733,0.07952225208282471,-0.28448648750782013,-0.07397744162157949,0.07961112260818481,-0.20237523317337036,-0.15470719440058645,0.0632891058921814,-0.049965620040893555,-0.1877060095794576,0.05938810110092163,0.058149874210357666,-0.1970257471330541,0.00010535120964050293,-0.2708244025707245,-0.08967972649411138,-0.01314745843410492,-0.21084967255592346,-0.16782206399516042,-0.013460487127304077,-0.06269040703773499,-0.17516264422015126,-0.0034782439470291138,0.04429984092712402,-0.16174228591994222,-0.06938455998897552,-0.22651153802871704,-0.10906758261994298,-0.08321946859359741,-0.19088521599769592,-0.15695873005465444,-0.0719546526670456,-0.10529819130897522,-0.1562089632280248,-0.052187398076057434,-0.03906029462814331,-0.14463269813136037,0.8056426392743716,1.69907696982985,1.62949127732431,1.5821678437844968,1.4793103672584453,0.0655137166376354,0.12700867757320677,0.18728922031626558,0.245432801417673,0.0635801247699534,0.12182291286876827,0.18470047095573097,0.06437391367343359,0.1479827994808921,0.09654788395277228,M
0.0,0.0,0.0,0.06587967276573181,0.0008055269718170166,-0.05234597342240832,0.11218759417533875,0.013492196798324585,-0.1045751767061951,0.12285473942756653,0.05302122235298157,-0.15751496421325228,0.09639289975166321,0.08733412623405457,-0.209932227601886,0.1331038475036621,-0.20689713954925537,-0.08036583380925677,0.13749057054519653,-0.1203811764717102,-0.15967654155719302,0.1171051561832428,-0.012662261724472046,-0.2143853800200226,0.10299021005630493,0.06869569420814514,-0.24255863296020053,0.05611702799797058,-0.22434109449386597,-0.08986381905305407,0.052207738161087036,-0.13844981789588928,-0.17295711206424258,0.04326847195625305,0.003961235284805298,-0.20755947100150607,0.039437443017959595,0.1056642234325409,-0.2194246845148804,-0.0218975692987442,-0.2111508846282959,-0.10534577535617373,-0.03200948238372803,-0.14866533875465393,-0.1814276026390793,-0.027952462434768677,-0.010347634553909302,-0.18802452551353,-0.019349053502082825,0.0878923237323761,-0.17580578195083163,-0.08739274740219116,-0.17440447211265564,-0.12497599886882327,-0.10005789995193481,-0.12758153676986694,-0.167203311791301,-0.08530904352664948,-0.05054333806037903,-0.1633839802645447,-0.06626038253307343,0.005949169397354126,-0.1516611324452164,1.7815196294469169,1.679633120059022,1.6212967351122645,1.5622743004460289,1.4541563565069007,0.01977158697829231,0.05983240355401696,0.11574329927662969,0.18187798502652763,0.07352296478818843,0.12383620630937964,0.18050731139676018,0.06141410743512989,0.1453104343378576,0.09442114876354286,M
0.0,0.0,0.0,0.06739068031311035,0.005424559116363525,-0.05615213945850428,0.10828405618667603,0.02455878257751465,-0.11365032255991991,0.11869671940803528,0.07501018047332764,-0.170836195949164,0.10252311825752258,0.12495189905166626,-0.2276705658470064,0.13750451803207397,-0.17589274048805237,-0.0940229377184778,0.13724765181541443,-0.09404206275939941,-0.17734763086184557,0.11931967735290527,0.012827962636947632,-0.23513580918654498,0.10804805159568787,0.0965002179145813,-0.2666349118982225,0.05990910530090332,-0.19355592131614685,-0.10431209266528185,0.056199491024017334,-0.1156606674194336,-0.192045912746039,0.04607301950454712,0.03057938814163208,-0.2294171160493761,0.04365581274032593,0.13131451606750488,-0.24458348811015185,-0.018759682774543762,-0.18385416269302368,-0.12033052057370242,-0.025992125272750854,-0.12792545557022095,-0.19931323886260088,-0.023306354880332947,0.008597612380981445,-0.20733101725920733,-0.014889299869537354,0.10472089052200317,-0.19783996105536517,-0.08497610688209534,-0.1483275592327118,-0.14078429401263293,-0.0976320207118988,-0.10119083523750305,-0.18461601496085223,-0.0835171490907669,-0.025894105434417725,-0.1820111578737169,-0.06504729390144348,0.027957797050476074,-0.17287567317828234,1.6281172587288757,1.6785173287735207,1.6207847231258103,1.557385081384698,1.458225652465631,0.028983151104003967,0.05921015583618414,0.11914264407243468,0.19361740328323548,0.07320106406799455,0.12321189814057217,0.18617213027379634,0.06430203052902711,0.149996589159677,0.09169731121806755,M
0.0,0.0,0.0,0.07858070731163025,0.0212269127368927,-0.05279839330704306,0.12516134977340698,0.0485137403011322,-0.10698714399130438,0.13905543088912964,0.10084334015846252,-0.16171688878328894,0.11966109275817871,0.13571861386299133,-0.21655524813921545,0.14987286925315857,-0.13019323348999023,-0.09513806098492239,0.15612295269966125,-0.06110966205596924,-0.17596755468638037,0.13813325762748718,0.03942802548408508,-0.23079725646765326,0.12779173254966736,0.11528462171554565,-0.26120759093554113,0.07642039656639099,-0.14776025712490082,-0.10740122490913961,0.07537928223609924,-0.07455086708068848,-0.19465261244566534,0.06606024503707886,0.06383627653121948,-0.2321496411541233,0.06190645694732666,0.16275528073310852,-0.24817695760519598,0.001448601484298706,-0.14071255922317505,-0.12470881932766531,-0.0031100809574127197,-0.0832873284816742,-0.20543081605227087,0.0009114444255828857,0.0512908399105072,-0.21649923467428778,0.008705615997314453,0.14941969513893127,-0.2094050600507984,-0.06302282214164734,-0.11181971430778503,-0.14595759951860998,-0.07334302365779877,-0.06413471698760986,-0.19416699850351904,-0.05683860182762146,0.014923185110092163,-0.19527989172728155,-0.03684891760349274,0.07751068472862244,-0.1888679071644077,1.6337857043337105,1.6605065335654439,1.6175037596110553,1.5457887602540583,1.433422458093887,0.021992165389083683,0.0637697366553277,0.11179819967853061,0.16698367093078956,0.08120549863622606,0.12388182430502268,0.1689183648936589,0.054846762173606234,0.13045790566554666,0.08512415232927126,M
0.0,0.0,0.0,0.07204112410545349,0.012002825736999512,-0.053449400449878226,0.11484009027481079,0.02755105495452881,-0.1093169867347541,0.12759819626808167,0.07093441486358643,-0.1659566059063735,0.11885753273963928,0.11569559574127197,-0.2230286195229354,0.14751383662223816,-0.1638612598180771,-0.09363110059011603,0.14969667792320251,-0.09521609544754028,-0.17523703419674064,0.13223522901535034,0.007654547691345215,-0.23118032955635215,0.1243969202041626,0.08850646018981934,-0.2619887038420501,0.07253679633140564,-0.18212255835533142,-0.10563949936140204,0.07391127943992615,-0.10322985053062439,-0.19111420654762412,0.06731429696083069,0.03217729926109314,-0.2271770729969802,0.065622478723526,0.12813156843185425,-0.24217519604671622,-0.004683107137680054,-0.17099601030349731,-0.1232424347947898,-0.00827038288116455,-0.11788266897201538,-0.20134725117195273,-0.0032396316528320312,0.01725691556930542,-0.20934193276870872,0.007368147373199463,0.11424100399017334,-0.20033716105926658,-0.07184240221977234,-0.1382511854171753,-0.1449649229000869,-0.08196856081485748,-0.10396233201026917,-0.19042478942382957,-0.06705738604068756,-0.029315680265426636,-0.18820746683586265,-0.047137826681137085,0.029616177082061768,-0.17913167619217063,1.5252499546573202,1.6621415478214951,1.5930786194455104,1.52857147223085,1.4246779544524955,0.027747682885556114,0.05466831251154006,0.1114988739250262,0.18698696656703193,0.07088430132655438,0.11982487394082046,0.18136216483466353,0.05988751874624735,0.1497336595684339,0.10065914035416682,M
0.0,0.0,0.0,0.06898745894432068,0.007725358009338379,-0.05321657262375368,0.10973528027534485,0.02414420247077942,-0.10937111429502977,0.12118026614189148,0.07174021005630493,-0.16653824947407259,0.10900381207466125,0.12535113096237183,-0.22413609526684297,0.1376994252204895,-0.16906926035881042,-0.09018702409794344,0.13971582055091858,-0.09286937117576599,-0.17384530208637727,0.12283384799957275,0.007878333330154419,-0.2323513140492679,0.11610624194145203,0.08775752782821655,-0.2643620630316974,0.06096619367599487,-0.18597525358200073,-0.10198200098803056,0.06372970342636108,-0.11244764924049377,-0.18751775823166383,0.05731520056724548,0.021231651306152344,-0.22228328488399995,0.05622673034667969,0.1215353012084961,-0.2352146466784717,-0.016575366258621216,-0.17499449849128723,-0.11967829219629778,-0.0193234384059906,-0.11199724674224854,-0.19681110582878603,-0.014256119728088379,0.020242631435394287,-0.20209015510609163,-0.004050016403198242,0.11355632543563843,-0.19027587376167787,-0.08370581269264221,-0.14178133010864258,-0.14195157192280305,-0.0928754210472107,-0.08463847637176514,-0.18502963684132112,-0.0772608071565628,-0.0021231770515441895,-0.17976891599228395,-0.05859406292438507,0.05872008204460144,-0.16793466709187044,1.5780236527857707,1.6546758863568711,1.5862074664677859,1.5274157823707624,1.4462003523013238,0.038258639633696474,0.052914845860425684,0.11366743408256709,0.1803572687309227,0.06874950096806519,0.12289468815768667,0.17709706315422855,0.06080255137025723,0.13087996915496544,0.07734382069788408,M
0.0,0.0,0.0,0.06697440147399902,0.01351061463356018,-0.058231111304337446,0.10803276300430298,0.029865115880966187,-0.11617365820842451,0.12115365266799927,0.0737830102443695,-0.17342060400682158,0.10996019840240479,0.12035521864891052,-0.23020025684076018,0.1430724561214447,-0.16310732066631317,-0.09951021118598646,0.14808017015457153,-0.0906434953212738,-0.18472517623143858,0.1303117573261261,0.011503487825393677,-0.241028602854783,0.12161239981651306,0.08957475423812866,-0.2708856572075433,0.0669548511505127,-0.1827482283115387,-0.1091229130192346,0.07014280557632446,-0.10294470191001892,-0.19711498512464232,0.062366634607315063,0.030312061309814453,-0.2303334285183496,0.06024852395057678,0.12429109215736389,-0.24189099265771574,-0.010724246501922607,-0.17420431971549988,-0.1250235546989984,-0.012102872133255005,-0.10846763849258423,-0.2053494413061685,-0.008857965469360352,0.023471444845199585,-0.21070786906915373,-0.00011643767356872559,0.11336299777030945,-0.19860541416841215,-0.07774287462234497,-0.14368951320648193,-0.14552525772290892,-0.08289621770381927,-0.08954545855522156,-0.19204873933034605,-0.06997764110565186,-0.006763339042663574,-0.1880052645369119,-0.05399279296398163,0.0527174174785614,-0.176501836316163,1.549499588990814,1.6555220902108405,1.5926347709195114,1.5339249556426278,1.4504577716026505,0.032912167767230945,0.04986724051999543,0.11029849030071744,0.17735685925598157,0.0705035416118408,0.12403140895367222,0.17943145489150683,0.06134616401061219,0.1348104943889741,0.08112057734201392,M
0.0,0.0,0.0,0.07100546360015869,-0.0006752610206604004,-0.05847704296641609,0.113942950963974,0.002853184938430786,-0.11582000812225601,0.1301960051059723,0.03562569618225098,-0.17227558305197022,0.12252426147460938,0.0698423981666565,-0.2278708915942218,0.14234423637390137,-0.2099781036376953,-0.09359067192011139,0.14893609285354614,-0.13907179236412048,-0.17755242695741913,0.13365155458450317,-0.03656172752380371,-0.23391836395197174,0.12701016664505005,0.04382115602493286,-0.2642519127362277,0.06651806831359863,-0.2242991030216217,-0.10301514228515884,0.06811279058456421,-0.1557793915271759,-0.19294687619142792,0.0633840560913086,-0.016905486583709717,-0.22932745029859802,0.06306403875350952,0.08558624982833862,-0.24147608389787933,-0.01169520616531372,-0.20688022673130035,-0.11872697880201599,-0.01597660779953003,-0.15272283554077148,-0.20209869255953095,-0.007736325263977051,-0.015118330717086792,-0.20956538131170532,0.0047730207443237305,0.08277159929275513,-0.19723410417967102,-0.07941378653049469,-0.16547805070877075,-0.13878555109434387,-0.08862301707267761,-0.11979031562805176,-0.18945177903108856,-0.07034975290298462,-0.03881990909576416,-0.1884894471400287,-0.04738309979438782,0.020643770694732666,-0.1777680467598941,1.4433903112980109,1.6311410743822137,1.5819420182574861,1.5140022203984038,1.4003704511721418,0.026405082612944053,0.061509242811043044,0.11845893353935275,0.17688701579967556,0.07637689659005882,0.1282928558755915,0.17592669658173357,0.058358932805395634,0.12812531369498095,0.08111798811579259,M
0.0,0.0,0.0,0.07143610715866089,0.0020286738872528076,-0.055817543669633096,0.11668276786804199,0.010544896125793457,-0.10972022186129493,0.12904804944992065,0.04054233431816101,-0.16295224349110526,0.10765540599822998,0.06521651148796082,-0.21553628067582054,0.1424579918384552,-0.2079734206199646,-0.08401257465689582,0.14331308007240295,-0.12841472029685974,-0.16379952351658744,0.12888455390930176,-0.028255939483642578,-0.21972580175011558,0.12229794263839722,0.04531559348106384,-0.25028902213185233,0.06745076179504395,-0.22156888246536255,-0.09271174590199394,0.060694873332977295,-0.1437283754348755,-0.17603905419915122,0.059822529554367065,-0.010020405054092407,-0.21197290639489097,0.06295889616012573,0.08305695652961731,-0.22567698280423087,-0.010125935077667236,-0.20537981390953064,-0.10769345532267494,-0.023658066987991333,-0.1463417410850525,-0.1852125666579525,-0.012637600302696228,-0.014146536588668823,-0.19325114707558555,0.0016881227493286133,0.07707932591438293,-0.18290258864968223,-0.0765877217054367,-0.16628634929656982,-0.12707672934143943,-0.09040418267250061,-0.11663565039634705,-0.1725879303654949,-0.07174734771251678,-0.036806464195251465,-0.17046368043034477,-0.048099443316459656,0.01982632279396057,-0.15991823296158714,1.7344394912590513,1.6502219532004785,1.5855407757107376,1.52899496777207,1.4189052335207688,0.024707294808940055,0.04812545554061921,0.10662922434899647,0.16223391234485662,0.07032448308884454,0.12472234503796445,0.1722932734044161,0.06156167429602147,0.12779697887629918,0.07587297345604906,M
0.0,0.0,0.0,0.07319360971450806,0.008684277534484863,-0.060655276112626666,0.12086993455886841,0.01965022087097168,-0.11724168696291315,0.12877392768859863,0.0514487624168396,-0.1719356242645489,0.0969088077545166,0.06925153732299805,-0.22549702861196863,0.14911600947380066,-0.19290851056575775,-0.09493833669311869,0.14387154579162598,-0.1284443438053131,-0.1789664987552868,0.12640872597694397,-0.024255454540252686,-0.23512769379503595,0.1188293993473053,0.053765296936035156,-0.2652918014753567,0.07202285528182983,-0.21143785119056702,-0.10278221108801233,0.060120999813079834,-0.1429535150527954,-0.19067615904695856,0.05504065752029419,-0.0007791221141815186,-0.2253753010261761,0.05570867657661438,0.09601050615310669,-0.2378065947521435,-0.008605539798736572,-0.19994018971920013,-0.11743706353790628,-0.023892462253570557,-0.14507445693016052,-0.1995075408447491,-0.01436634361743927,-0.00786629319190979,-0.20651788153536188,-0.0006331205368041992,0.0859377384185791,-0.19526173808462488,-0.07729841768741608,-0.16355842351913452,-0.13666566350347864,-0.09141166508197784,-0.11377286911010742,-0.1862122777927624,-0.07436898350715637,-0.026318222284317017,-0.18474341072924005,-0.05201074481010437,0.036028772592544556,-0.1745463375080334,2.0208120132265606,1.6929648814337117,1.6238097588027824,1.5429160580101706,1.4447679604420802,0.02683907556345112,0.04912731645354829,0.09895886560481248,0.15258042217919693,0.07595316546983782,0.1237188734510987,0.17175837432716853,0.05723511816885995,0.12329347957138588,0.07162796343462996,M
0.0,0.0,0.0,0.06899282336235046,0.013216376304626465,-0.05776139606931707,0.11232519149780273,0.029906392097473145,-0.11467303221323988,0.12156665325164795,0.06184732913970947,-0.1707643184552481,0.09628981351852417,0.08808338642120361,-0.22579661642411253,0.14457857608795166,-0.18147294223308563,-0.09357561056712171,0.14098986983299255,-0.11282080411911011,-0.17858631049492857,0.12183302640914917,-0.007606834173202515,-0.23651230965950987,0.10868412256240845,0.07446670532226562,-0.2667307022700598,0.06889134645462036,-0.20018431544303894,-0.10247729604342481,0.057759493589401245,-0.10941162705421448,-0.19065847133496305,0.04923394322395325,0.02705809473991394,-0.22589736317494413,0.0459895133972168,0.12159252166748047,-0.23837106560566923,-0.008378863334655762,-0.18913960456848145,-0.1178637731561949,-0.021685197949409485,-0.10884910821914673,-0.19925165807106993,-0.019331350922584534,0.028182297945022583,-0.20472627018788359,-0.01001177728176117,0.12316262722015381,-0.1919342640528967,-0.07368423044681549,-0.15530672669410706,-0.13794762526848814,-0.08754615485668182,-0.09483760595321655,-0.1857438448558142,-0.07682208716869354,-0.009015500545501709,-0.18192893897393247,-0.05924217402935028,0.05196821689605713,-0.16966632639267942,1.839748996523508,1.710133307871006,1.6418495444868415,1.5760249127626151,1.5012329088566796,0.018412846081621567,0.060439906826920804,0.11194007924645238,0.15966998659867873,0.07843122200105677,0.128296568345776,0.1694267483855119,0.05602329684299131,0.12617944307036214,0.08655793450239485,M
0.0,0.0,0.0,0.07049506902694702,0.012826740741729736,-0.06017240302510629,0.11839166283607483,0.03212493658065796,-0.11854608522601495,0.12727892398834229,0.06854170560836792,-0.17562550471969018,0.09578609466552734,0.09117835760116577,-0.23196520076938043,0.14188599586486816,-0.18672293424606323,-0.09805820302911172,0.1432434320449829,-0.1158122718334198,-0.1839521543855227,0.125750333070755,-0.007959365844726562,-0.24153269993014703,0.11563199758529663,0.07222461700439453,-0.27196963297076593,0.0673302710056305,-0.20287787914276123,-0.10639131979890237,0.062171876430511475,-0.12019157409667969,-0.1967981176251925,0.05491635203361511,0.02095392346382141,-0.23342934416480432,0.053374409675598145,0.11673897504806519,-0.24668084250636468,-0.009115532040596008,-0.18973326683044434,-0.12101806865878473,-0.019312798976898193,-0.11497941613197327,-0.2040489481563128,-0.01451842486858368,0.023590952157974243,-0.21130167113490472,-0.0052162110805511475,0.1174275279045105,-0.19939829574771295,-0.07399170100688934,-0.15380913019180298,-0.14029129015155206,-0.08570176362991333,-0.09381240606307983,-0.18894644247241388,-0.06901068985462189,-0.007688701152801514,-0.18716006146617303,-0.04763408005237579,0.05188596248626709,-0.17665037678428064,1.93638655395621,1.6718383740777407,1.6144329560262032,1.558102286471896,1.4433515530847574,0.027442743035465702,0.04951864485172958,0.10435748515386098,0.14870520781055105,0.07653453680773106,0.1290255505378222,0.16452803096979624,0.05859466652884912,0.12003594559742077,0.0780703042493416,M
0.0,0.0,0.0,0.07032902538776398,-0.010417342185974121,-0.05086481004020982,0.11568062007427216,-0.015028148889541626,-0.10187820523044877,0.1253308802843094,0.0029138028621673584,-0.15335467635652833,0.09341685473918915,0.017568767070770264,-0.2045097070839148,0.1309163123369217,-0.2471141219139099,-0.07663335829040818,0.1297827810049057,-0.1734035313129425,-0.15367365061304383,0.12041275203227997,-0.07459792494773865,-0.20800091504118257,0.1200581043958664,-0.004862070083618164,-0.23804618596098237,0.05862434208393097,-0.2566528022289276,-0.08754194705745988,0.05699782073497772,-0.19263890385627747,-0.17073850511572175,0.058863505721092224,-0.05966833233833313,-0.20668076156637483,0.06274031102657318,0.036176979541778564,-0.21896039127371125,-0.01578405499458313,-0.23642301559448242,-0.10411606906912141,-0.024787485599517822,-0.18396517634391785,-0.18213901101610475,-0.01233680546283722,-0.04596713185310364,-0.1892637628223639,0.0029578953981399536,0.04816257953643799,-0.17665524958631806,-0.07961837947368622,-0.19383510947227478,-0.12456645249388032,-0.09217913448810577,-0.15367165207862854,-0.1711343842651587,-0.07078024744987488,-0.07323914766311646,-0.16877663313410096,-0.04373633861541748,-0.017224520444869995,-0.15703714071771913,2.1700230472799094,1.6155882912278228,1.5567414110330866,1.505034301241962,1.3703541894994602,0.03482669434092328,0.035879184850247464,0.09549243261248526,0.14149760175887124,0.07049491492923989,0.12854599338229464,0.1642603109101865,0.06097205774453342,0.11911757687179192,0.0803481445590278,M
0.0,0.0,0.0,0.0742654800415039,-0.009018421173095703,-0.052245044097702475,0.12398174405097961,-0.01953989267349243,-0.10237533314565894,0.13920822739601135,-0.005526751279830933,-0.1520062507543969,0.11202830076217651,0.004390895366668701,-0.20086079551319358,0.13916069269180298,-0.2518494725227356,-0.07954696281294105,0.1363973617553711,-0.17627519369125366,-0.15654311789612052,0.12978634238243103,-0.07952040433883667,-0.21072973026375053,0.13128840923309326,-0.008885622024536133,-0.24026867462734458,0.06918787956237793,-0.2626669406890869,-0.08825552924017188,0.06675264239311218,-0.17731541395187378,-0.1700244219456124,0.07082313299179077,-0.04989847540855408,-0.20672781480888602,0.07387709617614746,0.04057025909423828,-0.22080336226562736,-0.005068585276603699,-0.24210914969444275,-0.10252605839113471,-0.012486115097999573,-0.17790281772613525,-0.17895352555851218,0.00047124922275543213,-0.046971917152404785,-0.18887661112884757,0.013561040163040161,0.045094847679138184,-0.17950431717972037,-0.07010310888290405,-0.20034027099609375,-0.12079143239597556,-0.08028265833854675,-0.15627014636993408,-0.16818715347389457,-0.059771761298179626,-0.078523188829422,-0.1695269466791558,-0.03545363247394562,-0.020831197500228882,-0.16066902591327903,2.0340443461686344,1.6031860437377878,1.5553337025128775,1.5060215912984316,1.3801178146938342,0.02339268459049631,0.052578139669417955,0.1065486421488046,0.14962310850817928,0.0757756098237222,0.12951302844727938,0.16716939087667146,0.06048552318397274,0.12539277131909365,0.08215035950440405,M
0.0,0.0,0.0,0.07964560389518738,0.01686716079711914,-0.06243755099643522,0.1290707290172577,0.02957722544670105,-0.11994027522672468,0.14628541469573975,0.04938167333602905,-0.17518998858798795,0.11909997463226318,0.0468887984752655,-0.2285835015522366,0.14453336596488953,-0.2038765400648117,-0.09959367838968092,0.14757457375526428,-0.1420542597770691,-0.18469307002891355,0.14126291871070862,-0.04574459791183472,-0.24281211373676115,0.1394069492816925,0.030139625072479248,-0.27408871230949217,0.07590529322624207,-0.21518507599830627,-0.1063402908789044,0.07638052105903625,-0.1263103187084198,-0.20043319640029722,0.07908865809440613,-0.0029177069664001465,-0.2431503700958615,0.08070147037506104,0.08722794055938721,-0.2608135062204724,0.005561143159866333,-0.1975308060646057,-0.11927934167255216,0.002675846219062805,-0.11806637048721313,-0.20444762883056455,0.013609379529953003,0.0048081278800964355,-0.21916563985217863,0.025440722703933716,0.09538152813911438,-0.21278660175670439,-0.054483070969581604,-0.16070598363876343,-0.13701445040572935,-0.05880539119243622,-0.10671380162239075,-0.189336003636015,-0.040199682116508484,-0.037841796875,-0.19531144378055387,-0.017531171441078186,0.014744997024536133,-0.19049216983188444,2.093350939257768,1.5926990739325209,1.5549379648205919,1.503031543750068,1.3632190495427041,0.026323146261212158,0.05569283179434612,0.10546848013518265,0.1403612982592376,0.08188656189381556,0.1313194833835759,0.1576913704320229,0.05585902991990001,0.12207960116929574,0.0913719532274672,M
0.0,0.0,0.0,0.07603617012500763,0.017966091632843018,-0.06689603424925394,0.12401781976222992,0.03197932243347168,-0.12872430480379649,0.13929517567157745,0.04858541488647461,-0.18728349901098795,0.11023972928524017,0.04716545343399048,-0.24396577275652476,0.1413961797952652,-0.20103111863136292,-0.11208071357864924,0.1451246291399002,-0.1389000117778778,-0.20287442005533762,0.138245090842247,-0.04105761647224426,-0.2642327377881486,0.13448597490787506,0.036330610513687134,-0.29683120346922465,0.07149387896060944,-0.2139078974723816,-0.11807379669804163,0.07596571743488312,-0.12453888356685638,-0.21557205713648386,0.07886160910129547,-0.0021792948246002197,-0.2578901181306321,0.07980777323246002,0.08970469236373901,-0.2748467753018815,0.0008172541856765747,-0.1982564479112625,-0.130538103946634,0.0015473812818527222,-0.1112191379070282,-0.2186535129632432,0.010935500264167786,0.012372851371765137,-0.23247056997675486,0.02183718979358673,0.10497230291366577,-0.22506575084585734,-0.05875715613365173,-0.16133123636245728,-0.1481666097726304,-0.05975836515426636,-0.09512612223625183,-0.20282007552046366,-0.04333090782165527,-0.017396271228790283,-0.2079086730565507,-0.023593708872795105,0.04221707582473755,-0.2019652406062562,2.307619633151731,1.599900654936943,1.5434199351354283,1.501586652103002,1.3997323602331595,0.026556999979304684,0.052303831579728226,0.10562500099568843,0.1339248879415787,0.07641006708407863,0.13191448261376912,0.1581892439391973,0.059947380894811456,0.11378462209858871,0.07747377027496472,M
0.0,0.0,0.0,0.08133667707443237,0.010380297899246216,-0.07648005831001115,0.13136717677116394,0.007877230644226074,-0.140330468592623,0.15016478300094604,0.009513705968856812,-0.19861187535283875,0.13447415828704834,0.015610486268997192,-0.25468065339086365,0.14125433564186096,-0.22306784987449646,-0.12019770341871094,0.15306499600410461,-0.14565064013004303,-0.21268998580930543,0.14947211742401123,-0.04618844389915466,-0.2740091283893378,0.14936363697052002,0.02758878469467163,-0.30632754164693665,0.0722666084766388,-0.2329482138156891,-0.11994427191970658,0.08298605680465698,-0.12218543887138367,-0.2194802363490851,0.08859714865684509,-0.0026848018169403076,-0.2605936725711615,0.09326055645942688,0.0861457884311676,-0.27613012987134766,0.004661425948143005,-0.21382707357406616,-0.12724982696531129,0.010224074125289917,-0.11467525362968445,-0.2179105182266028,0.021837279200553894,0.0073046088218688965,-0.2332947452640326,0.03494065999984741,0.09819617867469788,-0.22584037977216553,-0.052418798208236694,-0.17900419235229492,-0.14046936231611085,-0.051374584436416626,-0.11176711320877075,-0.1978764285421164,-0.03678777813911438,-0.04179534316062927,-0.20668407279012513,-0.017146095633506775,0.011020094156265259,-0.20255515473840546,1.1887659766563492,1.5384553761058617,1.5050986497649288,1.4740576380779415,1.387263137436777,0.019109584208979333,0.08169326671589529,0.12933411719812077,0.15168972641112594,0.08109548895857403,0.13445453411276884,0.16733204283107878,0.05955184487551531,0.13354212356652184,0.101551463920387,M
0.0,0.0,0.0,0.08009989559650421,0.022596359252929688,-0.07824942254018197,0.13090722262859344,0.03080904483795166,-0.14465337776135812,0.15178801119327545,0.04460775852203369,-0.20396996818971047,0.13628722727298737,0.04485166072845459,-0.26080076180886635,0.15065942704677582,-0.19959470629692078,-0.1349340506691874,0.16020099818706512,-0.1289106160402298,-0.2289846219916285,0.15527339279651642,-0.03055897355079651,-0.29035727464150796,0.15329687297344208,0.04395425319671631,-0.32370118581246743,0.08096872270107269,-0.21387144923210144,-0.13577586196851144,0.09379641711711884,-0.10970261693000793,-0.23671084426831612,0.09550239145755768,0.008933186531066895,-0.27961532556008706,0.09766651690006256,0.0936211347579956,-0.2980725296635569,0.012176856398582458,-0.19826951622962952,-0.14342508994531045,0.017894431948661804,-0.09581753611564636,-0.2350488730568827,0.027169600129127502,0.02335149049758911,-0.2540310152668894,0.03778117895126343,0.11093074083328247,-0.2511854001183451,-0.04611584544181824,-0.16119852662086487,-0.15674240671586404,-0.0434054434299469,-0.08350953459739685,-0.21533803426217446,-0.027665555477142334,-0.010260969400405884,-0.22718709491681466,-0.008347168564796448,0.04329565167427063,-0.22709625743817696,1.2049259719359091,1.559967527362426,1.516546529917315,1.488176610535758,1.3881612585704939,0.017033302296766122,0.062209491774386144,0.11861655189501198,0.14464276554165245,0.07457570409237273,0.13352799504806737,0.16164538323373528,0.062336796226013166,0.11735227204213963,0.08186775757347864,M
0.0,0.0,0.0,0.07796457409858704,0.01629653573036194,-0.08637794693927958,0.12727797031402588,0.01560819149017334,-0.1582293569109936,0.14796215295791626,0.01821601390838623,-0.2217773853800793,0.1343352496623993,0.017191708087921143,-0.28343122294168666,0.14332088828086853,-0.21681977808475494,-0.1488209574482937,0.15603750944137573,-0.13519781827926636,-0.2483286320231457,0.14795970916748047,-0.03667578101158142,-0.3121483533642788,0.1424182951450348,0.03425318002700806,-0.34588783076029017,0.07398924231529236,-0.23040753602981567,-0.14549540570001795,0.08430126309394836,-0.12178868055343628,-0.25265743425111964,0.086098313331604,2.1457672119140625e-05,-0.29644795348863795,0.08574968576431274,0.08959159255027771,-0.31388225248079493,0.0064973533153533936,-0.21552547812461853,-0.14923763861875727,0.00968201458454132,-0.11833244562149048,-0.2437563448212643,0.017722636461257935,0.0019051730632781982,-0.2616861074231167,0.025864914059638977,0.09040725231170654,-0.25706329038362696,-0.05011358857154846,-0.18499742448329926,-0.15923998346548274,-0.05263115465641022,-0.11903366446495056,-0.21881954958658412,-0.03976541757583618,-0.051089704036712646,-0.23089264919977381,-0.023564428091049194,-0.002331256866455078,-0.23044793894510462,0.2207248134934112,1.5743912549559982,1.5340613739366564,1.507574096646631,1.4264644580349237,0.01887933920990362,0.08719117093753032,0.13086760340802658,0.1591020251136128,0.07920650976870794,0.1293753086048209,0.16996671861184542,0.059890326288703,0.14282641818961353,0.10508896683304944,M
0.0,0.0,0.0,0.08163294196128845,0.028706610202789307,-0.06863380545013342,0.12543201446533203,0.050002992153167725,-0.13581970655553732,0.1450735628604889,0.09114688634872437,-0.19847119176023398,0.14925646781921387,0.13267338275909424,-0.25912787341707144,0.1551298201084137,-0.12418872117996216,-0.14200482093923483,0.17550691962242126,-0.051086559891700745,-0.23486836576097403,0.1713344156742096,0.05052739381790161,-0.2924386146032134,0.1662178933620453,0.12786737084388733,-0.3238280894719878,0.08822241425514221,-0.14207494258880615,-0.14832946979635153,0.10561814904212952,-0.013657897710800171,-0.2517158570253173,0.11158573627471924,0.10575690865516663,-0.2910762610399047,0.11265304684638977,0.19125720858573914,-0.30797095918291006,0.024305909872055054,-0.12850597500801086,-0.15947175347440634,0.03597147762775421,0.0029903948307037354,-0.24968506717317496,0.04509252309799194,0.12193050980567932,-0.26265092515581046,0.05417078733444214,0.2060430347919464,-0.2570327403508941,-0.02907399833202362,-0.09424810111522675,-0.17585748755567465,-0.022174417972564697,0.01922169327735901,-0.2324602189027587,-0.007609561085700989,0.10244104266166687,-0.23893629335992728,0.010863423347473145,0.15988042950630188,-0.2354594054185668,1.2902129464384955,1.5268341712109503,1.4976349832117262,1.4817632613160572,1.4149168418084799,0.017629172044487086,0.06907875994399758,0.1201015922986615,0.14104204391195538,0.08299074834693343,0.13662352799895341,0.15861855906050776,0.060322428119423004,0.10651586603624369,0.06329702917403024,M
0.0,0.0,0.0,0.0795513242483139,0.034811198711395264,-0.08144917725684309,0.1236191838979721,0.057990431785583496,-0.15653420626284742,0.14310301840305328,0.10246658325195312,-0.22426153360964918,0.1471824198961258,0.13362210988998413,-0.28965179263713026,0.15243975818157196,-0.12370258569717407,-0.16726006209017896,0.17219920456409454,-0.05123467743396759,-0.26584379016520643,0.1689453274011612,0.0443243682384491,-0.3263784164107051,0.16539375483989716,0.11637860536575317,-0.3606288248217311,0.08702383935451508,-0.1421789526939392,-0.1698489004290309,0.10288776457309723,-0.022460997104644775,-0.2829489225065913,0.11195601522922516,0.09235066175460815,-0.33061374365451,0.11717276275157928,0.17499327659606934,-0.3543702179110255,0.025352656841278076,-0.1297042965888977,-0.17661849795939588,0.035203054547309875,-0.0007946491241455078,-0.2739535981333461,0.04628966748714447,0.11597061157226562,-0.2938226574576106,0.05637018382549286,0.19952267408370972,-0.293884646288177,-0.026337742805480957,-0.09566232562065125,-0.18916839002730512,-0.018945634365081787,0.012865453958511353,-0.25117785870196485,-0.0029883384704589844,0.09636551141738892,-0.26388431727053785,0.016155943274497986,0.15387624502182007,-0.2662912422335353,1.2687749228233371,1.5168918647283234,1.4760257069990752,1.4768603993991907,1.402125252186185,0.025079696344082823,0.05110922574795987,0.11220403995043901,0.13258268199812767,0.07590088116365756,0.13710971956688242,0.15387656540424155,0.06556405223268028,0.10320042073447701,0.06083404991610705,M
0.0,0.0,0.0,0.07591915130615234,0.015440881252288818,-0.05637459098954878,0.1188616156578064,0.0346451997756958,-0.11180456742306433,0.1393352746963501,0.07281649112701416,-0.16452394440432272,0.14015179872512817,0.1035078763961792,-0.2158903779055663,0.14159545302391052,-0.16057081520557404,-0.10458180322905264,0.1676742434501648,-0.07720708847045898,-0.18301945939322195,0.16688013076782227,0.008106529712677002,-0.23582886173983297,0.1659962236881256,0.07520812749862671,-0.26502433433790884,0.0772145688533783,-0.1724102795124054,-0.11132162823935232,0.10072827339172363,-0.06218084692955017,-0.19375954582949362,0.11121606826782227,0.04831540584564209,-0.22862124457617483,0.11770007014274597,0.13201963901519775,-0.24365651622076712,0.015045583248138428,-0.15481775999069214,-0.12283048048277578,0.03364527225494385,-0.03768652677536011,-0.19666782036085806,0.0490088164806366,0.07448753714561462,-0.20823740973730764,0.061679065227508545,0.1544364094734192,-0.20310266330500326,-0.03623974323272705,-0.11743099987506866,-0.13880695417185507,-0.02608966827392578,-0.019109666347503662,-0.18284362569113455,-0.008166685700416565,0.0534704327583313,-0.1859506966139861,0.010702043771743774,0.10344314575195312,-0.18095307066698751,1.270949266298563,1.4676734030128287,1.43858419092218,1.421130546339285,1.3613848083154805,0.03832505824304157,0.036290504598038065,0.09355044299193864,0.12944977113748626,0.07456585202407581,0.13099309223762418,0.1578401044464532,0.06033957730618972,0.11074833459024992,0.0721038810430374,M
0.0,0.0,0.0,0.07597663998603821,0.015578746795654297,-0.0592955172186862,0.11740726232528687,0.028170853853225708,-0.11655250639972792,0.13803312182426453,0.054337143898010254,-0.16999953688440428,0.14066961407661438,0.07467496395111084,-0.22207440139112578,0.14119264483451843,-0.17160895466804504,-0.11354332120475874,0.16599658131599426,-0.09050944447517395,-0.1957728088027011,0.16727551817893982,-0.006180375814437866,-0.251249682915784,0.16995662450790405,0.06114482879638672,-0.28236852289495573,0.07674074172973633,-0.18238750100135803,-0.11988955439386473,0.1012696623802185,-0.07743027806282043,-0.20710473955927,0.11258843541145325,0.03102642297744751,-0.2452011227732669,0.1201549768447876,0.1140822172164917,-0.2622938573485385,0.014895766973495483,-0.16241422295570374,-0.13095861376581297,0.03252720832824707,-0.05307701230049133,-0.20900708140192137,0.048782140016555786,0.05749592185020447,-0.2247957408553134,0.06273859739303589,0.1385471522808075,-0.2225536674386035,-0.03644794225692749,-0.12257795035839081,-0.146379601967908,-0.02602022886276245,-0.03145933151245117,-0.19486796559152708,-0.006674036383628845,0.040409624576568604,-0.20246371330080137,0.014047101140022278,0.09118199348449707,-0.20077559055147276,1.1069716015710453,1.4478385992229297,1.4253924570702874,1.4131487546931956,1.3388255630916914,0.032261331920854903,0.04442726584739741,0.10076159885273966,0.12769394193302014,0.0726812988512331,0.1322377594304725,0.15877660639811123,0.0624113265124907,0.10855091677896293,0.06792878679291234,M
0.0,0.0,0.0,0.08347368240356445,0.012910127639770508,-0.05393821817324351,0.13075414299964905,0.01870390772819519,-0.10496189516470622,0.14813950657844543,0.04194512963294983,-0.15387644689963054,0.1407461166381836,0.06934678554534912,-0.2012213848202009,0.1488359570503235,-0.17091891169548035,-0.09513065290138911,0.16420072317123413,-0.09007492661476135,-0.169319608029582,0.15796828269958496,-0.0011276602745056152,-0.21867171746180247,0.1555783450603485,0.06791910529136658,-0.24635053497240733,0.08064842224121094,-0.18413159251213074,-0.1019569344489355,0.09540361166000366,-0.07137623429298401,-0.18146140199587535,0.10232141613960266,0.04053211212158203,-0.21367248218939494,0.10688808560371399,0.12482422590255737,-0.2271099917261381,0.015529096126556396,-0.16763052344322205,-0.11411377858803462,0.02736791968345642,-0.0563197135925293,-0.18926953595564555,0.03953859210014343,0.05794787406921387,-0.2016546956865568,0.05200895667076111,0.14042532444000244,-0.19665884297774028,-0.038892269134521484,-0.130680114030838,-0.13027452748701762,-0.02985493838787079,-0.03421524167060852,-0.17716281932280253,-0.013871878385543823,0.04597023129463196,-0.18120779913351726,0.0034848302602767944,0.10478678345680237,-0.17637125473902415,1.3759957197582084,1.5425738608786983,1.4860695036870784,1.4529256232944443,1.3927319459564456,0.014900780881379621,0.064993173904024,0.11369451284245284,0.14176266853470823,0.07489281753097929,0.12642693552650563,0.15649812438987817,0.057053598203923445,0.10532678821357375,0.06020545197332126,M
0.0,0.0,0.0,0.07533694803714752,0.004068434238433838,-0.04283350115662188,0.12234346568584442,0.003453671932220459,-0.08707840150242419,0.1481204479932785,0.02052783966064453,-0.13107521986609072,0.1535337120294571,0.04150509834289551,-0.1736787573063907,0.14509160816669464,-0.20512141287326813,-0.07610359197502703,0.16324763000011444,-0.11426767706871033,-0.14629827594404787,0.1536989063024521,-0.027449220418930054,-0.19496531939154238,0.14770002663135529,0.038039982318878174,-0.2212796524727878,0.07826115190982819,-0.22063322365283966,-0.08552325671558947,0.0920272022485733,-0.10008814930915833,-0.15739536440020174,0.09423281252384186,0.012260198593139648,-0.18753080224638552,0.09715835750102997,0.09596264362335205,-0.19981043195372195,0.01173219084739685,-0.2037411481142044,-0.09987484818344683,0.023209914565086365,-0.09243673086166382,-0.1675088868105945,0.03396974503993988,0.0224895179271698,-0.17759733056669802,0.04568876326084137,0.10592782497406006,-0.17142231917028994,-0.04390384256839752,-0.16648730635643005,-0.11747447555904955,-0.037375688552856445,-0.08179482817649841,-0.15831598794108004,-0.022326424717903137,-0.013899683952331543,-0.16075422024374575,-0.0038302838802337646,0.034741878509521484,-0.1546689585412082,0.884166069695342,1.560069630566904,1.5111783297808161,1.4615782588254385,1.3742241039641343,0.0067851981830988495,0.07838242683266973,0.12562173650089029,0.1575092643344503,0.07687323988926234,0.12253594180820208,0.151566198383663,0.0524254134042084,0.11809609548649908,0.0867154830685511,M
0.0,0.0,0.0,0.06920120120048523,0.007329076528549194,-0.04847038345010901,0.11319610476493835,0.02297389507293701,-0.09882863046200896,0.1350208818912506,0.060162127017974854,-0.14951057912381316,0.13219454884529114,0.10449153184890747,-0.2003188449290576,0.13451102375984192,-0.18207180500030518,-0.0861332211044612,0.14515814185142517,-0.08156311511993408,-0.15901825012238646,0.13699927926063538,0.011651158332824707,-0.20908890844853545,0.13043248653411865,0.08404219150543213,-0.23506568552525664,0.06187474727630615,-0.19955424964427948,-0.09373551787408019,0.0690646767616272,-0.06954824924468994,-0.16817179502518798,0.07191213965415955,0.05100142955780029,-0.19710099877389098,0.07242625951766968,0.14524871110916138,-0.20806200982602263,-0.007713019847869873,-0.18643124401569366,-0.10612303198846007,0.0009024739265441895,-0.06252360343933105,-0.17466041626008177,0.010311365127563477,0.05749249458312988,-0.18180321337254668,0.018446773290634155,0.14631086587905884,-0.1722981351760211,-0.06480233371257782,-0.1559962034225464,-0.12263634236128951,-0.06119844317436218,-0.06926184892654419,-0.16094574512513304,-0.04714608192443848,-0.002109915018081665,-0.16016876877816344,-0.03187030553817749,0.048987895250320435,-0.15168756426842833,1.3418242850335185,1.5861214054523884,1.540204302899378,1.4923388843080367,1.4115010155936485,0.020525115933210773,0.07234221499513781,0.12119163808760898,0.17319910542360423,0.08432651074653515,0.12813347641776016,0.16604517457729429,0.053989935229540084,0.14192927165408215,0.10956080062626014,M
0.0,0.0,0.0,0.07262483239173889,0.008269429206848145,-0.0544942440787608,0.12211403250694275,0.010748803615570068,-0.10343033171690053,0.15205931663513184,0.02184361219406128,-0.1507837409476096,0.158821702003479,0.0427325963973999,-0.19624748177326268,0.13800635933876038,-0.20265188813209534,-0.08442536092794484,0.15300971269607544,-0.11053043603897095,-0.16016107148922032,0.14526259899139404,-0.017510056495666504,-0.21168249196804112,0.13853728771209717,0.05615949630737305,-0.23722667343414372,0.0674639642238617,-0.2205953598022461,-0.08817240692174977,0.076256662607193,-0.09832745790481567,-0.16584324188030308,0.07918843626976013,0.021210521459579468,-0.19650276846683568,0.08181390166282654,0.11539852619171143,-0.2066429937580878,-0.0007297396659851074,-0.20622800290584564,-0.0979319149950797,0.00888398289680481,-0.08882203698158264,-0.16875008590019291,0.016814887523651123,0.02650696039199829,-0.1766422773102576,0.025434821844100952,0.11301064491271973,-0.16613429136074132,-0.05748111009597778,-0.1753646433353424,-0.11243092365062779,-0.053262680768966675,-0.09960228204727173,-0.15239957816398686,-0.04110279679298401,-0.04022401571273804,-0.15323642737663334,-0.02538447082042694,0.004630446434020996,-0.14471110052860325,0.7167367776658126,1.568744919242935,1.5281133418908013,1.4890198519089364,1.3943315985534677,0.024325688157518843,0.10587983125306541,0.15076824566789232,0.1881055234124254,0.08201710301231156,0.12658681164785082,0.1718301076681428,0.05642962535945804,0.15414622459296376,0.11970324945132053,M
0.0,0.0,0.0,0.05392634868621826,0.0035223662853240967,-0.037633836601116855,0.09578251838684082,0.007628738880157471,-0.07828721064720412,0.12186282873153687,0.033364832401275635,-0.12025332856569548,0.12503165006637573,0.059355318546295166,-0.16226070034895201,0.125327467918396,-0.17952889204025269,-0.06620385158453246,0.12765690684318542,-0.10528647899627686,-0.13413957167063018,0.10573571920394897,-0.015153944492340088,-0.1813306103983905,0.08634358644485474,0.05760395526885986,-0.20433918047342559,0.060913532972335815,-0.2082391381263733,-0.07513410258684416,0.05276718735694885,-0.10671612620353699,-0.142379228357413,0.04000973701477051,0.013617664575576782,-0.1695519875327136,0.03269684314727783,0.10518598556518555,-0.1780702959338214,-0.0058411359786987305,-0.20413115620613098,-0.08849097448978682,-0.015863418579101562,-0.11089828610420227,-0.14936335790548583,-0.01913478970527649,0.0056601762771606445,-0.15443434226904174,-0.01809537410736084,0.09242552518844604,-0.14414449441824218,-0.06403614580631256,-0.17689192295074463,-0.10504927146826049,-0.07398341596126556,-0.11049824953079224,-0.13909067619238158,-0.06923972070217133,-0.034428298473358154,-0.13553688335809966,-0.06145589053630829,0.02328723669052124,-0.12472404945287963,1.0561638022588171,1.733735676485443,1.6605811770495964,1.6120945722442925,1.557907310825803,0.03872768441454259,0.10308329936601514,0.14689786797698573,0.18994343718273746,0.07170789826481158,0.11009104510763748,0.15173108636627575,0.05237058986367017,0.1247883901944713,0.08161027705753303,M
0.0,0.0,0.0,0.05626577138900757,0.01310911774635315,-0.03811798101465769,0.09811395406723022,0.029902935028076172,-0.08093930637638636,0.1230853796005249,0.06615090370178223,-0.1251182243804223,0.13520553708076477,0.09942507743835449,-0.16990250205795832,0.12735477089881897,-0.14866118133068085,-0.07629869735043115,0.12598896026611328,-0.06076228618621826,-0.14757621145050592,0.10350513458251953,0.032110244035720825,-0.1967582837323434,0.08854469656944275,0.10521095991134644,-0.22196048354904718,0.05991107225418091,-0.1777563989162445,-0.08694659775297708,0.050771117210388184,-0.062129825353622437,-0.15967205023567743,0.03717696666717529,0.0644688606262207,-0.18985359227459497,0.03152957558631897,0.1555192470550537,-0.20159330820839472,-0.007442474365234375,-0.17527109384536743,-0.10130746519367761,-0.01666608452796936,-0.07996448874473572,-0.16898472463886804,-0.020546376705169678,0.046439409255981445,-0.17562325155537195,-0.018751323223114014,0.13890910148620605,-0.16671752786438532,-0.06540760397911072,-0.14846190810203552,-0.11838080590765543,-0.07524897158145905,-0.07743343710899353,-0.15808105325501032,-0.06899763643741608,0.0032733678817749023,-0.15606556689541407,-0.05870653688907623,0.06352066993713379,-0.14675173020165033,1.0806922320389343,1.7224943955097927,1.655750584860823,1.6067755795021283,1.5391954452200378,0.04701819300243583,0.11787816106804869,0.15893930599332365,0.197208059950142,0.076037147342953,0.1124633300632878,0.15303923037309483,0.05295342973691835,0.12886541113267763,0.08532194741402618,M
0.0,0.0,0.0,0.057157695293426514,0.015199393033981323,-0.03565415586464571,0.09245914220809937,0.03886979818344116,-0.07886371980540918,0.10789772868156433,0.08247417211532593,-0.12406254778735804,0.10803282260894775,0.12318581342697144,-0.17026712219350504,0.12847626209259033,-0.13008888065814972,-0.07363107274406122,0.12356764078140259,-0.0405697226524353,-0.1424056015455024,0.10138639807701111,0.04822176694869995,-0.1897914133512275,0.08784571290016174,0.11747175455093384,-0.2148398033820884,0.06282302737236023,-0.15462449193000793,-0.08685849825971292,0.05291569232940674,-0.040526747703552246,-0.1564955733262794,0.040501952171325684,0.08067700266838074,-0.1847906581603782,0.03510934114456177,0.16585928201675415,-0.1961546264135139,-0.004778742790222168,-0.1481945514678955,-0.10383530925147699,-0.016533195972442627,-0.048420220613479614,-0.16922296802632975,-0.017875999212265015,0.07177466154098511,-0.17482467214696573,-0.014272809028625488,0.1578354835510254,-0.16616176287763285,-0.06276419758796692,-0.11686204373836517,-0.12348729591005014,-0.07049603760242462,-0.04132083058357239,-0.16082513551347422,-0.06258523464202881,0.036551475524902344,-0.15715173105828928,-0.053050145506858826,0.09380537271499634,-0.14762322823636698,1.3881487719091614,1.7334696789805892,1.6570562788193786,1.6018096949866354,1.5247181230083409,0.02098022562398666,0.08449176924629889,0.1271191062349461,0.16374044373162008,0.0715714867821003,0.10980629826978519,0.14286966278904553,0.05002977211167216,0.11385895191994325,0.07485677603277001,M
0.0,0.0,0.0,0.05312904715538025,0.01848292350769043,-0.034568735235303905,0.0887962281703949,0.042648911476135254,-0.07705535071429637,0.1031128466129303,0.08254995942115784,-0.12213414239224818,0.10673102736473083,0.11778587102890015,-0.16830122547683146,0.1277657449245453,-0.12563484907150269,-0.07042139100369837,0.12556007504463196,-0.031215906143188477,-0.13983881550368693,0.10287287831306458,0.061730802059173584,-0.18734808342990306,0.09095603227615356,0.12969014048576355,-0.21296568291720774,0.06330597400665283,-0.15390758216381073,-0.08529871033963587,0.05568647384643555,-0.0419999361038208,-0.15563072341021922,0.04356539249420166,0.08568456768989563,-0.18253238575992015,0.03989872336387634,0.1709972620010376,-0.19239956217345622,-0.00493350625038147,-0.1491924375295639,-0.10411547946271327,-0.011345058679580688,-0.055591046810150146,-0.17059326248702433,-0.013942599296569824,0.06940555572509766,-0.1726251997285786,-0.00985768437385559,0.15433645248413086,-0.16118006485042002,-0.06419694423675537,-0.11608293652534485,-0.1255987741285267,-0.06996826827526093,-0.035394638776779175,-0.16538104491767314,-0.061499327421188354,0.05138465762138367,-0.15987785237368968,-0.05045631527900696,0.11179295182228088,-0.14805282729205516,1.3364858555103565,1.7139778600038993,1.6427154754311843,1.587017999121517,1.5105705085437509,0.01976264408793135,0.08542838513780009,0.12218376614582911,0.15730154407384847,0.06567440202423863,0.10378268718774436,0.14254038516546041,0.05247173224434353,0.10802399433412639,0.058806447605152454,M
0.0,0.0,0.0,0.05400979518890381,0.013338655233383179,-0.032206043187926525,0.09207701683044434,0.035462647676467896,-0.07244216609413456,0.11003819108009338,0.07428044080734253,-0.115593440417598,0.11832454800605774,0.11321285367012024,-0.16037579584534,0.12383031845092773,-0.11773979663848877,-0.06921913433487248,0.11819985508918762,-0.017051398754119873,-0.13616166222507786,0.0948706865310669,0.07772618532180786,-0.18186483490879368,0.08324655890464783,0.14344918727874756,-0.20627462077553105,0.056255996227264404,-0.14217665791511536,-0.08387725013906788,0.04792588949203491,-0.023162752389907837,-0.1516182642024262,0.03598901629447937,0.10187363624572754,-0.17585252929146122,0.032999515533447266,0.18616604804992676,-0.18386454093868565,-0.012275725603103638,-0.1354103684425354,-0.10206387150699925,-0.017941683530807495,-0.03800070285797119,-0.16599018085415196,-0.021142631769180298,0.08342474699020386,-0.16580196428711247,-0.016294360160827637,0.1657688021659851,-0.15279618609363865,-0.07084837555885315,-0.10367909073829651,-0.1227415944975121,-0.07709139585494995,-0.023522913455963135,-0.16054668236191105,-0.06930972635746002,0.06085282564163208,-0.15280439663345646,-0.05835720896720886,0.12095630168914795,-0.13910657871181797,1.2452215343503659,1.724944494840456,1.6415081328045136,1.5841385379718353,1.5152471287828628,0.046310918685455144,0.11226098938041595,0.1445142835789747,0.17685136198057347,0.06595070554354683,0.10201254715530896,0.14337906743194243,0.05334729440761359,0.11224242572185389,0.061460909924073014,M
0.0,0.0,0.0,0.055657029151916504,0.008572906255722046,-0.03693194016014445,0.09938812255859375,0.01910877227783203,-0.07871091439520228,0.1301060914993286,0.05230268836021423,-0.1213482774714123,0.15079760551452637,0.07922026515007019,-0.16379976346289027,0.1351296305656433,-0.16249892115592957,-0.07194788827692378,0.12722283601760864,-0.058581024408340454,-0.14498338177000392,0.10410118103027344,0.036796361207962036,-0.1955619163731228,0.09216669201850891,0.1057729423046112,-0.22226685359274256,0.0685046911239624,-0.19066736102104187,-0.08366075231825221,0.0608554482460022,-0.07522818446159363,-0.1575813747862469,0.04728883504867554,0.055825382471084595,-0.18721288516317713,0.04351601004600525,0.14606818556785583,-0.19788721277510035,0.000708848237991333,-0.1868990808725357,-0.09946215971504557,-0.007260054349899292,-0.09600159525871277,-0.16819381787573207,-0.010142356157302856,0.032924920320510864,-0.17251990809236872,-0.006010174751281738,0.12158587574958801,-0.1612400717953335,-0.0604301393032074,-0.15947511792182922,-0.11785952820574153,-0.07106673717498779,-0.09476244449615479,-0.1608099348763119,-0.06349371373653412,-0.01360553503036499,-0.15970292761122096,-0.050380051136016846,0.042214661836624146,-0.1496531076649319,0.8632706239403656,1.7295949325250592,1.6448691773728967,1.5925735987392244,1.521008070208292,0.06436325567783815,0.12640405527693332,0.16243006160609536,0.20455283965761997,0.06317116023973086,0.0994421743168787,0.15607443416527142,0.05524695896257706,0.14000723087359287,0.09093115818251818,M
0.0,0.0,0.0,0.06055480241775513,0.007301598787307739,-0.030535619966329364,0.10491037368774414,0.020399034023284912,-0.06781810175591829,0.12911343574523926,0.054511070251464844,-0.10701737951451662,0.13743382692337036,0.08613991737365723,-0.1462807322662485,0.14503005146980286,-0.15632683038711548,-0.05809819351846102,0.13338759541511536,-0.05293795466423035,-0.12363041590863588,0.11143285036087036,0.04109984636306763,-0.16860694836789492,0.10203173756599426,0.1073380708694458,-0.192122709266485,0.08133232593536377,-0.18011592328548431,-0.07137123893910768,0.06868943572044373,-0.059182703495025635,-0.1388150716941965,0.05561000108718872,0.06396263837814331,-0.16400213193112734,0.05100396275520325,0.14564859867095947,-0.17138641726189974,0.013865232467651367,-0.17523856461048126,-0.08842891108209017,0.000382840633392334,-0.06454193592071533,-0.15190967570954683,-0.0035770535469055176,0.056790292263031006,-0.15246627878362062,-0.0030936598777770996,0.13591057062149048,-0.1381952429931772,-0.04747360944747925,-0.14675739407539368,-0.1078021566193712,-0.05849584937095642,-0.06585082411766052,-0.1449931378286493,-0.051763489842414856,0.0171053409576416,-0.13880882810765627,-0.0427703857421875,0.07228600978851318,-0.12457218419724825,1.1113801241941128,1.7324526733523384,1.6636277771976626,1.6252465150659214,1.5493279737489076,0.04126341772682742,0.10493523988571098,0.1490808252974296,0.18073596492616326,0.06380854443231995,0.10893914323966149,0.14898423373155734,0.054967098930474696,0.11906173979765676,0.07498217999304102,M
0.0,0.0,0.0,0.06036671996116638,0.0008760690689086914,-0.041852088810045984,0.10967162251472473,0.004484504461288452,-0.08362852239712026,0.147957444190979,0.0348227322101593,-0.12609988653763082,0.17464357614517212,0.05564141273498535,-0.16738692128761556,0.13121449947357178,-0.1731312870979309,-0.07448626512392309,0.12583008408546448,-0.07581016421318054,-0.1520250906954601,0.09872287511825562,0.02557539939880371,-0.2035893967161968,0.08335790038108826,0.10151082277297974,-0.22891333901985433,0.0630943775177002,-0.2014259546995163,-0.0838815515647724,0.05422341823577881,-0.08559980988502502,-0.16362318599327352,0.040610671043395996,0.04861873388290405,-0.19365126097305563,0.037855952978134155,0.14313900470733643,-0.20217003131016043,-0.0038974881172180176,-0.19826263189315796,-0.09851297938926962,-0.018069058656692505,-0.09468585252761841,-0.1726741364012554,-0.019871920347213745,0.03917044401168823,-0.17725214564903524,-0.012801885604858398,0.12952369451522827,-0.16375495696171072,-0.06323671340942383,-0.17462283372879028,-0.11623365634783056,-0.07999107241630554,-0.11000820994377136,-0.16133932972057607,-0.07319411635398865,-0.02894890308380127,-0.16000171208484915,-0.05753129720687866,0.027601122856140137,-0.1485061665783718,0.6669915774495636,1.7433149341378387,1.6439129701895978,1.5979548974977202,1.5425904544692464,0.10216201533319078,0.16237820805960268,0.20148050201381118,0.23386198851572798,0.06167116626610123,0.10015700386947848,0.15909874210306776,0.052455631552082695,0.14982566415844523,0.11130557432521024,M
0.0,0.0,0.0,0.0621187686920166,0.0044113993644714355,-0.04190951915094843,0.11460784077644348,0.009332627058029175,-0.0849018353373765,0.15553957223892212,0.038275718688964844,-0.12917159827063074,0.18670105934143066,0.061415672302246094,-0.17235935063669672,0.1437448263168335,-0.19197356700897217,-0.07391606600592127,0.14097276329994202,-0.09265482425689697,-0.1524202856571435,0.11579769849777222,0.011749714612960815,-0.20619547696421137,0.10217684507369995,0.08779853582382202,-0.23296785683939447,0.07355624437332153,-0.22005952894687653,-0.08481546820709696,0.0700509250164032,-0.09506863355636597,-0.1650458011181115,0.05534180998802185,0.042251646518707275,-0.19771060676882257,0.05213582515716553,0.13682681322097778,-0.20834258528063287,0.003442436456680298,-0.214715838432312,-0.10090085448334207,-0.006596624851226807,-0.11097148060798645,-0.17568961115190973,-0.011159330606460571,0.027015089988708496,-0.18217058809111109,-0.005351990461349487,0.12141656875610352,-0.17002244623014917,-0.05953046679496765,-0.18887808918952942,-0.11997048141071787,-0.0758427083492279,-0.1332625150680542,-0.1637590113432168,-0.07018452882766724,-0.05932271480560303,-0.1622636351139306,-0.054508522152900696,-0.005295664072036743,-0.15099400611231317,0.6256283353253004,1.7182952821983406,1.6307446920241762,1.5969539386832576,1.5434478889278556,0.08854602354242315,0.1542551212301586,0.20120755829196793,0.25026478898461363,0.07005623211977254,0.11266154006474292,0.1822548609974088,0.05951743088420036,0.1776845951822877,0.1359130404200984,M
0.0,0.0,0.0,0.062273502349853516,0.015194863080978394,-0.03975247971888507,0.10580822825431824,0.04146459698677063,-0.08577596403833354,0.13530504703521729,0.08786854147911072,-0.13418219246145213,0.15825185179710388,0.13015004992485046,-0.18315338351007426,0.13625314831733704,-0.14343217015266418,-0.08172974743123973,0.13675791025161743,-0.03500550985336304,-0.16011098779912913,0.11322858929634094,0.06684550642967224,-0.2124806866812321,0.10051903128623962,0.14294442534446716,-0.2397159413265797,0.0657384991645813,-0.17507416009902954,-0.09591595091100658,0.06194046139717102,-0.039609819650650024,-0.17615542568441356,0.046777814626693726,0.09960266947746277,-0.20764934279199565,0.04411661624908447,0.19263240694999695,-0.21954130388971294,-0.004821121692657471,-0.17091509699821472,-0.11442032464023555,-0.011836081743240356,-0.05341354012489319,-0.18881971396680797,-0.01487058401107788,0.0814715325832367,-0.19439145185228313,-0.008255600929260254,0.1715468466281891,-0.18372332312341655,-0.06583255529403687,-0.14252948760986328,-0.1359435842203709,-0.07807530462741852,-0.05756121873855591,-0.17757428445096934,-0.06927838921546936,0.02108520269393921,-0.1748462394642445,-0.053981468081474304,0.07241186499595642,-0.1651779488491627,1.0367657352235293,1.6949348563515914,1.6295306979966624,1.5808247815317376,1.5157157211042624,0.059133531997655614,0.13011878009349667,0.17157629961833287,0.21994699376342033,0.07516733291832943,0.11247230377701335,0.16983888357555016,0.056457506022320046,0.15516511481982231,0.10917233857550655,M
0.0,0.0,0.0,0.0678238570690155,0.0005887746810913086,-0.041752948128177536,0.12085071206092834,0.008428484201431274,-0.08668288465638341,0.1646590232849121,0.046741753816604614,-0.13333910580773534,0.19991087913513184,0.07540866732597351,-0.18010732408662022,0.14229872822761536,-0.18327893316745758,-0.08034212019343556,0.14509576559066772,-0.07353758811950684,-0.16279488679070653,0.12199375033378601,0.03461900353431702,-0.22001728292603673,0.1071920096874237,0.11725512146949768,-0.2495656597246665,0.06505480408668518,-0.20795537531375885,-0.0934023546804923,0.06427887082099915,-0.07696846127510071,-0.17903628822465123,0.052038371562957764,0.0714101493358612,-0.21486186858315648,0.04991850256919861,0.17839547991752625,-0.22809032972951115,-0.009480535984039307,-0.19793733954429626,-0.11128213878770055,-0.01783505082130432,-0.09104868769645691,-0.19087709363599004,-0.018195241689682007,0.05269768834114075,-0.19928926106591405,-0.009776860475540161,0.15495386719703674,-0.18869188305039586,-0.07401604950428009,-0.16470548510551453,-0.13194498296876134,-0.08902853727340698,-0.09971275925636292,-0.1791603850950736,-0.07939185202121735,-0.01646345853805542,-0.17814616736073674,-0.06213879585266113,0.04629606008529663,-0.1678201543917197,0.7028692881895505,1.6870837442704145,1.6099539066914264,1.5716360315429707,1.51456577705174,0.10172469943945381,0.18194503729331096,0.22426855991324415,0.2636618593228035,0.08377587987466797,0.12289390553086814,0.18359768543579422,0.06413303030405298,0.1732255606127958,0.12061629791520677,M
0.0,0.0,0.0,0.06753590703010559,0.0028573274612426758,-0.048429505130670236,0.12510541081428528,0.006539106369018555,-0.09460423623623626,0.174216628074646,0.03941690921783447,-0.14136256759466903,0.2141287624835968,0.05961477756500244,-0.18710326140227096,0.14044475555419922,-0.19379636645317078,-0.08401401077809112,0.14436602592468262,-0.0882481038570404,-0.1698866385728337,0.12004610896110535,0.02300921082496643,-0.22714621310534255,0.1036214828491211,0.10814416408538818,-0.2552961457282521,0.06219416856765747,-0.22153736650943756,-0.09370178466143386,0.059145718812942505,-0.09678259491920471,-0.18460129683317916,0.04773825407028198,0.058047473430633545,-0.22101118152441757,0.047321617603302,0.16667789220809937,-0.23272678737940566,-0.012908101081848145,-0.21442793309688568,-0.10919210051598327,-0.023722544312477112,-0.1123913824558258,-0.19365892296137588,-0.023146063089370728,0.038621753454208374,-0.20205912475886123,-0.012752562761306763,0.14338737726211548,-0.18976609890761154,-0.07802583277225494,-0.18407532572746277,-0.1280223179370381,-0.09492996335029602,-0.12273150682449341,-0.1798441011220433,-0.08587352931499481,-0.037662118673324585,-0.18115240817370193,-0.06702828407287598,0.022568583488464355,-0.17116941993536727,0.5376202745847315,1.692152428729523,1.6090876640803198,1.5703616379868945,1.5176266815356605,0.12069366266816667,0.1982098234200227,0.24185322864269657,0.2835872093799633,0.08121497494083747,0.12159359591178388,0.19090448644553257,0.06443101142251799,0.1839657383128789,0.1324501221321112,M
0.0,0.0,0.0,0.07122674584388733,0.025236964225769043,-0.03139002409390912,0.12223583459854126,0.039602130651474,-0.06688193765096173,0.1485733687877655,0.07185584306716919,-0.10514002081565366,0.1535758376121521,0.11472168564796448,-0.1447660529296826,0.1701834499835968,-0.1267869770526886,-0.057615795848889206,0.17431694269180298,-0.0204181969165802,-0.12482727107219205,0.15311658382415771,0.07842296361923218,-0.1705618703048657,0.13990828394889832,0.15262165665626526,-0.1946619951408337,0.10130903124809265,-0.16020505130290985,-0.07334968235902295,0.09420192241668701,-0.025765448808670044,-0.14187832709960446,0.08220121264457703,0.11073973774909973,-0.16756964263133511,0.0783485472202301,0.20443060994148254,-0.17572258946113095,0.025772809982299805,-0.16039034724235535,-0.09368489470891461,0.0188063383102417,-0.03253099322319031,-0.16262393232993588,0.012687116861343384,0.10056257247924805,-0.1671073043029736,0.012052655220031738,0.18899157643318176,-0.15567173597030148,-0.0438179075717926,-0.13233652710914612,-0.11624572214297757,-0.05406296253204346,-0.02753177285194397,-0.159184371797366,-0.05164514482021332,0.062434881925582886,-0.1558269464652966,-0.04565368592739105,0.12424144148826599,-0.14390720960311398,1.175549441719642,1.6787296773872586,1.6336815909257258,1.6100459492268722,1.577951060464735,0.04028907824172653,0.11707619876649017,0.15982749397910695,0.1994568344305412,0.08045973419427117,0.13292792356097763,0.18771968803871067,0.06806988358865028,0.14767144802843687,0.08673293367578168,M
0.0,0.0,0.0,0.07325604557991028,0.03076121211051941,-0.036636629217269956,0.11671856045722961,0.05657309293746948,-0.08037278529346281,0.12971481680870056,0.09585979580879211,-0.1268408792847424,0.12496262788772583,0.14495232701301575,-0.17391419883907133,0.17228180170059204,-0.11479625105857849,-0.0727172615760594,0.18273180723190308,-0.013631641864776611,-0.14327691968620115,0.1599794626235962,0.0853438675403595,-0.1908871429795056,0.14571788907051086,0.16388973593711853,-0.21736267682254606,0.10368555784225464,-0.15704236924648285,-0.08914968099534804,0.10691475868225098,-0.03063821792602539,-0.16260865803897673,0.09194010496139526,0.1059824526309967,-0.19050185855567747,0.08499464392662048,0.20183560252189636,-0.20083453234374815,0.029182761907577515,-0.16340318322181702,-0.11012413080871397,0.028633326292037964,-0.04210042953491211,-0.18167293544948393,0.017341554164886475,0.09628632664680481,-0.18701807137668425,0.015496641397476196,0.1896224319934845,-0.17678647216499144,-0.03948932886123657,-0.1398029327392578,-0.13402000542819792,-0.04929710924625397,-0.03443199396133423,-0.17730443652808958,-0.05053378641605377,0.05944982171058655,-0.17399934407413298,-0.04638326168060303,0.12366840243339539,-0.16330764170825773,1.4777848824475204,1.6658276518943942,1.6228308433233039,1.6095449884203856,1.5969561371402545,0.028096375629684176,0.06952083698096846,0.11822952455816446,0.17266273285649372,0.07160447815377727,0.13273938749237602,0.19626667518639,0.07056297818188384,0.15287336344640381,0.09043813587290257,M
0.0,0.0,0.0,0.08187803626060486,0.050909191370010376,-0.03438770334048513,0.12497776746749878,0.09350654482841492,-0.07416935945673231,0.13240554928779602,0.14798429608345032,-0.11776868189497236,0.12352895736694336,0.21259739995002747,-0.16097166324777845,0.16107386350631714,-0.0549994558095932,-0.06750099296493772,0.16008538007736206,0.05408892035484314,-0.13852039660139326,0.13431784510612488,0.1580599546432495,-0.18689801479501966,0.11600717902183533,0.24298140406608582,-0.21289398456735853,0.08865997195243835,-0.09828607738018036,-0.08388862694425825,0.07185307145118713,0.041397303342819214,-0.15850501443071607,0.05720821022987366,0.18049493432044983,-0.1859794774167085,0.05047836899757385,0.27877381443977356,-0.195713854681685,0.01651623845100403,-0.1054876372218132,-0.1052360453717256,0.0019062459468841553,0.04625943303108215,-0.1756134250275636,-0.0032373666763305664,0.18211022019386292,-0.18220173503084425,-0.0005488395690917969,0.2724752724170685,-0.17289658571405653,-0.0462384968996048,-0.0827803760766983,-0.12987687374277357,-0.062023669481277466,0.049518436193466187,-0.169958017121985,-0.06204582750797272,0.1464216411113739,-0.16545098210497144,-0.056947022676467896,0.21353289484977722,-0.15406865562124494,1.5829613131833873,1.7208989615343122,1.6717137084344447,1.615915823517283,1.6069198101096778,0.0313011957534786,0.09856828240275743,0.13777031357908423,0.18047840458995984,0.074666736794601,0.12022975397160907,0.1754433543345554,0.051414469225284996,0.1256844953256751,0.08157793164268289,M
0.0,0.0,0.0,0.07942914962768555,0.037136971950531006,-0.03909980717102712,0.11886495351791382,0.07893946766853333,-0.08592126357356733,0.12088724970817566,0.13940122723579407,-0.1360530092100305,0.10401555895805359,0.2077656090259552,-0.18553928869764036,0.15290358662605286,-0.07584130764007568,-0.07818183886806196,0.14382389187812805,0.026854753494262695,-0.15488992470304197,0.12610578536987305,0.13835066556930542,-0.20765784221688932,0.11529180407524109,0.22349810600280762,-0.2371521874050302,0.07815057039260864,-0.10515452921390533,-0.09587177473108,0.058677464723587036,0.033184200525283813,-0.177743671713273,0.05071699619293213,0.18188431859016418,-0.20699445742170042,0.04742422699928284,0.2806253135204315,-0.21711437243024534,0.0017882287502288818,-0.10242524743080139,-0.11858479517499632,-0.012416481971740723,0.04159653186798096,-0.19600976842443174,-0.011844009160995483,0.18134769797325134,-0.20036601859132475,-0.005219906568527222,0.2727942168712616,-0.18821570116082853,-0.06609237194061279,-0.07007968425750732,-0.14477766889135069,-0.07869528234004974,0.060579538345336914,-0.189207596955697,-0.06767956912517548,0.16265740990638733,-0.1833750738481683,-0.05327306687831879,0.23304980993270874,-0.1706461294273538,1.685556797185654,1.6957905637186945,1.6502758984896977,1.589471585503563,1.5285316467042258,0.01935626939959158,0.0922557065546094,0.12712634175145396,0.15930788628623324,0.08871034808252529,0.13020437377078486,0.1688352770233602,0.05322340531978451,0.11137043384982159,0.06235963517096468,M
0.0,0.0,0.0,0.06868681311607361,0.07776524126529694,-0.0442096075689733,0.0845792293548584,0.15066514909267426,-0.09371506112574934,0.06649425625801086,0.22872473299503326,-0.14389731424807906,0.04285621643066406,0.2997646778821945,-0.19503845709323286,0.07725679874420166,0.01254504919052124,-0.10547806012391447,0.06657668948173523,0.12265931069850922,-0.1767730905389726,0.052823543548583984,0.22996829450130463,-0.22385307091235518,0.04061499238014221,0.3176044076681137,-0.25259001987933516,0.009866654872894287,-0.02691665291786194,-0.12104112344741225,-0.01507657766342163,0.12057112157344818,-0.19740078288077711,-0.0204697847366333,0.26865731179714203,-0.22677147823333144,-0.016841888427734375,0.3726591318845749,-0.24460484522342085,-0.049074262380599976,-0.032462842762470245,-0.1400825126743257,-0.07580438256263733,0.11724810302257538,-0.2143908782577455,-0.07060837745666504,0.26252220571041107,-0.22397865789889693,-0.057440370321273804,0.36548735201358795,-0.2226512028551042,-0.09544788300991058,-0.009537115693092346,-0.16279350656031966,-0.12497779726982117,0.10023148357868195,-0.20823781627177596,-0.12845899164676666,0.190219447016716,-0.20676209467410445,-0.12213069200515747,0.2553350180387497,-0.20319389241694807,1.8436504408048529,1.6903373311201566,1.637539291955218,1.5918162329632881,1.671196067288162,0.017979962293599223,0.09422030114571638,0.1199119477327857,0.17086449200759757,0.07957584941878493,0.10912208994377826,0.17425164180246086,0.04122706827532055,0.15764098403801383,0.12774339278283106,M
0.0,0.0,0.0,0.08601796627044678,-0.006576329469680786,-0.048480475140298296,0.1444004774093628,-0.039098888635635376,-0.08513678778477995,0.13923940062522888,-0.06897050142288208,-0.11942182649442046,0.09827560186386108,-0.08843576908111572,-0.1491732241637358,0.15201368927955627,-0.2889151871204376,-0.05983786825605719,0.134933739900589,-0.2658369541168213,-0.11767279524871199,0.11665210127830505,-0.1711725890636444,-0.15244720299311965,0.1130169928073883,-0.10290965437889099,-0.16929070074626296,0.0767352283000946,-0.31241069734096527,-0.061922838730300356,0.05044180154800415,-0.22387577593326569,-0.12268391419717162,0.04876866936683655,-0.10147956013679504,-0.1417806984908232,0.054567188024520874,-0.024702638387680054,-0.14478560705252974,0.003482341766357422,-0.29744574427604675,-0.0704713033563742,-0.015300318598747253,-0.19438323378562927,-0.13114353437491744,-0.0050799548625946045,-0.07903355360031128,-0.13351246137687056,0.008779048919677734,-0.007075697183609009,-0.12115720082589476,-0.05645863711833954,-0.25838521122932434,-0.08301398326226561,-0.06378063559532166,-0.18417155742645264,-0.12195849586793273,-0.050320833921432495,-0.10123816132545471,-0.11980496515103667,-0.032057493925094604,-0.046869754791259766,-0.10749897528954833,-2.322560145618552,1.7774565585304387,1.6476948574624988,1.552557118433958,1.4559406534705452,0.020659185912398906,0.07728089924643462,0.1209507928376597,0.13680076535559882,0.0976356340144562,0.1415969501707033,0.15552195036870245,0.0490638638806224,0.08941597492910253,0.05701920950341169,M
0.0,0.0,0.0,0.08924144506454468,-0.022857248783111572,-0.03877501908120706,0.1413189172744751,-0.04389485716819763,-0.07194836783585146,0.13274571299552917,-0.02591383457183838,-0.10400555628714159,0.08850622177124023,-0.004428267478942871,-0.133961703361841,0.13783970475196838,-0.2635950595140457,-0.055973507197471406,0.10380059480667114,-0.17010819911956787,-0.12225901681360796,0.0844816267490387,-0.05917072296142578,-0.16438617903170183,0.07689911127090454,0.01961040496826172,-0.18382176357683733,0.0587020069360733,-0.26676367223262787,-0.06188474568900659,0.023664265871047974,-0.15299570560455322,-0.13130165237364366,0.02679412066936493,-0.009814620018005371,-0.15403754609999254,0.03264676034450531,0.08728700876235962,-0.15644593137678697,-0.015253007411956787,-0.2338186800479889,-0.0737625991123636,-0.041997894644737244,-0.11675667762756348,-0.14263647395548418,-0.024483531713485718,0.007743358612060547,-0.14707074660238817,-0.0056448280811309814,0.09428673982620239,-0.13253154951510027,-0.06805731356143951,-0.1723616123199463,-0.08834528523859575,-0.07896612584590912,-0.07800814509391785,-0.13228253621038988,-0.05646704137325287,0.007110685110092163,-0.13363731998381212,-0.03169545531272888,0.06689262390136719,-0.12278943109688356,2.4998258879595006,1.7827460179726318,1.6442557604583083,1.541520875403744,1.419970515924473,0.02669424633120396,0.10738701656579958,0.1364150756168781,0.13976806760158333,0.08086033182974513,0.11131063251804746,0.11844149660792584,0.03892610922150387,0.06749704919135584,0.037803078796084584,M
0.0,0.0,0.0,0.08310279250144958,-0.052230894565582275,-0.035671624568948346,0.12702465057373047,-0.11526432633399963,-0.06191987472558935,0.11618325114250183,-0.1333850622177124,-0.0866457663753124,0.0695449709892273,-0.13099786639213562,-0.10839631336713751,0.1191013753414154,-0.3293752819299698,-0.045335865793475705,0.0860169529914856,-0.27993476390838623,-0.10826104807640036,0.06571638584136963,-0.18438595533370972,-0.14759849685216864,0.059872835874557495,-0.12012326717376709,-0.16656897145296057,0.052269354462623596,-0.31309302151203156,-0.051759134260663586,0.007009834051132202,-0.25690770149230957,-0.11760262328172644,0.004705220460891724,-0.14137813448905945,-0.1384503461697193,0.01188671588897705,-0.0687483549118042,-0.14160884099985083,-0.015349656343460083,-0.2613157033920288,-0.06465994494939764,-0.05162721872329712,-0.21078768372535706,-0.13193211632753332,-0.04362928867340088,-0.10881692171096802,-0.132575727281818,-0.028386250138282776,-0.040612637996673584,-0.11752688067937811,-0.06360714137554169,-0.18267643451690674,-0.07996988969827612,-0.08703015744686127,-0.14540845155715942,-0.12523468512083014,-0.070956751704216,-0.08093506097793579,-0.12553321498418768,-0.046908944845199585,-0.03833276033401489,-0.11492195653701742,-2.8744135655296605,1.8466299719707264,1.7345849636989499,1.6297962482769797,1.4556246705441256,0.014553594258346288,0.0848497263445525,0.13326670095573429,0.14882317156254446,0.07029971067646656,0.11879228264478804,0.1345066381365092,0.04912769441935161,0.06619696454286138,0.018662477364013975,M
0.0,0.0,0.0,0.07283179461956024,-0.053225696086883545,-0.03871465058846413,0.1212320476770401,-0.10741716623306274,-0.06859909327549873,0.12148796021938324,-0.11357548832893372,-0.09726675184292732,0.08640627562999725,-0.0955662727355957,-0.12442743362708031,0.10389555990695953,-0.31920140981674194,-0.05227933781070648,0.0831807404756546,-0.2518192529678345,-0.11950795681996285,0.06643886864185333,-0.1445041000843048,-0.16015616388840614,0.060084834694862366,-0.05950698256492615,-0.1774621340803617,0.031285762786865234,-0.31994010508060455,-0.05684057952685295,0.003856554627418518,-0.23898649215698242,-0.1280925008825773,0.004903048276901245,-0.1109434962272644,-0.15048539968056618,0.012025848031044006,-0.013552427291870117,-0.15083648593945442,-0.0339360386133194,-0.2816925346851349,-0.06800202609820305,-0.05785314738750458,-0.20570474863052368,-0.139617669897508,-0.04862503707408905,-0.08636853098869324,-0.14354807467980324,-0.032511964440345764,0.0025791525840759277,-0.12739545436425148,-0.0797722190618515,-0.2160855233669281,-0.0816292125157827,-0.09884271025657654,-0.1546347737312317,-0.13341784806771217,-0.08585372567176819,-0.07620298862457275,-0.13832693131489693,-0.06533495336771011,-0.017957866191864014,-0.12762473853154122,2.8135934086424768,1.7379237587810354,1.6335749806654403,1.5657868153864407,1.4980563877380777,0.04464404395341377,0.11071909886858018,0.15418843125412157,0.17043610340532842,0.06649426553844649,0.11148477648462247,0.13212286822894384,0.047369236947946605,0.07748613737281693,0.0387184418892237,M
0.0,0.0,0.0,0.06007009744644165,0.011353611946105957,-0.06724609703263695,0.1099710762500763,0.022234976291656494,-0.12552549213609154,0.11325687170028687,0.06052154302597046,-0.17866812915048058,0.07004538178443909,0.10416942834854126,-0.23468786746701653,0.09405574202537537,-0.20783160626888275,-0.12474722683867867,0.07079678773880005,-0.08540806174278259,-0.21160845727166588,0.05374503135681152,0.02566710114479065,-0.2698664692088073,0.04365153610706329,0.10840481519699097,-0.29916951328954156,0.009957954287528992,-0.21393543481826782,-0.12584755093297417,-0.02095426619052887,-0.08491250872612,-0.2065490511103576,-0.014734193682670593,0.059329986572265625,-0.23218181997975762,-0.010607436299324036,0.1693747341632843,-0.23879784614285882,-0.06549638509750366,-0.17955368757247925,-0.13177761704167779,-0.09098227322101593,-0.056851744651794434,-0.20715849370202477,-0.07646884769201279,0.08117642998695374,-0.20740701526841576,-0.06409242749214172,0.18065693974494934,-0.19143551856717522,-0.1194637268781662,-0.11993977427482605,-0.1433609452887481,-0.13587312400341034,-0.021599024534225464,-0.19390294224461968,-0.11897958815097809,0.08161258697509766,-0.18944376975736077,-0.10398516058921814,0.1553221046924591,-0.17485294014653618,2.0242229063827017,1.7288545466137037,1.6243970226540607,1.5668987446869824,1.5146233378543994,0.02673150933630852,0.10371407315907881,0.154412730294934,0.18139246394493602,0.08161719858800275,0.12972714131499433,0.15491231798985955,0.05466198355056958,0.09442921046267296,0.04725763452704191,M
0.0,0.0,0.0,0.07830394804477692,-0.030949771404266357,-0.06128759256948513,0.12081034481525421,-0.06990659236907959,-0.10987788386096042,0.10661168396472931,-0.08130848407745361,-0.1510945627783684,0.06135876476764679,-0.08622220158576965,-0.19002283311833423,0.11998923122882843,-0.26599037647247314,-0.12012010015000385,0.08584482967853546,-0.23258334398269653,-0.2059007803295998,0.059187665581703186,-0.14536696672439575,-0.25471977091778797,0.0494987815618515,-0.08320704102516174,-0.2804224560355095,0.04683540761470795,-0.24940770864486694,-0.1236270735358147,0.010750219225883484,-0.2064414620399475,-0.22166257298935932,-0.00040046870708465576,-0.10186004638671875,-0.25943190551747364,0.0038788169622421265,-0.035536378622055054,-0.2748182187174706,-0.02162069082260132,-0.20394861698150635,-0.13236802018631977,-0.05283622443675995,-0.17537885904312134,-0.2252106437777428,-0.05245004594326019,-0.09447938203811646,-0.2430590758417992,-0.040876761078834534,-0.03576350212097168,-0.24099079466809314,-0.06871332228183746,-0.13830456137657166,-0.14394108153332752,-0.08912187814712524,-0.10732600092887878,-0.2129750470017342,-0.07601064443588257,-0.04657360911369324,-0.23156481183518451,-0.05270989239215851,-0.005655646324157715,-0.2357460031603722,-2.8737515622945344,1.9388714050885907,1.7690114606658294,1.684793246964927,1.4507315941332697,0.01223725438356136,0.07663548165974468,0.11400957458382763,0.1396518112054533,0.06598237055472153,0.10207168114296862,0.12829977338837367,0.04475615433518237,0.06399328237444486,0.03234974462588712,M
0.0,0.0,0.0,0.07679891586303711,0.016158759593963623,-0.0460813152644306,0.12716418504714966,0.03027084469795227,-0.0879279295954376,0.12736767530441284,0.070728600025177,-0.12872593803736265,0.0782698392868042,0.10766983032226562,-0.17064277036520537,0.12171605229377747,-0.19284790754318237,-0.0817122678312927,0.10185122489929199,-0.07892477512359619,-0.15213022334906157,0.09117311239242554,0.028652161359786987,-0.19791913731428679,0.08337453007698059,0.09868556261062622,-0.22003456158968504,0.03755423426628113,-0.19679084420204163,-0.08968984289499815,0.014097601175308228,-0.05912938714027405,-0.1616850714239746,0.020204812288284302,0.09194892644882202,-0.1866152356419235,0.022651925683021545,0.19527101516723633,-0.19216162665220793,-0.03960755467414856,-0.16526338458061218,-0.10218568100067671,-0.05819641053676605,-0.033765971660614014,-0.1721530626568466,-0.03847752511501312,0.10064423084259033,-0.17864174349638517,-0.022777259349822998,0.19276314973831177,-0.16650818987223204,-0.09627072513103485,-0.10931441187858582,-0.1179361711296707,-0.09762094914913177,-0.0037541091442108154,-0.16013971670004423,-0.07142460346221924,0.09044539928436279,-0.1576220761093765,-0.04944704473018646,0.15665090084075928,-0.14575517876478727,2.134212107400616,1.701562542053912,1.6087881325587516,1.523822393508245,1.3965302666594301,0.010333195748543527,0.10376569712520875,0.13210370604991187,0.13678723526757566,0.11408761690012828,0.14184073744266743,0.14491911940937813,0.04549835427527046,0.08179104330692206,0.04489289445639955,M
0.0,0.0,0.0,0.08034145832061768,-0.013456463813781738,-0.04704619995539616,0.12914884090423584,-0.019514650106430054,-0.08675511232798527,0.11455664038658142,0.009883850812911987,-0.12362523428385686,0.060643792152404785,0.03760761022567749,-0.15902788243477772,0.12044161558151245,-0.25194430351257324,-0.07876223377173375,0.08717262744903564,-0.1535184681415558,-0.15612001023476552,0.07213115692138672,-0.039070963859558105,-0.20463875732605885,0.06792670488357544,0.04115912318229675,-0.2283125152367873,0.03974556922912598,-0.25262588262557983,-0.08513351581280659,0.003092825412750244,-0.14865219593048096,-0.16672971151059102,0.006744563579559326,0.004572927951812744,-0.19767197272961567,0.01655980944633484,0.10366040468215942,-0.20634671352093648,-0.03458382189273834,-0.21757188439369202,-0.09712655148690175,-0.06630146503448486,-0.12024176120758057,-0.17794572613423298,-0.04661077260971069,0.018686801195144653,-0.19176887772267293,-0.022981703281402588,0.11642074584960938,-0.18355395696347188,-0.08723361790180206,-0.15165328979492188,-0.11173401079361867,-0.10071074962615967,-0.06693068146705627,-0.1690914710540099,-0.0760946124792099,0.027885913848876953,-0.1811362584609313,-0.04735548794269562,0.09536463022232056,-0.17830691538041066,2.4465553452522824,1.7480837745868727,1.6357809013722961,1.536072640815251,1.4107390727474367,0.00810271942812301,0.07941265130153585,0.11491185244971912,0.12247333530182224,0.0809009773487656,0.11801970395492097,0.12739003483907058,0.04154945890751814,0.06445141669673925,0.032209336907562065,M
0.0,0.0,0.0,0.06395897269248962,0.017003268003463745,-0.05073695028561076,0.11454445123672485,0.04075691103935242,-0.10045692468422374,0.13387775421142578,0.0730758011341095,-0.1492805197312208,0.10352593660354614,0.09929150342941284,-0.1984041794611784,0.1264714002609253,-0.2002694010734558,-0.08519335979956111,0.11413392424583435,-0.09289857745170593,-0.16333077991741618,0.10528668761253357,0.016462504863739014,-0.21830122316616496,0.1024596095085144,0.0961301326751709,-0.24621263290184459,0.04753968119621277,-0.21135041117668152,-0.09143722201126536,0.03268007934093475,-0.07932236790657043,-0.16750140631931743,0.03951099514961243,0.06732374429702759,-0.19677359009521922,0.04589912295341492,0.1700727343559265,-0.20575414741772136,-0.029127836227416992,-0.18775871396064758,-0.10293394470947703,-0.04094485938549042,-0.06351351737976074,-0.17395064378517588,-0.021722763776779175,0.07044601440429688,-0.17874372149246653,-0.005200475454330444,0.16811031103134155,-0.16603292668598613,-0.08599293231964111,-0.13604344427585602,-0.1186028733326765,-0.08435317873954773,-0.042787641286849976,-0.16120229805248698,-0.05897700786590576,0.051357120275497437,-0.15805587316292247,-0.03880450129508972,0.1191437840461731,-0.1457930817677351,1.7568584376813654,1.6516313657122366,1.5750974504823487,1.5036609479099645,1.3879449123672487,0.0033363630676794005,0.09127339318190929,0.12867579787485467,0.14370826906655035,0.09309455936126704,0.1295061387363283,0.1431264376366539,0.05113726686808484,0.09883552974758215,0.05938814122108595,M
0.0,0.0,0.0,0.08447809517383575,0.020349204540252686,-0.028638953091714825,0.13482330739498138,0.054265499114990234,-0.07261742626330658,0.15881098806858063,0.10856306552886963,-0.12293133859536454,0.16771052777767181,0.16602662205696106,-0.17438371454379364,0.16866321861743927,-0.13185036182403564,-0.0657802221646051,0.18270181119441986,-0.03391942381858826,-0.14065083836219117,0.16946138441562653,0.07748284935951233,-0.19656507645747467,0.16190434992313385,0.16481998562812805,-0.22857888017794892,0.09283517301082611,-0.15454743802547455,-0.08818430428406998,0.1023758202791214,-0.0124436616897583,-0.16650624548098847,0.10112239420413971,0.1337113082408905,-0.2017549571861963,0.10216967761516571,0.23807567358016968,-0.21881915603778168,0.017024114727973938,-0.14550383388996124,-0.11457703237435624,0.020705446600914,-0.013522148132324219,-0.1875138727297525,0.025683119893074036,0.1325327455997467,-0.19454318259856507,0.034402087330818176,0.23490571975708008,-0.18706323181292817,-0.04805414378643036,-0.10892245173454285,-0.14371409987113282,-0.05288977921009064,0.00542980432510376,-0.18471752082011506,-0.03705425560474396,0.10552889108657837,-0.1794105020632486,-0.017793402075767517,0.1786418855190277,-0.16901098166606232,1.2846106402003379,1.5935748071685096,1.547026084575556,1.5251457929763146,1.4659509909424369,0.005930233785434934,0.09739953216221342,0.15005155912004,0.18593238788142075,0.09452315532750286,0.14549514457381033,0.18022854099740337,0.06784168998622982,0.1338787348768651,0.07674625826423093,M
0.0,0.0,0.0,0.07617238163948059,0.01503843069076538,-0.03177033968059284,0.12468695640563965,0.039315491914749146,-0.07781240574805004,0.14656269550323486,0.087801992893219,-0.12938547365156872,0.15510666370391846,0.14061984419822693,-0.1839262568184541,0.15736433863639832,-0.1586686670780182,-0.06800018481699688,0.1676117479801178,-0.06686776876449585,-0.142957823795955,0.154145747423172,0.04419255256652832,-0.19863322607962353,0.1500401794910431,0.1297781765460968,-0.22952126197306377,0.0831550657749176,-0.1764286607503891,-0.08791879795281154,0.09136340022087097,-0.04487252235412598,-0.16570249430624706,0.08663612604141235,0.09900975227355957,-0.20186747841326458,0.08743718266487122,0.1992700695991516,-0.2188041829296754,0.0066996365785598755,-0.16376802325248718,-0.11181655011860592,0.005337327718734741,-0.057024478912353516,-0.18504759900061352,0.007393985986709595,0.08874955773353577,-0.1917149894663499,0.016102731227874756,0.19057464599609375,-0.1826907717415498,-0.05938713252544403,-0.13101454079151154,-0.13819480173079235,-0.07247552275657654,-0.06631472706794739,-0.1788242631384538,-0.06025707721710205,0.012471258640289307,-0.17281842462507946,-0.041705116629600525,0.07215267419815063,-0.16149476401297314,1.2790823418380897,1.5961825837734551,1.5593990791315309,1.5442658262817108,1.4839832387712457,0.011967080669844258,0.08954891179502543,0.1477077366506869,0.20838097380967552,0.09353212502512115,0.14708994100492837,0.200217274742332,0.07186246832285836,0.18120862474120084,0.13177826330023418,M
0.0,0.0,0.0,0.07259459793567657,0.008757621049880981,-0.043377427435913773,0.12472431361675262,0.013465732336044312,-0.09220360038379738,0.149747833609581,0.043588787317276,-0.14306876627306053,0.1519574373960495,0.08140137791633606,-0.19434607592920372,0.15621624886989594,-0.18979531526565552,-0.08022147235969612,0.17145754396915436,-0.11136844754219055,-0.16079040435651848,0.1575574427843094,-0.0034502148628234863,-0.21574389008382866,0.15055985748767853,0.0787823498249054,-0.24505685833791802,0.08216013014316559,-0.21132206916809082,-0.09557479438880989,0.09637688100337982,-0.1022549569606781,-0.1792375352750213,0.09468622505664825,0.03790774941444397,-0.21357282070020744,0.09608326852321625,0.1361585259437561,-0.22659727004865715,0.005731046199798584,-0.19749143719673157,-0.11628831741909096,0.01874743402004242,-0.10296022891998291,-0.19583890405992577,0.024946361780166626,0.0397304892539978,-0.2039165106187255,0.03393624722957611,0.13898172974586487,-0.1936783846984298,-0.06220453977584839,-0.15760093927383423,-0.14013314811090538,-0.05614811182022095,-0.0772523283958435,-0.18910565046171257,-0.03894728422164917,0.013130933046340942,-0.1883169469008834,-0.01951827108860016,0.07815137505531311,-0.17834432987073967,1.1895431989362526,1.5918537565406339,1.5307489270354095,1.4871658419800828,1.3916729239598138,0.0029685918789865945,0.0782321417789816,0.1313183088724615,0.1715065045964998,0.07911841967092333,0.13124416867999047,0.17007929900246252,0.062211114243199354,0.1293388785896064,0.08097973561581054,M
0.0,0.0,0.0,0.07259459793567657,0.008757621049880981,-0.043377427435913773,0.12472431361675262,0.013465732336044312,-0.09220360038379738,0.149747833609581,0.043588787317276,-0.14306876627306053,0.1519574373960495,0.08140137791633606,-0.19434607592920372,0.15621624886989594,-0.18979531526565552,-0.08022147235969612,0.17145754396915436,-0.11136844754219055,-0.16079040435651848,0.1575574427843094,-0.0034502148628234863,-0.21574389008382866,0.15055985748767853,0.0787823498249054,-0.24505685833791802,0.08216013014316559,-0.21132206916809082,-0.09557479438880989,0.09637688100337982,-0.1022549569606781,-0.1792375352750213,0.09468622505664825,0.03790774941444397,-0.21357282070020744,0.09608326852321625,0.1361585259437561,-0.22659727004865715,0.005731046199798584,-0.19749143719673157,-0.11628831741909096,0.01874743402004242,-0.10296022891998291,-0.19583890405992577,0.024946361780166626,0.0397304892539978,-0.2039165106187255,0.03393624722957611,0.13898172974586487,-0.1936783846984298,-0.06220453977584839,-0.15760093927383423,-0.14013314811090538,-0.05614811182022095,-0.0772523283958435,-0.18910565046171257,-0.03894728422164917,0.013130933046340942,-0.1883169469008834,-0.01951827108860016,0.07815137505531311,-0.17834432987073967,1.1895431989362526,1.5918537565406339,1.5307489270354095,1.4871658419800828,1.3916729239598138,0.0029685918789865945,0.0782321417789816,0.1313183088724615,0.1715065045964998,0.07911841967092333,0.13124416867999047,0.17007929900246252,0.062211114243199354,0.1293388785896064,0.08097973561581054,M
0.0,0.0,0.0,0.08518540859222412,0.02421972155570984,-0.03721484094771199,0.1321408748626709,0.04866918921470642,-0.08360021486791425,0.15053829550743103,0.09742578864097595,-0.13326345309528165,0.15610596537590027,0.14568167924880981,-0.1825014941385632,0.1657974123954773,-0.1217917650938034,-0.07779900655063443,0.18195679783821106,-0.04402855038642883,-0.15288624092849545,0.17314448952674866,0.05992266535758972,-0.20469729527744107,0.166524738073349,0.14518442749977112,-0.23396931514056973,0.09708645939826965,-0.1393502950668335,-0.09608777537854962,0.10680758953094482,-0.027002811431884766,-0.17838759645732694,0.10767364501953125,0.11000564694404602,-0.21362997516902738,0.10787281394004822,0.2070504128932953,-0.22935677990230374,0.02706506848335266,-0.1287127137184143,-0.11862041726621442,0.03313674032688141,-0.026455461978912354,-0.19618990942748837,0.038294702768325806,0.11108869314193726,-0.20478311106475644,0.0460008829832077,0.2072068750858307,-0.19709171280177884,-0.03448528051376343,-0.09274549782276154,-0.144134580343092,-0.03833074867725372,0.0021925270557403564,-0.19222174510272794,-0.023405849933624268,0.0944162905216217,-0.19129168912681394,-0.004121631383895874,0.161414235830307,-0.1827635906628018,1.3286139813665907,1.5680720244088142,1.539668011589275,1.5144858389394666,1.4518930684402669,0.01043063199537905,0.07805484204430652,0.1261288186398548,0.16099812452326842,0.08524933051496777,0.13554624174190477,0.1714164230387055,0.06187212878789393,0.12093558798113284,0.06789132681327588,M
0.0,0.0,0.0,0.08684515953063965,0.03911474347114563,-0.03255140259312839,0.13142037391662598,0.08251839876174927,-0.07800205274867267,0.14596912264823914,0.1513116955757141,-0.1274065397624895,0.14830425381660461,0.2119656503200531,-0.1770705006961748,0.15713369846343994,-0.07054397463798523,-0.08138794674920291,0.1789780855178833,0.002802550792694092,-0.15254222079562396,0.1719086468219757,0.10239472985267639,-0.20042561217593402,0.1629771590232849,0.18277159333229065,-0.22866736575412006,0.0936506986618042,-0.08854690194129944,-0.10254091247367114,0.10498932003974915,0.023265928030014038,-0.1818801633958742,0.1056998074054718,0.15784993767738342,-0.21623321100520343,0.10501384735107422,0.25021806359291077,-0.23349330052184314,0.028799772262573242,-0.08009698987007141,-0.12666167541789264,0.03567001223564148,0.02260705828666687,-0.20202623530673236,0.04025503993034363,0.15866342186927795,-0.21114425584124774,0.046197086572647095,0.25061652064323425,-0.20584194585131854,-0.030304938554763794,-0.04781615734100342,-0.15313592776107043,-0.03749069571495056,0.0450613796710968,-0.2005259565954134,-0.025042131543159485,0.13739553093910217,-0.19991286321925372,-0.00896337628364563,0.20472779870033264,-0.19323663636492938,1.441097923466574,1.5477325078320947,1.5372660297777827,1.5182393784711647,1.486490303900044,0.032673951560975106,0.05776942455268473,0.10917766886742397,0.15743409406293868,0.08893127599796682,0.1350574673366987,0.17333673192891766,0.05881811044642352,0.1227198912461866,0.0717527104998368,M
0.0,0.0,0.0,0.08354735374450684,0.019085437059402466,-0.03428649448454735,0.1305961310863495,0.04310166835784912,-0.07932890870273468,0.1477387547492981,0.09153923392295837,-0.12778753705919144,0.15350967645645142,0.14666703343391418,-0.1759026861995494,0.16069942712783813,-0.11772474646568298,-0.07791878201663849,0.17965543270111084,-0.04559624195098877,-0.14941484399736282,0.17165607213974,0.057734161615371704,-0.19748385914266464,0.16280141472816467,0.14312925934791565,-0.22471011348665115,0.09497764706611633,-0.13901346921920776,-0.09624395438135025,0.10909003019332886,-0.027550846338272095,-0.17612241872251388,0.10650533437728882,0.1114184558391571,-0.20868479379117844,0.102419912815094,0.20922163128852844,-0.22264575131833908,0.027653604745864868,-0.13307863473892212,-0.11815538176000473,0.034369587898254395,-0.026598036289215088,-0.19402713247239944,0.03841930627822876,0.1136040985584259,-0.2009273535817897,0.044331878423690796,0.21106359362602234,-0.1923528976053035,-0.032906174659729004,-0.10214012861251831,-0.1426862395614421,-0.037653639912605286,-0.001655489206314087,-0.18905665644109604,-0.025363579392433167,0.09039711952209473,-0.1869936949819362,-0.009002834558486938,0.15567564964294434,-0.17806032963693497,1.3530567267329516,1.5627384014452643,1.549428196476444,1.522370898897992,1.4783458179826379,0.009942446660333846,0.08076658753273087,0.12675452081822597,0.16276200847366704,0.08952165884306691,0.13656538655899084,0.17226175426479645,0.05811723122026364,0.12362119875921794,0.07689223593812229,M
0.0,0.0,0.0,0.07881082594394684,0.029393494129180908,-0.03534841283990886,0.12538014352321625,0.06281444430351257,-0.08037465929820087,0.14407573640346527,0.11801782250404358,-0.12930913388564136,0.14837060868740082,0.16569176316261292,-0.17726685225798633,0.16372691094875336,-0.126122385263443,-0.07090101510121372,0.18314962089061737,-0.03858977556228638,-0.14452041804625537,0.16986282169818878,0.06478068232536316,-0.1958923500759795,0.15979363024234772,0.14496377110481262,-0.22468282401396777,0.09555517137050629,-0.1473853886127472,-0.08919744312598255,0.10775689780712128,-0.02896595001220703,-0.16750377535655048,0.10162793099880219,0.10691830515861511,-0.20081408440901782,0.09903819859027863,0.2007424533367157,-0.21545465409590747,0.026272907853126526,-0.13873857259750366,-0.11199352264239337,0.03363873064517975,-0.029480725526809692,-0.18561053395106342,0.0343828946352005,0.10628828406333923,-0.19281183302237537,0.04033432900905609,0.2007138431072235,-0.1846749645455077,-0.03330421447753906,-0.10273844003677368,-0.13779032349421527,-0.03572128713130951,-0.000939786434173584,-0.18112146973444965,-0.023123830556869507,0.090290367603302,-0.17835047960116412,-0.005406469106674194,0.1559152901172638,-0.1691199552996352,1.350934278864001,1.5853046468853274,1.560791637168045,1.5293961600799097,1.4633541730237638,0.023667172965798292,0.060516423949797206,0.11357105181508279,0.1540875370693277,0.08247717179169554,0.13182789985211896,0.16556270290620043,0.05870387655303878,0.11365809769932929,0.06402445597002933,M
0.0,0.0,0.0,0.07134780287742615,0.004195153713226318,-0.047730388071670404,0.11893931031227112,0.006035715341567993,-0.09954523476613986,0.14617913961410522,0.0356002151966095,-0.1522416937614821,0.15254345536231995,0.06799769401550293,-0.20350016834987628,0.1582934558391571,-0.21785303950309753,-0.08747442993177401,0.1820286214351654,-0.13042142987251282,-0.16977179231895434,0.16946718096733093,-0.0283488929271698,-0.2240394222999953,0.16212990880012512,0.04985055327415466,-0.2528204489017867,0.08731341361999512,-0.24025925993919373,-0.10059461179031359,0.10599008202552795,-0.13315832614898682,-0.18717046263469683,0.10262009501457214,0.0017822086811065674,-0.2220535743500136,0.1024671196937561,0.1008840799331665,-0.2347651589180373,0.014736831188201904,-0.22807282209396362,-0.11922253849758135,0.027708470821380615,-0.13173151016235352,-0.19959441008819567,0.03227496147155762,0.007506847381591797,-0.20927460673107134,0.04163864254951477,0.10693097114562988,-0.1998026538158797,-0.049117207527160645,-0.19001485407352448,-0.1414937395121001,-0.04359312355518341,-0.10611546039581299,-0.19063739660037982,-0.029309794306755066,-0.016001999378204346,-0.19226467790855395,-0.010401099920272827,0.04999569058418274,-0.18379603507770526,1.073857051231304,1.5564663347538181,1.5264051599326025,1.4906652700125906,1.410863998200083,0.020523615826688747,0.05990954659080788,0.1175401104863128,0.16393596379008238,0.07851158670672208,0.13332786410596137,0.17253106976691704,0.06112829561686517,0.12380978624234204,0.07713469367886616,M
0.0,0.0,0.0,0.0725666880607605,0.007872581481933594,-0.04449866198383745,0.11931553483009338,0.012736380100250244,-0.09383706979834017,0.14466306567192078,0.04331868886947632,-0.1446432047375339,0.15546193718910217,0.07777953147888184,-0.1948266499527591,0.1573609709739685,-0.2022467404603958,-0.08258562766395983,0.17711201310157776,-0.11255267262458801,-0.16277313463770327,0.16350489854812622,-0.007804393768310547,-0.21662652723871645,0.15503039956092834,0.07053267955780029,-0.24583454661451754,0.08592259883880615,-0.2248721420764923,-0.09716817222916063,0.10179764032363892,-0.1177821159362793,-0.1823442899473804,0.09755343198776245,0.0211714506149292,-0.2185773425587314,0.0973656177520752,0.12043607234954834,-0.23267022006594118,0.011893868446350098,-0.21263694763183594,-0.11679367207371172,0.02180740237236023,-0.11731427907943726,-0.1981128924378055,0.02642083168029785,0.02468201518058777,-0.20963850848757204,0.03597351908683777,0.12409377098083496,-0.20153098039709505,-0.05357009172439575,-0.17389699816703796,-0.13941952817522463,-0.05135263502597809,-0.0823708176612854,-0.190174209404816,-0.03644382953643799,0.011756539344787598,-0.19236769013487276,-0.017102405428886414,0.07799935340881348,-0.18445609741293367,1.0635648611333506,1.579339913798527,1.537669883748639,1.49940773806948,1.4270226430675568,0.007259689214464566,0.07207470299057722,0.12815026664516085,0.17256448262855087,0.07625992180162613,0.13055011031266334,0.1722946713397109,0.061500963714396895,0.12208113468268587,0.07029757531026752,M
0.0,0.0,0.0,0.07602229714393616,0.008703500032424927,-0.0466094634401486,0.12213841080665588,0.012698203325271606,-0.09803527061816908,0.14486727118492126,0.04165983200073242,-0.1504019222128079,0.14808037877082825,0.0744636058807373,-0.20152487074014402,0.16132351756095886,-0.19817787408828735,-0.08942599807855345,0.18253031373023987,-0.10795879364013672,-0.17204985235807158,0.1676642894744873,-0.003544926643371582,-0.22535774325010038,0.15806818008422852,0.0750308632850647,-0.25338946496125914,0.09048795700073242,-0.2209995836019516,-0.10357187901612974,0.10700935125350952,-0.1120481789112091,-0.19169518564817167,0.09898453950881958,0.02500331401824951,-0.22615386758920408,0.09654691815376282,0.12278681993484497,-0.23804731880304075,0.01737859845161438,-0.20949573814868927,-0.12284735058423735,0.026904821395874023,-0.11132261157035828,-0.20540057335969664,0.028195291757583618,0.03013080358505249,-0.2150604448187039,0.03713640570640564,0.12887781858444214,-0.20508197163221098,-0.04693567752838135,-0.17267364263534546,-0.14540688906785704,-0.046489059925079346,-0.0865553617477417,-0.19526757513162352,-0.03349165618419647,0.004321068525314331,-0.19610990797158934,-0.014165297150611877,0.06968033313751221,-0.18709153150197722,1.1731614692693135,1.5827109656366023,1.5531739488361362,1.5124720332761006,1.4363944775248838,0.010003897042589171,0.07064581077239997,0.1235697038253445,0.16231617003041027,0.0778813011258329,0.13237820307430453,0.17231656581206622,0.059721932770189015,0.12279044570958075,0.07833394538301515,M
0.0,0.0,0.0,0.06728464365005493,0.01308506727218628,-0.046244256514384574,0.11498337984085083,0.031087934970855713,-0.09773577408797962,0.1404476761817932,0.07694470882415771,-0.15090649234063847,0.14931178092956543,0.12188655138015747,-0.20313086019761784,0.16127347946166992,-0.17753323912620544,-0.08298820661313755,0.1729830503463745,-0.08703997731208801,-0.16753372954137546,0.15266358852386475,0.023708075284957886,-0.22413511978395206,0.14029225707054138,0.1107831597328186,-0.25337706910379154,0.0869329571723938,-0.2041197121143341,-0.09720028595931751,0.09116166830062866,-0.08853980898857117,-0.18484937058694584,0.0788106918334961,0.056155383586883545,-0.21936998175389988,0.07655695080757141,0.15862256288528442,-0.23163448678262455,0.010063886642456055,-0.19553513824939728,-0.11721651660211307,0.009323567152023315,-0.08881336450576782,-0.1988616477132581,0.006455123424530029,0.05431157350540161,-0.20488067375428898,0.013971030712127686,0.15463000535964966,-0.19224130021341068,-0.05610978603363037,-0.16031154990196228,-0.14090168880231602,-0.06069345772266388,-0.07721838355064392,-0.18801109896905643,-0.05038255453109741,0.012538641691207886,-0.18486299024827701,-0.032081589102745056,0.07628059387207031,-0.1732198189378522,1.2093352493785767,1.6434397941814152,1.5993928774458162,1.5596387858310399,1.4695837829389955,0.014305143016331524,0.08150337322703292,0.13924529596336818,0.18703865389781912,0.07969189267685099,0.13371461438495325,0.17579297453410103,0.06271313984954643,0.13631776191978262,0.0908816487100847,M
0.0,0.0,0.0,0.06538605690002441,0.01295962929725647,-0.04301471653033717,0.11093276739120483,0.04284742474555969,-0.09609095397044642,0.13524699211120605,0.09339714050292969,-0.15248390677024348,0.13946819305419922,0.14589399099349976,-0.2091671043877743,0.1553765833377838,-0.18093201518058777,-0.08017533662368281,0.168272465467453,-0.08600884675979614,-0.16447400691558345,0.14922738075256348,0.024969279766082764,-0.2229930573945187,0.13471847772598267,0.11334675550460815,-0.25342958810378535,0.07970637083053589,-0.2037433534860611,-0.09670601429988368,0.08568122982978821,-0.08614057302474976,-0.18315930309344752,0.07579416036605835,0.06201726198196411,-0.219227966094508,0.07264742255210876,0.16910624504089355,-0.2328104639296673,0.0017747730016708374,-0.19273295998573303,-0.11847913655091746,0.0027185380458831787,-0.08813726902008057,-0.197682094002261,0.0025727003812789917,0.058056652545928955,-0.20382570865203364,0.00914350152015686,0.16214245557785034,-0.19153518619586452,-0.0650649219751358,-0.1559799611568451,-0.14395868423034175,-0.07137231528759003,-0.07154425978660583,-0.1878486538176678,-0.05981583893299103,0.0157473087310791,-0.18352537992049678,-0.043590009212493896,0.077578604221344,-0.1715687030797146,1.3006480530431563,1.640880457418134,1.5897264935214885,1.5500350414304884,1.479107544980718,0.032891979777271846,0.07073771348053166,0.13133368884179028,0.1953901161444528,0.08343822004180829,0.13472228841112938,0.1818605981528471,0.06388460182327174,0.14794745546045437,0.09965875832276806,M
0.0,0.0,0.0,0.06826449930667877,0.010843127965927124,-0.0387285842036178,0.11343203485012054,0.0360865592956543,-0.08881623357881807,0.13336335122585297,0.08718481659889221,-0.14344298154463075,0.13213713467121124,0.14266076683998108,-0.19918342739691042,0.1550101786851883,-0.18396204710006714,-0.0728266394173076,0.16087950766086578,-0.08466044068336487,-0.15351570457567476,0.1434074491262436,0.023345202207565308,-0.21017310828317903,0.13164962828159332,0.11105260252952576,-0.2398249140416553,0.07897721230983734,-0.20872938632965088,-0.09078539222826265,0.07879899442195892,-0.08457785844802856,-0.17377819925894045,0.0703933984041214,0.06532680988311768,-0.20891065210451387,0.06738795340061188,0.1737617552280426,-0.22239881068815492,1.4156103134155273e-06,-0.19770893454551697,-0.1136298781668117,-0.004191800951957703,-0.09299266338348389,-0.19203839511026644,-0.0021806657314300537,0.0574246346950531,-0.19857326954950594,0.005418494343757629,0.16413286328315735,-0.18644852251161836,-0.06965027749538422,-0.16127273440361023,-0.13967279404749178,-0.07809567451477051,-0.08131900429725647,-0.18381656021227144,-0.06569112837314606,0.00870087742805481,-0.179142647091048,-0.049300387501716614,0.0745677649974823,-0.1667512735759189,1.3970534851987215,1.6498158211217195,1.6010864775411082,1.5558265966059492,1.4847228568516657,0.031611923597855605,0.0718312463620622,0.12852495762342664,0.19379430165042064,0.08978864455305506,0.1369372602942871,0.18459158047354088,0.06271307212922526,0.15315226606354385,0.10495743356876445,M
0.0,0.0,0.0,0.06859911978244781,0.007984757423400879,-0.03700721302811161,0.11570753157138824,0.029853910207748413,-0.08620632106248394,0.1369597166776657,0.07296353578567505,-0.13988817149583355,0.14201457798480988,0.11902052164077759,-0.1948058497327949,0.15524370968341827,-0.18738068640232086,-0.07356919759694591,0.1595749408006668,-0.09609892964363098,-0.15343909377042309,0.1392584592103958,0.01277923583984375,-0.20943271035138622,0.1268243044614792,0.09954476356506348,-0.23921506518308178,0.07859008014202118,-0.2111298143863678,-0.09228802883807674,0.07940591871738434,-0.09921404719352722,-0.17612782532159343,0.06794337928295135,0.05232056975364685,-0.2125881951469566,0.06406550109386444,0.16141903400421143,-0.2268737893718864,-0.00040027499198913574,-0.20170927047729492,-0.11524524206105724,-0.0037364065647125244,-0.10962659120559692,-0.19522577935639873,-0.004615411162376404,0.04523599147796631,-0.2016713660377647,0.001553162932395935,0.15694081783294678,-0.18956610971871868,-0.06895604729652405,-0.16440001130104065,-0.14088263029042736,-0.0776733011007309,-0.0961621105670929,-0.18672393673841015,-0.06731446087360382,-0.0027237534523010254,-0.18155312949601665,-0.05184169113636017,0.06732898950576782,-0.16879621559564129,1.2839030987554323,1.669522362197778,1.6097636373760693,1.5653497406331336,1.4970751248538503,0.02469918141026833,0.08873382916781387,0.14549006145379256,0.20062967769511134,0.08813111109314208,0.13779392564812648,0.18154722273063484,0.0626725365889268,0.1492896971810625,0.10431342299610129,M
0.0,0.0,0.0,0.06673926115036011,0.01648491621017456,-0.05045122928465062,0.11249151825904846,0.03869873285293579,-0.10676003150189572,0.13357311487197876,0.07842373847961426,-0.16454143724883252,0.13170111179351807,0.12070542573928833,-0.22291964195216352,0.15047457814216614,-0.17508713901042938,-0.09104777775252515,0.1629837453365326,-0.09004735946655273,-0.17681549392188245,0.1443939208984375,0.016609251499176025,-0.23624235294306928,0.12990102171897888,0.09817168116569519,-0.26777772508109265,0.07488229870796204,-0.19857831299304962,-0.10433526984894925,0.08116358518600464,-0.09151479601860046,-0.19107624791110212,0.07495340704917908,0.05349794030189514,-0.22730569444144422,0.07007187604904175,0.15603682398796082,-0.24111255906069928,-0.0026898980140686035,-0.18695306777954102,-0.1231199195190733,-0.003437727689743042,-0.0899609923362732,-0.2027921070858305,0.00042748451232910156,0.05412665009498596,-0.20906937025035077,0.004687219858169556,0.15469056367874146,-0.19764131210292035,-0.06987819075584412,-0.1462741494178772,-0.1460734894081419,-0.07040683925151825,-0.053894877433776855,-0.19179011784041577,-0.055127158761024475,0.0421750545501709,-0.18749548397505933,-0.041994139552116394,0.10856801271438599,-0.17558288476908857,1.340700716421993,1.6459441817063436,1.5843606874987677,1.5492066615247873,1.4618129194253189,0.022605529606368278,0.07103851350256798,0.13148200768670992,0.17411880178475903,0.08323401603572758,0.1373786018889461,0.1722092627534482,0.06539851437164869,0.12170488854785286,0.06562346397327605,M
0.0,0.0,0.0,0.0715867131948471,0.01952505111694336,-0.04063185389370361,0.12209151685237885,0.045839548110961914,-0.09054473127455154,0.14678402245044708,0.09077918529510498,-0.14374724860519805,0.1431320160627365,0.1354559063911438,-0.19811628098816314,0.15711520612239838,-0.16930678486824036,-0.07630422796339431,0.16792599856853485,-0.07777822017669678,-0.15655236776203552,0.14819620549678802,0.031219840049743652,-0.2140765571150247,0.13576926290988922,0.11190754175186157,-0.24503313834995666,0.08155994117259979,-0.1929008960723877,-0.09253390218347946,0.08514244854450226,-0.07565701007843018,-0.1732823633703653,0.07778723537921906,0.07193976640701294,-0.20720828409523406,0.07344360649585724,0.17562782764434814,-0.22052081759304443,0.002556338906288147,-0.18255910277366638,-0.11374127949804702,0.00023151934146881104,-0.0830061286687851,-0.1883761816772882,0.0025480538606643677,0.06212693452835083,-0.19254177148670593,0.006113693118095398,0.16442936658859253,-0.1805169367346231,-0.0659555196762085,-0.1442406177520752,-0.13844283755154052,-0.07253776490688324,-0.056085169315338135,-0.17959141071171203,-0.05949676036834717,0.03882557153701782,-0.17265426452488342,-0.046986520290374756,0.107638418674469,-0.15940392847389617,1.3401889434447738,1.6465573586775013,1.5928163819176648,1.5605446040385706,1.4956282630403248,0.024672567989051326,0.0804379119889046,0.14004814250240918,0.19214283876303234,0.08913339599532932,0.13988963100321256,0.18280563914986817,0.06825483693830195,0.13829669254838092,0.07774859760156298,M
0.0,0.0,0.0,0.06950190663337708,0.020583629608154297,-0.04295611572955238,0.12291675806045532,0.05072599649429321,-0.09575022948477852,0.1503438949584961,0.0948147177696228,-0.15239870739672767,0.16459029912948608,0.14697265625,-0.21120134187434303,0.14715313911437988,-0.17837220430374146,-0.08041164470408546,0.16402316093444824,-0.0674990713596344,-0.16304068458769905,0.14771917462348938,0.044870853424072266,-0.22204934251998054,0.13831666111946106,0.13088104128837585,-0.2529623527595817,0.06801411509513855,-0.20369702577590942,-0.09602907491419899,0.07826218008995056,-0.06579649448394775,-0.17888784599993812,0.0739896297454834,0.09061753749847412,-0.21408091676924812,0.07447442412376404,0.20226943492889404,-0.22768122149203407,-0.01005581021308899,-0.1910141408443451,-0.11640891624186622,-0.008499234914779663,-0.08239585161209106,-0.1933391560385047,-0.00357702374458313,0.07389485836029053,-0.19785586190913307,0.004554808139801025,0.18429309129714966,-0.18497018707488166,-0.07664626836776733,-0.1536085456609726,-0.14045113516543495,-0.08136264979839325,-0.07078403234481812,-0.1821806300947486,-0.07220451533794403,0.018837153911590576,-0.1751233507463752,-0.06201978027820587,0.08360689878463745,-0.1614759583542167,1.1621802153323217,1.5993621525354615,1.5548842640801446,1.531886220930429,1.5092151998995342,0.030809805685122354,0.10572892064288517,0.16432946555142838,0.2353026716982185,0.09577125858621846,0.14403152571118566,0.20583861227025557,0.07219350129832611,0.18086311210281036,0.12070577942125922,M
0.0,0.0,0.0,0.07249152660369873,0.017829298973083496,-0.03990185121369905,0.13096484541893005,0.042418062686920166,-0.08924652496648378,0.16697677969932556,0.08881732821464539,-0.1421733931667859,0.1872369647026062,0.1324588656425476,-0.1971459672815854,0.15716171264648438,-0.19333197176456451,-0.07876515249085969,0.17276105284690857,-0.08759313821792603,-0.1594604090817029,0.1565992534160614,0.03032839298248291,-0.21751367906404084,0.14446425437927246,0.12213647365570068,-0.24797063926530427,0.07743734121322632,-0.2208462953567505,-0.09501007804942674,0.08903557062149048,-0.09690788388252258,-0.17548628012013978,0.08441343903541565,0.06169688701629639,-0.21253034333062715,0.08146670460700989,0.18010342121124268,-0.22743381420445985,-0.0035351812839508057,-0.2095474749803543,-0.11514832685065812,-0.0026167184114456177,-0.11185634136199951,-0.19141431013417787,0.003560364246368408,0.04624241590499878,-0.20019972184968537,0.009995952248573303,0.1629430651664734,-0.1899476633436734,-0.07503530383110046,-0.1688593626022339,-0.13810142735314912,-0.0794629454612732,-0.08764824271202087,-0.18325331667733735,-0.06607387959957123,0.011789947748184204,-0.17961308220696992,-0.053477346897125244,0.08715304732322693,-0.16733674565625734,1.01222402638532,1.6110241479129603,1.5607471171580782,1.5344861794246771,1.4867878270245731,0.04400064232183369,0.11600582569866294,0.17984344001476718,0.2449408030168022,0.08560875122448439,0.14052367127512738,0.2010092476326003,0.07350201536192201,0.1638586861972004,0.09885841648093982,M
0.0,0.0,0.0,0.06630630791187286,0.015558987855911255,-0.040942884769691545,0.11729983985424042,0.04755353927612305,-0.09087312572862061,0.15162299573421478,0.09641820192337036,-0.14521250480080994,0.17495955526828766,0.1474473476409912,-0.20122436040307434,0.1426125317811966,-0.18039050698280334,-0.07648116701508911,0.15866734087467194,-0.0672789216041565,-0.15760353558923157,0.14200009405612946,0.049196720123291016,-0.2142150139179364,0.13136248290538788,0.14128541946411133,-0.2422921692695752,0.060399726033210754,-0.2028004378080368,-0.09234625452424439,0.07427661120891571,-0.0662752091884613,-0.17486173265839966,0.06724576652050018,0.0945788025856018,-0.20910083108807953,0.06553928554058075,0.2108440399169922,-0.22090041988755615,-0.020802795886993408,-0.1868686079978943,-0.11294538134004029,-0.016752853989601135,-0.07907700538635254,-0.19038747602368744,-0.012458428740501404,0.07960176467895508,-0.19560620540048035,-0.004250511527061462,0.19107270240783691,-0.1818937396373883,-0.09029202163219452,-0.14797630906105042,-0.13673326724435242,-0.09492750465869904,-0.07550284266471863,-0.17898457103635224,-0.0838640034198761,0.004441976547241211,-0.17265367859269531,-0.072348952293396,0.06183570623397827,-0.15892908328439148,1.0473026822289906,1.6057553167805194,1.5583719011756716,1.527028384026826,1.4854841615169683,0.04403037675824437,0.12645922670498225,0.18444354046516956,0.26170756782483445,0.09576583415098669,0.1444633441460294,0.2186563645611504,0.07253634648673458,0.2030188406033976,0.14608079550320066,M
0.0,0.0,0.0,0.07003459334373474,0.0011325180530548096,-0.048030000186169985,0.12475404143333435,0.0022077858448028564,-0.10040687770267809,0.16215312480926514,0.03344032168388367,-0.15509087592979753,0.17407304048538208,0.06964847445487976,-0.20998149365803087,0.15953761339187622,-0.23886461555957794,-0.07856442034860933,0.16939738392829895,-0.1324712038040161,-0.16988586635013903,0.15565767884254456,-0.008914530277252197,-0.23595196754356706,0.14479196071624756,0.08657506108283997,-0.2698002383174547,0.07891294360160828,-0.2633316218852997,-0.09307833016535128,0.08493372797966003,-0.13404369354248047,-0.18647018820663774,0.08131161332130432,0.0314771831035614,-0.2268869504394182,0.082008957862854,0.15164777636528015,-0.2401126846732744,-0.0037971138954162598,-0.2478875368833542,-0.1139118447961458,-0.0028351545333862305,-0.13799667358398438,-0.19951587170978868,0.00047385692596435547,0.025173455476760864,-0.20701140911003435,0.0105246901512146,0.14010754227638245,-0.19269797951599443,-0.07700914144515991,-0.2056376039981842,-0.13855496794601763,-0.08416195213794708,-0.12809568643569946,-0.18906883150955522,-0.07349216938018799,-0.034520477056503296,-0.18536236137768114,-0.05551016330718994,0.03005993366241455,-0.17071048170944536,0.9393746664145528,1.6160752993620853,1.5633358195177707,1.5339007434628733,1.4798337732564064,0.03382145720279155,0.12328698561859913,0.17808015929716228,0.2329714575344764,0.09042214176582386,0.14454558619245605,0.2081223210413709,0.07240978893144137,0.18356228419944554,0.12833969780596347,M
0.0,0.0,0.0,0.07627958059310913,0.01060059666633606,-0.054966800864157506,0.13151085376739502,0.036030590534210205,-0.11693069433730585,0.16773834824562073,0.08293020725250244,-0.1800695071176861,0.18513599038124084,0.12801462411880493,-0.2427034387544964,0.16703617572784424,-0.20237603783607483,-0.10873258953851206,0.18254411220550537,-0.0974414050579071,-0.211725682969508,0.16701772809028625,0.030349433422088623,-0.2815813878731106,0.1572362184524536,0.1303437352180481,-0.317179904337344,0.08344963192939758,-0.22889678180217743,-0.1229657763795231,0.0966087281703949,-0.09480869770050049,-0.22621518468421442,0.08866938948631287,0.07188785076141357,-0.2665513018326138,0.08820551633834839,0.1912030577659607,-0.28027872836154444,0.0011124908924102783,-0.2177850604057312,-0.1430657664493893,0.0058772265911102295,-0.08875587582588196,-0.2356042126373623,0.006879031658172607,0.07658028602600098,-0.24067191874545557,0.017496556043624878,0.1903836727142334,-0.22499860918086512,-0.06930455565452576,-0.18074721097946167,-0.1676875809387539,-0.07514062523841858,-0.0801459550857544,-0.22151994800132258,-0.06281682848930359,0.022719502449035645,-0.21750450229209406,-0.04223945736885071,0.09174001216888428,-0.20329758619826777,1.0429832357272577,1.6002419010611582,1.5594759671972431,1.5306774428812517,1.4717949278778684,0.027996821823038445,0.11570779984495796,0.17886553096595995,0.2302508234766424,0.0920276859176476,0.15209197002037703,0.20317675230602206,0.07071370770808005,0.16403898501550773,0.11532113017223483,M
0.0,0.0,0.0,0.0760124921798706,0.008340239524841309,-0.05088494948954292,0.13540098071098328,0.02276146411895752,-0.10580111153335281,0.1805521547794342,0.06128746271133423,-0.16300255663604446,0.20876339077949524,0.09436017274856567,-0.2190940291425676,0.16065329313278198,-0.2424873411655426,-0.08979678757400222,0.17589595913887024,-0.13698706030845642,-0.18636598296374984,0.16101786494255066,-0.009240865707397461,-0.25358750529498764,0.15025213360786438,0.08869582414627075,-0.2875039488813371,0.07808053493499756,-0.27323971688747406,-0.10416810817928024,0.0889066755771637,-0.1369393765926361,-0.20466372974128433,0.08265569806098938,0.03403526544570923,-0.24542761452407547,0.08229827880859375,0.1586923599243164,-0.2579072625181169,-0.005109071731567383,-0.2598083168268204,-0.1246280581495256,-0.00084647536277771,-0.1378677785396576,-0.21459831900806137,0.002268761396408081,0.03238791227340698,-0.2187697202703447,0.01375669240951538,0.15156596899032593,-0.20156977184028335,-0.07908515632152557,-0.2207525074481964,-0.14946480698795028,-0.08783309161663055,-0.12993508577346802,-0.20185268528670974,-0.07561717927455902,-0.034305304288864136,-0.19750850506038375,-0.05326753854751587,0.029236555099487305,-0.1821176172039003,0.7732320430191206,1.6021920707222912,1.561031805818074,1.5249680981429854,1.4678861730181598,0.05878479447010974,0.14188747250067033,0.20322429857872334,0.27000239535915316,0.09755634988563062,0.15027860985730612,0.21202750206001872,0.06891106234739373,0.18744838286385487,0.13948739383276743,M
0.0,0.0,0.0,0.08008098602294922,-0.0034065842628479004,-0.04112696064469645,0.1365172266960144,-0.0005435347557067871,-0.09244162751195262,0.17023545503616333,0.02543497085571289,-0.14622800214049647,0.19168803095817566,0.052610039710998535,-0.19990821344611476,0.17275658249855042,-0.2661947011947632,-0.08097292644736598,0.1903618574142456,-0.14518293738365173,-0.173150466511224,0.179454505443573,-0.011711478233337402,-0.23682731551883052,0.1733170449733734,0.09080421924591064,-0.26893729133364985,0.08796143531799316,-0.28914356231689453,-0.09874624175784419,0.10142970085144043,-0.13866162300109863,-0.19412931961772273,0.0973963737487793,0.03929793834686279,-0.2323114590143902,0.09726002812385559,0.16285789012908936,-0.2441447989439709,0.0012247562408447266,-0.26963499188423157,-0.12148896021601985,0.010116428136825562,-0.14274010062217712,-0.20928944809195826,0.013784527778625488,0.02801346778869629,-0.21222759945151637,0.021801888942718506,0.14444327354431152,-0.1949325369095547,-0.07583855092525482,-0.22265580296516418,-0.14722576899287532,-0.0808483213186264,-0.1253950595855713,-0.2015938626026852,-0.06580594182014465,-0.021199285984039307,-0.19692215485331843,-0.0454304963350296,0.04715859889984131,-0.18052809102294276,0.7667781935715472,1.5692264004385938,1.5502271862767907,1.5211433475760028,1.4585699726770913,0.04238264357492227,0.14515934775648479,0.19311821272262236,0.23718118431405152,0.10476832202430883,0.1607295574964994,0.22305924550187267,0.07767257477800148,0.18370332539532883,0.11825608462491892,M
0.0,0.0,0.0,0.08146217465400696,0.014720678329467773,-0.046421867983120535,0.14143475890159607,0.04767972230911255,-0.10302207730867252,0.182265967130661,0.0998794436454773,-0.1629753794536768,0.2134515345096588,0.1422002911567688,-0.2228721614942728,0.17656102776527405,-0.22321730852127075,-0.09616617970325336,0.1987116038799286,-0.0981665849685669,-0.1977772500381647,0.185861736536026,0.043650031089782715,-0.2688403811321436,0.17617416381835938,0.15223973989486694,-0.3044138636455713,0.08759358525276184,-0.24749572575092316,-0.1142535518870531,0.10427460074424744,-0.08468538522720337,-0.21527899168588505,0.10007920861244202,0.09524959325790405,-0.2579376187191187,0.10234394669532776,0.22404175996780396,-0.2735191967353998,-2.2351741790771484e-06,-0.22932487726211548,-0.13775844238855228,0.010166853666305542,-0.08634105324745178,-0.22907712422468052,0.01581248641014099,0.08718055486679077,-0.23562625907518253,0.02854105830192566,0.21079939603805542,-0.22048529349424228,-0.07581138610839844,-0.18534839153289795,-0.16505958996869907,-0.08233505487442017,-0.08300319314002991,-0.2179970975980936,-0.06880718469619751,0.010157167911529541,-0.21465038620092258,-0.04656842350959778,0.0765148401260376,-0.20014097653486118,0.9197122146184936,1.5718267077975636,1.5395251055193147,1.5060342146579675,1.459584443042527,0.03860560706194698,0.13799609446309313,0.19722505267304255,0.26818828655526056,0.10298752859928449,0.1588230687653243,0.2352626631120031,0.07498150797134498,0.209616521481604,0.1538628487143125,M
0.0,0.0,0.0,0.0845024585723877,0.0085543692111969,-0.05118472575679789,0.15733376145362854,0.027239471673965454,-0.10729071199432383,0.20990300178527832,0.07339522242546082,-0.16550721674695978,0.25620752573013306,0.11629685759544373,-0.2232808366371728,0.18079271912574768,-0.22366634011268616,-0.10299747138753901,0.19608622789382935,-0.09050428867340088,-0.20938110798135767,0.18235448002815247,0.05168578028678894,-0.28191537111536036,0.17882633209228516,0.159275084733963,-0.3178763434244729,0.08789604902267456,-0.24234429001808167,-0.11898035257593165,0.10369735956192017,-0.07805147767066956,-0.22756737917200098,0.09606915712356567,0.10856804251670837,-0.27018788903490076,0.10095250606536865,0.2389366328716278,-0.2839582011057473,-0.0005444884300231934,-0.22307249903678894,-0.14092401116624842,0.007714450359344482,-0.09035566449165344,-0.2389385148836709,0.00955703854560852,0.08843609690666199,-0.2442151352717019,0.025052547454833984,0.2136729657649994,-0.22640173583761225,-0.07659636437892914,-0.18156304955482483,-0.16679126470819483,-0.08785630762577057,-0.10601535439491272,-0.22330369501844416,-0.07374884188175201,-0.015217125415802002,-0.21980914920106898,-0.046342313289642334,0.05286279320716858,-0.20430259853139887,0.7332116827426136,1.5759312367917633,1.5436744218294391,1.51225470500722,1.4424497900059454,0.088515406211508,0.19785003313342991,0.2508280893833523,0.3091282672544001,0.11140150372306445,0.16311194408255944,0.24904717354572747,0.07999410348741597,0.23731674533479555,0.1759464058706585,M
0.0,0.0,0.0,0.08460727334022522,-0.003962397575378418,-0.04044572154543857,0.1452351212501526,-0.005066215991973877,-0.09264180699847202,0.1860993206501007,0.025554418563842773,-0.1477532226826952,0.21830585598945618,0.06536924839019775,-0.20403471479676227,0.17049309611320496,-0.2579990029335022,-0.08776982764265995,0.19858911633491516,-0.12359493970870972,-0.18027652690670948,0.19406160712242126,0.007359743118286133,-0.2415557790782259,0.19744637608528137,0.11017847061157227,-0.272735758521776,0.09014707803726196,-0.28023818135261536,-0.10706760624907474,0.12151995301246643,-0.11486107110977173,-0.20426918456814747,0.12428358197212219,0.05903732776641846,-0.2421426315095232,0.1318894922733307,0.18417233228683472,-0.25423179457447986,0.005868464708328247,-0.25951772928237915,-0.13106223831437092,0.02496352791786194,-0.12010017037391663,-0.22153496632836323,0.03495210409164429,0.051438868045806885,-0.23001395056508045,0.049090683460235596,0.16958802938461304,-0.21724976489804249,-0.07017326354980469,-0.2105972170829773,-0.15770141670964222,-0.06809832155704498,-0.10835424065589905,-0.21448404977581959,-0.05046400427818298,-0.005515694618225098,-0.2152111370351122,-0.029635995626449585,0.0636591911315918,-0.20392745623848896,0.767036767066455,1.4977193847612063,1.4811546323070388,1.4704086555843776,1.4240509137656352,0.04942655458311044,0.14690800067140336,0.19873431743424633,0.24794774868619304,0.09885745586829288,0.15980897098681426,0.23179828926366405,0.08407344784181998,0.2015289071879406,0.13198033479898683,M
0.0,0.0,0.0,0.0830678641796112,0.0008057951927185059,-0.04869053408745572,0.1455930471420288,-0.0007151365280151367,-0.10323434219006344,0.18401271104812622,0.03508645296096802,-0.1585565347993736,0.20930683612823486,0.08473318815231323,-0.2155767072761421,0.17434313893318176,-0.25540781021118164,-0.09317780927065655,0.20156681537628174,-0.1223025918006897,-0.17904311314467236,0.1984507441520691,0.006647288799285889,-0.23426011100653454,0.20075500011444092,0.10245132446289062,-0.262879713329113,0.09281331300735474,-0.2794519066810608,-0.10787002638224408,0.11906036734580994,-0.12053853273391724,-0.19950343564394757,0.12921831011772156,0.04507791996002197,-0.23351049319151684,0.1363126039505005,0.16644304990768433,-0.2434934814298515,0.0046613216400146484,-0.2587699890136719,-0.1276959766471748,0.021306991577148438,-0.12945842742919922,-0.21679654613379284,0.03800266981124878,0.03305166959762573,-0.22539329424742505,0.051048338413238525,0.14839142560958862,-0.2120743979537849,-0.07506325840950012,-0.20767754316329956,-0.15052913025263592,-0.07431581616401672,-0.11635300517082214,-0.21145136550310895,-0.052474021911621094,-0.015145659446716309,-0.21518804028872296,-0.03237655758857727,0.05884504318237305,-0.20435777202490613,0.9300907092902028,1.497124711879918,1.4735490290370938,1.4573576032073432,1.4119834402523856,0.019673999428866114,0.10956577677038962,0.170581720284368,0.2430659557578154,0.09081719742841717,0.15659686283922516,0.2371746844925725,0.08715420883358599,0.20008339329393932,0.12238573396730079,M
0.0,0.0,0.0,0.08477663993835449,-0.003938019275665283,-0.04287745110654839,0.15622302889823914,-0.009331822395324707,-0.09120818652176865,0.2122599482536316,0.014513194561004639,-0.14281867124104508,0.25229549407958984,0.04408615827560425,-0.1945972559597493,0.16646414995193481,-0.27428627014160156,-0.0821433854844571,0.19675421714782715,-0.15215608477592468,-0.17476041294598588,0.18623191118240356,-0.01926887035369873,-0.23986781813168534,0.17976081371307373,0.08355093002319336,-0.2723611114170552,0.07996243238449097,-0.29932206869125366,-0.09797202475333222,0.1108359694480896,-0.14073485136032104,-0.18978067912125596,0.11021429300308228,0.03118342161178589,-0.2276346949484349,0.1119261384010315,0.15404671430587769,-0.24057450570130356,-0.007232993841171265,-0.2815254330635071,-0.11914506234192856,0.014176636934280396,-0.1560719609260559,-0.20267194189095505,0.021303653717041016,0.01099461317062378,-0.20763620413804063,0.03399085998535156,0.12849777936935425,-0.19281361676716813,-0.08549454808235168,-0.23877787590026855,-0.14384114421868333,-0.08714543282985687,-0.1543695330619812,-0.1927582440521718,-0.07080510258674622,-0.06101560592651367,-0.18922769702935227,-0.04873812198638916,0.006106376647949219,-0.17494100011849412,0.5074515001133129,1.533654998169338,1.5004101318649952,1.4705927596184745,1.4218113774657577,0.0825757111078189,0.17831118836489349,0.2340560510704521,0.3034200089220281,0.09783250368012134,0.15254212098934755,0.24126628952938767,0.08201619168261992,0.2184018041870964,0.14772860223461723,M
0.0,0.0,0.0,0.08095240592956543,-0.00848543643951416,-0.04106162758394305,0.13957849144935608,-0.02622997760772705,-0.08903606878443782,0.17351454496383667,-0.01433253288269043,-0.1392484073512179,0.19288206100463867,0.01055610179901123,-0.18967626141234462,0.17649954557418823,-0.2930428981781006,-0.07390582458897654,0.18914079666137695,-0.16702494025230408,-0.16168259726687495,0.1778622269630432,-0.03570294380187988,-0.2230189208857638,0.1743433177471161,0.06582671403884888,-0.25461057470961634,0.09426349401473999,-0.3161679208278656,-0.09169939057751719,0.10701045393943787,-0.17336297035217285,-0.18505974756403987,0.10122963786125183,0.0024840831756591797,-0.2242771898381335,0.10030627250671387,0.12632852792739868,-0.23659760402365748,0.007459968328475952,-0.2951427102088928,-0.11447673933430735,0.013603121042251587,-0.1856582760810852,-0.2035683457724673,0.012873828411102295,-0.00945901870727539,-0.2092814211718661,0.01870495080947876,0.1107674241065979,-0.19303720341845576,-0.07199567556381226,-0.24557411670684814,-0.1398425166480166,-0.07814204692840576,-0.17091307044029236,-0.19680853830500666,-0.06588993966579437,-0.07105544209480286,-0.1937390034072024,-0.04737788438796997,-0.004550457000732422,-0.17809178577586238,0.6040670645780839,1.5768046423699738,1.5571410694176189,1.5431002774734313,1.469010814922611,0.058296874521151044,0.14823471680974548,0.2009476917871213,0.24073439612741135,0.09561356363892146,0.16199681689591347,0.23262252186699844,0.08307179819203021,0.197332001696409,0.13291032620085447,M
0.0,0.0,0.0,0.08902251720428467,-0.010196387767791748,-0.04077416536208034,0.1440499722957611,-0.029308736324310303,-0.09132392209764362,0.16693350672721863,-0.029004931449890137,-0.14350748312469364,0.17645898461341858,-0.011699318885803223,-0.1944062734841907,0.18563809990882874,-0.32246899604797363,-0.07197869819398761,0.20511120557785034,-0.20829987525939941,-0.15811543416972995,0.19407793879508972,-0.07909399271011353,-0.21690581989284397,0.18747901916503906,0.021748125553131104,-0.24627268564697147,0.10518848896026611,-0.35048753023147583,-0.08878685784335971,0.12381488084793091,-0.21250194311141968,-0.17931913089748264,0.12242558598518372,-0.03595411777496338,-0.21706956875320316,0.12165850400924683,0.08548754453659058,-0.22812415909763217,0.0192185640335083,-0.3292260766029358,-0.11058058094974399,0.03164711594581604,-0.2285110354423523,-0.19488761079307437,0.0382114052772522,-0.05411273241043091,-0.1995237792729938,0.046317487955093384,0.06459110975265503,-0.18295309197898746,-0.05812753736972809,-0.27507543563842773,-0.13493494939800144,-0.06235848367214203,-0.2120876908302307,-0.186579498171767,-0.047402456402778625,-0.11664590239524841,-0.1826279486417377,-0.02735985815525055,-0.053464531898498535,-0.1665885175466144,0.49772285007163924,1.5654482438863664,1.5330368590351664,1.5020937019761518,1.4328417143117669,0.03521608582756619,0.11157230434266037,0.1508543623973419,0.20805396820429858,0.09162452590722021,0.14751982642566092,0.22762400367531238,0.07818522678071273,0.20375021916015734,0.13915992905836433,M
0.0,0.0,0.0,0.07772144675254822,0.000935673713684082,-0.051044342113286234,0.12967506051063538,-0.0027611851692199707,-0.10582701582983134,0.15611952543258667,0.012397825717926025,-0.16115240473821757,0.1718665361404419,0.02739351987838745,-0.21525096614435313,0.17997676134109497,-0.2956245541572571,-0.08122062404230235,0.19405218958854675,-0.1792745292186737,-0.17319242377355692,0.17812609672546387,-0.04974418878555298,-0.23635583837106822,0.16864526271820068,0.05082869529724121,-0.2673585983045399,0.0973556637763977,-0.32295727729797363,-0.09397087712362406,0.10717049241065979,-0.1823553740978241,-0.18888744433000682,0.09683644771575928,-0.006450355052947998,-0.22915196139886973,0.09398043155670166,0.11414676904678345,-0.2410846771724522,0.010409891605377197,-0.3046896755695343,-0.1130660669930279,0.010929465293884277,-0.1880742907524109,-0.19982759375646708,0.010566771030426025,-0.021125376224517822,-0.20662943739965556,0.01691153645515442,0.09248155355453491,-0.19095289428308604,-0.06774477660655975,-0.25516167283058167,-0.13588250894621012,-0.07503439486026764,-0.18230411410331726,-0.18739932496622203,-0.06277626752853394,-0.09281599521636963,-0.18424890656545756,-0.04371768236160278,-0.03518456220626831,-0.16889124829843638,0.6205309324781417,1.6034918220157173,1.57851797834708,1.5544279100731349,1.4620021751930123,0.023655528938776343,0.11658632650745593,0.16806993798801362,0.22448289828967208,0.09789798504426751,0.1573470186774165,0.22912071252798744,0.08005620622099738,0.2031270958549524,0.14133131035896127,M
0.0,0.0,0.0,0.06919822096824646,-0.0058765411376953125,-0.05346100317396463,0.12679961323738098,-0.0039327144622802734,-0.11055822210468591,0.1656196415424347,0.025961756706237793,-0.1691697044865066,0.19119539856910706,0.05266004800796509,-0.2268103464142257,0.16109797358512878,-0.28262850642204285,-0.09705749439157785,0.17464786767959595,-0.1690416932106018,-0.1977397008434707,0.15363895893096924,-0.03544318675994873,-0.2671668930546218,0.1401742696762085,0.06753921508789062,-0.30080057220615686,0.07254332304000854,-0.30436787009239197,-0.1092210366026336,0.08098846673965454,-0.16181287169456482,-0.20895510451950372,0.07202115654945374,0.01578390598297119,-0.25015888648189843,0.07678639888763428,0.14272630214691162,-0.263268421460765,-0.015247970819473267,-0.2836315333843231,-0.1275575114981109,-0.014666914939880371,-0.16057831048965454,-0.2185427798525268,-0.012222915887832642,0.014327824115753174,-0.22435548441566766,0.004765570163726807,0.13604223728179932,-0.20720955269493402,-0.09114883840084076,-0.23768922686576843,-0.14986380474724115,-0.10267893970012665,-0.17371049523353577,-0.2017605258718902,-0.09030057489871979,-0.08778336644172668,-0.1973865582243377,-0.06332805752754211,-0.026365339756011963,-0.18117846088566125,0.7209934645295518,1.6304787400477199,1.5613062713847714,1.5231440987888532,1.4398991291656549,0.05314645055408788,0.14560683137386288,0.2042270070469551,0.2665092899218146,0.09834185387478611,0.1517503869957527,0.2241233200668192,0.07233032899966269,0.2195997364705771,0.17610497781564766,M
0.0,0.0,0.0,0.07507655024528503,-0.00746530294418335,-0.0511606254868755,0.1281740665435791,-0.016745448112487793,-0.10723166477611157,0.15679582953453064,0.0013543963432312012,-0.16442702275445553,0.17502856254577637,0.019818365573883057,-0.2204457328908691,0.17622950673103333,-0.316323459148407,-0.081201049803997,0.1902097761631012,-0.20589393377304077,-0.17520667177369686,0.17258226871490479,-0.07278388738632202,-0.24146353763272854,0.16070374846458435,0.031676650047302246,-0.27396711271932217,0.09192553162574768,-0.34026628732681274,-0.09418521386315915,0.09864038228988647,-0.20604678988456726,-0.19005633455445858,0.08841198682785034,-0.026583850383758545,-0.2329070673578033,0.08713659644126892,0.09672665596008301,-0.24664687675168606,0.004248440265655518,-0.31998318433761597,-0.11352103513410183,0.0019213557243347168,-0.21220609545707703,-0.20023043018510434,0.00429883599281311,-0.03925865888595581,-0.20810444217851254,0.014853477478027344,0.07981258630752563,-0.1932356761091003,-0.07349736988544464,-0.2698137164115906,-0.1365805373780975,-0.08280950784683228,-0.21188896894454956,-0.18677582901647183,-0.07035025954246521,-0.12417268753051758,-0.18222139340570065,-0.04957111179828644,-0.06562131643295288,-0.16596830946137997,0.6626559053995021,1.6153809954871596,1.5817547268353787,1.5442764091801018,1.4541531562389924,0.018596214913612172,0.11678990896410503,0.17104199600652953,0.24030179561727855,0.09820198127367093,0.1535883130531109,0.23169465064986436,0.07423567228270851,0.21224010373216776,0.15906460250397852,M
0.0,0.0,0.0,0.0714874267578125,-0.015453755855560303,-0.04592929177650262,0.1366335153579712,-0.024137675762176514,-0.09400512420305063,0.18627360463142395,0.004288077354431152,-0.1447883486069088,0.22293725609779358,0.035599708557128906,-0.1949953674591427,0.16204407811164856,-0.2749100923538208,-0.07671055339940835,0.17196902632713318,-0.1628563404083252,-0.16798227422603418,0.15386644005775452,-0.030877888202667236,-0.23231674127944757,0.14102697372436523,0.07160079479217529,-0.2632018565452938,0.07579374313354492,-0.29553283751010895,-0.08939504020580102,0.0814904272556305,-0.15727746486663818,-0.1830310463226681,0.0719825029373169,0.017356693744659424,-0.2237112163818722,0.07389634847640991,0.14232075214385986,-0.23607481413253595,-0.010070979595184326,-0.2771437168121338,-0.10801716291078378,-0.013456761837005615,-0.15877008438110352,-0.19633630805381586,-0.010917723178863525,0.015598773956298828,-0.20518250160583307,0.003473907709121704,0.1370592713356018,-0.18948752575286676,-0.08516877889633179,-0.2344478964805603,-0.1297635524786358,-0.09824623167514801,-0.1741148829460144,-0.18188228600391199,-0.08820879459381104,-0.07956039905548096,-0.17831499271758844,-0.06640318036079407,-0.010004937648773193,-0.16198652379878808,0.6054556832278473,1.6313756303205256,1.5751296994688968,1.538106890304826,1.4873806843902118,0.08947274763076192,0.1833100468846341,0.24178131475605483,0.2929123963331212,0.0975081187081645,0.15233403467899176,0.22290528120934372,0.07061871808464017,0.20709194470752093,0.16282103365760422,M
0.0,0.0,0.0,0.06735345721244812,-0.0069348812103271484,-0.04633108816253184,0.12458235025405884,-0.014386892318725586,-0.09472428924547671,0.1682145893573761,0.012558400630950928,-0.145264110631814,0.19446724653244019,0.04190552234649658,-0.19505711562143802,0.15501675009727478,-0.28042447566986084,-0.07447966105448245,0.16450944542884827,-0.16431939601898193,-0.16288805670248507,0.14820918440818787,-0.027949512004852295,-0.2248585588406229,0.1369675099849701,0.07683247327804565,-0.25385156936155795,0.07028836011886597,-0.3006201386451721,-0.08637034065233706,0.07321631908416748,-0.1612599492073059,-0.17700130409704684,0.06528866291046143,0.013148307800292969,-0.2163063502977991,0.06530830264091492,0.1355072259902954,-0.22779782778727053,-0.014552563428878784,-0.2801045775413513,-0.10423382288919925,-0.017985552549362183,-0.16216230392456055,-0.1867852128218317,-0.012417912483215332,0.006281495094299316,-0.19601107305990695,-0.00015056133270263672,0.12441623210906982,-0.18204636044012545,-0.08858785033226013,-0.23556485772132874,-0.1254850990246439,-0.09794072806835175,-0.17185905575752258,-0.17191744513021945,-0.08770294487476349,-0.08241492509841919,-0.16843246585833072,-0.06989172101020813,-0.01860666275024414,-0.15337509579168795,0.678086749124207,1.6212751406389987,1.5822146450429804,1.5352087344983958,1.4848348093122916,0.06727638221845245,0.15950959755511804,0.21138615934766697,0.27119621727708004,0.09261624373198231,0.14513986215498295,0.22781433259069303,0.06639181438995284,0.2050125291244309,0.1591206391613033,M
0.0,0.0,0.0,0.06760194897651672,-0.0044384002685546875,-0.04844716546293171,0.12639343738555908,-0.001006990671157837,-0.10026624036188991,0.16988497972488403,0.03923666477203369,-0.15361305308695705,0.1987159550189972,0.0782386064529419,-0.20747447741385372,0.1591441035270691,-0.24073520302772522,-0.09243410808201702,0.16574585437774658,-0.12062826752662659,-0.1845587266718951,0.1467193365097046,0.007748007774353027,-0.24938981962557705,0.13582569360733032,0.10553383827209473,-0.2821035606896487,0.07251739501953125,-0.26080410182476044,-0.10506950301285656,0.07689794898033142,-0.1155480444431305,-0.19937679899092586,0.06439447402954102,0.0583341121673584,-0.24059758317824276,0.06581008434295654,0.1786995530128479,-0.25578885507937343,-0.012497186660766602,-0.24352699518203735,-0.12258155626412304,-0.016098856925964355,-0.12923657894134521,-0.21049591136332424,-0.01841115951538086,0.03970205783843994,-0.21942154300566585,-0.00630110502243042,0.15921026468276978,-0.20636024308558376,-0.08538886904716492,-0.20169562101364136,-0.1432640923297015,-0.10009428858757019,-0.1480228304862976,-0.1947249842917529,-0.09193049371242523,-0.0576382577419281,-0.19166006875391872,-0.07075989246368408,0.011865198612213135,-0.1779850943123904,0.8310427959173646,1.638036690875368,1.5860562454821985,1.5554126177048457,1.5024028841899368,0.06855811155865575,0.16660243768885477,0.2204277758008695,0.2775295689559961,0.10126898515432417,0.1519249342305771,0.22682905111126583,0.07469843366030922,0.21560394331561508,0.16082755912384364,M
0.0,0.0,0.0,0.06467106938362122,0.005036145448684692,-0.04954662418043654,0.11736223101615906,0.02358424663543701,-0.10439927374994795,0.15525156259536743,0.07446438074111938,-0.16141845529949705,0.1795218288898468,0.12373024225234985,-0.21896486228382628,0.14969682693481445,-0.22470024228096008,-0.092664922234178,0.16123735904693604,-0.10834485292434692,-0.18586422747051756,0.14237496256828308,0.017923712730407715,-0.25131869560158293,0.13179969787597656,0.11484485864639282,-0.2839827561942343,0.06477096676826477,-0.24747733771800995,-0.10545252507603209,0.06948035955429077,-0.10490018129348755,-0.19765137380039732,0.057951927185058594,0.06463491916656494,-0.23703588789379637,0.05979171395301819,0.1850649118423462,-0.25112992769157927,-0.01931607723236084,-0.23170170187950134,-0.12352462356960814,-0.023298293352127075,-0.11296254396438599,-0.20813450461304228,-0.023429155349731445,0.051530539989471436,-0.21555754786407988,-0.010767340660095215,0.1670122742652893,-0.20165147131359618,-0.09037506580352783,-0.19204676151275635,-0.14527653401768248,-0.1060539186000824,-0.13281995058059692,-0.1925048405495886,-0.09751541912555695,-0.045266568660736084,-0.18734216934120695,-0.07722730934619904,0.021772801876068115,-0.17253169661438505,1.0153024878203163,1.623456731355421,1.5823074170819962,1.549358836578807,1.5093836893455854,0.048542268491800065,0.1345259904869695,0.1951494359284077,0.2762524925372353,0.10057835562133412,0.1518117246107838,0.2288114890028864,0.07283184682118726,0.21316314391355387,0.15972298450021916,M
0.0,0.0,0.0,0.06948152184486389,0.01085624098777771,-0.04450329331955594,0.11377304792404175,0.03522413969039917,-0.09981928704580945,0.13486558198928833,0.09300202131271362,-0.15877730338177365,0.14118722081184387,0.14749985933303833,-0.21870180158219021,0.16075924038887024,-0.19779056310653687,-0.08730445741018933,0.1651318371295929,-0.09496116638183594,-0.17821901230415982,0.14351052045822144,0.03056156635284424,-0.2433496185978381,0.1321156919002533,0.12680625915527344,-0.2777535387714831,0.07825919985771179,-0.22531184554100037,-0.10438343821367901,0.07504051923751831,-0.09088072180747986,-0.1971537539204089,0.06079190969467163,0.07881569862365723,-0.23899201242527646,0.0597873330116272,0.1973366141319275,-0.2559689053734271,-0.007010161876678467,-0.2174646258354187,-0.12627930132946652,-0.01671522855758667,-0.11132267117500305,-0.21237728683552426,-0.02010515332221985,0.057990849018096924,-0.2213696905811755,-0.010629415512084961,0.17948609590530396,-0.2097449520071475,-0.08052101731300354,-0.180882066488266,-0.15147849111160916,-0.0965329110622406,-0.11529988050460815,-0.20140980867943448,-0.0889306515455246,-0.022319138050079346,-0.19801802126965207,-0.07052277028560638,0.0461389422416687,-0.18548674075207394,1.331313797986707,1.658811808578583,1.6144735688626892,1.5799137137929293,1.5267837028336624,0.022594639300307827,0.09544445433220552,0.15514963871942794,0.23472357326030543,0.1010243657374533,0.1521556140606381,0.21810447582544018,0.07264406013990915,0.19960325399744874,0.14618029051900278,M
0.0,0.0,0.0,0.07115355134010315,0.018548160791397095,-0.04542232763971654,0.11856207251548767,0.04425296187400818,-0.09994148177112905,0.14215335249900818,0.10121658444404602,-0.15717110496963826,0.15303745865821838,0.14973703026771545,-0.21601950091327993,0.16262167692184448,-0.1754668653011322,-0.09344771218504277,0.16868752241134644,-0.07049566507339478,-0.18291634780372945,0.14661094546318054,0.051965922117233276,-0.24507964116539327,0.13401329517364502,0.1454821527004242,-0.2778392331024584,0.08113300800323486,-0.2050943225622177,-0.1101787806769785,0.07767298817634583,-0.06643584370613098,-0.20342605275120107,0.06348311901092529,0.10375162959098816,-0.24510568839516012,0.06259500980377197,0.22153040766716003,-0.2620892719646868,-0.0027504563331604004,-0.19783781468868256,-0.13138857943024007,-0.016316920518875122,-0.0889517068862915,-0.21854371291603414,-0.016743719577789307,0.07703027129173279,-0.2305524991175112,-0.005152493715286255,0.19441542029380798,-0.22157533925976125,-0.07503378391265869,-0.16194525361061096,-0.15542711776699392,-0.09257763624191284,-0.09235629439353943,-0.20681992632355062,-0.08514875173568726,0.002060502767562866,-0.20573398930038778,-0.06754934787750244,0.06998482346534729,-0.19547281128372518,1.2549099062741815,1.659698212118617,1.61422171369093,1.5769199406836998,1.5385372953857956,0.01949417296015435,0.11547348437285607,0.16437828192086482,0.23456119395048114,0.10432597264659595,0.14751807168765557,0.21523788187815332,0.07297223289253145,0.1997588994947164,0.13919892541405557,M
0.0,0.0,0.0,0.07008036971092224,0.02250930666923523,-0.04549319316823386,0.11947664618492126,0.06180348992347717,-0.101000949937891,0.1458447277545929,0.1286310851573944,-0.1601631345339527,0.16083496809005737,0.18563809990882874,-0.22098013778407477,0.16064170002937317,-0.18150168657302856,-0.08625891824443244,0.17268702387809753,-0.06832936406135559,-0.1720441879816761,0.15179914236068726,0.050748735666275024,-0.23379291613776587,0.13624542951583862,0.14302590489387512,-0.26661290248114966,0.079581618309021,-0.21036510169506073,-0.1030780600496044,0.08406376838684082,-0.079989492893219,-0.1894784273691883,0.0734856128692627,0.08134189248085022,-0.23144096155841254,0.07051467895507812,0.19822564721107483,-0.2500095518418064,-0.004497647285461426,-0.19976741075515747,-0.12440265734870337,-0.009675130248069763,-0.09629517793655396,-0.20491100867469214,-0.008129626512527466,0.06205403804779053,-0.21747109313685797,-0.0011925697326660156,0.17862620949745178,-0.2097205372639408,-0.07806248962879181,-0.15895584225654602,-0.1489198358841648,-0.08893837034702301,-0.08825573325157166,-0.1933783592768421,-0.07748188078403473,-0.0014404654502868652,-0.19116944094378852,-0.0629996806383133,0.06497666239738464,-0.1812774540968647,1.248463603018428,1.6458299139957986,1.5929834456677863,1.562062052932801,1.5036325495160168,0.049198013895740036,0.09119320685507519,0.16217918984886814,0.2542855333550873,0.08583439357953293,0.14197388958995033,0.21398667756338502,0.07433752399062114,0.18863026313800357,0.12936900136645316,M
0.0,0.0,0.0,0.06870433688163757,0.017826825380325317,-0.0500974302336914,0.11823734641075134,0.04820558428764343,-0.10670702729079551,0.14355766773223877,0.10509178042411804,-0.16554525319192237,0.14970043301582336,0.1543056070804596,-0.22570973459336585,0.1546647548675537,-0.19914303719997406,-0.08919317099902457,0.162130206823349,-0.09176245331764221,-0.17453592840287513,0.14003032445907593,0.02400490641593933,-0.23627188626382178,0.1245698630809784,0.11539378762245178,-0.2690875065669758,0.07352933287620544,-0.22837164998054504,-0.10259575221392936,0.07112589478492737,-0.10087239742279053,-0.18957345012280769,0.061639249324798584,0.05889365077018738,-0.23141337755772895,0.0604306161403656,0.17733469605445862,-0.24937084141824073,-0.009996846318244934,-0.21891307830810547,-0.12077770951840705,-0.02105879783630371,-0.11748507618904114,-0.20126572075936622,-0.017901182174682617,0.03889694809913635,-0.2139869761810047,-0.008739873766899109,0.15633580088615417,-0.2061577868804676,-0.08222353458404541,-0.18042397499084473,-0.14257897261235541,-0.09677544236183167,-0.11318463087081909,-0.1870281231746418,-0.08536523580551147,-0.026237547397613525,-0.1852779221877796,-0.06964689493179321,0.04081261157989502,-0.17548791888806647,1.282515249278098,1.6661859738539537,1.6030713166887685,1.5674466356438306,1.5140104281840654,0.04632143390248978,0.09219240285376082,0.1584533133143384,0.2469694521706084,0.0891656836203882,0.13945513396263162,0.20804446859477502,0.07228769101514067,0.1885694525526536,0.1305958364369655,M
0.0,0.0,0.0,0.06458011269569397,0.01977500319480896,-0.04810055540011149,0.1104675829410553,0.05346760153770447,-0.10483790756271105,0.13292434811592102,0.1090814471244812,-0.16407333136604052,0.14267855882644653,0.16255533695220947,-0.22449755490825396,0.1473553478717804,-0.18708817660808563,-0.09065659166381579,0.15906977653503418,-0.07973679900169373,-0.17725004077956896,0.1380397379398346,0.037680089473724365,-0.23725908816859942,0.12156951427459717,0.1314852237701416,-0.26826198221252184,0.06680154800415039,-0.21597135066986084,-0.10537683040902834,0.06992942094802856,-0.08880868554115295,-0.19351295949027758,0.059088557958602905,0.07517686486244202,-0.23239356101558428,0.056267499923706055,0.19256681203842163,-0.24796600462005358,-0.016156286001205444,-0.2054871767759323,-0.12485059917972308,-0.022652477025985718,-0.10746893286705017,-0.2073051464657567,-0.020785316824913025,0.05284130573272705,-0.21600493610904437,-0.011958718299865723,0.16908830404281616,-0.20500580788657885,-0.0875978171825409,-0.16535215079784393,-0.14771431506679278,-0.09828539192676544,-0.09693083167076111,-0.19418196202323657,-0.08760055899620056,-0.005133569240570068,-0.190223781476476,-0.07329559326171875,0.062320172786712646,-0.17846248866126757,1.2836792126694556,1.6515618320045427,1.5965753492782047,1.55959059598535,1.5080594308775128,0.037562530466389896,0.09147436655994519,0.15477521486351375,0.23810065624749135,0.08941651695106265,0.13872195406803156,0.20677575876461024,0.07215301234730362,0.1837138594448984,0.12313263613683637,M
0.0,0.0,0.0,0.06622427701950073,0.015378952026367188,-0.051666462030951266,0.11841192841529846,0.039638012647628784,-0.10893665364081073,0.14848950505256653,0.08984020352363586,-0.16866078337723422,0.16110950708389282,0.14014950394630432,-0.22918265422875095,0.14550846815109253,-0.19668596982955933,-0.09478195121580768,0.16102150082588196,-0.093147873878479,-0.18270241579109836,0.14155197143554688,0.027702361345291138,-0.2416075702577274,0.12564945220947266,0.12067916989326477,-0.27170794567162204,0.0639398992061615,-0.22592943906784058,-0.10882109513575244,0.07004126906394958,-0.10267388820648193,-0.19977609178120304,0.06319776177406311,0.06406202912330627,-0.23731798788601566,0.06232127547264099,0.18492022156715393,-0.2513365682035129,-0.020642444491386414,-0.21317653357982635,-0.12818136176163364,-0.025584369897842407,-0.12259745597839355,-0.21324423810536075,-0.020275786519050598,0.04246094822883606,-0.2212271477847736,-0.00915558636188507,0.16207972168922424,-0.20930724700981784,-0.0966828465461731,-0.17169900238513947,-0.15144186576897312,-0.10950344800949097,-0.11007228493690491,-0.20204169413143802,-0.0972813069820404,-0.0219937264919281,-0.2011017884879749,-0.08054812252521515,0.04479420185089111,-0.19115341564709354,1.1690925887871166,1.6332895066536,1.5747360047704284,1.5401951783872994,1.496406229819243,0.04045379339238585,0.10845981680403204,0.17167159490245135,0.259790383936743,0.09020737602313175,0.14101916222001593,0.219717928720574,0.0750375253615525,0.2001173812685752,0.13730545285450402,M
0.0,0.0,0.0,0.06708180904388428,0.00020837783813476562,-0.04992705920216167,0.12384212017059326,0.004641473293304443,-0.10145529323693836,0.15903162956237793,0.044876813888549805,-0.15470387005683506,0.179063618183136,0.07918673753738403,-0.20796121621009434,0.14635100960731506,-0.2472204864025116,-0.08290660345431888,0.15653514862060547,-0.1530006229877472,-0.16609297656890476,0.13746321201324463,-0.028036892414093018,-0.22361622714873874,0.12155106663703918,0.06867390871047974,-0.2521105405079993,0.06596168875694275,-0.2756577432155609,-0.09391654991981113,0.06694263219833374,-0.16187912225723267,-0.17998044156905735,0.05938595533370972,0.005125135183334351,-0.2184118773924979,0.05669116973876953,0.12718617916107178,-0.23189881408092106,-0.0169936865568161,-0.26315484941005707,-0.11025238001224125,-0.026609793305397034,-0.1782263219356537,-0.19115276598807895,-0.021914437413215637,-0.013292282819747925,-0.2017841335522803,-0.012314781546592712,0.10886818170547485,-0.19078513944026554,-0.09161326289176941,-0.22009560465812683,-0.13010215723392093,-0.10570795834064484,-0.1740882396697998,-0.17961090767261112,-0.09532898664474487,-0.08428749442100525,-0.17954440379020298,-0.07999774813652039,-0.012579530477523804,-0.16849775576469028,0.9332234164362158,1.6491427001988976,1.5938049475495,1.558220066884017,1.5148806261877377,0.05846548687290846,0.1314494676081076,0.1936664142566163,0.27483420359335026,0.08735268753127974,0.1397699713512147,0.21731094338874243,0.07139587063395923,0.19549504817436672,0.13903427908576269,M
0.0,0.0,0.0,0.06367632746696472,0.017342358827590942,-0.05544644068721993,0.11227384209632874,0.04572466015815735,-0.11588540892843469,0.13741496205329895,0.10395315289497375,-0.17762213419918282,0.14574554562568665,0.15597829222679138,-0.23998733829502328,0.15040647983551025,-0.20980748534202576,-0.0966062642240928,0.1541067659854889,-0.10977447032928467,-0.18847840498928292,0.12849494814872742,0.0178242027759552,-0.2533995158577369,0.10870540142059326,0.11541715264320374,-0.28677424263004525,0.06750279664993286,-0.24022580683231354,-0.10770348679069741,0.06347498297691345,-0.11658912897109985,-0.19920864175800546,0.04619482159614563,0.05672582983970642,-0.2394905484819816,0.04045456647872925,0.17714712023735046,-0.2553373224640296,-0.017931059002876282,-0.23212361335754395,-0.12453688900713189,-0.03179478645324707,-0.14024293422698975,-0.20745707522873147,-0.03448225557804108,0.023528307676315308,-0.21599673699383004,-0.027379006147384644,0.14246413111686707,-0.2046493537331031,-0.09211204946041107,-0.1935587227344513,-0.14561391841415627,-0.11064434051513672,-0.13993623852729797,-0.1927528477812217,-0.10167045891284943,-0.046245962381362915,-0.18946390818599923,-0.08512702584266663,0.025287240743637085,-0.17760511707309945,1.2760508502286536,1.6983228617193458,1.6355117354489261,1.5960132341095927,1.5388896239853391,0.05492884785841948,0.10739790300124881,0.1736512106987217,0.26529661738171934,0.0920258951026067,0.1387461892366141,0.21376251045913214,0.07618597843142685,0.19705877125827823,0.13063405917396365,M
0.0,0.0,0.0,0.07095956802368164,0.01576557755470276,-0.04973687086510381,0.12425696849822998,0.038569509983062744,-0.10431212041783056,0.15587922930717468,0.09346482157707214,-0.16060592834162435,0.17230066657066345,0.13911685347557068,-0.2175925285022231,0.15358895063400269,-0.1963001787662506,-0.09279149625706395,0.16165205836296082,-0.08356085419654846,-0.18009040359663686,0.13746777176856995,0.04368525743484497,-0.24050793651747426,0.1185663640499115,0.13861438632011414,-0.2724764556090804,0.07015597820281982,-0.22475527226924896,-0.10652553890156469,0.07079392671585083,-0.0955771803855896,-0.19693007175135335,0.05618429183959961,0.07865282893180847,-0.2373974979321929,0.05115261673927307,0.19821009039878845,-0.25462140742945394,-0.014189496636390686,-0.21337801218032837,-0.1251518786351653,-0.025240182876586914,-0.12332558631896973,-0.20962705318140706,-0.02409873902797699,0.04038324952125549,-0.22082293633627614,-0.01515379548072815,0.1603289544582367,-0.21236418787646016,-0.08681777119636536,-0.16986867785453796,-0.14718618098902425,-0.10407407581806183,-0.10940879583358765,-0.19761866931128225,-0.09315855801105499,-0.020741969347000122,-0.19839968387293538,-0.07570303976535797,0.045933306217193604,-0.19052942697214803,1.1250482920481903,1.6749893395444249,1.615695015545462,1.5733766819668507,1.5193374901234087,0.053736651743795896,0.13479191603361307,0.18865081121234395,0.2649320891022032,0.08997922688651824,0.1354717813211478,0.21524493923849686,0.07636439459352302,0.19819328088486995,0.129431740001934,M
0.0,0.0,0.0,0.06648692488670349,0.024673640727996826,-0.05126759182977736,0.11055070161819458,0.06406238675117493,-0.11010057252216399,0.12980610132217407,0.12294849753379822,-0.1702174894170767,0.130141943693161,0.18032976984977722,-0.23124725144672453,0.14965319633483887,-0.16821151971817017,-0.09745975356864989,0.15957054495811462,-0.05258071422576904,-0.1833671830253607,0.13636663556098938,0.06607148051261902,-0.24162616353797972,0.11644256114959717,0.15585705637931824,-0.27195165079402983,0.06981691718101501,-0.19911828637123108,-0.11036550771761,0.06945410370826721,-0.07253098487854004,-0.19764656346607268,0.055516064167022705,0.09276720881462097,-0.23339789133834898,0.04868835210800171,0.20737680792808533,-0.24740505736637175,-0.012159913778305054,-0.19268235564231873,-0.1278504036026007,-0.022046804428100586,-0.09757131338119507,-0.20783104520607054,-0.023750245571136475,0.06090351939201355,-0.21322900574970305,-0.018645673990249634,0.17292329668998718,-0.2010470531539923,-0.08269521594047546,-0.156752347946167,-0.14922738593387663,-0.09707944095134735,-0.08503344655036926,-0.19304109137821257,-0.08753849565982819,0.006148666143417358,-0.1877026162700659,-0.07382014393806458,0.07086452841758728,-0.17592898529338896,1.4038628251317191,1.6729200843452807,1.622727011347362,1.588534236326571,1.5318247944806445,0.0280461545792304,0.08582674321522041,0.14897184640250474,0.2314803928472029,0.08511708196654127,0.136161991141214,0.2083833648749347,0.07563673384826812,0.1834228286245237,0.11601816373008907,M
0.0,0.0,0.0,0.06961414217948914,0.012033522129058838,-0.048602729035764014,0.12139523029327393,0.034479767084121704,-0.10278221864834336,0.15030354261398315,0.08974620699882507,-0.15915814687147645,0.1669083833694458,0.13740471005439758,-0.21593262900248078,0.14456340670585632,-0.20033186674118042,-0.0898988683952382,0.1509285867214203,-0.09762591123580933,-0.1737296496762326,0.12907683849334717,0.028381317853927612,-0.2314924364222577,0.11339220404624939,0.12162736058235168,-0.2621919279231122,0.061685383319854736,-0.22881224751472473,-0.10387726028099564,0.06176045536994934,-0.11369892954826355,-0.1905012642277768,0.05061620473861694,0.05376085638999939,-0.22742039610281495,0.04669314622879028,0.1709538996219635,-0.24230375040903596,-0.022619158029556274,-0.2178674042224884,-0.12257461894884614,-0.032412126660346985,-0.13588035106658936,-0.20272893358603028,-0.028993472456932068,0.025766044855117798,-0.20944122125044373,-0.01868969202041626,0.14413389563560486,-0.1984566514624646,-0.09592223167419434,-0.17381051182746887,-0.14503452826872376,-0.11047665774822235,-0.1099081039428711,-0.19292435695066956,-0.09530685842037201,-0.017534106969833374,-0.1909464662207654,-0.07498811185359955,0.05124455690383911,-0.18108475853338746,1.1544498705051365,1.667312745399244,1.6082812778561337,1.559941913596698,1.478045448884316,0.0557934243949552,0.12480885930663943,0.18572002457195413,0.25678295580532695,0.08295704772569418,0.1339857133752281,0.20109918565766227,0.0706698532002876,0.17069462587474313,0.10861832868230888,M
0.0,0.0,0.0,0.07040083408355713,0.0014894604682922363,-0.048142067025779056,0.12738320231437683,0.009881764650344849,-0.09900820149051981,0.1699678599834442,0.051307618618011475,-0.1510571677790864,0.19138982892036438,0.0876227617263794,-0.20327457679378824,0.14392134547233582,-0.23134665191173553,-0.08251472456323938,0.15449640154838562,-0.11684668064117432,-0.16740311575996714,0.1369432508945465,0.0006499290466308594,-0.2274029393302186,0.12402170896530151,0.08909857273101807,-0.258282839189647,0.061967283487319946,-0.253489688038826,-0.09349600119459467,0.06544032692909241,-0.1293850839138031,-0.17929823590385752,0.05821695923805237,0.02859044075012207,-0.21569937361347513,0.05429980158805847,0.14600586891174316,-0.22920673979389505,-0.019583329558372498,-0.2364046275615692,-0.11010368807184534,-0.02850140631198883,-0.13373485207557678,-0.1904582966672166,-0.018979787826538086,0.016909897327423096,-0.20020675552952127,-0.008054941892623901,0.13030117750167847,-0.19041521741020517,-0.08885392546653748,-0.19044560194015503,-0.1302158225880845,-0.09921221435070038,-0.11208179593086243,-0.1784062523947938,-0.08182047307491302,-0.015590786933898926,-0.17800739301311808,-0.06217657029628754,0.05708003044128418,-0.16824515057670908,0.8819897669483603,1.6328166461818803,1.5899868797047727,1.5393689760132028,1.4634346088307952,0.06738428306661096,0.14900423751890432,0.20395995630940578,0.2553992506763715,0.08999769289777171,0.1383542422252877,0.18893116802247367,0.06430203236933542,0.14654197335580899,0.09105211166087329,M
0.0,0.0,0.0,0.06492656469345093,0.007422506809234619,-0.05309995384509136,0.11437785625457764,0.020868897438049316,-0.10961711527401974,0.14374279975891113,0.07191574573516846,-0.16687894733244946,0.15727850794792175,0.11175024509429932,-0.22467979164416363,0.14159932732582092,-0.22783523797988892,-0.09666524203116467,0.1516779363155365,-0.1297745406627655,-0.1856529650240617,0.13141292333602905,-0.006157636642456055,-0.2471788314133363,0.11333847045898438,0.08802473545074463,-0.27901405961806347,0.059292227029800415,-0.25501886010169983,-0.10885230572516491,0.06042587757110596,-0.1454395353794098,-0.1996610251217561,0.05401143431663513,0.021825134754180908,-0.23969290526206066,0.05158326029777527,0.14103567600250244,-0.2554045704155641,-0.023511454463005066,-0.23964720964431763,-0.12619223566348126,-0.031505465507507324,-0.1663329303264618,-0.21027781935030987,-0.025630593299865723,-0.004514127969741821,-0.22047186763579418,-0.015306085348129272,0.11264526844024658,-0.2104290959387498,-0.09588557481765747,-0.1927276849746704,-0.14709777505690624,-0.11156290769577026,-0.1526433825492859,-0.19885299475485851,-0.09949959814548492,-0.06136453151702881,-0.1986931648998933,-0.08079449832439423,0.009162604808807373,-0.18869441123301556,1.1297566723373988,1.6600314516069399,1.5902582763569384,1.5475091823375913,1.4961861821180356,0.04993622635297574,0.10967735335658375,0.17258691407506285,0.25923537616398673,0.08138713534851258,0.13097935861614504,0.20953960298242963,0.07266498333095717,0.18685389448413095,0.12246384734446088,M
0.0,0.0,0.0,0.07077151536941528,0.0070421695709228516,-0.0522461746181051,0.12256482243537903,0.0195123553276062,-0.10687662552247446,0.15455341339111328,0.07009422779083252,-0.16216741393456857,0.17157799005508423,0.11051124334335327,-0.2177771468008558,0.15129920840263367,-0.22303506731987,-0.09203678260693948,0.16171354055404663,-0.11875125765800476,-0.17934065948377054,0.1403433382511139,0.0037265419960021973,-0.23951308320413034,0.1250217854976654,0.09392940998077393,-0.27132663021932046,0.06991854310035706,-0.2505898028612137,-0.10381211231599252,0.07074674963951111,-0.13962522149085999,-0.19501115272889535,0.060736507177352905,0.02876800298690796,-0.2355381388510267,0.05974969267845154,0.14657121896743774,-0.2515757967079679,-0.01180332899093628,-0.2377481311559677,-0.12098135690341394,-0.022952020168304443,-0.16336199641227722,-0.207159428700308,-0.01839032769203186,-0.0011394619941711426,-0.21983083973775308,-0.005264937877655029,0.11669266223907471,-0.2112780947531263,-0.08269199728965759,-0.19399958848953247,-0.14143296967397134,-0.10270944237709045,-0.1512187421321869,-0.1956996012772123,-0.09173685312271118,-0.06082603335380554,-0.1989022780502836,-0.06977130472660065,0.008478373289108276,-0.19128890226731698,1.0767376879990433,1.6535105440873776,1.5963945820355026,1.5523513573446803,1.5070698987260078,0.04942102164521262,0.11749846780348312,0.1769509285067145,0.26203089257399226,0.0838546728238115,0.13226033396771802,0.21271160680790185,0.07155159214522787,0.18932861061217993,0.1259817593820533,M
0.0,0.0,0.0,0.06973803043365479,0.01007583737373352,-0.04812832724626759,0.11778756976127625,0.029242515563964844,-0.10243933450754383,0.14342743158340454,0.07971549034118652,-0.1585275734620879,0.15300023555755615,0.12509334087371826,-0.21517782461221913,0.15068012475967407,-0.2082916498184204,-0.09015606146629551,0.1608237326145172,-0.10096660256385803,-0.17656019877966145,0.139256089925766,0.01815187931060791,-0.2366336638885329,0.12372395396232605,0.1081857681274414,-0.2684620673614333,0.06901371479034424,-0.23493477702140808,-0.10465615790661076,0.07054033875465393,-0.11608386039733887,-0.19427133154447773,0.05916610360145569,0.049199700355529785,-0.23455861758764485,0.057159751653671265,0.16366934776306152,-0.25115895819242695,-0.014312267303466797,-0.222608745098114,-0.12395166408594349,-0.024318471550941467,-0.13729488849639893,-0.20644297253664234,-0.02110813558101654,0.021746158599853516,-0.21733649622972706,-0.009483039379119873,0.13585692644119263,-0.20835082780893543,-0.08645115792751312,-0.1813974380493164,-0.1465649361568282,-0.10348936915397644,-0.12901660799980164,-0.19338606845911244,-0.09000971913337708,-0.047848284244537354,-0.19289105188425282,-0.06844437122344971,0.012067794799804688,-0.18422148179586628,1.2187321704240324,1.655766891942714,1.6005262511639686,1.5573252019919492,1.477988654535913,0.033807790229677136,0.10331266457921544,0.16283939759289148,0.24862117355064645,0.08665575940564899,0.1360507114185468,0.21486584186724128,0.07221351934662522,0.19687413884155042,0.13711377671622227,M
0.0,0.0,0.0,0.07014784216880798,0.009364128112792969,-0.051757091864878646,0.12634935975074768,0.019678831100463867,-0.10366801752143573,0.16926804184913635,0.067959725856781,-0.15622015877061557,0.19946357607841492,0.1061052680015564,-0.2086018381863184,0.15238642692565918,-0.22140714526176453,-0.08970138265186023,0.1651628613471985,-0.11904913187026978,-0.17670021040731143,0.14495348930358887,0.002478659152984619,-0.23618768735223483,0.1303229033946991,0.09466248750686646,-0.2666532902269907,0.07082289457321167,-0.24865858256816864,-0.10041656924777698,0.07463720440864563,-0.13601335883140564,-0.18977337165170383,0.06463727355003357,0.026972413063049316,-0.22861900015168857,0.0638878345489502,0.14404070377349854,-0.24367024584108066,-0.01063971221446991,-0.23401601612567902,-0.11690630598359775,-0.020188257098197937,-0.15022903680801392,-0.20153171403699588,-0.01454104483127594,0.005800515413284302,-0.21413682980828952,-0.0007682144641876221,0.12110346555709839,-0.20575239343934726,-0.08089767396450043,-0.18911457061767578,-0.13671507520967197,-0.09566383063793182,-0.13767781853675842,-0.1887903122454233,-0.08282531797885895,-0.04898941516876221,-0.1913286207466669,-0.06120516359806061,0.01935979723930359,-0.183557560875947,0.8686462495473385,1.640489167086711,1.5884544673711622,1.5430058032317928,1.4766156754631663,0.07008116611905359,0.1407830919481149,0.20079271867727605,0.27472344010347394,0.08277576103071288,0.13373109773626093,0.20579964919191568,0.06860409296088074,0.1766170621417894,0.11834018279254005,M
0.0,0.0,0.0,0.0691789984703064,0.007697492837905884,-0.04743260354314316,0.12171810865402222,0.024705737829208374,-0.10032271057878006,0.15584146976470947,0.08110871911048889,-0.15597909153018463,0.1770825982093811,0.12755003571510315,-0.2123313194564389,0.1462196707725525,-0.20687776803970337,-0.08956238091502655,0.15789592266082764,-0.10662040114402771,-0.17647543013606537,0.13579490780830383,0.020314037799835205,-0.236251035933833,0.11944273114204407,0.11549028754234314,-0.26761328638110626,0.06447601318359375,-0.2357313632965088,-0.10442033619199265,0.06500056385993958,-0.1184147298336029,-0.19460853398356903,0.05634963512420654,0.04992237687110901,-0.2342398262074994,0.055357277393341064,0.1706041395664215,-0.25033357203517426,-0.019087597727775574,-0.22373497486114502,-0.12427564919505585,-0.029230713844299316,-0.137973815202713,-0.20848649204287995,-0.023147955536842346,0.026437491178512573,-0.2195140814832257,-0.010071784257888794,0.1472824513912201,-0.2105589008382367,-0.09264656901359558,-0.18100321292877197,-0.14748016953979004,-0.10919153690338135,-0.12088257074356079,-0.1989512985995816,-0.09612269699573517,-0.02822926640510559,-0.200153121953349,-0.07619957625865936,0.04397818446159363,-0.19182271719489563,1.076954533556773,1.6536693358178258,1.5932339563085947,1.5465008656047812,1.4978223473553713,0.05888795973312943,0.12911510208417906,0.18819174026805802,0.2667135433854037,0.08452503810770605,0.13335948178316112,0.20830240836846578,0.06946123557713156,0.1825961068835361,0.12265666080879868,M
0.0,0.0,0.0,0.0692279040813446,0.009053051471710205,-0.045213597662794314,0.12004375457763672,0.028390347957611084,-0.09835620487486096,0.14898645877838135,0.07585114240646362,-0.15414788836990567,0.1610950529575348,0.12489759922027588,-0.21072414035354825,0.15280616283416748,-0.2019098401069641,-0.08659270668779584,0.16488710045814514,-0.09481218457221985,-0.1710560422614691,0.1445845663547516,0.024334698915481567,-0.22941275949035855,0.12872371077537537,0.11646419763565063,-0.25996858889614316,0.07046803832054138,-0.22988680005073547,-0.1018867146447775,0.07350084185600281,-0.10587355494499207,-0.18954807037864896,0.06538152694702148,0.057178616523742676,-0.22693962866817685,0.06303754448890686,0.17295467853546143,-0.24147742504631253,-0.013096600770950317,-0.21902942657470703,-0.12182992959772321,-0.017695441842079163,-0.129283607006073,-0.2036020260528204,-0.013586804270744324,0.029597997665405273,-0.21177088732277127,-0.00427660346031189,0.1460024118423462,-0.2007363092378256,-0.08466243743896484,-0.17709359526634216,-0.14501979465042325,-0.09387700259685516,-0.11118540167808533,-0.19277223462616178,-0.07883045077323914,-0.01982221007347107,-0.1907265138105032,-0.06033289432525635,0.048882901668548584,-0.1801025670245764,1.1686122495892635,1.646294562471284,1.589239440816502,1.5466387586944221,1.4635454126180112,0.033451846839330314,0.10920053955627267,0.16671292050166667,0.23411230228621285,0.08663629074299915,0.13624092514847433,0.20077258651710708,0.07250944210257117,0.17496877146540235,0.11213610926875264,M
0.0,0.0,0.0,0.07059371471405029,0.005626052618026733,-0.04880564210775162,0.12602025270462036,0.016435474157333374,-0.10141526831152703,0.16531839966773987,0.06374165415763855,-0.15552995277407433,0.1881219446659088,0.09873726963996887,-0.2102269448137548,0.1493224799633026,-0.22803522646427155,-0.08856546057226922,0.16021838784217834,-0.12879714369773865,-0.1739730305767324,0.14036601781845093,-0.008339136838912964,-0.2332573599911001,0.12406817078590393,0.08353832364082336,-0.26386345101359154,0.06618615984916687,-0.25334203243255615,-0.10193615330221917,0.07059881091117859,-0.14311715960502625,-0.18927974177363183,0.06338822841644287,0.017940044403076172,-0.22822716010573174,0.06116420030593872,0.1358814537525177,-0.2436238445139196,-0.016688689589500427,-0.23650389909744263,-0.1203917108273771,-0.023248866200447083,-0.15015411376953125,-0.202603868374851,-0.01651717722415924,0.006516546010971069,-0.21349058223727013,-0.0057114362716674805,0.12080827355384827,-0.20419435871603753,-0.08882622420787811,-0.1903633177280426,-0.14203310681345727,-0.10259628295898438,-0.14446315169334412,-0.19156093073847558,-0.08935664594173431,-0.055480241775512695,-0.19072561634543206,-0.06974151730537415,0.014963656663894653,-0.18061875475409295,0.9243828194513394,1.6516736066487638,1.5836981199107527,1.5400842420280325,1.478114736641789,0.06583231659113735,0.13227985208019566,0.19508590102685033,0.2711301961251833,0.08183344531445622,0.13502516644884027,0.2055837545844398,0.06855327511477202,0.17820611817807547,0.12370502900757145,M
0.0,0.0,0.0,0.0677083432674408,0.016500920057296753,-0.052255894938738834,0.11845427751541138,0.041469067335128784,-0.10944259534242917,0.15031111240386963,0.09248355031013489,-0.16807727883222867,0.16689983010292053,0.14064088463783264,-0.2270410395658331,0.13959726691246033,-0.2023196965456009,-0.0943339056766348,0.15507745742797852,-0.09420755505561829,-0.18144321809175779,0.13789933919906616,0.02640324831008911,-0.24167776475313474,0.12289696931838989,0.1211874783039093,-0.27320310840967466,0.05715787410736084,-0.23049122095108032,-0.10649000475767423,0.06311988830566406,-0.11243113875389099,-0.19569567213419248,0.059795081615448,0.051569730043411255,-0.2331741041934805,0.0586409866809845,0.17185965180397034,-0.2473597116267996,-0.025022178888320923,-0.21841487288475037,-0.12358618150118161,-0.028726384043693542,-0.12188833951950073,-0.2059713489806967,-0.020612716674804688,0.03761127591133118,-0.21259205410841275,-0.0106583833694458,0.15253928303718567,-0.20021880040529538,-0.09541541337966919,-0.17571300268173218,-0.1447532958782034,-0.10082386434078217,-0.09126725792884827,-0.19283271203401853,-0.08279669284820557,0.008875817060470581,-0.18919644127252866,-0.06465104222297668,0.0805492103099823,-0.17715251813295652,1.1163899946428635,1.6223731934092112,1.5671102260384155,1.5320944466863475,1.451317755067019,0.048111191787519804,0.11267026494345693,0.1779564302180962,0.239221269535985,0.08183214815657006,0.1371858880920544,0.1919003008300581,0.07194219442490633,0.1534226877521125,0.08998765349391992,M
0.0,0.0,0.0,0.06863987445831299,0.014636784791946411,-0.051358953552551156,0.11574545502662659,0.039411306381225586,-0.1087338295450877,0.1378639042377472,0.09572196006774902,-0.16781378953368176,0.1415957510471344,0.14880937337875366,-0.22755491404444683,0.15129715204238892,-0.19823408126831055,-0.09372481374651898,0.1626262664794922,-0.09466314315795898,-0.1788867083063792,0.14197877049446106,0.023102104663848877,-0.2372140553465556,0.12698498368263245,0.11387622356414795,-0.268097337769575,0.07121595740318298,-0.2277287244796753,-0.10766052870661724,0.07192420959472656,-0.11161297559738159,-0.1975406822434138,0.06212618947029114,0.05230677127838135,-0.23705437450320233,0.06001797318458557,0.16923779249191284,-0.25278851060778607,-0.011905401945114136,-0.21821075677871704,-0.12652420668513287,-0.02196592092514038,-0.13319197297096252,-0.21002348928362835,-0.018330097198486328,0.027567237615585327,-0.2212156024447154,-0.0074472576379776,0.14507704973220825,-0.21204314796835888,-0.0845613032579422,-0.17856186628341675,-0.14898971884161938,-0.09918341040611267,-0.12153080105781555,-0.19725046722800244,-0.086168572306633,-0.035861432552337646,-0.19745407669455517,-0.06689140200614929,0.029599547386169434,-0.18901019959361065,1.338756803722697,1.6485354224145865,1.5989977365463812,1.5585252831262646,1.4861137577703183,0.037865544746501174,0.08409669522908882,0.14908973364290692,0.2401621860356987,0.08688776558980663,0.13800550373101883,0.21140153990771474,0.07166099957886679,0.18869241905151987,0.12987940501766798,M
0.0,0.0,0.0,0.06785941123962402,0.015962034463882446,-0.047039272132714416,0.11759153008460999,0.04445362091064453,-0.10312630036791148,0.14002856612205505,0.09838002920150757,-0.16198996255119624,0.1418008804321289,0.1560165286064148,-0.22175208279808345,0.1543276309967041,-0.18608039617538452,-0.08783548125942531,0.17100444436073303,-0.07832372188568115,-0.17316474566181483,0.14798757433891296,0.039154261350631714,-0.23058879921158137,0.13034576177597046,0.13086920976638794,-0.2603849823208648,0.07354897260665894,-0.215581476688385,-0.10363211283405604,0.08104062080383301,-0.089567631483078,-0.19247887084205928,0.06880983710289001,0.07373642921447754,-0.22872683951576533,0.06415563821792603,0.18974155187606812,-0.24209696600158992,-0.009889557957649231,-0.20579572021961212,-0.12454034933765712,-0.010751500725746155,-0.10929030179977417,-0.20783630559166255,-0.008379772305488586,0.04933881759643555,-0.2148772532673675,8.156895637512207e-05,0.16269415616989136,-0.2026367838116485,-0.08158928155899048,-0.16531254351139069,-0.14886719534118953,-0.08600951731204987,-0.08845514059066772,-0.19609813937862697,-0.073662668466568,0.007494509220123291,-0.19238602170666042,-0.05853790044784546,0.07686299085617065,-0.1808375621767837,1.3571076130151227,1.6463170369480138,1.5939671131032576,1.5437434958792033,1.4758976361551774,0.02763344691254855,0.08465317969834855,0.14187654476705522,0.21540870377692195,0.0885837745984467,0.13409544043153213,0.1964528175823877,0.06954888903656573,0.1667191469755405,0.10393859308429956,M
0.0,0.0,0.0,0.06712774932384491,0.016172945499420166,-0.05041043229093134,0.11675892770290375,0.04264247417449951,-0.10676089442958414,0.1444643884897232,0.09425938129425049,-0.1648289463638264,0.16028155386447906,0.1442338228225708,-0.2231894633888203,0.15506602823734283,-0.19232192635536194,-0.09190600879182398,0.16871319711208344,-0.08536559343338013,-0.1786368987678486,0.14601506292819977,0.03466594219207764,-0.23762365199317514,0.12698359787464142,0.12690484523773193,-0.2683701864599186,0.07508616149425507,-0.22323362529277802,-0.10538077868213236,0.07933418452739716,-0.09770593047142029,-0.19426279283752024,0.06574387848377228,0.06724083423614502,-0.23222026742686808,0.060297176241874695,0.18301093578338623,-0.24739535666694223,-0.008528664708137512,-0.21531006693840027,-0.12409204013337671,-0.016314461827278137,-0.12342193722724915,-0.20713325358619272,-0.016177400946617126,0.0345441997051239,-0.21577662743320047,-0.008880868554115295,0.14938104152679443,-0.20545469738235056,-0.08150100708007812,-0.17510837316513062,-0.14641623712768137,-0.0927259624004364,-0.10216671228408813,-0.19572346426238596,-0.08053430914878845,-0.005064457654953003,-0.19420119143714487,-0.06439156830310822,0.06647118926048279,-0.18417037047137796,1.1660419550360326,1.6585406089388581,1.6071844012873826,1.571762085839478,1.5000911817491684,0.03753727929987751,0.10724057188469012,0.16924071324275394,0.23774995058473342,0.0871491378414055,0.13771104762362105,0.2006905104989715,0.07691925421833953,0.17067160143335677,0.09977715865589912,M
0.0,0.0,0.0,0.06720378994941711,0.009788066148757935,-0.05580590333196511,0.11463364958763123,0.028683960437774658,-0.11506397317501893,0.13735052943229675,0.07911214232444763,-0.17545863281342378,0.14477577805519104,0.12855449318885803,-0.23580426763150086,0.15059342980384827,-0.21975454688072205,-0.09537942002865663,0.15762323141098022,-0.11726513504981995,-0.1841042567357718,0.1337028443813324,0.005666941404342651,-0.24473159800621858,0.11696591973304749,0.09748056530952454,-0.2762574334010779,0.06877937912940979,-0.25029128789901733,-0.10726136754605164,0.06549263000488281,-0.13466131687164307,-0.2003265250787436,0.051965147256851196,0.03179153800010681,-0.2399235446319281,0.04794442653656006,0.14946654438972473,-0.2545754392013251,-0.015361100435256958,-0.24193516373634338,-0.12486311833712449,-0.02882823348045349,-0.15710356831550598,-0.21065612922760835,-0.029389619827270508,0.00534328818321228,-0.21998163353058686,-0.020668715238571167,0.12343147397041321,-0.2084958035812079,-0.08884614706039429,-0.20291610062122345,-0.14665592502209535,-0.10412685573101044,-0.1461794376373291,-0.19695561419579377,-0.09317217767238617,-0.054592281579971313,-0.19614339660260072,-0.07543882727622986,0.014384269714355469,-0.185775436864823,1.2776779474641986,1.676403810094968,1.6228681471801938,1.585322123488623,1.5091749618269297,0.041701045715278134,0.09906373969496785,0.16552379190660865,0.24805102767271764,0.08640896101678212,0.1400597815366585,0.2095819195764361,0.07338656631831719,0.18294985174332132,0.12202892250888747,M
0.0,0.0,0.0,0.06693375110626221,0.011588513851165771,-0.048181872331795716,0.11565184593200684,0.034108757972717285,-0.10314023818939688,0.1447266936302185,0.08455482125282288,-0.1603163215157366,0.16297805309295654,0.13604223728179932,-0.21747902359932425,0.15130698680877686,-0.1912865936756134,-0.09082558330267432,0.16621577739715576,-0.08929425477981567,-0.17823116805523398,0.14464646577835083,0.0313449501991272,-0.2364409747359133,0.1284468173980713,0.12448668479919434,-0.26601024296253684,0.07103201746940613,-0.21810081601142883,-0.10527649100988867,0.07690539956092834,-0.09616091847419739,-0.1957039120432711,0.06466555595397949,0.06721636652946472,-0.2328035714861727,0.060749560594558716,0.1821887493133545,-0.24684852685898306,-0.011237114667892456,-0.20833700895309448,-0.12486647393673422,-0.013716191053390503,-0.12021246552467346,-0.20863500561684134,-0.012680679559707642,0.039332032203674316,-0.2154773655173159,-0.003722459077835083,0.15278351306915283,-0.2034517410036898,-0.08296485245227814,-0.17181922495365143,-0.14794734444588187,-0.09176270663738251,-0.10760200023651123,-0.19727611865967276,-0.0809800922870636,-0.01532551646232605,-0.19447309102982047,-0.0643550306558609,0.05088484287261963,-0.18322724428146842,1.1361265239706932,1.6430645012019471,1.596478225684561,1.5499900564957998,1.4874270085645427,0.036413418293178075,0.11216133581218372,0.16753904342866613,0.24275937219664132,0.08895193549281,0.13516444848518452,0.20637292397016632,0.07086119699253494,0.18136117169485816,0.11857338539481053,M
0.0,0.0,0.0,0.06730180978775024,0.007370024919509888,-0.04734758888631063,0.11934027075767517,0.020600438117980957,-0.09911049758343893,0.15189304947853088,0.06468847393989563,-0.1531521216526528,0.17334893345832825,0.10902523994445801,-0.20711353277116018,0.14529624581336975,-0.2070922553539276,-0.08211811487822729,0.15597987174987793,-0.11002328991889954,-0.1677111521854897,0.1354869306087494,0.011375606060028076,-0.22806879733948904,0.11925315856933594,0.10410910844802856,-0.25971768652348715,0.06516426801681519,-0.233552485704422,-0.0957594573989411,0.06663703918457031,-0.12221503257751465,-0.18457031105904775,0.057143330574035645,0.042035579681396484,-0.22355702375321584,0.0545160174369812,0.15825766324996948,-0.23890049611478048,-0.01637977361679077,-0.22290149331092834,-0.11480811094193655,-0.023994654417037964,-0.14156466722488403,-0.1962570086613198,-0.020359575748443604,0.015885263681411743,-0.20402435814290243,-0.010127633810043335,0.12972086668014526,-0.1931046829119225,-0.087252676486969,-0.18454885482788086,-0.13755459939389425,-0.09958189725875854,-0.12398064136505127,-0.1855508521690865,-0.08709080517292023,-0.035124748945236206,-0.18349128817467886,-0.06869187951087952,0.028605997562408447,-0.1730706230297585,1.0224834076692353,1.6542874316414844,1.5979667055997795,1.553067772162411,1.4839388254837813,0.054318700368572115,0.1286277319813639,0.1846400815169019,0.2550509942895692,0.08439765061380095,0.13189143867763534,0.20254396335704475,0.07066222756900938,0.1788567591282861,0.11685027869545266,M
0.0,0.0,0.0,0.06728026270866394,0.009772688150405884,-0.045356397668413706,0.11650344729423523,0.031251877546310425,-0.09932079646974046,0.14547210931777954,0.08183187246322632,-0.15596753839641053,0.1616000533103943,0.1350724697113037,-0.2129638243117853,0.14728572964668274,-0.18823066353797913,-0.08994077626853425,0.161752849817276,-0.08035224676132202,-0.17589642588286836,0.14131373167037964,0.03851345181465149,-0.2330683070817514,0.12560710310935974,0.12976795434951782,-0.26252690438418824,0.06806504726409912,-0.21351349353790283,-0.1060059789219423,0.07497242093086243,-0.09252116084098816,-0.19527194384723146,0.06413847208023071,0.06895613670349121,-0.23105602447181184,0.06005769968032837,0.18280738592147827,-0.24463373903422791,-0.01304858922958374,-0.20201748609542847,-0.12673682455211122,-0.012931019067764282,-0.11607563495635986,-0.209410925547175,-0.011197060346603394,0.04263186454772949,-0.21458986882358033,-0.0030692219734191895,0.15581005811691284,-0.20188741866736848,-0.08328445255756378,-0.1622006595134735,-0.15077227834849793,-0.08981244266033173,-0.09782958030700684,-0.1994442540803476,-0.07781276106834412,-0.004140764474868774,-0.19539249424128968,-0.06148809194564819,0.06381741166114807,-0.1836187142530008,1.1610156008388703,1.6388630897934517,1.5909977814902712,1.5429147917835406,1.4746572591122662,0.036381730956588296,0.11220281550088548,0.16596993039516766,0.23419138295742686,0.08432025611547077,0.131285139316835,0.19837864323954316,0.06865758476720212,0.1700940723142913,0.10897436107070108,M
0.0,0.0,0.0,0.0645962655544281,0.0044623613357543945,-0.04471784821117808,0.11257779598236084,0.02270185947418213,-0.09750476470554759,0.14231383800506592,0.06779205799102783,-0.15274215480650355,0.1650417149066925,0.11424487829208374,-0.208612956016907,0.14422324299812317,-0.2036641538143158,-0.08771231016481806,0.15588685870170593,-0.0974549949169159,-0.1738022937473147,0.13297802209854126,0.020282447338104248,-0.23032633206213404,0.1184106171131134,0.1090691089630127,-0.2588826491531222,0.06331953406333923,-0.2283807247877121,-0.10386771699751307,0.07037040591239929,-0.11363920569419861,-0.19408137342298915,0.055999755859375,0.05044597387313843,-0.22932825228537013,0.05318590998649597,0.1645752191543579,-0.24120336016977717,-0.017565131187438965,-0.21455419063568115,-0.12494817367161204,-0.019125670194625854,-0.1301661729812622,-0.20942980787123133,-0.020443081855773926,0.029056072235107422,-0.2134480400976031,-0.0115736722946167,0.1393115520477295,-0.19862820944155146,-0.0859963595867157,-0.17363929748535156,-0.1490448339876025,-0.09676948189735413,-0.12328273057937622,-0.19801130136812617,-0.08695042133331299,-0.038538217544555664,-0.19281216701830317,-0.06944000720977783,0.020836353302001953,-0.17947901031340052,1.05038606393227,1.653148445720026,1.596578806326662,1.5538664979443855,1.4858678178286653,0.04691745804689434,0.12265750815036872,0.17838535009759168,0.25240212072708174,0.085645727787945,0.1334560633937809,0.20754005933803632,0.06951299427372368,0.18893908310550514,0.13185175552245498,M
0.0,0.0,0.0,0.06750929355621338,0.007247567176818848,-0.04547687000075484,0.11389952898025513,0.023699790239334106,-0.09836836284438277,0.13952061533927917,0.07446661591529846,-0.15408747023383285,0.15080010890960693,0.12239274382591248,-0.21036049848834182,0.1495209038257599,-0.20682615041732788,-0.08427752679625655,0.1589232087135315,-0.10447493195533752,-0.1702659887675395,0.13700145483016968,0.017379730939865112,-0.2304588121775737,0.12055328488349915,0.1099337637424469,-0.2618729931716075,0.06974709033966064,-0.2324337512254715,-0.1000973967317691,0.07076722383499146,-0.11382806301116943,-0.18875594562331344,0.060140371322631836,0.05013647675514221,-0.2285797757510295,0.05722251534461975,0.16703203320503235,-0.24457495039740706,-0.012690871953964233,-0.22028745710849762,-0.12090196585694457,-0.021777480840682983,-0.13276556134223938,-0.20318426317015792,-0.01864326000213623,0.026812851428985596,-0.21324648088256026,-0.007953494787216187,0.1426467001438141,-0.20343467718402053,-0.08452524244785309,-0.18069472908973694,-0.14487691348830367,-0.09898249804973602,-0.12765896320343018,-0.19206883138457442,-0.0878264307975769,-0.04240250587463379,-0.1897769433859935,-0.06931464374065399,0.021946966648101807,-0.17920197671691085,1.2129967484962758,1.6619924277323557,1.6021393701555444,1.557744074624238,1.4958752788956033,0.03271233021945277,0.10367946842883954,0.16004039937858014,0.24195011569978622,0.08527015155380382,0.13260516064368563,0.20926420330039242,0.06958848155558307,0.19251319219004406,0.13540168487438387,M
0.0,0.0,0.0,0.06459641456604004,0.0061144232749938965,-0.04927815076663933,0.11402252316474915,0.01182892918586731,-0.1023489977116867,0.14382344484329224,0.0502280592918396,-0.1568708415026947,0.15874585509300232,0.08951425552368164,-0.21218840730145416,0.14273381233215332,-0.21839013695716858,-0.09157176268055878,0.15556028485298157,-0.11919492483139038,-0.17853331518128357,0.13529634475708008,-0.0007596611976623535,-0.23851570439293823,0.12084001302719116,0.08992946147918701,-0.26955226015999756,0.06444072723388672,-0.24232575297355652,-0.10525475394680939,0.06915384531021118,-0.12269756197929382,-0.195063113688974,0.05891901254653931,0.035645365715026855,-0.23578432154610596,0.057905614376068115,0.14875006675720215,-0.2519396836753174,-0.0159299373626709,-0.22731848061084747,-0.12395506304457626,-0.02343842387199402,-0.14220502972602844,-0.20708134722664795,-0.020383447408676147,0.011043339967727661,-0.21930018019631348,-0.009232252836227417,0.12261873483657837,-0.21073540997460327,-0.0868767648935318,-0.18635785579681396,-0.14583709788277588,-0.10416807234287262,-0.14522713422775269,-0.19569505703404388,-0.09561139345169067,-0.063865065574646,-0.19599209678128204,-0.07833433151245117,-0.0006031394004821777,-0.18662278306439362,1.0484372053260331,1.6416874119672495,1.5875053748424839,1.5516589885449754,1.524840998533405,0.03790811600045175,0.11695142359262888,0.17120908648217817,0.253629966188529,0.0861429169395287,0.13411704939894145,0.21878430324142,0.07204401239354759,0.2021576193104935,0.14127536079539482,M
0.0,0.0,0.0,0.07003861665725708,-0.0051413774490356445,-0.04344561362245969,0.12615132331848145,-0.00930112600326538,-0.08914244586208753,0.16618052124977112,0.018084555864334106,-0.13679100239256314,0.18918216228485107,0.04447537660598755,-0.18362360858896665,0.1549777388572693,-0.23216612637043,-0.06884441190937451,0.16045373678207397,-0.13428127765655518,-0.15293037557581357,0.1448555886745453,-0.016568154096603394,-0.21378215813616208,0.1326460838317871,0.0720716118812561,-0.24474768006781034,0.07819941639900208,-0.25797076523303986,-0.08173773848989896,0.0763539969921112,-0.14522287249565125,-0.1685097780225604,0.06872424483299255,0.014706403017044067,-0.20710593128183774,0.06654834747314453,0.1276777982711792,-0.22040161156633786,-0.0004780590534210205,-0.24769183993339539,-0.10038602763393811,-0.009761035442352295,-0.15955156087875366,-0.1808572527168124,-0.009150981903076172,-0.005144566297531128,-0.18806288802603177,-0.0020372867584228516,0.10410881042480469,-0.17523854637125424,-0.07024216651916504,-0.21100839972496033,-0.12230261826494626,-0.08519980311393738,-0.15380123257637024,-0.1704820361135333,-0.0732869803905487,-0.060395896434783936,-0.16687425637224607,-0.05367974936962128,0.007412314414978027,-0.15310303533056668,0.7063359592754995,1.644066913669718,1.6009987627972933,1.5752284320050727,1.4951131104044708,0.0629116870558959,0.14819478906568978,0.20030233179230958,0.2456737240964922,0.08637684132085109,0.13844129587683937,0.1972261160876817,0.07252231664149247,0.17005464379898497,0.10962279090192628,M
0.0,0.0,0.0,0.07083350419998169,0.0017357468605041504,-0.04843333918161896,0.12400510907173157,0.0024343132972717285,-0.09857971775837449,0.15860670804977417,0.029884248971939087,-0.14961539763517884,0.1764434278011322,0.057067304849624634,-0.2000927831561139,0.15318292379379272,-0.22991850972175598,-0.08197455662794617,0.16442576050758362,-0.13930746912956238,-0.16803131062098053,0.15019765496253967,-0.021512717008590698,-0.22875394481726197,0.13874459266662598,0.06970366835594177,-0.26006964403696564,0.0767618715763092,-0.25612872838974,-0.09393724608727005,0.08306115865707397,-0.15261593461036682,-0.18205668586798218,0.07583808898925781,0.004142254590988159,-0.22028433341093567,0.07261329889297485,0.118004709482193,-0.2339634056717923,-0.001453787088394165,-0.24416495859622955,-0.11140105682917145,-0.0060637593269348145,-0.16004249453544617,-0.19319063979692963,-0.004893302917480469,-0.005633711814880371,-0.20085271257467774,0.0027118325233459473,0.10449090600013733,-0.18904166478224305,-0.07111841440200806,-0.2064010202884674,-0.13230749029226807,-0.08520635962486267,-0.14735814929008484,-0.18264125842161683,-0.07240244746208191,-0.0531620979309082,-0.18002591091700104,-0.051746174693107605,0.014876455068588257,-0.16740732449598816,0.8058925940578394,1.618947538039014,1.5818843564854275,1.5588492413086934,1.4834716994816604,0.039760279842607556,0.12039129101574556,0.18008793725246405,0.23205723968823974,0.08189223766668462,0.1404103405562172,0.19822400401101048,0.07119577154000074,0.16155715870553283,0.10486383726409369,M
0.0,0.0,0.0,0.06881743669509888,0.007244527339935303,-0.04826416982258941,0.11986750364303589,0.022601813077926636,-0.10128283662642623,0.1511804759502411,0.06660237908363342,-0.15560139877642776,0.16872286796569824,0.11164388060569763,-0.21025554997767593,0.15641546249389648,-0.18744710087776184,-0.09028457267130996,0.17337241768836975,-0.0936194658279419,-0.17827937168921615,0.15654954314231873,0.020622462034225464,-0.23946961922492171,0.14315330982208252,0.11153241991996765,-0.27198816997851516,0.08024942874908447,-0.2160434126853943,-0.10432931197728301,0.09079945087432861,-0.10971152782440186,-0.19404611153449203,0.07998150587081909,0.043703943490982056,-0.23303547663535262,0.07452535629272461,0.1546126902103424,-0.24870820505465652,0.0005246400833129883,-0.20913219451904297,-0.12349673522557403,0.0025873780250549316,-0.12106695771217346,-0.20662519497718002,0.0008692145347595215,0.03131958842277527,-0.2145772741540828,0.0059049129486083984,0.1398971974849701,-0.2038820551141658,-0.06910760700702667,-0.17383304238319397,-0.1461037562593379,-0.07591032981872559,-0.10095706582069397,-0.1971228585943141,-0.06726913154125214,-0.006511062383651733,-0.19526924354876662,-0.05286669731140137,0.05896565318107605,-0.18455295426692153,1.0689691646874073,1.6151253314039555,1.586238180940593,1.555382591177693,1.5011454283358392,0.025569801077525194,0.10353496899222125,0.16525113128395724,0.22776507871992613,0.08102904228682117,0.14014878897318636,0.20294607205361753,0.07018055977899826,0.159301886410533,0.10002008316317103,M
0.0,0.0,0.0,0.07434824109077454,0.0009327828884124756,-0.05168976006372006,0.13134357333183289,0.007035583257675171,-0.10657331091625721,0.16871917247772217,0.044631242752075195,-0.16245107841951878,0.18426644802093506,0.08336532115936279,-0.21843249094946415,0.1619504988193512,-0.218703031539917,-0.09555316460592778,0.17935022711753845,-0.1303798258304596,-0.18691616249544651,0.1628953218460083,-0.013809800148010254,-0.24971257639391453,0.14690953493118286,0.07865303754806519,-0.2819055516765836,0.08591356873512268,-0.2491188496351242,-0.10803363216383488,0.09359598159790039,-0.1386713981628418,-0.2025668520973447,0.08303123712539673,0.019196242094039917,-0.2421483893440488,0.07668501138687134,0.13586288690567017,-0.2561993498848203,0.006347328424453735,-0.24173875153064728,-0.12595932674868138,0.003754258155822754,-0.1482868790626526,-0.2109611381338361,0.002239435911178589,0.00794762372970581,-0.21873693657381565,0.007586270570755005,0.12147641181945801,-0.20672323298914463,-0.06556692719459534,-0.20842105150222778,-0.14784925175173314,-0.0768025815486908,-0.14298376441001892,-0.19968912494642765,-0.06737522780895233,-0.04795503616333008,-0.19810879719717533,-0.05065810680389404,0.02233707904815674,-0.186441754226518,0.9645504954398645,1.6213355869893429,1.5947631527941333,1.5673852981093335,1.5062780016722426,0.03765294905354165,0.1197069752250759,0.18074385282805364,0.24272204843159206,0.09057842221271807,0.14575600631203317,0.20543724161534857,0.07058049764473912,0.17060005510036713,0.11498267172969734,M
0.0,0.0,0.0,0.07202491164207458,0.008406966924667358,-0.04640704008443741,0.12320330739021301,0.02207767963409424,-0.0990803948293486,0.15229055285453796,0.0622270405292511,-0.15351256343229203,0.16554692387580872,0.10267671942710876,-0.20807712885244278,0.1611117124557495,-0.19968992471694946,-0.09008852752550034,0.18150141835212708,-0.10514429211616516,-0.1787397673974791,0.16539931297302246,0.010709792375564575,-0.24002232762678055,0.1498698890209198,0.10030606389045715,-0.2723642549167433,0.08622485399246216,-0.23022332787513733,-0.10532083722455887,0.09802162647247314,-0.11376869678497314,-0.19638891133172898,0.08749428391456604,0.04364541172981262,-0.23544416936738877,0.08113452792167664,0.15574601292610168,-0.25072306009633927,0.007204145193099976,-0.22294358909130096,-0.12549639853341965,0.010329753160476685,-0.12765660881996155,-0.20833377155168442,0.008946448564529419,0.026828140020370483,-0.2157406321416655,0.01345914602279663,0.1353050172328949,-0.20460879417760758,-0.06357860565185547,-0.18849465250968933,-0.14913470658166794,-0.07075059413909912,-0.10922074317932129,-0.19868406268461136,-0.061042845249176025,-0.016141951084136963,-0.19640053423746018,-0.0453559011220932,0.04800787568092346,-0.18535932513578324,1.0870661320689667,1.6082520468790913,1.583983983004427,1.5533381560612685,1.4938974837873646,0.015855265040826624,0.09970858791096897,0.15554837829424717,0.21787309165805782,0.08830706548469501,0.14082903656691734,0.2021094001449798,0.07069506078990917,0.16615455111653676,0.10526158223112814,M
0.0,0.0,0.0,0.07071903347969055,0.003217548131942749,-0.05060970353820693,0.1261175274848938,0.006578207015991211,-0.10401499587037932,0.16310933232307434,0.040376126766204834,-0.15853318887689483,0.18335700035095215,0.07438868284225464,-0.2132190497491635,0.15832388401031494,-0.22205787897109985,-0.09224354791381728,0.17669296264648438,-0.13192325830459595,-0.18370093720891845,0.15991488099098206,-0.01221686601638794,-0.2474525453422345,0.1453278660774231,0.08172136545181274,-0.28032975214460265,0.081915944814682,-0.2506260573863983,-0.1049564959380902,0.09222126007080078,-0.13964569568634033,-0.19882770198324096,0.08228546380996704,0.02057790756225586,-0.23968200701215636,0.07745811343193054,0.13696318864822388,-0.25477956551053893,0.002409130334854126,-0.24098476767539978,-0.12319602387884032,0.000573277473449707,-0.15370652079582214,-0.2082083405826367,9.97781753540039e-05,0.0017911791801452637,-0.21774030047395598,0.006786137819290161,0.11379450559616089,-0.20687204915025603,-0.06904956698417664,-0.20553413033485413,-0.14506051259973418,-0.07885219156742096,-0.14890488982200623,-0.19711709338167083,-0.06939581036567688,-0.05756548047065735,-0.19625553804376494,-0.05232611298561096,0.009644687175750732,-0.18505151885488402,0.8697319054032692,1.613551381072981,1.5822972517533254,1.5584596832469633,1.4932333744125061,0.03872961770850079,0.12300464636569224,0.18091458858280984,0.24441422807782595,0.08750978433423254,0.14220582543436588,0.2103857005377534,0.0743728176914159,0.18180744276292932,0.11975576341966152,M
0.0,0.0,0.0,0.07357549667358398,-0.006077289581298828,-0.045130148674026316,0.13045328855514526,-0.006846249103546143,-0.09318687036134321,0.17208772897720337,0.02772378921508789,-0.14327139421798307,0.1988758146762848,0.06033968925476074,-0.19308391972877104,0.1601915955543518,-0.227902352809906,-0.0797560216436537,0.171698659658432,-0.13609331846237183,-0.1667824612507971,0.15352511405944824,-0.0153425931930542,-0.22793836160995085,0.13873693346977234,0.07771599292755127,-0.25926540061332304,0.08237585425376892,-0.25592733919620514,-0.09363756343223173,0.08768150210380554,-0.14624753594398499,-0.18416816755630094,0.07804402709007263,0.016167789697647095,-0.22291239365436155,0.07465824484825134,0.13244181871414185,-0.23649854227401335,0.002315014600753784,-0.24473735690116882,-0.1131143869409712,0.00010135769844055176,-0.15768182277679443,-0.19632957145072538,8.285045623779297e-05,-0.0009488761425018311,-0.20362084373332578,0.007936477661132812,0.11186575889587402,-0.19103797539569456,-0.06957970559597015,-0.20699530839920044,-0.13601378365851957,-0.08033278584480286,-0.15344101190567017,-0.18684593602515776,-0.06832975149154663,-0.0657387375831604,-0.18507256373263914,-0.048405155539512634,0.0007065534591674805,-0.17294729515410978,0.7762796065721754,1.6408821781552148,1.5906655507537923,1.555033712184823,1.4692004762933255,0.06259888946379201,0.14362702296768431,0.19776947760573835,0.25436978813467953,0.08426739786820349,0.1351849316878145,0.20236752517633308,0.06982240653412759,0.18027418180870372,0.12462242408586026,M
0.0,0.0,0.0,0.06903502345085144,-0.0002510547637939453,-0.04539785192551271,0.12004366517066956,0.006182074546813965,-0.09518985853733675,0.15385916829109192,0.04266399145126343,-0.14669643000902788,0.17154565453529358,0.07886719703674316,-0.19810387150587694,0.1588984727859497,-0.21927419304847717,-0.07755075798573152,0.16635769605636597,-0.11600011587142944,-0.1634488369637932,0.14885205030441284,0.0003873109817504883,-0.22411404208483354,0.133668452501297,0.09062546491622925,-0.255124625127932,0.07981818914413452,-0.24383090436458588,-0.09144591198506014,0.0828031599521637,-0.1310524344444275,-0.18069573895277635,0.07305672764778137,0.029734015464782715,-0.21828706220926897,0.06799179315567017,0.14626193046569824,-0.23067220703901903,-0.0004964172840118408,-0.23133660852909088,-0.11087612466158525,-0.0013945996761322021,-0.14190971851348877,-0.19262890176119463,-0.0029091835021972656,0.014436513185501099,-0.19821039990725176,0.00245550274848938,0.1247110366821289,-0.18427984074892656,-0.07128581404685974,-0.1931890845298767,-0.13370668546499864,-0.07939828932285309,-0.13207271695137024,-0.18338510052504198,-0.06924554705619812,-0.04037964344024658,-0.17922366813959734,-0.052087798714637756,0.024813681840896606,-0.1650456751996483,0.9543464634548501,1.6520306792824218,1.6011039194114893,1.5625057161441929,1.4829597472530416,0.039660298756438395,0.12355343904800942,0.17519456916444734,0.23007325771918136,0.08607461810335705,0.13556793273278572,0.19706997654983394,0.0689887409886934,0.1707887158970737,0.11381763149342304,M
0.0,0.0,0.0,0.06801095604896545,0.005153000354766846,-0.047445608175365805,0.12455326318740845,0.01006665825843811,-0.09663480321225393,0.16678988933563232,0.04419386386871338,-0.14736750522908437,0.19566333293914795,0.0741419792175293,-0.19742809037026632,0.15201181173324585,-0.2161809206008911,-0.08431610266026723,0.16302794218063354,-0.11887848377227783,-0.17214466432389486,0.14368456602096558,0.0049020349979400635,-0.23362239996251333,0.12757492065429688,0.09826648235321045,-0.26451025704201925,0.0752052366733551,-0.24542544782161713,-0.09642201463040578,0.07842940092086792,-0.1250821352005005,-0.18621139029320943,0.06749922037124634,0.035352885723114014,-0.2253253291016506,0.06222313642501831,0.1501225233078003,-0.23948745230492818,-0.0031901001930236816,-0.23629072308540344,-0.11384795407113302,-0.00876319408416748,-0.141992449760437,-0.1963333467608379,-0.010354369878768921,0.015331447124481201,-0.20401757756528127,-0.004562705755233765,0.12882733345031738,-0.19193658033665884,-0.07360349595546722,-0.20160359144210815,-0.13474787572678792,-0.08674502372741699,-0.14359253644943237,-0.18493708769139516,-0.07716181874275208,-0.05239605903625488,-0.1825665513640331,-0.05975823104381561,0.016614049673080444,-0.1699894646769451,0.7334072701486162,1.6483542057713831,1.6036050954335164,1.574555656336373,1.5074342107971443,0.07223588816520046,0.15355562225455358,0.2075595204725853,0.26181985796569024,0.08342604320854659,0.13562565366819151,0.20435466593090354,0.0700987434037999,0.1808423803809256,0.12505345684127722,M
0.0,0.0,0.0,0.06801095604896545,0.005153000354766846,-0.047445608175365805,0.12455326318740845,0.01006665825843811,-0.09663480321225393,0.16678988933563232,0.04419386386871338,-0.14736750522908437,0.19566333293914795,0.0741419792175293,-0.19742809037026632,0.15201181173324585,-0.2161809206008911,-0.08431610266026723,0.16302794218063354,-0.11887848377227783,-0.17214466432389486,0.14368456602096558,0.0049020349979400635,-0.23362239996251333,0.12757492065429688,0.09826648235321045,-0.26451025704201925,0.0752052366733551,-0.24542544782161713,-0.09642201463040578,0.07842940092086792,-0.1250821352005005,-0.18621139029320943,0.06749922037124634,0.035352885723114014,-0.2253253291016506,0.06222313642501831,0.1501225233078003,-0.23948745230492818,-0.0031901001930236816,-0.23629072308540344,-0.11384795407113302,-0.00876319408416748,-0.141992449760437,-0.1963333467608379,-0.010354369878768921,0.015331447124481201,-0.20401757756528127,-0.004562705755233765,0.12882733345031738,-0.19193658033665884,-0.07360349595546722,-0.20160359144210815,-0.13474787572678792,-0.08674502372741699,-0.14359253644943237,-0.18493708769139516,-0.07716181874275208,-0.05239605903625488,-0.1825665513640331,-0.05975823104381561,0.016614049673080444,-0.1699894646769451,0.7334072701486162,1.6483542057713831,1.6036050954335164,1.574555656336373,1.5074342107971443,0.07223588816520046,0.15355562225455358,0.2075595204725853,0.26181985796569024,0.08342604320854659,0.13562565366819151,0.20435466593090354,0.0700987434037999,0.1808423803809256,0.12505345684127722,M
0.0,0.0,0.0,0.07353773713111877,-0.007165014743804932,-0.04460646469430429,0.1279950737953186,-0.007436662912368774,-0.09331818554834825,0.16435575485229492,0.02910858392715454,-0.14448629204468233,0.18329784274101257,0.06952601671218872,-0.19591489319042665,0.16157960891723633,-0.2310391664505005,-0.07884245250658495,0.172933429479599,-0.1367553174495697,-0.16393685225681764,0.15214267373085022,-0.019716084003448486,-0.22399754707054598,0.1347959041595459,0.0718163251876831,-0.25427177433208925,0.08432194590568542,-0.25804542005062103,-0.09274811927513582,0.08510565757751465,-0.14313244819641113,-0.18116305653290254,0.07266053557395935,0.013541460037231445,-0.22037929181293947,0.06730756163597107,0.12912529706954956,-0.23424866680340273,0.004052102565765381,-0.24732978641986847,-0.11197946850494844,-0.0022133290767669678,-0.15686386823654175,-0.192691816727681,-0.004465073347091675,-0.002535521984100342,-0.20225940529541475,0.001397937536239624,0.1106078028678894,-0.1910583514376114,-0.06830230355262756,-0.21331515908241272,-0.13442438725666506,-0.08339764177799225,-0.16606703400611877,-0.1815264660520981,-0.0772610753774643,-0.08501508831977844,-0.17928895239071352,-0.062440887093544006,-0.02162948250770569,-0.1670361894770096,0.9477182962096744,1.659004085702262,1.6147135019834622,1.5782113523872818,1.5402275815445952,0.04855598376177016,0.13040636307305656,0.18648133597560937,0.262100836280103,0.08853809708106403,0.13892370654372377,0.21825322632130445,0.06846149385221167,0.19890114004978054,0.14684037310501102,M
0.0,0.0,0.0,0.07397165894508362,0.003880828619003296,-0.050157116368719556,0.12780243158340454,0.009878754615783691,-0.10313365758986137,0.16119465231895447,0.04770591855049133,-0.15725758822292946,0.1763477623462677,0.0869016945362091,-0.21177418680519722,0.15335458517074585,-0.2097364068031311,-0.09203838707537315,0.16845190525054932,-0.11100748181343079,-0.1817069068703141,0.15166598558425903,0.008397519588470459,-0.2437438085827317,0.13676303625106812,0.09842380881309509,-0.27580870838493965,0.07634329795837402,-0.2355259358882904,-0.10506668092341087,0.08456891775131226,-0.11937844753265381,-0.1981633767637696,0.07575592398643494,0.04066029191017151,-0.2386209681782212,0.07135266065597534,0.15491929650306702,-0.2536946699175324,-0.0022719502449035645,-0.22427356243133545,-0.123378852024981,-0.003836691379547119,-0.12952211499214172,-0.2092308417114701,-0.003673046827316284,0.028310507535934448,-0.21901358814568184,0.0028400421142578125,0.14064624905586243,-0.2081472441706147,-0.07226698100566864,-0.18797847628593445,-0.14512318523258827,-0.08214525878429413,-0.12629404664039612,-0.1971451953205552,-0.07043163478374481,-0.0350625216960907,-0.19624112696976326,-0.05202372372150421,0.03122439980506897,-0.18529038281769417,1.0084155554609968,1.6245850508233888,1.5835775445672935,1.556788706910417,1.4787081083038685,0.04122753518513561,0.12510142108016498,0.18164087128349005,0.23506062366415348,0.08643065060971644,0.1404211622891015,0.200390122790445,0.06998356080447071,0.1747059234576435,0.12240577557919682,M
