x0,y0,z0,x1,y1,z1,x2,y2,z2,x3,y3,z3,x4,y4,z4,x5,y5,z5,x6,y6,z6,x7,y7,z7,x8,y8,z8,x9,y9,z9,x10,y10,z10,x11,y11,z11,x12,y12,z12,x13,y13,z13,x14,y14,z14,x15,y15,z15,x16,y16,z16,x17,y17,z17,x18,y18,z18,x19,y19,z19,x20,y20,z20,angle0,angle1,angle2,angle3,angle4,dist01,dist02,dist03,dist04,dist12,dist13,dist14,dist23,dist24,dist34,label
0.0,0.0,0.0,0.0702613890171051,-0.10283052921295166,0.029822272482618928,0.0977422297000885,-0.18701332807540894,0.03265906241844618,0.13220515847206116,-0.2462349236011505,0.01966758933971846,0.14508762955665588,-0.29654067754745483,0.008031191538378835,-0.03991785645484924,-0.2765045464038849,0.056511570933565736,0.026187509298324585,-0.3749138414859772,0.028746660101518273,0.09458604454994202,-0.358573317527771,-0.0008321387564649285,0.13395878672599792,-0.32212960720062256,-0.017072527435317397,-0.05838784575462341,-0.2754552960395813,0.023039720255241036,0.0250929594039917,-0.39401906728744507,-0.009252559159591556,0.10249269008636475,-0.36198005080223083,-0.03736746194650209,0.1390800178050995,-0.3114757537841797,-0.05089053395082033,-0.060262441635131836,-0.2699006497859955,-0.013347721424594283,0.017048180103302002,-0.3927694261074066,-0.04019769909669435,0.09355291724205017,-0.3621281087398529,-0.051428179022565246,0.1279560625553131,-0.30914756655693054,-0.05241045239259279,-0.04786413908004761,-0.25641047954559326,-0.048845688578381896,0.019466519355773926,-0.3560131788253784,-0.06472436222125566,0.079098641872406,-0.3466070294380188,-0.06492052110721147,0.11304143071174622,-0.3134279251098633,-0.06140505033422983,-1.1627839780531277,-0.2566138578273822,-0.18042800971124517,-0.2055722185757331,-0.3405479043374825,0.027904201539270992,0.01609807134889835,0.021270266533796326,0.03622344531710864,0.011820812171107668,0.014302659778649394,0.022655133057115178,0.011364982893272474,0.026111663882314447,0.015516691411857235,O
0.0,0.0,0.0,0.07915669679641724,-0.1150246262550354,0.03739000081012023,0.10593384504318237,-0.20384430885314941,0.04363858668992293,0.13768798112869263,-0.26586827635765076,0.03176095678398383,0.1526281237602234,-0.3212452828884125,0.020584901486728313,-0.03043961524963379,-0.29370325803756714,0.06695900081584227,0.0330563485622406,-0.3904755413532257,0.040872640599701526,0.0982428789138794,-0.3736892342567444,0.011317710084114196,0.1336098313331604,-0.3377890884876251,-0.004892205661889193,-0.05009162425994873,-0.28978079557418823,0.02902476272473109,0.029968440532684326,-0.40650320053100586,-0.002048999612014768,0.10468173027038574,-0.3755608797073364,-0.03119424575081098,0.1387873888015747,-0.32298916578292847,-0.04562849954774606,-0.05353325605392456,-0.281085342168808,-0.01178680763652551,0.021620899438858032,-0.4009854793548584,-0.03756600276639688,0.09662339091300964,-0.3706619441509247,-0.04967689544966447,0.12938600778579712,-0.3180316090583801,-0.05153001130631196,-0.04265204071998596,-0.2658504545688629,-0.05127352134397256,0.021691560745239258,-0.36781999468803406,-0.06558467478564012,0.07968485355377197,-0.3641207218170166,-0.06601378352453935,0.1131218671798706,-0.3360119163990021,-0.06311275095751512,-1.1922455135301695,-0.26253242587984577,-0.17403945406962654,-0.19929990805679726,-0.4231912863218606,0.025207002014238446,0.01395016386087795,0.023463240493472242,0.04217579607107298,0.015679439192896164,0.020203927310211242,0.020564897660311086,0.010628421034233528,0.02878039321695599,0.024244870008159895,O
0.0,0.0,0.0,0.07283434271812439,-0.11087697744369507,0.03301470075837187,0.09877651929855347,-0.19783461093902588,0.03798696492901854,0.13368356227874756,-0.2593241035938263,0.02580556181362681,0.15045875310897827,-0.31244128942489624,0.014820812280390783,-0.04236263036727905,-0.28490859270095825,0.06666595210424475,0.024085968732833862,-0.3842170238494873,0.042279277938519044,0.09085783362388611,-0.3673122823238373,0.013364166031692548,0.1265457272529602,-0.33273693919181824,-0.0027388695058334633,-0.059916675090789795,-0.2821659445762634,0.03151390050641112,0.021804511547088623,-0.40018993616104126,0.0012800437501709894,0.09536150097846985,-0.3690795600414276,-0.028367650684799628,0.1283140778541565,-0.31860366463661194,-0.042813538563336806,-0.060458868741989136,-0.27605727314949036,-0.006606473577107863,0.015025883913040161,-0.3942416310310364,-0.03061628433772512,0.08936548233032227,-0.36459222435951233,-0.04318452904828973,0.12139022350311279,-0.31241631507873535,-0.045121951949681716,-0.04588502645492554,-0.263609379529953,-0.04379745851167627,0.018026769161224365,-0.3678693175315857,-0.05588950495132394,0.07623335719108582,-0.3618300259113312,-0.05514863784321733,0.10922896862030029,-0.33050239086151123,-0.05133289749630876,-1.1471501073908352,-0.27593796236682094,-0.19121498667454243,-0.19733857767748325,-0.40715306972649307,0.03136472867812106,0.02298611560032456,0.02906854033426935,0.04501220405719462,0.014243472662998764,0.02096442184416008,0.017460336073004994,0.009285636953156332,0.022490466430097205,0.021794546509277108,O
0.0,0.0,0.0,0.0793544352054596,-0.1105426549911499,0.034014941095421136,0.10620790719985962,-0.1976810097694397,0.038070146828005136,0.1392703354358673,-0.2629092335700989,0.02419982561380607,0.15186765789985657,-0.32596054673194885,0.01120909759313804,-0.03289690613746643,-0.2852742671966553,0.06733577036769134,0.03265455365180969,-0.38118791580200195,0.04277921923906547,0.09615358710289001,-0.36364415287971497,0.013905642456421674,0.1284930408000946,-0.32704782485961914,-0.0020404417113866202,-0.05197945237159729,-0.2832740247249603,0.0308752273163293,0.028450340032577515,-0.400458425283432,0.0014370203903411038,0.10005006194114685,-0.3674775958061218,-0.027177554652979552,0.13035687804222107,-0.31404227018356323,-0.04150810381858605,-0.05487462878227234,-0.27685004472732544,-0.00872195614962834,0.02100580930709839,-0.39485880732536316,-0.03243137067644852,0.0930989682674408,-0.3615611493587494,-0.043157543153455435,0.12123382091522217,-0.30735713243484497,-0.044500581086566626,-0.04211777448654175,-0.2630405128002167,-0.047459314675023734,0.021504223346710205,-0.3675447702407837,-0.06010645917146462,0.07919016480445862,-0.36105597019195557,-0.05921149170487183,0.11074107885360718,-0.32877907156944275,-0.05565362712829369,-1.2288400482110478,-0.2532776243153138,-0.16716962965127186,-0.17152676034923195,-0.4061491377363926,0.023399890988792974,0.024591847550915237,0.03584018682862637,0.04122304678583291,0.013138429955554708,0.020986177391416148,0.01783618143325002,0.011310227144572443,0.02453472830285442,0.02385366035345511,O
0.0,0.0,0.0,0.07640892267227173,-0.11021965742111206,0.028428865275969883,0.106181800365448,-0.19566130638122559,0.029730632580509564,0.13807901740074158,-0.2651829421520233,0.014526621117880723,0.14612004160881042,-0.3325413167476654,0.000815039587365618,-0.031226277351379395,-0.2878359258174896,0.060017313487520596,0.030046314001083374,-0.38759487867355347,0.03096294743536987,0.09070637822151184,-0.37117233872413635,0.00032677510117196107,0.12146458029747009,-0.3329268991947174,-0.01567227239192448,-0.05114898085594177,-0.28687629103660583,0.026736225612154385,0.02853640913963318,-0.4097543954849243,-0.007751224417546609,0.0979754626750946,-0.376381516456604,-0.03712434353710137,0.1273420751094818,-0.31933149695396423,-0.05029974909902535,-0.05574420094490051,-0.28066882491111755,-0.010114634730229,0.017764419317245483,-0.406887024641037,-0.03939934479475937,0.0900794267654419,-0.37134671211242676,-0.049997024558791736,0.12058702111244202,-0.3140634298324585,-0.04930330472470246,-0.04633268713951111,-0.2655203938484192,-0.046196937881717304,0.01696452498435974,-0.36921173334121704,-0.0634200166392418,0.07581248879432678,-0.3643347918987274,-0.06386438416720353,0.11089491844177246,-0.3348824381828308,-0.05987538801909409,-1.2869018673509547,-0.2871475208809763,-0.17986590082336182,-0.18716894502440182,-0.4154757204981053,0.024658476155238678,0.022958906002507325,0.03151773216015302,0.03530283489618342,0.014811478904994636,0.018883871067768593,0.010749041095735986,0.008566404479104,0.022634945008898046,0.022964493525259207,O
0.0,0.0,0.0,0.07335016131401062,-0.1075664758682251,0.027857447470353236,0.10351234674453735,-0.1937839388847351,0.0291944951366645,0.13671696186065674,-0.26079419255256653,0.014189235362039199,0.13421159982681274,-0.3200489580631256,0.0003828666138474546,-0.034390926361083984,-0.28192567825317383,0.06047726279012977,0.026597052812576294,-0.38158828020095825,0.03139653658382713,0.08726930618286133,-0.3623367249965668,0.00014122202065891543,0.11854177713394165,-0.3221147060394287,-0.01636698799319447,-0.05525985360145569,-0.2810462415218353,0.027576929385588755,0.022075504064559937,-0.4021299481391907,-0.006141048894448886,0.09154880046844482,-0.3699922561645508,-0.036027682517840276,0.1219906210899353,-0.3146858513355255,-0.04979706326611222,-0.06083101034164429,-0.2752659022808075,-0.008973845784737478,0.010730385780334473,-0.40040910243988037,-0.03709447527415932,0.08287045359611511,-0.36564379930496216,-0.0483872420538205,0.11420392990112305,-0.3094520568847656,-0.04835495496280373,-0.05186837911605835,-0.26013845205307007,-0.044961267654969106,0.009181052446365356,-0.3654519319534302,-0.06134165966994942,0.06820136308670044,-0.3586511015892029,-0.061912430023028264,0.10404923558235168,-0.32653725147247314,-0.058258821760489354,-1.33229064177673,-0.25697865395733077,-0.18755512902621255,-0.192882346717132,-0.40259735132461816,0.01580539964466632,0.013345981981811604,0.022640697216280137,0.030852328407777033,0.008190385024191392,0.01338505144664606,0.015152315622765514,0.009382172670694747,0.021502302182272805,0.019875152598345446,O
0.0,0.0,0.0,0.07234349846839905,-0.10784584283828735,0.027747755600060486,0.10380077362060547,-0.19136059284210205,0.025688614426101708,0.13975003361701965,-0.2601718604564667,0.00693448652505424,0.13427671790122986,-0.3255983889102936,-0.011535428734575248,-0.027335792779922485,-0.288739949464798,0.044931990755642914,0.03743603825569153,-0.39539918303489685,0.009454157864595913,0.10047435760498047,-0.3686386048793793,-0.023457445474420524,0.13041511178016663,-0.3164915144443512,-0.0392298794259176,-0.04880395531654358,-0.28457510471343994,0.011239508828069233,0.03377416729927063,-0.41116654872894287,-0.023597430707965827,0.1021634042263031,-0.3661741614341736,-0.050121909277592636,0.12621602416038513,-0.30362510681152344,-0.062014466421757675,-0.056333720684051514,-0.2748183608055115,-0.025618093358431793,0.02008664608001709,-0.40017980337142944,-0.055292340265665985,0.08794665336608887,-0.35450610518455505,-0.06287090693608377,0.11150607466697693,-0.29215162992477417,-0.06040985723033998,-0.05092492699623108,-0.2553243041038513,-0.06172495548621271,0.00802314281463623,-0.36745142936706543,-0.07963674728766534,0.0684489905834198,-0.35578468441963196,-0.07815645848408792,0.10418829321861267,-0.3160149157047272,-0.0726861155499563,-1.3475509864593334,-0.17413834795148395,-0.10841792381030349,-0.10290789026456854,-0.3729549262165099,0.009891772559691533,0.02340512571587313,0.04046217838842901,0.03157778108992677,0.013534281739815033,0.0308217725475731,0.026231148625618404,0.018655382225228993,0.025273074503376715,0.024960094822370594,O
0.0,0.0,0.0,0.07383626699447632,-0.1093021035194397,0.02440614966258181,0.10515585541725159,-0.19314807653427124,0.02065403913661612,0.13909950852394104,-0.26201143860816956,0.0015373635390005802,0.12993022799491882,-0.32344019412994385,-0.016588904284390082,-0.030203402042388916,-0.28227680921554565,0.0405986603866495,0.03264135122299194,-0.39030736684799194,0.0036590387164778804,0.0964188277721405,-0.3667508065700531,-0.03047004932955133,0.12768825888633728,-0.31599703431129456,-0.04714646967545377,-0.05111321806907654,-0.27732810378074646,0.00874961508020533,0.03145977854728699,-0.40655264258384705,-0.02956798891023027,0.1023968756198883,-0.36565259099006653,-0.05857263910070287,0.12881627678871155,-0.3046233057975769,-0.07157312365666257,-0.05690458416938782,-0.2685440182685852,-0.026203226618918052,0.017934352159500122,-0.40008068084716797,-0.05753519790664541,0.08928221464157104,-0.3604913353919983,-0.06668426128521787,0.11658981442451477,-0.30075836181640625,-0.06509867342606412,-0.05056607723236084,-0.251530259847641,-0.060630850814732185,0.009524911642074585,-0.3604452610015869,-0.07929875733748304,0.06984603404998779,-0.3534042537212372,-0.07978756012812482,0.10612696409225464,-0.3195919394493103,-0.07587851616040098,-1.3828945999892481,-0.21040471886713433,-0.15055156718273113,-0.1835886463085103,-0.40977449602699995,0.007773484004601108,0.018849832195607947,0.02631410555821457,0.02411232955371367,0.011429528629468094,0.018851859560229705,0.021858928979908123,0.012822798989327857,0.027182069531906623,0.02154471822813888,O
0.0,0.0,0.0,0.07639831304550171,-0.11198568344116211,0.02184305230036898,0.1088300347328186,-0.1985359787940979,0.021763597446238236,0.14488524198532104,-0.27281227707862854,0.0067468791443161535,0.138866126537323,-0.3408254384994507,-0.006984886882150931,-0.02483952045440674,-0.2821134030818939,0.058408527466212945,0.030669033527374268,-0.3805140256881714,0.028918034228240685,0.08755910396575928,-0.3627341687679291,-0.0032988262188382578,0.11494395136833191,-0.32573461532592773,-0.02032133860632257,-0.04522329568862915,-0.2829066812992096,0.029146800580178933,0.026159316301345825,-0.4024752974510193,-0.0052104188886232805,0.09130698442459106,-0.36870598793029785,-0.03617523720606641,0.11787465214729309,-0.31454065442085266,-0.05061533784612493,-0.05319109559059143,-0.27883660793304443,-0.004312259779567285,0.013666421175003052,-0.4024758040904999,-0.033624255267227454,0.0826970636844635,-0.3666623830795288,-0.04564184432967977,0.11172711849212646,-0.31103774905204773,-0.04583777969821767,-0.050449490547180176,-0.266167551279068,-0.03761803096278982,0.01024925708770752,-0.3677343726158142,-0.05446989944323377,0.06885355710983276,-0.36012473702430725,-0.055171338078821464,0.10450762510299683,-0.32812151312828064,-0.05150182282670812,-1.3627589892068501,-0.3024864545481749,-0.19157819626481146,-0.19282913027676538,-0.38034567487880666,0.02828433150828266,0.033638250119853164,0.040296801365519865,0.03663190331731142,0.01157124746084677,0.015044796177607317,0.01070580155968716,0.007075486984244176,0.01905563263799106,0.018546592134623348,O
0.0,0.0,0.0,0.07288691401481628,-0.10957527160644531,0.02214677121642694,0.10257312655448914,-0.19091397523880005,0.020364687332545373,0.13471153378486633,-0.2598869800567627,0.0034404490344570604,0.13610175251960754,-0.3253360390663147,-0.012038968948985485,-0.028414219617843628,-0.28401654958724976,0.053106626981531235,0.02645525336265564,-0.38543936610221863,0.02305535275641546,0.08494320511817932,-0.3625694215297699,-0.008654411396349815,0.11525782942771912,-0.31854248046875,-0.025250039508904365,-0.04879200458526611,-0.28358665108680725,0.02328551609221563,0.021622925996780396,-0.40399861335754395,-0.009531837402249721,0.08928436040878296,-0.36796146631240845,-0.038269737249578384,0.11986705660820007,-0.3099452555179596,-0.05192813787456885,-0.05617979168891907,-0.27809804677963257,-0.010484128704632667,0.010935813188552856,-0.39787134528160095,-0.037727405762638,0.08012276887893677,-0.3628452718257904,-0.04850335556861296,0.11104282736778259,-0.3050917088985443,-0.048875489717687515,-0.051888078451156616,-0.26350030303001404,-0.04409711945649519,0.007686972618103027,-0.36006078124046326,-0.059874893611635116,0.06532880663871765,-0.3530298173427582,-0.0601883469879283,0.10065862536430359,-0.3209797143936157,-0.05658181149360075,-1.3263560930236797,-0.2358387397150882,-0.1550293047092487,-0.1600429308924948,-0.3603467464805632,0.0219230830012365,0.022370551391688774,0.0322146338440539,0.03570984216152475,0.009754857869583623,0.014095726238797445,0.014801245504678477,0.010070945162906826,0.022152271069351893,0.01898052606911823,O
0.0,0.0,0.0,0.07113027572631836,-0.09961402416229248,0.021385825024879068,0.10006400942802429,-0.18452829122543335,0.020197047637736887,0.1344602406024933,-0.2566717267036438,0.004553888710177034,0.13192859292030334,-0.32218167185783386,-0.009150683162772566,-0.04054275155067444,-0.2750185430049896,0.0564401454943777,0.013530731201171875,-0.38089519739151,0.02688910697582969,0.07526084780693054,-0.3624078333377838,-0.005292061930560976,0.10393902659416199,-0.319854199886322,-0.021956567866766363,-0.060465097427368164,-0.2727292478084564,0.02831636068407306,0.011552304029464722,-0.3994423747062683,-0.0038568060659258663,0.08052626252174377,-0.3672524690628052,-0.03380147296007863,0.1066177487373352,-0.3140835762023926,-0.047907210169398695,-0.06449544429779053,-0.26749059557914734,-0.0037674004957466423,0.0006945133209228516,-0.39693838357925415,-0.03033910061236611,0.0724819004535675,-0.3657482862472534,-0.04064220118340245,0.10048806667327881,-0.3122352957725525,-0.04008561301048985,-0.05606624484062195,-0.2533304691314697,-0.035707130311095625,0.004154503345489502,-0.35827308893203735,-0.05196424501951924,0.06282457709312439,-0.3524443805217743,-0.05218746441420308,0.09493297338485718,-0.32164064049720764,-0.04789002167996159,-1.3433187605536034,-0.3008980391036881,-0.24263180803233791,-0.2648365774640074,-0.4248376670875561,0.028086170064706924,0.02657476220964487,0.03297631101138658,0.03699957539951867,0.006362047628071793,0.00836401962398202,0.009181522992676697,0.006402276372802454,0.013915573857870423,0.010923349799061895,O
0.0,0.0,0.0,0.07035094499588013,-0.10542720556259155,0.02520621975446602,0.10113310813903809,-0.18978720903396606,0.024034599191793404,0.13852503895759583,-0.25842908024787903,0.007230755756893359,0.13492068648338318,-0.3181207478046417,-0.008218514383486308,-0.0463641881942749,-0.2786451280117035,0.056433029822358094,0.012964338064193726,-0.38371407985687256,0.027521271608122788,0.07805317640304565,-0.36465775966644287,-0.00473354302783946,0.11031335592269897,-0.3219161629676819,-0.022338864975324668,-0.0632321834564209,-0.275613933801651,0.02454815653646847,0.014994114637374878,-0.4002608060836792,-0.008326911949268379,0.08718550205230713,-0.3638615310192108,-0.04043130169128517,0.11380121111869812,-0.3072079122066498,-0.056485641398182906,-0.06472814083099365,-0.2678707242012024,-0.010452838265052833,0.004995912313461304,-0.3924406170845032,-0.03588836977695564,0.07848700881004333,-0.3589656352996826,-0.04803574422811607,0.10615822672843933,-0.3036902844905853,-0.0496940460286055,-0.05185002088546753,-0.24990150332450867,-0.045051045366278686,0.007600456476211548,-0.3592033386230469,-0.05813074822043518,0.06593674421310425,-0.3537587821483612,-0.057227853336087264,0.09720146656036377,-0.3207089602947235,-0.053491461672535934,-1.3133589703117636,-0.2694619129508317,-0.17660414688385603,-0.206619023074642,-0.44349213001060583,0.024898311058837264,0.023772299435863148,0.03217945559845741,0.03780791445577129,0.015116142838623208,0.018693521468222094,0.013167345250418436,0.008413614867496868,0.02139695816882461,0.019231715441810786,O
0.0,0.0,0.0,0.07951933145523071,-0.12133067846298218,0.025806989154915527,0.10973149538040161,-0.20858234167099,0.02445270270774813,0.1460237205028534,-0.27359476685523987,0.008108155436019615,0.1519419252872467,-0.3312666714191437,-0.006187355977345987,-0.05171826481819153,-0.3007602095603943,0.04899314195583315,0.017546504735946655,-0.4093407988548279,0.014593227400581554,0.09086373448371887,-0.39186352491378784,-0.022560313709874436,0.1303463876247406,-0.35306447744369507,-0.04309515132834463,-0.06531217694282532,-0.29353752732276917,0.01571082473466845,0.029272794723510742,-0.4268023371696472,-0.02605810052980928,0.1047951877117157,-0.38661429286003113,-0.06425124629666357,0.12935039401054382,-0.3276920020580292,-0.0822884984247878,-0.06093314290046692,-0.2828735411167145,-0.019625973322291657,0.017662227153778076,-0.410535603761673,-0.04917604699065237,0.09377878904342651,-0.37672919034957886,-0.06364649012019186,0.1200169026851654,-0.3226204216480255,-0.06526843681265859,-0.04349741339683533,-0.2632945477962494,-0.054313784831066414,0.023321866989135742,-0.37132325768470764,-0.06648909523417501,0.0821303129196167,-0.36103880405426025,-0.06350289508034734,0.10994857549667358,-0.32488998770713806,-0.05746089144875555,-1.239425518618321,-0.2797503335906758,-0.1736868795075,-0.21622278076538037,-0.3817251505288099,0.030684060917953615,0.022872593785304176,0.03307513723702386,0.0424747398084601,0.025392016668152658,0.032148698144819986,0.034783223133103607,0.010622381473852607,0.019603108071623687,0.01032095647075402,O
0.0,0.0,0.0,0.08164691925048828,-0.12786400318145752,0.03137551298721064,0.11043199896812439,-0.21559906005859375,0.030338824301793466,0.14626124501228333,-0.2803788185119629,0.012246712617411504,0.15677866339683533,-0.3421171009540558,-0.003973111935124507,-0.047271013259887695,-0.3090074956417084,0.05401776781661738,0.019121170043945312,-0.4196000099182129,0.019219287246301064,0.09232574701309204,-0.3962967097759247,-0.01745798388139974,0.13100489974021912,-0.35099512338638306,-0.037362325430081,-0.062392622232437134,-0.3017297089099884,0.0165515807865404,0.026415616273880005,-0.43644118309020996,-0.020914423704311957,0.10462608933448792,-0.3983117341995239,-0.054808537900612464,0.13447746634483337,-0.3396487832069397,-0.07173367166535627,-0.05825662612915039,-0.2889098525047302,-0.023522296413943877,0.019037365913391113,-0.41803544759750366,-0.05049527758376371,0.09725168347358704,-0.3846403658390045,-0.06198742562548887,0.1266556680202484,-0.3306208550930023,-0.0635127531887747,-0.03992399573326111,-0.2666652202606201,-0.06290172362344038,0.025611072778701782,-0.3734533190727234,-0.07391339117305051,0.08606389164924622,-0.3662587106227875,-0.06990862214581739,0.11749061942100525,-0.3323436379432678,-0.06432929956929456,-1.219653137906243,-0.23130513941758898,-0.19027943814756518,-0.2218586414215369,-0.39527274322504036,0.0272599738689533,0.022437379135116224,0.03224218539980914,0.04048544156446856,0.011865839805556663,0.02083330566772011,0.023032882619876974,0.011945041442410362,0.01849102797945308,0.009325561461684654,O
0.0,0.0,0.0,0.08402848243713379,-0.12068217992782593,0.02913736597844263,0.11639910936355591,-0.2052941918373108,0.025900360655271015,0.1559177041053772,-0.2709360718727112,0.005457931656621895,0.16213881969451904,-0.3341882526874542,-0.013085014659679928,-0.04285290837287903,-0.3079279065132141,0.05210727126546999,0.024747788906097412,-0.42103660106658936,0.015284453977130852,0.09936860203742981,-0.3966023325920105,-0.023527053657687702,0.13721990585327148,-0.34610968828201294,-0.04434171273163656,-0.05911162495613098,-0.30110394954681396,0.015111580018185578,0.031627774238586426,-0.4341280460357666,-0.024807713467396297,0.11136692762374878,-0.3909533619880676,-0.06114263041666845,0.13862311840057373,-0.3270101547241211,-0.07948917477182249,-0.056216925382614136,-0.28922224044799805,-0.024709341589129963,0.023045986890792847,-0.4202061891555786,-0.053604252177990475,0.10298332571983337,-0.38195937871932983,-0.06642177282623152,0.13018691539764404,-0.3225783407688141,-0.06836488424590925,-0.03876945376396179,-0.26779934763908386,-0.0639811414366136,0.03049004077911377,-0.3771854639053345,-0.07654246269515852,0.09185653924942017,-0.3666204810142517,-0.07331914036325315,0.12132114171981812,-0.3281177878379822,-0.06789090066007475,-1.229795956525274,-0.20894066777843884,-0.13027294502047204,-0.17707119789965473,-0.36032760008388315,0.027623774066241034,0.02458685213111407,0.033995797430789024,0.04126661336643778,0.019151010092993612,0.024559871142493327,0.024009980894600845,0.0095294541313285,0.017337394503682862,0.010454062212295565,O
0.0,0.0,0.0,0.08327114582061768,-0.11888819932937622,0.03204124053078772,0.11247169971466064,-0.2052052617073059,0.03154631708818556,0.15047776699066162,-0.2679215371608734,0.012965925085126173,0.15917837619781494,-0.320536732673645,-0.004021517885149706,-0.053822994232177734,-0.3009873032569885,0.056464150595246565,0.015630394220352173,-0.41507935523986816,0.02152272504824282,0.09223717451095581,-0.38981685042381287,-0.01595947327953695,0.1319875717163086,-0.34249481558799744,-0.03665786976856111,-0.06868290901184082,-0.2942662835121155,0.018067102926551115,0.022839099168777466,-0.43302732706069946,-0.022658942220033396,0.10669982433319092,-0.3881400227546692,-0.05916838715714334,0.1355488896369934,-0.3222866654396057,-0.07675942028802751,-0.06311154365539551,-0.2847277522087097,-0.02275542165082811,0.01716598868370056,-0.42159923911094666,-0.05173152307909845,0.09919309616088867,-0.3806944489479065,-0.06348651642841219,0.1263570785522461,-0.3186529874801636,-0.06372631336492418,-0.042640626430511475,-0.2664010524749756,-0.06292032445711015,0.026704609394073486,-0.3804801106452942,-0.07563282544654726,0.08752965927124023,-0.36470264196395874,-0.07140042628091692,0.11363059282302856,-0.3212125599384308,-0.06471271808189272,-1.1860061884442692,-0.2197778543591604,-0.1363476558337435,-0.17717709251914943,-0.3373392663590596,0.034949924944484234,0.02369419548778621,0.03287531102655894,0.04555279698161568,0.020519559394688164,0.024497657455235414,0.02810539235843969,0.009883977262753045,0.021944599286674516,0.012981326980902125,O
0.0,0.0,0.0,0.06610211730003357,-0.08739203214645386,0.030655264770473423,0.09447073936462402,-0.16951030492782593,0.031492626210535946,0.133212149143219,-0.23055624961853027,0.016884343614663067,0.14262747764587402,-0.2890470325946808,0.0037921067884667536,-0.071433424949646,-0.2562139630317688,0.05395423053749937,-0.007172077894210815,-0.3616502285003662,0.028840551068867626,0.06334573030471802,-0.3536796271800995,0.0010336872980474254,0.10827261209487915,-0.31870415806770325,-0.014026591638241825,-0.081624835729599,-0.2552895247936249,0.019006971185888233,0.0012733042240142822,-0.38256049156188965,-0.010793333957110463,0.0803651213645935,-0.35731208324432373,-0.03751252413741213,0.1165573000907898,-0.3045769929885864,-0.049937931904707966,-0.07294216752052307,-0.251369446516037,-0.01775003605536085,0.002533435821533203,-0.3726695775985718,-0.039999859491501866,0.07921218872070312,-0.3433629274368286,-0.04562983484021288,0.10997706651687622,-0.2923840284347534,-0.043380698273097096,-0.04681786894798279,-0.2419065535068512,-0.053646205077086506,0.01211082935333252,-0.3510773181915283,-0.06496235922924143,0.06989961862564087,-0.3426494598388672,-0.058845387855683384,0.09761369228363037,-0.308829665184021,-0.050796618769084034,-1.1878256273189278,-0.33465615577427527,-0.24375272144721402,-0.2205741480289393,-0.43390442274780183,0.045385040248407095,0.03034524390394474,0.032820494940345515,0.049169029122029306,0.016377205145024096,0.02637526092329608,0.014529906443350664,0.013855246605466377,0.019415084278809964,0.020574547152249736,O
0.0,0.0,0.0,0.08016020059585571,-0.11390018463134766,0.03530498061263643,0.10857206583023071,-0.20036810636520386,0.03828309688651643,0.14697974920272827,-0.26165854930877686,0.023590646944285254,0.15409672260284424,-0.3162826597690582,0.0104763929539331,-0.055106520652770996,-0.2932942509651184,0.06211088064992509,0.01075848937034607,-0.40019840002059937,0.03130370963299356,0.08274716138839722,-0.3793703317642212,-0.003449037876634975,0.12493658065795898,-0.3306334614753723,-0.022386051454304834,-0.06881964206695557,-0.2877999544143677,0.0235516599186667,0.022056668996810913,-0.4188002347946167,-0.011408071704863687,0.09908610582351685,-0.3774842619895935,-0.045981710516571184,0.12762451171875,-0.31496644020080566,-0.06301752265608229,-0.06324249505996704,-0.2793421745300293,-0.01694666754519858,0.013936042785644531,-0.4061830937862396,-0.04118501182711043,0.09011054039001465,-0.3665271997451782,-0.05093906607544341,0.11642199754714966,-0.30773377418518066,-0.05082510199463286,-0.040900588035583496,-0.2614365518093109,-0.05651762869274535,0.02195480465888977,-0.37302279472351074,-0.06698959853565611,0.08065241575241089,-0.3573552072048187,-0.061053106301187654,0.1080172061920166,-0.31530022621154785,-0.053168186657785554,-1.1965613921635614,-0.20449150791017479,-0.1374195385650073,-0.15672961094904672,-0.34706036472855606,0.032500144428291446,0.02650491243229844,0.03863247795247427,0.04608998815741501,0.015895928063667412,0.024431410183193364,0.022833601029504155,0.013334458423891212,0.019610146432896346,0.011308921875697766,O
0.0,0.0,0.0,0.07672175765037537,-0.1165347695350647,0.030597806170021613,0.10711660981178284,-0.2024744153022766,0.031229121803676207,0.1468648612499237,-0.26618272066116333,0.014911026887034495,0.15347471833229065,-0.3233158588409424,0.00021294627038059843,-0.06215319037437439,-0.2880094051361084,0.060555450811421,0.004725366830825806,-0.39606258273124695,0.029976327165400107,0.079226553440094,-0.37857353687286377,-0.004885588113779704,0.12270954251289368,-0.3376007676124573,-0.024569073498810212,-0.0723031759262085,-0.28305020928382874,0.02396358010116728,0.014793187379837036,-0.41923975944519043,-0.014214855425620954,0.09530726075172424,-0.38212206959724426,-0.05164297278281538,0.12727174162864685,-0.32177552580833435,-0.06977856884952871,-0.06434530019760132,-0.2760375738143921,-0.014841932610238473,0.00943976640701294,-0.4061287045478821,-0.04192580263372747,0.08908894658088684,-0.3703591823577881,-0.055018245980704705,0.11899444460868835,-0.3129139244556427,-0.05619046817776052,-0.041200220584869385,-0.25890111923217773,-0.052939660654033105,0.021428614854812622,-0.37014898657798767,-0.06549705545660345,0.08189472556114197,-0.3567623496055603,-0.06257651726957647,0.11074647307395935,-0.3168429732322693,-0.056526370153392236,-1.204483302492575,-0.26208978539773464,-0.19165730961509644,-0.198488298128065,-0.36430879987883596,0.03391982697197778,0.026248211633996002,0.036015128973955084,0.04321575165329279,0.01646972795557774,0.02496481879539672,0.0239583191800036,0.012126072096546363,0.017245711806712694,0.009135997960092308,O
0.0,0.0,0.0,0.07944062352180481,-0.12159746885299683,0.022677294221693955,0.11640560626983643,-0.21073061227798462,0.017931695339257203,0.15972983837127686,-0.28173813223838806,-0.002348452796240963,0.1598285436630249,-0.34418511390686035,-0.020399979072635688,-0.05833205580711365,-0.2991865575313568,0.05394677935260006,0.0021968483924865723,-0.41481703519821167,0.020928907451207124,0.07838410139083862,-0.39993390440940857,-0.016143780889933623,0.12424987554550171,-0.36080169677734375,-0.037343225198810615,-0.07026815414428711,-0.2931765913963318,0.0201828566016502,0.016404151916503906,-0.435051828622818,-0.02331924507302574,0.09805965423583984,-0.39337050914764404,-0.06460124881846241,0.1294957995414734,-0.330498069524765,-0.0840378168402367,-0.06383216381072998,-0.2865773141384125,-0.01614712992591194,0.009015798568725586,-0.41763728857040405,-0.045729136782711066,0.09213167428970337,-0.3816431164741516,-0.06124760093075565,0.1233338713645935,-0.3227531909942627,-0.06334040941578678,-0.04208171367645264,-0.2696194052696228,-0.052444922494714774,0.02129766345024109,-0.38274502754211426,-0.06422254325730137,0.08456510305404663,-0.37126103043556213,-0.061770169752662696,0.11536085605621338,-0.331687331199646,-0.05616865189654163,-1.2562240780609477,-0.3254650622546712,-0.18469858820019647,-0.19092794247123362,-0.37551874491356313,0.03926770239406049,0.033277778619688024,0.04232243407344885,0.046190581439225525,0.03075434185988613,0.03805953042254454,0.03044110626230229,0.00989709565020274,0.014184885289026313,0.01197446593034989,O
0.0,0.0,0.0,0.0792357325553894,-0.12284165620803833,0.0253517545687032,0.1152145266532898,-0.2083316445350647,0.021605321385152365,0.15621280670166016,-0.2754283845424652,0.0018945556992662205,0.1615818738937378,-0.33595430850982666,-0.01578014978002784,-0.05263504385948181,-0.297580361366272,0.054581259556300665,0.006120771169662476,-0.41148310899734497,0.020876874394900824,0.08138495683670044,-0.40001845359802246,-0.01637808308731792,0.1285938024520874,-0.3617786169052124,-0.03779936470817802,-0.06616860628128052,-0.2899768352508545,0.01895948424208882,0.02007615566253662,-0.43145328760147095,-0.02458958216737983,0.10138285160064697,-0.39492568373680115,-0.06505446397494552,0.13559621572494507,-0.3342118561267853,-0.0842202629966664,-0.06130152940750122,-0.28010815382003784,-0.01925710105132339,0.01344454288482666,-0.40872520208358765,-0.04972284176182029,0.09530717134475708,-0.37783336639404297,-0.06516013555955169,0.1283748745918274,-0.3223973512649536,-0.06735499464701888,-0.04093128442764282,-0.25939273834228516,-0.05725613870453117,0.02266770601272583,-0.3688470125198364,-0.06968173646163223,0.08559030294418335,-0.3630102872848511,-0.0676824178619313,0.11909240484237671,-0.32917818427085876,-0.06253350787591216,-1.2223083603665823,-0.3404458667194602,-0.21582575436011725,-0.21936660312771644,-0.41123010923733866,0.04189400627225117,0.02604401218653744,0.03586775560829523,0.04302639701356017,0.028442223743211804,0.03938187416612655,0.0339568073364509,0.013846670823382107,0.017254379907743093,0.011495387810049721,O
0.0,0.0,0.0,0.07347330451011658,-0.11791181564331055,0.021649793991741717,0.10968267917633057,-0.2068871259689331,0.018275254676041186,0.15419447422027588,-0.2747507393360138,0.0007721552764223816,0.15401482582092285,-0.3332253098487854,-0.014193258909585893,-0.06650978326797485,-0.29417863488197327,0.049708145940599024,-0.0024869441986083984,-0.41320812702178955,0.016516839424070895,0.07272189855575562,-0.39367133378982544,-0.02182322992950958,0.12029320001602173,-0.3455732464790344,-0.04415478623479885,-0.07450398802757263,-0.2860476076602936,0.0177082207891317,0.01679009199142456,-0.4308762550354004,-0.02382891132504028,0.09380608797073364,-0.38667935132980347,-0.06615552744835895,0.12180787324905396,-0.3234831392765045,-0.08791208705872577,-0.06566512584686279,-0.27760058641433716,-0.01622015676468891,0.008135169744491577,-0.40971773862838745,-0.04351506820887607,0.08616602420806885,-0.3736909329891205,-0.05856246194809955,0.11563313007354736,-0.3140032887458801,-0.061874099737110555,-0.04052862524986267,-0.25773319602012634,-0.050153263574543416,0.018618345260620117,-0.37200847268104553,-0.06042041695684475,0.07832872867584229,-0.3591783046722412,-0.05726455218166393,0.10743921995162964,-0.31872838735580444,-0.052184358900490224,-1.2333194016292583,-0.2684846124590169,-0.18843186522075087,-0.1981541346353973,-0.39099561376997033,0.035911273800165025,0.03364814528954052,0.042925990538654285,0.048779584088625004,0.022141975323401657,0.03191204291708542,0.029763589582606685,0.011313488381858389,0.015134921982256258,0.009458684895881374,O
0.0,0.0,0.0,0.07827585935592651,-0.1254461407661438,0.030728002662897325,0.10881298780441284,-0.21485161781311035,0.028304295267105317,0.14886605739593506,-0.28072863817214966,0.007832476521969056,0.1591286063194275,-0.34012874960899353,-0.011193700482010627,-0.06052166223526001,-0.2999478876590729,0.05580966698670409,0.0007014572620391846,-0.41929560899734497,0.020949298168659425,0.07509821653366089,-0.4028676152229309,-0.016102239836811805,0.11905837059020996,-0.35911619663238525,-0.03631920588469484,-0.07442820072174072,-0.29076775908470154,0.016482470209837174,0.014637470245361328,-0.43751904368400574,-0.02553913777029493,0.09562355279922485,-0.39423495531082153,-0.06385677528834321,0.12493360042572021,-0.3304043710231781,-0.08142736775135972,-0.06725049018859863,-0.280284583568573,-0.025000203748106742,0.008793294429779053,-0.41765522956848145,-0.05394670588231065,0.08921080827713013,-0.3780997395515442,-0.06543473375296571,0.11618059873580933,-0.31853047013282776,-0.06477695924496629,-0.0445438027381897,-0.26117590069770813,-0.06593726796364763,0.01889309287071228,-0.38128411769866943,-0.07802598399376848,0.08120483160018921,-0.36631259322166443,-0.07235211354947069,0.1086881160736084,-0.3240499198436737,-0.06402169388985612,-1.1888816903805688,-0.31827995999103875,-0.1962582681996792,-0.20555775354029152,-0.38937058091851334,0.044341255461039536,0.03555083637484414,0.048073038511551223,0.05294121100674507,0.029306778318907618,0.04068762424058284,0.036567553193529716,0.014751425725584816,0.017444048028694908,0.00930599922383077,O
0.0,0.0,0.0,0.07717391848564148,-0.1220095157623291,0.035348201485760455,0.10887554287910461,-0.21014875173568726,0.0366654380582645,0.14983949065208435,-0.27430179715156555,0.019857291447408443,0.15984484553337097,-0.3404887914657593,0.004882654490359073,-0.05372080206871033,-0.30138665437698364,0.06318995574343944,0.007389426231384277,-0.4157000780105591,0.03283169338334346,0.08116677403450012,-0.39460569620132446,-0.0011723334077373693,0.1241697371006012,-0.34822914004325867,-0.019486345035545583,-0.06953135132789612,-0.29685652256011963,0.023837605806477313,0.01563441753387451,-0.4340702295303345,-0.011876905953101868,0.0977344810962677,-0.3952139616012573,-0.04713808527361607,0.13069579005241394,-0.3302481174468994,-0.06400371125113224,-0.06694620847702026,-0.2886146306991577,-0.01748471116792416,0.011418849229812622,-0.41667869687080383,-0.04215259632240986,0.09181740880012512,-0.3779137432575226,-0.05223537391196942,0.12139323353767395,-0.3183084726333618,-0.051802931038253064,-0.04755255579948425,-0.27030327916145325,-0.05785595035325741,0.01822647452354431,-0.3831195533275604,-0.06912287106882786,0.08114984631538391,-0.36816394329071045,-0.06352879634272313,0.11179479956626892,-0.32637059688568115,-0.055134458152167554,-1.198030328302444,-0.2574771492410943,-0.16524782906428867,-0.15637411359104428,-0.338327283835667,0.03650515522212004,0.030895611982811776,0.04439023550933737,0.05008123736132692,0.01912868371688564,0.03004921480319596,0.025118419296410843,0.01513580774135846,0.019294626377829006,0.0125350621124611,O
0.0,0.0,0.0,0.07693758606910706,-0.12419718503952026,0.03232291627173822,0.1074463427066803,-0.2149876356124878,0.03372764501219194,0.14779916405677795,-0.2816877067089081,0.01782370831315916,0.15367767214775085,-0.33881810307502747,0.003503751079193762,-0.061044156551361084,-0.29941850900650024,0.06135469961409967,0.0024868547916412354,-0.41199439764022827,0.03194056365137499,0.07671889662742615,-0.3895784020423889,-0.003011723445155212,0.11847922205924988,-0.34291157126426697,-0.02311073329801161,-0.07386139035224915,-0.29357650876045227,0.023928233491830042,0.012720376253128052,-0.42783674597740173,-0.012402360258050749,0.09303084015846252,-0.38332122564315796,-0.05000287008041937,0.12188020348548889,-0.32039886713027954,-0.06930581938976843,-0.06882733106613159,-0.28443363308906555,-0.015333534148879835,0.0060269832611083984,-0.41476893424987793,-0.04048880648369391,0.08593103289604187,-0.3742736876010895,-0.053131320444293806,0.11401364207267761,-0.3138900399208069,-0.05510248329991896,-0.04691538214683533,-0.264957457780838,-0.053709701565452406,0.01599329710006714,-0.3806437849998474,-0.06404192459339697,0.07525834441184998,-0.3639224171638489,-0.059325032798000166,0.10134819149971008,-0.3203239142894745,-0.05285945993418295,-1.2134785130648444,-0.23768989065431587,-0.1361812915107904,-0.15973149118446128,-0.3573958316688173,0.0354356793422817,0.03674707153115504,0.04684702353850375,0.05550143749245912,0.02276814709382556,0.029363083730015668,0.028349152644175764,0.010210172383672226,0.02053214879433006,0.014205927551838403,O
0.0,0.0,0.0,0.07547006011009216,-0.12395954132080078,0.03527083255789876,0.10989046096801758,-0.21590417623519897,0.038201350797635314,0.15271615982055664,-0.28389063477516174,0.023884847839099166,0.15189987421035767,-0.3374042212963104,0.011350705367249248,-0.06425336003303528,-0.3027980625629425,0.06535493217847943,-0.006503641605377197,-0.4225025177001953,0.0358050280108273,0.07119882106781006,-0.41276562213897705,-0.0004789407914813637,0.1201547384262085,-0.3723646402359009,-0.02166550598599315,-0.07354620099067688,-0.29683342576026917,0.026499960650426146,0.019534051418304443,-0.4383387565612793,-0.013697359632033113,0.09994584321975708,-0.3969634473323822,-0.05536054439403415,0.1284393072128296,-0.3316481411457062,-0.07584181047536731,-0.06516304612159729,-0.28840717673301697,-0.013658841061669591,0.011066406965255737,-0.41484010219573975,-0.04017940155722499,0.09246993064880371,-0.378462553024292,-0.05615031711317897,0.12362796068191528,-0.31927427649497986,-0.05951425425269008,-0.04067239165306091,-0.26873499155044556,-0.05270439378477931,0.021011322736740112,-0.3806225657463074,-0.061756439428108933,0.08292639255523682,-0.3676125407218933,-0.05806253842570186,0.11443787813186646,-0.32678380608558655,-0.05231079078771472,-1.2379070244690011,-0.36073527327077687,-0.1706853420905703,-0.16206483732100901,-0.35810616572698833,0.047222712103242685,0.02415637933436391,0.03358565159497455,0.038938340609649326,0.04155078071639668,0.05320385319674543,0.045937946552534165,0.01327635423732869,0.014822340297211814,0.011868051733494821,O
0.0,0.0,0.0,0.07854115962982178,-0.12104207277297974,0.028284001451254426,0.11143934726715088,-0.21574842929840088,0.029758562620997964,0.1507946252822876,-0.2825758159160614,0.015784249928117333,0.14784568548202515,-0.3318847715854645,0.0039492163884347065,-0.06279689073562622,-0.30472975969314575,0.052114962887287675,-0.0012976229190826416,-0.41949886083602905,0.017824749749422608,0.07840460538864136,-0.4044376015663147,-0.020323737237333717,0.12791335582733154,-0.35817238688468933,-0.04186371033239311,-0.07359269261360168,-0.297282874584198,0.017387961324573098,0.01933044195175171,-0.4349459409713745,-0.024896074730634155,0.10027122497558594,-0.39196544885635376,-0.06521276449012703,0.12899625301361084,-0.3290870189666748,-0.08465635095882362,-0.0657573938369751,-0.2872250974178314,-0.01891652559089607,0.011551052331924438,-0.41248708963394165,-0.0484470619742865,0.09200763702392578,-0.3758659362792969,-0.06379461352872795,0.12181282043457031,-0.31713250279426575,-0.06587699865150398,-0.042240411043167114,-0.2648969292640686,-0.05457038496780342,0.0205782949924469,-0.37597858905792236,-0.06692276959466881,0.08160173892974854,-0.36161017417907715,-0.06405660574483818,0.11177170276641846,-0.31972846388816833,-0.058087427813291015,-1.267019542051099,-0.27322145780775575,-0.15571760719975053,-0.15811548582765206,-0.34202856685723143,0.032989945189154504,0.019055931467583942,0.029922224133021456,0.038067151795179416,0.029105519978902976,0.04149082571164058,0.041695181722848036,0.013946761650433787,0.019602746857914948,0.010371261158929867,O
0.0,0.0,0.0,0.08019793033599854,-0.11818629503250122,0.039249047404837256,0.11087143421173096,-0.2055150270462036,0.04102658457190955,0.15058231353759766,-0.26815491914749146,0.023246895289730674,0.15350759029388428,-0.32528477907180786,0.0064279555815573985,-0.05499386787414551,-0.2970438003540039,0.05876279971630538,0.0029917657375335693,-0.4216225743293762,0.02553513995439971,0.07550996541976929,-0.4049195647239685,-0.00815816526232993,0.1146852970123291,-0.35299766063690186,-0.024978503817010278,-0.07051938772201538,-0.28978025913238525,0.016480082413863784,0.01729390025138855,-0.43148481845855713,-0.021440774434495324,0.09605652093887329,-0.38611605763435364,-0.05333369248478448,0.11989527940750122,-0.3189215660095215,-0.06727318488924539,-0.0646016001701355,-0.2793882191181183,-0.027642555766988153,0.018870413303375244,-0.41356781125068665,-0.054987970971751565,0.09572869539260864,-0.36533549427986145,-0.06130418204634225,0.11726224422454834,-0.3017271161079407,-0.05759521969525849,-0.04220125079154968,-0.26019003987312317,-0.07053772383301293,0.024190187454223633,-0.38025963306427,-0.08428758406012093,0.08514916896820068,-0.35950803756713867,-0.07757947617142236,0.11010360717773438,-0.31356117129325867,-0.06815926008789575,-1.2288002266776645,-0.31853355337218403,-0.15186298216180344,-0.12222085040587799,-0.3370516432048853,0.0476987867799592,0.034209325097097676,0.0432283309416994,0.04495941202565137,0.03447207770953449,0.051335264616350774,0.03970174521972191,0.017394883779221982,0.01116291523614354,0.013830797030437872,O
0.0,0.0,0.0,0.07490572333335876,-0.11643320322036743,0.030469854328174506,0.1093505322933197,-0.20381033420562744,0.03295573868169299,0.14933845400810242,-0.2665327787399292,0.02037852719737998,0.15226933360099792,-0.31678932905197144,0.010532306473095332,-0.05965474247932434,-0.3023327589035034,0.060826561379570876,0.005826234817504883,-0.4057360887527466,0.030460414442558204,0.07860824465751648,-0.3889773488044739,-0.007105430156599368,0.12732389569282532,-0.3416696786880493,-0.029154664870958413,-0.07089963555335999,-0.2968439757823944,0.0259559275241088,0.025742381811141968,-0.42495688796043396,-0.010364619117837037,0.09991094470024109,-0.38159990310668945,-0.049826082807641114,0.1295444667339325,-0.3190355896949768,-0.07036365665183553,-0.064374178647995,-0.2870607078075409,-0.010457886417071904,0.015454381704330444,-0.4072221517562866,-0.03548270933018216,0.08961722254753113,-0.37205636501312256,-0.04902737311707028,0.12089905142784119,-0.31250154972076416,-0.051514820229868974,-0.03678902983665466,-0.2644353210926056,-0.04626256696568021,0.025026947259902954,-0.3706337809562683,-0.055438914370398606,0.08325466513633728,-0.36003196239471436,-0.05099332056627759,0.11656603217124939,-0.32310566306114197,-0.04470729551897534,-1.207751543812103,-0.20735792863809283,-0.11026318900075653,-0.13646184672159345,-0.3653981810586842,0.03523218231168736,0.022835613873994347,0.03166195911842165,0.036257713776504004,0.022742755336478692,0.029867346237680358,0.02145586874831486,0.010836829988488639,0.013601663902031045,0.011455229182062395,O
0.0,0.0,0.0,0.07340216636657715,-0.11483561992645264,0.03146897510708868,0.10589718818664551,-0.19734865427017212,0.0332357946139723,0.1465204954147339,-0.25795161724090576,0.01893592135132849,0.14971786737442017,-0.31132039427757263,0.006645874335333701,-0.061331748962402344,-0.2914106249809265,0.060429080138817426,0.0037064850330352783,-0.39751359820365906,0.02946237915278971,0.07572042942047119,-0.3806667923927307,-0.007002075919047002,0.12296092510223389,-0.33286523818969727,-0.02766086279331148,-0.07421660423278809,-0.28699973225593567,0.024002629081621762,0.01735687255859375,-0.4142823815345764,-0.012171628204271201,0.0959773063659668,-0.37776583433151245,-0.04962811737237871,0.13050425052642822,-0.31547558307647705,-0.06852350129662454,-0.06809139251708984,-0.2782192528247833,-0.014324464154526595,0.01048046350479126,-0.4004175066947937,-0.039726947684869174,0.08807647228240967,-0.3667336404323578,-0.05153469487009943,0.12102997303009033,-0.3088562488555908,-0.05234219624577463,-0.042800843715667725,-0.2583007514476776,-0.0519792002338022,0.01932385563850403,-0.36757728457450867,-0.06271718188105524,0.07782405614852905,-0.3569771647453308,-0.057567448605880145,0.10933655500411987,-0.3192555904388428,-0.04992874457417429,-1.2037341332273412,-0.22125639845788672,-0.13820920372511986,-0.16060130215161414,-0.38107220460643426,0.03435279113776525,0.019657788948301908,0.028793528692609135,0.04115358704737175,0.018955259518456682,0.02408651375251621,0.019257361513787968,0.011557574122860303,0.021502553089916835,0.01564871657661561,O
0.0,0.0,0.0,0.08031681180000305,-0.11366057395935059,0.030912932873349064,0.11352178454399109,-0.20118927955627441,0.03273004752455222,0.15613284707069397,-0.26529791951179504,0.018290034428815716,0.15501168370246887,-0.3176334798336029,0.005422847278993004,-0.05116194486618042,-0.2948816418647766,0.0564180360442208,0.01449635624885559,-0.4043482542037964,0.023714701578597897,0.08513978123664856,-0.38559508323669434,-0.0136239259237243,0.12674346566200256,-0.3383786082267761,-0.03455724853219522,-0.06552985310554504,-0.2892853021621704,0.020398926854710453,0.028245627880096436,-0.42336025834083557,-0.02085283684672845,0.1042342483997345,-0.37787142395973206,-0.061316493033785946,0.13064929842948914,-0.3129008710384369,-0.08083230170549882,-0.05955645442008972,-0.2804962992668152,-0.01725236798765195,0.01757138967514038,-0.4059748649597168,-0.04499345186295045,0.09548762440681458,-0.3694092333316803,-0.06159181806387437,0.12280747294425964,-0.3106348514556885,-0.06503936561884416,-0.0377936065196991,-0.26075756549835205,-0.05400723132433427,0.02655509114265442,-0.3732507824897766,-0.06451293739618791,0.08600512146949768,-0.3613731861114502,-0.06250090810598863,0.11508944630622864,-0.3224344253540039,-0.05775249662937654,-1.228513767677108,-0.2397907232593885,-0.11980111618316545,-0.1637855331168264,-0.3834555520479165,0.035063549495631306,0.024817804137295923,0.03295590978460932,0.04020987585919186,0.02577538790873293,0.02802156452533293,0.019749256558796238,0.00816266327188584,0.018248223365182725,0.014099570183773794,O
0.0,0.0,0.0,0.079806387424469,-0.11562782526016235,0.03685263265512617,0.11361116170883179,-0.19919037818908691,0.03823356424115332,0.15617144107818604,-0.2636217474937439,0.02066277433775099,0.15489059686660767,-0.3185931444168091,0.0038047290931615407,-0.05275115370750427,-0.29223620891571045,0.06814219523809584,0.007070273160934448,-0.404048889875412,0.03882444371126326,0.07707682251930237,-0.3883662819862366,0.003386368049604016,0.11744612455368042,-0.3412482738494873,-0.01654779631056158,-0.0662214457988739,-0.28732267022132874,0.02748431917868288,0.02269914746284485,-0.42144685983657837,-0.010550459840970916,0.09747207164764404,-0.37717828154563904,-0.04944028984166948,0.12169039249420166,-0.31100186705589294,-0.06826167087413637,-0.05894041061401367,-0.27924683690071106,-0.014937206165569705,0.018295884132385254,-0.40773600339889526,-0.03979117702104418,0.09452182054519653,-0.36676526069641113,-0.051958519028204364,0.11864608526229858,-0.305618554353714,-0.052958934561985416,-0.03551143407821655,-0.2601364552974701,-0.05637967865325777,0.029132962226867676,-0.37566491961479187,-0.06491343210794298,0.08779346942901611,-0.3607652187347412,-0.0592879792616543,0.11305594444274902,-0.3184036612510681,-0.05210160370327799,-1.2379431611912752,-0.2803858103305772,-0.12535156421733565,-0.14742330977499596,-0.37375884058266096,0.04376463636779104,0.034057026622121386,0.03849681296861159,0.041835081538048435,0.0305427394690543,0.03564992029513834,0.02326263111039399,0.006184485602833808,0.011372785518990635,0.013953803523024333,O
0.0,0.0,0.0,0.08143466711044312,-0.11138248443603516,0.035439180602310216,0.11208456754684448,-0.19782155752182007,0.03446704002189449,0.1527022123336792,-0.2603882849216461,0.014803594370363271,0.1617082953453064,-0.3177340030670166,-0.0034177779024560095,-0.04315340518951416,-0.30216091871261597,0.05191154630946926,0.020399898290634155,-0.4256366491317749,0.016108131428239858,0.09323549270629883,-0.39950358867645264,-0.018632951731802905,0.1285373568534851,-0.34514331817626953,-0.03608240706753918,-0.06120133399963379,-0.29449406266212463,0.011801756379185235,0.026781439781188965,-0.4407394826412201,-0.025611927340747798,0.10724896192550659,-0.3919321596622467,-0.05588702259493061,0.13265007734298706,-0.324858158826828,-0.06963043061924168,-0.05803346633911133,-0.28139325976371765,-0.03049054702651688,0.021384626626968384,-0.4233309030532837,-0.057865524272443736,0.09946507215499878,-0.37582841515541077,-0.06362854091358372,0.1225060224533081,-0.31167489290237427,-0.06016416249704548,-0.038145095109939575,-0.2577159106731415,-0.0717755868835468,0.027359485626220703,-0.3774944841861725,-0.08342866001558491,0.08823555707931519,-0.3632911443710327,-0.07597843704652973,0.1146431565284729,-0.32118937373161316,-0.06714652625751683,-1.178422113965469,-0.2453059495852601,-0.15537345250072285,-0.1661817177837423,-0.39374049993457705,0.0430300094723033,0.029918783878365936,0.03966775788831499,0.04719180944059638,0.020697878143834073,0.03400753570844365,0.02769188070769577,0.016634312430626116,0.018376865382732005,0.012343014461706223,O
0.0,0.0,0.0,0.07910603284835815,-0.1183924674987793,0.035360718718010276,0.10962116718292236,-0.20389723777770996,0.03539147471471438,0.15058505535125732,-0.2679404020309448,0.01689484027608046,0.16083097457885742,-0.32601863145828247,-0.000566120618742616,-0.04922628402709961,-0.3026200234889984,0.0561612980572761,0.01473650336265564,-0.414869487285614,0.023468167161780684,0.08585250377655029,-0.38929182291030884,-0.011358037018936784,0.12249070405960083,-0.34062549471855164,-0.030295010084074647,-0.0677746832370758,-0.2966795861721039,0.01634181348069319,0.022766441106796265,-0.4302220046520233,-0.019900315800470025,0.09950786828994751,-0.38347893953323364,-0.05242670829014173,0.12380975484848022,-0.3187199532985687,-0.06828947121815077,-0.06568077206611633,-0.2846815586090088,-0.025567691201132448,0.014164954423904419,-0.41730237007141113,-0.05228384713248602,0.09184342622756958,-0.37375983595848083,-0.06090188900546423,0.1175304651260376,-0.31248319149017334,-0.05991180742697111,-0.04643556475639343,-0.2615691125392914,-0.06643731648640028,0.020164787769317627,-0.3779574930667877,-0.07888831699804655,0.08005523681640625,-0.3632810115814209,-0.07308181131796232,0.10778623819351196,-0.321855753660202,-0.06548296416715971,-1.1737335251121428,-0.21781494300277793,-0.114539046061011,-0.15059741084324973,-0.3726445457353621,0.0410284876371769,0.03773382319887494,0.04536675273814542,0.05320783410131015,0.021945219066717703,0.02857609492698448,0.023843751714117217,0.008850236000979459,0.01632747163219293,0.013520165684769206,O
0.0,0.0,0.0,0.07881322503089905,-0.11961179971694946,0.039198174520379325,0.10848486423492432,-0.20409077405929565,0.04134544302428367,0.14882522821426392,-0.2658085823059082,0.024254559918290397,0.15571755170822144,-0.3208206295967102,0.008191289759224674,-0.05123940110206604,-0.2999851107597351,0.0617260145088494,0.010260283946990967,-0.41369539499282837,0.03020417076254489,0.08170419931411743,-0.38953086733818054,-0.003922575240039805,0.11840289831161499,-0.34154370427131653,-0.022511751011961678,-0.06772765517234802,-0.29397958517074585,0.02004899215603473,0.01976916193962097,-0.4292622208595276,-0.016059667424315194,0.09846442937850952,-0.38286063075065613,-0.048725173429602364,0.12398958206176758,-0.317004919052124,-0.0643183631757438,-0.06418579816818237,-0.28243136405944824,-0.02359463515972493,0.013734281063079834,-0.4154566526412964,-0.0495674690166652,0.0917930006980896,-0.37236154079437256,-0.05777917485033868,0.11763620376586914,-0.3114416301250458,-0.05632684807574151,-0.0439663827419281,-0.25983160734176636,-0.0660164473513305,0.021752893924713135,-0.3759213387966156,-0.07767978738343118,0.08199828863143921,-0.3639662563800812,-0.07189126740490792,0.10955452919006348,-0.32596781849861145,-0.06436180751120446,-1.186302848159044,-0.24024630871872132,-0.11952798703104761,-0.15821949767625537,-0.40676974085856044,0.04268289097610637,0.031956590945317734,0.03921931529483885,0.04644909258105926,0.025166704499355482,0.03011183635107727,0.01791373366207008,0.00844485639054595,0.016991301242010204,0.016622984467704296,O
0.0,0.0,0.0,0.0804552435874939,-0.11594313383102417,0.03754971479956737,0.10801756381988525,-0.1993330717086792,0.037835064585848954,0.14307016134262085,-0.2583172023296356,0.019259226750179437,0.1619938611984253,-0.32005825638771057,0.00165655255277386,-0.040201395750045776,-0.2999326288700104,0.055437821205302384,0.026144444942474365,-0.4112275242805481,0.023714700024171975,0.09511500597000122,-0.380459725856781,-0.008440774623707625,0.1280146837234497,-0.3306279480457306,-0.025596796293214652,-0.05938789248466492,-0.2954760491847992,0.014236519354923871,0.02882102131843567,-0.4299978017807007,-0.02023474382276902,0.10692179203033447,-0.3804316520690918,-0.05013264039571652,0.13293033838272095,-0.31823307275772095,-0.06528971785719762,-0.05962255597114563,-0.28392380475997925,-0.02917471969540486,0.020679622888565063,-0.42041733860969543,-0.056713749412850234,0.09889322519302368,-0.3739304840564728,-0.0654430657070435,0.12410944700241089,-0.3117361068725586,-0.0652354925316132,-0.04316297173500061,-0.2617754340171814,-0.07104075396473775,0.024011582136154175,-0.3779181241989136,-0.0856776803177155,0.0858687162399292,-0.36615803837776184,-0.08217702502425084,0.1148831844329834,-0.32863184809684753,-0.0767772018354691,-1.1503561937830191,-0.1804897444267295,-0.11778234634057251,-0.15023372804219465,-0.40019092109065846,0.035585149762527434,0.02912077701130499,0.03878771727657767,0.04788446867297296,0.01333403892804154,0.019291255447992667,0.013282344997079698,0.010955304215593091,0.0208286892107774,0.01925071407813631,O
0.0,0.0,0.0,0.08255550265312195,-0.11525124311447144,0.03464205370732998,0.11356046795845032,-0.1991879940032959,0.03533489809819912,0.15192726254463196,-0.26157820224761963,0.01789557555207466,0.16088995337486267,-0.3206917941570282,0.001984583386047234,-0.04622781276702881,-0.29879283905029297,0.05619849817344402,0.021042972803115845,-0.408810555934906,0.021299263401715507,0.09164240956306458,-0.3819047808647156,-0.014724874929697762,0.12955829501152039,-0.33053308725357056,-0.033923497484238396,-0.06312564015388489,-0.2945410907268524,0.01668984623142933,0.032203614711761475,-0.4268346428871155,-0.02457215084245945,0.10977056622505188,-0.37537333369255066,-0.05961630685737873,0.13539478182792664,-0.3096655011177063,-0.07574264524987484,-0.05998063087463379,-0.28418198227882385,-0.02507077349832798,0.023450136184692383,-0.41526854038238525,-0.05592847062757755,0.10186037421226501,-0.3687540888786316,-0.06699188618472363,0.12783309817314148,-0.3056601583957672,-0.06623630790522839,-0.0411050021648407,-0.2627737820148468,-0.06566938577702786,0.028523355722427368,-0.375864177942276,-0.08030158101132656,0.09045407176017761,-0.3606589436531067,-0.0767653119426086,0.12027809023857117,-0.32095658779144287,-0.0702076759796455,-1.1993474814686387,-0.17863701065933163,-0.07603877598527109,-0.11386427317232327,-0.34602118150442523,0.03284088710143575,0.02777738127319952,0.036313988344531666,0.04061272636834049,0.02166842701941694,0.024932687261835597,0.013335349360852955,0.008556975517975695,0.01886804184014658,0.017060448327881388,O
0.0,0.0,0.0,0.08266711235046387,-0.11406809091567993,0.032678125192006746,0.11452561616897583,-0.19863063097000122,0.03395912214048735,0.15437591075897217,-0.2597450017929077,0.017890516434391657,0.16001653671264648,-0.31655070185661316,0.003611229824429074,-0.05066666007041931,-0.29541462659835815,0.056975954909404436,0.014645129442214966,-0.40712690353393555,0.02361671789415709,0.08597791194915771,-0.38205793499946594,-0.0127466351272858,0.12669306993484497,-0.33262190222740173,-0.032981725643793425,-0.06441390514373779,-0.29055535793304443,0.01888545579143397,0.030596286058425903,-0.4237569570541382,-0.023491872708717665,0.10745465755462646,-0.37207987904548645,-0.06176269636623033,0.13166624307632446,-0.3044620752334595,-0.07959140301815637,-0.05776834487915039,-0.2811785638332367,-0.02113834605685838,0.023192524909973145,-0.4079776406288147,-0.05095014558307298,0.10205662250518799,-0.3636285066604614,-0.06409042538277276,0.12807923555374146,-0.30119991302490234,-0.06466729403607019,-0.03523671627044678,-0.2602962255477905,-0.06012067780963548,0.0322401225566864,-0.37208473682403564,-0.07263855100742944,0.09227007627487183,-0.3557663559913635,-0.06871917308441766,0.11875754594802856,-0.31363722681999207,-0.06205528066627153,-1.202610452352254,-0.20678553548327483,-0.07080507571944804,-0.10731605903777898,-0.33344895978825917,0.03699644468660841,0.03082002665313093,0.03543498162932181,0.04136172936065224,0.028595599441590524,0.03145254934921808,0.020576453563965875,0.004848538464527781,0.015837230445564853,0.015542865615541584,O
0.0,0.0,0.0,0.08030307292938232,-0.11895906925201416,0.04380388160438997,0.10808420181274414,-0.20263171195983887,0.04712836791964037,0.14640766382217407,-0.260662704706192,0.030378699053244418,0.1592051386833191,-0.31627029180526733,0.014726143080906695,-0.05069088935852051,-0.2998727858066559,0.0630744357893036,0.011653125286102295,-0.41725242137908936,0.03229654927940828,0.0818743109703064,-0.38954630494117737,-0.0007233185626773775,0.11845505237579346,-0.33786720037460327,-0.018556591372771436,-0.0670328438282013,-0.2943393588066101,0.018930090341882533,0.02849462628364563,-0.4281831383705139,-0.017156582575125867,0.10552334785461426,-0.37560564279556274,-0.04835573981313246,0.12873977422714233,-0.3085147738456726,-0.06297108183412092,-0.06236392259597778,-0.28171855211257935,-0.02674907657115,0.023408353328704834,-0.41330090165138245,-0.051315203558488065,0.10053712129592896,-0.36718878149986267,-0.057181217025799924,0.12448090314865112,-0.3061765134334564,-0.05480892236141699,-0.04077059030532837,-0.25737178325653076,-0.07089207718877333,0.027806997299194336,-0.3741267919540405,-0.08046631167439955,0.08809041976928711,-0.3616279363632202,-0.07264825354127424,0.11558997631072998,-0.3233642578125,-0.06413383434323805,-1.1480625975225052,-0.22095752497811413,-0.07228140285011929,-0.13015980602598187,-0.39937202007420164,0.0461193667977244,0.03143702419551307,0.036161538895438834,0.04418831002085377,0.03110209714305268,0.0322584952584358,0.014783233875518111,0.0048585434667754385,0.01983492776199466,0.019351153373290457,O
0.0,0.0,0.0,0.07621940970420837,-0.11149239540100098,0.04349748720636626,0.10390594601631165,-0.1945805549621582,0.048112939346935946,0.1427362859249115,-0.2540214955806732,0.033159665067103106,0.15608283877372742,-0.31251004338264465,0.01919694175234099,-0.053943246603012085,-0.2981204688549042,0.0604748458158042,0.0018319785594940186,-0.4185068607330322,0.031703396935370165,0.07551857829093933,-0.3902949392795563,0.0005907238832492112,0.1137295663356781,-0.3388006389141083,-0.01617770339140634,-0.07000735402107239,-0.29397937655448914,0.018053920243289667,0.017713606357574463,-0.4224383234977722,-0.01195962889829616,0.09807989001274109,-0.37228623032569885,-0.03938716719636659,0.123450368642807,-0.30757731199264526,-0.05347860301623086,-0.06584623456001282,-0.28166434168815613,-0.02575053157994489,0.017953872680664062,-0.4056189954280853,-0.047174562465045256,0.09619340300559998,-0.3600118160247803,-0.052277662556264204,0.12106844782829285,-0.29993465542793274,-0.05066554690489511,-0.04480767250061035,-0.25838547945022583,-0.06793498690018396,0.022869408130645752,-0.3698028028011322,-0.07764539564738016,0.0831727683544159,-0.35542362928390503,-0.0702668249119256,0.11046299338340759,-0.31431543827056885,-0.062256281029078764,-1.1542458513447562,-0.2380173872625747,-0.07017351241820521,-0.09743727612142963,-0.34574097448781704,0.04984972517086371,0.03300318084384137,0.03720413895645542,0.04565555545755662,0.03270153118034138,0.03955279830695058,0.024702136535265304,0.00800523242215735,0.014631276836479594,0.017868480045868294,O
0.0,0.0,0.0,0.0794641375541687,-0.1163821816444397,0.04827212221617572,0.10598713159561157,-0.19808650016784668,0.054446775984715146,0.14446687698364258,-0.25750818848609924,0.03909715689415805,0.1555626392364502,-0.3133522570133209,0.024380526092599553,-0.053822726011276245,-0.3017534017562866,0.0702818637310969,0.005532294511795044,-0.4199368357658386,0.042193532508562726,0.078188955783844,-0.3921622633934021,0.01034774869377486,0.11624014377593994,-0.3412768244743347,-0.00703449914534815,-0.06868579983711243,-0.298948734998703,0.02439261838490836,0.021794527769088745,-0.4314916133880615,-0.007331811304439384,0.10139989852905273,-0.3774518370628357,-0.03714416496758588,0.12480908632278442,-0.3104589283466339,-0.05168002792005666,-0.06293731927871704,-0.2889087200164795,-0.022854046377588588,0.019911378622055054,-0.41749107837677,-0.04494602926378377,0.09791064262390137,-0.3665241003036499,-0.050297639745522815,0.12141931056976318,-0.3024127185344696,-0.04800469376449712,-0.04058977961540222,-0.2662302851676941,-0.06826462544803746,0.02687355875968933,-0.37995046377182007,-0.07751794852619298,0.08837157487869263,-0.3615584373474121,-0.0693016419590009,0.11576175689697266,-0.3171641230583191,-0.06037777982955106,-1.1646160314584333,-0.22835113720786765,-0.0594157594268723,-0.07311873864564315,-0.3149235417877761,0.04822903811114793,0.030889356865870698,0.03585303884710025,0.03998300336075249,0.03198702077575963,0.039207684185415745,0.024117446456536188,0.008731097983480651,0.011261163610425453,0.015799109120034353,O
0.0,0.0,0.0,0.07381972670555115,-0.11457693576812744,0.03171860015325478,0.10525467991828918,-0.1933140754699707,0.031354177355098045,0.14588400721549988,-0.2510055601596832,0.014586227557884968,0.15570464730262756,-0.30746954679489136,0.00010567934558025627,-0.06079918146133423,-0.29145532846450806,0.05141400134496621,0.0035928189754486084,-0.4079190492630005,0.017600152253436363,0.07583305239677429,-0.38787660002708435,-0.018817138314915383,0.12029722332954407,-0.34055936336517334,-0.03905865961380073,-0.07149431109428406,-0.28704944252967834,0.014435083217250622,0.024874597787857056,-0.4218032956123352,-0.025893256456328118,0.10108265280723572,-0.3739038109779358,-0.06255135724015304,0.1276772916316986,-0.30874598026275635,-0.07995305249161788,-0.06244572997093201,-0.2766823172569275,-0.024008995310140335,0.017273157835006714,-0.40085873007774353,-0.05177094826169082,0.09348097443580627,-0.3631792664527893,-0.06318274179167815,0.12281778454780579,-0.3042875826358795,-0.06316418239541122,-0.03627455234527588,-0.25387176871299744,-0.06152324789829322,0.02608582377433777,-0.363677442073822,-0.07137399950690337,0.08490309119224548,-0.3544416129589081,-0.06563294717736312,0.11553522944450378,-0.3179566562175751,-0.05792043024368354,-1.154664559000237,-0.26478207226948597,-0.10850604214677377,-0.1479170988593901,-0.3994451855673323,0.04846257971945567,0.028056406546502696,0.03304043943054813,0.04151579934318855,0.03265818048461391,0.03635925337694623,0.023098895128582465,0.006594855456925912,0.015240282992857521,0.01548803349087409,O
0.0,0.0,0.0,0.07501202821731567,-0.11448860168457031,0.0427355716963973,0.10259139537811279,-0.19680523872375488,0.04700061930620336,0.14201641082763672,-0.25501400232315063,0.031617234184381005,0.1579025387763977,-0.3098897337913513,0.017247226743933197,-0.05066823959350586,-0.29603374004364014,0.06204910455548429,0.014782518148422241,-0.409408837556839,0.03273455677830839,0.08566910028457642,-0.3793129026889801,0.0008178243441250288,0.12216001749038696,-0.32758796215057373,-0.016412399054530624,-0.0675412118434906,-0.292576402425766,0.01971553331517839,0.02414083480834961,-0.42360132932662964,-0.011856023498836521,0.10130614042282104,-0.37267106771469116,-0.040530537531736854,0.12518781423568726,-0.3075428307056427,-0.05480165527856684,-0.06350207328796387,-0.28130561113357544,-0.02418024772501326,0.02010098099708557,-0.41173887252807617,-0.04707540319955683,0.09620833396911621,-0.3636753559112549,-0.05292018251216746,0.11971598863601685,-0.3008633553981781,-0.05103581519520617,-0.04179397225379944,-0.2588573098182678,-0.06652240203416682,0.026584714651107788,-0.3734278976917267,-0.07608920084035731,0.08572310209274292,-0.35396289825439453,-0.06824507312572337,0.11149412393569946,-0.3084152638912201,-0.05982300387418604,-1.1158958554456768,-0.1805865792255986,-0.07749975564788558,-0.10634302800740833,-0.3126930233319438,0.03988427152319715,0.03279879808572673,0.03923885980148462,0.04643183207146509,0.02027251458935013,0.026836130181365266,0.0219397731042084,0.008634597024542475,0.013721453774847491,0.01116379778738422,O
0.0,0.0,0.0,0.07788825035095215,-0.11305356025695801,0.03839840036881981,0.10617262125015259,-0.19750553369522095,0.03834813130153236,0.14618974924087524,-0.2569407820701599,0.019683143543730353,0.16194677352905273,-0.31125587224960327,0.0022332425701421244,-0.0477372407913208,-0.3016766309738159,0.0507560972596508,0.018016457557678223,-0.4182136058807373,0.017457541498075102,0.09154701232910156,-0.3927805721759796,-0.01687949853884163,0.13003385066986084,-0.34056204557418823,-0.035647265193333055,-0.06397262215614319,-0.2944543957710266,0.00928544853879032,0.03074595332145691,-0.43130290508270264,-0.024657105607261087,0.1097038984298706,-0.3798862099647522,-0.054048981097807314,0.1327449083328247,-0.3162189722061157,-0.06945614102231445,-0.05927285552024841,-0.28002890944480896,-0.03355075004445496,0.023923039436340332,-0.4126259684562683,-0.05760981845604363,0.10200804471969604,-0.3660057783126831,-0.06274568620072785,0.12464451789855957,-0.3035464882850647,-0.061245727864374544,-0.03750723600387573,-0.2538461685180664,-0.07515752646075669,0.03127935528755188,-0.36636364459991455,-0.08503081980096283,0.0921851396560669,-0.34859150648117065,-0.07674529734002533,0.11823737621307373,-0.3052014410495758,-0.06871726694451752,-1.1149220510222553,-0.21534690043759577,-0.11019057008449949,-0.12718017935882645,-0.31851333107606306,0.043327663684386994,0.02962062275032393,0.03809058776437223,0.04412672150615745,0.024493571700658037,0.037405833624505794,0.03727638879982437,0.015040218546179138,0.01821687352404177,0.006617426480940554,O
0.0,0.0,0.0,0.07401922345161438,-0.11287844181060791,0.03443997595489634,0.09867945313453674,-0.19869571924209595,0.033403141983157525,0.13351282477378845,-0.2572599947452545,0.015116147324746976,0.1470949947834015,-0.314714252948761,-0.001744389673390856,-0.05546268820762634,-0.3054428994655609,0.03952711317718638,0.007980912923812866,-0.423379510641098,0.006037882622635493,0.08393952250480652,-0.39715149998664856,-0.025350082106584182,0.12425068020820618,-0.3514341115951538,-0.04227092247425901,-0.07532045245170593,-0.2950913608074188,0.0005362865983755682,0.013527065515518188,-0.42735016345977783,-0.031938215158575645,0.09633859992027283,-0.37984615564346313,-0.05562361460148679,0.12457820773124695,-0.3197546601295471,-0.06731784101545202,-0.07309159636497498,-0.27702176570892334,-0.03981198500811445,0.009974956512451172,-0.40537023544311523,-0.06491171326457845,0.08866021037101746,-0.36036813259124756,-0.06679256763278829,0.11380782723426819,-0.300798624753952,-0.06268393751203405,-0.05254116654396057,-0.24989372491836548,-0.07909025009691106,0.016654133796691895,-0.3574298024177551,-0.09271012004434454,0.07490929961204529,-0.3395695984363556,-0.08447678890048849,0.09925338625907898,-0.2973463833332062,-0.0751885225993334,-1.1754582872503825,-0.250537224746714,-0.12275862832819655,-0.12653768320392778,-0.3029860585610336,0.04324593307377644,0.02307404177209088,0.03607880584914411,0.050896585358719694,0.03168114454119483,0.05170111900027701,0.05958478877463073,0.02180211854867579,0.03381534343428456,0.014958266040132458,O
0.0,0.0,0.0,0.06986519694328308,-0.10709059238433838,0.025506154692607197,0.10238215327262878,-0.19678741693496704,0.023020385823087963,0.14579442143440247,-0.259240984916687,0.0070385914881399,0.15047094225883484,-0.30542463064193726,-0.006085941975129572,-0.06422087550163269,-0.2904086709022522,0.03668458486242798,0.009537994861602783,-0.3990866541862488,0.0026373752046993104,0.08145251870155334,-0.378962904214859,-0.03197300707654449,0.12431135773658752,-0.3328438997268677,-0.05129562219337913,-0.07547995448112488,-0.2827853858470917,0.002803964831741723,0.02912992238998413,-0.4145781993865967,-0.037262297176880566,0.10055151581764221,-0.3684399724006653,-0.07047419523553344,0.12245622277259827,-0.30512386560440063,-0.08590477978543731,-0.06624367833137512,-0.2691758871078491,-0.032143122458023754,0.018122702836990356,-0.3898012340068817,-0.05925310304121467,0.09242001175880432,-0.3543025255203247,-0.06902741914348098,0.11865445971488953,-0.2996598482131958,-0.06886209821061584,-0.038318246603012085,-0.24414914846420288,-0.06644844537333938,0.027538836002349854,-0.3510831892490387,-0.07677053933696243,0.08264198899269104,-0.3372681140899658,-0.07068134372786972,0.10893937945365906,-0.29830387234687805,-0.06338297104196045,-1.1540673971670823,-0.2213925740799447,-0.11238146966232568,-0.16339903535134387,-0.35240378369107767,0.037896440195992316,0.028016333941119555,0.032334521458031555,0.04213758307896782,0.02778204127643166,0.03366276533634632,0.037806232392837785,0.006656492199225339,0.015139926067897592,0.0098092535410288,O
0.0,0.0,0.0,0.06161391735076904,-0.09777355194091797,0.019534124882341075,0.10008078813552856,-0.18714463710784912,0.01711503684651916,0.1463536024093628,-0.25476258993148804,0.004684344754934955,0.14437466859817505,-0.3003241717815399,-0.003993195126383853,-0.06972891092300415,-0.28187891840934753,0.036035732255697894,0.0022476911544799805,-0.38285642862319946,0.007428934221536565,0.07461130619049072,-0.37051576375961304,-0.02606542512643273,0.1266748309135437,-0.3331923186779022,-0.046690887881993604,-0.0754598081111908,-0.2749786674976349,0.009007408173204112,0.025423705577850342,-0.4023813009262085,-0.025704142747997594,0.0979454517364502,-0.3636409044265747,-0.059792979730843854,0.1290435791015625,-0.30676528811454773,-0.07776060245799954,-0.06594845652580261,-0.2633095383644104,-0.018665067030667615,0.014742612838745117,-0.37489479780197144,-0.04229740716385777,0.0855979323387146,-0.34743553400039673,-0.05434334196019108,0.11912423372268677,-0.2942224442958832,-0.05695136181878979,-0.03352215886116028,-0.2417091727256775,-0.04608589701223309,0.021754801273345947,-0.34459903836250305,-0.05395856790113385,0.07458645105361938,-0.3368290066719055,-0.05015216685700352,0.10727143287658691,-0.30179738998413086,-0.04539305262136395,-1.1977608203958114,-0.2555524825314951,-0.1541993314954791,-0.16550329752343146,-0.40337932864048354,0.03733094339101474,0.016629199763322455,0.025977211931046292,0.037132471946857766,0.02653297782712515,0.03969461710722148,0.03690709150105934,0.015991133287069897,0.02233173443949032,0.01406658061069596,O
0.0,0.0,0.0,0.04964849352836609,-0.07023477554321289,0.022337315851359563,0.06844666600227356,-0.15068423748016357,0.021073276424317555,0.09714516997337341,-0.20818668603897095,0.008266676464586453,0.11327514052391052,-0.25644993782043457,-0.003948565790892644,-0.0760628879070282,-0.23701339960098267,0.021037675687580304,0.005011409521102905,-0.31893211603164673,-0.004144896505863471,0.06884798407554626,-0.30098164081573486,-0.024964082738847537,0.10432234406471252,-0.26650965213775635,-0.034338582059831424,-0.08581450581550598,-0.2349061369895935,-0.006252080420495076,0.0009039342403411865,-0.33395612239837646,-0.026809874674768253,0.07481792569160461,-0.31489765644073486,-0.038570377728433414,0.1131792962551117,-0.2742077708244324,-0.04389117260882358,-0.07705143094062805,-0.2227029800415039,-0.034774377694816394,0.0022141337394714355,-0.3288465738296509,-0.05092516516754131,0.07436403632164001,-0.3108450770378113,-0.049944467595310016,0.10759565234184265,-0.2716546654701233,-0.04593099256464939,-0.053088873624801636,-0.20214730501174927,-0.06255471309134464,-0.0010398328304290771,-0.3070324659347534,-0.07291568418452243,0.05301281809806824,-0.31346839666366577,-0.06589008470484714,0.08506855368614197,-0.2897711992263794,-0.058138608685226245,-1.169902688100074,-0.16208366333840074,-0.19499229323395767,-0.25914798953341056,-0.565210698042316,0.013466640879816947,0.017758091652025427,0.016230844984518128,0.043656820804083826,0.011734846970334434,0.006098008631296138,0.030196158975905586,0.006139660112774007,0.03213151336929865,0.02890811251509234,O
0.0,0.0,0.0,0.05759468674659729,-0.08281117677688599,0.017170691047567743,0.08883729577064514,-0.16692376136779785,0.012152630020636934,0.13215717673301697,-0.22935587167739868,-0.003810863592889291,0.14485588669776917,-0.2870967388153076,-0.0167138864055687,-0.07242792844772339,-0.26642078161239624,0.029763165046233553,0.006101697683334351,-0.36372286081314087,-0.001990071148838979,0.0761466920375824,-0.34646421670913696,-0.03317216679010926,0.11891582608222961,-0.30614352226257324,-0.04953859641705094,-0.08144515752792358,-0.2641327381134033,0.002683864789787549,0.017347127199172974,-0.3845324218273163,-0.03143036633287011,0.09389731287956238,-0.3484831750392914,-0.059072489734035116,0.12718728184700012,-0.2905632555484772,-0.07130928232822953,-0.06940385699272156,-0.2542518377304077,-0.025805164943676573,0.010914772748947144,-0.37170273065567017,-0.051459207083325964,0.08615937829017639,-0.33883529901504517,-0.05671339377317963,0.11768320202827454,-0.28573715686798096,-0.05287200852785645,-0.03912794589996338,-0.23356300592422485,-0.05408084287796555,0.02074185013771057,-0.3366599977016449,-0.06659275188599167,0.07673022150993347,-0.3295343518257141,-0.059567770804505926,0.10663387179374695,-0.29697364568710327,-0.05002840876136361,-1.1345938116431609,-0.20469134152308627,-0.12601333371384843,-0.16672999643499573,-0.41033466802598206,0.03218177596753942,0.018005452941649756,0.027206676666202453,0.03947753427808556,0.01763977583051795,0.020443559148934958,0.015327525486970512,0.01065921018061818,0.021529880783380185,0.01575900947438976,O
0.0,0.0,0.0,0.04755637049674988,-0.07949459552764893,0.02617357386040453,0.06649509072303772,-0.15874260663986206,0.02408382756399874,0.09860613942146301,-0.21454668045043945,0.00983738148349289,0.11932894587516785,-0.26635193824768066,-0.0032850606949352823,-0.0741172730922699,-0.23527169227600098,0.019092439615604917,0.007186144590377808,-0.3326384425163269,-0.008299083507182559,0.07011064887046814,-0.3131818175315857,-0.02961023250830408,0.10393020510673523,-0.2772596478462219,-0.03931632736933466,-0.08175134658813477,-0.2289034128189087,-0.01138713030380245,0.009699046611785889,-0.34570449590682983,-0.03841758618366953,0.0837155282497406,-0.3163193464279175,-0.053174921369674166,0.11693677306175232,-0.26743030548095703,-0.05889971280706163,-0.06799334287643433,-0.2146093249320984,-0.04224572057140108,0.012209445238113403,-0.33085599541664124,-0.062127788609387835,0.08316168189048767,-0.30416423082351685,-0.06117254967105623,0.1114644706249237,-0.2590424418449402,-0.055787229037406405,-0.037527114152908325,-0.1936272382736206,-0.07171338523042436,0.016513019800186157,-0.30074912309646606,-0.08148664707553621,0.06818470358848572,-0.2986992597579956,-0.07315937156093355,0.09425845742225647,-0.2685273289680481,-0.06456705654275652,-1.1143920272738794,-0.23159315636234468,-0.19152949628107113,-0.24271521888180211,-0.5168208971630583,0.01887059474260146,0.002623998220092477,0.010736792287428245,0.02516469185294792,0.016302968481294096,0.019713745240103393,0.013030583112905243,0.010015106107103116,0.022704833423212587,0.019647136536107685,O
0.0,0.0,0.0,0.05530577898025513,-0.0784955620765686,0.027894779901714628,0.08362710475921631,-0.15376514196395874,0.025820117305727308,0.12648439407348633,-0.2092188596725464,0.010603292707116907,0.14402681589126587,-0.26713547110557556,-0.002771749532087142,-0.06143224239349365,-0.25024521350860596,0.03157193013629467,0.012232810258865356,-0.34591346979141235,0.0077393137400463274,0.07715904712677002,-0.3296511173248291,-0.013980822775749857,0.1131015419960022,-0.29313406348228455,-0.02439043312170952,-0.07229939103126526,-0.2492329478263855,0.0004339644876267812,0.017493635416030884,-0.3626905083656311,-0.021940881524471934,0.09215313196182251,-0.33482199907302856,-0.0384303872922942,0.12563848495483398,-0.2819789946079254,-0.045785619084028895,-0.061714887619018555,-0.23811691999435425,-0.031260894749550516,0.018903464078903198,-0.3497113287448883,-0.04707938260236233,0.09195071458816528,-0.32199791073799133,-0.046347478542713816,0.12181580066680908,-0.27297213673591614,-0.04169487408199757,-0.031798750162124634,-0.21720653772354126,-0.06197945228615254,0.02858680486679077,-0.3187958598136902,-0.0688408931235358,0.08227777481079102,-0.31328439712524414,-0.05950412726798504,0.10961496829986572,-0.279856413602829,-0.050167648259787256,-1.0812818007363003,-0.2409594026078821,-0.16395101552314353,-0.18767983359413523,-0.41703877003329815,0.040401724852626615,0.023631777431935803,0.022965100979125918,0.03668784039259029,0.01678125443298855,0.021964553132437243,0.013727788695197678,0.009784498142086182,0.016163490839396093,0.01400905344506059,O
0.0,0.0,0.0,0.05683404207229614,-0.07760268449783325,0.024794276517582148,0.08397728204727173,-0.1530018448829651,0.02005549864168188,0.12394917011260986,-0.20839732885360718,0.0023715434994073803,0.1437511444091797,-0.26184511184692383,-0.013618383842754156,-0.06265908479690552,-0.24283182621002197,0.023687200334620684,0.016143471002578735,-0.3405618965625763,-0.003868712398457319,0.07844012975692749,-0.3169853389263153,-0.02660420938138941,0.1100395917892456,-0.2755838632583618,-0.037005750748562605,-0.0738423764705658,-0.23995554447174072,-0.006772325194674522,0.019595623016357422,-0.35372889041900635,-0.032785045269179136,0.09431445598602295,-0.3203657865524292,-0.049080925348448545,0.12617987394332886,-0.2667657136917114,-0.05578525951807478,-0.06277897953987122,-0.2275647521018982,-0.038086606475758344,0.01816597580909729,-0.34701770544052124,-0.05664093634788969,0.09145641326904297,-0.31577587127685547,-0.05556987068359831,0.12036699056625366,-0.26408010721206665,-0.050173843565630705,-0.032463014125823975,-0.20783454179763794,-0.06852737656538466,0.02385050058364868,-0.31464916467666626,-0.07775667897169569,0.07843351364135742,-0.31126365065574646,-0.06942474684421995,0.10667818784713745,-0.2781985402107239,-0.06057278654282072,-1.0685877133818429,-0.1874226274317082,-0.13324179713747922,-0.19679782043977795,-0.46819887895838636,0.036403599690028925,0.018247242758811774,0.023490718491179487,0.04051960917260938,0.018392076277387356,0.01545935214270055,0.00425858803211036,0.0064032878522667655,0.022605868326791154,0.019665031660804837,O
0.0,0.0,0.0,0.03694707155227661,-0.09341806173324585,0.032623975493521584,0.03171277046203613,-0.18257218599319458,0.03493082798323144,0.029970288276672363,-0.24386942386627197,0.0242366855522107,0.03614017367362976,-0.2904956340789795,0.013463607945055855,-0.06788560748100281,-0.24087685346603394,0.016548233993859185,0.01952075958251953,-0.3318706750869751,-0.011621299243955718,0.0780901312828064,-0.3097436726093292,-0.03254230418005477,0.10780888795852661,-0.273628294467926,-0.04109428175488006,-0.07309800386428833,-0.23112773895263672,-0.015683761842041122,0.022395551204681396,-0.33882302045822144,-0.04054779656925689,0.09270405769348145,-0.31180819869041443,-0.053011042110114204,0.12389284372329712,-0.2681715786457062,-0.05746762924590598,-0.05845180153846741,-0.21483838558197021,-0.04749546297588836,0.023764699697494507,-0.3284261226654053,-0.0633383328537036,0.09255361557006836,-0.30427026748657227,-0.06294310935535918,0.12083178758621216,-0.2633575201034546,-0.05913439490595351,-0.030098825693130493,-0.1928802728652954,-0.07755447276630889,0.022534698247909546,-0.3025665283203125,-0.08416359969177734,0.0738864541053772,-0.3055254817008972,-0.07660126783648025,0.1018175482749939,-0.2806238830089569,-0.06917937942543517,-1.5297957646152427,-0.18429602703500078,-0.1858777998484897,-0.2642969433490043,-0.5869488938340287,0.07362684125239104,0.09054774735924492,0.08893338348036973,0.0664151263171004,0.01698438637712764,0.016585678182053816,0.00921055971365891,0.005704842182095047,0.025345187967046334,0.025684014183316135,O
0.0,0.0,0.0,0.03754284977912903,-0.08495593070983887,0.03294961628850501,0.04619583487510681,-0.16878730058670044,0.03605006737049621,0.06641313433647156,-0.22817182540893555,0.026527450507245476,0.08185377717018127,-0.2769116759300232,0.017173263331613953,-0.06755861639976501,-0.2324923276901245,0.02071735550995868,0.014564037322998047,-0.32025283575057983,-0.002933269512169545,0.07514485716819763,-0.3031039237976074,-0.020357116038240974,0.11089882254600525,-0.2693311274051666,-0.027344114059843605,-0.0731806755065918,-0.22714698314666748,-0.010810978623368328,0.019247859716415405,-0.33388301730155945,-0.034647065127529686,0.08931681513786316,-0.3078765571117401,-0.04638961600724656,0.12289968132972717,-0.2614637613296509,-0.049810889089741295,-0.06008106470108032,-0.21283406019210815,-0.041712659323849266,0.01934105157852173,-0.3221764862537384,-0.05950904535714585,0.08884355425834656,-0.2956090271472931,-0.05895861881438691,0.11937317252159119,-0.2527798116207123,-0.05405441569749314,-0.032757073640823364,-0.19260656833648682,-0.07050210880700547,0.018704354763031006,-0.29435980319976807,-0.08115963535968262,0.06885120272636414,-0.3012438714504242,-0.07568345117036301,0.0969826877117157,-0.2828180193901062,-0.06888420777980286,-1.2522414536677546,-0.2035696274927056,-0.17325910498550898,-0.21902487250169764,-0.6075822716953524,0.030017984223151606,0.04385663363477666,0.04460999778724937,0.016240961401413918,0.014349775625876932,0.018594640671587094,0.019379243126075755,0.009372686216940982,0.03358116876329007,0.03746502016572982,O
0.0,0.0,0.0,0.06008601188659668,-0.08377230167388916,0.026915549295381425,0.0864289402961731,-0.16199404001235962,0.024716881098584054,0.12579947710037231,-0.21861231327056885,0.009069437155858395,0.13793301582336426,-0.27572304010391235,-0.004874210344269159,-0.06723332405090332,-0.2568652629852295,0.03349844086392295,0.006380259990692139,-0.35402074456214905,0.006004308345154641,0.07242006063461304,-0.33605095744132996,-0.019438889814182403,0.10757100582122803,-0.2977592349052429,-0.03177555930392373,-0.08030533790588379,-0.25457900762557983,0.001915061026238618,0.012187302112579346,-0.37065449357032776,-0.02491377760247815,0.08842730522155762,-0.33798912167549133,-0.04488937091605294,0.11980921030044556,-0.283132940530777,-0.05340219941513169,-0.07113519310951233,-0.24284368753433228,-0.03058662917987931,0.010019689798355103,-0.3561040163040161,-0.05010014307276833,0.0837090015411377,-0.32343411445617676,-0.0503145707823478,0.11088335514068604,-0.2729613184928894,-0.044887273577614906,-0.04474315047264099,-0.22165703773498535,-0.0621699197270118,0.013714641332626343,-0.3258472681045532,-0.07117412146703828,0.06878918409347534,-0.3199218213558197,-0.061477693734332206,0.0961374044418335,-0.2866024971008301,-0.05097792204992402,-1.1455610202635815,-0.22980853808578833,-0.14173123313921193,-0.1639788965649865,-0.4319609930111975,0.03751593704936622,0.01958006514209355,0.02719027858086083,0.043188374770344456,0.019070976272956612,0.02501815973264592,0.015974981656931793,0.013532656251255546,0.02392471975594738,0.02008792711622401,O
0.0,0.0,0.0,0.05996978282928467,-0.08464062213897705,0.022752330221152306,0.08361232280731201,-0.16242295503616333,0.02004548399887085,0.12156099081039429,-0.21925806999206543,0.005040539942598343,0.13616269826889038,-0.27280014753341675,-0.007571836419486999,-0.06832331418991089,-0.254305362701416,0.029839532963848114,0.006722003221511841,-0.34862643480300903,0.0008329551102690402,0.07146364450454712,-0.331410676240921,-0.024895436547780037,0.10749691724777222,-0.2940561771392822,-0.03721915692844391,-0.08090704679489136,-0.25159645080566406,0.0009660853440038863,0.0087566077709198,-0.36717984080314636,-0.028028189621949195,0.08378607034683228,-0.33709651231765747,-0.04749299348154068,0.1195334792137146,-0.2833521366119385,-0.05485657364883423,-0.07107600569725037,-0.23880517482757568,-0.029352746389889717,0.008167773485183716,-0.351561963558197,-0.05176158384242058,0.08119601011276245,-0.32406795024871826,-0.05389491976060867,0.11278659105300903,-0.27555572986602783,-0.04875100166358948,-0.04292270541191101,-0.21652311086654663,-0.05894023687400818,0.01602843403816223,-0.3175947964191437,-0.07067439094939232,0.07008695602416992,-0.3135848343372345,-0.06368116424241066,0.09940141439437866,-0.28284573554992676,-0.05448030815281868,-1.1264523924133774,-0.22234961221633648,-0.15712355768176942,-0.19728069137821552,-0.4360771782213995,0.03568677340634942,0.019694552543743235,0.02353796130849438,0.03810913054242887,0.016107616445985677,0.019241808602007103,0.013827912607391397,0.010310405326695452,0.02013843280708681,0.01524162514478105,O
0.0,0.0,0.0,0.064475417137146,-0.1010974645614624,0.025495895458988116,0.09399980306625366,-0.1846766471862793,0.024410299299887583,0.1363368034362793,-0.24833303689956665,0.009388239397338793,0.14360225200653076,-0.3068866729736328,-0.0032248294030807756,-0.06478041410446167,-0.28118813037872314,0.05032272943728344,0.007967054843902588,-0.37518709897994995,0.019781581400565074,0.0770941972732544,-0.3627641499042511,-0.01258537797755821,0.1197623610496521,-0.3266248404979706,-0.029862074838348462,-0.0782659649848938,-0.27860093116760254,0.01883763009183781,0.017178505659103394,-0.39518100023269653,-0.01470515104509218,0.09102070331573486,-0.36330851912498474,-0.04455207353956325,0.12589335441589355,-0.3067743182182312,-0.057356302352019384,-0.07225018739700317,-0.26706892251968384,-0.014860982732244565,0.010418981313705444,-0.3741039037704468,-0.040768035413094594,0.08216714859008789,-0.34390002489089966,-0.04987426540381534,0.11429011821746826,-0.29333800077438354,-0.04741472444064243,-0.047372281551361084,-0.24447029829025269,-0.04793646252281292,0.015979468822479248,-0.34251323342323303,-0.059655965031453206,0.06923890113830566,-0.33279985189437866,-0.05420295214779003,0.099124014377594,-0.2987602949142456,-0.045259517343112066,-1.1852323825231634,-0.24141065018204869,-0.13713097234271052,-0.13990257100343773,-0.35489838027627213,0.030950535666684143,0.017709254006500037,0.03229191393569928,0.04521450699654102,0.020775762667958216,0.03373364997147743,0.03467526862107256,0.017753019932628136,0.027943194799502295,0.01610627143137205,O
0.0,0.0,0.0,0.06008601188659668,-0.09234058856964111,0.016392950513193227,0.08972829580307007,-0.17774832248687744,0.012104608663150884,0.12938284873962402,-0.23991793394088745,-0.0034908642202822193,0.1381683349609375,-0.29432442784309387,-0.01609362607376852,-0.06574243307113647,-0.272367000579834,0.030259637706706144,0.0016515552997589111,-0.36840003728866577,-0.00348436847815492,0.07161504030227661,-0.35270240902900696,-0.0363483870543746,0.11427873373031616,-0.3139277696609497,-0.05379775857107916,-0.07910451292991638,-0.2684522867202759,0.0034256564311476723,0.008792728185653687,-0.3832644820213318,-0.031101384586861514,0.0845748782157898,-0.35165199637413025,-0.059648658535650156,0.11974596977233887,-0.2978891432285309,-0.07291550879853048,-0.07253947854042053,-0.25688815116882324,-0.02545803544597902,0.001304030418395996,-0.36953771114349365,-0.05301770513432302,0.07505279779434204,-0.3406675457954407,-0.06140534525292196,0.10832339525222778,-0.2896166741847992,-0.05942992066519537,-0.0473819375038147,-0.23383617401123047,-0.054310190878084086,0.010061979293823242,-0.33415937423706055,-0.07031778936760702,0.06593060493469238,-0.32597580552101135,-0.0670170927562026,0.09807717800140381,-0.29114896059036255,-0.05957380627768316,-1.176980189275594,-0.2268907350952427,-0.14696775996183553,-0.17902039186687488,-0.37533456347073724,0.03090313992761577,0.018764080977262437,0.030213959864997916,0.040216718645696786,0.016944857856526146,0.02502989052391372,0.027952898789057934,0.014103508526143062,0.02269287550770084,0.010360157797049092,O
0.0,0.0,0.0,0.06536087393760681,-0.10534381866455078,0.02351268019356212,0.09928855299949646,-0.18805551528930664,0.020829293986935227,0.1418406069278717,-0.2511749267578125,0.0049131690693684504,0.1450282633304596,-0.3030015826225281,-0.008529944235306175,-0.06034544110298157,-0.27837663888931274,0.043761413654465287,0.009707510471343994,-0.3738529682159424,0.009990658721108048,0.07890412211418152,-0.36282879114151,-0.02482624899766961,0.12636879086494446,-0.3265698254108429,-0.04406290490351239,-0.07247546315193176,-0.27405357360839844,0.01186096865512809,0.02570149302482605,-0.3927786350250244,-0.0285075138153843,0.09724530577659607,-0.35786551237106323,-0.061900734791379364,0.1305040419101715,-0.29889577627182007,-0.07607802365146199,-0.06682068109512329,-0.26249372959136963,-0.02194918681107083,0.014755994081497192,-0.36962395906448364,-0.051692772546630295,0.08545300364494324,-0.3410629630088806,-0.06189612288198987,0.11717870831489563,-0.2918925881385803,-0.059677258023839386,-0.042936891317367554,-0.24005848169326782,-0.05533084262333432,0.01794487237930298,-0.3399637043476105,-0.06871106837115804,0.07094553112983704,-0.3320730924606323,-0.06383266661487141,0.10153248906135559,-0.29942432045936584,-0.055284496286731155,-1.192081550182871,-0.25259880774703586,-0.12178210052562269,-0.15843775789251052,-0.3898874287776034,0.030060571864491716,0.015093397684254843,0.029983453320278262,0.04364263034984076,0.02798130263150916,0.035874341835265895,0.036792938539203644,0.015053543086427793,0.02897637371083418,0.01736465285232654,O
0.0,0.0,0.0,0.06563609838485718,-0.10622483491897583,0.02862211111781221,0.09234774112701416,-0.18768978118896484,0.028479143789382988,0.1300256848335266,-0.2472652792930603,0.013097296281131321,0.14391392469406128,-0.30773207545280457,-0.0007197166109733644,-0.057059407234191895,-0.276869535446167,0.05059883911010843,0.008400768041610718,-0.3750148117542267,0.0206789670496903,0.07705581188201904,-0.36214590072631836,-0.010778801703480667,0.11752575635910034,-0.32566484808921814,-0.02779007163050551,-0.07192349433898926,-0.27449190616607666,0.01638795044121366,0.013667255640029907,-0.39387744665145874,-0.017893718743351883,0.0898287296295166,-0.36256998777389526,-0.04822699558141608,0.12392109632492065,-0.30588680505752563,-0.06187231671216864,-0.06889760494232178,-0.2640872597694397,-0.019834099525240845,0.0086689293384552,-0.3775550425052643,-0.04616705905797858,0.08232516050338745,-0.3462228775024414,-0.05513684284093756,0.11299389600753784,-0.2952120900154114,-0.05333275180461783,-0.04946133494377136,-0.24283820390701294,-0.05522647705080885,0.013072937726974487,-0.343669593334198,-0.06872759964468855,0.06770050525665283,-0.33598965406417847,-0.06438763644698042,0.0963086485862732,-0.30391761660575867,-0.05649797823431868,-1.16506393095079,-0.27253840206595353,-0.15895279315478406,-0.169476128129864,-0.39678808050038433,0.03190485484222642,0.020077803889609218,0.03335863020760849,0.047757851810927864,0.020786326261316573,0.03078811836647162,0.03038268815360045,0.01527590416330737,0.027682575264561454,0.018819768189966165,O
0.0,0.0,0.0,0.06406310200691223,-0.10163050889968872,0.019560927294151043,0.09679457545280457,-0.18433314561843872,0.015358103208200191,0.13571348786354065,-0.24720531702041626,-0.0008151145866577281,0.14625540375709534,-0.3021869361400604,-0.013746032722337986,-0.0643245279788971,-0.2783695459365845,0.042209155626551365,0.009363293647766113,-0.37337684631347656,0.01128782401974604,0.07738521695137024,-0.3592906594276428,-0.022105092413767125,0.12187978625297546,-0.3224971890449524,-0.040795218430503155,-0.07585299015045166,-0.27386361360549927,0.013817051194564556,0.02017521858215332,-0.3923359513282776,-0.01992976129804447,0.09085056185722351,-0.36035317182540894,-0.05034410604093864,0.12454065680503845,-0.30589452385902405,-0.06456924252961471,-0.07004809379577637,-0.26098811626434326,-0.016634641446216847,0.010632753372192383,-0.3699992895126343,-0.041871328137858654,0.08017370104789734,-0.3454335033893585,-0.05121691920612648,0.11342296004295349,-0.29609623551368713,-0.04997342102979019,-0.044743895530700684,-0.2384103536605835,-0.046981375895484234,0.012774735689163208,-0.33840441703796387,-0.057869147740348126,0.06573691964149475,-0.335267037153244,-0.0529444890544255,0.09841474890708923,-0.3043789863586426,-0.04514430858944252,-1.1734407470083565,-0.23269231204963997,-0.15849920205243437,-0.18906949248396843,-0.43180533109081526,0.03172817520387562,0.02202899094115919,0.033392603887124415,0.04789084819292929,0.016814539047231507,0.02772234219734224,0.02964586389744849,0.014819231956887632,0.02616982837939882,0.017142064142287243,O
0.0,0.0,0.0,0.06756401062011719,-0.1128571629524231,0.024828001194265426,0.09932929277420044,-0.19581520557403564,0.019709524967339576,0.13665246963500977,-0.2584659457206726,0.0006132101766809228,0.14455395936965942,-0.31912755966186523,-0.015745463512274682,-0.05848217010498047,-0.2879786491394043,0.03862097234335238,0.012394815683364868,-0.38960641622543335,0.003291582957473338,0.080677330493927,-0.37235307693481445,-0.03250348820481008,0.12168276309967041,-0.328326553106308,-0.052171843788954675,-0.0726766586303711,-0.28052622079849243,0.005292332068648875,0.02532443404197693,-0.4025149941444397,-0.032235457293126046,0.09515345096588135,-0.36643368005752563,-0.06345997258219427,0.12255203723907471,-0.30592307448387146,-0.07845040663275427,-0.06819936633110046,-0.2661564350128174,-0.029947540454003274,0.015227675437927246,-0.37912118434906006,-0.05544060721192068,0.08590412139892578,-0.35199207067489624,-0.06376432134899801,0.11507463455200195,-0.299831748008728,-0.06331114723477071,-0.04524511098861694,-0.24178534746170044,-0.06492577745709127,0.020252197980880737,-0.3376491069793701,-0.07509779437575048,0.07283931970596313,-0.33019304275512695,-0.06970736636910146,0.10107505321502686,-0.2958582937717438,-0.0627742211440534,-1.219279072855908,-0.2203146392927594,-0.12936125397292997,-0.18171608142362936,-0.35398603009084223,0.02465183764369829,0.02566014431479626,0.03523292407760533,0.049314034670350344,0.02242033657007422,0.02925100477678638,0.03845602125683508,0.009644470393517011,0.023718361105953847,0.01455254672502341,O
0.0,0.0,0.0,0.06501108407974243,-0.10621881484985352,0.021711548440634942,0.09543508291244507,-0.18986278772354126,0.017616657190501428,0.13302147388458252,-0.25106745958328247,0.0006724644331370655,0.14426052570343018,-0.310817152261734,-0.013632775634050631,-0.06057333946228027,-0.28216755390167236,0.03940010594624255,0.006115376949310303,-0.38110965490341187,0.005007004015624261,0.07482951879501343,-0.37254074215888977,-0.029780906043470168,0.11824077367782593,-0.33318132162094116,-0.048259793199122214,-0.07329517602920532,-0.27699631452560425,0.008561121881484723,0.018963754177093506,-0.39985430240631104,-0.03015294892293241,0.09204626083374023,-0.3694528043270111,-0.06335050461393621,0.12400054931640625,-0.3096274733543396,-0.07775176910263326,-0.06777667999267578,-0.2632333040237427,-0.024060316733539366,0.010387033224105835,-0.37269943952560425,-0.05257424188357618,0.08246123790740967,-0.34767523407936096,-0.06298290786844518,0.11312729120254517,-0.2984859347343445,-0.061386319227040076,-0.0448358952999115,-0.237274169921875,-0.05616890115243223,0.016756266355514526,-0.3366013169288635,-0.06867518124681737,0.06990408897399902,-0.3320233225822449,-0.06347776798111227,0.09880995750427246,-0.30111706256866455,-0.0548111743996742,-1.1871316270999284,-0.2779067788437422,-0.16390832492860083,-0.19245736471798602,-0.4182260235664772,0.0343101088106878,0.020294875685883524,0.033486373589788655,0.046474142161850376,0.024247861422667213,0.03507018069864523,0.03749231022145647,0.01556796790950857,0.02658934011190342,0.014557090296767036,O
0.0,0.0,0.0,0.06280797719955444,-0.09934663772583008,0.017476461150380374,0.09734112024307251,-0.18076223134994507,0.012320451692374945,0.13826638460159302,-0.24447572231292725,-0.0035241064404374356,0.1384708285331726,-0.2967972755432129,-0.016306082464126348,-0.062395721673965454,-0.27594858407974243,0.03260591558429837,0.005015015602111816,-0.3747892379760742,-0.00026733661869116077,0.07402658462524414,-0.363422691822052,-0.03502636098053813,0.1209976077079773,-0.3255038857460022,-0.05515299060132861,-0.07237562537193298,-0.2706753611564636,0.004461518277111054,0.02107861638069153,-0.3923642039299011,-0.03375160389330745,0.09359622001647949,-0.3589116036891937,-0.06802497871902347,0.1263098120689392,-0.3026459217071533,-0.08484780856159091,-0.06607764959335327,-0.258571982383728,-0.02499869347300887,0.010568201541900635,-0.3684077262878418,-0.05265507914808154,0.08174604177474976,-0.34217479825019836,-0.06367643990304828,0.11465799808502197,-0.2922135889530182,-0.06413991071966052,-0.04074636101722717,-0.23445171117782593,-0.05436139621522784,0.01713252067565918,-0.33283716440200806,-0.06743239679124713,0.07028543949127197,-0.3271622955799103,-0.06405515291478991,0.1014208197593689,-0.2961646616458893,-0.057826758108404874,-1.2301543345644788,-0.2639105542093253,-0.15954284740356967,-0.18403099808193604,-0.40954232341673297,0.033606292793774896,0.01349433152825033,0.024249970653786382,0.037055409193288084,0.023467126691905236,0.03388856017502705,0.035270961103738376,0.015639639887440184,0.025719033227700968,0.013814263116413095,O
0.0,0.0,0.0,0.06359928846359253,-0.10206609964370728,0.02793234938724254,0.0932081937789917,-0.18328607082366943,0.0276575421725056,0.13306939601898193,-0.24582219123840332,0.01304823419047807,0.13979995250701904,-0.3011651933193207,0.0003822899292345028,-0.061274170875549316,-0.277670681476593,0.049062706324889405,0.0072290897369384766,-0.3722195029258728,0.018957333434059365,0.07638561725616455,-0.359499990940094,-0.012870008331105964,0.12047290802001953,-0.3221547603607178,-0.030073780771658676,-0.07479581236839294,-0.2765117287635803,0.015975165906979782,0.019186317920684814,-0.3925410509109497,-0.017815014552638786,0.0927686095237732,-0.3595338463783264,-0.047768771853611725,0.12646085023880005,-0.3004251718521118,-0.06073597094075467,-0.06949448585510254,-0.2651928663253784,-0.01881009174542214,0.011344373226165771,-0.3730444312095642,-0.04474713673846509,0.08335071802139282,-0.3424215316772461,-0.053156167473957794,0.1147763729095459,-0.29133617877960205,-0.05052633231537129,-0.046517908573150635,-0.2409888505935669,-0.052699271794722335,0.014637589454650879,-0.3406181335449219,-0.06538023820178296,0.0685882568359375,-0.3323301076889038,-0.05982188900964047,0.09880983829498291,-0.29883092641830444,-0.050770413335726516,-1.194391211400719,-0.24003910547953586,-0.11826613442547801,-0.1409338074047197,-0.3787907485585482,0.02853237762941885,0.013359613807814022,0.026884736611934187,0.04105652524363145,0.022539531245542668,0.03134063628800066,0.03183221355302,0.014803270095826283,0.02769693268252522,0.017638068765198564,O
0.0,0.0,0.0,0.058919817209243774,-0.09250634908676147,0.014712145532996601,0.09537926316261292,-0.17849969863891602,0.009224541466267056,0.14020773768424988,-0.24617087841033936,-0.006483464055179411,0.1398654282093048,-0.29444223642349243,-0.018724571932523304,-0.06560465693473816,-0.2759826183319092,0.03379236718598122,0.004834234714508057,-0.3700782060623169,0.0031189843821834984,0.07323649525642395,-0.35571157932281494,-0.02981614323374515,0.11951890587806702,-0.3217865228652954,-0.048977272604076916,-0.0748787522315979,-0.2722148895263672,0.008137556705207771,0.018318742513656616,-0.39008569717407227,-0.026207823325364643,0.08960142731666565,-0.35619115829467773,-0.05768021756824737,0.12406393885612488,-0.30227431654930115,-0.07293912956532722,-0.06687131524085999,-0.26067447662353516,-0.019215902332632595,0.00855228304862976,-0.36947697401046753,-0.045040527377693707,0.07937881350517273,-0.3416987359523773,-0.055746728573410564,0.11421653628349304,-0.2912416458129883,-0.05578105712351089,-0.03823801875114441,-0.23676460981369019,-0.04672387430485969,0.018413394689559937,-0.33455878496170044,-0.0589047204893518,0.07146170735359192,-0.32706788182258606,-0.05577001536306625,0.10440954566001892,-0.2944346070289612,-0.04960601592478042,-1.2044275782771194,-0.24255217780361804,-0.14996156990594847,-0.16722116166467987,-0.38419322866909583,0.034083588015156624,0.017636001385681128,0.025847813007641853,0.03545588337013219,0.020034558145603308,0.03100168765499745,0.031247720974763034,0.014788210202839639,0.021160250879194348,0.010313683455275155,O
0.0,0.0,0.0,0.07142344117164612,-0.10580575466156006,0.031757985194730054,0.10136398673057556,-0.19071811437606812,0.03465950950007368,0.14238223433494568,-0.2492530345916748,0.022256047417926084,0.15087971091270447,-0.2991565465927124,0.011035337065862905,-0.053305238485336304,-0.2788439989089966,0.05294703035573889,0.015685230493545532,-0.3728967010974884,0.025480584194468747,0.08540019392967224,-0.3627552390098572,-0.005621617241246213,0.1301099956035614,-0.32716262340545654,-0.023650293285442103,-0.06490951776504517,-0.2743300795555115,0.017245444422172795,0.030131816864013672,-0.39364996552467346,-0.01835949444253515,0.10326376557350159,-0.3598315119743347,-0.05278795496602129,0.13386490941047668,-0.30119654536247253,-0.06917777569074701,-0.05807182192802429,-0.2629796862602234,-0.01952009000856947,0.021455198526382446,-0.3728712797164917,-0.04478156850714754,0.0952477753162384,-0.34285375475883484,-0.05801820294041704,0.12486991286277771,-0.29190364480018616,-0.05969885648269724,-0.034760504961013794,-0.240828275680542,-0.055110446224404086,0.026884853839874268,-0.3415246605873108,-0.06549864918966364,0.07995513081550598,-0.3332502245903015,-0.062405190477562655,0.10779932141304016,-0.29909175634384155,-0.05675233812112879,-1.1424465342382937,-0.25758607899598535,-0.1343464251718649,-0.15680678199277054,-0.38797947514116327,0.034867196796762666,0.017136658517366673,0.02700211434332512,0.043080438219905974,0.02623616943518431,0.035646234575578584,0.03585721350616152,0.012933211656570805,0.02615043048336024,0.018522257961919347,O
0.0,0.0,0.0,0.056589365005493164,-0.08979493379592896,0.008823415950246272,0.09335839748382568,-0.17334681749343872,0.00029761674704786856,0.13812875747680664,-0.23764032125473022,-0.01668948984115559,0.142616868019104,-0.2919282615184784,-0.029367381021074834,-0.06714314222335815,-0.2700831890106201,0.022649737760730204,0.003680616617202759,-0.36574387550354004,-0.010755461886219564,0.07295823097229004,-0.3540390133857727,-0.0439532951113506,0.1207236647605896,-0.3210679590702057,-0.06279382041066128,-0.0750381350517273,-0.2645624876022339,-0.0001481156923546223,0.018345177173614502,-0.38472867012023926,-0.037230744272164884,0.09141862392425537,-0.35368070006370544,-0.06833965262740094,0.1274699568748474,-0.3007868826389313,-0.0831349708732887,-0.06536778807640076,-0.25231075286865234,-0.024748931884460035,0.010447084903717041,-0.3587314486503601,-0.052009335964612546,0.08230620622634888,-0.33446574211120605,-0.062047711819104734,0.11805999279022217,-0.28556522727012634,-0.06172874128787953,-0.03504490852355957,-0.22798645496368408,-0.049936953246287885,0.021596908569335938,-0.321163535118103,-0.06262911042540509,0.07391345500946045,-0.3145972788333893,-0.05945802038877446,0.10613340139389038,-0.28291046619415283,-0.053266710847310605,-1.1770868615565295,-0.26500493838434563,-0.17700666798954617,-0.1793466694220188,-0.3710225516410012,0.03644769296299517,0.017547195940313037,0.025367860096046167,0.03758143117956665,0.021373687527005997,0.035602515552051746,0.040851805929428255,0.017895424449858824,0.027835496487382844,0.012218483486323475,O
0.0,0.0,0.0,0.06313589215278625,-0.10033631324768066,0.02207286671870179,0.0960911214351654,-0.18105119466781616,0.019402351390056083,0.1377038061618805,-0.24156314134597778,0.004950638554475972,0.14425835013389587,-0.2882005572319031,-0.00699438976920419,-0.05848398804664612,-0.2801150679588318,0.03701054320805497,0.010344505310058594,-0.3742557168006897,0.008375725868575046,0.07961872220039368,-0.3572104275226593,-0.023516224537559083,0.1244213879108429,-0.31894350051879883,-0.042413990784950784,-0.06826719641685486,-0.27468228340148926,0.00738407687418885,0.023972004652023315,-0.3908432424068451,-0.023456346083946755,0.09748151898384094,-0.3583296835422516,-0.05371834321744018,0.1310405433177948,-0.3045532703399658,-0.06983115135557227,-0.06126323342323303,-0.2600896954536438,-0.023217871625490716,0.014952212572097778,-0.37077757716178894,-0.044585022915669015,0.0859285295009613,-0.3452989459037781,-0.05217310770279937,0.11841675639152527,-0.29527872800827026,-0.05227333663827949,-0.03432783484458923,-0.23188495635986328,-0.053633581687279275,0.023348450660705566,-0.3299071788787842,-0.062171600599356225,0.0747772753238678,-0.3248162567615509,-0.05614497869140678,0.10397955775260925,-0.2929225564002991,-0.04915617762929969,-1.1483304045571325,-0.2091815816931009,-0.14876641740315116,-0.19339507656311455,-0.4156109123506443,0.03658734251322607,0.021026688826878453,0.02679344077727133,0.040554634653034737,0.015839568898842447,0.02441468938278452,0.03309014888204883,0.015664518244180584,0.029454548825360388,0.01462820047667272,O
0.0,0.0,0.0,0.06985610723495483,-0.10079550743103027,0.026080221092030342,0.10300940275192261,-0.17824584245681763,0.02475688063137227,0.14160913228988647,-0.23253434896469116,0.009628623878285225,0.15309715270996094,-0.2877931594848633,-0.0038542331515998285,-0.048651933670043945,-0.27663809061050415,0.04136869326762849,0.02184927463531494,-0.3693193793296814,0.014015225847884949,0.08994287252426147,-0.3504117727279663,-0.014803655291274254,0.13130152225494385,-0.31248679757118225,-0.0311371105111391,-0.06160449981689453,-0.27331042289733887,0.008528486979827221,0.030152320861816406,-0.38505762815475464,-0.024142643282488052,0.10321277379989624,-0.34888017177581787,-0.053635068083480064,0.13370466232299805,-0.29102838039398193,-0.06779213606782264,-0.055761754512786865,-0.2600858807563782,-0.025445496509149734,0.021945297718048096,-0.37151089310646057,-0.04946959375806159,0.0939592719078064,-0.3381454646587372,-0.058166365916207496,0.12322139739990234,-0.28592464327812195,-0.05761837571330375,-0.03216025233268738,-0.2352251410484314,-0.05863232895202941,0.02872028946876526,-0.3345545828342438,-0.07109993308253593,0.08086895942687988,-0.32421767711639404,-0.06693432092137641,0.10729825496673584,-0.28892821073532104,-0.06006145089335746,-1.1419505241338748,-0.1966367859559617,-0.09046985621857136,-0.1433736743079491,-0.36758093407241826,0.0329366857602548,0.01966050197068342,0.029934129487281726,0.04581296078442818,0.02159256237544431,0.02776394169352402,0.033632779460103644,0.01165963018262653,0.026489791657542696,0.016203946507467034,O
0.0,0.0,0.0,0.06023278832435608,-0.08145219087600708,0.030417635751291527,0.08888217806816101,-0.15671652555465698,0.030227483895941987,0.1306237280368805,-0.21117454767227173,0.015111998369320645,0.14412763714790344,-0.26747629046440125,0.001144100509918644,-0.055415213108062744,-0.2534298300743103,0.04717563436679484,0.013018667697906494,-0.34234172105789185,0.024821256933137192,0.07645264267921448,-0.3268994092941284,0.0020078287398064276,0.11447218060493469,-0.29290202260017395,-0.01000192138053535,-0.06865841150283813,-0.2524722218513489,0.013138222222551121,0.015847206115722656,-0.36294692754745483,-0.01071540201701282,0.08873507380485535,-0.3344844579696655,-0.030015057238415466,0.12487539649009705,-0.28315824270248413,-0.03818089543528913,-0.06219300627708435,-0.24314510822296143,-0.022540983098224388,0.015985846519470215,-0.35103291273117065,-0.03965825988598226,0.08638396859169006,-0.3215287923812866,-0.040562149422839866,0.1170794665813446,-0.27324774861335754,-0.03616435481853841,-0.03749087452888489,-0.2236270308494568,-0.057601377653554664,0.021264702081680298,-0.3218958377838135,-0.06660052044935583,0.07342293858528137,-0.31690120697021484,-0.05998388333864568,0.10125944018363953,-0.286342978477478,-0.05199351935334562,-1.1081201075163511,-0.2282927843583218,-0.1572473645091721,-0.1663635849765892,-0.4245207021854027,0.03906294865229676,0.024830875867427764,0.02765706528471186,0.04683624907643332,0.014253706445971117,0.019826457729802162,0.014751188740030381,0.012609298800202725,0.023829727951133573,0.020536754378874925,O
0.0,0.0,0.0,0.057901084423065186,-0.07390016317367554,0.02594639619036343,0.08909064531326294,-0.15203994512557983,0.02519530316038754,0.1303398609161377,-0.20615971088409424,0.011364375959772133,0.1428026556968689,-0.2612139880657196,-0.0006115943340887497,-0.05349850654602051,-0.24774861335754395,0.03769721907718804,0.01388239860534668,-0.3440576195716858,0.011076370972830318,0.07731842994689941,-0.32876843214035034,-0.014099492904108502,0.11494594812393188,-0.2888357937335968,-0.025978862520616985,-0.06675606966018677,-0.24763864278793335,0.006732621017533802,0.016281217336654663,-0.36517468094825745,-0.019622217145126797,0.0917087197303772,-0.33553481101989746,-0.039673938628595806,0.12555062770843506,-0.2804449796676636,-0.047587945338648296,-0.06035107374191284,-0.23887693881988525,-0.0257276587452111,0.012102067470550537,-0.3559904098510742,-0.04439911546961639,0.08366799354553223,-0.32527750730514526,-0.043935961302679516,0.11226844787597656,-0.2733243703842163,-0.03784840482131813,-0.03550243377685547,-0.219404399394989,-0.057682628956001736,0.019340425729751587,-0.3228456377983093,-0.06664394515411232,0.07083314657211304,-0.31507256627082825,-0.05759858268157814,0.09505617618560791,-0.2820444703102112,-0.04725643548027847,-1.1135811129183977,-0.23924934590361002,-0.16896725506571802,-0.19696954916940224,-0.4473452718480657,0.039229584565199,0.02583531512692934,0.03284812334288825,0.05209256469264442,0.013522758216393626,0.01574081516000703,0.021017257233035096,0.015070480339699946,0.030536370838618862,0.019295140306885616,O
0.0,0.0,0.0,0.06678763031959534,-0.09130293130874634,0.02553234936993931,0.09707602858543396,-0.1712357997894287,0.024470040000494464,0.13834550976753235,-0.23037469387054443,0.009606468848403438,0.14156487584114075,-0.28452256321907043,-0.0034783616350182456,-0.054708778858184814,-0.2637253999710083,0.0434890681723914,0.013280630111694336,-0.3612919747829437,0.01830172295075272,0.08181771636009216,-0.34732586145401,-0.007976258747760312,0.12406608462333679,-0.3118719458580017,-0.022558354415480153,-0.0675620436668396,-0.2622327208518982,0.011861184969063743,0.021340996026992798,-0.38291916251182556,-0.01932516565221931,0.09639230370521545,-0.34978917241096497,-0.04533857537109043,0.12995687127113342,-0.2956843376159668,-0.05670407471853878,-0.05969738960266113,-0.25523221492767334,-0.021386057712618367,0.016707390546798706,-0.3725695312023163,-0.043572053887430684,0.0906345546245575,-0.3434365391731262,-0.050394181736294286,0.1228514015674591,-0.2931932806968689,-0.04869770316082622,-0.033040016889572144,-0.23678821325302124,-0.05421357286769535,0.02745327353477478,-0.3362179398536682,-0.06507046950656559,0.08140257000923157,-0.3276490271091461,-0.061018657513443486,0.10977974534034729,-0.294398695230484,-0.0546380212684312,-1.1965901685112175,-0.26307219112852875,-0.16776714920351185,-0.2050282078267259,-0.3834158442341509,0.03246839116456139,0.01610375663578291,0.020624632383912794,0.0332841179011753,0.017226143733507383,0.01871811921983491,0.022570201097924153,0.007529479682157267,0.020218043603923503,0.013127117761246818,O
0.0,0.0,0.0,0.0709015429019928,-0.09870541095733643,0.0296697241328161,0.09914323687553406,-0.17732173204421997,0.0297760476432245,0.13590368628501892,-0.23253083229064941,0.014434679139355922,0.14721259474754333,-0.28933876752853394,0.00011382873066168031,-0.04129469394683838,-0.2777293622493744,0.047361721944014334,0.023794949054718018,-0.37286806106567383,0.022471023451487326,0.08945992588996887,-0.35071462392807007,-0.004157468948562837,0.12493494153022766,-0.3127688765525818,-0.019363362614114976,-0.057381004095077515,-0.27381500601768494,0.012460444781879687,0.02611282467842102,-0.3872206211090088,-0.016934024442036844,0.10013654828071594,-0.34939831495285034,-0.043707819927533365,0.12903758883476257,-0.2945673167705536,-0.057137808103163934,-0.05595695972442627,-0.2630349397659302,-0.024003157664139962,0.018123924732208252,-0.3818446695804596,-0.046468159455855584,0.09071287512779236,-0.34486716985702515,-0.0531546271332104,0.1178036630153656,-0.29157355427742004,-0.05217201848705599,-0.03767552971839905,-0.24124085903167725,-0.059619901973803735,0.022669732570648193,-0.3463670611381531,-0.07314003099878619,0.07666024565696716,-0.3337039053440094,-0.06920539428671191,0.10172274708747864,-0.296317458152771,-0.06290786554296801,-1.1654366035988557,-0.20774853036229468,-0.11086458047146201,-0.16278762296510804,-0.37627722445507095,0.03233054038753055,0.018912127514001165,0.029493720305191873,0.04602204214248546,0.01865820177305825,0.02236284462237532,0.02845092508537502,0.011625992567562011,0.02737085264541306,0.016766051445058206,O
0.0,0.0,0.0,0.07416927814483643,-0.10221719741821289,0.039772727641654626,0.10371387004852295,-0.18649375438690186,0.04418700665552677,0.13803529739379883,-0.24588578939437866,0.028602321747136727,0.14173489809036255,-0.30566495656967163,0.012153940390241758,-0.01276668906211853,-0.28858089447021484,0.06665691465456547,0.025163322687149048,-0.3920261263847351,0.0449653874369389,0.08451735973358154,-0.3700724244117737,0.0189434505285746,0.11350458860397339,-0.33069026470184326,0.003463050698307768,-0.03263387084007263,-0.28472834825515747,0.024311875108075753,0.021980881690979004,-0.4041455388069153,-0.002279298265086993,0.0914449691772461,-0.3658005893230438,-0.02888495370428501,0.11535429954528809,-0.30863499641418457,-0.043002783205913886,-0.042770981788635254,-0.2745993435382843,-0.020610372420954093,0.01412266492843628,-0.3922862410545349,-0.04401178553383289,0.08627253770828247,-0.3496803343296051,-0.052057738300966605,0.1108277440071106,-0.29432085156440735,-0.05246426433007656,-0.04080837965011597,-0.2513275742530823,-0.06411651789824901,0.009559303522109985,-0.358705073595047,-0.07940137654225765,0.06866675615310669,-0.3481820523738861,-0.07683412998597561,0.09960854053497314,-0.31026017665863037,-0.07239281654040752,-1.261959519149823,-0.321885574343302,-0.16016066931440587,-0.12769763375386073,-0.397370654062979,0.03772554069602514,0.026547261935543923,0.032923257613673956,0.04237624391744134,0.02213269730075895,0.036467790020197954,0.024708068507865923,0.01501280945794654,0.015829407368497757,0.01949186012181877,O
0.0,0.0,0.0,0.07023745775222778,-0.099215567111969,0.027594586397583498,0.10058045387268066,-0.18156707286834717,0.02854210094648124,0.1339336633682251,-0.24403882026672363,0.012917954969282164,0.13934695720672607,-0.30819791555404663,-0.0025241810073453053,-0.008226215839385986,-0.2741450369358063,0.06128674329357864,0.032522350549697876,-0.36699822545051575,0.03810948834853889,0.0884864330291748,-0.3478381335735321,0.010234832326943888,0.11607390642166138,-0.3134163022041321,-0.005995080311720358,-0.02763068675994873,-0.2750898003578186,0.027329455624396815,0.024106115102767944,-0.38640981912612915,-0.002313598030184494,0.08996331691741943,-0.3564123511314392,-0.03174062116903542,0.11840289831161499,-0.3011302649974823,-0.04670779823226212,-0.039995431900024414,-0.27035340666770935,-0.0102549665318179,0.010298162698745728,-0.38588401675224304,-0.034410078515236364,0.08010470867156982,-0.3550656735897064,-0.046729319234316335,0.11267346143722534,-0.30218595266342163,-0.04957659958762406,-0.04188913106918335,-0.2540537118911743,-0.04743738143605469,0.003021746873855591,-0.3517293930053711,-0.06265969245595215,0.0591731071472168,-0.3524118959903717,-0.06465199260873078,0.09698837995529175,-0.32541167736053467,-0.06335850476187943,-1.2737179651320303,-0.30601489822522066,-0.17646356561678814,-0.20556190794691878,-0.47464194434027346,0.023850921409329044,0.02210441782521281,0.027342623765173407,0.04572267120692136,0.012504835603343709,0.011733873056187014,0.022542101624323675,0.005825883911101581,0.03237543177747437,0.02802598916721732,O
0.0,0.0,0.0,0.07058057188987732,-0.09793651103973389,0.02758453384522852,0.09979543089866638,-0.18116527795791626,0.028843428646368352,0.13039341568946838,-0.2441091537475586,0.013052257415992585,0.13630786538124084,-0.30938252806663513,-0.0025385444190675344,-0.006634116172790527,-0.27740591764450073,0.06313939549509939,0.03144031763076782,-0.370503306388855,0.04006126307432112,0.08609548211097717,-0.35014739632606506,0.012552207973939744,0.11261120438575745,-0.31436604261398315,-0.0031896730091744985,-0.0265139639377594,-0.2788170278072357,0.02900239237133917,0.022295653820037842,-0.38988280296325684,-0.0005022212884711053,0.08702138066291809,-0.3600565195083618,-0.029865721533852252,0.11521181464195251,-0.30621644854545593,-0.04457233316715303,-0.03975525498390198,-0.2737273871898651,-0.009055845732646617,0.009346961975097656,-0.3885945677757263,-0.03421331412609163,0.07841125130653381,-0.35397934913635254,-0.04690789646919313,0.11056378483772278,-0.29899704456329346,-0.04941000632460657,-0.04300311207771301,-0.25577688217163086,-0.0466517231565291,0.0012676715850830078,-0.35391491651535034,-0.06271856121237818,0.058549314737319946,-0.3541581332683563,-0.06512783310826364,0.0977196991443634,-0.3263342082500458,-0.06381106219704691,-1.293369845316749,-0.3005603428080683,-0.19097106537934255,-0.1665495899783587,-0.464760783690243,0.02421501929750405,0.021332309212297153,0.027759970292299083,0.04214743212303124,0.008554475856906784,0.015504774357847913,0.01910481397571556,0.008586266646143207,0.026658926462118013,0.030204156265895735,O
0.0,0.0,0.0,0.06935995817184448,-0.1012987494468689,0.03720953488230805,0.09568566083908081,-0.1832284927368164,0.04094569930315117,0.12655580043792725,-0.2445257306098938,0.025056613473893208,0.14260053634643555,-0.3143666386604309,0.009183640456498665,-0.011580139398574829,-0.280692994594574,0.0737314353275309,0.019807815551757812,-0.3860926628112793,0.05154681751012902,0.07988309860229492,-0.3688125014305115,0.023740323125124974,0.11143016815185547,-0.32917889952659607,0.007885321839452786,-0.02993953227996826,-0.280815452337265,0.03370380574345688,0.014338254928588867,-0.4064508080482483,0.0063852405685196345,0.08574134111404419,-0.3784469962120056,-0.02320417961597343,0.11707139015197754,-0.32199934124946594,-0.038706807554959255,-0.040935516357421875,-0.27539607882499695,-0.009773123213349777,0.00690123438835144,-0.3979993164539337,-0.03136686062931915,0.08066344261169434,-0.3650222420692444,-0.042587937922476726,0.11246967315673828,-0.3093569874763489,-0.045275421948431926,-0.04007011651992798,-0.25709617137908936,-0.052324330569504696,0.007126182317733765,-0.35945242643356323,-0.06528379222869773,0.06718462705612183,-0.35669735074043274,-0.06533920964717765,0.10380333662033081,-0.32473957538604736,-0.06297037950277229,-1.2272326506429452,-0.37546291891046896,-0.27314009147018375,-0.21786663593941988,-0.43949114043574833,0.034510794330948356,0.02664573988897047,0.030544484306375647,0.040159936789055134,0.009130686869527888,0.019849150308839703,0.008824746910541813,0.013453806458728367,0.013548067302826974,0.017655860210192907,O
0.0,0.0,0.0,0.07526883482933044,-0.11449170112609863,0.04177194315113297,0.10228630900382996,-0.19732892513275146,0.047466548561232,0.13217851519584656,-0.26228687167167664,0.03316439169563523,0.1467280089855194,-0.32870128750801086,0.018367739795820626,-0.005567640066146851,-0.28397610783576965,0.07499591487564317,0.01992100477218628,-0.38224905729293823,0.055916039674656304,0.0782366693019867,-0.36878177523612976,0.0307034425727295,0.11171332001686096,-0.33506664633750916,0.01586926023580304,-0.023778408765792847,-0.28170347213745117,0.032823117851393135,0.012250393629074097,-0.4071274995803833,0.00617470911808482,0.08424505591392517,-0.38102662563323975,-0.021584903419835655,0.11911126971244812,-0.3232312500476837,-0.03585081321082839,-0.03465870022773743,-0.2745525538921356,-0.01201696560613641,0.007833898067474365,-0.3984147310256958,-0.032496271253450004,0.0814160406589508,-0.3691461682319641,-0.04227001738630065,0.1146913468837738,-0.3142707347869873,-0.04440663528524169,-0.033504754304885864,-0.2564336657524109,-0.05567319837294349,0.009750127792358398,-0.3614671230316162,-0.06875812780938872,0.06958004832267761,-0.3588908612728119,-0.06860448938689956,0.10650917887687683,-0.32582324743270874,-0.06602357846580276,-1.2445931773928314,-0.4108357333154431,-0.282836842089411,-0.2599240294950673,-0.46011382816558455,0.035588568903513994,0.02815325199500371,0.03513671257325682,0.04032167419618014,0.013957301495477265,0.021008059911309822,0.010607709852656267,0.009991323813619977,0.01286589071428661,0.014156568147776567,O
0.0,0.0,0.0,0.07150822877883911,-0.10995227098464966,0.03678136675679866,0.0970965027809143,-0.19290560483932495,0.04359607010209743,0.12390691041946411,-0.2552459239959717,0.03095028719926063,0.1389526128768921,-0.32397955656051636,0.017897898173572457,-0.009429693222045898,-0.27514761686325073,0.08492447420084659,0.015548855066299438,-0.368172287940979,0.06723556651795093,0.07020604610443115,-0.36308586597442627,0.039769999525191224,0.10261130332946777,-0.33479422330856323,0.023125151014568246,-0.02739882469177246,-0.2757366895675659,0.04609874620163623,0.005668699741363525,-0.3914230763912201,0.018979539937021173,0.07443684339523315,-0.3743549883365631,-0.013901245938001239,0.11115700006484985,-0.32064107060432434,-0.031020535313842856,-0.03952914476394653,-0.27304571866989136,0.003335172152759469,6.988644599914551e-05,-0.38914233446121216,-0.017796792247651183,0.0726270079612732,-0.36875754594802856,-0.03329446927583035,0.11024755239486694,-0.3180493712425232,-0.03829333201920804,-0.040256351232528687,-0.259346067905426,-0.03872483611976918,0.0011946558952331543,-0.3608187139034271,-0.05144535765921887,0.06023889780044556,-0.3627496361732483,-0.05381816641366299,0.100766122341156,-0.3320677578449249,-0.052665908047316634,-1.2616994299617992,-0.4892024441364307,-0.31340746429618566,-0.29188945233850977,-0.47610841288434885,0.03791632625259236,0.027995384978182703,0.029311219612674997,0.03903366571887618,0.016533017394372528,0.018403868357016007,0.0032921583807647577,0.002746634421687353,0.015444724703382099,0.016923731231552025,O
0.0,0.0,0.0,0.07273471355438232,-0.10839635133743286,0.03816218260803339,0.09863978624343872,-0.1956234574317932,0.042848217823888035,0.12764596939086914,-0.2605637013912201,0.02845250401773569,0.1414424180984497,-0.3260175883769989,0.013749563658024044,-0.007077574729919434,-0.28975817561149597,0.06449466530361292,0.014002889394760132,-0.39936691522598267,0.03945992846169588,0.07566285133361816,-0.38953134417533875,0.011974130348647805,0.11330223083496094,-0.35503843426704407,-0.003245615343217878,-0.025423645973205566,-0.2867286205291748,0.023563215100551815,0.008202970027923584,-0.42130744457244873,-0.006565421296869545,0.08300107717514038,-0.4002656936645508,-0.0341005590172756,0.12073206901550293,-0.34623903036117554,-0.04749543260655287,-0.03881138563156128,-0.27689412236213684,-0.02033795270941141,0.0022360384464263916,-0.4050450921058655,-0.045696985385035305,0.07850277423858643,-0.3763395845890045,-0.05588517751417044,0.1146884560585022,-0.32259422540664673,-0.05680551048240545,-0.0415118932723999,-0.2556377649307251,-0.06300273951015356,0.004072427749633789,-0.35909461975097656,-0.07973577495536688,0.06574511528015137,-0.35736608505249023,-0.08069569285831335,0.10466688871383667,-0.327042818069458,-0.077887472173785,-1.2536224775818523,-0.49690131165291296,-0.3866731886950157,-0.2893645199813906,-0.45438723078541854,0.040423750882345975,0.028945211608432508,0.02697209481782479,0.03678981730643462,0.011516596914351647,0.032473809584763334,0.029297161293057147,0.02440495971952704,0.025031671627634713,0.010964569700781003,O
0.0,0.0,0.0,0.06605613231658936,-0.106070876121521,0.03464099688130773,0.09206283092498779,-0.1912887692451477,0.03899609220820821,0.12330502271652222,-0.2544916868209839,0.024645430200280316,0.1383063793182373,-0.3205481469631195,0.010405683123053677,-0.020815938711166382,-0.2763775587081909,0.07287582678395665,0.007676184177398682,-0.3766137957572937,0.051402061410726674,0.06497573852539062,-0.36217302083969116,0.02365362194973386,0.0963737964630127,-0.32670262455940247,0.0073849895750299765,-0.04061192274093628,-0.27456384897232056,0.03545677957731641,0.0017093420028686523,-0.39802277088165283,0.009189494118572838,0.07134038209915161,-0.37529271841049194,-0.0204170018653258,0.10390377044677734,-0.32194602489471436,-0.0360490203122481,-0.05297815799713135,-0.26680493354797363,-0.005473812877653472,-0.007153570652008057,-0.38960936665534973,-0.027658478192506664,0.06650429964065552,-0.36299949884414673,-0.0395500667611941,0.10088801383972168,-0.3106617331504822,-0.042300757787643306,-0.05227553844451904,-0.24827122688293457,-0.045401391408859126,-0.005896121263504028,-0.3529433310031891,-0.0589270413140639,0.05115324258804321,-0.3495120108127594,-0.058673971168218486,0.08542805910110474,-0.3178704082965851,-0.0557849452118262,-1.2272271285971665,-0.4056189075454028,-0.31682436987143975,-0.27766885458198964,-0.46798015480498867,0.04238182510691848,0.03443099707929318,0.03870239337765141,0.05294607665683893,0.008906500354588412,0.016663983788906964,0.014064750637997236,0.011680326540039298,0.018919898529948895,0.017057995130792078,O
0.0,0.0,0.0,0.06995651125907898,-0.10555446147918701,0.030227441877940464,0.09665653109550476,-0.18728619813919067,0.02998740093491392,0.1266210377216339,-0.25008708238601685,0.011399976515093613,0.14117106795310974,-0.3186326026916504,-0.007027926317533684,-0.012307554483413696,-0.28236764669418335,0.06173363381705599,0.0033720433712005615,-0.3997390866279602,0.03466314131102877,0.05720600485801697,-0.3979724943637848,0.005386994757571983,0.08465614914894104,-0.3626120984554291,-0.010336446969887447,-0.03133663535118103,-0.27612191438674927,0.024344007090547848,0.0060163140296936035,-0.40515434741973877,-0.009752363360604477,0.07578495144844055,-0.37765365839004517,-0.040967478810927105,0.10569337010383606,-0.32042574882507324,-0.05552890843071623,-0.04354971647262573,-0.2664949297904968,-0.016768169983407688,-0.00034376978874206543,-0.3901456892490387,-0.04565305954136534,0.07441887259483337,-0.35954156517982483,-0.058395992427250576,0.10840144753456116,-0.3056102991104126,-0.05985942801751776,-0.04452940821647644,-0.2453289031982422,-0.0570320816925971,0.004249840974807739,-0.3456073999404907,-0.07476272752799673,0.0637226402759552,-0.3431071639060974,-0.07605722120322866,0.09855428338050842,-0.31365010142326355,-0.07319788208522482,-1.244035696361229,-0.6913285312050351,-0.31270697628696087,-0.2519505298461258,-0.4454789381028775,0.07161097747606864,0.0355229843585835,0.03526228031392291,0.04290705823284773,0.04714077598682162,0.06174985282566797,0.050896319007335405,0.015060917422867732,0.009842558455850968,0.012712398007716114,O
0.0,0.0,0.0,0.07171007990837097,-0.10658544301986694,0.023122986655948807,0.09721949696540833,-0.19305777549743652,0.020275654148576905,0.1258545219898224,-0.2582412362098694,0.001369894592357923,0.1439369022846222,-0.3241150379180908,-0.01699714933681662,-0.007204622030258179,-0.30076709389686584,0.045366115745423485,0.02369379997253418,-0.42175787687301636,0.011620105121551205,0.08609095215797424,-0.4083879590034485,-0.022024730343105148,0.12014475464820862,-0.36795690655708313,-0.040618609759690116,-0.026630371809005737,-0.2945607602596283,0.011315404314814259,0.015323817729949951,-0.44033879041671753,-0.02556999785053904,0.08895602822303772,-0.4115004241466522,-0.058649826917530845,0.12234696745872498,-0.3553345501422882,-0.0757763573263901,-0.03955376148223877,-0.2821720242500305,-0.02631503728377993,0.003416091203689575,-0.4200728237628937,-0.0575839990113991,0.07964357733726501,-0.3865187466144562,-0.0727672391866463,0.1149354875087738,-0.33020052313804626,-0.07657977578389819,-0.04346826672554016,-0.25767314434051514,-0.0634210893248337,0.002898961305618286,-0.3612765967845917,-0.08410995093333895,0.0649089515209198,-0.35166341066360474,-0.08803503600108797,0.10191020369529724,-0.3141299784183502,-0.08728666988361056,-1.22837316198493,-0.4854847659045982,-0.3873322601444145,-0.30141351759911544,-0.3704177580829279,0.049881617204252285,0.03795765047132527,0.029633008442665646,0.04319658328538645,0.012813025510195352,0.038114051910224885,0.056831655275089765,0.02620399489578815,0.04599432621612478,0.020686237599171216,O
0.0,0.0,0.0,0.07214593887329102,-0.10677927732467651,0.019908054301353673,0.10022503137588501,-0.19088447093963623,0.0170103949846947,0.1303544044494629,-0.25769180059432983,-0.0010528688665232266,0.14411497116088867,-0.3250448405742645,-0.01872953908720376,-0.007825672626495361,-0.2836483418941498,0.04612129976770518,0.0270349383354187,-0.3919171392917633,0.014088444912644604,0.08582621812820435,-0.37208038568496704,-0.019420392310408374,0.11781972646713257,-0.3320190906524658,-0.03802761757948758,-0.026766598224639893,-0.2812369763851166,0.015131688246341923,0.01663246750831604,-0.41147008538246155,-0.019952145835546276,0.08727824687957764,-0.38412487506866455,-0.053358822560099384,0.1225513219833374,-0.3324244022369385,-0.0713154668567455,-0.03867924213409424,-0.2733681797981262,-0.01975924285331132,0.0027503371238708496,-0.405953049659729,-0.04950402999499204,0.07675707340240479,-0.37904465198516846,-0.06654158929565313,0.11421608924865723,-0.32577237486839294,-0.07211072692849996,-0.04136860370635986,-0.25454986095428467,-0.05442881534078481,0.0019468069076538086,-0.3598288297653198,-0.07356396267392995,0.06240561604499817,-0.35627856850624084,-0.07865405032613637,0.10199838876724243,-0.32325220108032227,-0.07926416347005727,-1.254625266056382,-0.36748991982714374,-0.33025366968502173,-0.33019750023645167,-0.4468745538738251,0.027204412466690017,0.022791421548155232,0.029907732206750373,0.04215471585571458,0.004748923415836207,0.007211633607537609,0.018087926342843293,0.010664219280058094,0.022506717615918402,0.012474914066864021,O
0.0,0.0,0.0,0.07039812207221985,-0.1002117395401001,0.015793814338678658,0.09913057088851929,-0.18834412097930908,0.010528219878608525,0.12838029861450195,-0.2563580870628357,-0.009339046649699867,0.14509379863739014,-0.31913286447525024,-0.028692168168788612,0.001484006643295288,-0.2910110652446747,0.035886504702205,0.03584447503089905,-0.4094734191894531,-0.0007754571121836307,0.0984681248664856,-0.3826492726802826,-0.03589235151565617,0.13337987661361694,-0.33560770750045776,-0.055374621398811996,-0.01918688416481018,-0.28672248125076294,0.0050795427671914695,0.02278849482536316,-0.4282556176185608,-0.03560320193327016,0.09686940908432007,-0.3913254737854004,-0.07020165676630086,0.13173514604568481,-0.3326510787010193,-0.088095768339997,-0.03504657745361328,-0.27730628848075867,-0.02971044460690564,0.0037848949432373047,-0.42105674743652344,-0.06449338699138707,0.07861089706420898,-0.3828987181186676,-0.08111274147785252,0.11442798376083374,-0.32244008779525757,-0.08538033718622273,-0.044181227684020996,-0.2560460865497589,-0.06457611823833531,-0.000316619873046875,-0.3612554967403412,-0.08912858272350377,0.0629454255104065,-0.350233256816864,-0.09608172530687398,0.10275375843048096,-0.3113442063331604,-0.09713724160945958,-1.2328471835870443,-0.32605242325486117,-0.29541540145341305,-0.29324455127454196,-0.3599485661449194,0.020214757527219254,0.01900514969474484,0.03084363675268576,0.04305046109366343,0.0033833108782314624,0.02307727131625729,0.03907270919533035,0.02009483022152016,0.03597087208010003,0.016106089608739986,O
0.0,0.0,0.0,0.07152989506721497,-0.0995892882347107,0.013094767212578518,0.10114157199859619,-0.18284666538238525,0.007432226773062212,0.13053107261657715,-0.24951514601707458,-0.012543208681336182,0.14368712902069092,-0.3178982436656952,-0.03199540243326737,0.004804760217666626,-0.2833476662635803,0.04108752518118308,0.03568980097770691,-0.3910435140132904,0.006427331112035972,0.09255325794219971,-0.3668994605541229,-0.02842325509368493,0.12555193901062012,-0.3246661424636841,-0.04806484819232537,-0.016838252544403076,-0.2812884747982025,0.012292795099028808,0.02017199993133545,-0.4136342406272888,-0.028025831811419266,0.08794999122619629,-0.3818102777004242,-0.06388606668292596,0.12354475259780884,-0.32611873745918274,-0.08207159281550958,-0.03454601764678955,-0.27450671792030334,-0.021099217020264405,0.0001691579818725586,-0.41209983825683594,-0.05598088891088082,0.07138961553573608,-0.37988728284835815,-0.07464088291703774,0.11016249656677246,-0.3228706419467926,-0.07982029558002068,-0.045455992221832275,-0.25591757893562317,-0.05476377696572854,-0.0019783973693847656,-0.35464075207710266,-0.07890403062879159,0.05857563018798828,-0.3481180965900421,-0.08703467787086083,0.09974563121795654,-0.3150503635406494,-0.08873264283715798,-1.2656064704288956,-0.32970025734619635,-0.30910642314709813,-0.32254488839101003,-0.3867373045344767,0.019356899825157727,0.021755271686877256,0.03389138129135759,0.044033687676077515,0.0024776661431116895,0.015493829766673484,0.02753958471339694,0.013770798848934597,0.02624703944549578,0.01302566075272004,O
0.0,0.0,0.0,0.07153430581092834,-0.1005602478981018,0.013309212260878667,0.10127344727516174,-0.18513643741607666,0.007131454859859332,0.12941071391105652,-0.2531052231788635,-0.01339562716987075,0.14069566130638123,-0.3255458176136017,-0.032982777944766895,0.00458604097366333,-0.2931928038597107,0.03916238979343234,0.03902497887611389,-0.40700221061706543,0.0018539683418339337,0.0989736020565033,-0.381867915391922,-0.03368004425522031,0.1314757764339447,-0.3364531397819519,-0.05266289427038373,-0.01783078908920288,-0.28929808735847473,0.00993605409655629,0.021025389432907104,-0.4282081127166748,-0.031386487326585666,0.0914967954158783,-0.3908878564834595,-0.06552595286723317,0.12391433119773865,-0.33113041520118713,-0.08211433529015721,-0.03625226020812988,-0.2794535458087921,-0.024015016994439975,0.0018153488636016846,-0.417890727519989,-0.06094107418414296,0.07487380504608154,-0.3758338689804077,-0.07719549923297109,0.10905060172080994,-0.31345170736312866,-0.07962592332717122,-0.04844507575035095,-0.2571394741535187,-0.058096226445400134,-0.004813581705093384,-0.36110979318618774,-0.08368742107506932,0.0567479133605957,-0.34549224376678467,-0.08961301683541478,0.09393015503883362,-0.30360326170921326,-0.08882978200074376,-1.297077229104875,-0.3285706204459589,-0.2869770353668392,-0.22984641400829856,-0.3154501005938734,0.014282015051986466,0.017686174556146933,0.033877386246948776,0.051657413176399436,0.009246991457918664,0.03212404635521982,0.049887755765706865,0.023096908121797374,0.04070374674767593,0.018044938061977767,O
0.0,0.0,0.0,0.07146584987640381,-0.10021334886550903,0.01827878177014952,0.09974515438079834,-0.18920660018920898,0.01415753036586409,0.12544071674346924,-0.26031991839408875,-0.005557372720559783,0.1361452341079712,-0.33095934987068176,-0.025658916236480422,0.018576204776763916,-0.29144763946533203,0.04007642015663748,0.05844619870185852,-0.40499213337898254,0.0019313242317906543,0.11835575103759766,-0.38277262449264526,-0.03327516794355745,0.1519879698753357,-0.33708465099334717,-0.051352578701099105,-0.0037074685096740723,-0.2919117212295532,0.008110377451757245,0.036157578229904175,-0.43610501289367676,-0.032855391056855865,0.1043550968170166,-0.4004381597042084,-0.06645184710772867,0.13598120212554932,-0.33762750029563904,-0.0823296453073823,-0.026813894510269165,-0.28510749340057373,-0.028019485549648948,0.007748067378997803,-0.4259209632873535,-0.06367510512622232,0.07469868659973145,-0.37888190150260925,-0.07856124594958658,0.1053926944732666,-0.3096719980239868,-0.08010193661006326,-0.047234535217285156,-0.26611462235450745,-0.06390131965430612,-0.009905725717544556,-0.3740274906158447,-0.08786804929526681,0.051271289587020874,-0.3608402609825134,-0.09288350448163385,0.09132188558578491,-0.31779345870018005,-0.0917418892696702,-1.3194413851722957,-0.3295985359614835,-0.3162828098316669,-0.18370898631145605,-0.3569989324130341,0.01698562893854262,0.006670167657646631,0.03740147112920912,0.046716948349125646,0.016015970128612254,0.05406082900412503,0.06365943671694582,0.04143871266888138,0.04886556824400256,0.016246408411183896,O
0.0,0.0,0.0,0.06851783394813538,-0.0974779725074768,0.01779691354632007,0.09666156768798828,-0.183793842792511,0.016167667147513498,0.12247216701507568,-0.25348949432373047,-0.000987095606703292,0.12422245740890503,-0.3268442153930664,-0.018432357895378004,0.014478117227554321,-0.28363701701164246,0.046991546091433634,0.04080319404602051,-0.3941487669944763,0.01404452269225942,0.09641081094741821,-0.38036826252937317,-0.01746508254409207,0.12967538833618164,-0.34364745020866394,-0.034155338618163,-0.008809655904769897,-0.2822445333003998,0.015283722814913858,0.016427218914031982,-0.4229653477668762,-0.025185502681139837,0.08080321550369263,-0.3925488293170929,-0.057642530265454184,0.11234164237976074,-0.3351498544216156,-0.07172070032656563,-0.031511902809143066,-0.27455776929855347,-0.021177777636054884,-0.00365370512008667,-0.40782099962234497,-0.05774337387383355,0.06464716792106628,-0.36835363507270813,-0.07296018636525048,0.09927797317504883,-0.30728214979171753,-0.07345751262009514,-0.049905478954315186,-0.2543882727622986,-0.05772101095617188,-0.01715952157974243,-0.36149951815605164,-0.08345317429602517,0.043474167585372925,-0.3546198606491089,-0.09059416091740502,0.08539265394210815,-0.3189930021762848,-0.09016590154469384,-1.3804628923129267,-0.4802559737867036,-0.4117287115093836,-0.2451723114590679,-0.44548535812493817,0.017665875465590685,0.01449611690865179,0.03170018460962929,0.039615592716068716,0.01930460781890685,0.04739660244039682,0.050683354005011776,0.03077772594636226,0.0314212006818674,0.01816441999552413,O
0.0,0.0,0.0,0.06989827752113342,-0.09059536457061768,0.01852203695440835,0.0981016457080841,-0.18017548322677612,0.015456143527870836,0.12468716502189636,-0.24945315718650818,-0.0034981505073403696,0.1303134262561798,-0.326976478099823,-0.023065084830278693,0.01866111159324646,-0.28161853551864624,0.04410317516291684,0.04795524477958679,-0.3955381512641907,0.010649554192667665,0.10400494933128357,-0.3806595504283905,-0.021044867352003394,0.13197925686836243,-0.34113064408302307,-0.03779398673808032,-0.004864722490310669,-0.2805313169956207,0.011106603540127935,0.02351585030555725,-0.42512989044189453,-0.02817019657825881,0.08629915118217468,-0.3893531858921051,-0.06129615032708102,0.11073377728462219,-0.32729557156562805,-0.07687257626687938,-0.02959272265434265,-0.27354851365089417,-0.026155030593628226,-0.0010122358798980713,-0.41401639580726624,-0.06068744534289294,0.06458860635757446,-0.36977070569992065,-0.07486526319419795,0.09144529700279236,-0.3058568835258484,-0.0761638472381776,-0.0510612428188324,-0.2526058852672577,-0.06325450935995036,-0.015327036380767822,-0.36447468400001526,-0.08785245218908244,0.04519966244697571,-0.35382503271102905,-0.09341841587459498,0.08164605498313904,-0.31334638595581055,-0.09281050810253078,-1.3547947230972512,-0.48358591977873605,-0.38441431135355697,-0.260845845350559,-0.4292410758190142,0.014251856240801154,0.01958224896403211,0.04423537890226658,0.05054000829523343,0.025353099106513628,0.05373304463948174,0.05749257527453637,0.028838564743231068,0.03225950042801872,0.012333604128889022,O
0.0,0.0,0.0,0.06858810782432556,-0.09221655130386353,0.015290527864848968,0.09712117910385132,-0.18217748403549194,0.011730167343770859,0.12349206209182739,-0.251585990190506,-0.006444371976400021,0.1242438554763794,-0.32540029287338257,-0.024825753383780125,0.015733778476715088,-0.2871767282485962,0.03808723416135251,0.044254571199417114,-0.39839768409729004,0.003953870180552599,0.0997512936592102,-0.3863126039505005,-0.026893799864197376,0.12971383333206177,-0.35165008902549744,-0.042975939549947384,-0.009275823831558228,-0.2834722399711609,0.007578476126795408,0.01799449324607849,-0.42228174209594727,-0.03326484162404597,0.08070540428161621,-0.3863197863101959,-0.06388123307421267,0.10741609334945679,-0.3270695209503174,-0.07694984201386035,-0.03380298614501953,-0.2734266221523285,-0.027342024930263165,-0.004512131214141846,-0.4063536524772644,-0.06473026398613513,0.06057736277580261,-0.36059999465942383,-0.07756920132830203,0.08921200037002563,-0.2978355586528778,-0.07661303106739581,-0.054204195737838745,-0.2503354549407959,-0.062228947617555264,-0.019076257944107056,-0.3590395450592041,-0.08877944175198138,0.04009637236595154,-0.34920090436935425,-0.09425757799341739,0.0772741436958313,-0.31251782178878784,-0.09268616858913958,-1.383638637201899,-0.5147827251410833,-0.35755158736924525,-0.19587823734248483,-0.4417724416818036,0.026813661737428555,0.01691034891931915,0.044576287921266285,0.0487043312857612,0.03318724958821417,0.06735281844518666,0.06543130281623187,0.03443854748406055,0.0334707197025901,0.01892303550611553,O
0.0,0.0,0.0,0.07307493686676025,-0.10034584999084473,0.024589193999389636,0.10003289580345154,-0.19122862815856934,0.02906718106530093,0.12708690762519836,-0.2605191767215729,0.01718729363344096,0.12856760621070862,-0.328687459230423,0.004908377784857976,0.0021746456623077393,-0.27692681550979614,0.06876344235203646,0.030384987592697144,-0.36426210403442383,0.04538426922223948,0.08283692598342896,-0.3580002784729004,0.01566974633894347,0.11453267931938171,-0.33427098393440247,-0.0020571201894483693,-0.017686665058135986,-0.2758088707923889,0.03626669199726962,0.015779763460159302,-0.3874739706516266,0.0029580544359930627,0.08172070980072021,-0.367845356464386,-0.03120661525466062,0.11768731474876404,-0.319058358669281,-0.048389550283928884,-0.034667640924453735,-0.271106094121933,-0.0008784500387548633,-0.002388983964920044,-0.3945053517818451,-0.0310378447029791,0.06718996167182922,-0.3687809705734253,-0.04935089497305967,0.1051502525806427,-0.3165896534919739,-0.05402749402858831,-0.04455748200416565,-0.25631585717201233,-0.03764506800510503,-0.0038256049156188965,-0.35772058367729187,-0.057014368459959996,0.05080410838127136,-0.35823529958724976,-0.0632084682438574,0.08805641531944275,-0.33127695322036743,-0.06398364155032255,-1.366116024781806,-0.47190914281507146,-0.30923257485380834,-0.31450838010560817,-0.5144822586127412,0.015104797945184184,0.01452929178981029,0.026357719072803196,0.040593867351516794,0.015536270213578483,0.020016477655225875,0.026645014079768266,0.012777810182492239,0.03205127538483284,0.02253699282566459,O
0.0,0.0,0.0,0.07229399681091309,-0.09467262029647827,0.0192759491187644,0.10091671347618103,-0.1787092685699463,0.019961236758263112,0.12787213921546936,-0.2477726936340332,0.005450074343116285,0.12838879227638245,-0.31738096475601196,-0.0091042427661705,0.00028651952743530273,-0.27065882086753845,0.06058115769747019,0.029815644025802612,-0.36255091428756714,0.03453362618211031,0.08100259304046631,-0.35285046696662903,0.0041974552591454994,0.1108798086643219,-0.323220431804657,-0.013215973259775637,-0.020283758640289307,-0.2698931396007538,0.03099635128501177,0.01586136221885681,-0.38204365968704224,-0.0028774824309039104,0.07964867353439331,-0.36151131987571716,-0.036373392896621226,0.11460849642753601,-0.3112037777900696,-0.052959409760205745,-0.03660336136817932,-0.26517927646636963,-0.003359689827902912,-0.0011718571186065674,-0.38439273834228516,-0.032655147122113704,0.06684216856956482,-0.3599631190299988,-0.04905072714564085,0.10485723614692688,-0.30903324484825134,-0.05260571207281828,-0.04563254117965698,-0.2488301396369934,-0.037855991380183696,-0.0030552446842193604,-0.3454298973083496,-0.05581737424608946,0.05046361684799194,-0.3489924669265747,-0.060654388027160167,0.08743423223495483,-0.325405091047287,-0.06036041791912794,-1.3752199194779553,-0.44366815483722316,-0.2971800514928241,-0.3006133005586519,-0.5221818665360397,0.018457082178383877,0.015101463256715979,0.02496835119770909,0.04173323125430417,0.01258185543319594,0.01541258101238362,0.02354713974375022,0.009989909424599574,0.03066134264245156,0.023908124419984748,O
0.0,0.0,0.0,0.06394857168197632,-0.08421593904495239,0.019522946676318043,0.08795109391212463,-0.16904431581497192,0.024347452795211666,0.11384671926498413,-0.23238486051559448,0.016260175382797115,0.11942493915557861,-0.2977501153945923,0.008234381092790954,-0.01397019624710083,-0.23153573274612427,0.06368333136111914,0.022890210151672363,-0.3053101897239685,0.0459716249015969,0.0715479850769043,-0.3118143677711487,0.02139740844637572,0.10436415672302246,-0.30159270763397217,0.006934238946143978,-0.0340503454208374,-0.2370622754096985,0.03827573393851935,0.0040700435638427734,-0.3388063609600067,0.010204308083359592,0.06614306569099426,-0.33256497979164124,-0.020760966116483814,0.10645395517349243,-0.29451534152030945,-0.03541545162528337,-0.04941675066947937,-0.23873543739318848,0.008975502451960438,-0.01524418592453003,-0.35133689641952515,-0.015123115504081852,0.04994884133338928,-0.34002020955085754,-0.0322815027329284,0.09085667133331299,-0.2994307577610016,-0.036899555126126415,-0.05593615770339966,-0.23467448353767395,-0.020004508668478138,-0.019821375608444214,-0.3294050693511963,-0.03546839545100511,0.029398113489151,-0.33866244554519653,-0.04112137819259942,0.06699007749557495,-0.32136356830596924,-0.04137423972218812,-1.3309621063225057,-0.5345353909801421,-0.3881603967626739,-0.40836855652122994,-0.6142155479237001,0.015543251995606792,0.013368252970425085,0.028617660371324335,0.05750660723518245,0.007379455851918083,0.013679407472783768,0.04228130473165467,0.016353488313212653,0.04773075447666686,0.03241392416565757,O
0.0,0.0,0.0,0.06438776850700378,-0.08881533145904541,0.016581305508282185,0.08834809064865112,-0.17450523376464844,0.02109646538343668,0.11289316415786743,-0.24045655131340027,0.013356337529387474,0.11383187770843506,-0.3037765920162201,0.005584951695766449,-0.008257031440734863,-0.23659583926200867,0.059231776018407345,0.0241776704788208,-0.31050777435302734,0.04058585988428831,0.07431206107139587,-0.3189926743507385,0.01567332560267687,0.10992255806922913,-0.31226250529289246,0.0005539888243788482,-0.027449816465377808,-0.24103042483329773,0.03525249587443113,0.006600439548492432,-0.3443045914173126,0.006170564071055651,0.0672837495803833,-0.3416216969490051,-0.024600908885929584,0.10742878913879395,-0.3106815218925476,-0.03986924586746454,-0.04415753483772278,-0.24055016040802002,0.0069985298633241655,-0.013119697570800781,-0.3537036180496216,-0.0199499677673316,0.051184237003326416,-0.34321367740631104,-0.039598357658121586,0.09118646383285522,-0.3032236397266388,-0.04562014786455393,-0.05376198887825012,-0.23490247130393982,-0.020996860022876263,-0.018086254596710205,-0.3344267010688782,-0.03969201145622492,0.03349655866622925,-0.3390844464302063,-0.048309967647526264,0.07295414805412292,-0.31441670656204224,-0.0507059886858201,-1.376157995844551,-0.56950363259385,-0.47668010691203533,-0.4336680057222679,-0.5603942520648103,0.009343099281324452,0.009416878454544742,0.02265216382226777,0.042239801363633867,0.002952692329141285,0.02080245942092159,0.03703112099509021,0.017872692515245654,0.034676396618335575,0.021393973072742222,O
0.0,0.0,0.0,0.060901105403900146,-0.0895460844039917,0.022451817833200494,0.08400073647499084,-0.171735942363739,0.028976538993731538,0.10754579305648804,-0.2359519600868225,0.021713269718304673,0.11027488112449646,-0.30104467272758484,0.014533426456466714,-0.011930465698242188,-0.23452165722846985,0.07276873833717445,0.019409120082855225,-0.3065461218357086,0.05803987181963066,0.06642121076583862,-0.310932993888855,0.03438535503329376,0.0972733199596405,-0.298210471868515,0.020596701495662728,-0.030885040760040283,-0.24030736088752747,0.046779291548148194,0.0008082389831542969,-0.3391408622264862,0.02302013321997265,0.05914807319641113,-0.3361731469631195,-0.0065535424907352535,0.09815466403961182,-0.30006691813468933,-0.020820904679283103,-0.04737281799316406,-0.24150148034095764,0.016590993695274392,-0.018976330757141113,-0.3486712872982025,-0.0037098328281786053,0.04359233379364014,-0.34106355905532837,-0.020403931073531112,0.08448085188865662,-0.3020019233226776,-0.025125727213605842,-0.05625581741333008,-0.2348863184452057,-0.013262382864638766,-0.023597121238708496,-0.33089566230773926,-0.02581745960532089,0.026654958724975586,-0.33972665667533875,-0.03052155689118763,0.06687584519386292,-0.3194883465766907,-0.03032067247448822,-1.3703360643779734,-0.5279829339173147,-0.43370243115876195,-0.4301853249836553,-0.6020060931882609,0.013306888713483806,0.01215959153214687,0.025811785543064743,0.047155545005445665,0.0020550328772292285,0.013342501395031363,0.03710464154567332,0.01381004648135377,0.036817881404461,0.024813529755804992,O
0.0,0.0,0.0,0.05607402324676514,-0.07754307985305786,0.02200456442238874,0.07762196660041809,-0.15468955039978027,0.029873189646025367,0.10303908586502075,-0.21307876706123352,0.024562412071247763,0.11068016290664673,-0.27725642919540405,0.01881295548679418,-0.013223230838775635,-0.21935391426086426,0.07514440933169908,0.017955899238586426,-0.2867535352706909,0.06675497362317628,0.06225833296775818,-0.29248374700546265,0.04711572745742387,0.09276828169822693,-0.27924054861068726,0.03500959942044801,-0.029195964336395264,-0.22548043727874756,0.05092757860126085,0.0019521117210388184,-0.3127216696739197,0.034482828471084304,0.056737929582595825,-0.31173357367515564,0.006460501942058272,0.09328341484069824,-0.27766093611717224,-0.008729114998857312,-0.04528021812438965,-0.22828587889671326,0.02277583176197595,-0.014671772718429565,-0.32309094071388245,0.01027462178768701,0.04404905438423157,-0.31866389513015747,-0.006970234551261001,0.08147487044334412,-0.2827984094619751,-0.014699034263173871,-0.05612096190452576,-0.22603532671928406,-0.00526537546960526,-0.03344452381134033,-0.3160123825073242,-0.013371514958123498,0.011793941259384155,-0.3289773762226105,-0.018949727398137384,0.04997965693473816,-0.3100869357585907,-0.020725079682449632,-1.3073496096848423,-0.5142967664884934,-0.40274695105598723,-0.4061502734794896,-0.6699591803673307,0.01802143774171878,0.01740145020163092,0.02972646385196368,0.06901009771360384,0.0016614866187066005,0.011840587468915571,0.052748137495356055,0.012877707604726991,0.05409862199283148,0.04167267859633883,O
0.0,0.0,0.0,0.051155656576156616,-0.07589459419250488,0.017020910992499694,0.07579216361045837,-0.15503418445587158,0.022997261970516547,0.10052862763404846,-0.215490460395813,0.01775551961290489,0.10405588150024414,-0.2816467583179474,0.01258386952358137,-0.017572253942489624,-0.21220222115516663,0.06624354423510681,0.011889874935150146,-0.2813035845756531,0.056665956988211974,0.054651886224746704,-0.2878870368003845,0.03780664132463585,0.08480581641197205,-0.27751922607421875,0.026941128089305266,-0.03418228030204773,-0.21795812249183655,0.045789439245339736,-0.0074706971645355225,-0.30874234437942505,0.030835391967769965,0.04520136117935181,-0.31033822894096375,0.006311079035725697,0.08188480138778687,-0.2774851620197296,-0.006500698146197692,-0.05012637376785278,-0.22030863165855408,0.02140183934497486,-0.022913426160812378,-0.31643787026405334,0.010628931238528594,0.0323619544506073,-0.31586986780166626,-0.0034468371744935666,0.06897279620170593,-0.28397080302238464,-0.009240572326604024,-0.059450775384902954,-0.2188398838043213,-0.0032582608841096317,-0.037232041358947754,-0.3091413676738739,-0.009279225938740865,0.006244659423828125,-0.3214818239212036,-0.012080203727606431,0.04236340522766113,-0.3035566210746765,-0.01181992235106577,-1.3511672856444468,-0.5678916443237587,-0.47388857664610057,-0.49088912524883754,-0.693993469470254,0.019687598338185685,0.02255827291931584,0.03515997806957124,0.0654675775835789,0.0029212136401372273,0.01709699897925951,0.04979261195747802,0.014449339678362504,0.04734619025538775,0.03304033832736976,O
0.0,0.0,0.0,0.05837324261665344,-0.08157742023468018,0.02067694952097554,0.07946276664733887,-0.16350573301315308,0.028350175817877243,0.1005072295665741,-0.21962448954582214,0.023808374529153298,0.10341539978981018,-0.2731374204158783,0.01913782720771451,-0.019007384777069092,-0.2161804735660553,0.0664845476796927,0.01213979721069336,-0.2889024019241333,0.05220557329562325,0.05857086181640625,-0.29433849453926086,0.02981219766047616,0.0905134379863739,-0.2759650945663452,0.01767554645743985,-0.036065101623535156,-0.22020164132118225,0.04317016852405686,-0.002454221248626709,-0.3153022527694702,0.022584074636370133,0.05472230911254883,-0.31612882018089294,-0.005786594009578039,0.09288129210472107,-0.2792113423347473,-0.01978814276549201,-0.04982525110244751,-0.22184625267982483,0.016082584386140297,-0.019587963819503784,-0.32227590680122375,0.0013268160339521273,0.039145052433013916,-0.3221299946308136,-0.01530586416515689,0.07653585076332092,-0.2889823317527771,-0.02165485034379344,-0.05747854709625244,-0.22013691067695618,-0.010896531405478527,-0.03258025646209717,-0.3125664293766022,-0.018509444321125557,0.011036723852157593,-0.3272712826728821,-0.022349235142200996,0.04667237401008606,-0.31251275539398193,-0.022397079045504142,-1.3556936818378371,-0.49967030010204744,-0.4291806522165797,-0.48837557190213354,-0.725553815435227,0.013208192892237285,0.012159767769064135,0.03120210523573087,0.06906654746891804,0.004018066413043624,0.019100298650698604,0.05707688150683195,0.01904325830451299,0.05695830249593512,0.03801983798657709,O
0.0,0.0,0.0,0.06035679578781128,-0.08210724592208862,0.024660727081254663,0.08071079850196838,-0.16077274084091187,0.0324512199288165,0.10261425375938416,-0.2153264582157135,0.026810256836370172,0.10296693444252014,-0.27006614208221436,0.020656066087440195,-0.012194991111755371,-0.21904033422470093,0.06901340938861722,0.014494597911834717,-0.2941073179244995,0.05457437418158406,0.06055322289466858,-0.29643911123275757,0.03148066632206792,0.09169399738311768,-0.27366864681243896,0.01867243841047639,-0.03020617365837097,-0.22238537669181824,0.04306911311800832,0.00018870830535888672,-0.31801116466522217,0.023354889897063913,0.05645003914833069,-0.3178502917289734,-0.005551911352768002,0.09305298328399658,-0.27925869822502136,-0.020678885209008513,-0.04566478729248047,-0.22379857301712036,0.013653211367682161,-0.018258392810821533,-0.3240378797054291,0.0009654411253450235,0.03959038853645325,-0.3235647678375244,-0.0152165730694378,0.0763469934463501,-0.2899526059627533,-0.022242125051661787,-0.05508434772491455,-0.2191959023475647,-0.015495855289145766,-0.027545422315597534,-0.3080666661262512,-0.021410355272337256,0.017567157745361328,-0.3213210701942444,-0.02483836181704646,0.05397948622703552,-0.3055513799190521,-0.02521935470645076,-1.3699065001814197,-0.48410019885987815,-0.43230396779592306,-0.4968302309144429,-0.6697137684155083,0.01183457435975372,0.013519967308105795,0.03322789045834169,0.060489438640160396,0.005752870368268531,0.022376278856062404,0.04938514981337783,0.019835568032165615,0.04709610687651332,0.027269527464659087,O
0.0,0.0,0.0,0.06133648753166199,-0.08252477645874023,0.02155623143352159,0.08424904942512512,-0.1585308313369751,0.029005344266067823,0.10630866885185242,-0.2181519865989685,0.0237889562342275,0.10111722350120544,-0.27708208560943604,0.018167774433266004,-0.009731262922286987,-0.20783618092536926,0.07562320424057134,0.017381638288497925,-0.27834874391555786,0.06534859282709249,0.058846622705459595,-0.2852514684200287,0.04305828852392324,0.08710542321205139,-0.27323082089424133,0.029438711011778196,-0.02823495864868164,-0.2147279977798462,0.052153625765811285,0.0020019114017486572,-0.3055799901485443,0.03528906894661077,0.05439925193786621,-0.309020459651947,0.004822355935345968,0.08975163102149963,-0.27456915378570557,-0.012065832262862841,-0.043381720781326294,-0.21982643008232117,0.02488877182639726,-0.015542805194854736,-0.31538891792297363,0.015269982868801435,0.03857153654098511,-0.3172537684440613,-0.001760419334289054,0.07361370325088501,-0.28659993410110474,-0.01013790978305451,-0.05291368067264557,-0.21832984685897827,-0.002577039638538281,-0.026994138956069946,-0.3040531575679779,-0.006222598480064789,0.015795648097991943,-0.31865787506103516,-0.010171536115933577,0.05103808641433716,-0.30523625016212463,-0.011604128165174643,-1.4294591170003772,-0.5939615920701282,-0.46937993352104146,-0.5186238899591435,-0.6963254197717624,0.014531441334211873,0.011640082420905043,0.029103832497974325,0.05745064797741809,0.002965392166166202,0.018993675143280323,0.048220330632433785,0.020128894349341963,0.04938835223219473,0.029274062783919336,O
0.0,0.0,0.0,0.06422188878059387,-0.08583825826644897,0.021904382343848283,0.08870336413383484,-0.1607106328010559,0.029030914838870103,0.109011709690094,-0.21808978915214539,0.02362279729123884,0.10786503553390503,-0.27745792269706726,0.018176175143082673,-0.004509240388870239,-0.2074337601661682,0.06975503959830576,0.020352572202682495,-0.2829109728336334,0.05680910819347673,0.06177973747253418,-0.29025164246559143,0.03440899723347002,0.09267362952232361,-0.2733888030052185,0.021418103437383706,-0.024532347917556763,-0.21338212490081787,0.04551973515327745,0.004823774099349976,-0.3072035312652588,0.024776074524481828,0.05713120102882385,-0.30949512124061584,-0.0064321160768372465,0.09184619784355164,-0.26940831542015076,-0.022892691705862944,-0.038994938135147095,-0.2178192436695099,0.017904873426516588,-0.012478142976760864,-0.3137539327144623,0.005508744112660224,0.040543705224990845,-0.3140333294868469,-0.011261649009327357,0.07450106739997864,-0.2806471586227417,-0.018707015131155913,-0.04748913645744324,-0.2171935737133026,-0.009682013232747977,-0.023951560258865356,-0.3017618656158447,-0.013725037266056006,0.01615193486213684,-0.319532185792923,-0.01710097729090876,0.04873409867286682,-0.3088111877441406,-0.017762546007077162,-1.4081172793615915,-0.5962662407741685,-0.4486680675635942,-0.5055794971818138,-0.7608843340869057,0.015726937135860354,0.01792761384742748,0.03351604981842682,0.06692902900219097,0.004065578015229063,0.019568488453657263,0.05643959347712019,0.02066797393643091,0.05840581685314922,0.03817262387804859,O
0.0,0.0,0.0,0.059056103229522705,-0.07822257280349731,0.015311251660875769,0.08314523100852966,-0.15110492706298828,0.02089483503817746,0.1039591133594513,-0.2096148133277893,0.015658282009951563,0.10060906410217285,-0.2695251703262329,0.01072889965593049,-0.006660431623458862,-0.20098936557769775,0.06495031927346417,0.016884922981262207,-0.2698436379432678,0.05234858234047124,0.055355221033096313,-0.27745741605758667,0.03154895667552182,0.08269679546356201,-0.26523905992507935,0.019936234025351496,-0.026114821434020996,-0.20962437987327576,0.04548067812442014,0.0012112259864807129,-0.2981071174144745,0.025718486202947588,0.05150756239891052,-0.30002695322036743,-0.00198326279775074,0.08602577447891235,-0.265471488237381,-0.015664888279445677,-0.04245343804359436,-0.2166951298713684,0.02181080569147298,-0.016182899475097656,-0.3075774908065796,0.00837538976787755,0.036476314067840576,-0.30701032280921936,-0.008198283346303015,0.07206809520721436,-0.27383187413215637,-0.014581788996167688,-0.05318036675453186,-0.2182607650756836,-0.002283320961453228,-0.032648444175720215,-0.3011789619922638,-0.008637489484556227,0.00900191068649292,-0.3153670132160187,-0.013691412949867754,0.04557272791862488,-0.30082350969314575,-0.014849219204791098,-1.4243783160306511,-0.6233777862432341,-0.46205412913244565,-0.4627808648847281,-0.6963407244362388,0.018417929040818844,0.015136204105170366,0.028864071146235487,0.06331338205810015,0.00333708318820528,0.013667689092770201,0.05142421079974972,0.016269998861743882,0.05372349948595716,0.03782265033038436,O
0.0,0.0,0.0,0.06297233700752258,-0.08090770244598389,0.015533051808915843,0.08653706312179565,-0.1565161943435669,0.020577611757062186,0.10874694585800171,-0.21427124738693237,0.014823566546283473,0.10818180441856384,-0.2709906995296478,0.009627723490439166,-0.00690266489982605,-0.20759764313697815,0.057142252457879295,0.018639951944351196,-0.28321322798728943,0.03882622195555996,0.06237897276878357,-0.29073068499565125,0.014675372635565509,0.09401834011077881,-0.27307745814323425,0.0014372451757935778,-0.026637732982635498,-0.21272379159927368,0.03607293440177273,0.0044366419315338135,-0.3076367974281311,0.010157066752753963,0.05924507975578308,-0.30970466136932373,-0.020189854892350922,0.09512850642204285,-0.2720962166786194,-0.034980704652525674,-0.040307700634002686,-0.21616271138191223,0.011166574788830985,-0.01230880618095398,-0.31246933341026306,-0.006834101507820378,0.042857080698013306,-0.31386619806289673,-0.02395548449680973,0.07788079977035522,-0.2820014953613281,-0.030017519014336358,-0.04804027080535889,-0.2154681384563446,-0.014105781557418595,-0.022513777017593384,-0.3003999888896942,-0.02272410096452404,0.018231719732284546,-0.3203316330909729,-0.027845598401881944,0.051485031843185425,-0.31241321563720703,-0.02882131898627449,-1.3839233028061935,-0.5755469808770298,-0.4536732275730919,-0.5082518995578118,-0.7722660202951696,0.014316364158168013,0.01310002888365706,0.03223954881101329,0.0702164429542339,0.0014816558475385345,0.01844067917699137,0.057934308745429625,0.019889643800852584,0.0594155979381015,0.04026921025552041,O
0.0,0.0,0.0,0.061191707849502563,-0.08392882347106934,0.0201330485631388,0.08228129148483276,-0.16154062747955322,0.025742989300624686,0.10621786117553711,-0.22394433617591858,0.01872819502546008,0.10057258605957031,-0.28404301404953003,0.011230184963778811,-0.010098904371261597,-0.2152130901813507,0.07019110982014354,0.014168143272399902,-0.28950268030166626,0.05752364759041484,0.05603307485580444,-0.2961757779121399,0.03436056737496074,0.08427256345748901,-0.2815920412540436,0.020220598473088103,-0.028719842433929443,-0.2206587791442871,0.04591991592837985,-0.0010589957237243652,-0.3165925443172455,0.02651838798715289,0.05145171284675598,-0.31875845789909363,-0.0038360461715001293,0.0848652720451355,-0.2812156081199646,-0.020601397113068742,-0.04539939761161804,-0.22375231981277466,0.017753800644413786,-0.019517570734024048,-0.3253580331802368,0.003919160260693388,0.035153359174728394,-0.32416796684265137,-0.013221543015106363,0.06825962662696838,-0.2889168858528137,-0.021026329801543397,-0.056770533323287964,-0.21946686506271362,-0.010535681353076143,-0.028129607439041138,-0.3074079751968384,-0.018657063798173112,0.014759540557861328,-0.3223187327384949,-0.02405601526902501,0.04803791642189026,-0.3087933659553528,-0.026103339822157068,-1.4225775650430978,-0.6129904520645802,-0.48980721360908436,-0.520581222909616,-0.7058181972417623,0.016483264375498435,0.01595975995554451,0.0326784634529811,0.058072983679179485,0.0007021434143409829,0.017608733467639748,0.04530851698412209,0.018304566055287193,0.046008551916228435,0.028354753126853212,O
0.0,0.0,0.0,0.0604800283908844,-0.08515608310699463,0.0200105360659677,0.08186095952987671,-0.16036158800125122,0.02671364834037604,0.10541042685508728,-0.2206411063671112,0.02089464617398562,0.10294324159622192,-0.2810921370983124,0.014272181777926107,-0.00775986909866333,-0.2107572853565216,0.07437416305270972,0.015103846788406372,-0.283898264169693,0.0641808523747045,0.05613330006599426,-0.29321175813674927,0.04172793915000739,0.08541271090507507,-0.28377237915992737,0.02764581283059897,-0.025904536247253418,-0.2177983522415161,0.05082912882295432,0.0014632046222686768,-0.30954670906066895,0.03447060426202597,0.05205032229423523,-0.31485193967819214,0.0037604151244181594,0.08631682395935059,-0.2809979319572449,-0.014172500470010618,-0.043089061975479126,-0.22357243299484253,0.0232387403908092,-0.016961514949798584,-0.31654709577560425,0.013355113095315119,0.034801483154296875,-0.31788820028305054,-0.00391623983654199,0.06840619444847107,-0.2855091094970703,-0.012942419858006815,-0.056231528520584106,-0.22253835201263428,-0.004759043460069279,-0.03562664985656738,-0.31062012910842896,-0.008626696192948202,0.0032189786434173584,-0.3283382058143616,-0.012649519839612822,0.036245137453079224,-0.3152071237564087,-0.014589083851603846,-1.397916871904006,-0.6646942857312758,-0.5128974390763364,-0.5070633264407114,-0.7864357568890249,0.01773423817991886,0.016626684517493853,0.03481834675652126,0.07491641616476057,0.002918043470441131,0.017094965172608438,0.058357462650490716,0.018470012784830816,0.060641921087101903,0.04377562835652629,O
0.0,0.0,0.0,0.06393775343894958,-0.08733564615249634,0.03192393405566918,0.085787832736969,-0.1615007519721985,0.04324531479011284,0.10975426435470581,-0.2200559377670288,0.038910432888371815,0.1081646978855133,-0.2811211347579956,0.033403291536671986,-0.0115986168384552,-0.2143777310848236,0.08973840175400483,0.015095800161361694,-0.2932065725326538,0.08236443547735917,0.05892360210418701,-0.29934248328208923,0.06015932483802544,0.08930563926696777,-0.28419336676597595,0.0460491582585405,-0.03024953603744507,-0.22261053323745728,0.05960903985629784,-0.0003466606140136719,-0.3191717267036438,0.045510756952864995,0.05520203709602356,-0.32377222180366516,0.013341442851526608,0.09242144227027893,-0.2834200859069824,-0.005693499294864068,-0.04502898454666138,-0.22790709137916565,0.02608482463489281,-0.017749011516571045,-0.32496681809425354,0.020147598518235554,0.03795841336250305,-0.32532355189323425,0.0034902530556450984,0.07315874099731445,-0.29063698649406433,-0.006024797277348171,-0.053245365619659424,-0.22606536746025085,-0.007218085525380502,-0.029469668865203857,-0.31672346591949463,-0.007750745227383504,0.012333214282989502,-0.33231836557388306,-0.009996251964764724,0.04675355553627014,-0.3168216645717621,-0.010968679392533431,-1.38586800432601,-0.6052688828877607,-0.46021183031672924,-0.48795554072666014,-0.7369832292672839,0.019107660806299536,0.015910225446298255,0.036276279466357614,0.07103419059595623,0.0032103257844537524,0.017385124645246094,0.05362169008458583,0.02057025314417133,0.05657933665261303,0.037186976016675664,O
0.0,0.0,0.0,0.06357064843177795,-0.08050411939620972,0.019461402106685455,0.08575603365898132,-0.15820074081420898,0.02537555191258889,0.10994914174079895,-0.2171429693698883,0.01889506671170693,0.10952043533325195,-0.27657902240753174,0.01173502988706332,-0.004667401313781738,-0.21352869272232056,0.06625894214550954,0.016178220510482788,-0.290946900844574,0.05317092071811658,0.05939286947250366,-0.29731759428977966,0.03083899374644261,0.08957421779632568,-0.28073418140411377,0.017590743858022506,-0.02371355891227722,-0.2212788462638855,0.042894781935615356,0.0005328953266143799,-0.31719639897346497,0.024939095038575942,0.05384048819541931,-0.3203830420970917,-0.0036984005517979313,0.08770695328712463,-0.28048068284988403,-0.019617539462046807,-0.040267616510391235,-0.22622784972190857,0.01576890367607575,-0.018547117710113525,-0.3241448402404785,0.004697920657349641,0.035795390605926514,-0.3244737386703491,-0.011150469635026639,0.07002142071723938,-0.2876319885253906,-0.018691098880367463,-0.05137196183204651,-0.2229222059249878,-0.011689597372310345,-0.028583019971847534,-0.30913305282592773,-0.01677114200253982,0.013759702444076538,-0.32375168800354004,-0.021037972163753693,0.048202723264694214,-0.30564025044441223,-0.022481134724216645,-1.3726800286781977,-0.6194765020416428,-0.4884017706066519,-0.5080157424294127,-0.6931902071814288,0.020374418772501502,0.0221596695188384,0.04101634083677518,0.06785585301456404,0.001884393341189255,0.020733827835165017,0.04828988335894928,0.019076667296595726,0.04683575590517064,0.02829051176401347,O
0.0,0.0,0.0,0.06238067150115967,-0.0863679051399231,0.026569178439217467,0.08334794640541077,-0.16394388675689697,0.03513050835533704,0.1091906726360321,-0.22223839163780212,0.02955953229172792,0.11120188236236572,-0.2816941440105438,0.02326770510478582,-0.01232820749282837,-0.22496604919433594,0.07404648523731794,0.014450371265411377,-0.3041972517967224,0.06239731620951261,0.05884566903114319,-0.30407652258872986,0.04040169727011289,0.0893581211566925,-0.2863748073577881,0.026920698694425482,-0.030403733253479004,-0.2303694188594818,0.046150811127859015,-0.0022162795066833496,-0.32883352041244507,0.028801469243603606,0.0540924072265625,-0.32652753591537476,0.0011409071688603944,0.09131211042404175,-0.2877587080001831,-0.014448183477384191,-0.0461573600769043,-0.23232689499855042,0.014609461761551756,-0.02084934711456299,-0.33572182059288025,0.0031676796446618027,0.036750227212905884,-0.3313371539115906,-0.01113028440670405,0.07390281558036804,-0.2953249216079712,-0.017945833392900568,-0.055334001779556274,-0.22757214307785034,-0.016885861643118005,-0.030700713396072388,-0.32081204652786255,-0.023104188852471452,0.013603925704956055,-0.3333587050437927,-0.026089267693919282,0.050002068281173706,-0.3167704641819,-0.026799538992804628,-1.338515087650003,-0.5432849831957935,-0.4405905865513242,-0.48322781066573595,-0.7026319090577573,0.02233961756567713,0.020793796289830517,0.03971169199012365,0.0705391060358434,0.0023944216514510093,0.017859759672204347,0.04972720434239003,0.018982390136983315,0.050479714525667865,0.03211163368236097,O
0.0,0.0,0.0,0.06093066930770874,-0.08057701587677002,0.02279680369548487,0.08122876286506653,-0.16102313995361328,0.03068597762040781,0.10537561774253845,-0.21871420741081238,0.025867268053218595,0.1035233736038208,-0.2733718454837799,0.020791397971436254,-0.013554543256759644,-0.22219660878181458,0.06368948666505503,0.010953634977340698,-0.30217620730400085,0.04983346684031176,0.05518817901611328,-0.30404651165008545,0.02847874125592398,0.08557671308517456,-0.2832225263118744,0.016069233027621976,-0.03279373049736023,-0.22613921761512756,0.03833643121771502,-0.0068624913692474365,-0.3267212510108948,0.01839730104558157,0.047902315855026245,-0.3249981999397278,-0.007608060183599719,0.08365589380264282,-0.28587859869003296,-0.021329425665214785,-0.04940095543861389,-0.22638535499572754,0.009395553340539209,-0.026566147804260254,-0.3328157067298889,-0.00606293549634529,0.029634952545166016,-0.32988241314888,-0.020528436096981295,0.0656123161315918,-0.2941248416900635,-0.026398273574784525,-0.0591278076171875,-0.22081023454666138,-0.019369282218292483,-0.03414157032966614,-0.3123149573802948,-0.029641013982370623,0.008377879858016968,-0.32661259174346924,-0.03466332556553198,0.04325011372566223,-0.3129958212375641,-0.036132997291758784,-1.3749000717381572,-0.5518164293997265,-0.47399836027980546,-0.5322705030126162,-0.7330603605949193,0.020472384730375794,0.023476278014462514,0.043219615109353654,0.07213130603889352,0.0032778449008704883,0.02274725535808052,0.05174930051771492,0.0198386294583775,0.04866180044266398,0.02926058723822795,O
0.0,0.0,0.0,0.060823291540145874,-0.09048372507095337,0.025927101936787267,0.0816124677658081,-0.16593080759048462,0.03405654404744496,0.10689106583595276,-0.22269779443740845,0.02845443387016644,0.10892894864082336,-0.2759634852409363,0.022550595667809148,-0.01575276255607605,-0.2315196394920349,0.06713389579638829,0.017298370599746704,-0.31075823307037354,0.051496479403823514,0.0640808641910553,-0.30880725383758545,0.028419682499617238,0.09554117918014526,-0.2847979664802551,0.015201906417161126,-0.03321927785873413,-0.2360643446445465,0.03934889261111607,0.0003205239772796631,-0.33626246452331543,0.018219122406691213,0.05763551592826843,-0.3288803994655609,-0.008270522835999827,0.09469705820083618,-0.2868556082248688,-0.022242125380188327,-0.04814085364341736,-0.2350313663482666,0.007900041271597047,-0.019990384578704834,-0.3418438732624054,-0.008957321080714564,0.037180185317993164,-0.3359200060367584,-0.02375291127279411,0.0732860267162323,-0.2994004487991333,-0.029691439378410678,-0.056752562522888184,-0.22943243384361267,-0.023215087387114863,-0.0335441529750824,-0.32411062717437744,-0.03402713711872707,0.009998708963394165,-0.33673250675201416,-0.03842186580911289,0.04657536745071411,-0.3205189108848572,-0.03937771942034374,-1.3274579633140655,-0.4464768863813059,-0.37797475161015154,-0.48744110267868657,-0.7225154087329021,0.01603996352552405,0.017921636325763032,0.04265804899606579,0.07663651245680815,0.0022240570534243086,0.026618119788316397,0.06061053198478601,0.02481542452323579,0.05872746432997398,0.034050679277582256,O
0.0,0.0,0.0,0.06222367286682129,-0.08646845817565918,0.02367047556305124,0.08322536945343018,-0.1662580370903015,0.0313250362929125,0.10996264219284058,-0.22419095039367676,0.02521122769081785,0.10061502456665039,-0.27090248465538025,0.018623750289918917,-0.013257861137390137,-0.23452436923980713,0.06405208036863996,0.009559541940689087,-0.3223727345466614,0.04513487369382574,0.056377023458480835,-0.3176704943180084,0.01964211240971281,0.0877726674079895,-0.28757244348526,0.00516846413353278,-0.030561596155166626,-0.23723188042640686,0.036382874107005136,-0.0054995715618133545,-0.33887672424316406,0.01160650384241535,0.05275556445121765,-0.3298223912715912,-0.017473543429730398,0.08844819664955139,-0.28462791442871094,-0.032718120509741766,-0.04660502076148987,-0.2352263331413269,0.004632556444050806,-0.025387078523635864,-0.3412339389324188,-0.01412061359172867,0.0333135724067688,-0.335714727640152,-0.031295957410691244,0.06988385319709778,-0.2981634736061096,-0.0385020881835203,-0.057603925466537476,-0.22758036851882935,-0.027140405395982725,-0.03508108854293823,-0.32119736075401306,-0.038677020365355474,0.009093910455703735,-0.3339555859565735,-0.04511970132028864,0.04610645771026611,-0.3175470530986786,-0.04777609407341288,-1.4061226805321723,-0.48350167814351763,-0.3789996316984674,-0.49535355615537274,-0.7145549862951038,0.02104313818755403,0.018341731761939276,0.041080000149909916,0.07174189589074474,0.0030210248461518736,0.02078892957543859,0.051327870129701504,0.022974903918526385,0.05363294274207921,0.030677152574545494,O
0.0,0.0,0.0,0.05936947464942932,-0.0833885669708252,0.023032356236114992,0.07843208312988281,-0.16474318504333496,0.030346006337538256,0.10296109318733215,-0.22161713242530823,0.02426517773045589,0.09940582513809204,-0.2665761113166809,0.017983248639836802,-0.017406165599822998,-0.2314150333404541,0.05926980282737304,0.011387497186660767,-0.3172723948955536,0.03753173183275749,0.06091424822807312,-0.30944517254829407,0.011088570762410654,0.09343153238296509,-0.275421679019928,-0.003135484693586932,-0.03544953465461731,-0.23432248830795288,0.032145457524791254,-0.005743950605392456,-0.3353918492794037,0.005385159231707348,0.05458873510360718,-0.3231865167617798,-0.023099878620371328,0.09038281440734863,-0.27659040689468384,-0.037149114351734625,-0.05103898048400879,-0.231878399848938,0.0010026819733752745,-0.029406189918518066,-0.3404742181301117,-0.019963674064740644,0.029299139976501465,-0.33299171924591064,-0.03649939019607018,0.06537327170372009,-0.29396551847457886,-0.04236075077579926,-0.061368972063064575,-0.22425857186317444,-0.030009168948993192,-0.039624571800231934,-0.318359375,-0.04355909843371819,0.004069238901138306,-0.33216291666030884,-0.05035676602648209,0.04032251238822937,-0.3171030580997467,-0.052554944347605215,-1.3676744306938837,-0.37794929297325214,-0.32406471837734135,-0.48996123278458287,-0.7399520352234422,0.010674092088636393,0.013479645342913134,0.04368517274458799,0.07774194618554933,0.0032650583670247374,0.033632424445233386,0.06751226086272617,0.030452778668923163,0.06439960206327768,0.03410111848882464,O
0.0,0.0,0.0,0.062185138463974,-0.09109193086624146,0.023068570414153555,0.08303722739219666,-0.17365428805351257,0.030452926525441626,0.10830157995223999,-0.23751553893089294,0.02359593368467472,0.1010274887084961,-0.29633206129074097,0.016254362532464484,-0.017844825983047485,-0.2417953908443451,0.06860949366685531,0.0002467632293701172,-0.3322469890117645,0.05124403431412361,0.04722943902015686,-0.3314221501350403,0.02629100053903244,0.08070272207260132,-0.30673691630363464,0.01171503949311159,-0.03644758462905884,-0.24393969774246216,0.04049578949209831,-0.017410099506378174,-0.3503054082393646,0.016250369021264532,0.04256349802017212,-0.3460369408130646,-0.01340253942314007,0.08313894271850586,-0.3027811646461487,-0.029203784769805452,-0.054674386978149414,-0.24237385392189026,0.007826886022058943,-0.03576844930648804,-0.3515632152557373,-0.0112861563697777,0.026375263929367065,-0.34840232133865356,-0.029050628772409937,0.06815570592880249,-0.3110773265361786,-0.03653173253539421,-0.06693756580352783,-0.23411110043525696,-0.024962225115331194,-0.04495701193809509,-0.3310728073120117,-0.03699556097987511,0.0025340914726257324,-0.3475974500179291,-0.0437276187599025,0.043632060289382935,-0.3331220746040344,-0.046541468358071825,-1.4251877262335833,-0.5826668548202502,-0.45726010935501576,-0.5099838124951536,-0.7303026342970671,0.022833246519996235,0.01901554657969964,0.03602744717952788,0.06817433742256578,0.0046457660521419366,0.01327654981911794,0.04550176418099548,0.017126695151193215,0.04981329718399568,0.032975447120896714,O
0.0,0.0,0.0,0.06717267632484436,-0.09376853704452515,0.023959218841412167,0.0874893069267273,-0.18259593844413757,0.03195159262082825,0.11350294947624207,-0.25075337290763855,0.02543201981148968,0.10538998246192932,-0.31072506308555603,0.01824135830662499,-0.015971213579177856,-0.247401624917984,0.06849405666849862,0.0013317763805389404,-0.34119850397109985,0.050404251870133976,0.05102133750915527,-0.344155877828598,0.024633775782206158,0.08688786625862122,-0.32175177335739136,0.009283804651715855,-0.034533172845840454,-0.24928724765777588,0.03920613354108582,-0.01761007308959961,-0.3609781563282013,0.013732434567430118,0.04588848352432251,-0.36023056507110596,-0.01755132960118999,0.08838695287704468,-0.31738924980163574,-0.03457243243195762,-0.052229493856430054,-0.24710175395011902,0.005568129793175558,-0.03643634915351868,-0.3620726466178894,-0.01394709540494432,0.02838018536567688,-0.36177924275398254,-0.03248683610894432,0.0714128315448761,-0.32450079917907715,-0.04072012627460708,-0.0645262598991394,-0.2384738028049469,-0.02824173742868652,-0.04446655511856079,-0.33970358967781067,-0.04063535729386558,0.0034728646278381348,-0.36035674810409546,-0.0482952209744667,0.04515454173088074,-0.3481411933898926,-0.051967980954430004,-1.4319866933528695,-0.6258876760693954,-0.5059355109843925,-0.5593119892406601,-0.7853370229571177,0.021538724275585938,0.018262376615633458,0.03666357442146839,0.07091033159571854,0.0046129028240424605,0.015717310277522413,0.04937683531565669,0.018403666198531413,0.05305396693901683,0.035332223569972614,O
0.0,0.0,0.0,0.06666743755340576,-0.09452617168426514,0.024495963746289817,0.08765482902526855,-0.18579626083374023,0.03176611735818824,0.11290746927261353,-0.25317755341529846,0.02414432428179225,0.10600283741950989,-0.31675463914871216,0.016161325195412246,-0.026135236024856567,-0.24948063492774963,0.06982104181645354,-0.00880405306816101,-0.346187561750412,0.049921353155355064,0.04447248578071594,-0.3517063856124878,0.02240365817544898,0.0823708176612854,-0.3269772529602051,0.006481374421696273,-0.04661092162132263,-0.252658486366272,0.03951191231010398,-0.027502089738845825,-0.3680177628993988,0.012049159774164764,0.03927445411682129,-0.36782073974609375,-0.020837915322204026,0.08210107684135437,-0.3211442232131958,-0.03793630675079385,-0.06396237015724182,-0.2519078254699707,0.004851908696423379,-0.04866555333137512,-0.37318986654281616,-0.015772019705195817,0.019217103719711304,-0.3718779981136322,-0.03358456418516198,0.062069594860076904,-0.33087795972824097,-0.04061656371357003,-0.0747019350528717,-0.243522047996521,-0.029918755596895608,-0.05456414818763733,-0.34727299213409424,-0.04346405268313447,-0.004698038101196289,-0.36671119928359985,-0.0501729950368599,0.036927372217178345,-0.3524891138076782,-0.05229138136508027,-1.431596770165424,-0.6202024580788363,-0.48898501631207225,-0.5597405319285672,-0.7733303665209517,0.025748285204883807,0.024301493925161018,0.04614756749795287,0.0777712837239479,0.005839263321638456,0.02067257024451746,0.05211489017288982,0.022271189840477032,0.05498332252467447,0.03315378319393216,O
0.0,0.0,0.0,0.0657990574836731,-0.09455955028533936,0.027899090078534527,0.08788332343101501,-0.18474113941192627,0.03745736355787699,0.11176320910453796,-0.25230756402015686,0.03263395453697626,0.10290712118148804,-0.3102678060531616,0.027938842651309415,-0.036385923624038696,-0.24612557888031006,0.07293953548079912,-0.013250738382339478,-0.3430633544921875,0.05874596710211222,0.04233357310295105,-0.3505001962184906,0.036355374258818074,0.08250659704208374,-0.329032838344574,0.02331195386952345,-0.05720219016075134,-0.24995404481887817,0.04375068644887392,-0.03293728828430176,-0.36589208245277405,0.022634500515522404,0.03472808003425598,-0.3689907193183899,-0.004739378235427694,0.08206763863563538,-0.33040085434913635,-0.019157046574292735,-0.0724637508392334,-0.24999573826789856,0.01072718004590456,-0.05032604932785034,-0.3740771412849426,-0.005727189249483899,0.021184086799621582,-0.3773180842399597,-0.021038524928627567,0.06959572434425354,-0.3435303568840027,-0.02753178787523325,-0.07845199108123779,-0.24467360973358154,-0.021885383996306018,-0.05033308267593384,-0.34960854053497314,-0.03277299379104193,0.004068523645401001,-0.36674964427948,-0.03765613411658819,0.04933157563209534,-0.3543110489845276,-0.03895331000083502,-1.451676851754491,-0.6089314187271423,-0.5238105851519715,-0.5822707333154636,-0.709116299641842,0.027718366150625937,0.028976260394794714,0.04707490251739245,0.06935521846859377,0.0014367157935132819,0.019413105821085314,0.04170815242504819,0.01810890617637178,0.04053821935499924,0.02295341031730978,O
0.0,0.0,0.0,0.06394141912460327,-0.10630166530609131,0.03467382557420251,0.08514511585235596,-0.19590449333190918,0.044132516455931636,0.11481034755706787,-0.2656724452972412,0.03870534218577859,0.10909146070480347,-0.32260218262672424,0.033304788840098354,-0.05530700087547302,-0.25663161277770996,0.06670819289712426,-0.01404687762260437,-0.3549315929412842,0.04992030627755639,0.04953575134277344,-0.3642124533653259,0.02664356186716077,0.09391826391220093,-0.33989986777305603,0.013437023122889968,-0.07032933831214905,-0.2600705027580261,0.03428249872951028,-0.025943994522094727,-0.38479653000831604,0.011003101912422153,0.04891693592071533,-0.387382447719574,-0.016275384726839093,0.09642583131790161,-0.3478853106498718,-0.030429701584296254,-0.07407993078231812,-0.2583542764186859,-0.00012027313795215377,-0.03847700357437134,-0.3876437246799469,-0.015661156999783543,0.03794431686401367,-0.3918355703353882,-0.02886697024376872,0.08479171991348267,-0.3574589788913727,-0.03421553530068877,-0.06497412919998169,-0.24992215633392334,-0.033317922877984074,-0.03373250365257263,-0.3602140545845032,-0.04142375968666556,0.022266030311584473,-0.3777885138988495,-0.04342679985137465,0.06659796833992004,-0.3618212044239044,-0.04283894904227736,-1.3839960449198196,-0.5089673379519672,-0.48470767189574554,-0.557738496692458,-0.7047709454770694,0.023009472230554776,0.028278167026899437,0.042490865469658176,0.057825846851491065,0.008369897982234944,0.019789294798600875,0.03502775400616801,0.015066773767756421,0.03292279673895223,0.018709398919184553,O
0.0,0.0,0.0,0.06399741768836975,-0.10370087623596191,0.0335608238427767,0.08706578612327576,-0.19369769096374512,0.044006422355664654,0.11793863773345947,-0.263401597738266,0.04061834533501951,0.11410379409790039,-0.3195384442806244,0.03816094268847792,-0.061577290296554565,-0.25637465715408325,0.06770847384620993,-0.016259759664535522,-0.3545336127281189,0.05298829098035185,0.05008915066719055,-0.3648909032344818,0.03140065465856878,0.0973295271396637,-0.34122544527053833,0.01932276990999071,-0.07450631260871887,-0.2602759599685669,0.03674677778769819,-0.02612367272377014,-0.3859189450740814,0.014314304299546166,0.05061325430870056,-0.3910827040672302,-0.01235791090141447,0.0999704897403717,-0.3533901274204254,-0.02583515438448103,-0.07586240768432617,-0.25988245010375977,0.0038370138107666207,-0.03645038604736328,-0.38836631178855896,-0.012023540020095425,0.04205623269081116,-0.3927214741706848,-0.02566105480502756,0.08916640281677246,-0.35915622115135193,-0.030890445962654667,-0.06430530548095703,-0.2543894946575165,-0.02768338079761179,-0.026563435792922974,-0.3653731048107147,-0.03589421118806513,0.031940847635269165,-0.37741711735725403,-0.03684682379673632,0.07597196102142334,-0.3583076298236847,-0.03499875943373354,-1.3591550202431248,-0.4904495147069177,-0.4902244516256826,-0.5415614973582953,-0.6375904493034269,0.02741718519328196,0.036683603196251434,0.04681283721466612,0.05437909930703657,0.0124480590963459,0.019701505587110472,0.027348613485929422,0.012246474234101756,0.024497167398706533,0.013221701915118483,O
0.0,0.0,0.0,0.06321832537651062,-0.10058653354644775,0.033637446272905436,0.08803075551986694,-0.1926446557044983,0.04229198481493768,0.11991536617279053,-0.26512664556503296,0.03672089512997445,0.10850808024406433,-0.3147657811641693,0.03147138367944535,-0.05926644802093506,-0.25872334837913513,0.06363649379068193,-0.015586614608764648,-0.35933586955070496,0.04720126550250825,0.051113516092300415,-0.3704293966293335,0.024539363492067423,0.09871023893356323,-0.34374263882637024,0.011675325143869486,-0.07114702463150024,-0.26375383138656616,0.031476029116447535,-0.02330195903778076,-0.38854241371154785,0.009859133433337774,0.05328604578971863,-0.3920627534389496,-0.01603035729772273,0.10265564918518066,-0.3523068428039551,-0.02991021152979556,-0.07077458500862122,-0.2632124423980713,-0.0025823484959346388,-0.030466526746749878,-0.38929852843284607,-0.016474452879492674,0.047564685344696045,-0.393612802028656,-0.029254333194558058,0.09532207250595093,-0.3603014051914215,-0.035206525664989385,-0.057360708713531494,-0.25516536831855774,-0.03556972656792823,-0.02190232276916504,-0.3646557629108429,-0.041701777916614446,0.035125732421875,-0.3798471689224243,-0.042551818382207784,0.07991436123847961,-0.36272233724594116,-0.04182775605863753,-1.4046614324081481,-0.4937201269284181,-0.47122120191731365,-0.5289690031326928,-0.664607487837307,0.030588494149291077,0.037994503001634074,0.04740636935709013,0.05583396849404908,0.009429308130676816,0.01690184650485125,0.026711682283720072,0.010848703824754145,0.02501297067414851,0.015596745766805434,O
0.0,0.0,0.0,0.062183648347854614,-0.102272629737854,0.042122028693142965,0.08087384700775146,-0.19332844018936157,0.053115867003384665,0.11175885796546936,-0.2593962848186493,0.04704942546743496,0.12162911891937256,-0.3109896779060364,0.04167297847527607,-0.0665891170501709,-0.2673482596874237,0.07530683271545513,-0.0207442045211792,-0.37228408455848694,0.061677716597500876,0.04707533121109009,-0.3810610771179199,0.04103475056547268,0.09501335024833679,-0.3557433485984802,0.029496909975591734,-0.0830969512462616,-0.2699248194694519,0.038230579271498755,-0.03109651803970337,-0.40280699729919434,0.017504682689491347,0.05045682191848755,-0.4055328965187073,-0.005930543952104017,0.10313516855239868,-0.36430731415748596,-0.01685763344210045,-0.08468765020370483,-0.2683671712875366,-0.00060684974812375,-0.03760892152786255,-0.4063827693462372,-0.014350994565006658,0.042479872703552246,-0.4112190902233124,-0.02449930653017418,0.09099560976028442,-0.37587597966194153,-0.027790138572868273,-0.0702226459980011,-0.26107844710350037,-0.037942852899846,-0.024573057889938354,-0.3745657801628113,-0.04654476426583187,0.03646087646484375,-0.3902486562728882,-0.047311138436612055,0.08184540271759033,-0.3750530779361725,-0.04523984722834484,-1.237351811929704,-0.5005300733735907,-0.4690730399600911,-0.5491576312942494,-0.6431794669662847,0.05207005072397949,0.056434001591398636,0.07175405242185501,0.0754112942353146,0.01180277249886785,0.02052961451578627,0.023372216182198577,0.01676910579670779,0.023847967806257708,0.009187135362801739,O
0.0,0.0,0.0,0.06488636136054993,-0.10307878255844116,0.03643413556028463,0.08743128180503845,-0.1990373134613037,0.048112741832028405,0.12047871947288513,-0.26875752210617065,0.04472341683913328,0.12327757477760315,-0.3247714936733246,0.04252945927191831,-0.06317666172981262,-0.26532697677612305,0.07333592248369314,-0.0153903067111969,-0.36961930990219116,0.05822208446670629,0.05453851819038391,-0.37917768955230713,0.03636816811967947,0.10234400629997253,-0.3516448140144348,0.024887700725685136,-0.07750996947288513,-0.2691704034805298,0.04067698416520216,-0.024596601724624634,-0.40145188570022583,0.019254350263963715,0.05675622820854187,-0.4049724340438843,-0.006499272610653861,0.1065283715724945,-0.36294859647750854,-0.018609626989473327,-0.0786794126033783,-0.2682725787162781,0.005907265164296405,-0.03329208493232727,-0.4031592309474945,-0.008561368871141894,0.048407167196273804,-0.40691307187080383,-0.020474905918945296,0.09470129013061523,-0.3709048628807068,-0.024026145066727622,-0.06590697169303894,-0.2612156569957733,-0.02741035896133326,-0.020988255739212036,-0.37414029240608215,-0.034231551762331947,0.040318846702575684,-0.38697412610054016,-0.033522044147957786,0.08351495862007141,-0.36685851216316223,-0.02992386634241484,-1.2930685225330636,-0.48069363975697715,-0.4712646703322445,-0.5344775501099259,-0.6154154357771944,0.034064492295696684,0.04168965083239787,0.054266857276336886,0.05789976484455822,0.012053398305307142,0.020721018140442322,0.024207223052068197,0.014254193436021072,0.023343192077941607,0.011895670085924499,O
0.0,0.0,0.0,0.06841537356376648,-0.11372548341751099,0.05073997790918838,0.08654361963272095,-0.21093004941940308,0.07209534238086235,0.11211863160133362,-0.27894723415374756,0.0759740922878791,0.12350031733512878,-0.330936074256897,0.07987423281178962,-0.06164067983627319,-0.27186334133148193,0.09274993131862175,-0.016362398862838745,-0.3730314373970032,0.08588881830678474,0.049872785806655884,-0.38547027111053467,0.06877201090560447,0.09848105907440186,-0.3609088957309723,0.059210371626477354,-0.07656610012054443,-0.27654093503952026,0.05411484505043518,-0.02885758876800537,-0.4067303538322449,0.036320463223319166,0.05143120884895325,-0.41280442476272583,0.009811863703589552,0.10690385103225708,-0.37064802646636963,-0.003152557713974602,-0.08021330833435059,-0.276535302400589,0.014136773934524172,-0.04275715351104736,-0.41431117057800293,0.002978143682639711,0.03727653622627258,-0.42205679416656494,-0.011676505738932974,0.09041836857795715,-0.38809439539909363,-0.018072992162842638,-0.07128249108791351,-0.2730986177921295,-0.02331939485861767,-0.04185968637466431,-0.39532899856567383,-0.03122306016280163,0.01578235626220703,-0.41967159509658813,-0.035446367757458574,0.06450134515762329,-0.4085260331630707,-0.03590554703964699,-1.2720555956087478,-0.5075232963365035,-0.47393737192234775,-0.5790423584503359,-0.7840839824138677,0.03904271136888092,0.043040467493160386,0.06604157031269482,0.09747348583622005,0.012876105461142812,0.02835592301877837,0.05849797205966597,0.02400306065250321,0.05685697754685596,0.033002180605052556,O
0.0,0.0,0.0,0.06043761968612671,-0.11496186256408691,0.04212335217289365,0.08169275522232056,-0.20829713344573975,0.05733819026045239,0.11299991607666016,-0.2820616662502289,0.05702904704503453,0.11702460050582886,-0.3363795578479767,0.05709604639105237,-0.0764685869216919,-0.26385265588760376,0.0854453528254453,-0.023290157318115234,-0.3697892427444458,0.07483012321881688,0.04511314630508423,-0.38582754135131836,0.05074184480599797,0.09552463889122009,-0.3633050322532654,0.036405672314685944,-0.08793488144874573,-0.2698717713356018,0.05181056353740132,-0.03373461961746216,-0.40555593371391296,0.029747531744760636,0.049514949321746826,-0.4096720218658447,-0.004532301337349054,0.10330614447593689,-0.3638514578342438,-0.022418920886593696,-0.08864688873291016,-0.2724987268447876,0.017359121698063973,-0.05096563696861267,-0.41240301728248596,0.006949583063942555,0.028368473052978516,-0.42069047689437866,-0.009609502744751808,0.07791078090667725,-0.3820030987262726,-0.017553525981384155,-0.07369838654994965,-0.27030348777770996,-0.015286590908544895,-0.049004048109054565,-0.39502519369125366,-0.0177301028788861,0.006928682327270508,-0.4197189509868622,-0.018827763390618202,0.05265873670578003,-0.4068714380264282,-0.017725129616337654,-1.301637811139933,-0.5242615180316818,-0.45676017025655824,-0.5815989892764506,-0.8242141583392816,0.03445619714042029,0.030706698368589566,0.06009491131459063,0.0954571610400163,0.007800667284311405,0.025687850881859303,0.06111887827965752,0.03121548586660237,0.06645207754143198,0.035441501602947525,O
0.0,0.0,0.0,0.06286528706550598,-0.11005258560180664,0.03291857907095164,0.08581054210662842,-0.2073538899421692,0.04207968258776873,0.11845481395721436,-0.2846039831638336,0.036628938405897316,0.11236029863357544,-0.3448871076107025,0.032010468780185874,-0.0771184116601944,-0.2673763036727905,0.0749788984052202,-0.029550015926361084,-0.3775113821029663,0.06019075134315699,0.03963816165924072,-0.3912264108657837,0.035487800031091865,0.0906522274017334,-0.36507976055145264,0.022139006420161422,-0.09153921902179718,-0.2710232138633728,0.04449166649499148,-0.039279162883758545,-0.41028493642807007,0.01982052357413977,0.04213482141494751,-0.41477030515670776,-0.0123989077889064,0.09568998217582703,-0.36770889163017273,-0.027415077076170746,-0.09196577966213226,-0.27292823791503906,0.012130816592957672,-0.05192938446998596,-0.4113748073577881,0.00010525663162752608,0.02894437313079834,-0.4209964871406555,-0.015122213275049035,0.07998788356781006,-0.3826771378517151,-0.020820760042283837,-0.07574336230754852,-0.2687373459339142,-0.01946458301028997,-0.04638814926147461,-0.3934069871902466,-0.021159163550350968,0.01052922010421753,-0.41819292306900024,-0.020953710065100495,0.05651584267616272,-0.4032927453517914,-0.01835960789105684,-1.3800995310557036,-0.5273503601425537,-0.4766835499512694,-0.5680685456087542,-0.7940039057801273,0.02964765740142571,0.028261869659186097,0.04976002052659181,0.08080731267108636,0.005682543743165997,0.020576586627911127,0.051239876751248095,0.02169341595149564,0.05292281031106259,0.031240038031608842,O
0.0,0.0,0.0,0.060537755489349365,-0.10439574718475342,0.03187577299036093,0.08561727404594421,-0.20330965518951416,0.03966276220239706,0.11890727281570435,-0.28393563628196716,0.03289336583770819,0.11107891798019409,-0.3445708155632019,0.02806431858994074,-0.08907249569892883,-0.26292601227760315,0.07580584160245962,-0.042299091815948486,-0.3827716112136841,0.05747546128191061,0.031702667474746704,-0.3962564468383789,0.02977768763162203,0.08637222647666931,-0.36687105894088745,0.01522240101553507,-0.10084418952465057,-0.2675240933895111,0.04571227601923056,-0.042104750871658325,-0.4122706651687622,0.019895602606311513,0.04415905475616455,-0.4127500653266907,-0.012960425920709895,0.09673354029655457,-0.36259207129478455,-0.02850693591676645,-0.09869953989982605,-0.27101966738700867,0.01334873180098839,-0.05193144083023071,-0.405076265335083,-0.00026092561233781453,0.03221660852432251,-0.41291770339012146,-0.014476131059154795,0.08320978283882141,-0.37057948112487793,-0.019324069254025744,-0.0773228108882904,-0.26761382818222046,-0.018381140537485408,-0.04392412304878235,-0.3891698718070984,-0.01983418443046503,0.017363786697387695,-0.4108026921749115,-0.017883136279806422,0.06346023082733154,-0.39259809255599976,-0.014157036662027167,-1.3924659087532631,-0.5348614358344542,-0.4484684031874386,-0.500771470421156,-0.726022136503227,0.033282449725859295,0.023033790808925984,0.03812006529148666,0.06763252694898458,0.011210109693916757,0.004873750594488538,0.03445054140747851,0.015706391424177152,0.044804848342151385,0.029578100919586982,O
0.0,0.0,0.0,0.06035846471786499,-0.10185229778289795,0.02863869203952163,0.08517751097679138,-0.19834280014038086,0.03571659459498733,0.11817491054534912,-0.27520787715911865,0.029361795100840027,0.11453375220298767,-0.3363152742385864,0.025336142096193726,-0.090611532330513,-0.26088833808898926,0.0681193074467501,-0.043711304664611816,-0.3766832947731018,0.04693344740894645,0.030717432498931885,-0.390244722366333,0.018000656205686028,0.08571174740791321,-0.36011913418769836,0.0028669330547472782,-0.10291045904159546,-0.26393023133277893,0.0395202128472647,-0.04285234212875366,-0.4061170220375061,0.012067772846194202,0.042065590620040894,-0.4077518880367279,-0.01987004333409459,0.09367534518241882,-0.3605005145072937,-0.03501308576437623,-0.10104262828826904,-0.26583150029182434,0.008577381658824379,-0.05030697584152222,-0.396539568901062,-0.007973363224891727,0.03174439072608948,-0.40571266412734985,-0.021280019145933693,0.08121097087860107,-0.365102618932724,-0.024979055461017197,-0.07955268025398254,-0.2599414587020874,-0.02186084964546353,-0.04232177138328552,-0.37877747416496277,-0.026636915814606255,0.019068747758865356,-0.40147173404693604,-0.02509070427390725,0.0649057924747467,-0.384878009557724,-0.020964131292430466,-1.3611537373514915,-0.5126003292607721,-0.4566129217452626,-0.4987547819318859,-0.7130588264588776,0.03738090032201245,0.03193742303772826,0.04403542857441016,0.06943539190113727,0.00797272478280076,0.006715065864956962,0.03234021753590129,0.013286835286411785,0.03770874471436669,0.02563054656367782,O
0.0,0.0,0.0,0.057147592306137085,-0.09301543235778809,0.02513929465635556,0.08163982629776001,-0.18573737144470215,0.029154589491326988,0.11574330925941467,-0.26218947768211365,0.019523071216781318,0.1121239960193634,-0.3331860899925232,0.011598230431218326,-0.08464205265045166,-0.24895909428596497,0.06759688453598756,-0.037779927253723145,-0.3579006493091583,0.050995422618825614,0.030928820371627808,-0.37035948038101196,0.02679845699890393,0.08031341433525085,-0.347171425819397,0.014177084992070377,-0.1013108491897583,-0.2519119083881378,0.040159354078014076,-0.05047526955604553,-0.3814487159252167,0.02017805734499234,0.030754148960113525,-0.39014559984207153,-0.005325036497424662,0.08545675873756409,-0.3545745611190796,-0.017712647003691018,-0.10350334644317627,-0.252902090549469,0.009568369107682884,-0.053580790758132935,-0.3791573941707611,-0.00278327232376796,0.026640653610229492,-0.3907950222492218,-0.012311231253306687,0.07705959677696228,-0.3593297302722931,-0.014683618118624508,-0.08781994879245758,-0.24918296933174133,-0.021126964969198525,-0.04946845769882202,-0.3654826283454895,-0.025887820778052628,0.010565966367721558,-0.38813644647598267,-0.023405147624771416,0.056134819984436035,-0.37481963634490967,-0.018693655637662232,-1.3669244340729294,-0.5370206437985093,-0.5025984585452973,-0.5326047100706373,-0.7175548036512662,0.03474913992132807,0.03418491248160984,0.04373787856433491,0.0697720575513321,0.009014455275068688,0.012586170818479328,0.03672911610758317,0.009650075785622162,0.035631996339550095,0.026034274984249685,O
0.0,0.0,0.0,0.05662083625793457,-0.08860570192337036,0.02157338195252123,0.07970762252807617,-0.18330293893814087,0.021775711781856444,0.11258453130722046,-0.25861331820487976,0.009676221280869868,0.11025452613830566,-0.3281644284725189,5.011070174987253e-05,-0.09415625035762787,-0.2430228590965271,0.05691365384268465,-0.04173210263252258,-0.35207104682922363,0.03678508334564867,0.027332305908203125,-0.3662640452384949,0.011379163235005763,0.0775422751903534,-0.33900171518325806,-0.001163314108225677,-0.10911449790000916,-0.24343466758728027,0.030915964848873045,-0.05302625894546509,-0.37633216381073,0.00909446877199116,0.027051836252212524,-0.3877246081829071,-0.01584503940534887,0.08082848787307739,-0.3508903682231903,-0.02778150654626188,-0.10742497444152832,-0.24493202567100525,0.0020686732489139104,-0.052182137966156006,-0.3752972483634949,-0.010118294984522436,0.027713537216186523,-0.38837355375289917,-0.018651697330597017,0.07609456777572632,-0.35624444484710693,-0.021052894659760568,-0.08615586161613464,-0.2433372139930725,-0.027018434845331285,-0.040912091732025146,-0.356425940990448,-0.03141961387586889,0.018974125385284424,-0.3779296278953552,-0.028781944431784723,0.061184972524642944,-0.36363154649734497,-0.024284200288775537,-1.362971280726145,-0.5097239807306783,-0.5148367533496174,-0.5452163484075617,-0.6846827362506634,0.03446067534643753,0.03718010308670249,0.04421979279610303,0.06054533469088317,0.012334474650344311,0.017303398019433647,0.02956670324973744,0.007146757025593836,0.023413784808483454,0.01663926985603868,O
0.0,0.0,0.0,0.06252321600914001,-0.10506081581115723,0.024942717977921802,0.08863964676856995,-0.19762611389160156,0.03012034808949693,0.12237781286239624,-0.2735036313533783,0.022017739244859058,0.12205949425697327,-0.343432754278183,0.015852635257999736,-0.07500708103179932,-0.2579764127731323,0.07298921001807912,-0.018591374158859253,-0.3609156608581543,0.05479766009108289,0.05113837122917175,-0.37237781286239624,0.027332910799543697,0.1018722653388977,-0.34542346000671387,0.012971047775010902,-0.08691173791885376,-0.2623821496963501,0.047084208109538395,-0.020682692527770996,-0.39416706562042236,0.022015295454423267,0.05899617075920105,-0.39504021406173706,-0.011627182832796734,0.10942542552947998,-0.3475054204463959,-0.02779555181308524,-0.08449786901473999,-0.2662677466869354,0.01833472726599439,-0.033741146326065063,-0.3928440809249878,0.006788725030730802,0.046185463666915894,-0.398293673992157,-0.008195444478531044,0.09543725848197937,-0.358063280582428,-0.013668132482905548,-0.06657826900482178,-0.2641294598579407,-0.010462647772271794,-0.030115574598312378,-0.37760812044143677,-0.009982159829576176,0.028081029653549194,-0.39507657289505005,-0.008405268660624188,0.07300251722335815,-0.3754633367061615,-0.004850128202576798,-1.3454815863541805,-0.45914803357436984,-0.4090957738939627,-0.4717417807168376,-0.6732943865307002,0.020285145320859593,0.013274272195820369,0.0303775531864989,0.058587927138209685,0.007834844487097224,0.01418359536347649,0.04166361180181954,0.017525331038265663,0.04591593765855409,0.028391540438136804,O
0.0,0.0,0.0,0.0647318959236145,-0.10666990280151367,0.03674976204501945,0.0876273512840271,-0.20025962591171265,0.04651028339731056,0.12124064564704895,-0.27362996339797974,0.04036777888404686,0.12015426158905029,-0.3391944468021393,0.03567954202162582,-0.07563930749893188,-0.2616266906261444,0.08241347272860367,-0.02050057053565979,-0.3701627254486084,0.06747733850943405,0.04907047748565674,-0.37899452447891235,0.042566359536522214,0.09903651475906372,-0.34732943773269653,0.029633002849095647,-0.08735057711601257,-0.26562318205833435,0.05013002132045585,-0.0211828351020813,-0.397114098072052,0.02936662224101383,0.06170007586479187,-0.3945613205432892,-0.0003836910486825218,0.11297070980072021,-0.34686174988746643,-0.015109196743196662,-0.08377605676651001,-0.2680504024028778,0.015567954191737954,-0.026961922645568848,-0.39734160900115967,0.005949817625605647,0.05555042624473572,-0.3976013660430908,-0.005420312723344978,0.10386556386947632,-0.3571639358997345,-0.009582151165432151,-0.06281423568725586,-0.2645685076713562,-0.018092270447141345,-0.019144415855407715,-0.3826145529747009,-0.017508901162273105,0.041974037885665894,-0.3933979570865631,-0.013310498064583953,0.08492171764373779,-0.37029629945755005,-0.0084031684978072,-1.3408219548122469,-0.4561306949962643,-0.38527426783460966,-0.4433777347480149,-0.6211547738906855,0.022630450914987457,0.010506709898816444,0.024253334035308376,0.046996355086934755,0.0139420415786032,0.010956143003276736,0.02695745231091682,0.013749135211373081,0.036550295136635595,0.02305055926521241,O
0.0,0.0,0.0,0.06143823266029358,-0.10179662704467773,0.039426050303234206,0.08604270219802856,-0.19349539279937744,0.050551454690946684,0.11941593885421753,-0.2695532739162445,0.04602576342011844,0.11692965030670166,-0.33708927035331726,0.04287591498876964,-0.08085513114929199,-0.25542014837265015,0.08847310688878451,-0.024329274892807007,-0.3631475567817688,0.07869161215211307,0.04497420787811279,-0.3713691532611847,0.05609769668961917,0.09331411123275757,-0.34069308638572693,0.043792027203096495,-0.09080147743225098,-0.25967395305633545,0.05608217340494548,-0.029487699270248413,-0.39311254024505615,0.04142975729490672,0.05270719528198242,-0.3939060568809509,0.013821290960265742,0.10309183597564697,-0.3496657609939575,-0.0011350275802328724,-0.08853667974472046,-0.2607842683792114,0.021822997523202048,-0.03220325708389282,-0.39038926362991333,0.01625867296542083,0.0489954948425293,-0.3927587866783142,0.007671611537887202,0.09553593397140503,-0.3528629541397095,0.003886252563177095,-0.06794175505638123,-0.2550027072429657,-0.011318053895877256,-0.025092333555221558,-0.37288540601730347,-0.009106659176097764,0.03612828254699707,-0.3886731266975403,-0.00408227214057888,0.0784609317779541,-0.37013131380081177,0.0006255897257574361,-1.3589252190248482,-0.4552915514043131,-0.4345425497439322,-0.46383177544996856,-0.6663826616665032,0.023888934169368735,0.018699016613042903,0.026580071460179155,0.05071113231264039,0.013270749442774423,0.012371021680984761,0.03297311288396727,0.008204492617398756,0.03202374577225569,0.02428480894080781,O
0.0,0.0,0.0,0.05868282914161682,-0.08936011791229248,0.0281880207291465,0.083984375,-0.18084096908569336,0.03339640683742573,0.11698368191719055,-0.25468605756759644,0.024528669931612512,0.11372774839401245,-0.3197476863861084,0.017406859242043993,-0.09009361267089844,-0.2415430247783661,0.07277599237175991,-0.03657865524291992,-0.3464244306087494,0.05621666721316387,0.03170496225357056,-0.35803258419036865,0.031244656809292337,0.08229035139083862,-0.32992833852767944,0.018418361239753267,-0.10035473108291626,-0.24497199058532715,0.04412757120343258,-0.03956100344657898,-0.37153196334838867,0.024369581409416696,0.04026573896408081,-0.37656038999557495,-0.0022433760644275935,0.09211337566375732,-0.33730071783065796,-0.015250263928749064,-0.09549430012702942,-0.24606043100357056,0.012478552565596601,-0.03894492983818054,-0.3711395263671875,0.0005688710768367855,0.04188701510429382,-0.37820154428482056,-0.009765771410741309,0.09069997072219849,-0.3427456021308899,-0.01271549631593416,-0.0720207691192627,-0.24173986911773682,-0.01891815774826,-0.030579477548599243,-0.35779643058776855,-0.021707373864330748,0.0290718674659729,-0.3765460252761841,-0.01901883930651138,0.07198441028594971,-0.35987961292266846,-0.01479712241081188,-1.3598568461043086,-0.4737745411211076,-0.4472836266540819,-0.4789448031453225,-0.687048041425953,0.033044751600864515,0.02784403026531436,0.0325450867736831,0.057905766586238167,0.012281847680757808,0.015329838341370885,0.031674773242145925,0.005625342529280784,0.03024866527232224,0.025374131083756638,O
0.0,0.0,0.0,0.0614008903503418,-0.08770650625228882,0.03249511113989456,0.08563166856765747,-0.1787635087966919,0.04065692416060074,0.11826089024543762,-0.24763628840446472,0.03426774582493408,0.11562293767929077,-0.3124943971633911,0.02867104104387863,-0.0741645097732544,-0.24353623390197754,0.07380920267331703,-0.02390846610069275,-0.343587189912796,0.06230466059076889,0.040545880794525146,-0.3530881404876709,0.04187532878148659,0.0865793228149414,-0.3261896073818207,0.0314525811992894,-0.0889454185962677,-0.24624395370483398,0.044049370946765976,-0.034227460622787476,-0.3670490086078644,0.028850603761554794,0.04360148310661316,-0.374224990606308,0.005998774810166196,0.09574151039123535,-0.3380630910396576,-0.005377501336454316,-0.08892548084259033,-0.24647775292396545,0.011790193530202941,-0.034035176038742065,-0.37086135149002075,0.002788847690851526,0.04395553469657898,-0.3776369094848633,-0.0062193810879875855,0.0910208523273468,-0.3448359966278076,-0.009124428120969696,-0.07244497537612915,-0.24217095971107483,-0.019734406930922432,-0.031202346086502075,-0.35727840662002563,-0.02219882988703148,0.026186585426330566,-0.3756825625896454,-0.01973196500313179,0.06830322742462158,-0.3601621389389038,-0.015827234921573563,-1.3501807846959877,-0.4749375302581485,-0.4613738266118529,-0.5002272934147718,-0.697670454828809,0.032110595561521946,0.03238872114715957,0.040635472921833726,0.06716672230027905,0.014997509638473829,0.019168072837988315,0.038576528655557885,0.008255716968389228,0.03523105576347586,0.027404034727771275,O
0.0,0.0,0.0,0.06552207469940186,-0.09043347835540771,0.0392234801900031,0.0909724235534668,-0.18236476182937622,0.05239047032114286,0.12410271167755127,-0.253081738948822,0.04935573336001653,0.12424489855766296,-0.3221067786216736,0.0466043755066039,-0.06342041492462158,-0.24899443984031677,0.09294019561525602,-0.01293286681175232,-0.3440035879611969,0.08909533094879407,0.051043808460235596,-0.35210397839546204,0.0707256264638545,0.09560593962669373,-0.3268934488296509,0.06009670269008893,-0.07890826463699341,-0.25407713651657104,0.0611973434340598,-0.02471482753753662,-0.3719636797904968,0.05337385010238904,0.051122426986694336,-0.37554317712783813,0.029633519391381924,0.10106974840164185,-0.33731886744499207,0.016223781893813793,-0.08092594146728516,-0.2554973363876343,0.027081004495585148,-0.030344605445861816,-0.37987783551216125,0.02511796649810094,0.04690122604370117,-0.38310953974723816,0.016135295073354428,0.09358581900596619,-0.34773874282836914,0.011336411501133625,-0.06669622659683228,-0.2508910894393921,-0.006105502450054701,-0.024135172367095947,-0.36384153366088867,-0.004529404767936285,0.03603801131248474,-0.378464937210083,-0.0018520564419759467,0.08025240898132324,-0.35948309302330017,0.0011473414840565965,-1.3370493112473159,-0.45549443049191946,-0.4332088645201254,-0.4862402857055016,-0.6364104863844261,0.029036221867344933,0.027721746538099952,0.039962191482082084,0.05772631997082092,0.011770410342647473,0.020942950346483854,0.036025210782825265,0.012828990693135832,0.0304074746736206,0.017768218379635745,O
0.0,0.0,0.0,0.06012275815010071,-0.08191686868667603,0.031787867419154736,0.0849495530128479,-0.1720380187034607,0.03926896931949386,0.11835730075836182,-0.24157077074050903,0.03256782772365341,0.1164853572845459,-0.30810731649398804,0.02645241538408527,-0.069048672914505,-0.24010497331619263,0.07221352191987762,-0.020465165376663208,-0.339028537273407,0.06332848104062805,0.04194003343582153,-0.3490217924118042,0.045663169346482846,0.08626550436019897,-0.32245752215385437,0.03710522385659942,-0.08545735478401184,-0.2430727481842041,0.043818308733136746,-0.03484731912612915,-0.3654590845108032,0.033298033050925824,0.03964242339134216,-0.3739503026008606,0.014738505467505547,0.08991178870201111,-0.33975744247436523,0.00588176375600824,-0.08661961555480957,-0.24266862869262695,0.013029867544503304,-0.036152541637420654,-0.3693951368331909,0.007693075336248967,0.03953292965888977,-0.3781094551086426,0.0019112063978923288,0.08489766716957092,-0.3464339077472687,0.0004483414464289126,-0.0713137686252594,-0.2369157075881958,-0.01708417875346413,-0.029660344123840332,-0.35262179374694824,-0.017938557319610027,0.027573972940444946,-0.36975598335266113,-0.013781310297815708,0.0683697760105133,-0.35199499130249023,-0.008710379950969127,-1.3430543320674149,-0.4875396947819262,-0.5038568605734794,-0.5440764366663661,-0.6891196343020862,0.03345396707790601,0.04132656556967235,0.04966598195843646,0.06512478146938287,0.01768000657797867,0.024015371009088123,0.03453576663217944,0.008349646895669657,0.024775308517178872,0.017438372529390768,O
0.0,0.0,0.0,0.05711013078689575,-0.08894848823547363,0.03101631718993758,0.08371299505233765,-0.17825579643249512,0.03593379537880992,0.11758124828338623,-0.24925217032432556,0.026432172389036168,0.11156797409057617,-0.3134166896343231,0.018069057719117154,-0.0772651731967926,-0.24488481879234314,0.06731343920648669,-0.02252015471458435,-0.3476666510105133,0.0525920828741846,0.043728649616241455,-0.3553830683231354,0.03117927815139865,0.08943775296211243,-0.32666879892349243,0.020834595890050878,-0.09158343076705933,-0.24808821082115173,0.03690342883885478,-0.0346125066280365,-0.37399613857269287,0.021879781962638845,0.04286402463912964,-0.3785388469696045,0.001689527410349001,0.09076723456382751,-0.34047582745552063,-0.007829410961562644,-0.0899544358253479,-0.24827608466148376,0.004058948246097316,-0.03579893708229065,-0.3762270510196686,-0.005055645487004767,0.041359275579452515,-0.37969380617141724,-0.009700031957322608,0.08347660303115845,-0.34270042181015015,-0.009647752164596568,-0.07130289077758789,-0.24271613359451294,-0.02828815300642873,-0.02894437313079834,-0.3577946722507477,-0.031725314452046405,0.028746306896209717,-0.37242957949638367,-0.026413436053985606,0.06686171889305115,-0.3534824252128601,-0.019934193237418185,-1.3675542524931126,-0.4560970716900877,-0.4689519271496146,-0.4985713371875244,-0.6757754524824845,0.0257946716941075,0.03413015828393132,0.04057908449119397,0.06003259465686518,0.013870888876115317,0.01710404165334381,0.035052073677220366,0.007622475200864745,0.027214798634326926,0.019806715333411006,O
0.0,0.0,0.0,0.059361398220062256,-0.09285134077072144,0.030556590328671973,0.0857539176940918,-0.18278813362121582,0.03652697152898554,0.1204763650894165,-0.25409916043281555,0.02850739381716494,0.11863696575164795,-0.3232656717300415,0.0215572277407432,-0.07377046346664429,-0.24955666065216064,0.06881692356870417,-0.020277023315429688,-0.3515203595161438,0.055132412384011786,0.044492512941360474,-0.3587262034416199,0.03393845356509928,0.08993196487426758,-0.3294510245323181,0.023658932219007056,-0.08938342332839966,-0.2532833218574524,0.039589689145543616,-0.030711382627487183,-0.3794559836387634,0.024227702091195624,0.04571652412414551,-0.38448184728622437,0.0023683915238166264,0.09590816497802734,-0.3448769450187683,-0.008104667035183866,-0.08881914615631104,-0.25291284918785095,0.007947938549079936,-0.033124059438705444,-0.3786584138870239,-5.837002333919372e-06,0.04328003525733948,-0.3842892646789551,-0.006125561860642392,0.08854508399963379,-0.34960877895355225,-0.007270586178890426,-0.07203978300094604,-0.24592632055282593,-0.023239630242130715,-0.0299491286277771,-0.36126548051834106,-0.025667757694861848,0.026527196168899536,-0.3827266991138458,-0.021820739810607392,0.06729090213775635,-0.3700602352619171,-0.016549580698153932,-1.3408559518170948,-0.4540389971066583,-0.45909453008505335,-0.4991372727024991,-0.7277815022629847,0.02936384962260635,0.03136312353333088,0.039993507542682306,0.06947049319517276,0.01654309495029458,0.02020540773820734,0.04649436221650552,0.008752440452853925,0.03812015005138134,0.02949580159532399,O
0.0,0.0,0.0,0.06016024947166443,-0.08914291858673096,0.035237181732895806,0.08532711863517761,-0.17646348476409912,0.047999098698142006,0.1142052412033081,-0.24498167634010315,0.04487045461917205,0.11184251308441162,-0.31059691309928894,0.04193307439470573,-0.058260589838027954,-0.23720425367355347,0.09466134364390655,-0.01916608214378357,-0.32841265201568604,0.08953625316405578,0.041198790073394775,-0.33872538805007935,0.06930574382329269,0.08520457148551941,-0.3184661865234375,0.05752274746680541,-0.0740843415260315,-0.24189448356628418,0.06460491920495315,-0.02941015362739563,-0.3503083288669586,0.05468316728854461,0.0426066517829895,-0.35868093371391296,0.02813902663672252,0.09368309378623962,-0.32600730657577515,0.01298113706195636,-0.08105471730232239,-0.24524205923080444,0.03114972988748832,-0.03451988101005554,-0.35534384846687317,0.02659125047409816,0.038772404193878174,-0.36224663257598877,0.0133085593455462,0.08691996335983276,-0.33166807889938354,0.006352402536663249,-0.07624074816703796,-0.24534118175506592,-0.0017975179604263758,-0.0390925407409668,-0.34808701276779175,-0.0006858323710048353,0.016546577215194702,-0.3671101927757263,0.00010229841916498117,0.0610680878162384,-0.3539354205131531,0.00168337629781945,-1.375633257609325,-0.5153643668760011,-0.4647395023474492,-0.4751945459758807,-0.6691526053295015,0.027775985974398874,0.023816900225406123,0.032636291347963885,0.06675528807648771,0.011346974576845538,0.013312870899566426,0.04290263865701809,0.008819539470081251,0.04293853936177124,0.034119700638572496,O
0.0,0.0,0.0,0.06232735514640808,-0.09100449085235596,0.03384910409897657,0.08370298147201538,-0.18071866035461426,0.04733954628557058,0.11030352115631104,-0.2490437626838684,0.04548789819330068,0.1098998486995697,-0.3118796646595001,0.04426878576725812,-0.05926111340522766,-0.24310266971588135,0.09059738998860212,-0.011868000030517578,-0.33327072858810425,0.08272465949505659,0.05000227689743042,-0.3403915762901306,0.06151401510089727,0.09325259923934937,-0.3163752257823944,0.04989202206581922,-0.07664337754249573,-0.24849078059196472,0.061869743071497396,-0.025905966758728027,-0.35566627979278564,0.04831350853294225,0.049083173274993896,-0.35822242498397827,0.021673056088388876,0.10147625207901001,-0.3214498460292816,0.007712096232921795,-0.08371606469154358,-0.2506586015224457,0.029612791515887693,-0.034889429807662964,-0.36312413215637207,0.021027029283345655,0.04022318124771118,-0.3673984408378601,0.006325505465269998,0.08930552005767822,-0.3337469696998596,-0.0002037075513499076,-0.07864221930503845,-0.250745952129364,-0.0019741970803579534,-0.03925079107284546,-0.35525035858154297,-0.004447564691304251,0.01790490746498108,-0.3728594183921814,-0.0055099914073935,0.06424924731254578,-0.35793575644493103,-0.004228813316672131,-1.3736598104551239,-0.4478714904953787,-0.388760828866612,-0.4476984945702411,-0.6435960747085439,0.017243578062585644,0.01274932749114311,0.030038398791186652,0.06484705851112282,0.009663345004571458,0.017814514329623787,0.05068009601354034,0.01730161751122018,0.0521255363784503,0.034826917866457974,O
0.0,0.0,0.0,0.06267350912094116,-0.1058344841003418,0.04104514000911763,0.08185288310050964,-0.19247251749038696,0.055006682406855134,0.1084587574005127,-0.2613649368286133,0.052786670159292726,0.10313042998313904,-0.32152384519577026,0.05078764213223508,-0.05543062090873718,-0.24740073084831238,0.08674135385055592,-0.015880554914474487,-0.34383541345596313,0.07937805680532506,0.04336264729499817,-0.3552990257740021,0.06057910947103551,0.08304703235626221,-0.33540669083595276,0.04998512519497922,-0.07335250079631805,-0.2535056173801422,0.05364924622674039,-0.03146219253540039,-0.3764932155609131,0.04122401354808858,0.03702309727668762,-0.3817312717437744,0.017264058347535638,0.08129653334617615,-0.3444894552230835,0.004047085996461419,-0.0802474170923233,-0.25600096583366394,0.0184229682197099,-0.043613165616989136,-0.38299259543418884,0.012397707905364541,0.028711140155792236,-0.3886045217514038,0.0014296444130366126,0.07272672653198242,-0.3549509644508362,-0.004005990922706815,-0.07364290952682495,-0.25232481956481934,-0.01529437536399314,-0.03686758875846863,-0.3637666404247284,-0.01514027593682954,0.019751757383346558,-0.3779211640357971,-0.012687450740742179,0.06211695075035095,-0.35943761467933655,-0.009869017172860595,-1.4073898191212586,-0.5661318187085809,-0.5317904448806711,-0.5741515090111304,-0.6679896677090341,0.02441467311491956,0.03168814109852785,0.045185810662621416,0.05585301599046681,0.009249911118299606,0.02210174978231569,0.031867751988438345,0.013523489348350735,0.0243167403177245,0.011519434552502828,O
0.0,0.0,0.0,0.06189447641372681,-0.10387516021728516,0.04144682067664007,0.08227664232254028,-0.1899104118347168,0.055263140082672635,0.10890716314315796,-0.2584148347377777,0.05262667018206457,0.10147163271903992,-0.3160307705402374,0.049852178275898495,-0.05555850267410278,-0.24570128321647644,0.08777658346326689,-0.01705986261367798,-0.3419906198978424,0.08116710636051039,0.04138955473899841,-0.3534719944000244,0.06274249109657148,0.0815383791923523,-0.33556756377220154,0.05215079787404875,-0.07467764616012573,-0.25045153498649597,0.05408851134808401,-0.03440389037132263,-0.3743179142475128,0.04117326515944342,0.033425480127334595,-0.3814142942428589,0.0167723231318746,0.07956522703170776,-0.3448639214038849,0.0037343756596897038,-0.08260074257850647,-0.2526742219924927,0.01834596771033148,-0.04697692394256592,-0.37944871187210083,0.012454276748314896,0.02410164475440979,-0.38752180337905884,0.001352455310836831,0.06944891810417175,-0.3555667996406555,-0.0038853396360423176,-0.07657372951507568,-0.24914059042930603,-0.015992579206510982,-0.04431149363517761,-0.3623594045639038,-0.01572046723930498,0.010280340909957886,-0.3796630799770355,-0.013554924323841533,0.05351674556732178,-0.36380109190940857,-0.010792116790696582,-1.4197595806710501,-0.5802282396313937,-0.5492706124898911,-0.5949192109727273,-0.7224379238400649,0.02791094562976545,0.03621106459169397,0.05087781292797871,0.06768806989010627,0.009503451723727198,0.023369306894400775,0.03977868854160355,0.01472723018318391,0.03220465515039303,0.017934260255477584,O
0.0,0.0,0.0,0.06785893440246582,-0.10627412796020508,0.04344605923228073,0.09001696109771729,-0.19161811470985413,0.05602356687717247,0.11828142404556274,-0.2591153383255005,0.051112792348192215,0.1124826967716217,-0.32020285725593567,0.046078993832395554,-0.04697674512863159,-0.2512322664260864,0.09162942588858414,-0.008892357349395752,-0.3442475199699402,0.08311999857954788,0.05049905180931091,-0.3532693684101105,0.0629824575834732,0.09158694744110107,-0.33490362763404846,0.051030035024211884,-0.06515303254127502,-0.2553091049194336,0.05531718105606842,-0.020312190055847168,-0.3751611113548279,0.040786224310920716,0.04918837547302246,-0.37804174423217773,0.015461231475399018,0.09617578983306885,-0.3408163785934448,0.001682135752105296,-0.07289677858352661,-0.25718677043914795,0.01649216272465992,-0.030500143766403198,-0.3785872757434845,0.00916758075885582,0.04250746965408325,-0.3821946382522583,-0.002130052414088368,0.08905205130577087,-0.35010233521461487,-0.0077865869871516225,-0.06762737035751343,-0.25428152084350586,-0.020979517245962143,-0.027021348476409912,-0.35799458622932434,-0.021637716437055587,0.029758870601654053,-0.3711099624633789,-0.020221217641903877,0.07360440492630005,-0.35560816526412964,-0.01840148969955635,-1.3978268096582152,-0.5432438585239628,-0.4873730863975308,-0.5208823955066713,-0.622341188472519,0.025548874530866364,0.026283692203238274,0.037986496668526035,0.05258381321248097,0.00748452392648745,0.015408647264976856,0.027423524823991425,0.01170370202011147,0.026986373774936106,0.016399510456087337,O
0.0,0.0,0.0,0.06565722823143005,-0.10442984104156494,0.04260111292808233,0.08610501885414124,-0.19145828485488892,0.055423178430487496,0.11398765444755554,-0.25988438725471497,0.05130675500242887,0.1104712188243866,-0.3209746479988098,0.04702051794140516,-0.047314584255218506,-0.2511998116970062,0.08721795743315397,-0.0071690380573272705,-0.34586966037750244,0.07848891681044279,0.05306777358055115,-0.3552638590335846,0.05889706751315771,0.0934511125087738,-0.33556032180786133,0.04751674523561178,-0.06617265939712524,-0.25645366311073303,0.05170937692730604,-0.021846741437911987,-0.3775807023048401,0.036982332076718194,0.04819077253341675,-0.3801612854003906,0.0123586894011396,0.0940338671207428,-0.34221696853637695,-0.0009165880504724555,-0.07475456595420837,-0.2584320902824402,0.014049481320967061,-0.03492969274520874,-0.3836439549922943,0.0061976320108669825,0.038311153650283813,-0.38664117455482483,-0.004326556623141187,0.08377447724342346,-0.35331907868385315,-0.009190069791088717,-0.06974801421165466,-0.2544454038143158,-0.022106533218334334,-0.030012428760528564,-0.3634200692176819,-0.023741747532199042,0.02748054265975952,-0.37528055906295776,-0.021618728805492538,0.07114318013191223,-0.35625433921813965,-0.018822216708372252,-1.3848377055464507,-0.5399026912850389,-0.4915102715611223,-0.5393499926722458,-0.6257377403846895,0.022414858898927154,0.02685931333541549,0.04193898195450503,0.05283323991511423,0.006682106599421241,0.02022401334649502,0.030428378259570968,0.015116611074627024,0.026852026487358974,0.012967861085137047,O
0.0,0.0,0.0,0.06334304809570312,-0.09785163402557373,0.04428354280418034,0.08532243967056274,-0.18572980165481567,0.0581456423026907,0.11381843686103821,-0.2540019750595093,0.05465634541934605,0.10893729329109192,-0.31004413962364197,0.051157739035545546,-0.052837371826171875,-0.24410128593444824,0.0900493525189745,-0.013241827487945557,-0.3394322991371155,0.0854666345042574,0.04841214418411255,-0.3473239243030548,0.06972335653728123,0.08988535404205322,-0.324482798576355,0.06125827508395787,-0.0696568489074707,-0.24897107481956482,0.054924868069349486,-0.023736298084259033,-0.3699920177459717,0.04352486508315678,0.04798150062561035,-0.36889639496803284,0.021947478897629935,0.09310823678970337,-0.3283035457134247,0.01154944861656304,-0.07494218647480011,-0.25223180651664734,0.017934933326898772,-0.032454848289489746,-0.3742324113845825,0.014183972052990157,0.04102683067321777,-0.37556684017181396,0.005177768900750834,0.08433672785758972,-0.3403548002243042,0.0012646112812149113,-0.06703725457191467,-0.25014737248420715,-0.017553020246566575,-0.03161519765853882,-0.36079469323158264,-0.015419285722316545,0.025038570165634155,-0.37206563353538513,-0.012188342377783101,0.06688487529754639,-0.350406289100647,-0.008748246334732812,-1.3830721951079676,-0.5129214426121704,-0.45352070837319625,-0.5053442859841698,-0.6426275244574662,0.02390504677890886,0.024165366549583834,0.03903746874089765,0.058288154624314255,0.004998507966436313,0.016813913549421404,0.034656159386746356,0.014905438746717367,0.03429571333548466,0.020139503132121546,O
0.0,0.0,0.0,0.061137646436691284,-0.09808045625686646,0.0404202239993765,0.08201509714126587,-0.18240320682525635,0.05147623740469953,0.11093214154243469,-0.24959763884544373,0.04609366603528997,0.1077660620212555,-0.31107980012893677,0.04110145293509504,-0.05951574444770813,-0.2383347451686859,0.08315667607223531,-0.019710630178451538,-0.33657383918762207,0.07536559649145147,0.0423261821269989,-0.34554609656333923,0.05769305773412725,0.08418050408363342,-0.3214816749095917,0.04849750273262998,-0.07697713375091553,-0.24203133583068848,0.05002563171422025,-0.02942138910293579,-0.3650651276111603,0.03625290938055059,0.041455864906311035,-0.3649492561817169,0.013626847456748692,0.08492603898048401,-0.3242720663547516,0.002705080475266186,-0.08150079846382141,-0.24507716298103333,0.015047677833194939,-0.03670591115951538,-0.36651670932769775,0.010462715331073014,0.03558236360549927,-0.3699392080307007,0.0021829125877275146,0.0770750343799591,-0.3352932929992676,-0.0010624870950550758,-0.07144001126289368,-0.2419632077217102,-0.018707846250777038,-0.03385782241821289,-0.35160285234451294,-0.01655150852764109,0.022066384553909302,-0.3645893931388855,-0.012382999021951946,0.06199219822883606,-0.34342336654663086,-0.008035824593548568,-1.3732838529876743,-0.5245578825867135,-0.46999725124346603,-0.5172490262585853,-0.6501159093548643,0.025777461903402205,0.026376173730769722,0.03909261330047378,0.05604777332867699,0.002888270537820797,0.015532176085948042,0.031205107732564397,0.013531655847946045,0.029878643721919895,0.017134469418314664,O
0.0,0.0,0.0,0.0623587965965271,-0.09739857912063599,0.0407268000797103,0.08215725421905518,-0.18405818939208984,0.05453161951459151,0.11013603210449219,-0.2501891851425171,0.05159537550366622,0.1099679172039032,-0.3132058084011078,0.048983637805349645,-0.055901288986206055,-0.24377107620239258,0.0888658767596553,-0.013301730155944824,-0.33798539638519287,0.08270594533837539,0.04866704344749451,-0.3470211923122406,0.0653264081136058,0.09035864472389221,-0.3267938494682312,0.05566286351836425,-0.0732315331697464,-0.2486463487148285,0.05564139094508391,-0.026106148958206177,-0.3667309880256653,0.04303054567731124,0.04538795351982117,-0.37005436420440674,0.02009759527004462,0.09318691492080688,-0.3338938057422638,0.008492709699339684,-0.07832285761833191,-0.25144344568252563,0.019932848031885442,-0.0327812135219574,-0.37019187211990356,0.013894450481302556,0.03920021653175354,-0.3753963112831116,0.0029334755179206695,0.08417582511901855,-0.3438620865345001,-0.0019141835130085383,-0.06888726353645325,-0.24902361631393433,-0.014571552534334842,-0.03231796622276306,-0.3574613332748413,-0.015347565893762294,0.022193610668182373,-0.3726781904697418,-0.014294579994611922,0.06472212076187134,-0.35546693205833435,-0.011944535557859126,-1.3586951027601983,-0.5162843390649858,-0.4733976433139557,-0.5171129990487717,-0.6727104847035014,0.02385704146027224,0.026638229513482343,0.04006294301604761,0.061912718147769746,0.0076425448248558245,0.018153566448958904,0.03846267055307193,0.01343749833000032,0.03571616280565015,0.022652131309158174,O
0.0,0.0,0.0,0.053549498319625854,-0.09754407405853271,0.040212687518760504,0.07445228099822998,-0.18643343448638916,0.05184323754565412,0.10520565509796143,-0.25508400797843933,0.04724108096615964,0.10463905334472656,-0.30872952938079834,0.044002723362609686,-0.08628752827644348,-0.2468293011188507,0.08005902585045988,-0.03499963879585266,-0.35034799575805664,0.06523932930485898,0.03582406044006348,-0.3591803312301636,0.040825192299053015,0.08708974719047546,-0.33027154207229614,0.027759787109062017,-0.0965747982263565,-0.2502802014350891,0.04628806230084592,-0.029358088970184326,-0.3744899034500122,0.02499946806983644,0.052218109369277954,-0.3716967701911926,-0.002628080133035837,0.10102260112762451,-0.3248860239982605,-0.01593749370022124,-0.09152168035507202,-0.25182044506073,0.0108658684830516,-0.030745238065719604,-0.36932647228240967,-0.0018230994983241544,0.046844303607940674,-0.36809995770454407,-0.012201851751342474,0.09075924754142761,-0.3260597586631775,-0.014769218448236643,-0.06869041919708252,-0.24834510684013367,-0.023151028487518488,-0.020667731761932373,-0.3540310263633728,-0.025025801319316088,0.03651690483093262,-0.3642667829990387,-0.020835188734963594,0.07546541094779968,-0.3416512608528137,-0.015465176250472723,-1.3288001183343374,-0.4485561421219329,-0.3610173637871636,-0.3867661471905969,-0.5744458955321288,0.027785544034556672,0.016556299253234884,0.022203284804666244,0.0439879735134418,0.014937477155118742,0.005586085598249017,0.016267242931930725,0.010330250718105952,0.030565391158580063,0.0218402467541469,O
0.0,0.0,0.0,0.0514984130859375,-0.09036576747894287,0.03581449154131633,0.07141479849815369,-0.18062615394592285,0.04714558783285838,0.10348692536354065,-0.24961033463478088,0.043880784393479644,0.10644757747650146,-0.3074871301651001,0.04283157500736934,-0.09658864140510559,-0.23322618007659912,0.08083507555835467,-0.044635891914367676,-0.3384377956390381,0.06975457954519015,0.023663192987442017,-0.3517657518386841,0.04747927698605281,0.07348582148551941,-0.3263453245162964,0.035719414682318984,-0.10250651836395264,-0.23780426383018494,0.05109544235580188,-0.03834649920463562,-0.36188238859176636,0.03668035704009753,0.04099404811859131,-0.36143311858177185,0.01113351944201213,0.08941885828971863,-0.3191257119178772,-0.0021092896599270716,-0.09335073828697205,-0.24151188135147095,0.01935466702394706,-0.03781113028526306,-0.3574673533439636,0.013422960856189547,0.038202911615371704,-0.3587080240249634,0.003755686779697953,0.0819210410118103,-0.3193722069263458,-0.0002935874758236423,-0.06519487500190735,-0.24119168519973755,-0.011552322215209188,-0.023800581693649292,-0.3449817895889282,-0.008322989127407254,0.03283745050430298,-0.3541635572910309,-0.003476362234721364,0.07030889391899109,-0.33053356409072876,0.0010208192730374321,-1.3013604029133512,-0.500937071229285,-0.4007807972459248,-0.41804211277119996,-0.5829070797782793,0.03797510832369716,0.020626048151751755,0.027254468268057046,0.042861901100607266,0.01749241172266477,0.010944281492176501,0.005256825990634369,0.0075018680155079075,0.022256006592560808,0.016106453795177632,O
0.0,0.0,0.0,0.053351789712905884,-0.09579020738601685,0.032468322652221104,0.07601380348205566,-0.18233883380889893,0.03770989550912418,0.1086280345916748,-0.2541114389896393,0.0283950809266571,0.10714074969291687,-0.32143741846084595,0.02078780344390907,-0.09319445490837097,-0.2388095259666443,0.07116058467590847,-0.03592824935913086,-0.3436144292354584,0.05649616195523777,0.031524866819381714,-0.35514697432518005,0.0331123508390192,0.07874903082847595,-0.3293314576148987,0.020901750760913274,-0.10248300433158875,-0.24293890595436096,0.04119124262297191,-0.03705975413322449,-0.37117183208465576,0.025031162413597485,0.040824055671691895,-0.37218546867370605,0.001474341481753072,0.08708259463310242,-0.3318926990032196,-0.010700260301291564,-0.09562528133392334,-0.24477791786193848,0.009237125503659627,-0.03838115930557251,-0.3727547526359558,0.0019572637852434127,0.036876559257507324,-0.37465882301330566,-0.0030909946776773722,0.07810166478157043,-0.33514007925987244,-0.004250259616583207,-0.07108169794082642,-0.24006786942481995,-0.022211261105894664,-0.02473422884941101,-0.34965261816978455,-0.02166081779932938,0.03278234601020813,-0.36187949776649475,-0.015160760854541877,0.06936398148536682,-0.34149837493896484,-0.008925864485263446,-1.3506470641630959,-0.4845934197218445,-0.43874699583901844,-0.4796287063424787,-0.6254734109907353,0.029468721625533198,0.022619515371097087,0.03210967713107009,0.042772960980319616,0.008718270650480427,0.005844584520147149,0.015365969814601824,0.009550004163843955,0.020154857034016985,0.010806249734645263,O
0.0,0.0,0.0,0.05368620157241821,-0.0958784818649292,0.031016826447455514,0.07879728078842163,-0.18375498056411743,0.037343457159010995,0.11077859997749329,-0.25655850768089294,0.029951149415580858,0.1068049967288971,-0.3230476379394531,0.02417309750279628,-0.08500778675079346,-0.24135789275169373,0.06900890153309547,-0.030045360326766968,-0.34548962116241455,0.053707126345841516,0.03637051582336426,-0.3541910946369171,0.0306918283965274,0.08392152190208435,-0.3267133831977844,0.01918868702313148,-0.09584096074104309,-0.24578726291656494,0.039809349742142786,-0.032943785190582275,-0.3744870126247406,0.021012989621965517,0.044699132442474365,-0.37471508979797363,-0.0035819680854842773,0.09228286147117615,-0.3324432671070099,-0.015108020227046381,-0.091939777135849,-0.24614140391349792,0.008543495837955106,-0.03641423583030701,-0.3709458112716675,-0.0016523505985901465,0.039332449436187744,-0.3735848069190979,-0.00808404124865092,0.08231329917907715,-0.33595404028892517,-0.008677721205742728,-0.07188501954078674,-0.23936474323272705,-0.022033145833404433,-0.03218427300453186,-0.3519355058670044,-0.024030830893309485,0.02380433678627014,-0.3716024160385132,-0.01918230410257138,0.06284147500991821,-0.3586963415145874,-0.013113680477829348,-1.3723711576707203,-0.4678574443567205,-0.4316609051462118,-0.47590336347384266,-0.7248761984864975,0.023175226179011736,0.017296538957195604,0.02768426395045232,0.05660054159213425,0.01013625024369767,0.009379558827729931,0.038305064934944046,0.010569659437791637,0.039446408614865605,0.029939342035412198,O
0.0,0.0,0.0,0.053430795669555664,-0.09313160181045532,0.034551166407823075,0.07476654648780823,-0.18295687437057495,0.04270311858510922,0.10447171330451965,-0.25346463918685913,0.03598053421831082,0.1034209132194519,-0.3174596130847931,0.030483123324870576,-0.09212788939476013,-0.23843368887901306,0.07615837868308972,-0.042076051235198975,-0.34083041548728943,0.06382334645843457,0.02531406283378601,-0.3545319437980652,0.041104384176492204,0.07557997107505798,-0.331539511680603,0.028660154379963387,-0.10208389163017273,-0.24167174100875854,0.04541035410022687,-0.04349315166473389,-0.3671771287918091,0.030419111661672105,0.03526771068572998,-0.37331679463386536,0.006107539814024676,0.08538293838500977,-0.3364783823490143,-0.006719969268829118,-0.09751012921333313,-0.24299389123916626,0.012634177170752992,-0.043340831995010376,-0.3683347702026367,0.006053215768247355,0.03347200155258179,-0.3764318525791168,-0.000683013347384076,0.07853496074676514,-0.34151798486709595,-0.0031386011372660505,-0.07449620962142944,-0.2379852533340454,-0.019542162828088294,-0.03141888976097107,-0.3479376435279846,-0.01851585838937808,0.026002496480941772,-0.3631385266780853,-0.01303664740169097,0.06446361541748047,-0.34533482789993286,-0.007810536827832948,-1.3608950093511585,-0.5068013262265398,-0.46821702261097176,-0.5102238243678912,-0.6577603016899812,0.031198743627841495,0.026212251342714776,0.03461381058606999,0.04790301298479748,0.010976821559963355,0.010406819451371976,0.01771677489547859,0.008502493238700842,0.022716837394676757,0.014579816532223481,O
0.0,0.0,0.0,0.051016420125961304,-0.09437823295593262,0.033321463853098976,0.07115384936332703,-0.18440335988998413,0.04036324599383079,0.1022140383720398,-0.2566259205341339,0.03275914990899764,0.10212796926498413,-0.32035747170448303,0.026500932291128265,-0.09978759288787842,-0.229114830493927,0.08041741827128135,-0.0477374792098999,-0.3297324776649475,0.068666086882331,0.019141733646392822,-0.348891019821167,0.04480558761952125,0.06913506984710693,-0.3298492431640625,0.03138949477670394,-0.10791641473770142,-0.23290130496025085,0.05062177160380088,-0.04562842845916748,-0.357749342918396,0.03556205087897979,0.032047927379608154,-0.36527371406555176,0.008735417738535034,0.08091428875923157,-0.32810068130493164,-0.005732444230488909,-0.10183149576187134,-0.23536792397499084,0.018647308811523544,-0.0479244589805603,-0.36070746183395386,0.01282879000154935,0.02849489450454712,-0.3695448040962219,0.004187910236396419,0.07339417934417725,-0.33446913957595825,0.00037586173948511714,-0.07781821489334106,-0.23242953419685364,-0.012718578450403584,-0.03551459312438965,-0.3425450026988983,-0.010423470869682205,0.02233293652534485,-0.3578861355781555,-0.0052965708300689585,0.061301618814468384,-0.33957141637802124,-0.0004838547602048493,-1.3467920231974455,-0.5377199252348073,-0.46696368743246186,-0.5147134510212887,-0.6562672041715505,0.03433111034381278,0.022582682203773446,0.032012026698225296,0.04512168615007771,0.01190829403210056,0.006283586282106881,0.01248533568162918,0.009854405429258322,0.02272079632141499,0.013124909475098973,O
0.0,0.0,0.0,0.051794588565826416,-0.08846604824066162,0.030834406628571287,0.06990599632263184,-0.17768847942352295,0.03687896394666268,0.09903895854949951,-0.2461925745010376,0.02865968273516728,0.09899809956550598,-0.309294193983078,0.021571399658284918,-0.0968390703201294,-0.22694915533065796,0.06899850258167817,-0.04813554883003235,-0.3301321268081665,0.05543372222717835,0.016880780458450317,-0.3468622863292694,0.03359892034467293,0.06547185778617859,-0.326847642660141,0.021979743629060522,-0.10815262794494629,-0.22951826453208923,0.03939983436401917,-0.05101671814918518,-0.3521204888820648,0.02355387063261105,0.026514679193496704,-0.3639001250267029,0.0005153352537377032,0.07765987515449524,-0.33069154620170593,-0.011562610030807718,-0.10312488675117493,-0.23016655445098877,0.007461991641037002,-0.04875415563583374,-0.3543357849121094,-0.0012393881191314904,0.02810072898864746,-0.36546754837036133,-0.008650236748792395,0.07370135188102722,-0.33427149057388306,-0.011206720941402182,-0.08104977011680603,-0.22684988379478455,-0.02395237794581817,-0.0380709171295166,-0.33766523003578186,-0.025809628874696955,0.018133580684661865,-0.35587137937545776,-0.02194185553554462,0.05596613883972168,-0.3408461809158325,-0.017541684196032747,-1.3532399350125075,-0.5517212923201134,-0.4986040069367056,-0.5321000227375763,-0.693946824377364,0.0378435258439829,0.030218644956097492,0.03554983527946681,0.053359886837493896,0.012779802886087243,0.011083234676912735,0.016920926865425814,0.005337219146191265,0.02395276187566415,0.018914659254478196,O
0.0,0.0,0.0,0.051591724157333374,-0.09629619121551514,0.032489773361874086,0.07007667422294617,-0.18439024686813354,0.03669429245491074,0.09962967038154602,-0.2550390660762787,0.02611001442272709,0.09748038649559021,-0.32060861587524414,0.016607961161923868,-0.09816119074821472,-0.2309962511062622,0.0682030548443322,-0.04896003007888794,-0.33624500036239624,0.0542293903519635,0.014969229698181152,-0.3561778664588928,0.033009473710251314,0.06312045454978943,-0.33667200803756714,0.022206968172383768,-0.10959246754646301,-0.23278704285621643,0.037188146739197236,-0.05205953121185303,-0.36168861389160156,0.0225125500102763,0.024025410413742065,-0.3738781809806824,0.0018596727269937219,0.07337772846221924,-0.34137770533561707,-0.008530674957739848,-0.10400623083114624,-0.23307105898857117,0.004055336127919418,-0.048447877168655396,-0.36168384552001953,-0.0030728252502854048,0.027303576469421387,-0.37271490693092346,-0.007025418327259558,0.07087767124176025,-0.34071895480155945,-0.007624646172928351,-0.0803905725479126,-0.22917750477790833,-0.028544404999422568,-0.03644648194313049,-0.3406802713871002,-0.02891770702700569,0.019962310791015625,-0.3590225577354431,-0.0225565857152219,0.05682116746902466,-0.34362873435020447,-0.016421596975135344,-1.3722713427621624,-0.5800395266511936,-0.5356176950494788,-0.5517670927499188,-0.6952031023834395,0.03792937504205205,0.031816555459172446,0.03334861602237235,0.0467236337034208,0.011285178561967353,0.008749410775405314,0.009384937864196571,0.0025853894042658834,0.01670888516765516,0.014354515503305671,O
0.0,0.0,0.0,0.05070996284484863,-0.09438008069992065,0.026098129148181215,0.07088726758956909,-0.18234682083129883,0.027522156755026117,0.10179123282432556,-0.2554953992366791,0.015452842968102232,0.09950429201126099,-0.3241874575614929,0.005445099244411722,-0.09892305731773376,-0.23365938663482666,0.06365055106073214,-0.04910242557525635,-0.3398230969905853,0.04693830273538424,0.016504615545272827,-0.3562277555465698,0.023576066637929216,0.06629768013954163,-0.33490046858787537,0.011537961470480695,-0.10957375168800354,-0.2355920970439911,0.035939394305046335,-0.052225351333618164,-0.36597776412963867,0.018819848815496698,0.023867040872573853,-0.3745638132095337,-0.0027696268683712333,0.07432234287261963,-0.3421662747859955,-0.013288282049302325,-0.10379356145858765,-0.23630204796791077,0.005595342996116415,-0.050605714321136475,-0.36628973484039307,-0.0025935587058256715,0.023941010236740112,-0.37695401906967163,-0.006699524545524582,0.06935513019561768,-0.3448984622955322,-0.007097853073332772,-0.07811486721038818,-0.2313898205757141,-0.024955895920697913,-0.03398025035858154,-0.3418481647968292,-0.02534277104348348,0.023512989282608032,-0.358195960521698,-0.019029353936616644,0.062235027551651,-0.34170448780059814,-0.01280088555574821,-1.3717140630780378,-0.5497509218047485,-0.5252355887291065,-0.5601696391951742,-0.6661443272945681,0.03489194287010119,0.03094137086835666,0.036577556988941225,0.041180631633792056,0.010825301459464842,0.010455040842758369,0.007924633966120776,0.005669043161401887,0.012096133220513294,0.007803674438039471,O
0.0,0.0,0.0,0.049678295850753784,-0.08915519714355469,0.02508587807551521,0.07122331857681274,-0.17770850658416748,0.027131149993692816,0.10381370782852173,-0.25005489587783813,0.016166920290743292,0.10315638780593872,-0.314706951379776,0.0067982654845764046,-0.0949961245059967,-0.22388264536857605,0.06227380640939373,-0.04270055890083313,-0.32742443680763245,0.045303253905331076,0.021721601486206055,-0.34505897760391235,0.021747785137449682,0.07066023349761963,-0.3259398341178894,0.009715292119835794,-0.10582625865936279,-0.22606617212295532,0.035322623775755346,-0.04837945103645325,-0.35721200704574585,0.016730441228901327,0.026831865310668945,-0.36608460545539856,-0.006534394825393974,0.07595938444137573,-0.3329479992389679,-0.017613969294870913,-0.10033467411994934,-0.2275209128856659,0.005849234742527187,-0.052343279123306274,-0.36134058237075806,-0.00393575571342808,0.022878319025039673,-0.3713049292564392,-0.009443105681384623,0.06747496128082275,-0.33917558193206787,-0.009787811449314177,-0.07714048027992249,-0.22436681389808655,-0.02363499767943722,-0.03970077633857727,-0.3415689468383789,-0.024901665298784792,0.01580357551574707,-0.3619639277458191,-0.019340049027050554,0.05321156978607178,-0.34863364696502686,-0.013254924228931486,-1.3417944708615064,-0.5521575396092255,-0.5315160043164363,-0.5871009536207726,-0.7615033966705747,0.03438281110436277,0.032747714714364114,0.04326520634380241,0.06037802183221893,0.008786090091104934,0.013613632112541758,0.02862629921697158,0.010524648334587059,0.02763155109974972,0.01711430194603963,O
0.0,0.0,0.0,0.05676150321960449,-0.09339165687561035,0.04239306394634923,0.07673001289367676,-0.1796361207962036,0.0555149668890067,0.10513120889663696,-0.2445714771747589,0.05145922471461972,0.10513147711753845,-0.30783966183662415,0.04710271750269612,-0.07606911659240723,-0.23013991117477417,0.09134955872474393,-0.030148684978485107,-0.3234809935092926,0.08785531093059262,0.029351741075515747,-0.33833110332489014,0.07129511405406674,0.07250973582267761,-0.3195936679840088,0.06177376006422719,-0.09062638878822327,-0.23212429881095886,0.05675269831596097,-0.0423147976398468,-0.3468291461467743,0.04904316161452016,0.03054484724998474,-0.3583157956600189,0.02762427908061227,0.08009544014930725,-0.3274630308151245,0.015770289866907206,-0.0907793641090393,-0.23191532492637634,0.020033452479822245,-0.04270225763320923,-0.35253626108169556,0.01626270432649335,0.03080865740776062,-0.361837774515152,0.008540125383717623,0.07432973384857178,-0.3320969343185425,0.005159123155010548,-0.07591098546981812,-0.22914326190948486,-0.015332476415949259,-0.03776967525482178,-0.34135526418685913,-0.014444687583761606,0.015671074390411377,-0.36090508103370667,-0.010557851002829466,0.05314624309539795,-0.34673482179641724,-0.00662328274296442,-1.3527831558530128,-0.5419346718361644,-0.5093036792085083,-0.5453753260251791,-0.7389457944076456,0.034674697772606254,0.031810057484088425,0.03920666597237473,0.06492532652697718,0.010930223305074479,0.012635033116163258,0.033340472115256946,0.007397055551050706,0.033130969642874465,0.02574894231429174,O
0.0,0.0,0.0,0.05147409439086914,-0.08818966150283813,0.02917630188790099,0.07391571998596191,-0.17581182718276978,0.0342739258023812,0.10559970140457153,-0.24933084845542908,0.025628940767319364,0.09930604696273804,-0.31371915340423584,0.018022263056309384,-0.08269470930099487,-0.23180490732192993,0.06641321965184943,-0.033592283725738525,-0.3321678042411804,0.05196738579002158,0.03021445870399475,-0.3426108658313751,0.02990189716842906,0.07656782865524292,-0.3187906742095947,0.018589555850894612,-0.09488198161125183,-0.23609715700149536,0.03785867579904334,-0.04067343473434448,-0.3587042987346649,0.021496524668009442,0.0341985821723938,-0.3629761338233948,-0.0009180167278373119,0.08182406425476074,-0.32672223448753357,-0.011739978001742202,-0.09330067038536072,-0.23723092675209045,0.0070213648552908126,-0.04417294263839722,-0.35703831911087036,-0.000797263480080801,0.02973771095275879,-0.3646565079689026,-0.006532262911377984,0.07311239838600159,-0.3319628834724426,-0.007576817547260362,-0.07514739036560059,-0.23216679692268372,-0.023560038202731448,-0.039139896631240845,-0.3428240716457367,-0.024099966877429324,0.015887707471847534,-0.36119553446769714,-0.018925341212479907,0.05518653988838196,-0.3460271954536438,-0.013211938918857413,-1.3887237782740625,-0.4999044692790837,-0.4738808750439606,-0.517508243954093,-0.7180394751952555,0.023296928876538517,0.02178760741937564,0.031920853882112236,0.0546840057562581,0.009515128013863805,0.013617896137430526,0.034626400315502494,0.01016649024943867,0.0328974044914255,0.022784671917349186,O
0.0,0.0,0.0,0.0560164749622345,-0.08800673484802246,0.03472713608715594,0.07625219225883484,-0.1739526391029358,0.04502693418834269,0.1032969057559967,-0.24208375811576843,0.04008924071166575,0.1001405119895935,-0.3066692352294922,0.03555232514116824,-0.07279050350189209,-0.23023822903633118,0.07998032723043025,-0.027910232543945312,-0.32633793354034424,0.0717593342480427,0.03253600001335144,-0.3350188434123993,0.05324925709936679,0.07542023062705994,-0.3111770451068878,0.043737585139012936,-0.08847382664680481,-0.234344482421875,0.049954573106504085,-0.041011661291122437,-0.35138052701950073,0.039439404797292354,0.03139880299568176,-0.35615190863609314,0.018512947898841503,0.07998660206794739,-0.3208036422729492,0.007792011317349079,-0.09079477190971375,-0.2349490225315094,0.01739705022845328,-0.04377776384353638,-0.35362154245376587,0.012381714251375797,0.02824839949607849,-0.3594488203525543,0.00529014919374049,0.07177901268005371,-0.3271247148513794,0.002804312570503953,-0.07845532894134521,-0.2308969795703888,-0.014428495946788189,-0.04289698600769043,-0.3414057791233063,-0.014289830397331116,0.010784447193145752,-0.3599562644958496,-0.010518076415621636,0.05047321319580078,-0.3457823395729065,-0.006173109221720097,-1.3927082607656038,-0.49984889395502324,-0.47417650992583354,-0.5157843247163252,-0.7278637762395914,0.025127925909902912,0.02461628622680427,0.03496857574518111,0.06321926526661552,0.010654722949648853,0.016358075633061863,0.04266005255265646,0.010359559937663704,0.038664912278724234,0.028320382269887028,O
0.0,0.0,0.0,0.06150767207145691,-0.09706318378448486,0.040252644942086135,0.08235514163970947,-0.17969220876693726,0.054231297598164474,0.10946211218833923,-0.2467963993549347,0.05080544985918323,0.11116334795951843,-0.315105140209198,0.047056101635973846,-0.053984254598617554,-0.24531951546669006,0.09994491972116748,-0.0077246129512786865,-0.3318358063697815,0.09615071155218402,0.05089437961578369,-0.3385125994682312,0.07707899101166049,0.0906015932559967,-0.3195958733558655,0.06560502983717242,-0.06964185833930969,-0.2510201334953308,0.06663959510711948,-0.020691722631454468,-0.3601790964603424,0.05556349493650714,0.049280792474746704,-0.3589839041233063,0.028318450228255188,0.09668824076652527,-0.319582998752594,0.013392942399661933,-0.07579031586647034,-0.25219860672950745,0.030488398299496566,-0.031199485063552856,-0.36350390315055847,0.02545119673101226,0.03985881805419922,-0.362221360206604,0.01273606103001157,0.08525779843330383,-0.3270774483680725,0.00658694878308097,-0.06974813342094421,-0.2472507357597351,-0.00466230707155546,-0.03644925355911255,-0.3537377715110779,-0.00353039367968222,0.01791796088218689,-0.3698839247226715,-0.0020737411445566067,0.0620022714138031,-0.354274719953537,7.056448754383382e-05,-1.3611780694379154,-0.4745617145384523,-0.39098739015036477,-0.4352141151348049,-0.682210386838398,0.021046435343838536,0.015151895768626016,0.02853828409183374,0.06285751684947324,0.006086661126827497,0.009194025656387944,0.04495045729665278,0.013668276664307274,0.04905743562215558,0.035784230027321284,O
0.0,0.0,0.0,0.059647560119628906,-0.0940021276473999,0.03263678872997389,0.08317482471466064,-0.17618030309677124,0.04254178801591024,0.11214950680732727,-0.2440619170665741,0.03682289743835554,0.11223587393760681,-0.31343308091163635,0.03166518086607084,-0.05725669860839844,-0.24144193530082703,0.08874295005614385,-0.010129839181900024,-0.33084964752197266,0.08039140054995642,0.04989317059516907,-0.33707067370414734,0.05931866640264616,0.09066793322563171,-0.31661418080329895,0.04714263701850996,-0.0721207857131958,-0.2467060387134552,0.058967043701954935,-0.020804226398468018,-0.3587159216403961,0.04386586794669256,0.049793243408203125,-0.35412833094596863,0.016441143174120043,0.09569352865219116,-0.313576877117157,0.002211915385373686,-0.07621210813522339,-0.24788478016853333,0.026078223307081316,-0.03056347370147705,-0.363075315952301,0.017518048230954264,0.04073750972747803,-0.35996827483177185,0.006096703987964247,0.08420825004577637,-0.3230033218860626,0.0018442302806533917,-0.0673239529132843,-0.2428739368915558,-0.006334199979505684,-0.030371159315109253,-0.3500205874443054,-0.007650243993452932,0.023603081703186035,-0.3639647364616394,-0.005485759526095535,0.06444814801216125,-0.34694284200668335,-0.0020352051961936013,-1.3621441648701411,-0.4701696698506448,-0.37919632507002704,-0.43793529060990566,-0.6684684437702838,0.021801272051786533,0.016542970255991985,0.029616502381788642,0.058365836220966,0.005872122535617494,0.009085627692106068,0.04009120635538669,0.01485831368790543,0.045711720864013226,0.031041299199364783,O
0.0,0.0,0.0,0.05685955286026001,-0.09567135572433472,0.042755486968758305,0.07616490125656128,-0.1795337200164795,0.05533371359467765,0.10410943627357483,-0.2442512810230255,0.05044684797883292,0.10613358020782471,-0.3072988986968994,0.04575084761142989,-0.07042264938354492,-0.23659735918045044,0.08638137072682639,-0.023066312074661255,-0.33288320899009705,0.07818100095153113,0.03868928551673889,-0.338856965303421,0.05940312758445998,0.0815199613571167,-0.3144260346889496,0.04902475938558837,-0.08397141098976135,-0.23956036567687988,0.0506830500102069,-0.02817288041114807,-0.3541456460952759,0.03769730270266791,0.04770427942276001,-0.3521066904067993,0.014916361834707459,0.09473472833633423,-0.3123234808444977,0.0029979462864275774,-0.08344247937202454,-0.23865202069282532,0.013022734377386769,-0.029676318168640137,-0.35590672492980957,0.005313301518413027,0.04541459679603577,-0.35255908966064453,-0.0019119229970101514,0.0879192054271698,-0.3155321776866913,-0.004156132634875576,-0.06820327043533325,-0.23239904642105103,-0.02326467953264455,-0.02658739686012268,-0.34040385484695435,-0.025125555168983738,0.029758989810943604,-0.3516598045825958,-0.021040033023950855,0.06869381666183472,-0.3325416147708893,-0.016454083319899837,-1.3404007965082687,-0.47337904147407545,-0.38666890388134134,-0.4217245631411171,-0.6315667741290117,0.02562472049363867,0.012457136498655909,0.01998875512816908,0.045154519255238536,0.013380986472746973,0.006494141744646691,0.02219649137700552,0.0075330663046629534,0.0329681971042487,0.025669758921726602,O
0.0,0.0,0.0,0.05571821331977844,-0.08503508567810059,0.03239495781781443,0.0761265754699707,-0.1675044298171997,0.04042743248464831,0.10371550917625427,-0.23147359490394592,0.03375993771078356,0.10549700260162354,-0.29379308223724365,0.028102071113607963,-0.07146373391151428,-0.22516366839408875,0.0691711465788103,-0.02690771222114563,-0.32249706983566284,0.05619620261313685,0.03443625569343567,-0.330218106508255,0.036545724697134574,0.07726803421974182,-0.30486971139907837,0.026750381193778594,-0.08509558439254761,-0.22754773497581482,0.039023534483931144,-0.032198935747146606,-0.34296518564224243,0.022859430961034377,0.04206547141075134,-0.34472787380218506,0.0021968859673506813,0.08886411786079407,-0.30773916840553284,-0.007636882741280715,-0.0838090181350708,-0.2270607054233551,0.0063124746975518065,-0.028787225484848022,-0.34298190474510193,-0.004877430297710816,0.04440829157829285,-0.3439481258392334,-0.011844808146634023,0.08652493357658386,-0.3096921443939209,-0.012999935917832772,-0.06721353530883789,-0.22248339653015137,-0.025617566801884095,-0.023669898509979248,-0.3275030255317688,-0.030529153444149415,0.03039926290512085,-0.3413904309272766,-0.027814731844046037,0.0673898458480835,-0.32510918378829956,-0.02349868873534433,-1.3422923776479836,-0.4919570622408626,-0.431944869060141,-0.45166830573305805,-0.6514095787215748,0.030324352746498726,0.021705901829112393,0.024753173141089536,0.04932396590091797,0.011945833554933291,0.010437722246373893,0.02252143086262533,0.003047277198863985,0.027619952803606258,0.024573088655381294,O
0.0,0.0,0.0,0.05340394377708435,-0.08623999357223511,0.031712531816253886,0.07476675510406494,-0.1662883758544922,0.038662235956678614,0.10659235715866089,-0.22884047031402588,0.03081145673621677,0.11405113339424133,-0.2911604940891266,0.024202659498939738,-0.0695892870426178,-0.2307688593864441,0.06848416082192443,-0.02124527096748352,-0.3262275457382202,0.05430488265682243,0.039862096309661865,-0.33290305733680725,0.033654905628452525,0.0825437605381012,-0.3087969422340393,0.022858205955515132,-0.08103898167610168,-0.23364821076393127,0.03764096997309707,-0.023370981216430664,-0.3499806523323059,0.02016440011192344,0.04889678955078125,-0.3478325307369232,-0.00158883898421891,0.09318026900291443,-0.30879080295562744,-0.01204894412677504,-0.07879412174224854,-0.2324693202972412,0.004291069000998959,-0.025695472955703735,-0.3472561836242676,-0.00761650991063334,0.046232640743255615,-0.34681177139282227,-0.013940471451689973,0.08780959248542786,-0.31045883893966675,-0.014366793673445954,-0.061482131481170654,-0.22467976808547974,-0.028470183018555417,-0.02201184630393982,-0.3294864892959595,-0.03384408377479531,0.03169730305671692,-0.3435455858707428,-0.030552994687070623,0.06948968768119812,-0.32712769508361816,-0.025604536984076276,-1.2660022793214467,-0.473909288709825,-0.4072035329787544,-0.4378149428392767,-0.6638010387881441,0.03610760096522658,0.02732070224517254,0.03257367930153579,0.05726571392565235,0.010636510236575856,0.005521855372758456,0.022503895622440064,0.0056237452200052305,0.02995805828611764,0.024768320031519832,O
0.0,0.0,0.0,0.05276814103126526,-0.0841214656829834,0.02775877521878556,0.07613852620124817,-0.1623947024345398,0.03231356845742539,0.10753583908081055,-0.22562754154205322,0.022658113330066953,0.11593249440193176,-0.28941020369529724,0.01422256877219752,-0.06335669755935669,-0.22996103763580322,0.06597543315535859,-0.018429696559906006,-0.32532572746276855,0.05122325004583672,0.04118752479553223,-0.33224672079086304,0.030475262492359434,0.08281973004341125,-0.3079586625099182,0.0197892281556733,-0.07677635550498962,-0.23318907618522644,0.037052376135648046,-0.02258545160293579,-0.3483251929283142,0.019582739039719854,0.04766625165939331,-0.34606409072875977,-0.0018365145098186986,0.09126698970794678,-0.3090321123600006,-0.011936656259535994,-0.07705226540565491,-0.23200899362564087,0.005232413239241396,-0.026722252368927002,-0.3475610613822937,-0.006683875866769995,0.043739110231399536,-0.3470923900604248,-0.012487010159134115,0.085378497838974,-0.31228911876678467,-0.01256048405969068,-0.062380969524383545,-0.22338783740997314,-0.026368700028001513,-0.024008750915527344,-0.32802748680114746,-0.03209774760955497,0.02932560443878174,-0.3439905047416687,-0.029022997305332865,0.06783449649810791,-0.3302367925643921,-0.024075688854395594,-1.2671827153206483,-0.49015364340945816,-0.42395956861168516,-0.4590307060872047,-0.68714943362405,0.03795392585570821,0.03151835055098785,0.03817055751253274,0.06308904628413987,0.008515191743039654,0.0050299248527431156,0.026849065218948254,0.00672922188850917,0.03160253471795667,0.025098027368572917,O
0.0,0.0,0.0,0.05494338274002075,-0.08582043647766113,0.03257356764783026,0.07768499851226807,-0.16498035192489624,0.03946593957056166,0.10671132802963257,-0.22833454608917236,0.031102599520579588,0.11199504137039185,-0.2927224040031433,0.023387877215043318,-0.06424024701118469,-0.23225149512290955,0.07484390767325522,-0.022684723138809204,-0.3270488977432251,0.06330546917428137,0.03683936595916748,-0.336151123046875,0.04374454351176382,0.07958716154098511,-0.3131383955478668,0.033450135905638945,-0.07780280709266663,-0.23428034782409668,0.04401267128099562,-0.024542003870010376,-0.3479505777359009,0.028389543239370596,0.046958476305007935,-0.3461315631866455,0.006390739642426979,0.09203186631202698,-0.30831629037857056,-0.004079202245577562,-0.07854527235031128,-0.2328462302684784,0.010505243148998034,-0.027302145957946777,-0.34614497423171997,0.0006554508608473952,0.04413476586341858,-0.34593716263771057,-0.006064738668158043,0.08644002676010132,-0.3116617202758789,-0.007122934851452101,-0.06534546613693237,-0.22383451461791992,-0.022429144065483797,-0.02515178918838501,-0.3275759220123291,-0.026060206871136415,0.02959907054901123,-0.34183841943740845,-0.022867905031546343,0.06877419352531433,-0.3260223865509033,-0.018207620884879816,-1.3084005763724182,-0.5123048609368391,-0.41109148311003785,-0.4456589199976894,-0.6510836305463075,0.03830252453548578,0.025331751828498887,0.03180811960193292,0.05456125480712905,0.0133462869406493,0.007010159168683209,0.016820151648372396,0.006516177619761812,0.029230552254750353,0.022766431423082715,O
0.0,0.0,0.0,0.05453842878341675,-0.087699294090271,0.02134846337713725,0.07933148741722107,-0.164858877658844,0.020993946125884122,0.1081182062625885,-0.23237597942352295,0.00664174603872425,0.10644111037254333,-0.302798867225647,-0.006457591889272862,-0.0625859797000885,-0.2313683032989502,0.06883195788242347,-0.023835688829421997,-0.3239128887653351,0.05248239636995322,0.03572973608970642,-0.3310130834579468,0.029059544211406774,0.07571366429328918,-0.30538296699523926,0.01695519500054843,-0.07707634568214417,-0.23243063688278198,0.042713537817974156,-0.03158533573150635,-0.3473894000053406,0.023028558125872678,0.03875896334648132,-0.3448377251625061,-0.0019028325274916824,0.08294141292572021,-0.3070056438446045,-0.013387082138876849,-0.0802115797996521,-0.23209643363952637,0.012761812662859029,-0.03667667508125305,-0.3458922803401947,0.00041925363467498755,0.03391501307487488,-0.3457585573196411,-0.008014434011499816,0.07568791508674622,-0.308987021446228,-0.009185893455367022,-0.06890305876731873,-0.22356778383255005,-0.017604762682537967,-0.03060966730117798,-0.32432615756988525,-0.022197946900348597,0.0238361656665802,-0.33816438913345337,-0.019649185234527522,0.06246614456176758,-0.31993621587753296,-0.014865864062528544,-1.3767375888992806,-0.4913909059879631,-0.43611413579345293,-0.4581977631001139,-0.6329023509604466,0.0308359127345483,0.02387326432673238,0.03136960747194758,0.04719625341989759,0.0074076602548358355,0.003604146432559248,0.019679782317572447,0.007519247841387854,0.02421644704895067,0.017166830648367007,O
0.0,0.0,0.0,0.05360513925552368,-0.08432942628860474,0.027186470078390812,0.07598179578781128,-0.16344040632247925,0.0319639462699115,0.1044498085975647,-0.22639554738998413,0.022169711040419315,0.10560092329978943,-0.290645033121109,0.013179592760366177,-0.056658267974853516,-0.2303147315979004,0.06956375573770401,-0.02363714575767517,-0.32187026739120483,0.05679254417316315,0.03428530693054199,-0.32768940925598145,0.03717630167500374,0.07449528574943542,-0.30283284187316895,0.027155017452400898,-0.07400640845298767,-0.23156404495239258,0.04140053872959015,-0.03333956003189087,-0.3407542109489441,0.0270290691127002,0.03547126054763794,-0.3408227264881134,0.007644252358090853,0.08035203814506531,-0.30794546008110046,-0.0015436003728837022,-0.08038374781608582,-0.23020637035369873,0.009786692420107101,-0.03661587834358215,-0.3406619727611542,-0.0007178283691473553,0.032449960708618164,-0.34155920147895813,-0.00656360483719709,0.07432204484939575,-0.3079198896884918,-0.006890023620712782,-0.07280486822128296,-0.222150981426239,-0.02181097495360973,-0.03442564606666565,-0.3221607506275177,-0.02752916890187862,0.019583135843276978,-0.3361504077911377,-0.024711130214768673,0.05891337990760803,-0.31855738162994385,-0.01984385217531326,-1.3420263233578795,-0.5050863026950002,-0.45950423268576235,-0.4655106893355963,-0.631825086630921,0.03340813328503677,0.030607367978224578,0.035732183064265066,0.05439509083801106,0.007774343288264885,0.005089996845266979,0.022137229732420657,0.006030047511487613,0.02392130736354728,0.01872386685737577,O
0.0,0.0,0.0,0.05411440134048462,-0.08396011590957642,0.03289321617296537,0.07299250364303589,-0.16455292701721191,0.04220009774974187,0.09803882241249084,-0.22595500946044922,0.035866508195908864,0.09661206603050232,-0.28309664130210876,0.029739392856868108,-0.0626022219657898,-0.226457417011261,0.07755835534146627,-0.03158050775527954,-0.3173982799053192,0.06654691130927404,0.024936556816101074,-0.32834404706954956,0.04722545848301252,0.06613034009933472,-0.305244505405426,0.03721704141310056,-0.07939797639846802,-0.227098286151886,0.0470387618344148,-0.04211488366127014,-0.33472687005996704,0.03356195793560346,0.02657124400138855,-0.3399967551231384,0.013122741068514188,0.07313615083694458,-0.30847054719924927,0.0032467631909867123,-0.0848148763179779,-0.22544896602630615,0.013233245285960038,-0.04393047094345093,-0.33542439341545105,0.0027567147564013794,0.025608301162719727,-0.341411292552948,-0.005341378570733468,0.06893134117126465,-0.31075406074523926,-0.007048037433264653,-0.07626372575759888,-0.21876674890518188,-0.020049857040135066,-0.04257059097290039,-0.3209023177623749,-0.02577385499068896,0.010289222002029419,-0.3373052477836609,-0.024591213156668346,0.05029448866844177,-0.3215794265270233,-0.021144494478789966,-1.3741242371398754,-0.549211937427322,-0.4900631101544274,-0.5065542483270057,-0.6822410094716124,0.03767842220796705,0.034568102271488044,0.03912998056460124,0.06021829233179371,0.0077128937336582,0.0061806801444029705,0.022750908522301244,0.0047848572015594315,0.026335987694600597,0.021552744964885483,O
0.0,0.0,0.0,0.05469051003456116,-0.0886107087135315,0.03573349075816168,0.07313963770866394,-0.17128652334213257,0.04459334494970335,0.09860733151435852,-0.23631978034973145,0.03674395339987768,0.09727129340171814,-0.2957121729850769,0.028999391519050732,-0.06332024931907654,-0.23014038801193237,0.0826205346216966,-0.03452005982398987,-0.32578256726264954,0.07227356316946043,0.02206408977508545,-0.3317398428916931,0.052740752272825375,0.06104317307472229,-0.3053204119205475,0.04248489397070898,-0.07950407266616821,-0.2300531268119812,0.050004001282673016,-0.04313454031944275,-0.34219053387641907,0.03645018818281187,0.025491386651992798,-0.3430069088935852,0.015123073518793717,0.07012799382209778,-0.3077196478843689,0.004837377504031792,-0.085425466299057,-0.22839534282684326,0.01422356026671423,-0.045881956815719604,-0.3411175310611725,0.005607129116128817,0.022713840007781982,-0.34317976236343384,-0.0013145505967031568,0.06423231959342957,-0.30943763256073,-0.0026323978839855044,-0.07721588015556335,-0.22066450119018555,-0.02100619529880987,-0.04179900884628296,-0.32316774129867554,-0.024630511603731975,0.012277930974960327,-0.3386322855949402,-0.022028908557672366,0.05192449688911438,-0.3221646547317505,-0.01791217965580927,-1.3792301994692546,-0.5437355069284464,-0.47877118926993595,-0.4963073122582846,-0.666125847828736,0.0374805944172232,0.02968060251285587,0.035776557001305546,0.05249824515651539,0.009396291886805038,0.005207894134650539,0.01915407975499572,0.006140883157884868,0.023238449247099884,0.017704790116307618,O
0.0,0.0,0.0,0.05275493860244751,-0.08577227592468262,0.030079046269406717,0.07197856903076172,-0.16505664587020874,0.035535449167241495,0.09773683547973633,-0.23020058870315552,0.02544266917323057,0.09808796644210815,-0.2937774956226349,0.015565476385404509,-0.0567440390586853,-0.22298359870910645,0.07605311088775579,-0.02832019329071045,-0.31752461194992065,0.0647235717675585,0.025823116302490234,-0.3255029320716858,0.04571516253565733,0.06301021575927734,-0.2987568974494934,0.036660412331571024,-0.07361894845962524,-0.22484928369522095,0.046655839314212244,-0.039924174547195435,-0.33819082379341125,0.03351901658390943,0.025663018226623535,-0.3396792411804199,0.013464087625493448,0.06790223717689514,-0.3026939630508423,0.004855984827031534,-0.08035346865653992,-0.2242627739906311,0.013896873225917261,-0.044063836336135864,-0.3380463123321533,0.006485949741204422,0.02286335825920105,-0.33999165892601013,0.0013654819973680787,0.061969250440597534,-0.3053094446659088,0.001558351684820991,-0.07427343726158142,-0.21621590852737427,-0.018664643163333494,-0.042767733335494995,-0.3186586797237396,-0.02198171615088995,0.00956803560256958,-0.334474116563797,-0.01860158703709658,0.047626376152038574,-0.31730157136917114,-0.013209565537522394,-1.3706740302435851,-0.564145756247124,-0.5028867578531091,-0.5176586012132139,-0.6923247747519651,0.0354294091895442,0.03147509559431108,0.037915003551818975,0.05567543654370049,0.006279519018185696,0.006634718066206539,0.024094967355205606,0.00648390898238357,0.024989853162453918,0.01869569858883329,O
0.0,0.0,0.0,0.051768362522125244,-0.0891653299331665,0.030973446246264302,0.07056128978729248,-0.1678573489189148,0.035378117736456716,0.09658592939376831,-0.23293718695640564,0.02380835885929855,0.09673535823822021,-0.2952609360218048,0.012389813240645253,-0.06412383913993835,-0.2260478138923645,0.07557834747063907,-0.03056180477142334,-0.3228268027305603,0.062355824437020146,0.027111291885375977,-0.32754936814308167,0.04126153203475269,0.06552654504776001,-0.3004900813102722,0.030474402632592046,-0.07936228811740875,-0.22703319787979126,0.044724513467429006,-0.03954097628593445,-0.3417613208293915,0.029024702187655294,0.02982768416404724,-0.33957403898239136,0.00644218797611984,0.07361453771591187,-0.30216068029403687,-0.004238114535780824,-0.08354026079177856,-0.22609704732894897,0.010695509303388917,-0.04375958442687988,-0.34195953607559204,0.0019507471407109733,0.025230735540390015,-0.34165453910827637,-0.004323360353680528,0.06528961658477783,-0.3066195547580719,-0.005169380765380538,-0.07436954975128174,-0.21805846691131592,-0.02310205188763348,-0.04214578866958618,-0.3236987888813019,-0.026215385023476756,0.010444819927215576,-0.33893153071403503,-0.02270107840371338,0.0481971800327301,-0.3219742774963379,-0.017782724771620906,-1.368173436768199,-0.5212155464087319,-0.45650525930758284,-0.49593598814199996,-0.7032332027819349,0.03164386166707445,0.02412838189035879,0.03343430704726687,0.055403586131611775,0.008258724257694626,0.0061340508510977,0.027602129946536758,0.009443827260471554,0.03222763884757662,0.02297648575511059,O
0.0,0.0,0.0,0.05545926094055176,-0.09200108051300049,0.03693816879587075,0.07461774349212646,-0.17419648170471191,0.04484387928442857,0.1015133261680603,-0.24012666940689087,0.03541326591567895,0.09912806749343872,-0.300004780292511,0.025885714905427903,-0.059882014989852905,-0.2311888337135315,0.08730867946343324,-0.027699708938598633,-0.3278716802597046,0.07715380633072755,0.03029853105545044,-0.33514484763145447,0.055864774378107995,0.07069742679595947,-0.30893856287002563,0.044373524131344766,-0.07455384731292725,-0.23279953002929688,0.054263909103440255,-0.035215288400650024,-0.3479827046394348,0.04113794186906716,0.03482872247695923,-0.34775739908218384,0.016543938534425706,0.07880380749702454,-0.3092503845691681,0.0040691208449175065,-0.07978230714797974,-0.2324148416519165,0.018385817052887887,-0.04236385226249695,-0.3483431339263916,0.012957061397003145,0.02729049324989319,-0.3493216633796692,0.005155813636349649,0.0673220157623291,-0.3129426836967468,0.0024946001247485583,-0.07054242491722107,-0.22481447458267212,-0.016875711513591796,-0.03596523404121399,-0.3309095799922943,-0.015869547856880217,0.01839706301689148,-0.34293150901794434,-0.011067030263973265,0.05635100603103638,-0.3217880427837372,-0.006014533119184762,-1.3783837714168488,-0.5370457143545841,-0.4624576669922038,-0.5008602135658541,-0.6525353405172932,0.02980123825634545,0.022328384241641446,0.03433677723985404,0.0480040364148663,0.008112375782879896,0.005237020454508083,0.019259515124143003,0.012060871207605158,0.025716165483532567,0.01409267298641115,O
0.0,0.0,0.0,0.05705142021179199,-0.09418290853500366,0.03533106479721937,0.07814356684684753,-0.1771429181098938,0.041842726952609155,0.10548964142799377,-0.2424418330192566,0.0320455003150073,0.1011224091053009,-0.298709511756897,0.022022981158670518,-0.05095791816711426,-0.2384042739868164,0.07552498761492643,-0.019579529762268066,-0.3317485749721527,0.06477739099341306,0.03712165355682373,-0.33647432923316956,0.04625613797384176,0.07413437962532043,-0.3104410171508789,0.036222917921122644,-0.06905660033226013,-0.23873567581176758,0.04245674420076284,-0.030909717082977295,-0.3551888167858124,0.026443649045404527,0.035679370164871216,-0.35098639130592346,0.004702121447053287,0.07696142792701721,-0.31090641021728516,-0.005470776968422797,-0.07614496350288391,-0.23776847124099731,0.007037694062319133,-0.03959101438522339,-0.358413428068161,-0.0014805419284584787,0.02859729528427124,-0.3581490218639374,-0.007971873544875052,0.06884092092514038,-0.32315534353256226,-0.00940001852882233,-0.06962922215461731,-0.22823947668075562,-0.027694476806345847,-0.034772127866744995,-0.33383065462112427,-0.03144864555520144,0.01936742663383484,-0.34572649002075195,-0.028716987036887076,0.05851009488105774,-0.32582274079322815,-0.02469764281136122,-1.3839778256168376,-0.5224869113839719,-0.45904432414237695,-0.5322417462907406,-0.6508461319039694,0.029427571323867724,0.02706505761217586,0.040493124976098964,0.05050679669432807,0.002865099091896412,0.013772247469112698,0.021925229667654696,0.014696224050062516,0.023726538074985315,0.010669628620495848,O
0.0,0.0,0.0,0.055026859045028687,-0.09302371740341187,0.027692635460937254,0.07437947392463684,-0.17194724082946777,0.03121643598302626,0.09926816821098328,-0.23657774925231934,0.019232160329067938,0.09828713536262512,-0.3018302917480469,0.00730316658615493,-0.05140185356140137,-0.23168832063674927,0.07338580015226626,-0.02640208601951599,-0.32487109303474426,0.060102618216717474,0.026654362678527832,-0.3300158977508545,0.039539824157202474,0.0614246129989624,-0.3032147288322449,0.02893221463187956,-0.07005858421325684,-0.2308645248413086,0.044076091527188055,-0.04026532173156738,-0.3447416126728058,0.02589944834932112,0.024044126272201538,-0.34327101707458496,0.0015918445179181617,0.06651636958122253,-0.3042278587818146,-0.009553931736206778,-0.07963505387306213,-0.22888052463531494,0.011358493856334917,-0.04898351430892944,-0.3449952006340027,0.00040902619826965747,0.016971617937088013,-0.34559178352355957,-0.008245725267386206,0.05765208601951599,-0.3105561137199402,-0.009971848771726854,-0.07638520002365112,-0.218877375125885,-0.02126755108014322,-0.04722139239311218,-0.3231138288974762,-0.026450303465878733,0.00492522120475769,-0.33721432089805603,-0.024976180017745264,0.04474431276321411,-0.31758546829223633,-0.02112741310969568,-1.3887632767600269,-0.5650098386602219,-0.49293598808645006,-0.5366797274517933,-0.6837587843420113,0.036888510691699614,0.031861103025760916,0.04156136672683046,0.05581271754582978,0.005191571764668623,0.008253962192785486,0.022017051768610164,0.01089138804855708,0.025543065397862816,0.01469770172983391,O
0.0,0.0,0.0,0.05593162775039673,-0.0949406623840332,0.03734579498382118,0.07623082399368286,-0.1755669116973877,0.04620512390943077,0.101469486951828,-0.23970293998718262,0.037721658148484494,0.09754008054733276,-0.3038650453090668,0.02910543980510738,-0.052400052547454834,-0.23028963804244995,0.08980832064958122,-0.028076589107513428,-0.3253975212574005,0.08287728393884208,0.026448458433151245,-0.33087918162345886,0.06534703636975792,0.06352096796035767,-0.30628180503845215,0.056213663913922574,-0.07007074356079102,-0.22998249530792236,0.05654583314867523,-0.04184192419052124,-0.34369125962257385,0.04603902066560295,0.02336728572845459,-0.34402912855148315,0.02486403102489021,0.06569039821624756,-0.3092324435710907,0.014761249557750489,-0.07916823029518127,-0.22824805974960327,0.020064787962155606,-0.0471763014793396,-0.34263527393341064,0.014804834522919919,0.02092796564102173,-0.34386035799980164,0.008559626550095345,0.0611996054649353,-0.31135445833206177,0.007182860769944455,-0.07554513216018677,-0.2202473282814026,-0.01583092098621819,-0.047207534313201904,-0.32580095529556274,-0.016748420871181224,0.006468623876571655,-0.3388311564922333,-0.01267162335602734,0.045704811811447144,-0.3190070688724518,-0.007671283535046314,-1.406207117626969,-0.5802677699630963,-0.5283818763395443,-0.5345619577246203,-0.683528318676808,0.034104849344262854,0.032298780606924135,0.03710419702194562,0.05400162925797321,0.0036623346905303262,0.005578578248292485,0.021894011956863028,0.0049669071041260485,0.022247853013847234,0.01728152419339988,O
0.0,0.0,0.0,0.05557975172996521,-0.09554600715637207,0.03520332634957413,0.0756269097328186,-0.17800593376159668,0.04419191167266945,0.09990927577018738,-0.2418670654296875,0.03628347427161316,0.09715309739112854,-0.30794018507003784,0.02845561676235775,-0.047036051750183105,-0.23045223951339722,0.08904491723092178,-0.027741432189941406,-0.32212403416633606,0.08312040180476288,0.024424046277999878,-0.32996436953544617,0.06666324645789246,0.06092241406440735,-0.30781373381614685,0.05799699187787155,-0.0649784505367279,-0.2299824357032776,0.05676265791566948,-0.04537838697433472,-0.34370410442352295,0.04636647537859062,0.016767114400863647,-0.3486006557941437,0.02522557586939911,0.05965182185173035,-0.31403571367263794,0.015164978658276596,-0.07621264457702637,-0.2291281819343567,0.021010035505014457,-0.05065438151359558,-0.34316426515579224,0.015644527827817,0.015927553176879883,-0.34837132692337036,0.008148306836801567,0.058244556188583374,-0.3172990679740906,0.005891842623668708,-0.07559320330619812,-0.22227227687835693,-0.01432059440253397,-0.046691834926605225,-0.32459983229637146,-0.01572790383784195,0.00638166069984436,-0.33819881081581116,-0.012801199364048443,0.04610767960548401,-0.31938523054122925,-0.008660239311439,-1.4066176835446755,-0.6217708026133545,-0.5933518203914995,-0.5804097843750453,-0.6734983975073894,0.0362309039942528,0.03799343543333481,0.04001828666649692,0.05231274933272609,0.006350388799553639,0.009856088823208042,0.01879829496382593,0.0035538539564087205,0.014562318493766635,0.012314862867686198,O
0.0,0.0,0.0,0.05280810594558716,-0.09791672229766846,0.02998698147388268,0.07183441519737244,-0.1828174591064453,0.03608780557664204,0.09544554352760315,-0.24788683652877808,0.026829874314387325,0.08681821823120117,-0.30802401900291443,0.017768476329763416,-0.04513972997665405,-0.23671549558639526,0.07321606779845524,-0.032776057720184326,-0.32757851481437683,0.060094637967665676,0.0183354914188385,-0.3359450101852417,0.04031403566153813,0.05510354042053223,-0.3123060464859009,0.030187511988003735,-0.06409400701522827,-0.23404651880264282,0.041999316014369015,-0.04790428280830383,-0.3469164967536926,0.023065187208374027,0.013596147298812866,-0.35292649269104004,-0.0011406083972929082,0.057393014430999756,-0.3158726096153259,-0.01235467271504831,-0.07762786746025085,-0.23131513595581055,0.007406233049948696,-0.05749163031578064,-0.3460628092288971,-0.005155833732317205,0.0062292516231536865,-0.3532252907752991,-0.015159780919532295,0.04888123273849487,-0.32141542434692383,-0.017827085979263302,-0.08199021220207214,-0.22218388319015503,-0.02691033092884254,-0.05582749843597412,-0.3225409686565399,-0.034102590583245274,-0.005286127328872681,-0.3410313129425049,-0.03446958010641765,0.035680294036865234,-0.3273378610610962,-0.03199662064758968,-1.4516900989077888,-0.6461015108959851,-0.5927444099607363,-0.6188697021487475,-0.7292849908344534,0.032002445969012874,0.030453948730577152,0.04023113974723276,0.054663623973846075,0.0042381675050404116,0.011031676114935395,0.024560495709649004,0.010157422051371105,0.02455390432555691,0.014468588018101834,O
0.0,0.0,0.0,0.05280810594558716,-0.09791672229766846,0.02998698147388268,0.07183441519737244,-0.1828174591064453,0.03608780557664204,0.09544554352760315,-0.24788683652877808,0.026829874314387325,0.08681821823120117,-0.30802401900291443,0.017768476329763416,-0.04513972997665405,-0.23671549558639526,0.07321606779845524,-0.032776057720184326,-0.32757851481437683,0.060094637967665676,0.0183354914188385,-0.3359450101852417,0.04031403566153813,0.05510354042053223,-0.3123060464859009,0.030187511988003735,-0.06409400701522827,-0.23404651880264282,0.041999316014369015,-0.04790428280830383,-0.3469164967536926,0.023065187208374027,0.013596147298812866,-0.35292649269104004,-0.0011406083972929082,0.057393014430999756,-0.3158726096153259,-0.01235467271504831,-0.07762786746025085,-0.23131513595581055,0.007406233049948696,-0.05749163031578064,-0.3460628092288971,-0.005155833732317205,0.0062292516231536865,-0.3532252907752991,-0.015159780919532295,0.04888123273849487,-0.32141542434692383,-0.017827085979263302,-0.08199021220207214,-0.22218388319015503,-0.02691033092884254,-0.05582749843597412,-0.3225409686565399,-0.034102590583245274,-0.005286127328872681,-0.3410313129425049,-0.03446958010641765,0.035680294036865234,-0.3273378610610962,-0.03199662064758968,-1.4516900989077888,-0.6461015108959851,-0.5927444099607363,-0.6188697021487475,-0.7292849908344534,0.032002445969012874,0.030453948730577152,0.04023113974723276,0.054663623973846075,0.0042381675050404116,0.011031676114935395,0.024560495709649004,0.010157422051371105,0.02455390432555691,0.014468588018101834,O
0.0,0.0,0.0,0.05760040879249573,-0.11086946725845337,0.037704245238188605,0.07325354218482971,-0.19417744874954224,0.04870255389678846,0.09176570177078247,-0.25693774223327637,0.042511397092226844,0.08307111263275146,-0.31654176115989685,0.03556410693991552,-0.03810387849807739,-0.24793261289596558,0.08637933903801809,-0.02343928813934326,-0.33343273401260376,0.07531538331377874,0.024651020765304565,-0.3421505093574524,0.05379048833120237,0.060989171266555786,-0.32743021845817566,0.04072070219982038,-0.05755379796028137,-0.24770855903625488,0.05072906711566816,-0.04300498962402344,-0.3570640981197357,0.03217313909399877,0.016999632120132446,-0.3631961941719055,0.004866674593273501,0.06302788853645325,-0.3299328684806824,-0.009473103047724862,-0.07346279919147491,-0.24375379085540771,0.011731081693056922,-0.060792893171310425,-0.3569345474243164,-0.0007915910756253197,0.0026480555534362793,-0.36507540941238403,-0.013903130726333757,0.05009368062019348,-0.338329941034317,-0.019512602077242036,-0.0804416686296463,-0.23179280757904053,-0.02643482475113501,-0.059870004653930664,-0.3295327425003052,-0.033422398330088754,-0.010363668203353882,-0.35106632113456726,-0.03545321425926318,0.03386470675468445,-0.344550222158432,-0.03513575992118945,-1.4907355207848987,-0.676112655633824,-0.598472805368971,-0.6533152012968563,-0.7785765703173865,0.0246205328300698,0.024105032409254816,0.03952512877123833,0.05661929235643566,0.0032279444297774107,0.015411543357555532,0.03207539714099513,0.015420913134183754,0.0326214377392676,0.0173802039686074,O
0.0,0.0,0.0,0.05332937836647034,-0.10618144273757935,0.030445247740487957,0.07018807530403137,-0.18790149688720703,0.0371192915746974,0.09075337648391724,-0.252075731754303,0.02811023578141203,0.0801159143447876,-0.30931222438812256,0.018996368945579434,-0.04847651720046997,-0.23862344026565552,0.07779694706295004,-0.035413116216659546,-0.3273758590221405,0.06379134565685263,0.015046745538711548,-0.3354438841342926,0.040902197212915326,0.051984965801239014,-0.318498432636261,0.0275388302663373,-0.06691697239875793,-0.2359829545021057,0.045772611946802044,-0.05174317955970764,-0.34902137517929077,0.023837914542298222,0.009772956371307373,-0.35466593503952026,-0.005014129131097889,0.05670461058616638,-0.3220430016517639,-0.01952821403648386,-0.08092939853668213,-0.23175793886184692,0.010199410692791844,-0.06520333886146545,-0.34738439321517944,-0.0049099700143528935,-0.0010075271129608154,-0.3563440144062042,-0.018777741267342662,0.046286314725875854,-0.32986563444137573,-0.023964390306730365,-0.08593913912773132,-0.22116434574127197,-0.02501956015731821,-0.06314924359321594,-0.3187653422355652,-0.033652946501035785,-0.014436960220336914,-0.34335052967071533,-0.03665470346714983,0.028473347425460815,-0.34065714478492737,-0.03650860875751505,-1.4892071602083996,-0.6717342003103383,-0.6081422020712015,-0.6569263869438228,-0.8071142774427803,0.029592848594515952,0.026648861765840574,0.03958389161253656,0.0604107503073681,0.005902458504856727,0.012715655742310013,0.032307966861684224,0.013028218312327158,0.03381553702413888,0.020826869652942025,O
0.0,0.0,0.0,0.057002097368240356,-0.110770583152771,0.029978164374398375,0.0726231038570404,-0.19733285903930664,0.037509393780993605,0.09109991788864136,-0.2651786804199219,0.028983632936643744,0.07854056358337402,-0.3253006041049957,0.02017832817094245,-0.03670245409011841,-0.25278908014297485,0.0757399507756702,-0.02637222409248352,-0.3408984839916229,0.05906197884635844,0.021798282861709595,-0.3488045632839203,0.03518179142432132,0.05890396237373352,-0.3342856466770172,0.0209840190555326,-0.056858837604522705,-0.25096601247787476,0.04268314772801318,-0.046020179986953735,-0.36148446798324585,0.01786933363931098,0.015348762273788452,-0.36533287167549133,-0.010315977134240484,0.06163179874420166,-0.33325648307800293,-0.024384620696736192,-0.07417440414428711,-0.24501317739486694,0.005422451436089659,-0.0635966807603836,-0.360474556684494,-0.015010264799428796,0.0020557045936584473,-0.3654302954673767,-0.03005478820247731,0.05084750056266785,-0.3363252282142639,-0.03501908770246587,-0.08302201330661774,-0.231747567653656,-0.031449987650347566,-0.06295797228813171,-0.33071452379226685,-0.044859944940043306,-0.013071924448013306,-0.3507117033004761,-0.04994760742826543,0.031386375427246094,-0.34207773208618164,-0.05079109138293347,-1.5245874376009798,-0.7058957775716291,-0.6070178767875538,-0.6308180559111427,-0.7672536275176804,0.02159460805588963,0.018686956376563032,0.02980684613003297,0.050049869969467524,0.002915522076332955,0.008310623909204244,0.028599548709397644,0.011212416509368486,0.03150555610818723,0.020293513553176858,O
0.0,0.0,0.0,0.05656108260154724,-0.10391169786453247,0.023554812510610645,0.07498633861541748,-0.18588513135910034,0.02803417607128722,0.09253230690956116,-0.2514926791191101,0.018031671037078922,0.07892242074012756,-0.31089550256729126,0.00793935763567788,-0.03223596513271332,-0.24078696966171265,0.06792883141815764,-0.03170093894004822,-0.33130890130996704,0.04800328551709754,0.01514384150505066,-0.3383599519729614,0.021979962800742214,0.05332276225090027,-0.3185867965221405,0.007285207835138863,-0.05309426784515381,-0.2366146445274353,0.038527003814579075,-0.05116429924964905,-0.34675973653793335,0.01046383972197873,0.009001702070236206,-0.35177356004714966,-0.020775190229414875,0.05591115355491638,-0.31682345271110535,-0.03615627870976823,-0.07234874367713928,-0.23061800003051758,0.004889576555342501,-0.06582412123680115,-0.34192681312561035,-0.016658133502005512,-0.0012090504169464111,-0.34967857599258423,-0.033553939918874676,0.048146337270736694,-0.32322707772254944,-0.039181162278055126,-0.08479547500610352,-0.2184167504310608,-0.028696559975742275,-0.06620386242866516,-0.31290319561958313,-0.041363485763667995,-0.016450196504592896,-0.334369033575058,-0.04641383946955102,0.02788981795310974,-0.32766568660736084,-0.04693700806319612,-1.539320680783084,-0.7379376918455705,-0.634366583095709,-0.6552812678438169,-0.7699157287122819,0.02673010507770158,0.023762554794817883,0.033154713986470984,0.053717461034149254,0.0031319564075226567,0.006951804455976164,0.02700483106471929,0.010064729763597947,0.030045786472818248,0.02073711223140099,O
0.0,0.0,0.0,0.0597098171710968,-0.1057126522064209,0.026100448827321543,0.07914060354232788,-0.18795663118362427,0.031857102672631754,0.0974733829498291,-0.2536730170249939,0.022143575857455744,0.08663782477378845,-0.3154968023300171,0.011908956366653456,-0.02627810835838318,-0.24569696187973022,0.07539438785153152,-0.023028641939163208,-0.3336145281791687,0.05742337511020423,0.023678213357925415,-0.3400738835334778,0.03120619573729755,0.06189557909965515,-0.32160359621047974,0.015683633769924654,-0.04706686735153198,-0.24280762672424316,0.04442754344182731,-0.04419434070587158,-0.35333946347236633,0.017393394867951883,0.015882015228271484,-0.3566252589225769,-0.01556170775455712,0.06223830580711365,-0.31947049498558044,-0.03240893079799889,-0.06715306639671326,-0.2378212809562683,0.00917480097251655,-0.06099238991737366,-0.3482789099216461,-0.011319099430863844,0.003567725419998169,-0.3531581163406372,-0.029800752614562498,0.05294516682624817,-0.3236626088619232,-0.036820646812145696,-0.08078503608703613,-0.22619330883026123,-0.025928438146536337,-0.06349225342273712,-0.31831005215644836,-0.037762094725792394,-0.015025854110717773,-0.33874741196632385,-0.04381391077203034,0.028410643339157104,-0.33183032274246216,-0.04549041434091805,-1.5120806801189703,-0.7107745031006049,-0.6116417633623589,-0.6205629996512296,-0.768834855360472,0.025484733714473535,0.024720978118310807,0.03466807747606536,0.06047469344184588,0.0021604588474840713,0.009184193647934404,0.03501181027088765,0.010194912989815416,0.036014942596452645,0.02585835247599838,O
0.0,0.0,0.0,0.05592024326324463,-0.10021334886550903,0.025107025568843255,0.07503116130828857,-0.1824703812599182,0.030779594024181733,0.09340500831604004,-0.24895769357681274,0.021557082822084794,0.07994645833969116,-0.3088216781616211,0.012248943959832559,-0.0315411239862442,-0.24013710021972656,0.0725221572718624,-0.030264288187026978,-0.3316636085510254,0.05501106887078322,0.016748249530792236,-0.3372214436531067,0.030300391306639085,0.05373385548591614,-0.31619560718536377,0.01643280445551909,-0.05184356868267059,-0.23736649751663208,0.04259269817686118,-0.049236148595809937,-0.34803178906440735,0.017535229613542924,0.010968238115310669,-0.3509783446788788,-0.01247203961992227,0.05656549334526062,-0.31542259454727173,-0.027352454672097792,-0.07109227776527405,-0.23329806327819824,0.008364538130820165,-0.06276050209999084,-0.34417736530303955,-0.010902985530435672,0.0016313791275024414,-0.34885507822036743,-0.02722583764278852,0.04900917410850525,-0.31990715861320496,-0.03291542322421037,-0.08356301486492157,-0.22308349609375,-0.02579674550378286,-0.06377901136875153,-0.3178626596927643,-0.03670135379815065,-0.014136254787445068,-0.33603447675704956,-0.04088108853483163,0.028725773096084595,-0.3253200352191925,-0.041129826168059935,-1.5319141002168268,-0.7283333445342692,-0.6240326051046029,-0.6247686956397395,-0.7385743152730941,0.02723004549421336,0.02429488878758529,0.03286340567323528,0.05381221406357233,0.002935254930176086,0.006008180100459972,0.02662065686193942,0.008786880861216843,0.02954673172123396,0.020993227235999577,O
0.0,0.0,0.0,0.05524003505706787,-0.10846173763275146,0.021925939476744816,0.07447290420532227,-0.19162702560424805,0.026219697898881122,0.09630677103996277,-0.2581477165222168,0.016362659862892315,0.08673697710037231,-0.3195496201515198,0.006820515493558332,-0.03141719102859497,-0.25285178422927856,0.06514839478458612,-0.01754823327064514,-0.34221151471138,0.04342171200241296,0.03132793307304382,-0.3430144488811493,0.015924729636566326,0.06774860620498657,-0.3238442540168762,-8.937962721233816e-05,-0.0521223247051239,-0.25182539224624634,0.03655368857707231,-0.038379162549972534,-0.3612075448036194,0.006966117533551142,0.0231589674949646,-0.3583005666732788,-0.02375614992652686,0.06746235489845276,-0.32222244143486023,-0.038792483278854206,-0.06955039501190186,-0.24618452787399292,0.00345372082355766,-0.05862317979335785,-0.36194753646850586,-0.021209925183399037,0.0066678524017333984,-0.3613705635070801,-0.03792824200664313,0.054291993379592896,-0.32782191038131714,-0.04268414131675513,-0.07912151515483856,-0.23247408866882324,-0.02972165472183974,-0.05820965766906738,-0.3279581665992737,-0.04593704617892058,-0.008500069379806519,-0.3461403548717499,-0.052550315627200916,0.035624414682388306,-0.33629491925239563,-0.05361466459308417,-1.4752173970842075,-0.6213154258171384,-0.5320540160415581,-0.5828182460051671,-0.7354545489397749,0.019467976507541784,0.019459060476790958,0.033482947216271784,0.053785677265514704,0.0016468806458507222,0.014032183682026363,0.034452615949845465,0.014311270908616046,0.03480932445662685,0.020500496914604323,O
0.0,0.0,0.0,0.05699971318244934,-0.1018715500831604,0.026981510187454205,0.07590717077255249,-0.1869181990623474,0.03280001875288008,0.09588232636451721,-0.2544088363647461,0.02330728058046816,0.08391717076301575,-0.3134385943412781,0.013930649462110978,-0.03791719675064087,-0.24690163135528564,0.07461152967340468,-0.0240933895111084,-0.33864331245422363,0.0578912235451412,0.026526212692260742,-0.3431040048599243,0.03389227759367941,0.06328365206718445,-0.32205963134765625,0.020251657779283505,-0.057748883962631226,-0.24515342712402344,0.04385327916867254,-0.04130639135837555,-0.35788509249687195,0.019648304174609166,0.022417515516281128,-0.3590773940086365,-0.009154009667270202,0.0685756504535675,-0.32329145073890686,-0.02327407527440073,-0.07358767092227936,-0.2405955195426941,0.008901703136928063,-0.05662721395492554,-0.3558076024055481,-0.010322818567090053,0.010245323181152344,-0.3580537438392639,-0.02519634369485857,0.057185858488082886,-0.32637959718704224,-0.029853198711805362,-0.08100464940071106,-0.22862374782562256,-0.025785844807558078,-0.053842693567276,-0.325369268655777,-0.03774226087801935,-0.002553999423980713,-0.3427714705467224,-0.04171197119825365,0.03991401195526123,-0.33269843459129333,-0.041575975750618,-1.5075707584917455,-0.6387880657559454,-0.5539475637992861,-0.5805636387560786,-0.7106732355626145,0.022362119149055656,0.018232965326504282,0.02969903383266958,0.04803352403807753,0.005433472732437506,0.007472964029539692,0.025677309310315862,0.01180101730793363,0.030165889123423037,0.018391421608856293,O
0.0,0.0,0.0,0.05699971318244934,-0.1018715500831604,0.026981510187454205,0.07590717077255249,-0.1869181990623474,0.03280001875288008,0.09588232636451721,-0.2544088363647461,0.02330728058046816,0.08391717076301575,-0.3134385943412781,0.013930649462110978,-0.03791719675064087,-0.24690163135528564,0.07461152967340468,-0.0240933895111084,-0.33864331245422363,0.0578912235451412,0.026526212692260742,-0.3431040048599243,0.03389227759367941,0.06328365206718445,-0.32205963134765625,0.020251657779283505,-0.057748883962631226,-0.24515342712402344,0.04385327916867254,-0.04130639135837555,-0.35788509249687195,0.019648304174609166,0.022417515516281128,-0.3590773940086365,-0.009154009667270202,0.0685756504535675,-0.32329145073890686,-0.02327407527440073,-0.07358767092227936,-0.2405955195426941,0.008901703136928063,-0.05662721395492554,-0.3558076024055481,-0.010322818567090053,0.010245323181152344,-0.3580537438392639,-0.02519634369485857,0.057185858488082886,-0.32637959718704224,-0.029853198711805362,-0.08100464940071106,-0.22862374782562256,-0.025785844807558078,-0.053842693567276,-0.325369268655777,-0.03774226087801935,-0.002553999423980713,-0.3427714705467224,-0.04171197119825365,0.03991401195526123,-0.33269843459129333,-0.041575975750618,-1.5075707584917455,-0.6387880657559454,-0.5539475637992861,-0.5805636387560786,-0.7106732355626145,0.022362119149055656,0.018232965326504282,0.02969903383266958,0.04803352403807753,0.005433472732437506,0.007472964029539692,0.025677309310315862,0.01180101730793363,0.030165889123423037,0.018391421608856293,O
0.0,0.0,0.0,0.059733688831329346,-0.10160940885543823,0.029524037121575475,0.08006861805915833,-0.18435627222061157,0.03566356140260041,0.10106286406517029,-0.2490566372871399,0.026276669903438687,0.0947687029838562,-0.30897173285484314,0.016857325537841916,-0.030533045530319214,-0.24969834089279175,0.0744943036425525,-0.015008330345153809,-0.33558884263038635,0.059618243454735875,0.03590250015258789,-0.33769991993904114,0.03716610509042084,0.07269954681396484,-0.31610792875289917,0.02423578451458752,-0.05053183436393738,-0.24973124265670776,0.042646402000229955,-0.031199365854263306,-0.35640305280685425,0.02190518702451527,0.030619829893112183,-0.3554234802722931,-0.004466075477409959,0.0749746561050415,-0.31933361291885376,-0.017955624059993625,-0.06573288142681122,-0.246956467628479,0.007018690901588798,-0.04555132985115051,-0.3552444875240326,-0.007507957545328736,0.02014341950416565,-0.3568752408027649,-0.020012753577191233,0.06665825843811035,-0.3258873224258423,-0.024670949698645472,-0.07162246108055115,-0.235693097114563,-0.028404525042731166,-0.043122440576553345,-0.32898491621017456,-0.03659923610206306,0.00925600528717041,-0.3439989686012268,-0.03855010357614219,0.05287444591522217,-0.3311668336391449,-0.037804911405999064,-1.4533754010370432,-0.5716511934578273,-0.5063465132335693,-0.5376165585432539,-0.6542147866005965,0.02319424381062003,0.02234217648980633,0.03280753363320607,0.04741045532536157,0.003947297889041756,0.011494942620589041,0.02489588805442222,0.010588369962205217,0.025068793410320367,0.01476030915385979,O
0.0,0.0,0.0,0.06075349450111389,-0.1002698540687561,0.028327693586334135,0.08101719617843628,-0.18293887376785278,0.03346667008577242,0.10409539937973022,-0.24621009826660156,0.02343157248674288,0.09736716747283936,-0.30219027400016785,0.013232916017159368,-0.032735973596572876,-0.24644887447357178,0.0693236509162034,-0.015981733798980713,-0.3360142111778259,0.05195376591859713,0.03540992736816406,-0.3390611410140991,0.028505101223572638,0.07123333215713501,-0.3148869276046753,0.0157154233950223,-0.052870482206344604,-0.24359405040740967,0.03807930218158617,-0.029894858598709106,-0.3547689616680145,0.013735575025066282,0.03278687596321106,-0.3515620231628418,-0.01339709071339712,0.07615429162979126,-0.31326496601104736,-0.025999703089610193,-0.06735384464263916,-0.2387353777885437,0.003315526182859685,-0.04585680365562439,-0.3566277027130127,-0.015211561339810942,0.01906445622444153,-0.35721418261528015,-0.027829740772858713,0.06282204389572144,-0.3240881860256195,-0.031069517712012384,-0.07255548238754272,-0.22752583026885986,-0.030994359980240915,-0.04155132174491882,-0.32471200823783875,-0.042451989482060526,0.010437995195388794,-0.340889573097229,-0.0450022002858077,0.052772343158721924,-0.32919883728027344,-0.04357758967103109,-1.4345407891658932,-0.5821547523317753,-0.49511848812371206,-0.5803528993049938,-0.6815670436862371,0.02905481648644864,0.02392979115388206,0.040900906029485075,0.052135984176597906,0.005181370623949741,0.01246647210503399,0.023358914216247483,0.01717238833495344,0.028294942444331103,0.011274539509440922,O
0.0,0.0,0.0,0.05777597427368164,-0.09746360778808594,0.031844951830663604,0.07932820916175842,-0.1781575083732605,0.03961888390020363,0.10476657748222351,-0.24044758081436157,0.03202743145064346,0.10258486866950989,-0.3005430996417999,0.024639728166022223,-0.03584766387939453,-0.2393217384815216,0.07621783824995987,-0.009538203477859497,-0.3241422772407532,0.06414642991856567,0.0442412793636322,-0.33013275265693665,0.044357784710683745,0.08177977800369263,-0.3114117383956909,0.03334785687164299,-0.05424147844314575,-0.2397417426109314,0.045223978035011214,-0.025663942098617554,-0.3487277030944824,0.02774971785382263,0.03786781430244446,-0.35033750534057617,0.00477866610870592,0.08308926224708557,-0.3164758086204529,-0.006541261762521344,-0.065941721200943,-0.23897165060043335,0.01084816517666809,-0.03555405139923096,-0.3506333529949188,-0.0016798850485599814,0.030232280492782593,-0.3538045287132263,-0.012116655089101869,0.07469150424003601,-0.32407641410827637,-0.015470368169388848,-0.06678904592990875,-0.23347949981689453,-0.022962228708109933,-0.03443005681037903,-0.3306805491447449,-0.029597374923667985,0.01827096939086914,-0.3430834114551544,-0.029671992488346177,0.06085118651390076,-0.32706373929977417,-0.027346386887273866,-1.38300758966606,-0.5498269876546706,-0.5095390873065586,-0.5442006144988888,-0.6326540789615135,0.023472944126705912,0.025177964277846625,0.03649461150599507,0.04944739178291939,0.005230636311675193,0.014513360598203797,0.026134097919155573,0.011326585687068168,0.024629987583938737,0.014159043278418606,O
0.0,0.0,0.0,0.05612736940383911,-0.09348005056381226,0.03173005928434236,0.07687258720397949,-0.1755567193031311,0.041194542992485594,0.10214751958847046,-0.23808884620666504,0.03580234174765451,0.10136008262634277,-0.29504603147506714,0.030163813132418227,-0.03661453723907471,-0.23731175065040588,0.07569400196112497,-0.007164895534515381,-0.3197709619998932,0.06606888001002176,0.04522913694381714,-0.32621195912361145,0.04759855170883043,0.08189591765403748,-0.31132951378822327,0.036759637046230864,-0.054904282093048096,-0.23831671476364136,0.04576338057555063,-0.02501767873764038,-0.3432014286518097,0.030401272449267935,0.03642827272415161,-0.3452378511428833,0.0080982146147619,0.08068054914474487,-0.31364813446998596,-0.003422530617939401,-0.0671069324016571,-0.2371266782283783,0.012708167295528483,-0.03662842512130737,-0.3445947766304016,0.0014663138255457397,0.02758893370628357,-0.34886154532432556,-0.009749805804716516,0.07162812352180481,-0.32198306918144226,-0.014090410683678556,-0.06887897849082947,-0.23109954595565796,-0.019646683957802225,-0.040546298027038574,-0.33088210225105286,-0.025870129716025758,0.011152535676956177,-0.34419795870780945,-0.026274785649405885,0.054299384355545044,-0.32883062958717346,-0.024500327434765268,-1.368660484871629,-0.5582881501782765,-0.507135213273703,-0.5489369154361153,-0.6707104037202445,0.02537726372783293,0.027815127913602994,0.040119738191924846,0.05793192894537176,0.002617846916700407,0.014796142702011801,0.03267809211540762,0.012305183716755345,0.030438035639941338,0.018632613466779233,O
0.0,0.0,0.0,0.057678431272506714,-0.09093844890594482,0.02745015673343687,0.0828365683555603,-0.17201852798461914,0.03472353830937891,0.10953027009963989,-0.23554524779319763,0.02779222220186739,0.10976240038871765,-0.30039528012275696,0.02096364587549715,-0.028468191623687744,-0.238941490650177,0.07562731519345789,0.003962099552154541,-0.31987595558166504,0.0657105179131463,0.054186731576919556,-0.32643619179725647,0.04652335062627344,0.088186115026474,-0.31287866830825806,0.03539935439829378,-0.04763302206993103,-0.24223476648330688,0.04769488736991434,-0.014765769243240356,-0.3470846116542816,0.03200654998425989,0.04506385326385498,-0.3492460250854492,0.008408299051268386,0.0884467363357544,-0.3173410892486572,-0.00376195310610683,-0.061318814754486084,-0.24338355660438538,0.016143405213995266,-0.027691036462783813,-0.35141074657440186,0.005022214595271635,0.03618788719177246,-0.3542962670326233,-0.007050083149181319,0.08071541786193848,-0.3252948820590973,-0.011779746636705113,-0.06459882855415344,-0.2388729453086853,-0.015152765102641297,-0.03296458721160889,-0.3376276195049286,-0.020857727751092625,0.019176006317138672,-0.3504534065723419,-0.021682721227364254,0.06331846117973328,-0.33366072177886963,-0.020120345652060223,-1.3640524771464344,-0.5649126550480262,-0.5043227647964713,-0.5231119059086698,-0.6377215556200527,0.024927315752460755,0.02723082776836273,0.03825855944098285,0.05712818129280917,0.004470025068851856,0.014490468592517233,0.032408238987897464,0.011092164144790471,0.029962653724893512,0.019303921260185576,O
0.0,0.0,0.0,0.06060191988945007,-0.0997544527053833,0.033047848514115685,0.08432543277740479,-0.18149447441101074,0.04241121294239747,0.11006045341491699,-0.24507862329483032,0.036219884774482125,0.10781586170196533,-0.30492615699768066,0.030071609786546105,-0.03206127882003784,-0.24484816193580627,0.08122969152668702,-6.908178329467773e-05,-0.3283429741859436,0.07156701864937531,0.0520862340927124,-0.33369722962379456,0.0522097061787008,0.08695635199546814,-0.31670814752578735,0.040960353932177895,-0.051610469818115234,-0.24628037214279175,0.05029813306668984,-0.017889738082885742,-0.35498857498168945,0.034343009016311044,0.04404795169830322,-0.355840802192688,0.01034198249021756,0.08785232901573181,-0.3211621940135956,-0.002008219582194215,-0.06416201591491699,-0.24572041630744934,0.01606298530737149,-0.028475046157836914,-0.3566219210624695,0.004777799027806395,0.03666728734970093,-0.3582580089569092,-0.007274302055293447,0.08063405752182007,-0.3276573419570923,-0.012066135981285697,-0.06580224633216858,-0.23965108394622803,-0.017454922997558242,-0.030287891626358032,-0.3363988697528839,-0.02299614144226325,0.02311733365058899,-0.3484112024307251,-0.023777457752430564,0.06696069240570068,-0.3322174847126007,-0.022387110495174056,-1.3827340614826233,-0.543191324792421,-0.4927536575075534,-0.5149519023492618,-0.6088649752900616,0.02395692897680849,0.025732305285311566,0.0354338432596119,0.049132081440435724,0.00454327029092452,0.012643427783083189,0.025305452819582793,0.009710323896128715,0.023636411163395814,0.01441373704315874,O
0.0,0.0,0.0,0.05453479290008545,-0.09249520301818848,0.02404320058229814,0.07365068793296814,-0.18053865432739258,0.030218202665480476,0.09814104437828064,-0.2499050796031952,0.022634992420705657,0.10050380229949951,-0.3164697587490082,0.015440248928996425,-0.04489094018936157,-0.23689693212509155,0.07222813744846235,-0.014919042587280273,-0.32524484395980835,0.06186303500834356,0.037152498960494995,-0.3340536952018738,0.042725689753922325,0.07353976368904114,-0.3212568759918213,0.031518131539257865,-0.06459936499595642,-0.2383713722229004,0.046087395444544654,-0.03590855002403259,-0.34968656301498413,0.029567597478660446,0.026600390672683716,-0.3533976674079895,0.00573119758445273,0.07242795825004578,-0.3234294056892395,-0.006281441964176793,-0.07723864912986755,-0.23697522282600403,0.016224665612014633,-0.04923197627067566,-0.3546392321586609,0.004105576358767848,0.016696810722351074,-0.3615089952945709,-0.007727453440395493,0.062490880489349365,-0.33526846766471863,-0.012147214218941826,-0.07813587784767151,-0.2309744954109192,-0.013583791397479672,-0.0508330762386322,-0.3361552655696869,-0.021541321605411667,0.001623779535293579,-0.3547317385673523,-0.02338397312161078,0.04574301838874817,-0.3435666263103485,-0.022220432713595528,-1.3757581754997628,-0.6189432081900632,-0.555528459653665,-0.6130400781079705,-0.7377043457956836,0.027385687314411676,0.028925589097232193,0.0424072361919779,0.06109814797648797,0.002440491061311993,0.017843837064052036,0.03564244672527946,0.015456678261559399,0.033430430295529966,0.01869091548985217,O
0.0,0.0,0.0,0.05553540587425232,-0.09209799766540527,0.0225173764115425,0.07610738277435303,-0.1793195605278015,0.029249391350731457,0.09957066178321838,-0.24796494841575623,0.02269014419971427,0.1053113043308258,-0.32010456919670105,0.016539187002763356,-0.041146308183670044,-0.23899906873703003,0.07440044434724769,-0.012609869241714478,-0.3233596980571747,0.06473391206918677,0.03824383020401001,-0.33272239565849304,0.044675041753635014,0.07595229148864746,-0.32125332951545715,0.032433491963729466,-0.06107714772224426,-0.2414415180683136,0.04932341055928191,-0.033134669065475464,-0.34764131903648376,0.03307020740567168,0.028128445148468018,-0.35371580719947815,0.006967591885313595,0.07509857416152954,-0.3247653841972351,-0.006895769555285369,-0.07639956474304199,-0.23926123976707458,0.02036527993141135,-0.04726302623748779,-0.35308608412742615,0.007847244683489407,0.018281251192092896,-0.3599577248096466,-0.005851605609223043,0.06545507907867432,-0.33469411730766296,-0.011507197451010143,-0.08131551742553711,-0.2310120165348053,-0.0085423711502699,-0.04999822378158569,-0.3327166438102722,-0.017353241499677097,0.0029712021350860596,-0.35044845938682556,-0.020177307706489955,0.04792174696922302,-0.34051090478897095,-0.01946660054863969,-1.3662608087490917,-0.6123589294417953,-0.54911258653027,-0.592203130883702,-0.7029071626567304,0.029381478610463797,0.030570120391518053,0.04244259187929397,0.06090960372933842,0.0036143272351047313,0.017054214870676484,0.03400831709259494,0.013841124903386983,0.03140861911872708,0.018473027674504715,O
0.0,0.0,0.0,0.056952089071273804,-0.10022974014282227,0.025804895231601677,0.07870391011238098,-0.18964684009552002,0.032739584589478454,0.10499545931816101,-0.25803184509277344,0.025632643396136245,0.10830533504486084,-0.3270009756088257,0.019205426121231994,-0.041087806224823,-0.25188902020454407,0.07580951719927498,-0.009327203035354614,-0.3350255489349365,0.06535228460478493,0.04326179623603821,-0.3447810709476471,0.04538893818306633,0.08163347840309143,-0.3348878026008606,0.0332231496219606,-0.0623854398727417,-0.253215491771698,0.04843548431443878,-0.030070483684539795,-0.36078310012817383,0.0316524629240007,0.032169848680496216,-0.36751681566238403,0.007250270130214176,0.08034652471542358,-0.3406519889831543,-0.005506929686191597,-0.07683034241199493,-0.25153806805610657,0.017147907311198196,-0.04318615794181824,-0.36404192447662354,0.004783856937763176,0.024263232946395874,-0.3741268217563629,-0.007910950785401383,0.07470518350601196,-0.35117465257644653,-0.013159231958809414,-0.07898899912834167,-0.24473637342453003,-0.014053023164990464,-0.043084025382995605,-0.3422602713108063,-0.021803225135329285,0.01150888204574585,-0.35935962200164795,-0.023941202765229264,0.05872654914855957,-0.3495926856994629,-0.0231023642475634,-1.3585311147743337,-0.5946555091623825,-0.5496271036205778,-0.5816386778894655,-0.6507558676073005,0.02781348551910367,0.031113425417069494,0.04139247324778372,0.054483404590486825,0.005906106538492344,0.017699230274453776,0.02722059872257932,0.011939479877222612,0.023395713310023446,0.016056754813131804,O
0.0,0.0,0.0,0.05729517340660095,-0.09602230787277222,0.017693313977474645,0.08110934495925903,-0.18411850929260254,0.019436064383739904,0.10623398423194885,-0.25560232996940613,0.00867610911166139,0.11556065082550049,-0.33075231313705444,-0.000879098919426724,-0.047591209411621094,-0.2527778744697571,0.06635768639182515,-0.007790923118591309,-0.33932119607925415,0.05019309671854444,0.04813438653945923,-0.34873780608177185,0.026555805674547628,0.08984452486038208,-0.337880939245224,0.012608634515459016,-0.06945857405662537,-0.25421062111854553,0.042175780257935,-0.026605069637298584,-0.3664238452911377,0.01911108868455358,0.040435850620269775,-0.3718082308769226,-0.00813617070878081,0.09162825345993042,-0.34405195713043213,-0.021417367064600512,-0.08292850852012634,-0.25238046050071716,0.013666642105931714,-0.04065951704978943,-0.3697274923324585,-0.004127281510477587,0.029642105102539062,-0.37828129529953003,-0.01773850133383803,0.08119010925292969,-0.35464462637901306,-0.021836581432467028,-0.08356142044067383,-0.24527078866958618,-0.015213997827117964,-0.042905956506729126,-0.34764811396598816,-0.026511764877682253,0.013173192739486694,-0.36476030945777893,-0.028917581566815898,0.05985814332962036,-0.35425636172294617,-0.026986264416223094,-1.3400337300842975,-0.5544326849217182,-0.5087509021206326,-0.5572399986732814,-0.6498116847959898,0.026685884749131212,0.027379557593469845,0.04185901050005469,0.06045832979215139,0.006423639891557224,0.018865845218968603,0.03416632170182058,0.014871432220737016,0.033368694472210796,0.021335499047277547,O
0.0,0.0,0.0,0.057349175214767456,-0.09303617477416992,0.01689074465093654,0.08044442534446716,-0.18055641651153564,0.01918029130456489,0.10657039284706116,-0.25212979316711426,0.00877503023502868,0.11678442358970642,-0.32683372497558594,-0.0008558480462852458,-0.04256430268287659,-0.24902161955833435,0.07044112772700828,-0.005319774150848389,-0.33257168531417847,0.055544075528359826,0.04838791489601135,-0.3419743478298187,0.03170109630582374,0.08800667524337769,-0.33144819736480713,0.017339822808480676,-0.06402024626731873,-0.25103560090065,0.04691648573634666,-0.024305492639541626,-0.3603091835975647,0.024847519556260522,0.040427327156066895,-0.36694759130477905,-0.003896689535849873,0.0904388427734375,-0.3397398591041565,-0.01841937287690598,-0.07885792851448059,-0.25002291798591614,0.01869864852187675,-0.039122939109802246,-0.36349058151245117,0.0018361434063081106,0.028654634952545166,-0.3726606070995331,-0.013403444578671042,0.07848694920539856,-0.34953683614730835,-0.018802222823524062,-0.08208611607551575,-0.2440161406993866,-0.010054031414711062,-0.04602104425430298,-0.34432312846183777,-0.020560518866204802,0.007756084203720093,-0.3638399839401245,-0.024128726711296622,0.054235219955444336,-0.3558233380317688,-0.023388736909055297,-1.3272937533781495,-0.5631010557940854,-0.5213002788971197,-0.563943911591582,-0.6869216034881349,0.029145362501013964,0.02933697200958563,0.044521093889215074,0.06894055802231074,0.008641012284105803,0.020440744527584726,0.04164923378405718,0.015454077748147091,0.03961540861284236,0.025053272791322294,O
0.0,0.0,0.0,0.058053821325302124,-0.09923052787780762,0.02199909533283062,0.08034059405326843,-0.18620485067367554,0.02646726067087002,0.10741257667541504,-0.2579624652862549,0.017689863917439652,0.11574766039848328,-0.3319249153137207,0.010169468586354924,-0.04821178317070007,-0.2533697187900543,0.07319319504222221,-0.005232304334640503,-0.3378165662288666,0.05927529814562149,0.0491979718208313,-0.3465081453323364,0.03628260898312874,0.08759596943855286,-0.33787405490875244,0.02231972548088379,-0.07004991173744202,-0.25663232803344727,0.04734666156491585,-0.02455192804336548,-0.3683306574821472,0.026274130445926858,0.04137486219406128,-0.37375354766845703,-0.0006485338099082583,0.09092298150062561,-0.34610193967819214,-0.01429543388167076,-0.08253607153892517,-0.25673145055770874,0.017251162556021882,-0.03737539052963257,-0.37294265627861023,0.0009148917733909911,0.0312214195728302,-0.38000762462615967,-0.012791253860086726,0.08055979013442993,-0.35521194338798523,-0.017512430670649337,-0.08120328187942505,-0.2525217533111572,-0.01298214891085081,-0.03968614339828491,-0.3521694242954254,-0.023643517169148254,0.015706956386566162,-0.36910200119018555,-0.02675605495551281,0.06234291195869446,-0.35954439640045166,-0.02577733364978485,-1.3324355245868384,-0.5566085250354041,-0.5072894425420245,-0.5432233644213512,-0.6406549824827659,0.02877342464540157,0.028587631979801274,0.042195638284678594,0.06012406249928073,0.008875082931463532,0.018711231817228946,0.033276427278899595,0.013798112294253751,0.03158354029793748,0.018724977959261178,O
0.0,0.0,0.0,0.057096242904663086,-0.09640300273895264,0.019031620755413314,0.08059298992156982,-0.18285739421844482,0.021281923338392517,0.1078110933303833,-0.25532305240631104,0.011145121588924667,0.11488202214241028,-0.3307220935821533,0.001800669062504312,-0.04173305630683899,-0.2549472153186798,0.06533681525252177,-0.0002816617488861084,-0.33952826261520386,0.05069022549650981,0.05402478575706482,-0.3477271795272827,0.028048818170645973,0.09236153960227966,-0.33909571170806885,0.014343554325023433,-0.06424397230148315,-0.25816431641578674,0.04084869770667865,-0.022628605365753174,-0.3700505197048187,0.020818465560296318,0.042322009801864624,-0.37481045722961426,-0.004371284336230019,0.09152525663375854,-0.347908079624176,-0.017431529999157647,-0.07926450669765472,-0.2566080689430237,0.012282542124012252,-0.03844192624092102,-0.37250304222106934,-0.0024430181983916555,0.02919831871986389,-0.3804013729095459,-0.014708180740854004,0.07904401421546936,-0.35718753933906555,-0.01930598059334443,-0.08176891505718231,-0.24833154678344727,-0.016660743222018937,-0.04600256681442261,-0.34910905361175537,-0.026893962934991578,0.008958905935287476,-0.36859315633773804,-0.0297458477471082,0.056903183460235596,-0.3606148362159729,-0.02891061531045125,-1.342929229662119,-0.5604171860791748,-0.5226851980640883,-0.5659990976267653,-0.6806297936126353,0.024026851944418122,0.028998217380776056,0.04455089933192756,0.06523129461466644,0.008851960093237748,0.022464877241107566,0.04147731596767938,0.015552806335332504,0.0368802062618412,0.02240452522180205,O
0.0,0.0,0.0,0.05883470177650452,-0.09883594512939453,0.0218860392256488,0.08240661025047302,-0.1849745512008667,0.02501350983817474,0.11057791113853455,-0.25787153840065,0.01450074061591522,0.1197042465209961,-0.3353878855705261,0.0048969077675451445,-0.04744863510131836,-0.25410452485084534,0.07484694726605312,-0.0032892227172851562,-0.34046387672424316,0.06226764775652782,0.05299070477485657,-0.34787890315055847,0.03948061324496166,0.09191864728927612,-0.34012913703918457,0.025207992343496244,-0.06939047574996948,-0.2582578957080841,0.04857974655766384,-0.02407616376876831,-0.3708767592906952,0.02886776223618881,0.04412528872489929,-0.37602126598358154,0.0015058806662295865,0.09504055976867676,-0.3485115170478821,-0.012844113932658274,-0.08220258355140686,-0.2589009702205658,0.018165159670900266,-0.0378912091255188,-0.3768673539161682,0.0037469404547323393,0.03287386894226074,-0.38281840085983276,-0.00952966075550421,0.08316037058830261,-0.3572864830493927,-0.014561447614539702,-0.08090755343437195,-0.2536138594150543,-0.012488210873414118,-0.03997814655303955,-0.35564687848091125,-0.021689178721715052,0.016608893871307373,-0.371925413608551,-0.023814551831890185,0.06381657719612122,-0.36131709814071655,-0.022416578905392726,-1.3277314064198529,-0.5530076768165776,-0.5019862590022349,-0.5367106004439518,-0.6397767205222356,0.028187213238538025,0.02793791594535964,0.04260285717795833,0.06160970416319723,0.008944866244905458,0.019263487038561327,0.03519454558821045,0.014769526847165626,0.03374788874605954,0.01975925607946332,O
0.0,0.0,0.0,0.05800333619117737,-0.09907746315002441,0.022822170356675997,0.08056658506393433,-0.1859918236732483,0.026950639510914698,0.10842391848564148,-0.25858229398727417,0.017501900742217913,0.11632177233695984,-0.33428651094436646,0.00907342678533496,-0.046933501958847046,-0.25406813621520996,0.07316196786837281,-0.004041492938995361,-0.3398382067680359,0.05920962321238221,0.05132734775543213,-0.3476100564002991,0.03642094212250413,0.09033367037773132,-0.34047210216522217,0.02243655251936616,-0.06914427876472473,-0.25809964537620544,0.04619504215793313,-0.024502158164978027,-0.37037569284439087,0.02470621171073617,0.04308873414993286,-0.37610137462615967,-0.0019809989478289936,0.09461948275566101,-0.3505938947200775,-0.015372298819556818,-0.08248379826545715,-0.25824350118637085,0.014974190691873446,-0.037954479455947876,-0.37468528747558594,-0.001753506528757498,0.032958418130874634,-0.3812500834465027,-0.01544836924745141,0.08466881513595581,-0.35720741748809814,-0.020111157720521078,-0.0819949209690094,-0.253101110458374,-0.016377919515207395,-0.04293808341026306,-0.35498881340026855,-0.02725820166392623,0.014431923627853394,-0.3720916211605072,-0.030404905950263128,0.06444963812828064,-0.3619859218597412,-0.029495754440858946,-1.3342029872507122,-0.5617988880302262,-0.5141371316554127,-0.5345587714781751,-0.6393425446214093,0.02671409706867863,0.027146273016362226,0.03908039990014272,0.058804554861184084,0.010991763837634998,0.01766808885721257,0.033657503819191324,0.011947990185842002,0.032248996995117636,0.020776169591566012,O
0.0,0.0,0.0,0.060012489557266235,-0.09792888164520264,0.023810353549663432,0.08278661966323853,-0.18639588356018066,0.02878004913264931,0.10997137427330017,-0.25855520367622375,0.019914871501271136,0.12030056118965149,-0.3345128893852234,0.011682920577470668,-0.043783485889434814,-0.25385582447052,0.07538929809862793,-0.002746403217315674,-0.3368454873561859,0.062362546520773776,0.0528712272644043,-0.3455154299736023,0.03957648803526581,0.09256741404533386,-0.33813756704330444,0.02540361923212231,-0.06623008847236633,-0.257647305727005,0.0481420219414872,-0.02373427152633667,-0.368935763835907,0.028353797691409,0.04329290986061096,-0.3759942948818207,0.001318453299347766,0.09457260370254517,-0.3501652479171753,-0.012921864678617112,-0.08048704266548157,-0.2572600841522217,0.016756991344038852,-0.037355273962020874,-0.37369322776794434,0.0012201324109923917,0.03253394365310669,-0.38027095794677734,-0.01254900875454723,0.08340716361999512,-0.356381893157959,-0.017798898322041623,-0.08109968900680542,-0.2512942850589752,-0.01461873161559879,-0.041563212871551514,-0.3526667058467865,-0.02529400172596752,0.015380829572677612,-0.3696749806404114,-0.028426816267426602,0.06435933709144592,-0.360524982213974,-0.02764295185869514,-1.3227401880127325,-0.5536393770680839,-0.5220978034320485,-0.5439351537630138,-0.6441011014732724,0.02796901390205534,0.03011518095697115,0.04288794831003986,0.06169318865918015,0.012193682494023937,0.02041483831022877,0.03601238625057203,0.012779426054669817,0.03194003090188912,0.0194932009271893,O
0.0,0.0,0.0,0.06086897850036621,-0.09779876470565796,0.02214154094059495,0.08554074168205261,-0.18523192405700684,0.02602410554487733,0.11325326561927795,-0.25755682587623596,0.016319307084870616,0.12545377016067505,-0.33508628606796265,0.0069296164957108886,-0.03563332557678223,-0.25644537806510925,0.07723972439367799,0.003945499658584595,-0.33940568566322327,0.06711181491215257,0.05694234371185303,-0.34833836555480957,0.04585248469908265,0.09362462162971497,-0.3411453366279602,0.032504136260342875,-0.057850927114486694,-0.2611653208732605,0.051445136364293376,-0.017871618270874023,-0.37025678157806396,0.03562512114245919,0.04603785276412964,-0.3766981363296509,0.009525098424148837,0.09465551376342773,-0.34939607977867126,-0.004770543840038499,-0.07369379699230194,-0.2609908878803253,0.02138964511055974,-0.03568214178085327,-0.3749067187309265,0.010594661865127364,0.03215306997299194,-0.3822394013404846,-0.0023403132281032413,0.08245444297790527,-0.3571379780769348,-0.008088695299136361,-0.07740272581577301,-0.2534526288509369,-0.008962501254188737,-0.04275268316268921,-0.3555605411529541,-0.01570139587323638,0.01254776120185852,-0.3728863000869751,-0.017569872964429578,0.06063985824584961,-0.361775666475296,-0.0166143322775838,-1.3104938439059803,-0.5800770216426511,-0.5244890547111001,-0.5519144415622858,-0.6653463806212397,0.032400722058227735,0.03396031202968579,0.048324106392456455,0.07009398122685072,0.008314896339122715,0.01950736967478716,0.0389050783972923,0.014450021369326266,0.036198328512098345,0.022302113368744457,O
0.0,0.0,0.0,0.05996251106262207,-0.09915173053741455,0.02306327825834842,0.0837009847164154,-0.18710100650787354,0.026558414534235908,0.11182740330696106,-0.2590896189212799,0.016044963583851768,0.12297222018241882,-0.33630239963531494,0.006501124207431985,-0.04636898636817932,-0.25597110390663147,0.07523349902083964,-0.004720568656921387,-0.34290266036987305,0.06162730461409183,0.05198219418525696,-0.35027456283569336,0.03833056470801921,0.09200897812843323,-0.3404230773448944,0.02401835700919719,-0.0682733952999115,-0.2597750127315521,0.04814557960679622,-0.023612648248672485,-0.3732816278934479,0.027413690895343734,0.04487407207489014,-0.37834739685058594,-0.0006007109516872333,0.09597793221473694,-0.34863969683647156,-0.01505305761048703,-0.08105206489562988,-0.2601339817047119,0.01697753785600753,-0.03759172558784485,-0.3784582316875458,0.0021959379916438593,0.03347453474998474,-0.3845785856246948,-0.011521125710999058,0.08463630080223083,-0.35786816477775574,-0.016625452354048775,-0.07909566164016724,-0.2551499307155609,-0.014341597943996476,-0.03689458966255188,-0.3558565676212311,-0.022843535556887673,0.01991945505142212,-0.37138327956199646,-0.024685464366768883,0.06735670566558838,-0.35948067903518677,-0.023105857461189316,-1.313424278142266,-0.5479581099538904,-0.4959293838934149,-0.5329358225666616,-0.6189910351803862,0.03123623446063765,0.02967996774108425,0.04398550830561342,0.06025212104905769,0.009124989447037867,0.01893904555399968,0.031159697042304063,0.01462180644244941,0.030605579625462846,0.017354671138246784,O
0.0,0.0,0.0,0.05935510993003845,-0.09970682859420776,0.02250195276053546,0.08427801728248596,-0.18853044509887695,0.024894151650983076,0.11389806866645813,-0.26025399565696716,0.01338040717007516,0.12810027599334717,-0.3355198800563812,0.0023620906757741977,-0.04357653856277466,-0.2587776482105255,0.07220323737772105,-0.00021412968635559082,-0.3441098928451538,0.05832800995619891,0.05584096908569336,-0.34972769021987915,0.0351068189373791,0.09608107805252075,-0.3373855948448181,0.020654974319654684,-0.06541582942008972,-0.2612842917442322,0.04502864535959361,-0.017605245113372803,-0.3701174259185791,0.02472288142951129,0.04975363612174988,-0.3720113933086395,-0.002827790751439352,0.0998905599117279,-0.3407123386859894,-0.017391368932408113,-0.0788051187992096,-0.2597625255584717,0.013892912120240908,-0.034230321645736694,-0.3755214214324951,-0.0006016200751446377,0.03554525971412659,-0.37913644313812256,-0.013430344126504679,0.08541730046272278,-0.35198456048965454,-0.018381217680257578,-0.07913199067115784,-0.25182369351387024,-0.017430739662927408,-0.03942573070526123,-0.3534547686576843,-0.026571423000973482,0.016163289546966553,-0.36933434009552,-0.028298542089146395,0.06285062432289124,-0.3574145436286926,-0.026698742247504015,-1.281054145610128,-0.512664306812648,-0.44791804486683157,-0.5116810948281673,-0.6394495515271771,0.03207350820296424,0.02868361392896231,0.045748465568996886,0.06882509234327647,0.005057605819001648,0.018078881336625663,0.03879976603620332,0.018344978153959204,0.04063152074896078,0.023210764504649133,O
0.0,0.0,0.0,0.06105297803878784,-0.10336905717849731,0.023603980324139684,0.08571213483810425,-0.19388651847839355,0.027938607043495267,0.11326909065246582,-0.26575082540512085,0.018436022928824514,0.127656489610672,-0.33905208110809326,0.009676596975793927,-0.04127195477485657,-0.26047638058662415,0.07257586613940248,0.0011732280254364014,-0.3456423878669739,0.058053332275619596,0.05683255195617676,-0.3522493243217468,0.03463406384634027,0.09696203470230103,-0.34057092666625977,0.020357779121866315,-0.06379568576812744,-0.2617557942867279,0.045256539142599195,-0.018512427806854248,-0.37218570709228516,0.023503263375630468,0.049113929271698,-0.37638285756111145,-0.004436429695317656,0.09944957494735718,-0.346554160118103,-0.01878943211687556,-0.07850678265094757,-0.2590826749801636,0.01399801288442859,-0.03687739372253418,-0.3775423765182495,-0.0029076159588043993,0.032874882221221924,-0.38321176171302795,-0.01673630169881335,0.08281856775283813,-0.3574638366699219,-0.021459872939715297,-0.08074146509170532,-0.2520742118358612,-0.017153478332886607,-0.042146116495132446,-0.3566299080848694,-0.02820398017121306,0.013073503971099854,-0.3730987310409546,-0.03057592465830794,0.05964338779449463,-0.3621479868888855,-0.028821687319407374,-1.289515571070759,-0.5251443094011145,-0.47908922756486694,-0.5476166635735834,-0.6649615771370883,0.03073201024911291,0.029187518296284694,0.048470939534918676,0.07182759137332215,0.006479732942801752,0.022031978253038844,0.043107434798191666,0.01988998347836041,0.04275160779439636,0.023643820109606303,O
0.0,0.0,0.0,0.058499038219451904,-0.09434449672698975,0.016036907321506533,0.08327654004096985,-0.18560630083084106,0.017469056061202082,0.11183914542198181,-0.25752532482147217,0.006459180376225504,0.125749409198761,-0.3322625160217285,-0.0039665846911134395,-0.03391119837760925,-0.25278908014297485,0.06264662939935306,-2.5063753128051758e-05,-0.33978432416915894,0.04567302588253597,0.05439490079879761,-0.34691593050956726,0.021964063978487047,0.09480944275856018,-0.3357980251312256,0.007822600303882155,-0.055183619260787964,-0.2546440064907074,0.03910352859526256,-0.018119722604751587,-0.3676389455795288,0.01521916512280086,0.04778435826301575,-0.3713124096393585,-0.013540511840290037,0.09695872664451599,-0.3412207067012787,-0.027967147418564764,-0.07149934768676758,-0.2524096369743347,0.011283128632896933,-0.03897717595100403,-0.3713440001010895,-0.007345092372304407,0.030404597520828247,-0.37659475207328796,-0.023006467038101164,0.08170187473297119,-0.34958529472351074,-0.02852809604377171,-0.07790996134281158,-0.2443406879901886,-0.016909412929123846,-0.04483148455619812,-0.3467366695404053,-0.02936769638330361,0.011024534702301025,-0.36344975233078003,-0.03394729446739575,0.05939474701881409,-0.3512824773788452,-0.033736759686178175,-1.288900180750927,-0.572765182920684,-0.517351688081225,-0.5652595904304996,-0.6617200433846906,0.03114131256039297,0.030152157173086086,0.0473314267106524,0.06902680727833997,0.0058330863728066696,0.01902359435952611,0.038651894335822695,0.017399363868615316,0.03888819608169149,0.0223715975250156,O
0.0,0.0,0.0,0.06018313765525818,-0.08865958452224731,0.017856370406263977,0.08389443159103394,-0.17737573385238647,0.021287234248632103,0.11050480604171753,-0.2496930956840515,0.012089708568566948,0.12046706676483154,-0.3255827724933624,0.003571525430345446,-0.044290006160736084,-0.24209299683570862,0.06817115818154207,-0.008072346448898315,-0.3297426104545593,0.05414308954965463,0.04857620596885681,-0.3418237864971161,0.030945457266682297,0.09143120050430298,-0.3315719664096832,0.01656639178287378,-0.06564000248908997,-0.24513155221939087,0.04434329246174684,-0.02688378095626831,-0.35742589831352234,0.02301404972564569,0.042156606912612915,-0.3639654517173767,-0.006214094134008974,0.09409403800964355,-0.3356678783893585,-0.021664371965414375,-0.07847711443901062,-0.24287965893745422,0.01651095387529722,-0.04198619723320007,-0.36025428771972656,-0.0001923497952134312,0.029668867588043213,-0.3679261803627014,-0.01534346702504763,0.08053961396217346,-0.34360387921333313,-0.021249259142166466,-0.07896038889884949,-0.23390114307403564,-0.011555016292220444,-0.042544662952423096,-0.33599406480789185,-0.022749277083164543,0.012919634580612183,-0.35411354899406433,-0.026537930844312996,0.05902594327926636,-0.3448585271835327,-0.026157843200451225,-1.328862610630229,-0.582874864737633,-0.5156455298448944,-0.5646305475622891,-0.6772472776773408,0.02964712419892687,0.02823554509223131,0.04380595592748847,0.06439383801299696,0.00488540668983617,0.016229404891102178,0.03502332641280642,0.015706766705364958,0.03625243844593856,0.021550224309312943,O
0.0,0.0,0.0,0.06216084957122803,-0.10358834266662598,0.0234431559322843,0.08485066890716553,-0.198661208152771,0.026850837293125096,0.11390811204910278,-0.273186594247818,0.01643762831673712,0.13335493206977844,-0.3464660048484802,0.006786136432594958,-0.04318717122077942,-0.25466835498809814,0.06678581145689577,-0.002654939889907837,-0.34524545073509216,0.05099597108647913,0.05541500449180603,-0.35213154554367065,0.028393504220105115,0.09653815627098083,-0.33836907148361206,0.01502487902627081,-0.06445732712745667,-0.2560811936855316,0.03945078608677477,-0.01858454942703247,-0.3752613067626953,0.0166457230328092,0.05143234133720398,-0.37656885385513306,-0.010597703968130645,0.10045251250267029,-0.3433779776096344,-0.02406191731705576,-0.07488027215003967,-0.2538010776042938,0.008675761531151238,-0.03411725163459778,-0.3797908425331116,-0.008228981857143935,0.0400204062461853,-0.381855845451355,-0.02111478614523321,0.0906098484992981,-0.35171613097190857,-0.025252449315928516,-0.07230141758918762,-0.24574747681617737,-0.02183497975482851,-0.03284385800361633,-0.35061806440353394,-0.03230662736012846,0.025604993104934692,-0.36368894577026367,-0.034337972280525264,0.07216021418571472,-0.348763108253479,-0.03267412352278143,-1.253705060284584,-0.5397115087949055,-0.4868593253077607,-0.5342698086521215,-0.6194641023470624,0.037696621998980814,0.033047013868092154,0.043066297655582765,0.06123781659206511,0.006356990269606378,0.014604411320553795,0.026501321866766094,0.0128997223294179,0.028800239167529166,0.01868446813480422,O
0.0,0.0,0.0,0.062001585960388184,-0.10411572456359863,0.023259822694683407,0.0839093029499054,-0.19898122549057007,0.02741245966973338,0.11261886358261108,-0.27290573716163635,0.01810658578398261,0.12948966026306152,-0.3440703749656677,0.0097434599381927,-0.0496879518032074,-0.25427302718162537,0.06667167362394366,-0.004139304161071777,-0.3451507091522217,0.05058454763712916,0.054642945528030396,-0.35438257455825806,0.027317410750413273,0.09790301322937012,-0.3434129059314728,0.013246362513029908,-0.06857004761695862,-0.25526338815689087,0.03977797221961055,-0.015243053436279297,-0.37625420093536377,0.014954527324164246,0.05606341361999512,-0.3799147307872772,-0.01450281641808715,0.10636425018310547,-0.3471114933490753,-0.02875257800695863,-0.07608816027641296,-0.2529439926147461,0.009754683306539391,-0.03241977095603943,-0.37735068798065186,-0.007782793188368942,0.041544944047927856,-0.3830028772354126,-0.022325122313475276,0.09204831719398499,-0.35539892315864563,-0.027112176226353313,-0.07063692808151245,-0.24488568305969238,-0.019971221269940997,-0.029719054698944092,-0.3473071753978729,-0.029523428114032413,0.027684897184371948,-0.36278843879699707,-0.03169430378255811,0.07368940114974976,-0.35098010301589966,-0.03005090314326253,-1.2664051922734927,-0.5433303464263102,-0.4834810535148058,-0.5472703487398991,-0.6338973201235524,0.0315934888285851,0.023324514837141472,0.03911764531483086,0.05622644625833021,0.00923428826022366,0.013339493042722379,0.025368513587849324,0.01654168764659588,0.032903068247609274,0.018883213968316284,O
0.0,0.0,0.0,0.06057801842689514,-0.0995330810546875,0.02193309178187519,0.08347153663635254,-0.19146215915679932,0.02560881895556122,0.11199080944061279,-0.263934850692749,0.01615311016871601,0.12554621696472168,-0.33552998304367065,0.007481641579261122,-0.04415088891983032,-0.24981829524040222,0.06415049729480415,-0.0019012689590454102,-0.33896294236183167,0.04821674896015793,0.055314600467681885,-0.346630334854126,0.025793438754817544,0.09531676769256592,-0.33425551652908325,0.01281434481575161,-0.06394773721694946,-0.25161799788475037,0.0383533499909845,-0.017017602920532227,-0.3676096498966217,0.01685537768139511,0.05180975794792175,-0.37095803022384644,-0.009203331567505302,0.09995567798614502,-0.3400014042854309,-0.022258598379949035,-0.07398095726966858,-0.24962249398231506,0.009023882426163254,-0.032503724098205566,-0.3696618974208832,-0.0068282531799468416,0.03956940770149231,-0.3756035566329956,-0.020347306527355613,0.08867645263671875,-0.34854885935783386,-0.025244507961133422,-0.07205832004547119,-0.24284616112709045,-0.020158963300445976,-0.03471970558166504,-0.34644192457199097,-0.02983063089118332,0.02246195077896118,-0.36106011271476746,-0.03213617580399841,0.06881594657897949,-0.3467964231967926,-0.030828084819177093,-1.2866510694633495,-0.5443990057109607,-0.49454526778106456,-0.5464187078765693,-0.635708077171802,0.03025630294987547,0.025978246536964657,0.0391007757223045,0.05783819025318216,0.007384762340144742,0.015760502316268573,0.02931838774118565,0.014152028571829805,0.031872482710265514,0.01993767121225603,O
0.0,0.0,0.0,0.05976349115371704,-0.10039067268371582,0.020999550166322933,0.0825936496257782,-0.19307810068130493,0.023736124205186115,0.11064746975898743,-0.2666018009185791,0.013027858267321335,0.12530803680419922,-0.33983114361763,0.00319748981740986,-0.04545477032661438,-0.2530917525291443,0.06853438662250255,-0.004430979490280151,-0.3430599570274353,0.05389557527263378,0.052015066146850586,-0.3492536246776581,0.031213409545614468,0.09235543012619019,-0.33685949444770813,0.0172626816656134,-0.0661802887916565,-0.25489768385887146,0.04266129555065845,-0.018162310123443604,-0.3715702295303345,0.020526112335517155,0.05039244890213013,-0.3718506097793579,-0.007544476260648025,0.09838366508483887,-0.33929288387298584,-0.021574047115848316,-0.07669466733932495,-0.25300994515419006,0.013115520867302166,-0.036137908697128296,-0.3760378956794739,-0.0029676917020537985,0.03597494959831238,-0.377885103225708,-0.016338634026453747,0.08507466316223145,-0.348810076713562,-0.020832757187292827,-0.07476544380187988,-0.24460825324058533,-0.016504519340799106,-0.035095423460006714,-0.34666168689727783,-0.026572438610003246,0.02247294783592224,-0.3598021864891052,-0.02883874317745949,0.06843337416648865,-0.34589850902557373,-0.027321404499218716,-1.2875586078048813,-0.5461705762470224,-0.4738678334969701,-0.5346659941361999,-0.6156351888611201,0.033086326264253986,0.026929751503402252,0.04122311965578794,0.05719737907585367,0.006500846161210667,0.013993783765530118,0.025572808720943398,0.01636173865274355,0.030670086562484846,0.016894073689953167,O
0.0,0.0,0.0,0.0597112774848938,-0.10237395763397217,0.025094936376319765,0.0822971761226654,-0.19260621070861816,0.02964856173645103,0.11086007952690125,-0.26336362957954407,0.02070477489183986,0.12035602331161499,-0.3333810567855835,0.012911501115070223,-0.04621320962905884,-0.24937871098518372,0.06725562806974494,-0.006373345851898193,-0.33849865198135376,0.05311565171729171,0.050572335720062256,-0.3486764430999756,0.03199409391532981,0.0908089280128479,-0.3388572335243225,0.019833297243224024,-0.06675586104393005,-0.25045761466026306,0.040121526231871485,-0.022821128368377686,-0.3677324652671814,0.01991771790932262,0.04560291767120361,-0.3747557997703552,-0.004512896521134735,0.09512200951576233,-0.3468957841396332,-0.016323183888687254,-0.076541006565094,-0.24914786219596863,0.009718137567745089,-0.03569665551185608,-0.3696553111076355,-0.004387869259460331,0.036008477210998535,-0.37841999530792236,-0.015661358127488256,0.08576029539108276,-0.3542085289955139,-0.019189530277742506,-0.07226470112800598,-0.24323579668998718,-0.020394657964004637,-0.032603561878204346,-0.3464624881744385,-0.027550348306192518,0.024152159690856934,-0.3604148030281067,-0.027253479922308088,0.06974762678146362,-0.34637129306793213,-0.024207442293061376,-1.3067558693276389,-0.5784969836251977,-0.537286032612963,-0.5744879853793838,-0.6281226312184428,0.03005028040249093,0.02862522153108306,0.04038128265678193,0.05224898121518049,0.009122552715424236,0.016160165964289257,0.022361563012992174,0.011879306742374956,0.02537980279732233,0.017827726242739452,O
0.0,0.0,0.0,0.06068992614746094,-0.1012347936630249,0.02458232661342663,0.08171391487121582,-0.19134515523910522,0.0299155881778006,0.11109361052513123,-0.26174041628837585,0.021755734659791415,0.1244153082370758,-0.3314829468727112,0.014538943037450736,-0.047636598348617554,-0.2493366301059723,0.06730688383436245,-0.005444347858428955,-0.33743125200271606,0.052482504598856394,0.052689820528030396,-0.3468248248100281,0.03010206503427071,0.09506726264953613,-0.33352136611938477,0.01680334677553219,-0.06649243831634521,-0.2513624429702759,0.040581595353842204,-0.01774534583091736,-0.36755090951919556,0.018628457762360995,0.051838308572769165,-0.37184473872184753,-0.008797143384754236,0.10025554895401001,-0.3397890031337738,-0.022468806974529798,-0.07425835728645325,-0.24935954809188843,0.010785694435298865,-0.033518850803375244,-0.36971932649612427,-0.005172948617428119,0.038964420557022095,-0.37590354681015015,-0.01910397390270191,0.08756348490715027,-0.34790709614753723,-0.024031551353573377,-0.0692494809627533,-0.2415561079978943,-0.018581872604727323,-0.029293328523635864,-0.34273067116737366,-0.027878692172407682,0.027556777000427246,-0.35674846172332764,-0.029995072431802328,0.07283315062522888,-0.34239938855171204,-0.028419451586842115,-1.2750240076061516,-0.5329793104736849,-0.4875932405959166,-0.5470020723004072,-0.6172402812687645,0.02941875138127919,0.02554769146571998,0.040346122021104,0.05272464018677078,0.008136435861071526,0.01622516282969182,0.02394107390695644,0.015066251157793177,0.027546361685938173,0.015726334315989184,O
0.0,0.0,0.0,0.06130978465080261,-0.10476076602935791,0.02291355424131325,0.08346337080001831,-0.19434082508087158,0.02666983522976807,0.1123887300491333,-0.2657567262649536,0.016917805676712305,0.12419325113296509,-0.3364182710647583,0.008376254258109839,-0.050263017416000366,-0.25323647260665894,0.06815265074874333,-0.008200645446777344,-0.34378063678741455,0.05174701616670063,0.05057045817375183,-0.35249945521354675,0.027729743649615557,0.09312808513641357,-0.3399800956249237,0.013357913610889227,-0.06861957907676697,-0.2535533010959625,0.04149188057090214,-0.018798351287841797,-0.3735663890838623,0.01752436489368847,0.05044552683830261,-0.3768206238746643,-0.011981422523604124,0.09900930523872375,-0.3457292318344116,-0.02662841833625862,-0.07560259103775024,-0.2518915832042694,0.011459330586149008,-0.03395003080368042,-0.37384727597236633,-0.005234500369624584,0.037743330001831055,-0.37989383935928345,-0.019693330372319906,0.08673658967018127,-0.3521822690963745,-0.02463956221436092,-0.06920003890991211,-0.24427372217178345,-0.018498542229281156,-0.029850929975509644,-0.34470564126968384,-0.027224787021623342,0.026548117399215698,-0.3598024249076843,-0.029365921835051267,0.07210692763328552,-0.34693315625190735,-0.02788392684851715,-1.2916098012069857,-0.5440470496830463,-0.5027518078546965,-0.5533940580406989,-0.6282903380236958,0.03126869253087979,0.026850048812955593,0.04063871456971042,0.05313706715854948,0.0082244341475303,0.013774768663111763,0.022141231105198892,0.01386582984644722,0.026929302902760535,0.015542850348881924,O
0.0,0.0,0.0,0.056430160999298096,-0.101931631565094,0.02601630240991426,0.07604125142097473,-0.19504523277282715,0.030669374394562965,0.10500922799110413,-0.2666890025138855,0.02148381248429132,0.11260342597961426,-0.3341284394264221,0.0133816273914249,-0.06361690163612366,-0.25337985157966614,0.06480627879813028,-0.02298682928085327,-0.3487563133239746,0.04844284430458856,0.038051456212997437,-0.359821081161499,0.024746583777812248,0.0844869613647461,-0.3442971408367157,0.010760276581493144,-0.08183187246322632,-0.2521398067474365,0.036109905693081146,-0.031340599060058594,-0.37152722477912903,0.013852402570989852,0.0414353609085083,-0.3766559362411499,-0.013234265145513291,0.09270501136779785,-0.3445817232131958,-0.026870207857939477,-0.0863167941570282,-0.24862876534461975,0.004630205690261846,-0.04202684760093689,-0.3698825538158417,-0.010199429464194054,0.03129050135612488,-0.377518892288208,-0.021553952243777985,0.07995975017547607,-0.350264310836792,-0.025257520374509568,-0.07590866088867188,-0.23960044980049133,-0.02670601010009932,-0.03388819098472595,-0.342445969581604,-0.03470946848079848,0.02156764268875122,-0.3586033582687378,-0.0346081778375833,0.06415408849716187,-0.34655123949050903,-0.031701505181047196,-1.3137326524445347,-0.5505594364565468,-0.487078385996688,-0.5486461755519114,-0.6521433649777961,0.029898797146554912,0.022477055990288722,0.036413952218588806,0.05001663987035559,0.008222975920046347,0.007490177498702029,0.02045743580682525,0.013954694011706317,0.028618773403687427,0.01623594284025162,O
0.0,0.0,0.0,0.05526265501976013,-0.10305410623550415,0.024514013656812494,0.07444590330123901,-0.19395726919174194,0.02926766847951967,0.10194441676139832,-0.2645868957042694,0.02051081670208532,0.11305144429206848,-0.33479318022727966,0.012807758280473536,-0.060100704431533813,-0.24504122138023376,0.06370465805514414,-0.019404709339141846,-0.3397533893585205,0.04809221228344995,0.039530396461486816,-0.3527866303920746,0.026000806817251032,0.08359459042549133,-0.33998942375183105,0.013133729563492125,-0.07886192202568054,-0.24548977613449097,0.036309394740897005,-0.03244805335998535,-0.364468514919281,0.01501258158816654,0.03862029314041138,-0.3722135126590729,-0.010339328332406694,0.0891636312007904,-0.3439001739025116,-0.023073373606962377,-0.08458924293518066,-0.242029070854187,0.005865070258664673,-0.04305371642112732,-0.3671600818634033,-0.009846194891792948,0.029599756002426147,-0.3757801651954651,-0.020840917027157957,0.07843804359436035,-0.35093921422958374,-0.02414792241768282,-0.07629954814910889,-0.2337574064731598,-0.024315949773949797,-0.03673616051673889,-0.33972984552383423,-0.03415563354508322,0.01931619644165039,-0.3564155399799347,-0.03493160778896254,0.0629362165927887,-0.34567439556121826,-0.03235955560819548,-1.3032510635097332,-0.5839026986425074,-0.5298288221737769,-0.588958686174669,-0.6770505887785504,0.029911656364757257,0.025564916351995964,0.038194003742258564,0.05128291035514853,0.006805011528130689,0.012103218031925655,0.021426322920305767,0.012829119931988861,0.026287357027937313,0.01637146774108619,O
0.0,0.0,0.0,0.05270609259605408,-0.09151476621627808,0.021201098925075712,0.06878641247749329,-0.18351298570632935,0.02612339763959426,0.09538954496383667,-0.25380373001098633,0.019132635212145033,0.1061987578868866,-0.32138359546661377,0.013325659214160623,-0.0660313069820404,-0.22789737582206726,0.06086789316555041,-0.027362465858459473,-0.31757262349128723,0.0476136157574274,0.028687208890914917,-0.33237606287002563,0.02739057376106757,0.07201048731803894,-0.32133686542510986,0.015411835751137914,-0.0824471116065979,-0.22895663976669312,0.03660715616365451,-0.03524693846702576,-0.34130850434303284,0.018429784691534223,0.03153812885284424,-0.35227805376052856,-0.004914950457759915,0.08155083656311035,-0.3281978368759155,-0.016916576185622034,-0.08447596430778503,-0.22652512788772583,0.00917675497998971,-0.04031983017921448,-0.34327518939971924,-0.003257650294699488,0.027669310569763184,-0.35529839992523193,-0.012785952882268248,0.07498833537101746,-0.3343750834465027,-0.01607377209643346,-0.07167187333106995,-0.21968626976013184,-0.018384806224503336,-0.034553200006484985,-0.3208600580692291,-0.02524577953795415,0.016469359397888184,-0.3399251699447632,-0.025492078968682108,0.05778616666793823,-0.3326420783996582,-0.02332558982948285,-1.305818842437837,-0.5950488254879471,-0.5441880167370469,-0.5946605014074561,-0.7174284050641593,0.03418830250517732,0.025572522589046756,0.03380634901243655,0.04970445077140124,0.011751220913875503,0.01337395634058974,0.018169731378222892,0.009012480074322022,0.02417665853561775,0.017289242741704645,O
0.0,0.0,0.0,0.05270001292228699,-0.09362983703613281,0.01919323490875513,0.07124045491218567,-0.181227445602417,0.022163764628942317,0.09734290838241577,-0.2495102882385254,0.01366221444624216,0.10799151659011841,-0.3191869854927063,0.006246896050299711,-0.05929654836654663,-0.2243531048297882,0.05533061833995134,-0.0195082426071167,-0.31526753306388855,0.039241912830050296,0.037615448236465454,-0.32877713441848755,0.017705083880002803,0.08024480938911438,-0.3174000382423401,0.005383093896682567,-0.07654494047164917,-0.22561874985694885,0.03158031688946039,-0.03128582239151001,-0.33803412318229675,0.010514343212719268,0.03738871216773987,-0.3474261462688446,-0.01394227886629551,0.08649241924285889,-0.32165470719337463,-0.02624511061293333,-0.08138298988342285,-0.22251874208450317,0.004739845692540712,-0.03981104493141174,-0.337887704372406,-0.009807093013648682,0.030025631189346313,-0.34895962476730347,-0.020290565621678525,0.07708460092544556,-0.3280627727508545,-0.02375734685045927,-0.0729769766330719,-0.21414974331855774,-0.022179887574736767,-0.03785991668701172,-0.3155548572540283,-0.030704879146639996,0.015649139881134033,-0.3331310451030731,-0.031291474532906705,0.05794152617454529,-0.3231058418750763,-0.028923773151461774,-1.3104521172641719,-0.588098656140527,-0.5323236601019813,-0.5875610978724959,-0.6940948664066916,0.027804189270213223,0.02164025963658687,0.03215613526770756,0.050203176950713024,0.007558758943603299,0.01112118809898061,0.023021568957059053,0.01138289724465689,0.028587747145634175,0.019774439932038496,O
0.0,0.0,0.0,0.05328088998794556,-0.09975981712341309,0.02028351158236319,0.0713714063167572,-0.1909862756729126,0.02499709904526526,0.09870466589927673,-0.25899335741996765,0.018700440156806053,0.11118680238723755,-0.3257824778556824,0.013924174684632362,-0.060750365257263184,-0.2331078052520752,0.056339553299892486,-0.017428725957870483,-0.32017937302589417,0.04128383726214224,0.037546634674072266,-0.33375367522239685,0.02046516605054194,0.08061543107032776,-0.32500946521759033,0.008487734686184467,-0.07697868347167969,-0.23402664065361023,0.03307560712431723,-0.025520920753479004,-0.3473222255706787,0.011099196713018955,0.038647592067718506,-0.35435330867767334,-0.013787440281760155,0.08511936664581299,-0.3260282874107361,-0.025496580895435272,-0.07978922128677368,-0.23174703121185303,0.007090893782276453,-0.03638339042663574,-0.3468363583087921,-0.007262537047665774,0.030157238245010376,-0.3569142520427704,-0.018548588525902687,0.07594111561775208,-0.3345637321472168,-0.021940400150072037,-0.06929507851600647,-0.22504422068595886,-0.018798082393061577,-0.030002623796463013,-0.32282912731170654,-0.025625643577825485,0.021482497453689575,-0.33885008096694946,-0.02611035599971956,0.0617348849773407,-0.3299831449985504,-0.023671868514668404,-1.2835882534878875,-0.5764443017598095,-0.5162309073868092,-0.5835281064054417,-0.6752756566955882,0.03058114276372001,0.026068594677708546,0.036323117470631223,0.04963000846222405,0.004617730430565191,0.01063641111995685,0.01952466417977375,0.012533718872849252,0.023716552899673452,0.014926445244434143,O
0.0,0.0,0.0,0.05324605107307434,-0.09971117973327637,0.01709745763724868,0.07315707206726074,-0.19096589088439941,0.020805332203565285,0.10161805152893066,-0.2610020935535431,0.014485992816446469,0.11038798093795776,-0.3220062851905823,0.010222862799821542,-0.06610774993896484,-0.23557919263839722,0.04907144918030326,-0.0224684476852417,-0.3272463083267212,0.030985656519590066,0.03655880689620972,-0.3427455425262451,0.007904847477732346,0.08355095982551575,-0.3320087492465973,-0.005299439328553035,-0.07914751768112183,-0.23512816429138184,0.027471880753694222,-0.021129220724105835,-0.35531291365623474,0.0013925046419558385,0.045657455921173096,-0.359649121761322,-0.026917376230301215,0.0909319818019867,-0.3273789882659912,-0.04005568907672341,-0.07855096459388733,-0.23326006531715393,0.0036969006519598224,-0.03279471397399902,-0.3491206169128418,-0.012512202049435928,0.03505846858024597,-0.35796022415161133,-0.02559484229499276,0.07983767986297607,-0.3313947319984436,-0.029493228207172706,-0.06297957897186279,-0.22497987747192383,-0.020126760612072303,-0.022994935512542725,-0.32304057478904724,-0.025779341022314384,0.028441518545150757,-0.33819580078125,-0.02585012340063031,0.06828233599662781,-0.32634100317955017,-0.023149766634048774,-1.2939732833274955,-0.572378759598315,-0.49698821191643233,-0.5546933406510758,-0.6575615999492364,0.028640443246945934,0.020184197797173304,0.03196034776462967,0.042328183471172336,0.008712873931986486,0.0037637036627807003,0.01628662700219455,0.011798717440411288,0.022673417654775502,0.01261214283317734,O
0.0,0.0,0.0,0.05458155274391174,-0.10012310743331909,0.027772991115682544,0.07226237654685974,-0.1859722137451172,0.03426629876577181,0.09667065739631653,-0.2528593838214874,0.027236433828704776,0.1095971167087555,-0.31703421473503113,0.02090126102649492,-0.05314740538597107,-0.22807151079177856,0.06580088859283251,-0.013791054487228394,-0.3131072223186493,0.05288635020934862,0.04081013798713684,-0.32534947991371155,0.0329833683916263,0.08110660314559937,-0.31567010283470154,0.02115729836606306,-0.06948718428611755,-0.229984313249588,0.03802702030026239,-0.022477060556411743,-0.3413161635398865,0.01805733902239126,0.04266679286956787,-0.3480662405490875,-0.006376463325239001,0.08794382214546204,-0.319801390171051,-0.018339974676734982,-0.07451096177101135,-0.22839021682739258,0.0077691358872584715,-0.03395184874534607,-0.3435786962509155,-0.00591606214783269,0.03363808989524841,-0.35103633999824524,-0.016638999675876676,0.07834386825561523,-0.32679060101509094,-0.019975039978987752,-0.06732901930809021,-0.22075802087783813,-0.021763291080958425,-0.029199838638305664,-0.3186565041542053,-0.028939330821401654,0.024235904216766357,-0.3330974578857422,-0.028939451893336354,0.06543350219726562,-0.3212437927722931,-0.026267176365024625,-1.2932837033111495,-0.5781194580704074,-0.5184587145432387,-0.5719693962832234,-0.6478920602260938,0.028523151375137428,0.02182939360904159,0.03274068741061271,0.04436378471198413,0.00798843531034487,0.011458541960143955,0.0166346659977611,0.011874686644692142,0.022556485307650195,0.014051499330781602,O
0.0,0.0,0.0,0.05561426281929016,-0.09712827205657959,0.023183322334261902,0.07365310192108154,-0.18550634384155273,0.030347267919751175,0.09921765327453613,-0.2531067728996277,0.025849635535450943,0.10981443524360657,-0.31823357939720154,0.022115901866527565,-0.05248400568962097,-0.22703206539154053,0.06025636644062615,-0.012110739946365356,-0.31008946895599365,0.04877362103161431,0.0419309139251709,-0.3240951895713806,0.030633454033704766,0.08031925559043884,-0.315388560295105,0.02010749169585324,-0.06825044751167297,-0.2294026017189026,0.03615623415407754,-0.023689061403274536,-0.3394645154476166,0.018140679979296692,0.03964120149612427,-0.34568703174591064,-0.005605479414043657,0.08344969153404236,-0.31754279136657715,-0.0173791360020914,-0.07165020704269409,-0.22796842455863953,0.009599391193660267,-0.03505218029022217,-0.34108003973960876,-0.0023329725399889867,0.030816346406936646,-0.3495188355445862,-0.013913068166402809,0.07475438714027405,-0.32577627897262573,-0.018308461821106903,-0.0632142424583435,-0.22181111574172974,-0.01659527345600509,-0.03173881769180298,-0.31993797421455383,-0.02256722486617946,0.017841100692749023,-0.3364371061325073,-0.023649181416658394,0.058067262172698975,-0.32618069648742676,-0.02220517880323314,-1.3048037895141296,-0.5870688243304248,-0.5263436193601257,-0.5889703826009363,-0.7105907903262165,0.029632073104390345,0.026373791896014107,0.03586222650496054,0.05235385936945063,0.0038000448295120097,0.011784415988539822,0.024730980867259594,0.01197491697922128,0.026811958622233973,0.0166920248385193,O
0.0,0.0,0.0,0.053804636001586914,-0.09504586458206177,0.02381048861718682,0.0715581476688385,-0.18301516771316528,0.030273816993599212,0.09741994738578796,-0.25055214762687683,0.0246917898563197,0.10734465718269348,-0.3149726986885071,0.020017669981484687,-0.055209457874298096,-0.22406217455863953,0.0594531348702958,-0.012790948152542114,-0.30943918228149414,0.04693639416075257,0.042845308780670166,-0.32118600606918335,0.02808946508741883,0.08241695165634155,-0.3096071183681488,0.017301152905588424,-0.07178053259849548,-0.22616884112358093,0.03466960552907494,-0.02480250597000122,-0.3372865319252014,0.01711786676025895,0.04028743505477905,-0.34205347299575806,-0.005625278243655885,0.08407869935035706,-0.31302177906036377,-0.017134523505205834,-0.07564383745193481,-0.224856436252594,0.007369229084019935,-0.036384135484695435,-0.3381287455558777,-0.004164151402051175,0.031058520078659058,-0.34559541940689087,-0.014758107738430226,0.07476067543029785,-0.3202070891857147,-0.018857984358305657,-0.06622961163520813,-0.2190445363521576,-0.019553671145672524,-0.03442847728729248,-0.3172834515571594,-0.02529577959501239,0.01642155647277832,-0.3319285809993744,-0.02564516153358909,0.05638599395751953,-0.31892281770706177,-0.0238504135253379,-1.3059689986924918,-0.5561315972215126,-0.5083942492125902,-0.5650175172695544,-0.6835586698485266,0.02549862653130032,0.023347609754566557,0.03300173799541032,0.05111153292513778,0.0037975403936658567,0.01307585358524372,0.027647658361801365,0.011766658462463607,0.02831445194744754,0.018419507931998192,O
0.0,0.0,0.0,0.04538536071777344,-0.08129072189331055,0.017031701744542715,0.05980905890464783,-0.169070303440094,0.01990714529250681,0.08296412229537964,-0.23870259523391724,0.012225686104045508,0.08869755268096924,-0.30454766750335693,0.005693661046223042,-0.06839317083358765,-0.2056867480278015,0.05514689394925654,-0.03525981307029724,-0.2939056158065796,0.04171445453260958,0.017717182636260986,-0.3091113567352295,0.022071587384687064,0.058351069688797,-0.2979741394519806,0.011000452094720004,-0.08522522449493408,-0.20678681135177612,0.03420184412692606,-0.04781433939933777,-0.31392449140548706,0.018286236093388197,0.01552155613899231,-0.32907426357269287,-0.0032325615202921654,0.0627027153968811,-0.30932366847991943,-0.014367055616332891,-0.09035775065422058,-0.20471683144569397,0.00998295517359793,-0.05347511172294617,-0.3139958083629608,-0.0002449054764497305,0.010424435138702393,-0.3298553228378296,-0.009437085597767236,0.055022239685058594,-0.31290537118911743,-0.012957321948363187,-0.08205828070640564,-0.19899198412895203,-0.014572021088554266,-0.049753427505493164,-0.2935730814933777,-0.0199954095324415,-0.0012378096580505371,-0.3153052031993866,-0.02030688291694105,0.03773057460784912,-0.310639888048172,-0.018430286555542352,-1.3607079498729169,-0.6293624713676709,-0.606116604418145,-0.6397643797714253,-0.7502369546482279,0.031050286649827095,0.026429940422830023,0.03469694390391642,0.051329796464359506,0.012155189407192027,0.015297803449576396,0.024199710843010504,0.00847456792155044,0.02500680406487574,0.01743944078817591,O
0.0,0.0,0.0,0.05166906118392944,-0.09251314401626587,0.02650498311351157,0.06807887554168701,-0.1763938069343567,0.0330040705514989,0.09469377994537354,-0.24176597595214844,0.026477525861366757,0.10505780577659607,-0.30955272912979126,0.02047984573374606,-0.058163076639175415,-0.21643292903900146,0.0659540732515893,-0.020877540111541748,-0.30507269501686096,0.055775812746389875,0.03314393758773804,-0.3184099793434143,0.037442351610764035,0.07430779933929443,-0.3084399104118347,0.026434664533837804,-0.07451069355010986,-0.21707889437675476,0.039566325874432096,-0.031974196434020996,-0.3269021511077881,0.02436943251024104,0.03247177600860596,-0.3361288011074066,0.0018314954716629472,0.07958221435546875,-0.3121259808540344,-0.010263866825596324,-0.07863602042198181,-0.21479803323745728,0.010582674214049348,-0.03914651274681091,-0.32847243547439575,0.0014607090627691832,0.02713245153427124,-0.3396857678890228,-0.007404413620577088,0.07236975431442261,-0.31928887963294983,-0.011075200593666068,-0.0686790943145752,-0.20878198742866516,-0.01806700703372144,-0.034848958253860474,-0.3106625974178314,-0.02162961390484952,0.015969693660736084,-0.327786386013031,-0.020069304003015986,0.05597269535064697,-0.3171536922454834,-0.017284051595822802,-1.2999168208526966,-0.6070554843052065,-0.5526930763284976,-0.6053135731404395,-0.7156469386131764,0.0307701358689416,0.02560522178565412,0.03410720356484617,0.04967013897518034,0.006434793630545074,0.011020714662812639,0.020300394875936326,0.010164974115101087,0.02413891607911893,0.016535494181944808,O
0.0,0.0,0.0,0.05267488956451416,-0.0949891209602356,0.025240786787946945,0.06824639439582825,-0.18290120363235474,0.032189472061475044,0.09402629733085632,-0.24980765581130981,0.026901159849842315,0.1048954427242279,-0.3145012855529785,0.022663269606312042,-0.06191861629486084,-0.23009616136550903,0.06104343239672971,-0.0209234356880188,-0.3192031979560852,0.04893825430877996,0.03427964448928833,-0.3338736295700073,0.029592842277963882,0.07711318135261536,-0.3251475393772125,0.018067701202710396,-0.07676941156387329,-0.23053961992263794,0.03557019163378072,-0.02658340334892273,-0.3436882495880127,0.0174660593689282,0.03855210542678833,-0.35031837224960327,-0.006727722990433449,0.08466324210166931,-0.3213523328304291,-0.018915772023717636,-0.07864055037498474,-0.2282041311264038,0.007988859382351166,-0.03642955422401428,-0.34092578291893005,-0.002251044898400778,0.03010338544845581,-0.3487488031387329,-0.01221485394529509,0.07464596629142761,-0.325138121843338,-0.01601584586791205,-0.06708863377571106,-0.2207556962966919,-0.01927967514387774,-0.029393285512924194,-0.31643322110176086,-0.02336045871965098,0.02205786108970642,-0.3313799202442169,-0.02266036491386103,0.062387943267822266,-0.32160717248916626,-0.020081303599397415,-1.2991902173396108,-0.5996795437393573,-0.5124216708709924,-0.5638824588869095,-0.6617524522391387,0.02975225650955927,0.021360683295000727,0.032065138557730404,0.04309734492038007,0.00845026686248151,0.002467233034817733,0.015144861648619154,0.010708782055337363,0.022276756527574944,0.01275643883648429,O
0.0,0.0,0.0,0.05208057165145874,-0.08593684434890747,0.019866179709651988,0.06946966052055359,-0.17286378145217896,0.02428717914722256,0.09560182690620422,-0.23880821466445923,0.017617303912857096,0.10630804300308228,-0.30553436279296875,0.012164613266804736,-0.056124716997146606,-0.22133901715278625,0.05617792349062256,-0.017023324966430664,-0.30869072675704956,0.04349355589351944,0.03734263777732849,-0.32094013690948486,0.024329641868689578,0.07841211557388306,-0.30884474515914917,0.013289099593976061,-0.07255151867866516,-0.22187179327011108,0.0336626414557486,-0.02755334973335266,-0.33108609914779663,0.01597404110930256,0.037721097469329834,-0.33858945965766907,-0.0068703451777309965,0.08398488163948059,-0.311248779296875,-0.018350809777757604,-0.07641497254371643,-0.2189202606678009,0.008475348388174098,-0.03607502579689026,-0.3315231502056122,-0.0028681573110134195,0.031059831380844116,-0.34031203389167786,-0.012506823020657976,0.07584068179130554,-0.31714046001434326,-0.01582113277413555,-0.06616324186325073,-0.21097886562347412,-0.01668967303135105,-0.027963787317276,-0.3081691265106201,-0.022144332493326147,0.023304402828216553,-0.3231395483016968,-0.021757045725962598,0.0624256432056427,-0.3124958574771881,-0.01921725083388992,-1.2999513408774293,-0.5766718884001175,-0.5187974511668553,-0.5729232205630989,-0.6682867887345363,0.028091660658378096,0.023042961815823833,0.032603091754017356,0.044431153712465525,0.006069192842316563,0.008685111205785958,0.01639810720599936,0.010051860168327145,0.02159527647044339,0.014196323220572677,O
0.0,0.0,0.0,0.05363333225250244,-0.09280723333358765,0.02449166035808048,0.07052960991859436,-0.17512983083724976,0.030201651217112158,0.0930337905883789,-0.23863741755485535,0.023614164502987478,0.10549184679985046,-0.30189135670661926,0.017928822027215574,-0.04514750838279724,-0.22083556652069092,0.060097763376006696,-0.009631812572479248,-0.30066853761672974,0.04775203956819496,0.042563170194625854,-0.3095051348209381,0.029109818922052,0.0814191997051239,-0.30020928382873535,0.017980558858880613,-0.06306612491607666,-0.22238153219223022,0.03497086285210571,-0.02269810438156128,-0.3246975541114807,0.016422240124711607,0.04052653908729553,-0.33067601919174194,-0.005286492346158411,0.08565643429756165,-0.3064500093460083,-0.016130734173884775,-0.07125115394592285,-0.22013255953788757,0.007179581155696724,-0.03410118818283081,-0.32860517501831055,-0.007153176175734188,0.03166875243186951,-0.3356768488883972,-0.017051324187150385,0.07612130045890808,-0.3137584924697876,-0.0199336278571991,-0.06767573952674866,-0.21352189779281616,-0.019976817010274317,-0.02937394380569458,-0.306672066450119,-0.02859955274902859,0.022805720567703247,-0.31928279995918274,-0.028831690488686945,0.06311526894569397,-0.3075858950614929,-0.02624901750527897,-1.3016761918745967,-0.5601291811719026,-0.5144915710394342,-0.5659728219622879,-0.6234914673918628,0.02413134284108035,0.020352515889259595,0.03167740367496858,0.042757480254389565,0.00754326268754395,0.014548154220443877,0.01973444386156474,0.012013854622543218,0.02256976676394512,0.014396451454702464,O
0.0,0.0,0.0,0.05304554104804993,-0.09277975559234619,0.02443489196974724,0.06922420859336853,-0.17484450340270996,0.03050787139017075,0.09221872687339783,-0.23935168981552124,0.02448566022593468,0.10423529148101807,-0.3025150001049042,0.019636969522423442,-0.048201411962509155,-0.22001492977142334,0.06091630223471611,-0.011765271425247192,-0.3025655150413513,0.04954940217811554,0.04050901532173157,-0.31204622983932495,0.03177960354167908,0.07793793082237244,-0.3022051751613617,0.02163926462907284,-0.06542462110519409,-0.22121956944465637,0.03649893540222138,-0.025498181581497192,-0.32697054743766785,0.01884806852120846,0.03715628385543823,-0.3343646228313446,-0.0023439352187892837,0.08147934079170227,-0.3098451495170593,-0.012473857521229093,-0.07258155941963196,-0.2191426157951355,0.00949327226061314,-0.03677666187286377,-0.3299870491027832,-0.0029745879836013955,0.02811497449874878,-0.33798086643218994,-0.012353048219495122,0.0717020332813263,-0.3152623474597931,-0.014822944558375184,-0.06746166944503784,-0.21306157112121582,-0.016919486715607945,-0.03134053945541382,-0.30938485264778137,-0.023007238774710004,0.02004942297935486,-0.32245174050331116,-0.022074170901589696,0.06014817953109741,-0.3093215525150299,-0.018743396296315495,-1.3031461008181568,-0.5774872118974143,-0.5428345525565273,-0.5876698669497422,-0.6462667738620906,0.02629918571185283,0.023907412703575655,0.03494149043292237,0.04460944514109792,0.008420854631602791,0.014469836439066944,0.019160325614279713,0.011177735714500205,0.021337586427392946,0.012991712014103523,O
0.0,0.0,0.0,0.050647199153900146,-0.08788365125656128,0.018155403892251343,0.066905677318573,-0.17347300052642822,0.022122376124116272,0.09109634160995483,-0.2382335066795349,0.015436554784628242,0.10101354122161865,-0.3029019832611084,0.010257852720769733,-0.05544385313987732,-0.2183886468410492,0.05494200483963141,-0.01950746774673462,-0.30161064863204956,0.04108105645582327,0.033908963203430176,-0.31322991847991943,0.020985370958896965,0.07401630282402039,-0.30285724997520447,0.009609887833448738,-0.07175233960151672,-0.2189403474330902,0.03371295378610739,-0.02922719717025757,-0.3251017928123474,0.01444900267824778,0.03419989347457886,-0.3326617181301117,-0.009246244569567352,0.07931831479072571,-0.3064490854740143,-0.020780717497018486,-0.07694035768508911,-0.21732932329177856,0.009620646471830696,-0.039541274309158325,-0.3262729048728943,-0.002958182952625066,0.0259476900100708,-0.3363536596298218,-0.014006196995524078,0.07026594877243042,-0.3142291009426117,-0.01762962668135515,-0.06902691721916199,-0.2116169035434723,-0.014492628638890892,-0.03251379728317261,-0.30612123012542725,-0.020217615654019028,0.01765817403793335,-0.32055380940437317,-0.02017328656211248,0.05650508403778076,-0.30954667925834656,-0.01754439017668119,-1.31312865475977,-0.5781082061062514,-0.5250276627787865,-0.58215883626441,-0.662499664167633,0.02699727545815729,0.021983284194963173,0.03276763702789693,0.04500171936472254,0.006404109082893325,0.011974312086178393,0.01874543271076212,0.01193624611093464,0.02302256685601862,0.014535696442709616,O
0.0,0.0,0.0,0.051842302083969116,-0.08835417032241821,0.020882950878387874,0.06940668821334839,-0.17231708765029907,0.024711359074956363,0.09199047088623047,-0.23759868741035461,0.016442926383263057,0.10443240404129028,-0.30486050248146057,0.008574029213434642,-0.04054725170135498,-0.22007319331169128,0.058969925871735995,-0.0081900954246521,-0.3004925549030304,0.04662591942275185,0.041857898235321045,-0.3089371919631958,0.028161033770686572,0.07807403802871704,-0.2967250645160675,0.01760072053099293,-0.05910748243331909,-0.22148102521896362,0.03525300674760956,-0.024129390716552734,-0.3240046501159668,0.01893428877616543,0.035628169775009155,-0.3303861618041992,-0.0027857534432200737,0.07885012030601501,-0.30461299419403076,-0.01397040228670221,-0.06952157616615295,-0.21851381659507751,0.008413631251698916,-0.036919355392456055,-0.3252134323120117,-0.0033992971138445682,0.02610054612159729,-0.3329051733016968,-0.01425080116217714,0.06975424289703369,-0.3100377321243286,-0.018507488289230878,-0.06887763738632202,-0.21060773730278015,-0.01827400199448448,-0.040363192558288574,-0.30588120222091675,-0.025607267611974294,0.009600698947906494,-0.32170069217681885,-0.026911495470756108,0.051126062870025635,-0.3094494342803955,-0.02550836487984043,-1.3124436259374306,-0.5736920538637167,-0.5423222527149765,-0.5813792102779747,-0.6889994631394952,0.02758530060995412,0.025583481027109584,0.035062495163950026,0.05350349805501076,0.007926016547145831,0.01569860216328914,0.029801056207000347,0.010590692491599829,0.028142752413774917,0.01863746724938231,O
0.0,0.0,0.0,0.0520765483379364,-0.09149348735809326,0.020366219512936823,0.06944280862808228,-0.17420226335525513,0.023513834632751696,0.09160089492797852,-0.23921620845794678,0.014811504341480486,0.10415342450141907,-0.305547297000885,0.006921774416980497,-0.04124528169631958,-0.2222478687763214,0.05550539650749897,-0.010083913803100586,-0.3050699830055237,0.04004480474424099,0.041028738021850586,-0.3132823705673218,0.01986190833878254,0.07812941074371338,-0.3017077147960663,0.00855042756330704,-0.06017506122589111,-0.22238236665725708,0.031870009086844675,-0.02355349063873291,-0.32856306433677673,0.011622628837642424,0.03898954391479492,-0.3356676399707794,-0.011254334181728609,0.08410781621932983,-0.3095515966415405,-0.02260448626446987,-0.07132592797279358,-0.21951019763946533,0.005078321497705929,-0.036926329135894775,-0.33007746934890747,-0.010409226000490435,0.02775612473487854,-0.33861494064331055,-0.02207631646859909,0.073028564453125,-0.3150438964366913,-0.025939382903459318,-0.0719444751739502,-0.21294745802879333,-0.021423394151213415,-0.039438337087631226,-0.3066748380661011,-0.031317917920830496,0.011952489614486694,-0.32247763872146606,-0.03354055649805332,0.05411320924758911,-0.31119346618652344,-0.03222779399919773,-1.3124323648138763,-0.5872872932011927,-0.5434690892085542,-0.5846252983529493,-0.662036605864665,0.026305734803818266,0.02044164443020958,0.032541393852600235,0.050357743884356945,0.009862444648090109,0.014278388341544452,0.025821646224514837,0.01236588762437885,0.03003951036538278,0.019303276293494875,O
0.0,0.0,0.0,0.04931202530860901,-0.08878707885742188,0.019684899348050067,0.06454047560691833,-0.1719304919242859,0.025109041231900164,0.08361005783081055,-0.23597636818885803,0.018462070944934794,0.09293490648269653,-0.3002498149871826,0.012218712578743407,-0.03807133436203003,-0.21895110607147217,0.06210923728647799,-0.01536676287651062,-0.29909735918045044,0.04847989765110583,0.03306117653846741,-0.3089835047721863,0.02794122484627337,0.069578617811203,-0.2995620667934418,0.015911919745832392,-0.05616387724876404,-0.2195938229560852,0.03885891449752421,-0.031236112117767334,-0.31946659088134766,0.019746444869070956,0.02768397331237793,-0.3298622667789459,-0.00540127863061457,0.072755366563797,-0.3073298931121826,-0.018395044159859708,-0.07073095440864563,-0.216995507478714,0.011931129480927893,-0.04640167951583862,-0.31914132833480835,-0.0032683040655854256,0.0153733491897583,-0.3301747739315033,-0.0176077841490212,0.06094437837600708,-0.3106968104839325,-0.023177979764312795,-0.07712113857269287,-0.21007153391838074,-0.014875373122066549,-0.051779091358184814,-0.30042117834091187,-0.024764487770170263,-0.0025184154510498047,-0.31775712966918945,-0.028160086151928,0.04053318500518799,-0.3084276616573334,-0.027734551829070142,-1.353025954334551,-0.6427485969907123,-0.5975530736521604,-0.6184745757363976,-0.6962955416133716,0.023366412178255584,0.02138554038584397,0.033653136606473996,0.05303600277138989,0.008392309476850246,0.014090159959248701,0.030368337774389208,0.012281513528889836,0.03224087592133137,0.020536938701233576,O
0.0,0.0,0.0,0.049150675535202026,-0.0937538743019104,0.02183020345728437,0.06379634141921997,-0.17647945880889893,0.026454277782249846,0.08237475156784058,-0.24031969904899597,0.01867644905905763,0.08923867344856262,-0.30596062541007996,0.01138127453486959,-0.045795053243637085,-0.21959877014160156,0.060569012983251014,-0.019997119903564453,-0.30170831084251404,0.04586070634286443,0.02962455153465271,-0.31132110953330994,0.02519604794542829,0.06597822904586792,-0.3012740910053253,0.01352732393752376,-0.06458112597465515,-0.21910735964775085,0.035675434841323295,-0.03664863109588623,-0.3240300416946411,0.015321277527618804,0.023709774017333984,-0.33452942967414856,-0.009386573472511373,0.07025188207626343,-0.3100469410419464,-0.02158173315365275,-0.07686781883239746,-0.21582308411598206,0.007511951009291806,-0.048735201358795166,-0.32094722986221313,-0.00738620760057529,0.013847649097442627,-0.3328089118003845,-0.020008341894936166,0.06014126539230347,-0.312799334526062,-0.02426841624219378,-0.07906335592269897,-0.20843276381492615,-0.020438963101696572,-0.05211007595062256,-0.3019220530986786,-0.029035087229203782,-0.00296822190284729,-0.32085174322128296,-0.03084395967562159,0.03978267312049866,-0.31212157011032104,-0.029223324285339913,-1.3767737386877033,-0.6310493240001105,-0.5933791638832764,-0.6159476388787213,-0.7173915134959162,0.023727871344429535,0.01942154015670362,0.02989025088495363,0.04983827051622971,0.009758432660486592,0.012919031809904164,0.028352688640981963,0.0104785609518374,0.030539757369065675,0.020369870983706184,O
0.0,0.0,0.0,0.05215674638748169,-0.09302228689193726,0.02062083169437301,0.06541386246681213,-0.17532449960708618,0.024560663323768495,0.08202195167541504,-0.23839908838272095,0.016866769116290925,0.09241613745689392,-0.3031157851219177,0.009896086003550408,-0.0418013334274292,-0.22056913375854492,0.059562729146250604,-0.015667319297790527,-0.3000056743621826,0.04447900637603652,0.03344231843948364,-0.3108798861503601,0.02338858082509887,0.06890186667442322,-0.3011353015899658,0.011648437414237378,-0.061964333057403564,-0.2201387882232666,0.03592530026651275,-0.03408434987068176,-0.3233047127723694,0.016732830028900025,0.02581167221069336,-0.3331127166748047,-0.007117314789525153,0.07110458612442017,-0.30935949087142944,-0.01914110087238896,-0.07522734999656677,-0.21665224432945251,0.009001543220051644,-0.049340903759002686,-0.3234822750091553,-0.005691028259775521,0.012054771184921265,-0.33297717571258545,-0.01671318762384999,0.05598092079162598,-0.3115490674972534,-0.02022045530759442,-0.07811394333839417,-0.20939788222312927,-0.017669726688495757,-0.04901120066642761,-0.2991602420806885,-0.02634915762030232,-0.0012030303478240967,-0.31694912910461426,-0.027072165686718108,0.03797435760498047,-0.3104911744594574,-0.02473143726967919,-1.3625595442964495,-0.6291196804852119,-0.5906413482732917,-0.6261623755205389,-0.7164639171082423,0.02359752625703991,0.02220734296765711,0.037398466079067556,0.05493909137694674,0.0085140626209076,0.016595100568479855,0.032311656942820996,0.015281344800072915,0.03314955127137783,0.01803761224425435,O
0.0,0.0,0.0,0.05130001902580261,-0.09244471788406372,0.02205879866187388,0.06385508179664612,-0.1733231544494629,0.027091595074580255,0.0813453197479248,-0.2335169017314911,0.019515751591370645,0.08969733119010925,-0.29490408301353455,0.01226791060571486,-0.041025370359420776,-0.21798622608184814,0.06084457478527838,-0.016682744026184082,-0.29974669218063354,0.04397744751577193,0.03368425369262695,-0.3098536729812622,0.020885546422050538,0.07069891691207886,-0.2983192503452301,0.0078024759054642345,-0.059713155031204224,-0.21654176712036133,0.03530408880715186,-0.03360092639923096,-0.32101327180862427,0.013111646948800626,0.027141481637954712,-0.3299495577812195,-0.014075905354275164,0.07260185480117798,-0.30342021584510803,-0.02806579069192594,-0.07351288199424744,-0.21351534128189087,0.006431482928292098,-0.048277825117111206,-0.32072004675865173,-0.010319727742626128,0.01333242654800415,-0.3294590711593628,-0.024131917664362845,0.057050347328186035,-0.3064584732055664,-0.029141332292510924,-0.07869523763656616,-0.20699435472488403,-0.02214341730768865,-0.051080405712127686,-0.2974206805229187,-0.03210810878272241,-0.003731369972229004,-0.31594252586364746,-0.03458699145312494,0.0357668399810791,-0.3090985417366028,-0.03352821552152818,-1.3613613394899338,-0.6233833976496063,-0.5810031383883741,-0.6186434162996972,-0.7283971173651457,0.019302930165732604,0.019099210228946915,0.034631336791847885,0.05576719950372411,0.005444356861991498,0.01589120512914566,0.03655739489642836,0.015845516478515422,0.037270118080399525,0.021446623203733577,O
0.0,0.0,0.0,0.05448862910270691,-0.09162628650665283,0.021121903122320873,0.06980964541435242,-0.1743524670600891,0.02347817903842042,0.09256789088249207,-0.23778927326202393,0.0125912668042929,0.11290627717971802,-0.29890674352645874,0.0030056827561111277,-0.036837607622146606,-0.23155292868614197,0.05727316139723371,-0.019751667976379395,-0.32217568159103394,0.036958587155595524,0.030898571014404297,-0.3195972144603729,0.014036054522648556,0.06479695439338684,-0.29262569546699524,0.001964437109336359,-0.056771546602249146,-0.22847428917884827,0.03032194709862779,-0.031155049800872803,-0.3349064886569977,0.0025484513350875204,0.03004184365272522,-0.3251234292984009,-0.024258203073486584,0.0680665373802185,-0.28664958477020264,-0.036591540291055935,-0.0710139274597168,-0.22311818599700928,-0.00034735232134153193,-0.04576832056045532,-0.33355093002319336,-0.022949972390279072,0.016812831163406372,-0.3259981572628021,-0.0347387708864062,0.05414274334907532,-0.2900674045085907,-0.03663841561888148,-0.07817980647087097,-0.21315419673919678,-0.030813665329560536,-0.04890349507331848,-0.3064413368701935,-0.04637628720615794,-6.288290023803711e-06,-0.31859704852104187,-0.05014237315867831,0.03629666566848755,-0.3060464560985565,-0.04893681333874156,-1.237683306825426,-0.5410850393305913,-0.4360845004608042,-0.49119436694575064,-0.68168547651885,0.04851761024292823,0.0464848384536602,0.05942463144637831,0.07694158869892034,0.006812053432563344,0.01095705551708962,0.03150211537868984,0.0143371382076694,0.03722315631308769,0.02395438536669981,O
0.0,0.0,0.0,0.05462270975112915,-0.0905463695526123,0.021031439289544096,0.06983301043510437,-0.17281371355056763,0.02306540122637557,0.09286561608314514,-0.2363382875919342,0.011805890113208761,0.11184635758399963,-0.2985457479953766,0.0017783482178117538,-0.035982489585876465,-0.22945472598075867,0.056696997940633764,-0.02105855941772461,-0.32242444157600403,0.03702869823584365,0.030397117137908936,-0.3190622627735138,0.014546363599691858,0.06399866938591003,-0.2901861369609833,0.0026698603612373972,-0.05531907081604004,-0.22571101784706116,0.029729507848713865,-0.0325811505317688,-0.3337157070636749,0.0030883608703504706,0.030189931392669678,-0.32444241642951965,-0.024083446726109514,0.06872960925102234,-0.2855653464794159,-0.037047700971271524,-0.06982403993606567,-0.21990078687667847,-0.0007570181190033054,-0.04493245482444763,-0.3287557363510132,-0.022044315948988924,0.018612951040267944,-0.3210851550102234,-0.03378919327249719,0.054958879947662354,-0.28515493869781494,-0.03612683901181413,-0.07705175876617432,-0.20796385407447815,-0.031000442817713747,-0.046379297971725464,-0.30093279480934143,-0.04514660873999787,0.0028602182865142822,-0.31143444776535034,-0.047802047818805704,0.037121981382369995,-0.29691416025161743,-0.04615472072353555,-1.2483110395669748,-0.5458637769807549,-0.44955534823657384,-0.4818318185025558,-0.6618531079256076,0.04857246506558992,0.04502826679237005,0.0584422696810146,0.07474218673070958,0.006613130626401732,0.010345566637510116,0.02770600396013378,0.013776843618681893,0.03358329515576635,0.021364321706526086,O
0.0,0.0,0.0,0.0489715039730072,-0.08306294679641724,0.013746526238890056,0.06569868326187134,-0.1666015386581421,0.014248390828640822,0.08705765008926392,-0.23129796981811523,0.003532268020705942,0.09975618124008179,-0.29310891032218933,-0.005918302892325755,-0.04199400544166565,-0.22946125268936157,0.04851355232057131,-0.01974591612815857,-0.3187655806541443,0.02824718892333067,0.03310889005661011,-0.3161371648311615,0.005346604303838376,0.06927421689033508,-0.29412776231765747,-0.006998143943576451,-0.06074488162994385,-0.22643747925758362,0.02678817711529291,-0.03105330467224121,-0.33323848247528076,0.001224981534676317,0.03272515535354614,-0.32322046160697937,-0.023411750646857854,0.07378816604614258,-0.28919118642807007,-0.03443204038086378,-0.07292211055755615,-0.2210460901260376,0.0011678004240707196,-0.04239848256111145,-0.3299403190612793,-0.020485931860832807,0.02043461799621582,-0.32117342948913574,-0.03212927825990164,0.05853113532066345,-0.2864150404930115,-0.03363050319495642,-0.07632225751876831,-0.21048012375831604,-0.024718841391234037,-0.04567605257034302,-0.3024606704711914,-0.03976833619418585,0.0039355456829071045,-0.31197500228881836,-0.043261954414276715,0.04064306616783142,-0.2960018515586853,-0.04152762688937628,-1.3078176554124297,-0.5264639200499112,-0.43645390824471625,-0.46146851205897904,-0.6313416613219772,0.030498987032488448,0.02626188061855454,0.041764965034681016,0.059183861673119405,0.00668920910832296,0.013224971816869362,0.028692420639919145,0.015507545673347426,0.0338375945578967,0.020295072417348677,O
0.0,0.0,0.0,0.0489715039730072,-0.08306294679641724,0.013746526238890056,0.06569868326187134,-0.1666015386581421,0.014248390828640822,0.08705765008926392,-0.23129796981811523,0.003532268020705942,0.09975618124008179,-0.29310891032218933,-0.005918302892325755,-0.04199400544166565,-0.22946125268936157,0.04851355232057131,-0.01974591612815857,-0.3187655806541443,0.02824718892333067,0.03310889005661011,-0.3161371648311615,0.005346604303838376,0.06927421689033508,-0.29412776231765747,-0.006998143943576451,-0.06074488162994385,-0.22643747925758362,0.02678817711529291,-0.03105330467224121,-0.33323848247528076,0.001224981534676317,0.03272515535354614,-0.32322046160697937,-0.023411750646857854,0.07378816604614258,-0.28919118642807007,-0.03443204038086378,-0.07292211055755615,-0.2210460901260376,0.0011678004240707196,-0.04239848256111145,-0.3299403190612793,-0.020485931860832807,0.02043461799621582,-0.32117342948913574,-0.03212927825990164,0.05853113532066345,-0.2864150404930115,-0.03363050319495642,-0.07632225751876831,-0.21048012375831604,-0.024718841391234037,-0.04567605257034302,-0.3024606704711914,-0.03976833619418585,0.0039355456829071045,-0.31197500228881836,-0.043261954414276715,0.04064306616783142,-0.2960018515586853,-0.04152762688937628,-1.3078176554124297,-0.5264639200499112,-0.43645390824471625,-0.46146851205897904,-0.6313416613219772,0.030498987032488448,0.02626188061855454,0.041764965034681016,0.059183861673119405,0.00668920910832296,0.013224971816869362,0.028692420639919145,0.015507545673347426,0.0338375945578967,0.020295072417348677,O
0.0,0.0,0.0,0.05630341172218323,-0.08313775062561035,0.014676406476354487,0.07643279433250427,-0.17164313793182373,0.0160953816582321,0.10016289353370667,-0.23832356929779053,0.005907866600608713,0.11337393522262573,-0.30339136719703674,-0.0028269105035008124,-0.02355217933654785,-0.2374817132949829,0.046322666536724455,-0.006402194499969482,-0.33714497089385986,0.024041947405493147,0.04510888457298279,-0.33560025691986084,0.0009413721479347714,0.08013665676116943,-0.3083890676498413,-0.011234839018726461,-0.04290267825126648,-0.23587661981582642,0.022865530531561262,-0.019344091415405273,-0.354201078414917,-0.005110508334183805,0.04495722055435181,-0.34405791759490967,-0.031368765551889055,0.08481177687644958,-0.3052622377872467,-0.04357105450733911,-0.05675593018531799,-0.2305159866809845,-0.004568226207339876,-0.035948246717453,-0.34909018874168396,-0.0275848373214842,0.030386537313461304,-0.34171026945114136,-0.04156789885863077,0.07151460647583008,-0.30573365092277527,-0.04530964748963129,-0.062057942152023315,-0.2186470627784729,-0.03224331842764627,-0.03318601846694946,-0.3118026852607727,-0.0477004009674431,0.016891121864318848,-0.32081228494644165,-0.05334044577583086,0.054022252559661865,-0.30368509888648987,-0.054123788643920534,-1.297424219822627,-0.5998029224872683,-0.497674760410586,-0.5303584422225495,-0.632258814208226,0.03361091622286352,0.028623365388391216,0.04192481003158121,0.0593524094981034,0.005624394463576545,0.009021695467998385,0.026534683509066057,0.013305524078647199,0.030829890930172667,0.017611899698040938,O
0.0,0.0,0.0,0.05965733528137207,-0.08230173587799072,0.016565651203961806,0.08161351084709167,-0.1669745147228241,0.0179600310879664,0.10622748732566833,-0.23099923133850098,0.00717929009300633,0.11487707495689392,-0.2943611443042755,-0.002236778112603588,-0.024565905332565308,-0.23582187294960022,0.049858851860733466,-0.004247605800628662,-0.33197373151779175,0.028534884135694938,0.04913532733917236,-0.32914140820503235,0.0053189355316476394,0.08468225598335266,-0.3009089231491089,-0.006964622959969802,-0.04418867826461792,-0.23448273539543152,0.025028132404656844,-0.015574336051940918,-0.34923630952835083,-0.003183837477592988,0.0506000816822052,-0.3376849591732025,-0.030308426786689324,0.09091141819953918,-0.29751911759376526,-0.042742812503604455,-0.05720934271812439,-0.23131084442138672,-0.0035257881605161856,-0.02936643362045288,-0.3464040160179138,-0.02586057545664744,0.0376017689704895,-0.3359224498271942,-0.03878379004123644,0.07721126079559326,-0.29823076725006104,-0.041545045990972085,-0.06169968843460083,-0.22096744179725647,-0.03231039779308276,-0.028161674737930298,-0.3127065896987915,-0.04693249749067263,0.023289620876312256,-0.3207404315471649,-0.05100900070789294,0.06004491448402405,-0.30376431345939636,-0.05033781888010935,-1.315376772658792,-0.5373052462050005,-0.436564373109261,-0.4619179350583436,-0.5972358655407567,0.030896609856839872,0.024172825633518177,0.03786406658266102,0.05563259307530406,0.007091772953119997,0.00793651611950287,0.02480225493737663,0.013718628143010517,0.03149195965671247,0.018036174187991624,O
0.0,0.0,0.0,0.05754894018173218,-0.08118414878845215,0.01287697178088365,0.07975810766220093,-0.17127865552902222,0.012822254716979842,0.1054459810256958,-0.2374679446220398,0.0019935953129106565,0.11729162931442261,-0.3013647198677063,-0.006892215770108123,-0.025969654321670532,-0.24202492833137512,0.04174737741016088,-0.00454673171043396,-0.3390517234802246,0.019021381780135016,0.04884859919548035,-0.3367806077003479,-0.0039539414759701685,0.08452260494232178,-0.3086130917072296,-0.01579584445096316,-0.04705721139907837,-0.24039849638938904,0.019253515794503073,-0.017246484756469727,-0.35646337270736694,-0.009576831788194795,0.049070000648498535,-0.34514322876930237,-0.03510339076854052,0.08987781405448914,-0.30497482419013977,-0.04626030738688769,-0.059683263301849365,-0.235490083694458,-0.006973918371272703,-0.031267642974853516,-0.3534888029098511,-0.029931579560411592,0.03639093041419983,-0.34449201822280884,-0.042219496176016946,0.07737499475479126,-0.30722692608833313,-0.044470558718217035,-0.06184065341949463,-0.22262978553771973,-0.03363377864695849,-0.026776820421218872,-0.3140488862991333,-0.049322611496222635,0.024505615234375,-0.32248225808143616,-0.0539974522147304,0.06150534749031067,-0.3062346875667572,-0.0535154704306251,-1.289896894608802,-0.5423657739361347,-0.4406572650229929,-0.4821950393076643,-0.5956762008978554,0.033561106248503385,0.02765049945886356,0.04034480358534803,0.05599844484580836,0.006474199190707018,0.007280781998927088,0.023139813025769618,0.01270403295810995,0.0284004245507557,0.015900636515018367,O
0.0,0.0,0.0,0.05487006902694702,-0.08018434047698975,0.006792402311475598,0.07868790626525879,-0.16787993907928467,0.004206095307381474,0.10511869192123413,-0.23745450377464294,-0.007665276576517499,0.11548811197280884,-0.30502885580062866,-0.017098408707170165,-0.03474661707878113,-0.2416398823261261,0.04060110770842584,-0.004931837320327759,-0.33145004510879517,0.017860808826299035,0.049519121646881104,-0.3294219970703125,-0.00624317354777304,0.08630591630935669,-0.30666384100914,-0.019384924837140716,-0.05613809823989868,-0.24173864722251892,0.02248273179611715,-0.016889601945877075,-0.3509855568408966,-0.0049609458565100795,0.05033174157142639,-0.3412298560142517,-0.02972225710072962,0.09299644827842712,-0.3062472343444824,-0.04082653722980467,-0.06763237714767456,-0.23726624250411987,-4.396275016915752e-06,-0.03001466393470764,-0.3491520881652832,-0.022946253933696426,0.03901311755180359,-0.3416789174079895,-0.03507956913927046,0.08204680681228638,-0.3075062036514282,-0.037230030216960586,-0.0677686333656311,-0.22489100694656372,-0.02333163521507231,-0.025725752115249634,-0.3073667883872986,-0.0400097636065766,0.029093056917190552,-0.3140110671520233,-0.04540398395874945,0.06955933570861816,-0.2981187105178833,-0.045070115991620696,-1.3086482252973486,-0.4929278541303328,-0.40825062550771546,-0.4387628571499303,-0.4898786341176457,0.029227961276354127,0.02252463944255916,0.033532941165562075,0.04644569513910555,0.006703490071760428,0.0043416112825951265,0.018800723840576912,0.011021780797714155,0.024806675416296452,0.015622482577916407,O
0.0,0.0,0.0,0.05421862006187439,-0.08037030696868896,0.014819802725185127,0.07435348629951477,-0.16725274920463562,0.013420014650989742,0.10052573680877686,-0.2365071177482605,0.0008910777484629762,0.11439844965934753,-0.3037693202495575,-0.009727422139178543,-0.04213646054267883,-0.2352670431137085,0.04791385681318161,-0.011643260717391968,-0.3263978064060211,0.0298392362980735,0.04462176561355591,-0.32877132296562195,0.009429420353342266,0.08375552296638489,-0.30768734216690063,-0.0015247131144064952,-0.06384530663490295,-0.2363918423652649,0.025891579696406097,-0.022137820720672607,-0.34727561473846436,0.004710095943380566,0.04537534713745117,-0.34343910217285156,-0.01540258339656475,0.08840492367744446,-0.31259509921073914,-0.024056535205374985,-0.07396501302719116,-0.23276865482330322,0.00022312909430866057,-0.033049434423446655,-0.348819375038147,-0.01700795254720333,0.03696134686470032,-0.34503108263015747,-0.02494814618540886,0.07997718453407288,-0.31309396028518677,-0.02559007703376892,-0.06947299838066101,-0.21917709708213806,-0.025772854676972656,-0.02296772599220276,-0.30597221851348877,-0.0386623069555867,0.0323948860168457,-0.31042155623435974,-0.04018324612690094,0.07121163606643677,-0.2902814447879791,-0.03746687247468117,-1.2854662151393372,-0.5220277247373805,-0.46405812080473763,-0.48092627497706136,-0.46797148288783297,0.030892391491353723,0.027451006670858296,0.03566191812870572,0.04524404549524578,0.0067603998530669515,0.0065960109752839155,0.02145493794267969,0.008442490713072572,0.02816927958917636,0.024438610910786574,O
0.0,0.0,0.0,0.04990825057029724,-0.08687138557434082,0.022121635323287592,0.06034332513809204,-0.1728871464729309,0.023086437081815347,0.08470538258552551,-0.2396848201751709,0.011325143335284338,0.10478302836418152,-0.2984462082386017,0.0013791826198712442,-0.07393357157707214,-0.22480908036231995,0.0472397627885357,-0.03308066725730896,-0.31460970640182495,0.026020952558042154,0.028002560138702393,-0.3182334005832672,0.001841334218056545,0.07275751233100891,-0.2977706789970398,-0.012484854960916891,-0.0919523537158966,-0.22435691952705383,0.020154309516669855,-0.03801029920578003,-0.3374844789505005,-0.004562686605481758,0.036726415157318115,-0.3343726098537445,-0.02657351730215396,0.08461308479309082,-0.304355651140213,-0.037080149108646765,-0.09170249104499817,-0.2180890142917633,-0.009413558000801459,-0.0417807400226593,-0.33941781520843506,-0.030789679790018454,0.03045216202735901,-0.3354300558567047,-0.03700854157852973,0.07410982251167297,-0.30420857667922974,-0.03657865052866782,-0.07201412320137024,-0.20353007316589355,-0.038641075546024695,-0.014399409294128418,-0.29155510663986206,-0.05448583042073096,0.042503297328948975,-0.2947719693183899,-0.05433343624520148,0.08030441403388977,-0.27739226818084717,-0.0505334725027069,-1.230620556134234,-0.46155152989593123,-0.42541447670931554,-0.4790309570139271,-0.45151040826346667,0.03203263986853411,0.021017805286670334,0.03120978127632282,0.03228731874105815,0.013561580163463333,0.006578394134671036,0.021730976800559673,0.01050429195373626,0.027305469494674772,0.027522488361475337,O
0.0,0.0,0.0,0.04769966006278992,-0.07668685913085938,0.019254502967953613,0.05926719307899475,-0.16293931007385254,0.01803896682059758,0.08551773428916931,-0.22837799787521362,0.00511203951856487,0.10459679365158081,-0.28594109416007996,-0.006168317853450844,-0.07902657985687256,-0.213628351688385,0.039204762444853714,-0.03490728139877319,-0.2996169328689575,0.017322563693880966,0.02586302161216736,-0.30840158462524414,-0.006468448660314152,0.07238709926605225,-0.2903217673301697,-0.02045150181555755,-0.09817984700202942,-0.21204745769500732,0.01345418313240998,-0.041897743940353394,-0.3248509168624878,-0.01132769869917638,0.03334364295005798,-0.3241993188858032,-0.03140284760200984,0.08189177513122559,-0.29397332668304443,-0.04081638424003131,-0.09755809605121613,-0.20602956414222717,-0.014619221783220837,-0.04486215114593506,-0.32873573899269104,-0.03609600184762485,0.02929520606994629,-0.3258414566516876,-0.04119696734750278,0.07250100374221802,-0.29417550563812256,-0.04032317070567615,-0.07799685001373291,-0.1936180591583252,-0.042431677564024994,-0.01732286810874939,-0.2835974097251892,-0.058409276290774415,0.039908647537231445,-0.2871708571910858,-0.057958389504790375,0.07558095455169678,-0.26835477352142334,-0.05431545792424686,-1.2177117829174884,-0.46884662449199027,-0.4269732269900748,-0.47820017739741616,-0.4529005539589492,0.03250622570881299,0.024083908015781866,0.033135257088118,0.03392930285573222,0.01018198158560384,0.003855421270869648,0.022197962261864025,0.00939294754645631,0.026384403015452338,0.02600377480350019,O
0.0,0.0,0.0,0.04828736186027527,-0.08165258169174194,0.016229225583060725,0.06052824854850769,-0.17221403121948242,0.014389192945941431,0.08535557985305786,-0.24131494760513306,0.0016575403554952572,0.10565218329429626,-0.30136406421661377,-0.008345457464770334,-0.07314828038215637,-0.2259860336780548,0.04036117743669365,-0.03278931975364685,-0.3201512098312378,0.01874519724367474,0.029239118099212646,-0.3260607123374939,-0.005153822917804973,0.07456177473068237,-0.30405381321907043,-0.01879523295940544,-0.09184138476848602,-0.22591227293014526,0.01687257390437935,-0.03918874263763428,-0.34313493967056274,-0.006076341700122612,0.03509187698364258,-0.3413989543914795,-0.026001751162425535,0.0813213586807251,-0.3115863800048828,-0.0355688517171302,-0.0926702469587326,-0.22118040919303894,-0.009366620071546095,-0.044280678033828735,-0.3462364673614502,-0.028575913720146673,0.027626782655715942,-0.344748854637146,-0.03276426319064285,0.07013225555419922,-0.31220579147338867,-0.03154405180396225,-0.07256004214286804,-0.20859235525131226,-0.03585237238587524,-0.016692250967025757,-0.2994307279586792,-0.04979130972208168,0.03948700428009033,-0.3035261034965515,-0.04805867347897674,0.07545888423919678,-0.28415098786354065,-0.043389890082494276,-1.234663627918677,-0.4862027583625167,-0.45944733044918173,-0.509814632530011,-0.4719853279181576,0.031206541851808135,0.026390997829780046,0.03713769401257988,0.034755219829075985,0.01012084668199252,0.009277682339556007,0.019923033468901924,0.011206234842414635,0.02805475625498807,0.02855599724637507,O
0.0,0.0,0.0,0.0519428551197052,-0.07823574542999268,0.01852939826505917,0.06513556838035583,-0.16546717286109924,0.016478029909308134,0.08882588148117065,-0.23388943076133728,0.002286178190956889,0.1109687089920044,-0.2968277633190155,-0.010166789506797613,-0.06937113404273987,-0.22678950428962708,0.041147082942302404,-0.02687513828277588,-0.32473933696746826,0.02093527455883759,0.03589722514152527,-0.32895782589912415,0.00024227572441759548,0.08173108100891113,-0.30551135540008545,-0.010819514383797468,-0.0883406400680542,-0.22669410705566406,0.015949182110603033,-0.03432971239089966,-0.3455076217651367,-0.005516644203339638,0.041431546211242676,-0.33847659826278687,-0.021581627530281366,0.08703523874282837,-0.3068866729736328,-0.027808766913835825,-0.08820334076881409,-0.22161966562271118,-0.011972513151590647,-0.03972020745277405,-0.3502081036567688,-0.030597981167261423,0.0344541072845459,-0.34158089756965637,-0.031084466827337565,0.07677769660949707,-0.30532601475715637,-0.026550326598112406,-0.06684485077857971,-0.2084047794342041,-0.04002951840800506,-0.017518043518066406,-0.30922386050224304,-0.05370651195687515,0.03920024633407593,-0.31085118651390076,-0.049784738672201456,0.07479804754257202,-0.2869608998298645,-0.04291548217577201,-1.2350920900298814,-0.480293615725049,-0.4288758205997389,-0.46952582629432615,-0.506373251338116,0.03049989609012101,0.02596136863895945,0.03523131568997435,0.037492289137941344,0.005479560903428507,0.004956850629409764,0.01980369548614903,0.010375587920003485,0.02338344037665437,0.018471503910640733,O
0.0,0.0,0.0,0.05520588159561157,-0.09230583906173706,0.017560726251531378,0.07151564955711365,-0.18365800380706787,0.01551331881069018,0.09976297616958618,-0.2549472153186798,0.0017152883681319508,0.11677795648574829,-0.31771135330200195,-0.010262205976914629,-0.0677710473537445,-0.24477404356002808,0.0397666992955692,-0.023482799530029297,-0.34278178215026855,0.01633703730635716,0.03995010256767273,-0.34650230407714844,-0.007999419014822706,0.08422085642814636,-0.32314926385879517,-0.021486772004436716,-0.08651310205459595,-0.24056804180145264,0.014819435995150343,-0.025025755167007446,-0.367130845785141,-0.012256888452839121,0.048501819372177124,-0.35733234882354736,-0.035222541320990786,0.09063073992729187,-0.31844186782836914,-0.0451949758119099,-0.08650362491607666,-0.23298287391662598,-0.01249462623513864,-0.03521251678466797,-0.36265233159065247,-0.03390583746499942,0.03768172860145569,-0.35443511605262756,-0.041119191575717196,0.0777498185634613,-0.3162795901298523,-0.04039158650107311,-0.06841489672660828,-0.21602195501327515,-0.039666607756089434,-0.016721725463867188,-0.31229522824287415,-0.05455422379441188,0.03906634449958801,-0.31889939308166504,-0.05455616094536708,0.07540449500083923,-0.2998802959918976,-0.05039363704986499,-1.2451712171931046,-0.47609217240678053,-0.41417829508125065,-0.4693298413671507,-0.5278860868714519,0.03300811468994233,0.026157419315139846,0.03905439150034449,0.045052302050388945,0.007952746938001269,0.009437518115919863,0.02488318899192025,0.01306114773006913,0.024007717167627972,0.01656615196225563,O
0.0,0.0,0.0,0.05799350142478943,-0.09489977359771729,0.024352035115782655,0.07410413026809692,-0.18563133478164673,0.024408259059612192,0.10234254598617554,-0.2574204206466675,0.010463294203702844,0.12364277243614197,-0.3258894383907318,-0.002130854312952124,-0.0638006329536438,-0.24995073676109314,0.052988060380641855,-0.02200138568878174,-0.3489283621311188,0.0345131984011573,0.04144430160522461,-0.3527664542198181,0.012658363770071901,0.08436492085456848,-0.3280332386493683,0.0005231607154314588,-0.08270052075386047,-0.2486121654510498,0.024626115898911394,-0.02718767523765564,-0.37304580211639404,0.003592125236366428,0.0471687912940979,-0.3669903874397278,-0.01738423052864846,0.09122323989868164,-0.3292437791824341,-0.02719233315127667,-0.0835224986076355,-0.24336588382720947,-0.006272896562393271,-0.031297922134399414,-0.3737437129020691,-0.021157519329960905,0.04295921325683594,-0.366804301738739,-0.027106999789054953,0.08461242914199829,-0.32830631732940674,-0.027455282766993605,-0.06608384847640991,-0.22956529259681702,-0.0369582543118554,-0.01277133822441101,-0.32652559876441956,-0.04744939077335175,0.044601887464523315,-0.3325498104095459,-0.04664651620822724,0.08193796873092651,-0.3117079436779022,-0.04295425805884179,-1.2312768736093018,-0.485009634620536,-0.43410859622116854,-0.46779263893285067,-0.5066250281773997,0.03933631279635961,0.03259260180001478,0.039105101987629655,0.044050033420879105,0.0069643340308345675,0.0003685543621204076,0.016504706980610878,0.006676949422195868,0.019842423932089164,0.016812458070292684,O
0.0,0.0,0.0,0.05829706788063049,-0.09742480516433716,0.026086006322771027,0.07488825917243958,-0.18557709455490112,0.026673177266388848,0.10385876893997192,-0.2557683289051056,0.012974998922913983,0.12561547756195068,-0.3224911391735077,0.0005290601494607472,-0.06497624516487122,-0.25304001569747925,0.054287496963411286,-0.020170390605926514,-0.35196131467819214,0.035816226163774445,0.04351821541786194,-0.35392263531684875,0.013310510674386933,0.08717784285545349,-0.3279765248298645,0.0006645279446502173,-0.08374273777008057,-0.2526402473449707,0.02473160252895923,-0.025041550397872925,-0.3759905695915222,0.0035572557336536192,0.04918956756591797,-0.3674399256706238,-0.018288174634903953,0.0930122435092926,-0.32734039425849915,-0.028364704912632988,-0.08353886008262634,-0.24703040719032288,-0.00697413598197727,-0.032315343618392944,-0.3751692473888397,-0.022249368941515968,0.04102659225463867,-0.366984486579895,-0.028347352510422752,0.08286157250404358,-0.3269612789154053,-0.02835982664498715,-0.0631856918334961,-0.23197582364082336,-0.03821236266765027,-0.012277752161026001,-0.3297002911567688,-0.048870608201355026,0.045042186975479126,-0.3347683846950531,-0.047055568536848114,0.08369007706642151,-0.3123666048049927,-0.04214983432564168,-1.2159730591688482,-0.45763291100355624,-0.39985283244546727,-0.44780646668149876,-0.5007976315848776,0.038827068104984215,0.032961889290083465,0.042986957871110475,0.0431305622834871,0.00586897717607965,0.004434062923920498,0.015994815203122428,0.010157748288876448,0.0176385134800678,0.014618171301466842,O
0.0,0.0,0.0,0.05122056603431702,-0.09226846694946289,0.017507301620241833,0.07153859734535217,-0.188379168510437,0.015709282807108593,0.10152411460876465,-0.26357680559158325,0.0028098497772930386,0.11853447556495667,-0.32887735962867737,-0.007114600879106092,-0.08105018734931946,-0.24579209089279175,0.04607277174949331,-0.035811781883239746,-0.3519185483455658,0.023213000944849682,0.030867457389831543,-0.3608589768409729,-0.00417104738295393,0.08148220181465149,-0.3367437422275543,-0.020254766591790485,-0.09444311261177063,-0.24666985869407654,0.021617716155049038,-0.028717607259750366,-0.3800971508026123,-0.005552610871347952,0.0485227108001709,-0.37239447236061096,-0.03340402806639986,0.09292402863502502,-0.3319171667098999,-0.04776580075264292,-0.09243771433830261,-0.244035542011261,-0.005052979593131113,-0.04048171639442444,-0.3754567801952362,-0.024071689718368816,0.034813374280929565,-0.3734193444252014,-0.03258580157995539,0.07938942313194275,-0.3333010971546173,-0.034418242075446415,-0.06753334403038025,-0.2319418489933014,-0.03181948328852968,-0.016241610050201416,-0.3305049240589142,-0.04163555989504175,0.041915684938430786,-0.337216317653656,-0.03984296882987337,0.07995003461837769,-0.3162606954574585,-0.03604009563565569,-1.2480010480909376,-0.5101768586926437,-0.4269831763020017,-0.4791318547119094,-0.519363986462466,0.0378781066746936,0.025790219445400143,0.03939422018116132,0.04059481860988368,0.01241818151804201,0.004028837017430416,0.02054027120812358,0.013605175838624091,0.02033346042420043,0.017049620970545232,O
0.0,0.0,0.0,0.05164158344268799,-0.10343295335769653,0.014638017599224895,0.07002410292625427,-0.20632320642471313,0.013841077421545833,0.1003674864768982,-0.28486698865890503,0.0036716372396199404,0.11075431108474731,-0.34297236800193787,-0.002092712589785606,-0.09525138139724731,-0.24713167548179626,0.042264288958847374,-0.046349167823791504,-0.3629714846611023,0.014965800304651111,0.02392113208770752,-0.3746652603149414,-0.017775194051921517,0.08261632919311523,-0.3517710864543915,-0.0377022375196816,-0.10281874239444733,-0.24699020385742188,0.019243576300084442,-0.029741257429122925,-0.3970649838447571,-0.016457052233874947,0.04709997773170471,-0.387251079082489,-0.0517589834362866,0.09299448132514954,-0.3424620032310486,-0.06960937872833028,-0.09566324949264526,-0.24701917171478271,-0.0055813237868846954,-0.042137354612350464,-0.3836994767189026,-0.027948375123798996,0.0317801833152771,-0.3831327557563782,-0.04027390972083822,0.07747286558151245,-0.34262263774871826,-0.04390640303796545,-0.0635257363319397,-0.23892715573310852,-0.030848377648055703,-0.01335972547531128,-0.3394574820995331,-0.03925613805955663,0.043934643268585205,-0.3452451825141907,-0.03774417683786169,0.08308574557304382,-0.32420510053634644,-0.034530897888600975,-1.2811165403921638,-0.5317714563865532,-0.4536507289390065,-0.5045205355196529,-0.5268245842687262,0.029481578508271274,0.0177671614302696,0.03328328298162321,0.03343291560125253,0.013941487443410488,0.010495205173993308,0.027569982433284266,0.01552244693150502,0.020772518870105294,0.01925383335256733,O
0.0,0.0,0.0,0.05596590042114258,-0.10870212316513062,0.028693446711713477,0.07033857703208923,-0.20669600367546082,0.03206476365130584,0.09712880849838257,-0.2818738520145416,0.021092952982598945,0.11584946513175964,-0.3418521285057068,0.012452216641122504,-0.08655369281768799,-0.25024813413619995,0.05901529063385169,-0.040173232555389404,-0.3631306290626526,0.03557031397622268,0.029526591300964355,-0.3742796778678894,0.0067340990613047325,0.08405977487564087,-0.35144519805908203,-0.010184673770254449,-0.09994673728942871,-0.24985292553901672,0.027593625531608268,-0.03229409456253052,-0.39383837580680847,-0.001711443244403199,0.04881742596626282,-0.38544511795043945,-0.030982067986315087,0.09612008929252625,-0.3425002992153168,-0.04522669891912301,-0.0952339768409729,-0.24780091643333435,-0.005733907866215304,-0.042042076587677,-0.38899773359298706,-0.025543734609073,0.03699648380279541,-0.38394299149513245,-0.03276394139129479,0.08243262767791748,-0.34192630648612976,-0.032958446248358086,-0.06773030757904053,-0.23671886324882507,-0.03859023581344445,-0.01570311188697815,-0.34419649839401245,-0.047314236118381814,0.0450572669506073,-0.34905269742012024,-0.04267925973135789,0.08361530303955078,-0.3260718584060669,-0.03667538444597085,-1.2459934475841892,-0.5353574760844947,-0.4414307600517784,-0.4871919794970075,-0.533323651331319,0.033205592752364295,0.01974002016905056,0.03341691978308725,0.03588952674812505,0.015015405394438283,0.009656961467287773,0.025377232322701143,0.013699491709714923,0.020646146048491253,0.015898498197453228,O
0.0,0.0,0.0,0.055092185735702515,-0.11702370643615723,0.0221128140564133,0.07212695479393005,-0.21710273623466492,0.02354173669471038,0.10018709301948547,-0.29323068261146545,0.012574146779911644,0.11057671904563904,-0.3537733256816864,0.00519723892091406,-0.0965513288974762,-0.25490260124206543,0.05668912762655509,-0.04967761039733887,-0.3730538487434387,0.03073386037601722,0.01993614435195923,-0.38806623220443726,-0.002210776509059542,0.07760080695152283,-0.36756762862205505,-0.02239206126080262,-0.1043817549943924,-0.2539835572242737,0.028654436859028465,-0.03187176585197449,-0.4070708453655243,-0.006034123433096283,0.047153979539871216,-0.3991011381149292,-0.04307499220715272,0.09414082765579224,-0.35349273681640625,-0.062087484357221,-0.09762877225875854,-0.2533227205276489,-0.001397166472202116,-0.042809873819351196,-0.3925188183784485,-0.022412954551441544,0.03354635834693909,-0.3925899565219879,-0.034912054148776406,0.07977938652038574,-0.3510490357875824,-0.0386376424704622,-0.06619319319725037,-0.2440171241760254,-0.03159102490292298,-0.015927672386169434,-0.3505602478981018,-0.03785551404700982,0.04283460974693298,-0.35943302512168884,-0.03494279896960961,0.08180859684944153,-0.338442862033844,-0.0309331535373758,-1.2965532001755629,-0.5742172021985383,-0.4646460422527524,-0.5035000264011128,-0.5678959213531247,0.03574483979610964,0.01643828628203559,0.030917591207889106,0.03259797494252012,0.02171807690009363,0.01666163611920985,0.02942715624457793,0.014567864160679853,0.019457200405811437,0.012768449838135782,O
0.0,0.0,0.0,0.05717042088508606,-0.1077459454536438,0.0312177026995073,0.06939396262168884,-0.2060726284980774,0.03526639476200444,0.0951046347618103,-0.28046146035194397,0.02438397057136399,0.11358124017715454,-0.34657615423202515,0.015720675734485212,-0.08579707145690918,-0.2518809735774994,0.060846089420522276,-0.04155343770980835,-0.36832940578460693,0.04031724020620686,0.027337878942489624,-0.38184309005737305,0.015136324835623327,0.07861816883087158,-0.35775476694107056,0.0011771788472856315,-0.10172802209854126,-0.25159168243408203,0.029079106671417776,-0.03825977444648743,-0.3954308032989502,0.0063777231030712755,0.04307296872138977,-0.3919604420661926,-0.01761577740529674,0.08959567546844482,-0.3523857593536377,-0.02943337239543098,-0.09849333763122559,-0.24954017996788025,-0.004618791362588581,-0.045574456453323364,-0.39174479246139526,-0.020313226582800326,0.03376352787017822,-0.3900059759616852,-0.024350821005498346,0.07778757810592651,-0.34915706515312195,-0.023303852381502566,-0.07218402624130249,-0.23950731754302979,-0.03767709523657459,-0.020266354084014893,-0.3491540551185608,-0.04564281270126003,0.040675193071365356,-0.35641634464263916,-0.04032105669597286,0.07799053192138672,-0.3329910337924957,-0.03371278658727306,-1.2660974364001736,-0.5721043588891952,-0.4848764751121629,-0.5143646606606785,-0.5567998004228585,0.036706644358536836,0.024679117205944946,0.035886590053276234,0.03809532794849914,0.012220142980009532,0.008637728693751585,0.024771685601588996,0.012241553396655013,0.022601653398365305,0.016167305285790835,O
0.0,0.0,0.0,0.058678507804870605,-0.1114729642868042,0.015357247354472747,0.07859224081039429,-0.21555650234222412,0.015294865505779853,0.10790097713470459,-0.292643278837204,0.003992574090148082,0.12188142538070679,-0.3579697012901306,-0.004442937871431241,-0.08052021265029907,-0.26531240344047546,0.049874605411673656,-0.037503331899642944,-0.3789134919643402,0.022578138658786884,0.02881971001625061,-0.3936903476715088,-0.009433412192379365,0.0818820595741272,-0.37033259868621826,-0.027717614745711217,-0.09331381320953369,-0.26353520154953003,0.02542900087871658,-0.02659955620765686,-0.41005071997642517,-0.011013657053922543,0.049787700176239014,-0.40390539169311523,-0.04810640049538506,0.09520983695983887,-0.3554348051548004,-0.06550887060723198,-0.09021690487861633,-0.25960609316825867,-0.0015732206767324897,-0.040554165840148926,-0.3970869779586792,-0.025880754193281064,0.036877334117889404,-0.39850667119026184,-0.04221920130214585,0.08350834250450134,-0.35605132579803467,-0.046549340909336934,-0.06534796953201294,-0.24463370442390442,-0.028752334615205655,-0.01749977469444275,-0.35230064392089844,-0.039041212027882466,0.041802942752838135,-0.36506330966949463,-0.04001239148340119,0.0829957127571106,-0.3456171751022339,-0.037315519725893864,-1.275702321508925,-0.5740286150377164,-0.45357337012715715,-0.5067958563645496,-0.5976824664747944,0.04186634085939156,0.026791777233119263,0.03842100537405035,0.04080053369096515,0.01998934471531878,0.01437357128470145,0.024740500931625053,0.011717724616657826,0.01567069525862621,0.010446735853872721,O
0.0,0.0,0.0,0.05628114938735962,-0.10856014490127563,0.025701591162885506,0.07042014598846436,-0.21114248037338257,0.02750146889587768,0.0966014564037323,-0.29170989990234375,0.015150246559585412,0.11193674802780151,-0.36149293184280396,0.0050426524830413655,-0.08759480714797974,-0.2572970688343048,0.05941904464265235,-0.044314831495285034,-0.37288543581962585,0.03744515159627326,0.024267375469207764,-0.38483285903930664,0.010354217491055806,0.07607084512710571,-0.36168670654296875,-0.004933045827840488,-0.10290569067001343,-0.25681906938552856,0.029756580828632195,-0.04129213094711304,-0.40180790424346924,0.0031799775314880208,0.039624959230422974,-0.39768195152282715,-0.024910541833435218,0.08789181709289551,-0.35550951957702637,-0.038350394577776115,-0.10048714280128479,-0.2540460228919983,-0.002221387694646637,-0.050318360328674316,-0.39679253101348877,-0.02008740103343598,0.029402941465377808,-0.39467722177505493,-0.028344257385526817,0.07614830136299133,-0.35420936346054077,-0.029249616549407165,-0.07556185126304626,-0.24244964122772217,-0.03388617059687249,-0.026460498571395874,-0.3547884523868561,-0.04261027148464791,0.03508943319320679,-0.36426401138305664,-0.03951681277254693,0.07577204704284668,-0.34279024600982666,-0.03423118463257424,-1.3013778167282044,-0.5677669087194933,-0.47735399993174743,-0.515848595305387,-0.5854884416745254,0.0358664263555287,0.024778214746156702,0.03652209308157279,0.04071456808929996,0.013337654105133958,0.007477744248154727,0.018898822740471256,0.011815268411074786,0.01756897111794899,0.011425314466859592,O
0.0,0.0,0.0,0.057242363691329956,-0.10985982418060303,0.030594235123942326,0.06871414184570312,-0.21230831742286682,0.034386508004615735,0.09405946731567383,-0.2920750081539154,0.022546505393336247,0.11133912205696106,-0.36280855536460876,0.012523983443031739,-0.08602911233901978,-0.2599279582500458,0.06454455091233058,-0.04305785894393921,-0.37471020221710205,0.0441328322755794,0.024355143308639526,-0.385592520236969,0.018676766963551472,0.0737246572971344,-0.3613545000553131,0.004578551115343998,-0.1033470630645752,-0.2586354911327362,0.03208317591423793,-0.04287257790565491,-0.4016093313694,0.007911134349058102,0.0376911461353302,-0.3981436491012573,-0.017566105513026287,0.08538040518760681,-0.35663092136383057,-0.02949314208154874,-0.1012813150882721,-0.2549012303352356,-0.0027469745130588308,-0.05124589800834656,-0.39911502599716187,-0.01949120142882066,0.02839672565460205,-0.39685916900634766,-0.026054939417292644,0.07376167178153992,-0.35644543170928955,-0.025953838763882686,-0.07753023505210876,-0.2440449595451355,-0.03700596482877927,-0.02870309352874756,-0.3581847846508026,-0.04624816046481328,0.032666802406311035,-0.3672653138637543,-0.04274893568282323,0.07292073965072632,-0.3447204530239105,-0.03695327804808812,-1.2948023591204672,-0.5656817362804203,-0.47892328811955615,-0.5256661612650616,-0.5897254826339896,0.037642558839838886,0.02668366810149736,0.038112387905438715,0.042463532036316295,0.012576512018078781,0.004909207889057693,0.01665346222937199,0.011620213955568828,0.01723666212951815,0.011755096427559716,O
0.0,0.0,0.0,0.057992637157440186,-0.11216652393341064,0.01879246792725553,0.07540032267570496,-0.21265247464179993,0.017973662158169645,0.10389712452888489,-0.29044443368911743,0.004469242682375807,0.11753565073013306,-0.36001265048980713,-0.006561593814126354,-0.08235490322113037,-0.2615140676498413,0.052141454806246657,-0.041839033365249634,-0.37627559900283813,0.02785850948623647,0.023356974124908447,-0.3888879120349884,0.00021953222369575087,0.07376432418823242,-0.36527499556541443,-0.014951294483921629,-0.09877559542655945,-0.2596433758735657,0.025801245858588118,-0.03873667120933533,-0.405134916305542,-0.004753522770784002,0.037258535623550415,-0.3980799913406372,-0.03473991827138434,0.08241268992424011,-0.3529703617095947,-0.04814251066216002,-0.0961625874042511,-0.25544944405555725,-0.0032306671704418477,-0.05049702525138855,-0.3983897566795349,-0.024575186157903772,0.028378963470458984,-0.3966342806816101,-0.035498681674084764,0.07513642311096191,-0.35578998923301697,-0.03684964702495108,-0.072579026222229,-0.24157679080963135,-0.03232454807528029,-0.027183502912521362,-0.3533492088317871,-0.04315997959145079,0.032718151807785034,-0.36420756578445435,-0.04228589982756148,0.07348200678825378,-0.3439238667488098,-0.03802152649529944,-1.2922932744110667,-0.5865886379201132,-0.47564098534588056,-0.5298850045780834,-0.6112052979360366,0.04408652064897459,0.03582200730048775,0.04260898227829294,0.04689960028425035,0.015039888438068158,0.009583736253642176,0.0213529952198181,0.007803483716190732,0.012712048314528128,0.01198089963980375,O
0.0,0.0,0.0,0.061084091663360596,-0.11657750606536865,0.03134001172463741,0.07794952392578125,-0.2137153446674347,0.03585048518459644,0.10800257325172424,-0.2886418402194977,0.02453906401376571,0.1175391674041748,-0.3603816032409668,0.01508032190929498,-0.07884743809700012,-0.26516130566596985,0.07111277184765186,-0.03376021981239319,-0.38117778301239014,0.05167155838887538,0.03155815601348877,-0.39292532205581665,0.02558174855391826,0.07707846164703369,-0.3662554621696472,0.011592150063620466,-0.09350788593292236,-0.26435527205467224,0.038678811260865587,-0.0321231484413147,-0.4125186502933502,0.012813102783070462,0.04647088050842285,-0.4060036540031433,-0.01783784166593705,0.09073308110237122,-0.3565457761287689,-0.031960202983214,-0.09016290307044983,-0.2610090374946594,0.004073307247267621,-0.04104819893836975,-0.406085342168808,-0.010801585993363005,0.03804323077201843,-0.4018816351890564,-0.02075083800275479,0.07970210909843445,-0.3573867678642273,-0.022520390010072333,-0.0666692852973938,-0.2487545609474182,-0.029842399662925345,-0.017879515886306763,-0.3645084500312805,-0.033953095457150084,0.041290283203125,-0.3734723925590515,-0.02978016868848954,0.07756683230400085,-0.3490709364414215,-0.023950102409912688,-1.3071496081938472,-0.5752126074179592,-0.4639516018099917,-0.5160875437891889,-0.6077001685871853,0.04088484962770428,0.027079140171992432,0.03795539513910724,0.041541771228619205,0.016754898850261938,0.009248635825473368,0.017191463881899,0.011062983795104557,0.015140123373742135,0.008585596032971194,O
0.0,0.0,0.0,0.061336636543273926,-0.11594563722610474,0.02593601194934081,0.08039849996566772,-0.21355873346328735,0.029099848845760334,0.11054980754852295,-0.28801456093788147,0.01788855043963622,0.11843585968017578,-0.35619819164276123,0.009062161462168206,-0.07972753047943115,-0.26435691118240356,0.0638089429380102,-0.03570172190666199,-0.3810851573944092,0.04089778175369929,0.030917823314666748,-0.3933798670768738,0.01247281653598975,0.08000695705413818,-0.3674340844154358,-0.0030615532046454064,-0.09335994720458984,-0.26344040036201477,0.03378564378039073,-0.02951425313949585,-0.41112619638442993,0.003193052045787681,0.04972916841506958,-0.40254342555999756,-0.02985579448028375,0.09441840648651123,-0.353320837020874,-0.04506548607929517,-0.08860686421394348,-0.26075512170791626,0.0013341534908590802,-0.03977161645889282,-0.4040636420249939,-0.01832568945570756,0.03971138596534729,-0.3994777500629425,-0.030371909236748706,0.08290734887123108,-0.35442280769348145,-0.032575522756417286,-0.06290453672409058,-0.24884235858917236,-0.030761596953709613,-0.015721887350082397,-0.3629293441772461,-0.03777173275335599,0.043298304080963135,-0.3702791929244995,-0.03491577247365285,0.08025261759757996,-0.3451084494590759,-0.02971637735350896,-1.3101928166841033,-0.5730663265811379,-0.44642361297408245,-0.4998609890566281,-0.5919960701179572,0.040037805177613316,0.024189196504430716,0.03557284172607891,0.039761065851391934,0.02017110871424647,0.0133306261903907,0.022326986480652546,0.011563683962543512,0.01637415293415036,0.009685291294232672,O
0.0,0.0,0.0,0.06034243106842041,-0.11470925807952881,0.02928289294862907,0.08059006929397583,-0.2121002972126007,0.031151016137243914,0.11115863919258118,-0.2885452210903168,0.01775693789744537,0.11977869272232056,-0.35471129417419434,0.006545366613806891,-0.08148199319839478,-0.26478034257888794,0.06501895085597198,-0.03778344392776489,-0.3827516436576843,0.04167938128733795,0.030501574277877808,-0.39348214864730835,0.011460570512952017,0.08118921518325806,-0.36402735114097595,-0.005850121018795562,-0.09406790137290955,-0.2627054452896118,0.032519052630902934,-0.025146275758743286,-0.41005662083625793,0.0026233658535943505,0.053459227085113525,-0.39771634340286255,-0.031170436286686254,0.09461477398872375,-0.3472256064414978,-0.04828192397332032,-0.09057219326496124,-0.25878608226776123,-0.0019607822069360736,-0.03780412673950195,-0.4007936716079712,-0.020658751123903585,0.04077118635177612,-0.3936368227005005,-0.031110531756041837,0.0828520655632019,-0.34590426087379456,-0.03355382486557801,-0.06411972641944885,-0.24541360139846802,-0.03591696276640732,-0.015949219465255737,-0.359155535697937,-0.042324629717825246,0.0443151593208313,-0.3654666841030121,-0.03843775122737725,0.08184820413589478,-0.3391135036945343,-0.03338175743198235,-1.3026217916456144,-0.5478187346556649,-0.4211467633914653,-0.46551894484969913,-0.5706749090471589,0.039698069148840595,0.026253729770501322,0.03796234488151265,0.041012352191167355,0.02150684203190835,0.01819921625286332,0.024922561285394895,0.01183669141327642,0.015125855902541665,0.006864555399507661,O
0.0,0.0,0.0,0.05726960301399231,-0.11037600040435791,0.03039238196356564,0.07348191738128662,-0.20739668607711792,0.031721291733219914,0.10115107893943787,-0.28487592935562134,0.017138855201437764,0.11633476614952087,-0.35628920793533325,0.004132995517238669,-0.08001247048377991,-0.2622207999229431,0.06682166237874299,-0.035557687282562256,-0.37509655952453613,0.04764774594946175,0.031965285539627075,-0.38073837757110596,0.021965136421158604,0.07939228415489197,-0.3524011969566345,0.007403164305969767,-0.09712234139442444,-0.2617625892162323,0.034262651247217946,-0.03434547781944275,-0.40211987495422363,0.01155853052182465,0.044320106506347656,-0.39133426547050476,-0.015327345910236545,0.08790713548660278,-0.3454931378364563,-0.02877482804910869,-0.09623706340789795,-0.2588247060775757,-0.0005777987346391456,-0.04466813802719116,-0.401681125164032,-0.015113352196976848,0.033521682024002075,-0.3922923803329468,-0.022638634177610584,0.07604214549064636,-0.3467707633972168,-0.02406439404444427,-0.07376468181610107,-0.24731382727622986,-0.034799525844618984,-0.023094773292541504,-0.3575953543186188,-0.04174906607227058,0.03785109519958496,-0.3622482419013977,-0.03818774070100517,0.07603916525840759,-0.33629244565963745,-0.03310553948836059,-1.2905596240924768,-0.5148413639232474,-0.42495211240622066,-0.4720008675581503,-0.5359720403807648,0.037146515385618105,0.030408638816743275,0.041401643276386506,0.044984507918688854,0.010964669352470915,0.006551733445180037,0.016454035209712704,0.011933579290290677,0.015016705826175824,0.010478318161396615,O
0.0,0.0,0.0,0.0576401948928833,-0.10624754428863525,0.026512429359058842,0.07602602243423462,-0.20337051153182983,0.027216270806889042,0.10621342062950134,-0.2792249321937561,0.013323583881060586,0.11831098794937134,-0.34682780504226685,0.0016030410851044508,-0.08051326870918274,-0.2551443874835968,0.05952725211034249,-0.03535136580467224,-0.3725112974643707,0.035600822659830555,0.03270760178565979,-0.3828634023666382,0.006901479567090973,0.08244922757148743,-0.35338908433914185,-0.008728185427685275,-0.09503498673439026,-0.25426995754241943,0.028764443712930188,-0.029771924018859863,-0.39971357583999634,0.00023618379134404677,0.05012938380241394,-0.3909330368041992,-0.029455343020458713,0.09358584880828857,-0.34396427869796753,-0.04361644735683967,-0.09228721261024475,-0.2515064775943756,-0.004357514662046924,-0.04175788164138794,-0.3950146734714508,-0.023979339507718578,0.03780832886695862,-0.388461172580719,-0.0323304382537799,0.08098578453063965,-0.342098206281662,-0.03288659429301788,-0.06644830107688904,-0.2405102550983429,-0.037036653367181316,-0.017601966857910156,-0.3540135622024536,-0.045682064947982326,0.04272839426994324,-0.35797613859176636,-0.041435133424897685,0.07976260781288147,-0.3302163779735565,-0.035344939438004985,-1.2841570250213699,-0.5425248575789394,-0.4438783244931575,-0.481741670705735,-0.5503153537596069,0.036457046553613814,0.02489040555455855,0.037623661633153345,0.04197519649038476,0.01458942404435081,0.011385323572155775,0.023327928455672414,0.01273749763743966,0.019495814062135606,0.011944622439665565,O
0.0,0.0,0.0,0.05333229899406433,-0.09836900234222412,0.022047996950846027,0.0717935562133789,-0.19697076082229614,0.021255683583717655,0.10092034935951233,-0.2760060727596283,0.0075430189832559336,0.1117275059223175,-0.3458923399448395,-0.003331540421072532,-0.0851253867149353,-0.24841248989105225,0.05392503036330254,-0.04259771108627319,-0.36478304862976074,0.030609325004320453,0.026303797960281372,-0.374538779258728,0.0026053816187641132,0.0767153799533844,-0.3456757068634033,-0.012860308902759243,-0.09962034225463867,-0.2496747374534607,0.026676061061721157,-0.03770947456359863,-0.3935556411743164,0.0012203307929894436,0.04250606894493103,-0.38549721240997314,-0.0260035577588269,0.08594256639480591,-0.3419051170349121,-0.039912469255227734,-0.09788605570793152,-0.24793940782546997,-0.0031259432793149244,-0.04704579710960388,-0.38991788029670715,-0.02133959861328094,0.03094083070755005,-0.3842114806175232,-0.028857200907964398,0.07382503151893616,-0.3383364677429199,-0.029903890135187794,-0.07184097170829773,-0.2375861406326294,-0.03277582632233589,-0.020612895488739014,-0.34565848112106323,-0.04162449719240158,0.039200931787490845,-0.3501095771789551,-0.038330249058503796,0.07519599795341492,-0.3237763047218323,-0.03345769973327606,-1.3088056566157829,-0.5411404715847735,-0.46126899096273466,-0.4845819175430644,-0.530195922958195,0.03501279615735385,0.026091398064704768,0.03864826995650283,0.042704450452702096,0.009967864228583489,0.007887873283728088,0.02195204627865197,0.012632098370308714,0.021074690250354234,0.014624564819683201,O
0.0,0.0,0.0,0.05546754598617554,-0.09646099805831909,0.02888028147373234,0.07258370518684387,-0.1925298571586609,0.030680639769173013,0.10233792662620544,-0.266040563583374,0.017885733495688783,0.11907696723937988,-0.3322850167751312,0.007413812081551896,-0.08368638157844543,-0.2459561824798584,0.05534641082141434,-0.035075634717941284,-0.3659607172012329,0.03120673457834755,0.0348229706287384,-0.36923089623451233,0.0035192683406535252,0.08444404602050781,-0.33558189868927,-0.011235993255638732,-0.09871309995651245,-0.24651437997817993,0.023954024638271676,-0.03201150894165039,-0.39044344425201416,-0.0015262885883089439,0.05155053734779358,-0.37818098068237305,-0.027164468441867484,0.095986008644104,-0.3312516212463379,-0.039925150473379745,-0.09428572654724121,-0.2442970871925354,-0.00950301242318119,-0.03973931074142456,-0.39044004678726196,-0.02761224088516201,0.04093867540359497,-0.3789704442024231,-0.032350178708099975,0.08308601379394531,-0.3315942883491516,-0.03148153041746582,-0.06642380356788635,-0.23468667268753052,-0.0423506758108374,-0.014526128768920898,-0.3476335108280182,-0.05178648968484367,0.04659107327461243,-0.3485533893108368,-0.04665118818428482,0.08183246850967407,-0.32001256942749023,-0.040196880598330154,-1.2496370085954378,-0.4897542742845349,-0.4104964102665137,-0.4573646997644619,-0.5222323176388044,0.034789490690557326,0.023114070934555753,0.035997580969697046,0.039214355146141036,0.012327538437873892,0.004212515608635955,0.01578684106326547,0.012904545241017659,0.018073156451590345,0.011649360023627386,O
0.0,0.0,0.0,0.05402827262878418,-0.09531867504119873,0.024906789511419447,0.07123726606369019,-0.19330620765686035,0.02512994557616821,0.10069578886032104,-0.26795104146003723,0.011854918301082762,0.11315375566482544,-0.33321601152420044,0.0012693715747218448,-0.08505046367645264,-0.24714940786361694,0.050148924440122755,-0.039540112018585205,-0.3661680817604065,0.024108666554070624,0.030844539403915405,-0.37001943588256836,-0.004765866696857302,0.08176743984222412,-0.33643463253974915,-0.02023975588383564,-0.10019335150718689,-0.24747180938720703,0.020580781251169356,-0.03676927089691162,-0.3924134373664856,-0.007872568815969316,0.046318113803863525,-0.381040096282959,-0.035061965137742845,0.0913468599319458,-0.33379027247428894,-0.04816976413133034,-0.09710824489593506,-0.24484243988990784,-0.01110842954369673,-0.04646831750869751,-0.39059337973594666,-0.03123100325467476,0.03325545787811279,-0.3822582960128784,-0.03771436437966713,0.07584556937217712,-0.33562523126602173,-0.03741880729796776,-0.07020771503448486,-0.23356813192367554,-0.04239441305401215,-0.019516289234161377,-0.34442493319511414,-0.05324284210803398,0.04211258888244629,-0.34747475385665894,-0.049623525142692415,0.07908269762992859,-0.3204125463962555,-0.043900678306840746,-1.2797097434772338,-0.49142944329108046,-0.42339809668468376,-0.4833655876445849,-0.52686584686777,0.03155091666113372,0.021814455692120323,0.03738589445514622,0.03639733115078373,0.00993770242114162,0.005976929001245222,0.016245463524812483,0.015609518979959982,0.018148642703770337,0.015553288408048878,O
0.0,0.0,0.0,0.055370837450027466,-0.10326659679412842,0.03157255766222988,0.0737791657447815,-0.2025507688522339,0.03452960369418179,0.1045222282409668,-0.279012531042099,0.022581949506502497,0.11574652791023254,-0.3435874581336975,0.013109409858088839,-0.08355376124382019,-0.25655943155288696,0.05950622600744282,-0.03701367974281311,-0.374491423368454,0.0371872704965881,0.032857745885849,-0.3801494836807251,0.009863498297136175,0.0834718644618988,-0.3497774004936218,-0.005571231103886021,-0.09736707806587219,-0.2570514678955078,0.026444101382594454,-0.031700581312179565,-0.4020940959453583,0.00025959132130992657,0.05075898766517639,-0.3909684121608734,-0.027493806879419935,0.09565013647079468,-0.3424726724624634,-0.0414187464373299,-0.09317976236343384,-0.2542681097984314,-0.008180884036619318,-0.03956541419029236,-0.39666610956192017,-0.024857499028939856,0.039654046297073364,-0.38732999563217163,-0.03109862501491989,0.08200103044509888,-0.3412408232688904,-0.03158198329379047,-0.0648919939994812,-0.24268001317977905,-0.04206734555532421,-0.013168036937713623,-0.3516358733177185,-0.049460042591590536,0.04719462990760803,-0.3546227812767029,-0.04472786593009914,0.08330327272415161,-0.32834216952323914,-0.03897735881378139,-1.2815764065263093,-0.5090451591609282,-0.41664748156647835,-0.46082285323747324,-0.524112704252948,0.03286288616543585,0.020127287347774924,0.03382699061929795,0.03584666835126159,0.014201033790955105,0.008662361307332974,0.021435893961477086,0.013704581268188819,0.018764758396888404,0.012964223979998007,O
0.0,0.0,0.0,0.05281996726989746,-0.09998708963394165,0.02045246524801314,0.07256633043289185,-0.19987034797668457,0.019903353732729556,0.10377293825149536,-0.2770039737224579,0.007570800223106744,0.11482670903205872,-0.3388051390647888,-0.001144959739690421,-0.08849072456359863,-0.25285688042640686,0.048999836054349544,-0.03993415832519531,-0.36862245202064514,0.022801249605322482,0.031076550483703613,-0.3750625252723694,-0.008420543427860139,0.0845804214477539,-0.34552258253097534,-0.026463363933658002,-0.10076206922531128,-0.25295916199684143,0.022251737621331813,-0.032967329025268555,-0.39909306168556213,-0.008016782495474217,0.047306597232818604,-0.38832056522369385,-0.03907135004112661,0.09203106164932251,-0.34127503633499146,-0.054892251882051823,-0.09631693363189697,-0.25029247999191284,-0.006562675963436959,-0.04400119185447693,-0.39154118299484253,-0.026100699472522138,0.03319844603538513,-0.38603460788726807,-0.034778254720663426,0.07693085074424744,-0.341322660446167,-0.03645235920259893,-0.066986083984375,-0.23858076333999634,-0.03548601144859731,-0.01597738265991211,-0.3449227213859558,-0.044268714878057835,0.043487221002578735,-0.3490856885910034,-0.041168926897739766,0.08122748136520386,-0.3248668909072876,-0.036472028735374806,-1.2755144064445578,-0.4915802573965467,-0.42955803626444333,-0.4837867324739192,-0.5272092357084383,0.030983252885290843,0.022929063045039638,0.03797938900608554,0.03637558056594054,0.008576344681753842,0.00872669911629852,0.02092605561614646,0.015100286005030283,0.019645472336700796,0.017007450890996315,O
0.0,0.0,0.0,0.05470135807991028,-0.09622347354888916,0.023571403683831704,0.07350590825080872,-0.19526439905166626,0.024110842482855332,0.104114830493927,-0.27022531628608704,0.011843787492921365,0.11463096737861633,-0.33367684483528137,0.002223602017124904,-0.080392986536026,-0.25013455748558044,0.04759777708511592,-0.03574010729789734,-0.36443647742271423,0.022930271910240663,0.03433334827423096,-0.37223726511001587,-0.0046010627544319505,0.08647206425666809,-0.3432280123233795,-0.01970229299206494,-0.0958273708820343,-0.24956953525543213,0.01907178944509269,-0.0308988094329834,-0.39127814769744873,-0.008138335323224055,0.05145898461341858,-0.38137704133987427,-0.03390432523030995,0.09658518433570862,-0.3374903202056885,-0.04645301775474309,-0.09347221255302429,-0.24630701541900635,-0.01152824518669604,-0.03940114378929138,-0.3849959373474121,-0.0314206630124545,0.03979402780532837,-0.37837234139442444,-0.03720482067603825,0.08310824632644653,-0.3327978849411011,-0.03657752649326085,-0.06651726365089417,-0.23357266187667847,-0.04184689746637105,-0.014340132474899292,-0.3402802646160126,-0.0525196790828204,0.04608350992202759,-0.3442993760108948,-0.04873799906511067,0.08320179581642151,-0.3184467852115631,-0.04300035910148381,-1.2819841344683631,-0.5088856849500386,-0.4286093281219799,-0.4554624052314911,-0.5157174631954019,0.029734636796452878,0.018444318367247872,0.0315349728559973,0.0349248842693557,0.011627394745621505,0.01095914359237229,0.024996077148998746,0.014270487266307221,0.02327598146868706,0.014351404633492123,O
0.0,0.0,0.0,0.05405697226524353,-0.09386497735977173,0.021167950274048053,0.07053545117378235,-0.19189149141311646,0.020411904470620357,0.09878429770469666,-0.26645320653915405,0.007155814708767139,0.11467882990837097,-0.33033639192581177,-0.0032778214313111675,-0.08252882957458496,-0.24872979521751404,0.04480313839167138,-0.036299169063568115,-0.36439213156700134,0.0187351494446375,0.03487446904182434,-0.3696478605270386,-0.009840671403708257,0.08611050248146057,-0.3404461741447449,-0.025620416237416066,-0.0994618833065033,-0.24755671620368958,0.017160849215088092,-0.0379081666469574,-0.3895760178565979,-0.012006961239876546,0.046489596366882324,-0.38161182403564453,-0.03876917852312545,0.09356561303138733,-0.33753496408462524,-0.05182962907701949,-0.09786543250083923,-0.24375638365745544,-0.01270741546750287,-0.047346651554107666,-0.3871968984603882,-0.034527019096913136,0.033593833446502686,-0.38081902265548706,-0.041208044125141896,0.07796189188957214,-0.3363315463066101,-0.04077994866520385,-0.0724039077758789,-0.23169201612472534,-0.0423962813451908,-0.021164149045944214,-0.3404931426048279,-0.055576544685663976,0.03981676697731018,-0.34580403566360474,-0.05303858263641814,0.07742458581924438,-0.3211183249950409,-0.047715485526623524,-1.2621354518423378,-0.49811785848434514,-0.4361963388302418,-0.48463141571416896,-0.5381058746222392,0.030304406090293487,0.022306666447952088,0.03720316402573739,0.0383777469452337,0.008003362876052227,0.009128527637280278,0.021189877324247954,0.0156500583966953,0.023022571499743637,0.015222706739867085,O
0.0,0.0,0.0,0.05218172073364258,-0.11065107583999634,0.02867876429951366,0.06468817591667175,-0.2061365246772766,0.02893426333463367,0.09136712551116943,-0.28347745537757874,0.014360271104635558,0.10351699590682983,-0.3510688841342926,0.0018126116497683142,-0.08934447169303894,-0.25726181268692017,0.053667732224823794,-0.04948195815086365,-0.37422940135002136,0.031219900296093783,0.01924574375152588,-0.38125085830688477,0.005690936175199113,0.06803297996520996,-0.3538932800292969,-0.008302017404673734,-0.106321781873703,-0.25427186489105225,0.022166172684194407,-0.04756474494934082,-0.40247541666030884,-0.002456827611638346,0.03199291229248047,-0.3920973241329193,-0.026330535589693227,0.07496708631515503,-0.347000390291214,-0.037599592759249845,-0.10387223958969116,-0.24942100048065186,-0.01110253698283259,-0.057046592235565186,-0.3959323763847351,-0.027979717879532018,0.01987472176551819,-0.38893625140190125,-0.032556443764804044,0.06071615219116211,-0.3441930115222931,-0.031570057674287,-0.07957077026367188,-0.23598897457122803,-0.04375738958918873,-0.03162625432014465,-0.34689149260520935,-0.054072930767176786,0.02836516499519348,-0.355892151594162,-0.05049448396169964,0.06603610515594482,-0.33345454931259155,-0.04473795677625958,-1.3090335606725747,-0.5506579700596259,-0.4728020321323789,-0.5224444877234885,-0.5898751301436762,0.03559624417711579,0.0288383421826563,0.04334962337725044,0.041413548057257395,0.009777206135380233,0.012150357105165571,0.020536046900849037,0.014524823543113137,0.016225049531027463,0.011984008935939944,O
0.0,0.0,0.0,0.05114218592643738,-0.10784214735031128,0.026241760914217593,0.06434506177902222,-0.2035670280456543,0.025323342745195987,0.09115490317344666,-0.28058719635009766,0.00982275626529372,0.10291799902915955,-0.34610241651535034,-0.00377508813608074,-0.09195005893707275,-0.25402477383613586,0.05270936920214808,-0.05339866876602173,-0.3710422217845917,0.02879415287543452,0.01610928773880005,-0.3784205913543701,0.0014137351922727248,0.0664181113243103,-0.35183966159820557,-0.01378156316559398,-0.10864642262458801,-0.25067654252052307,0.021418063183318736,-0.05071559548377991,-0.39761602878570557,-0.006088754880238412,0.0301969051361084,-0.3878825306892395,-0.032508263151157735,0.07452535629272461,-0.3429233133792877,-0.04487073213886106,-0.10635669529438019,-0.24646010994911194,-0.011949753175485966,-0.060786038637161255,-0.39398324489593506,-0.03125862942169988,0.01847037672996521,-0.38746848702430725,-0.03773996026347959,0.061419546604156494,-0.3421578109264374,-0.0373461039466747,-0.08127915859222412,-0.23296165466308594,-0.04486357958148801,-0.034476280212402344,-0.34509846568107605,-0.056519007096994756,0.026047736406326294,-0.3529874086380005,-0.053801661144007085,0.06401720643043518,-0.3297590911388397,-0.0484474876625427,-1.306506641359296,-0.5532909118473383,-0.46652983101348927,-0.518361988062529,-0.5876842148014403,0.03694804167486217,0.028570069273779416,0.04168550667704934,0.04219450140920573,0.012051086529391387,0.010896048902789692,0.022210716695335454,0.013128146921720742,0.016843929491785432,0.012667915730080774,O
0.0,0.0,0.0,0.04985666275024414,-0.09832096099853516,0.021496820561196728,0.0658847987651825,-0.19808483123779297,0.02076391253581278,0.09208086133003235,-0.2763652801513672,0.007265473082270546,0.10032346844673157,-0.3445645272731781,-0.0033692668009734916,-0.09039798378944397,-0.2442895472049713,0.050208390988018436,-0.051629483699798584,-0.3595905601978302,0.024893381930496616,0.017408400774002075,-0.36744558811187744,-0.004477136005107241,0.06812587380409241,-0.338952898979187,-0.02107128005513914,-0.10603266954421997,-0.243902325630188,0.022159886844065113,-0.04973611235618591,-0.38781118392944336,-0.006424477957580166,0.031634360551834106,-0.3799762725830078,-0.035059245936963634,0.07625725865364075,-0.33645617961883545,-0.04956281434783705,-0.10482755303382874,-0.24066895246505737,-0.00834542762527235,-0.058095186948776245,-0.38237902522087097,-0.029782336838934498,0.02035278081893921,-0.37719208002090454,-0.038006367795560436,0.063873291015625,-0.33236026763916016,-0.03893692296037443,-0.07933703064918518,-0.22896188497543335,-0.0386189917851425,-0.030758947134017944,-0.336858868598938,-0.051423790567014294,0.029509305953979492,-0.34327977895736694,-0.04969636227974661,0.06652221083641052,-0.3194447159767151,-0.04537602018604048,-1.3398812362497465,-0.5383251374204223,-0.469811547535558,-0.4978501263169796,-0.5552438043207093,0.0326829538579613,0.025395427846144757,0.03843903469097098,0.042113298797519974,0.008506058260782053,0.007845205437607961,0.01957398628210025,0.013043739854990551,0.019600026817607724,0.013184394220525947,O
0.0,0.0,0.0,0.04860001802444458,-0.09215950965881348,0.026317821063798874,0.060517847537994385,-0.18524783849716187,0.025092932575148552,0.0856669545173645,-0.25801247358322144,0.009300899871391266,0.09533357620239258,-0.32924774289131165,-0.005009962531971723,-0.08750161528587341,-0.233753502368927,0.049176116653484314,-0.04642164707183838,-0.3431227207183838,0.02579385153273961,0.01813507080078125,-0.350862979888916,0.002894312555667966,0.06336697936058044,-0.3219754695892334,-0.00783023592759946,-0.10704442858695984,-0.23055806756019592,0.017534648247760742,-0.05954447388648987,-0.36755692958831787,-0.006350378792035372,0.021602600812911987,-0.3688454329967499,-0.024259378022748024,0.07041403651237488,-0.33154356479644775,-0.030716142437654526,-0.10685902833938599,-0.22300827503204346,-0.01686471030791381,-0.062238991260528564,-0.36626696586608887,-0.03735203557391742,0.018188655376434326,-0.3615005612373352,-0.03816706576128581,0.06189030408859253,-0.3209117650985718,-0.03320687525649646,-0.08599507808685303,-0.20969527959823608,-0.05068504326720813,-0.03949779272079468,-0.3236553966999054,-0.06604570784350017,0.021821558475494385,-0.33464378118515015,-0.0622476439990578,0.06016886234283447,-0.3144405782222748,-0.054998203001218826,-1.3335726992996044,-0.5291384796108562,-0.5173629387078785,-0.5257118334059794,-0.6217993123955542,0.032783368841945965,0.025025072558985124,0.03446651963048675,0.03815506816086916,0.011883158687612288,0.001819900300113795,0.008185507948262215,0.013626781690773292,0.019936793712143356,0.006696239338016304,O
0.0,0.0,0.0,0.04863101243972778,-0.09551787376403809,0.022066865312297068,0.06382247805595398,-0.19590622186660767,0.01979884524865838,0.092276930809021,-0.2748671770095825,0.004285155991453848,0.1007758378982544,-0.341996431350708,-0.008940401291113176,-0.08866053819656372,-0.2450437843799591,0.042155891852814875,-0.0479184091091156,-0.36237651109695435,0.01551723313554021,0.02073436975479126,-0.36887264251708984,-0.011705372286598958,0.07008972764015198,-0.33864837884902954,-0.025832857740681447,-0.1060934066772461,-0.24225008487701416,0.012516664537031374,-0.049809157848358154,-0.38949722051620483,-0.01527806817517785,0.03242841362953186,-0.3814398944377899,-0.03856148551182059,0.07728159427642822,-0.33788633346557617,-0.048918057037155904,-0.10435356199741364,-0.23684623837471008,-0.01940715852157382,-0.058285295963287354,-0.3835807144641876,-0.04053968171552924,0.021666884422302246,-0.3777196705341339,-0.04401395822839049,0.06431332230567932,-0.3322244882583618,-0.041283551407616415,-0.07823511958122253,-0.2232632040977478,-0.051159452451031484,-0.03339609503746033,-0.33922329545021057,-0.06410160268620757,0.02708306908607483,-0.3443904519081116,-0.0593046991057804,0.06367966532707214,-0.3169997036457062,-0.05223145316318778,-1.3230441467056473,-0.5327627614833615,-0.48072581665045067,-0.5146525632900958,-0.5837299664265483,0.030868216960595794,0.023851045846819484,0.03774925052420025,0.04473211838700399,0.007232126857323922,0.008639052546951749,0.022577733210323712,0.014150355792621179,0.0249251635175301,0.015237965338859828,O
0.0,0.0,0.0,0.047935813665390015,-0.09605884552001953,0.02925956246286887,0.061164021492004395,-0.19380009174346924,0.029617197782101812,0.08860880136489868,-0.26890191435813904,0.014966336980762662,0.10562267899513245,-0.3348607122898102,0.0020642382729079145,-0.08285856246948242,-0.24912437796592712,0.05226058323711413,-0.04469507932662964,-0.3612121343612671,0.02908075039118785,0.02161744236946106,-0.3669546842575073,0.0042395433115984815,0.0674801766872406,-0.337423712015152,-0.008776544622776328,-0.10278651118278503,-0.2466180920600891,0.01896855045885104,-0.05159524083137512,-0.38747233152389526,-0.00532697516649705,0.029501885175704956,-0.3811556100845337,-0.02618043686419469,0.07452455163002014,-0.33833932876586914,-0.03517498637705785,-0.10395669937133789,-0.23977506160736084,-0.016551397770342646,-0.0592828094959259,-0.38300275802612305,-0.03633301149278623,0.020180225372314453,-0.37685519456863403,-0.03854281644493085,0.06276628375053406,-0.33349788188934326,-0.03508928607374173,-0.08148238062858582,-0.22443753480911255,-0.05130856300860387,-0.03292971849441528,-0.3351782560348511,-0.06519917960434896,0.028894871473312378,-0.3410836458206177,-0.060670422419605075,0.06647896766662598,-0.31687265634536743,-0.05347942377596837,-1.2654771039888835,-0.5310555943794756,-0.47738372671773294,-0.5121212450009519,-0.5584013836141434,0.03822851618752207,0.03129208043905447,0.0428780587254329,0.043079000606210074,0.007103630928521985,0.0061345683463010755,0.020575429731734488,0.012715992740795991,0.022924865236706497,0.017034733524445695,O
0.0,0.0,0.0,0.05256706476211548,-0.10742497444152832,0.027561446009826795,0.06539350748062134,-0.20167207717895508,0.02613185281927599,0.0934116542339325,-0.27690109610557556,0.009581965683651106,0.1074180006980896,-0.34220075607299805,-0.005285401073592766,-0.08673280477523804,-0.25495779514312744,0.04996489855523123,-0.04448637366294861,-0.36726588010787964,0.02573115314419283,0.024134129285812378,-0.3730618953704834,0.0005826778343589467,0.07230648398399353,-0.3459066152572632,-0.01279862941180454,-0.10555702447891235,-0.25076237320899963,0.01741577248151316,-0.04736965894699097,-0.39434632658958435,-0.009637012788402899,0.03352406620979309,-0.38435786962509155,-0.031621365518617495,0.07843932509422302,-0.33954691886901855,-0.04076558229451166,-0.10329218208789825,-0.24412742257118225,-0.01731997047488676,-0.055734604597091675,-0.3927317261695862,-0.03781288367633806,0.023636817932128906,-0.3836568593978882,-0.04075056192402826,0.06506526470184326,-0.3382336497306824,-0.03750803199534403,-0.080010324716568,-0.22842225432395935,-0.05150711414341913,-0.029188334941864014,-0.34034401178359985,-0.06553662818794237,0.03200337290763855,-0.3466688394546509,-0.06190825131659494,0.0692136287689209,-0.3231486976146698,-0.05525300529723154,-1.280215292379567,-0.5194741864744036,-0.4495776565248572,-0.5097014522008676,-0.5656110822251706,0.035306543278234556,0.029099939719170513,0.04253812618227302,0.0426913921768992,0.008835014331282812,0.010550339172949957,0.02296711929712704,0.013438384099612845,0.018815289872687806,0.015644957806763594,O
0.0,0.0,0.0,0.05397471785545349,-0.10116374492645264,0.02058817233364607,0.06606647372245789,-0.19912081956863403,0.018554970356035483,0.09303081035614014,-0.27561575174331665,0.004185732653695595,0.10842466354370117,-0.3389793634414673,-0.007388629750948894,-0.0860830545425415,-0.25028908252716064,0.04265273894588972,-0.03909534215927124,-0.35944628715515137,0.017060577603388083,0.029908329248428345,-0.3645094037055969,-0.009589147088718164,0.07875603437423706,-0.33569347858428955,-0.024155915049504983,-0.10192328691482544,-0.24827009439468384,0.01504265956054951,-0.04251265525817871,-0.3891116976737976,-0.01234754667211746,0.03728771209716797,-0.38193175196647644,-0.03543015409786676,0.08337676525115967,-0.34149324893951416,-0.04607347611863588,-0.09657943248748779,-0.2434692084789276,-0.014922309932899225,-0.04861995577812195,-0.3861190676689148,-0.03632296462137674,0.02833092212677002,-0.38083362579345703,-0.041327061397623766,0.07096594572067261,-0.3398529589176178,-0.03999238674123262,-0.06716287136077881,-0.22988489270210266,-0.04471213583428835,-0.015588641166687012,-0.33474621176719666,-0.05829871658761476,0.04385197162628174,-0.33694589138031006,-0.05506942261536096,0.08054107427597046,-0.31099534034729004,-0.04927958760936235,-1.2767136147704663,-0.4780285828866003,-0.46611892661626253,-0.5220368127627097,-0.5021842782406564,0.029850035110361373,0.02517373292086007,0.0374689032399032,0.03950443138417452,0.007415422443144299,0.008831011146733883,0.024762560445655002,0.012518745654986839,0.030629455950219348,0.030404691026238138,O
0.0,0.0,0.0,0.04971897602081299,-0.08059930801391602,0.02327400302579008,0.06255340576171875,-0.17350655794143677,0.0235008992819985,0.08858546614646912,-0.24607795476913452,0.010601573121448382,0.10258609056472778,-0.3082028031349182,-0.0004258784831563389,-0.08486795425415039,-0.22912201285362244,0.04250489590754114,-0.041504085063934326,-0.3339255452156067,0.019531300720473155,0.02387210726737976,-0.3419729471206665,-0.003608314589882866,0.06824952363967896,-0.31540197134017944,-0.015410845670203344,-0.10237646102905273,-0.22843891382217407,0.014022640381654128,-0.051593929529190063,-0.3568168580532074,-0.009074343870679513,0.029378890991210938,-0.35626697540283203,-0.027211945074895993,0.07706254720687866,-0.3197430968284607,-0.03490427466044821,-0.09796074032783508,-0.22217106819152832,-0.016918319779733793,-0.05247959494590759,-0.36134660243988037,-0.0362223643244306,0.026332437992095947,-0.3594130277633667,-0.03941721053729452,0.06953316926956177,-0.3225128650665283,-0.03716255308995642,-0.07171165943145752,-0.2090127170085907,-0.047475155013898984,-0.02215397357940674,-0.31699761748313904,-0.0611484456242124,0.0365619957447052,-0.3205481767654419,-0.058148841875890867,0.07224377989768982,-0.2944401204586029,-0.0525892298103372,-1.281903761460231,-0.5131401529810423,-0.4706876594957186,-0.5397407582996561,-0.5355742380927081,0.03508315622982062,0.02801124138757903,0.03601768286038062,0.033317671753350285,0.009824192328177547,0.007225825606153601,0.021339008304888725,0.008022664658052377,0.025757739255487636,0.028203304767334025,O
0.0,0.0,0.0,0.06020265817642212,-0.09814471006393433,0.02647033983868141,0.07525324821472168,-0.19068753719329834,0.02805926369529743,0.1044011116027832,-0.25948959589004517,0.01494783720028181,0.11894196271896362,-0.32473209500312805,0.003324333792818379,-0.07042831182479858,-0.24489223957061768,0.05197249816757221,-0.02516576647758484,-0.3531534969806671,0.02831360789042492,0.03585439920425415,-0.36202123761177063,0.003916801400748682,0.07793405652046204,-0.3324088752269745,-0.007996580581846047,-0.08733046054840088,-0.24478858709335327,0.02111407460671444,-0.02981826663017273,-0.3800117075443268,-0.003986769374193955,0.04566732048988342,-0.37253493070602417,-0.025349293853821564,0.08924686908721924,-0.3266853988170624,-0.03382171226638775,-0.08216473460197449,-0.2389538288116455,-0.012272652256967831,-0.03173607587814331,-0.382114976644516,-0.030647804047646332,0.04293262958526611,-0.3718291223049164,-0.033169998805703926,0.0812324583530426,-0.3281891942024231,-0.029669689964237023,-0.05676192045211792,-0.2234368622303009,-0.04534505216378193,-0.0005345344543457031,-0.3312585949897766,-0.056010036747636605,0.057801783084869385,-0.33200278878211975,-0.05041149912375431,0.09107595682144165,-0.3052412271499634,-0.04259520677823048,-1.2557263924568833,-0.5329483006325025,-0.434271708393307,-0.4998636417417621,-0.5054026188524693,0.04172027475209559,0.029759267154746877,0.03786764125737412,0.03400600262233504,0.012678245556282624,0.0053558531158098355,0.030179308235233182,0.008154273724686821,0.02152203662359802,0.024970055144876054,O
0.0,0.0,0.0,0.06028538942337036,-0.10397380590438843,0.032133691541901044,0.07528513669967651,-0.19278556108474731,0.033763014309158734,0.1046990156173706,-0.25884073972702026,0.019332079745879582,0.12033146619796753,-0.32383373379707336,0.0061762603633610524,-0.07459384202957153,-0.24955126643180847,0.05387313716863673,-0.025561392307281494,-0.3609805107116699,0.03094882198428195,0.036497294902801514,-0.36691927909851074,0.0077196541876105584,0.07890886068344116,-0.3344690203666687,-0.003649088490703889,-0.09007108211517334,-0.2481081783771515,0.01931983099137824,-0.02316194772720337,-0.385621577501297,-0.0046059563122184954,0.052696406841278076,-0.3703099191188812,-0.024193288229355403,0.09308606386184692,-0.3231467604637146,-0.03220469079161603,-0.08201521635055542,-0.24153277277946472,-0.017216477014073917,-0.0248260498046875,-0.38777846097946167,-0.034374795325049945,0.05059945583343506,-0.3701857924461365,-0.03437415084982831,0.08616328239440918,-0.3230511546134949,-0.03003518044198472,-0.05430731177330017,-0.22587943077087402,-0.053021352209100314,0.00313451886177063,-0.3366204500198364,-0.06250718555594403,0.06155383586883545,-0.3329917788505554,-0.055087677605399676,0.09208112955093384,-0.3025066554546356,-0.046661272115954944,-1.2397103493387243,-0.5052969978078081,-0.3888361662236351,-0.4513437598901186,-0.4822321818674085,0.042766126408987346,0.02725406173064544,0.034177144623451464,0.03539669181286878,0.018143501846993062,0.013527538309613611,0.03457023919337962,0.006923441609813411,0.020664554864672443,0.021379835374865624,O
0.0,0.0,0.0,0.06244555115699768,-0.10757356882095337,0.028570080783993035,0.07657670974731445,-0.19810551404953003,0.02793486849668625,0.10500672459602356,-0.2651752531528473,0.011393338118523388,0.11828890442848206,-0.3322314918041229,-0.0036170280977785296,-0.06863522529602051,-0.2562052309513092,0.05046754204931858,-0.021524488925933838,-0.3657395839691162,0.024467619743973046,0.04100880026817322,-0.36900609731674194,-0.0011290396537333436,0.0816202461719513,-0.3326185643672943,-0.013754463146597118,-0.08580243587493896,-0.2520047724246979,0.01634903499189022,-0.025118201971054077,-0.38976019620895386,-0.010108895923167438,0.04890677332878113,-0.3735044598579407,-0.031214797261327476,0.0874452292919159,-0.3262355625629425,-0.03996501988467571,-0.08011353015899658,-0.24298644065856934,-0.020309874179929466,-0.024968475103378296,-0.38890063762664795,-0.04044725871381161,0.04995089769363403,-0.3713338375091553,-0.04202597713765499,0.08460479974746704,-0.32468265295028687,-0.03829441345033047,-0.05251416563987732,-0.224473774433136,-0.05654510981139538,0.007621884346008301,-0.33341681957244873,-0.06857158741649982,0.06542655825614929,-0.325930655002594,-0.06211357316669819,0.09456658363342285,-0.2919735908508301,-0.05402137464579937,-1.2692852815587332,-0.47046902020866116,-0.4048029871897928,-0.46042261577778987,-0.4302555227323174,0.036670701159146134,0.03142106719058524,0.03451961581771678,0.04672736984968055,0.008641362183257392,0.008478575945506,0.04265702199896731,0.0032372161284128383,0.034994233714412036,0.034192395084530265,O
0.0,0.0,0.0,0.06020534038543701,-0.10116994380950928,0.026266072445821464,0.074608713388443,-0.19441014528274536,0.02597347510726422,0.10367196798324585,-0.2609732449054718,0.010874467470955551,0.11942905187606812,-0.32552483677864075,-0.0025909330814215537,-0.06902292370796204,-0.2507628798484802,0.045375599094938934,-0.022850126028060913,-0.3605215549468994,0.018708711990427673,0.03897365927696228,-0.3649478554725647,-0.006742475053954422,0.08086663484573364,-0.3313020169734955,-0.019393620512175858,-0.08586180210113525,-0.24725914001464844,0.012721970246445835,-0.024558186531066895,-0.3836476504802704,-0.01624441469340354,0.05106738209724426,-0.3677966594696045,-0.03810544075696498,0.09156900644302368,-0.3190518617630005,-0.046704148373294174,-0.08013895153999329,-0.23856770992279053,-0.02226399021475345,-0.026006340980529785,-0.3841683566570282,-0.044302725664067566,0.04922148585319519,-0.36622121930122375,-0.04628063502042323,0.08474534749984741,-0.3197932839393616,-0.04213459553449184,-0.05342400074005127,-0.21993207931518555,-0.05683214353649646,0.005174070596694946,-0.3287094831466675,-0.0701701617452386,0.06227573752403259,-0.3218309283256531,-0.06417213144032985,0.09129378199577332,-0.28944700956344604,-0.055982602259803116,-1.24140877858726,-0.49305847558311794,-0.3844860150840795,-0.45772751877431633,-0.4478029554647723,0.03899276622945918,0.028602124695280996,0.0351540900494739,0.04575153579724365,0.016266747077633505,0.012144766276225632,0.04313429080191158,0.006863820234853874,0.029606131497610894,0.031044779961303955,O
0.0,0.0,0.0,0.058323562145233154,-0.09286850690841675,0.021470040513122512,0.07387766242027283,-0.183599591255188,0.018940128816211654,0.10351133346557617,-0.24861770868301392,0.003834215888673498,0.11560380458831787,-0.30940210819244385,-0.009051586071109341,-0.06770256161689758,-0.24566054344177246,0.029252140281641914,-0.017643213272094727,-0.3503129482269287,0.0011510909180287854,0.04544597864151001,-0.3510538339614868,-0.022232325317418145,0.08701401948928833,-0.3143865466117859,-0.03285988190964417,-0.0854850709438324,-0.23976004123687744,0.00017791523077903548,-0.021136194467544556,-0.37211742997169495,-0.02796232657328801,0.053942978382110596,-0.3539087474346161,-0.04436098927453713,0.09304669499397278,-0.30681049823760986,-0.04942583063439088,-0.07921934127807617,-0.22763627767562866,-0.030876619311129616,-0.02035406231880188,-0.36755114793777466,-0.052944587113415764,0.05324208736419678,-0.34885373711586,-0.05158375719383912,0.08770018815994263,-0.3027208149433136,-0.04516508946016984,-0.05109000205993652,-0.20641028881072998,-0.06165979573324876,0.009377151727676392,-0.30872809886932373,-0.0760029419679995,0.06455665826797485,-0.3008411228656769,-0.06948833310798364,0.09271109104156494,-0.2686499059200287,-0.06055754193857865,-1.2505347721669342,-0.418025034143969,-0.3592667764435707,-0.4227081868414915,-0.4084733896216883,0.02902103441238621,0.022705497911503506,0.028692359423072307,0.04674204021633549,0.0096845073551872,0.011685894180822654,0.046090095747770586,0.0067313182047781,0.03816206802626801,0.034437421351808675,O
0.0,0.0,0.0,0.057134777307510376,-0.08861488103866577,0.02261873249301516,0.07104620337486267,-0.18004125356674194,0.02219214205035769,0.09915468096733093,-0.24576538801193237,0.009266194965334762,0.11506327986717224,-0.3034765124320984,-0.0013531875250691883,-0.07001915574073792,-0.24210691452026367,0.030048682432266105,-0.02223983407020569,-0.3456955552101135,0.002324922321008671,0.041661232709884644,-0.34462952613830566,-0.021487225700525414,0.0847536027431488,-0.31026920676231384,-0.03296806748619474,-0.08625361323356628,-0.23784762620925903,0.0009615472714585849,-0.025026023387908936,-0.36509859561920166,-0.027728487659601342,0.05372193455696106,-0.34816688299179077,-0.045217011977342736,0.09590432047843933,-0.3032127916812897,-0.05128248493781484,-0.07863539457321167,-0.22613269090652466,-0.029994730759767663,-0.024444758892059326,-0.36214619874954224,-0.053091951568035256,0.05198010802268982,-0.34388935565948486,-0.053354282785562646,0.089895099401474,-0.2985411286354065,-0.047931306917575967,-0.04975736141204834,-0.2050822377204895,-0.06049729223957456,0.007012099027633667,-0.30620813369750977,-0.07551490228286184,0.06279614567756653,-0.298341304063797,-0.07012261908164419,0.09332850575447083,-0.26618197560310364,-0.062112902213243615,-1.2282534629893207,-0.4148439448499184,-0.3445264045694125,-0.40579918599115766,-0.4035756962797062,0.03106150710487646,0.019160774344830746,0.025647520760779266,0.04316576054026387,0.013195889504229263,0.012805577083380964,0.044913393469423066,0.007611515852056993,0.03712029311453042,0.03254079077331702,O
0.0,0.0,0.0,0.0541020929813385,-0.08804577589035034,0.022205737159481487,0.06969913840293884,-0.1762041449546814,0.02096373282455488,0.0986960232257843,-0.23944306373596191,0.007089367807736835,0.1167735755443573,-0.2950305640697479,-0.004412929787406483,-0.07072341442108154,-0.23950397968292236,0.033663228825560054,-0.025064796209335327,-0.34206244349479675,0.006155815646877727,0.03924688696861267,-0.3446209728717804,-0.018666251822480717,0.08236324787139893,-0.31454944610595703,-0.031032878234157124,-0.0872347354888916,-0.23502999544143677,0.0042253269077150435,-0.031439006328582764,-0.3635856509208679,-0.024228648542532483,0.046711236238479614,-0.3521285653114319,-0.04333585433579401,0.0905010998249054,-0.31048277020454407,-0.050277649684915104,-0.08068862557411194,-0.22378450632095337,-0.02722083337522463,-0.029358625411987305,-0.35638517141342163,-0.05046747930265383,0.04627335071563721,-0.3437359035015106,-0.05268618024803118,0.08556264638900757,-0.30361610651016235,-0.048403117134341755,-0.052601754665374756,-0.20251983404159546,-0.05829113282180742,0.00421866774559021,-0.2983551621437073,-0.07361711122013048,0.06085506081581116,-0.294547438621521,-0.06944822080350832,0.09307798743247986,-0.2670693099498749,-0.06216919355011896,-1.193603486270181,-0.4557894764678006,-0.40146571932468134,-0.44767146159219146,-0.4170941015477084,0.039560806444052826,0.03047972530816873,0.03237025853675588,0.036651229555416893,0.009097389037758141,0.011391842063136589,0.04867410988669328,0.008458096276956829,0.043489871016431085,0.037311508811876525,O
0.0,0.0,0.0,0.05321577191352844,-0.08158355951309204,0.020817480748462458,0.07193240523338318,-0.16927307844161987,0.018859319155978937,0.10268735885620117,-0.2298678755760193,0.00519353034900405,0.11981910467147827,-0.28096461296081543,-0.006404297193569164,-0.0641447901725769,-0.23499339818954468,0.0257297416682718,-0.01740163564682007,-0.33530405163764954,-0.0023315481376471325,0.04413872957229614,-0.33400049805641174,-0.026223346823883276,0.08480608463287354,-0.3030077815055847,-0.038014084333610754,-0.08206832408905029,-0.2305818796157837,-0.0028605801053913638,-0.020329028367996216,-0.35394486784935,-0.032710004830789785,0.055463820695877075,-0.3354819118976593,-0.05069800489587806,0.09509852528572083,-0.2889985144138336,-0.05701449909253142,-0.07717326283454895,-0.21822571754455566,-0.033190533751678686,-0.02104368805885315,-0.3460019826889038,-0.05664054700179122,0.05308738350868225,-0.32835322618484497,-0.05787188955588363,0.08973914384841919,-0.28535783290863037,-0.053334750467968206,-0.051925063133239746,-0.19635629653930664,-0.06307991989893935,0.007049977779388428,-0.29007622599601746,-0.07852948107762359,0.06274181604385376,-0.285371869802475,-0.0744064415339949,0.09331852197647095,-0.2589039206504822,-0.06759090372366927,-1.1657615989775447,-0.4283478796980193,-0.318501050417225,-0.3824012073057126,-0.406637636627788,0.041374060130918294,0.02599328024171524,0.030399085917616805,0.03448122718793689,0.017383725119789598,0.018326367853429403,0.0449178375687757,0.006479006961936554,0.03014718868422215,0.026694969967118874,O
0.0,0.0,0.0,0.053633421659469604,-0.08312064409255981,0.02008434817662419,0.07236108183860779,-0.16877645254135132,0.016981017445232283,0.10232475399971008,-0.22923332452774048,0.0016810095589789853,0.11746731400489807,-0.2812524437904358,-0.011428482229803194,-0.06313714385032654,-0.23603254556655884,0.027929774154927145,-0.019664794206619263,-0.3382425308227539,-0.001337161036190082,0.0427699089050293,-0.33582717180252075,-0.026915614823792566,0.08393830060958862,-0.3019346594810486,-0.03944496005306064,-0.08110210299491882,-0.23073536157608032,-0.0010085935750794306,-0.02341964840888977,-0.3559512794017792,-0.030431175003741373,0.05207565426826477,-0.33715587854385376,-0.04884049981365024,0.09104353189468384,-0.2916944622993469,-0.05549308970103084,-0.07656574249267578,-0.21751606464385986,-0.03206686988005458,-0.02188241481781006,-0.34654349088668823,-0.0557768078101617,0.0513480007648468,-0.3273956775665283,-0.05657064854631244,0.08654659986495972,-0.28277158737182617,-0.05146564855704128,-0.05124318599700928,-0.19418799877166748,-0.06290855571160137,0.006625920534133911,-0.28940141201019287,-0.07846972658762752,0.06218615174293518,-0.28467440605163574,-0.07376554175743877,0.0919472873210907,-0.2569744884967804,-0.06639150842556774,-1.1894024459927037,-0.4212592131369379,-0.34033473523591806,-0.380562323046861,-0.4132346416273991,0.03939478119162322,0.028412180689776707,0.030958009628279777,0.03522344212570615,0.012463785537902457,0.01933976622580602,0.045667941086495766,0.009992001533833807,0.03473173411624686,0.026356360434773587,O
0.0,0.0,0.0,0.061873286962509155,-0.0989730954170227,0.0261539284683181,0.07897257804870605,-0.18518036603927612,0.02537447107800972,0.10851454734802246,-0.24847054481506348,0.01048792419800293,0.12359887361526489,-0.3108876943588257,-0.0027727676943527513,-0.05770409107208252,-0.2428237795829773,0.04043100295433533,-0.009779870510101318,-0.344252347946167,0.015385117249877567,0.04942914843559265,-0.34382206201553345,-0.006762485151796227,0.08816742897033691,-0.3093051016330719,-0.017098748257069474,-0.07433182001113892,-0.2397911548614502,0.008931252042145843,-0.013730376958847046,-0.37013182044029236,-0.017766696532873993,0.05708664655685425,-0.3531986176967621,-0.035472606440691834,0.0950194001197815,-0.3063535988330841,-0.041412339677719956,-0.06906554102897644,-0.22981923818588257,-0.024703984280733948,-0.013281136751174927,-0.3668726682662964,-0.04529878603449333,0.057807594537734985,-0.34839653968811035,-0.0456587720119046,0.09212535619735718,-0.3021566867828369,-0.04050528364410866,-0.04310870170593262,-0.21034711599349976,-0.05779186742535103,0.012191593647003174,-0.31147199869155884,-0.06983635680904854,0.06629851460456848,-0.30317702889442444,-0.06365908788671959,0.09528553485870361,-0.2702995538711548,-0.055509575774578934,-1.22967275670984,-0.4276274664683503,-0.37449529053354175,-0.42182960348647264,-0.40879590122044535,0.03546677134110468,0.02893690252109904,0.032662100237849274,0.04948779950443043,0.007460621784486643,0.008170986648223603,0.03964971863261072,0.005097995780935015,0.03605502719200309,0.03201349163281334,O
0.0,0.0,0.0,0.054435163736343384,-0.08597457408905029,0.022648878549205165,0.07173717021942139,-0.1724940538406372,0.021213287641273837,0.10068967938423157,-0.23541629314422607,0.0070199530245531605,0.11585184931755066,-0.29320788383483887,-0.005056178974939485,-0.06219831109046936,-0.23807406425476074,0.033299582232700686,-0.017771124839782715,-0.34128835797309875,0.006335190650986533,0.04322090744972229,-0.3398742079734802,-0.016993420044912,0.08224025368690491,-0.3058905005455017,-0.027828559125794072,-0.07954546809196472,-0.23470592498779297,0.004240465969758134,-0.020730257034301758,-0.3596266508102417,-0.02278647742701878,0.053546011447906494,-0.3402148485183716,-0.0395359823806416,0.09082207083702087,-0.293861985206604,-0.04513491116000523,-0.07552269101142883,-0.22417443990707397,-0.026961980233920713,-0.021426796913146973,-0.3544216454029083,-0.04908323831392636,0.051307499408721924,-0.33472004532814026,-0.048726336876882215,0.08553555607795715,-0.288801372051239,-0.042938364516032834,-0.051596373319625854,-0.20434504747390747,-0.05773599244190564,0.0030349791049957275,-0.3018702268600464,-0.07304909251166691,0.05831995606422424,-0.2962239384651184,-0.06802185795737614,0.08802315592765808,-0.2670038640499115,-0.06011058561040272,-1.2204258213151433,-0.43896562753802837,-0.33420152635071254,-0.3815958549123127,-0.4218410815264221,0.035924756470540324,0.025038323813485138,0.030634865462215225,0.03822416550662049,0.014776087670832286,0.017403945832537397,0.03931427802041234,0.00731826781458917,0.027003566370711607,0.021938995147457622,O
0.0,0.0,0.0,0.05709868669509888,-0.09935134649276733,0.02585638376518773,0.07396268844604492,-0.18372207880020142,0.02561863387569474,0.1023760735988617,-0.2474309206008911,0.011191623905745018,0.11283940076828003,-0.3074514865875244,-0.0014849066118927112,-0.06505322456359863,-0.24120765924453735,0.04654601092084931,-0.017225205898284912,-0.3430352807044983,0.02138228962763833,0.04285594820976257,-0.3444647192955017,-0.003181633850488197,0.08342358469963074,-0.311832457780838,-0.015234645767066013,-0.08025497198104858,-0.23744633793830872,0.015535537773814667,-0.018809258937835693,-0.368726909160614,-0.011385185955020916,0.052743732929229736,-0.35472244024276733,-0.032371771832856666,0.09055519104003906,-0.30972588062286377,-0.04037248467460586,-0.07540303468704224,-0.22941094636917114,-0.017786483591351043,-0.022079169750213623,-0.36418068408966064,-0.03816508998528434,0.049037814140319824,-0.3499961495399475,-0.0405775246526332,0.08296144008636475,-0.30582571029663086,-0.03649000575200034,-0.0511263906955719,-0.21381384134292603,-0.05068044116154624,0.0009881854057312012,-0.31570523977279663,-0.062039149304780494,0.05544912815093994,-0.31250008940696716,-0.056492434194240104,0.08529222011566162,-0.2835576832294464,-0.048597899576577674,-1.2663565957711647,-0.4439884539258256,-0.40030870651695344,-0.44956985300612523,-0.4726060459574662,0.029740261323351707,0.02239997480891924,0.02992216040091536,0.03646588818090811,0.00743622729057222,0.006024499396846159,0.02833645486383339,0.00853676649089439,0.026692197694676574,0.02238967541099755,O
0.0,0.0,0.0,0.05642509460449219,-0.107025146484375,0.02290158636265005,0.07382643222808838,-0.19127899408340454,0.022107639455725803,0.10272061824798584,-0.25571632385253906,0.008043683239748134,0.11226993799209595,-0.31567537784576416,-0.0035884751812318427,-0.07300201058387756,-0.24474981427192688,0.04818213834755625,-0.029409468173980713,-0.3483695387840271,0.021611993306805743,0.03231924772262573,-0.3521730601787567,-0.006493833275953875,0.07748883962631226,-0.32371747493743896,-0.021757515972922192,-0.08623155951499939,-0.24129515886306763,0.018772262254287853,-0.02230009436607361,-0.37488865852355957,-0.012035608185897217,0.0486200749874115,-0.35821032524108887,-0.03869071499116217,0.08699581027030945,-0.3133625388145447,-0.050051006382773267,-0.08005231618881226,-0.23441082239151,-0.013042660324344979,-0.02775806188583374,-0.3660074472427368,-0.036024237877199994,0.042497068643569946,-0.3533366918563843,-0.04272164673216139,0.07885286211967468,-0.31052014231681824,-0.04105812207467352,-0.05381098389625549,-0.21800345182418823,-0.044656715250084744,-0.0021404922008514404,-0.31430017948150635,-0.056736393725941525,0.05275961756706238,-0.3131788372993469,-0.05312388286597525,0.08615833520889282,-0.28807228803634644,-0.04667693645365034,-1.2710663796068782,-0.4832384267846153,-0.3942465301976857,-0.44667486869041584,-0.4641286081750737,0.0356987412826033,0.025379731213736465,0.033812385500317274,0.03799666257626533,0.014057282558696945,0.013267635270148882,0.036684322303542724,0.008624779558586624,0.02530411328030784,0.02360669605969007,O
