x0,y0,z0,x1,y1,z1,x2,y2,z2,x3,y3,z3,x4,y4,z4,x5,y5,z5,x6,y6,z6,x7,y7,z7,x8,y8,z8,x9,y9,z9,x10,y10,z10,x11,y11,z11,x12,y12,z12,x13,y13,z13,x14,y14,z14,x15,y15,z15,x16,y16,z16,x17,y17,z17,x18,y18,z18,x19,y19,z19,x20,y20,z20,angle0,angle1,angle2,angle3,angle4,dist01,dist02,dist03,dist04,dist12,dist13,dist14,dist23,dist24,dist34,label
0.0,0.0,0.0,0.058441221714019775,-0.019553303718566895,-0.04958585059375764,0.071096271276474,-0.08801394701004028,-0.07128691082925798,-0.022634059190750122,-0.12992197275161743,-0.08598172819347383,-0.09842923283576965,-0.1470460295677185,-0.10328369742364885,0.04921039938926697,-0.2773117423057556,-0.058018257525873196,0.06061092019081116,-0.39933890104293823,-0.0802423075410843,0.06571215391159058,-0.4753110408782959,-0.09497760390968324,0.07121488451957703,-0.545711487531662,-0.10750992005796434,-0.004563003778457642,-0.29427939653396606,-0.05778152650327684,-0.007851123809814453,-0.42972636222839355,-0.07601266509027482,-0.014023572206497192,-0.5161495804786682,-0.0967649087879181,-0.01998192071914673,-0.5906460881233215,-0.111664512810421,-0.04997217655181885,-0.2689732313156128,-0.061312826034736645,-0.08340060710906982,-0.3759574294090271,-0.09727774715156556,-0.1085691899061203,-0.4508475065231323,-0.12988246386976243,-0.12518294155597687,-0.5265072584152222,-0.15101581221551896,-0.08833526074886322,-0.21257233619689941,-0.06734861588211061,-0.09805634617805481,-0.21366161108016968,-0.10559912925691606,-0.09283891320228577,-0.16042733192443848,-0.11903187787265779,-0.08566080033779144,-0.11590296030044556,-0.12599790996046067,-2.806504925076336,-1.4889952698006115,-1.622775945908601,-1.854936353596809,1.5431373257311833,0.4332588994202836,0.45048306597346954,0.38040318759014524,0.03365893093729489,0.10166600029548563,0.19733450915427903,0.4575427308789155,0.12321138040552804,0.47926480430238977,0.4125019869973944,W
0.0,0.0,0.0,0.05994716286659241,-0.01970571279525757,-0.04176298493678132,0.07855796813964844,-0.08860647678375244,-0.06128861719901124,-0.012873977422714233,-0.13482093811035156,-0.07584530452425042,-0.09015892446041107,-0.14859533309936523,-0.09348202089006463,0.05273023247718811,-0.2842472791671753,-0.049200042729921734,0.06819421052932739,-0.4061424732208252,-0.06849164853031198,0.0750277042388916,-0.4817292094230652,-0.08211791107589761,0.0829748809337616,-0.5517261326313019,-0.09427172282869378,-0.0028697550296783447,-0.29971760511398315,-0.05366826394731561,-0.0042618513107299805,-0.43558669090270996,-0.06925049016410867,-0.009908974170684814,-0.5240525007247925,-0.08997436950141946,-0.01467829942703247,-0.6013938188552856,-0.10514784941608468,-0.049180179834365845,-0.27114641666412354,-0.061209939067907726,-0.07980170845985413,-0.378658652305603,-0.09634573349887887,-0.10272002220153809,-0.45538103580474854,-0.12965020129615823,-0.11861486732959747,-0.5336423516273499,-0.15110040793354074,-0.08806024491786957,-0.2112627625465393,-0.0704418231003956,-0.0957413911819458,-0.20917224884033203,-0.10655410925085107,-0.08968085050582886,-0.15409165620803833,-0.11819352546865503,-0.08355876803398132,-0.10902953147888184,-0.12413344869548837,-2.7999738593485386,-1.458201517327194,-1.6099194609641672,-1.8293908753374932,1.526793304395824,0.43873654520854055,0.4590466136007148,0.3860970696105638,0.04011252575848084,0.10955830725883767,0.20239923354667966,0.4729838653806452,0.12406881743170829,0.49715903938195355,0.4260574810190045,W
0.0,0.0,0.0,0.056694597005844116,-0.021431148052215576,-0.042847178118904594,0.07150954008102417,-0.09189081192016602,-0.06276576890297747,-0.020381391048431396,-0.13785576820373535,-0.0773317731792531,-0.09776504337787628,-0.15413594245910645,-0.09482315106936312,0.0473194420337677,-0.283996045589447,-0.04996614827462054,0.0600372850894928,-0.4054759740829468,-0.06993362231798983,0.06565511226654053,-0.4808380603790283,-0.08347634150334216,0.07233911752700806,-0.5503159463405609,-0.09524373634405947,-0.007430016994476318,-0.30062389373779297,-0.053217317151506904,-0.011556118726730347,-0.43580716848373413,-0.06974554731198168,-0.017993420362472534,-0.523282915353775,-0.09013958944626665,-0.022965192794799805,-0.5993534028530121,-0.10474379284926272,-0.052706360816955566,-0.2735803723335266,-0.05968961788960314,-0.08476178348064423,-0.38177406787872314,-0.09467782004423952,-0.10871343314647675,-0.4562079906463623,-0.12712296767779208,-0.12529946863651276,-0.5318873524665833,-0.14796744211264468,-0.09104771912097931,-0.21542644500732422,-0.06799673213311053,-0.09821407496929169,-0.21664762496948242,-0.10424534155674792,-0.09148937463760376,-0.15978360176086426,-0.1162797205025754,-0.08359880745410919,-0.11296546459197998,-0.12230996711798525,-2.789222376723975,-1.4771253085717249,-1.6227536775013762,-1.8447638296367965,1.498224017975864,0.43115428912706416,0.45145720138995404,0.37875357732562775,0.043539527880483264,0.10718014604919136,0.19849590376853485,0.46431894246641753,0.12257231321465688,0.49015269224239827,0.42099227223723634,W
0.0,0.0,0.0,0.05791613459587097,-0.021289527416229248,-0.04698413165147031,0.07170772552490234,-0.09160524606704712,-0.069697219150612,-0.019893169403076172,-0.13153833150863647,-0.08666142376000607,-0.09687890112400055,-0.14665591716766357,-0.10683819951350415,0.04816696047782898,-0.27939844131469727,-0.057563442009040955,0.0614965558052063,-0.402049720287323,-0.08184061499173367,0.06735694408416748,-0.47984302043914795,-0.09764588923985684,0.07288137078285217,-0.5493022799491882,-0.11054311247403348,-0.007590591907501221,-0.29471075534820557,-0.06053034143383229,-0.012491345405578613,-0.4330374002456665,-0.08098259122903073,-0.017205238342285156,-0.5206083059310913,-0.10297278614575589,-0.021173328161239624,-0.5943056643009186,-0.11836931409175122,-0.05356329679489136,-0.2671966552734375,-0.06716908069188321,-0.08612266182899475,-0.3765276074409485,-0.10581261219317639,-0.11022569239139557,-0.45211267471313477,-0.14050289543206418,-0.12695160508155823,-0.527504026889801,-0.16281301827962125,-0.0917159914970398,-0.20888787508010864,-0.0759072929793092,-0.09870205819606781,-0.2072426676750183,-0.11622385980422223,-0.09159383177757263,-0.15356695652008057,-0.13123097570473874,-0.0840180516242981,-0.11045277118682861,-0.13929082007939542,-2.825966396248252,-1.4794835008369316,-1.6161023087162334,-1.8455932897855354,1.4927519702990797,0.43696984264257843,0.45400620027273536,0.38203357208790456,0.03841964639040348,0.1042669218715759,0.20101836254249789,0.4660539883883215,0.12510596560131745,0.4879170845973968,0.41925533973450296,W
0.0,0.0,0.0,0.05705922842025757,-0.025347411632537842,-0.04651821830395875,0.07147195935249329,-0.09694290161132812,-0.06706795894626794,-0.021816760301589966,-0.13819646835327148,-0.08122835361484704,-0.10022477805614471,-0.15327924489974976,-0.09819263273004708,0.0470254123210907,-0.28468066453933716,-0.05440334283832726,0.05891534686088562,-0.4063577950000763,-0.07638453745369134,0.06356474757194519,-0.4828287959098816,-0.0910485615683001,0.06757491827011108,-0.5525488555431366,-0.10371451878074822,-0.008204609155654907,-0.2995363473892212,-0.05693556048993287,-0.013173848390579224,-0.43583136796951294,-0.07426372223619637,-0.020025163888931274,-0.5215029716491699,-0.09556219034914193,-0.026629924774169922,-0.5960526466369629,-0.1113512297821444,-0.05415275692939758,-0.2713150382041931,-0.06323359959844765,-0.08675156533718109,-0.37675386667251587,-0.09892156773332772,-0.11060138046741486,-0.45087599754333496,-0.13386245125059304,-0.12767496705055237,-0.5283706784248352,-0.15745659225706277,-0.09269429743289948,-0.21193921566009521,-0.07170072251085458,-0.10071933269500732,-0.20812153816223145,-0.11053492182020364,-0.0940878689289093,-0.15411478281021118,-0.12596556597475228,-0.08689321577548981,-0.11175060272216797,-0.1349805896830958,-2.8245455693026282,-1.4942313003793322,-1.6328558333976335,-1.8493755690892841,1.5129592971907546,0.43309694073094696,0.4488479561227153,0.3760945311749857,0.043616036889619,0.1037647931262473,0.1967412055632886,0.4670797620594884,0.12161804713817509,0.4880370211186419,0.4186113217718284,W
0.0,0.0,0.0,0.05893903970718384,-0.02218848466873169,-0.04308503676304554,0.07250794768333435,-0.0921100378036499,-0.06267808560380672,-0.01731368899345398,-0.13437813520431519,-0.07689456079253887,-0.09049490094184875,-0.15061253309249878,-0.0940133873010609,0.049569278955459595,-0.2813999056816101,-0.05034791488299106,0.06435742974281311,-0.40469056367874146,-0.07159269783744548,0.07054099440574646,-0.4818613529205322,-0.08541845712909435,0.07610803842544556,-0.551468551158905,-0.09695442203531002,-0.004902154207229614,-0.29518139362335205,-0.05388523075828289,-0.008199572563171387,-0.43310022354125977,-0.07188163880357479,-0.013815850019454956,-0.5207889676094055,-0.09227457825193142,-0.018264710903167725,-0.5958245992660522,-0.10642542127618526,-0.05006140470504761,-0.26759475469589233,-0.06096130419621204,-0.0799284279346466,-0.37577593326568604,-0.09826322827586864,-0.10471741855144501,-0.4526727795600891,-0.13215416852483486,-0.12115626037120819,-0.531334787607193,-0.1535379457856152,-0.08875930309295654,-0.20913243293762207,-0.06982877288112377,-0.09715746343135834,-0.20956772565841675,-0.10847392115840648,-0.09097146987915039,-0.15384900569915771,-0.12210837934264873,-0.08276122808456421,-0.10842186212539673,-0.12903878275403713,-2.7970070095828268,-1.4728440878056626,-1.615213654813301,-1.83410187376378,1.5113090446995037,0.43409916681085364,0.4510332407035523,0.3819549110101976,0.04289361738671346,0.10427691412544215,0.1982891121935134,0.47066953641061443,0.12143148998397968,0.4916515319824938,0.42465223541606817,W
0.0,0.0,0.0,0.059982627630233765,-0.019410014152526855,-0.04552215404680737,0.0749535858631134,-0.0868908166885376,-0.06771349228790768,-0.013246595859527588,-0.13155239820480347,-0.08462686903646954,-0.08677329123020172,-0.14848089218139648,-0.10428976334503659,0.05354240536689758,-0.28246772289276123,-0.05309599332383641,0.06817036867141724,-0.4033980369567871,-0.0748242891567088,0.07448503375053406,-0.4791577160358429,-0.0899995348589755,0.08102118968963623,-0.5480059087276459,-0.10299430109432706,-0.0010587871074676514,-0.2979329228401184,-0.05583357132843503,-0.0025977492332458496,-0.43197131156921387,-0.07335367120674618,-0.007474362850189209,-0.5186974704265594,-0.09460078246763715,-0.01101657748222351,-0.5941757261753082,-0.11026278950146207,-0.04703634977340698,-0.26953446865081787,-0.06212190978101262,-0.07681681215763092,-0.3753424286842346,-0.09727727688721188,-0.10157142579555511,-0.4504372477531433,-0.13011553950479993,-0.1181347519159317,-0.5254875123500824,-0.15174952216318616,-0.08664359152317047,-0.20996254682540894,-0.07074941016605862,-0.09271253645420074,-0.20860648155212402,-0.10794907875231274,-0.08710172772407532,-0.15735578536987305,-0.12185168333223828,-0.07955777645111084,-0.11521393060684204,-0.1294938779609538,-2.7777225767472906,-1.4676800033375759,-1.604397286719652,-1.8417443902095985,1.496149862090573,0.43333038974140586,0.45208734192272365,0.3783087797915327,0.03404048157606118,0.10296894011852278,0.2004249666389331,0.4616215990316631,0.1272492593790246,0.48384119044399454,0.4120832378445412,W
0.0,0.0,0.0,0.06262907385826111,-0.02084648609161377,-0.03944554397332922,0.08086353540420532,-0.08817654848098755,-0.059074731855275786,-0.006821811199188232,-0.13314050436019897,-0.07465194383132712,-0.080624520778656,-0.1485956907272339,-0.09319533625114218,0.05907943844795227,-0.285788357257843,-0.0471040628241326,0.07578486204147339,-0.40916648507118225,-0.06634919562804953,0.08271017670631409,-0.48533549904823303,-0.07942873456943289,0.09027785062789917,-0.5526343286037445,-0.09090728530156866,0.0036922991275787354,-0.3005433678627014,-0.052843867181422866,0.003572016954421997,-0.43730998039245605,-0.06853579202163473,-0.0009431838989257812,-0.5249221324920654,-0.08838986822831885,-0.00368538498878479,-0.599884420633316,-0.10282276788223044,-0.04250273108482361,-0.27148008346557617,-0.06174658456313864,-0.071196049451828,-0.38037627935409546,-0.09702582874763266,-0.09554454684257507,-0.45833343267440796,-0.13035974869001166,-0.1111714243888855,-0.5356271266937256,-0.1517738051103379,-0.0817655622959137,-0.2105647325515747,-0.07229774662721411,-0.0881090760231018,-0.20666074752807617,-0.10892145553100363,-0.0822853147983551,-0.15329229831695557,-0.12214946964252249,-0.07476434111595154,-0.10886275768280029,-0.12918574580419317,-2.783576164095899,-1.454409281517082,-1.595437754171851,-1.8251305629910872,1.5020642015779895,0.43869675340659886,0.4578003367804976,0.3882350393079651,0.040162764770277186,0.10517443056351408,0.20216591038450646,0.4734681955667736,0.1252287845918778,0.4961395887155323,0.4283144900300894,W
0.0,0.0,0.0,0.06030985713005066,-0.015409469604492188,-0.038891289424668685,0.07483062148094177,-0.07939088344573975,-0.06019612778402461,-0.010952025651931763,-0.1242595911026001,-0.0779171772716154,-0.08170013129711151,-0.14758294820785522,-0.09903899956918849,0.06076839566230774,-0.2795214056968689,-0.04766302187420024,0.07832622528076172,-0.3985621929168701,-0.06754697490907802,0.08564868569374084,-0.47431856393814087,-0.08223679293371333,0.09312078356742859,-0.5434355437755585,-0.0955764390943159,0.006470203399658203,-0.29603809118270874,-0.05366294462658061,0.007847040891647339,-0.4305749237537384,-0.07087048519827022,0.004361540079116821,-0.5170387625694275,-0.09237933535553111,0.0016838610172271729,-0.5904275178909302,-0.1085086204526533,-0.03999653458595276,-0.2669738531112671,-0.06244994331575526,-0.06509162485599518,-0.37703314423561096,-0.09933355827308787,-0.08638425171375275,-0.45603740215301514,-0.1342065819022764,-0.1020292341709137,-0.5323945879936218,-0.15724876899696483,-0.08056491613388062,-0.20692408084869385,-0.07262701172805919,-0.0860355794429779,-0.19801020622253418,-0.11246393997646464,-0.08346164226531982,-0.14761817455291748,-0.1285908706901182,-0.07983982563018799,-0.10764926671981812,-0.13780026514507426,-2.730739047689285,-1.4488181141020933,-1.5870534348100358,-1.8003898055203549,1.5634925849870922,0.4327373680325775,0.4506264562495921,0.3853482457962722,0.039976989060738245,0.10280542999623754,0.1954620989548971,0.4688550432746918,0.1188453914376585,0.48961306282453626,0.4253245323225242,W
0.0,0.0,0.0,0.06308242678642273,-0.020251870155334473,-0.03944810843256619,0.08280506730079651,-0.0855947732925415,-0.06024564048436787,-0.004646569490432739,-0.13010931015014648,-0.07712925216344502,-0.0794958770275116,-0.14570295810699463,-0.09780743708995487,0.06352901458740234,-0.2805604934692383,-0.05169004937795307,0.0810321569442749,-0.40228649973869324,-0.07287351777938511,0.08823135495185852,-0.4792267084121704,-0.08738470068362858,0.09489604830741882,-0.5467370748519897,-0.09969223281530049,0.008387535810470581,-0.297499418258667,-0.057465955523525736,0.009986788034439087,-0.43569183349609375,-0.07340645035890248,0.006386399269104004,-0.5221800804138184,-0.09310459336427357,0.003998667001724243,-0.5950251817703247,-0.10799881061700489,-0.038602352142333984,-0.2703195810317993,-0.06610618522552159,-0.06264318525791168,-0.3787310719490051,-0.10028035929587986,-0.08222399652004242,-0.45778119564056396,-0.13387523582366612,-0.09497334063053131,-0.5342319905757904,-0.15638521304515507,-0.07866233587265015,-0.21186542510986328,-0.07640781244424488,-0.08545617759227753,-0.20328593254089355,-0.11250971993592884,-0.0809425562620163,-0.1517764925956726,-0.12662938228038456,-0.07612824440002441,-0.1096731424331665,-0.13485783329394962,-2.786904751852264,-1.4534943691762734,-1.5855464797272294,-1.7812314136382978,1.5460041195079246,0.43731099507725885,0.45701400368086054,0.38883719080191054,0.03618685627411902,0.1029275240059207,0.19028074518570035,0.46933377218935235,0.11615192805276396,0.491921664515319,0.4249768854751146,W
0.0,0.0,0.0,0.059305280447006226,-0.021324992179870605,-0.038481559649085284,0.07648515701293945,-0.09128177165985107,-0.05597313497958112,-0.01272544264793396,-0.1414465308189392,-0.06925248359141278,-0.08784177899360657,-0.16066360473632812,-0.08577974145111966,0.058603644371032715,-0.2896156907081604,-0.043070115193700076,0.0765206515789032,-0.40942686796188354,-0.060604039624308825,0.082699716091156,-0.4852197766304016,-0.0740870461314671,0.08977562189102173,-0.5564227998256683,-0.08660594378409314,0.005151331424713135,-0.306740403175354,-0.049528438642596484,0.005399078130722046,-0.44311022758483887,-0.06182645638284612,0.0008531808853149414,-0.5297513604164124,-0.081432819411134,-0.0013640820980072021,-0.6066266596317291,-0.09665542845425534,-0.04083126783370972,-0.279430627822876,-0.059222612574671984,-0.06848113238811493,-0.391964316368103,-0.09356613461670804,-0.0886777937412262,-0.4718380868434906,-0.12784513835606504,-0.101291224360466,-0.5546888709068298,-0.15054076914486814,-0.08191224932670593,-0.21947252750396729,-0.07046814267334867,-0.09207315742969513,-0.22213536500930786,-0.1073008478134625,-0.087027907371521,-0.1648659110069275,-0.11985176806149411,-0.08207504451274872,-0.11770844459533691,-0.12678156797585416,-2.7420805218989273,-1.4544902241556992,-1.59251919175753,-1.787010974929362,1.5723960567046849,0.43378944384894064,0.4542702261782139,0.3942547373988179,0.04334052386982551,0.10405226178528952,0.19107471377967633,0.4711718763132891,0.11261868254589891,0.4955353473247753,0.4374027372425942,W
0.0,0.0,0.0,0.06389269232749939,-0.019914209842681885,-0.03590844978839414,0.08506312966346741,-0.08970016241073608,-0.05235055496245877,-0.0013878047466278076,-0.13892167806625366,-0.06515346874743955,-0.07547639310359955,-0.15801191329956055,-0.08129387011081235,0.06988048553466797,-0.28710484504699707,-0.04031399299651639,0.09061479568481445,-0.4087720513343811,-0.05734889989048497,0.09911668300628662,-0.4837875962257385,-0.06979876418859021,0.10789373517036438,-0.5525208711624146,-0.08150555600673215,0.015656113624572754,-0.3068292737007141,-0.04816897993237035,0.018848538398742676,-0.4433320164680481,-0.06218574230820195,0.014787793159484863,-0.5308306813240051,-0.08236812462359921,0.0117110013961792,-0.6068739891052246,-0.09736490656882779,-0.03119674324989319,-0.28098535537719727,-0.059084687729182406,-0.057559818029403687,-0.3919362723827362,-0.09541696717292325,-0.07944032549858093,-0.4727822542190552,-0.13083459844142453,-0.09307800233364105,-0.555949330329895,-0.1536622833207275,-0.07381971180438995,-0.2222563624382019,-0.07118451257497327,-0.08564251661300659,-0.22011113166809082,-0.10946523805409925,-0.08120913803577423,-0.16196590662002563,-0.12303358723670499,-0.07565158605575562,-0.11409193277359009,-0.13036391546279447,-2.7392870595313066,-1.4285423376330024,-1.583943983476457,-1.7921604934519781,1.5877307214250465,0.4350424367544448,0.45725135850670773,0.3983265049180903,0.04392032993924465,0.11047796027434977,0.20100097912110265,0.4752986629065468,0.11650775156216875,0.5004661594241224,0.4422009042952317,W
0.0,0.0,0.0,0.06124532222747803,-0.013782739639282227,-0.03553394860887238,0.08030912280082703,-0.08250159025192261,-0.05034180618190476,-0.0007012486457824707,-0.13284045457839966,-0.06067202872895905,-0.0702071338891983,-0.15081286430358887,-0.07415912560486504,0.06845995783805847,-0.26874351501464844,-0.04329243935012528,0.09544375538825989,-0.3830952048301697,-0.058734196045634235,0.1076335608959198,-0.45518964529037476,-0.0692492674972982,0.11990436911582947,-0.5205925703048706,-0.07918449751400658,0.01478692889213562,-0.29250770807266235,-0.0479884546186895,0.02094241976737976,-0.4251423180103302,-0.05931397042536446,0.02022293210029602,-0.5099397599697113,-0.07647454253697106,0.019497841596603394,-0.5812097787857056,-0.08949233851694771,-0.033555418252944946,-0.27111339569091797,-0.05514597780370423,-0.05523928999900818,-0.3751795291900635,-0.08713116011881539,-0.07526902854442596,-0.4488106966018677,-0.11918365470432946,-0.08904874324798584,-0.5203791260719299,-0.1398536067392797,-0.07699039578437805,-0.21680521965026855,-0.06339290253185936,-0.08869631588459015,-0.21038281917572021,-0.09853025040888497,-0.08575098216533661,-0.1579129695892334,-0.1112896826055021,-0.0836084634065628,-0.11378359794616699,-0.11786162368321129,-2.7155445958523226,-1.3693014205842524,-1.5544802170898713,-1.789851134268823,1.6349477771115173,0.4157877036965199,0.4396458650125516,0.3700462512722634,0.03937971812750671,0.11728562031416347,0.20895322137972844,0.45487472230585835,0.12442961621337417,0.4786628716180554,0.4066319221810077,W
0.0,0.0,0.0,0.05812966823577881,-0.01814103126525879,-0.034353570471694184,0.08281129598617554,-0.08611828088760376,-0.04924911765306206,0.002866119146347046,-0.14077866077423096,-0.06064583493321152,-0.07274071872234344,-0.15663713216781616,-0.07534212751238556,0.07383197546005249,-0.278562068939209,-0.0375280877753994,0.09986820816993713,-0.3941715657711029,-0.05128270147292824,0.11312863230705261,-0.4660962224006653,-0.06167482716887207,0.1270984411239624,-0.5319594740867615,-0.07166496796457977,0.019894808530807495,-0.302034854888916,-0.04360479248612137,0.02762889862060547,-0.4350036382675171,-0.051943120937039566,0.029161453247070312,-0.5205018520355225,-0.06851038468926163,0.0316348671913147,-0.591546893119812,-0.08162206543534012,-0.028538107872009277,-0.2800115942955017,-0.05245982987730713,-0.049877703189849854,-0.38995233178138733,-0.0808610929354927,-0.06653447449207306,-0.46810615062713623,-0.11310556663124771,-0.07576414942741394,-0.542711466550827,-0.13491116596310349,-0.07193635404109955,-0.2255079746246338,-0.06273248178808899,-0.08574685454368591,-0.22880375385284424,-0.0932798175319931,-0.08466719090938568,-0.17627525329589844,-0.10437166822998734,-0.08198264241218567,-0.1291092038154602,-0.11087987704127045,-2.7159598506731037,-1.3636037776410914,-1.5302673389186163,-1.7486682645619482,1.6746374099528845,0.42520883122484543,0.4472591677161482,0.38608617276783336,0.029037906137690264,0.11253423681268936,0.20314732581838899,0.45387579771376907,0.11798070884193176,0.4761906708217305,0.41364900748680283,W
0.0,0.0,0.0,0.05542328953742981,-0.02375960350036621,-0.04007126741174716,0.07573717832565308,-0.09920191764831543,-0.05576077826384562,-0.004577159881591797,-0.14762961864471436,-0.06655805163148898,-0.07368655502796173,-0.17031681537628174,-0.0803451722121622,0.07080775499343872,-0.2785416841506958,-0.0442373005307104,0.09839057922363281,-0.39097678661346436,-0.06255326025251406,0.11392983794212341,-0.46290749311447144,-0.07447599969867724,0.12760186195373535,-0.5297947227954865,-0.08492973797086734,0.01841944456100464,-0.30079418420791626,-0.04926952697400111,0.025932222604751587,-0.43551236391067505,-0.06212297432188052,0.02972140908241272,-0.522268533706665,-0.08014600329164523,0.0329899787902832,-0.594935953617096,-0.09344824753765124,-0.027846843004226685,-0.27865713834762573,-0.05800806708697337,-0.05237710475921631,-0.38917917013168335,-0.09195058398012179,-0.06586343050003052,-0.4670044183731079,-0.12786011748079318,-0.07099854946136475,-0.5443154275417328,-0.1521668320155527,-0.0680135190486908,-0.223075270652771,-0.0684689914441492,-0.07721225917339325,-0.21678221225738525,-0.10783846281532306,-0.0736524909734726,-0.15774834156036377,-0.12446145318511981,-0.06866759061813354,-0.1097339391708374,-0.1342869436002161,-2.697387647660571,-1.3484889235017634,-1.5213010303854824,-1.731823077453744,1.5765670752089587,0.41199683582946106,0.4378142247892899,0.37400827166736506,0.060790417773456,0.1148685700646131,0.19913054582503079,0.4636515501453816,0.11565488173047563,0.4957370837860875,0.4345877395921237,W
0.0,0.0,0.0,0.05561384558677673,-0.023250281810760498,-0.034755890110716336,0.0759153962135315,-0.09422129392623901,-0.04846144546030473,-0.0053642988204956055,-0.14343112707138062,-0.05823450613974046,-0.07613188028335571,-0.15822482109069824,-0.070938450137362,0.07056489586830139,-0.2789233922958374,-0.03749563250897836,0.09733361005783081,-0.39235377311706543,-0.05181210939048242,0.11145401000976562,-0.462199330329895,-0.06170578006862115,0.12607675790786743,-0.5271190702915192,-0.07129628662227105,0.01966184377670288,-0.3001960515975952,-0.04427838403938722,0.02673441171646118,-0.4344104528427124,-0.05384016487954568,0.02855852246284485,-0.520392119884491,-0.07039766464589547,0.03236362338066101,-0.5937114953994751,-0.0831311837231965,-0.02675020694732666,-0.2784035801887512,-0.054221966156944745,-0.05054956674575806,-0.39014145731925964,-0.0854493201172204,-0.06675726175308228,-0.46997058391571045,-0.11940195117352914,-0.07374531030654907,-0.5493946969509125,-0.14216587398408365,-0.06892335414886475,-0.22410470247268677,-0.06549603197930765,-0.08567741513252258,-0.22597140073776245,-0.09963947985528421,-0.0852184146642685,-0.1688297986984253,-0.11212843362449121,-0.08213905990123749,-0.11932575702667236,-0.11940347109197091,-2.743161711180553,-1.3507560822356584,-1.5275486547804369,-1.742507901814148,1.6962631931121797,0.4206795698065053,0.44879830415881405,0.39117715615402393,0.03936017520309944,0.11496391896883565,0.20105984802678928,0.4578746696743945,0.11499167114607592,0.48800890693742877,0.4301508434489208,W
0.0,0.0,0.0,0.06053385138511658,-0.02374744415283203,-0.03658092835212301,0.08533093333244324,-0.09820401668548584,-0.050628811803107965,0.004739701747894287,-0.1517477035522461,-0.06028860130572866,-0.06687426567077637,-0.17351895570755005,-0.07274352454805921,0.07754215598106384,-0.28162598609924316,-0.040409975435977685,0.10546422004699707,-0.39790844917297363,-0.05661869117284368,0.12009426951408386,-0.4699958562850952,-0.06812051379347395,0.13456380367279053,-0.5366316437721252,-0.07864115827942442,0.024061620235443115,-0.30558252334594727,-0.04651381143594335,0.0342065691947937,-0.44131267070770264,-0.05635864355826925,0.03791359066963196,-0.5279073119163513,-0.07373185896540235,0.041841864585876465,-0.5993296504020691,-0.08747925305033277,-0.025230765342712402,-0.2854994535446167,-0.05602084913516592,-0.04617103934288025,-0.4000740945339203,-0.08649675988817762,-0.060052186250686646,-0.47798657417297363,-0.1206694885459001,-0.06658145785331726,-0.5537328720092773,-0.14421270483398985,-0.06977497041225433,-0.2317855954170227,-0.06717091494465421,-0.08098722994327545,-0.2334812879562378,-0.10146917098427366,-0.07678255438804626,-0.17748475074768066,-0.11510597610140394,-0.07232776284217834,-0.12823504209518433,-0.12342003428602766,-2.6820936008429483,-1.350805924911626,-1.510341002871007,-1.7237516065904857,1.5954439542766363,0.41524465079558237,0.43947007258084186,0.380214029049317,0.045611111184125856,0.1119303266474546,0.20187091975226512,0.4578120843275019,0.11762092946646328,0.4847317132217347,0.42553662977777534,W
0.0,0.0,0.0,0.062108010053634644,-0.029535412788391113,-0.03799791012522746,0.08529260754585266,-0.10681360960006714,-0.054680654151411545,0.0038396120071411133,-0.155803382396698,-0.06731303904768993,-0.06831622123718262,-0.17656397819519043,-0.08314889047858287,0.07426530122756958,-0.28681111335754395,-0.04559477914688159,0.10223332047462463,-0.40311259031295776,-0.06584859017846156,0.1172780692577362,-0.4763795733451843,-0.07998844359633495,0.13158410787582397,-0.5411808490753174,-0.09198442224976588,0.020433008670806885,-0.30681079626083374,-0.05171368394610454,0.029603779315948486,-0.4441417455673218,-0.06628935162541438,0.0334586501121521,-0.5338515937328339,-0.08661278460738231,0.03584885597229004,-0.6062076091766357,-0.10214104626891185,-0.028296172618865967,-0.2834610939025879,-0.06112576399561931,-0.049992531538009644,-0.40051957964897156,-0.0944836748075204,-0.06449088454246521,-0.4799712896347046,-0.13032009576079417,-0.07405441999435425,-0.5536221563816071,-0.15478844319102336,-0.07011032104492188,-0.22750639915466309,-0.07206542168376018,-0.07929055392742157,-0.2253757119178772,-0.11005421106335689,-0.07475399971008301,-0.17497849464416504,-0.12676724169966747,-0.07121971249580383,-0.13307780027389526,-0.1366936204266267,-2.715352753846376,-1.3491615445641436,-1.5193520734400208,-1.7385779596326805,1.5825442551391011,0.4158191964182312,0.4420905031246156,0.3771018385824131,0.043583000489771574,0.11573123168059479,0.20601453898233396,0.4557164557028234,0.12183579077536519,0.4850932842517516,0.4205539097674069,W
0.0,0.0,0.0,0.06742334365844727,-0.02813398838043213,-0.03428473121817888,0.09772947430610657,-0.10638189315795898,-0.048494206586440214,0.02011123299598694,-0.15837401151657104,-0.059101434269507536,-0.0533812940120697,-0.17651605606079102,-0.07316225937898935,0.08363145589828491,-0.28478527069091797,-0.04354049436147989,0.11228343844413757,-0.4005812406539917,-0.06201478637154878,0.1265753209590912,-0.4760396480560303,-0.07458570025261224,0.13902601599693298,-0.5438632071018219,-0.08576043865974725,0.027873367071151733,-0.3046576976776123,-0.05193623326118768,0.03864040970802307,-0.4426787495613098,-0.06475216321047128,0.04325050115585327,-0.5316196084022522,-0.0828439461379844,0.045399606227874756,-0.6038818061351776,-0.09701867572363199,-0.0240764319896698,-0.28207486867904663,-0.0634328442006904,-0.042208194732666016,-0.3986027240753174,-0.09745675496156991,-0.05528619885444641,-0.47717922925949097,-0.13279041073616327,-0.06279221177101135,-0.5507566332817078,-0.15653477034862817,-0.06847092509269714,-0.22531741857528687,-0.07603091917331994,-0.07516756653785706,-0.21823906898498535,-0.1147023530989486,-0.06969371438026428,-0.16604465246200562,-0.131192022779544,-0.06590881943702698,-0.12203001976013184,-0.1410760673075515,-2.7070553272927627,-1.360153782884935,-1.5122908878207224,-1.7139065656253332,1.545995815057586,0.414686028608226,0.43863327574279737,0.3743588853115557,0.05590766535127094,0.11121212540083177,0.20193592147978873,0.46897923697877464,0.12053113071988973,0.49454090797104105,0.42873794138730315,W
0.0,0.0,0.0,0.06513097882270813,-0.029952585697174072,-0.037836605556947234,0.09580028057098389,-0.10950583219528198,-0.053664518394214156,0.01700878143310547,-0.16389453411102295,-0.06574461037729407,-0.06249362230300903,-0.1756988763809204,-0.08084714586351538,0.08473920822143555,-0.2940484881401062,-0.04016852552507544,0.1133396327495575,-0.4122631251811981,-0.05758894036029005,0.128536194562912,-0.4879581332206726,-0.07018054450367117,0.14235049486160278,-0.5536707043647766,-0.08166838610981131,0.02895316481590271,-0.31728750467300415,-0.04540337423298979,0.03960299491882324,-0.4551428258419037,-0.05662546480510855,0.04362562298774719,-0.5448399782180786,-0.0748649182400527,0.044689446687698364,-0.6143574714660645,-0.08941117102716589,-0.021513789892196655,-0.2946547269821167,-0.0541076416752162,-0.04109305143356323,-0.41470691561698914,-0.0831100064000907,-0.05281218886375427,-0.4924875795841217,-0.11624279046867514,-0.061348021030426025,-0.5593000948429108,-0.13936922127817297,-0.06408354640007019,-0.2386813759803772,-0.06487118626449728,-0.07494145631790161,-0.2432924509048462,-0.09895993197773123,-0.07201939821243286,-0.19448328018188477,-0.11417433048103476,-0.06977373361587524,-0.15007555484771729,-0.12338391865108633,-2.7455251275003962,-1.3524303607081363,-1.517874154506473,-1.7201940923487535,1.6349273754373925,0.42991140376408604,0.4515634765128144,0.38360292909178806,0.026637466604796215,0.11498071156342542,0.2037762876631391,0.45594487936686245,0.11947911650450074,0.4781835607212091,0.40931127124335376,W
0.0,0.0,0.0,0.06811749935150146,-0.03932368755340576,-0.02948689609252142,0.10231363773345947,-0.11606621742248535,-0.04278475753449129,0.023057997226715088,-0.1654617190361023,-0.05462953037999796,-0.05983293056488037,-0.16899001598358154,-0.07065438813947367,0.09464243054389954,-0.30203312635421753,-0.0318659875490539,0.12466531991958618,-0.4202003479003906,-0.047176129738318195,0.13960999250411987,-0.49570992588996887,-0.058872621128784886,0.15349283814430237,-0.5605182349681854,-0.07003444022916483,0.037229984998703,-0.3229357600212097,-0.042453318456637135,0.050674766302108765,-0.46394750475883484,-0.05204766578458475,0.05660906434059143,-0.5523611009120941,-0.07091133631251978,0.06075015664100647,-0.6226925849914551,-0.08633910454295801,-0.015444964170455933,-0.2991291284561157,-0.056014943490254154,-0.03176999092102051,-0.421791672706604,-0.08624605424188303,-0.040816545486450195,-0.5026842653751373,-0.12386905736707376,-0.04605802893638611,-0.57589191198349,-0.15009823031209635,-0.05873340368270874,-0.2411869764328003,-0.07056646383784937,-0.07177942991256714,-0.2452998161315918,-0.1046482358076446,-0.07210606336593628,-0.19277310371398926,-0.1207663599350326,-0.07160454988479614,-0.1452643871307373,-0.13131174034856485,-2.826099713100299,-1.3469379411900466,-1.4924925855488123,-1.6809597104357106,1.7041822370013742,0.44587243675362986,0.46945319473238944,0.40713499098357414,0.02648540137275494,0.11165507052184345,0.20014219569502456,0.4723394883358039,0.11661171253494738,0.49543460966313607,0.4313846194446154,W
0.0,0.0,0.0,0.06933164596557617,-0.025912106037139893,-0.033644931799358346,0.10873639583587646,-0.10279238224029541,-0.04673015553373716,0.031609684228897095,-0.15867769718170166,-0.05695678520817182,-0.052156656980514526,-0.16142213344573975,-0.07121500599998853,0.10059809684753418,-0.2941422462463379,-0.03211169917005918,0.13088741898536682,-0.4118801951408386,-0.04546248767394445,0.14746975898742676,-0.49025410413742065,-0.05614216107744596,0.16294044256210327,-0.5576481819152832,-0.06691391993183515,0.04605266451835632,-0.31965917348861694,-0.03990148607510946,0.05685645341873169,-0.4595283269882202,-0.048111813551372506,0.06168380379676819,-0.5481679141521454,-0.06530427414793394,0.06408742070198059,-0.6198411881923676,-0.0793003090085449,-0.0033569037914276123,-0.3011012673377991,-0.051153356617874124,-0.016713708639144897,-0.4170956015586853,-0.08259013522285841,-0.027999192476272583,-0.49444201588630676,-0.11799099523443601,-0.03262242674827576,-0.5665517747402191,-0.14168653864282987,-0.04440361261367798,-0.2466791868209839,-0.06384899694342039,-0.05578681826591492,-0.2414587140083313,-0.09988106269258878,-0.06282767653465271,-0.17990678548812866,-0.11472379643339536,-0.06606540083885193,-0.12673580646514893,-0.1237164758505287,-2.7921455920318263,-1.3384799949796486,-1.5107890540445268,-1.6806013860482798,1.7494704851380793,0.45084569834638083,0.4729278119872479,0.4056003111514581,0.0373710373835314,0.1167899394668023,0.1957654459247102,0.48798478626680597,0.1104199084401263,0.5099928180311815,0.44108561353297443,W
0.0,0.0,0.0,0.06505712866783142,-0.03680920600891113,-0.03279223744198134,0.09999632835388184,-0.11204618215560913,-0.048553080152714756,0.025756806135177612,-0.16481083631515503,-0.06265384409948638,-0.05371376872062683,-0.1778215765953064,-0.0804801851920729,0.09331324696540833,-0.30632680654525757,-0.03313074339553168,0.12363359332084656,-0.42152923345565796,-0.04927470613642981,0.13864168524742126,-0.4959690570831299,-0.0624583371393328,0.15054377913475037,-0.5600486993789673,-0.07479558591171553,0.038391709327697754,-0.3296923041343689,-0.04100889046117118,0.047072142362594604,-0.4695533514022827,-0.05294324908777526,0.051109522581100464,-0.5581540167331696,-0.07340889130159667,0.052444905042648315,-0.6304203271865845,-0.0898325935415869,-0.010801225900650024,-0.30497318506240845,-0.051865254383528736,-0.03208419680595398,-0.42411255836486816,-0.0825648278407698,-0.045065730810165405,-0.49949443340301514,-0.11742520783468535,-0.05463418364524841,-0.5662311315536499,-0.14127206508442214,-0.051427245140075684,-0.24576878547668457,-0.06405310783907225,-0.06349816918373108,-0.24949020147323608,-0.09862415943666747,-0.06508085131645203,-0.19734203815460205,-0.1137852788381224,-0.06485134363174438,-0.15058273077011108,-0.12294156555458358,-2.7372526082968225,-1.348945099254886,-1.524099715644944,-1.7370246990132716,1.7109024198924063,0.4333805709158724,0.4648820205729228,0.3884106455113865,0.02942788298178303,0.12072926363741267,0.20527108631793498,0.46266341800533806,0.124844639733685,0.4939661211943825,0.4157739571354884,W
0.0,0.0,0.0,0.06037899851799011,-0.032344698905944824,-0.035582324949700705,0.08756756782531738,-0.1035529375076294,-0.051281804678637855,0.01027768850326538,-0.15321719646453857,-0.06353467190047013,-0.06330597400665283,-0.17485958337783813,-0.07855767988939988,0.08392786979675293,-0.2925015091896057,-0.04040472441693055,0.11275333166122437,-0.40838122367858887,-0.056746626732547156,0.12743961811065674,-0.48090654611587524,-0.06908376002093064,0.14141845703125,-0.5486293137073517,-0.08058455818672883,0.031488895416259766,-0.31448835134506226,-0.04728710511108147,0.03979611396789551,-0.4530973434448242,-0.06039643147369134,0.042396605014801025,-0.5402286648750305,-0.08070603245278107,0.04514303803443909,-0.6157866716384888,-0.0964806401111673,-0.01565849781036377,-0.2918098568916321,-0.05697631695647942,-0.04039222002029419,-0.41234153509140015,-0.08867900305767762,-0.05671656131744385,-0.49149760603904724,-0.1216516070940088,-0.0676579475402832,-0.5674904882907867,-0.14364273333330857,-0.05716565251350403,-0.23623675107955933,-0.0682259597756456,-0.06282269954681396,-0.2524871826171875,-0.10090234362860429,-0.05567541718482971,-0.19792556762695312,-0.11146922641773926,-0.050666987895965576,-0.14718663692474365,-0.1171856098749231,-2.700083680102507,-1.3499954023741518,-1.5255096256666842,-1.7572280123790784,1.497947856138952,0.42616417490726544,0.45406815058392336,0.3926550231009382,0.030422622097741343,0.11738427078319463,0.20992543165425728,0.44503150550862336,0.12270527157617783,0.4782944214628767,0.420647144508035,W
0.0,0.0,0.0,0.06037899851799011,-0.032344698905944824,-0.035582324949700705,0.08756756782531738,-0.1035529375076294,-0.051281804678637855,0.01027768850326538,-0.15321719646453857,-0.06353467190047013,-0.06330597400665283,-0.17485958337783813,-0.07855767988939988,0.08392786979675293,-0.2925015091896057,-0.04040472441693055,0.11275333166122437,-0.40838122367858887,-0.056746626732547156,0.12743961811065674,-0.48090654611587524,-0.06908376002093064,0.14141845703125,-0.5486293137073517,-0.08058455818672883,0.031488895416259766,-0.31448835134506226,-0.04728710511108147,0.03979611396789551,-0.4530973434448242,-0.06039643147369134,0.042396605014801025,-0.5402286648750305,-0.08070603245278107,0.04514303803443909,-0.6157866716384888,-0.0964806401111673,-0.01565849781036377,-0.2918098568916321,-0.05697631695647942,-0.04039222002029419,-0.41234153509140015,-0.08867900305767762,-0.05671656131744385,-0.49149760603904724,-0.1216516070940088,-0.0676579475402832,-0.5674904882907867,-0.14364273333330857,-0.05716565251350403,-0.23623675107955933,-0.0682259597756456,-0.06282269954681396,-0.2524871826171875,-0.10090234362860429,-0.05567541718482971,-0.19792556762695312,-0.11146922641773926,-0.050666987895965576,-0.14718663692474365,-0.1171856098749231,-2.700083680102507,-1.3499954023741518,-1.5255096256666842,-1.7572280123790784,1.497947856138952,0.42616417490726544,0.45406815058392336,0.3926550231009382,0.030422622097741343,0.11738427078319463,0.20992543165425728,0.44503150550862336,0.12270527157617783,0.4782944214628767,0.420647144508035,W
0.0,0.0,0.0,0.057000041007995605,-0.027644753456115723,-0.0359120905948771,0.08214354515075684,-0.09576517343521118,-0.05030381834041009,0.005433231592178345,-0.14855605363845825,-0.06049246868025193,-0.06806641817092896,-0.169330894947052,-0.07337276047002206,0.07751744985580444,-0.288724422454834,-0.03990235706697831,0.10838967561721802,-0.4045725464820862,-0.05421205764542947,0.12186029553413391,-0.477350652217865,-0.06524437820445428,0.13570374250411987,-0.546434223651886,-0.07574226861726174,0.027369260787963867,-0.30951833724975586,-0.04603782823215852,0.03433305025100708,-0.44846004247665405,-0.05612256904970536,0.0351901650428772,-0.5354230999946594,-0.07448744928370843,0.03877785801887512,-0.6132330894470215,-0.0888903752518786,-0.01776421070098877,-0.28765493631362915,-0.05503071626554856,-0.04249444603919983,-0.4076746702194214,-0.0848448366476191,-0.060306549072265625,-0.48942941427230835,-0.1165845782114161,-0.06966179609298706,-0.5725415349006653,-0.137656958456148,-0.0585290789604187,-0.23169291019439697,-0.06559652989636788,-0.06846225261688232,-0.25064927339553833,-0.09534064089785943,-0.06445282697677612,-0.19416332244873047,-0.10300816750060449,-0.06116384267807007,-0.1420893669128418,-0.10684102183114419,-2.6861765122465853,-1.3487374750543446,-1.5332504526725705,-1.7509896646928582,1.6001925386516045,0.42863644140670226,0.4565795195104702,0.4032137961460602,0.028102426907177902,0.11771455115984401,0.2070183473606155,0.4497239256107962,0.11582297352122933,0.4816271906999872,0.4305360427858038,W
0.0,0.0,0.0,0.056398212909698486,-0.030662059783935547,-0.03586947879227864,0.08073335886001587,-0.1043165922164917,-0.04932373723420369,0.006159156560897827,-0.15535223484039307,-0.059086273968546266,-0.06597331166267395,-0.17637717723846436,-0.07108247613939511,0.07963946461677551,-0.29535359144210815,-0.03552698305281865,0.10920509696006775,-0.41043445467948914,-0.04937756022843587,0.12429744005203247,-0.4836726784706116,-0.06029224729570615,0.13938778638839722,-0.5529226064682007,-0.07084095066818463,0.028864622116088867,-0.3145183324813843,-0.041963345915405625,0.036300718784332275,-0.4525657594203949,-0.05241708418759572,0.0371304452419281,-0.5415120422840118,-0.07026598936352002,0.03948482871055603,-0.6183008849620819,-0.08398098832401502,-0.0166933536529541,-0.29024142026901245,-0.05169964543017613,-0.04213517904281616,-0.4121234118938446,-0.08182427620920407,-0.059608280658721924,-0.4929427206516266,-0.11221296674045789,-0.07033732533454895,-0.5725395977497101,-0.13169341123136746,-0.05828520655632019,-0.23274856805801392,-0.06333294099601972,-0.06806832551956177,-0.25847697257995605,-0.09296521878275144,-0.0631953775882721,-0.20733261108398438,-0.10029361730846631,-0.059660643339157104,-0.15788966417312622,-0.10355142837795484,-2.6850193039645833,-1.3428575852858233,-1.535850662451757,-1.7585832927859009,1.5891679828465988,0.4289051653530743,0.45433245846975234,0.3961864561549996,0.019535555295506223,0.11939397075063723,0.21064056787366736,0.4423474910919115,0.11897479113845905,0.47096530324041597,0.41478736595211785,W
0.0,0.0,0.0,0.05471643805503845,-0.02768683433532715,-0.03593986283414097,0.0776115357875824,-0.09641963243484497,-0.0499795729982111,0.0022277235984802246,-0.1469557285308838,-0.05995370622150631,-0.0691782534122467,-0.17096257209777832,-0.0722670982348177,0.0742388665676117,-0.28975117206573486,-0.03881289611928196,0.10433652997016907,-0.40418243408203125,-0.052512245135233115,0.11993494629859924,-0.47619763016700745,-0.06276461284033985,0.1364125907421112,-0.5445856750011444,-0.0727703924047205,0.024173110723495483,-0.3089231848716736,-0.045093497143909644,0.031723588705062866,-0.4455477297306061,-0.055073613183424186,0.03254160284996033,-0.5337990820407867,-0.07238630752436848,0.035421788692474365,-0.6099235117435455,-0.08580872963540287,-0.020668238401412964,-0.28453540802001953,-0.054411629097387504,-0.04563835263252258,-0.40392228960990906,-0.08431733201615543,-0.06211128830909729,-0.4854004383087158,-0.11573441873662205,-0.07215690612792969,-0.5655837953090668,-0.13634812633864613,-0.06152495741844177,-0.22687608003616333,-0.06538841675393314,-0.0709863007068634,-0.24743235111236572,-0.09532696555726261,-0.06472241878509521,-0.19488227367401123,-0.10359016607873173,-0.06048920750617981,-0.14473551511764526,-0.10768268804423542,-2.6717078267105494,-1.3314944770407409,-1.533442726979376,-1.7519891770344838,1.558187513790997,0.4264525978619907,0.4512514546713443,0.3946324646817266,0.027628934771302422,0.1202837271155396,0.2096238442570119,0.4457022195505319,0.11635800803018079,0.47497241119525757,0.42100998816085733,W
0.0,0.0,0.0,0.05757462978363037,-0.02213418483734131,-0.04098506784703204,0.07934805750846863,-0.08897221088409424,-0.0582138015952296,0.0015214979648590088,-0.13942009210586548,-0.07020414760972926,-0.0701063871383667,-0.16113358736038208,-0.08509495994712779,0.07239776849746704,-0.28151988983154297,-0.049295020761746855,0.10429924726486206,-0.39454832673072815,-0.06722404203082988,0.12027972936630249,-0.4683625400066376,-0.0804504393663592,0.13679111003875732,-0.5381170511245728,-0.09241909674074122,0.02285197377204895,-0.30195343494415283,-0.053869796457547636,0.030006229877471924,-0.4370579123497009,-0.06708334526683757,0.030383676290512085,-0.5233981907367706,-0.08641553065444896,0.03387904167175293,-0.5989521443843842,-0.10138439527418086,-0.021442562341690063,-0.2807878255844116,-0.061467879923839064,-0.04556956887245178,-0.39616256952285767,-0.09407068184282252,-0.06449118256568909,-0.47461700439453125,-0.12678253791000316,-0.07470059394836426,-0.554526686668396,-0.14841461321975657,-0.06159982085227966,-0.2259579300880432,-0.07101460686590144,-0.07508260011672974,-0.2364686131477356,-0.10428823671009013,-0.07109594345092773,-0.18256878852844238,-0.11476880452300975,-0.06768575310707092,-0.13514286279678345,-0.12036021194126079,-2.691773596899045,-1.324922705167258,-1.5336850372523707,-1.7629535711781794,1.6377108417916975,0.43002686693950287,0.449997842527499,0.39341992491405153,0.02610320349026756,0.11954832657760182,0.2121273603146406,0.45188381694900115,0.11731648888656902,0.4747993862941178,0.41944248678120866,W
0.0,0.0,0.0,0.05698046088218689,-0.023622334003448486,-0.043240259329650144,0.08084174990653992,-0.09306538105010986,-0.06054147977647517,0.0024009644985198975,-0.14487451314926147,-0.07184298236188624,-0.06879213452339172,-0.16973716020584106,-0.08543047953662608,0.0721941888332367,-0.282970666885376,-0.05009580303249095,0.10284402966499329,-0.39538589119911194,-0.06928456474361155,0.1188805103302002,-0.46800535917282104,-0.08277340133008693,0.13484129309654236,-0.5370457172393799,-0.0944212590557072,0.02132013440132141,-0.30397653579711914,-0.053350391725871305,0.0292033851146698,-0.43938297033309937,-0.0676781748634312,0.030031412839889526,-0.5266593098640442,-0.08695130694923137,0.03127756714820862,-0.6030505299568176,-0.1013385568958256,-0.02365422248840332,-0.2837975025177002,-0.06013995681223605,-0.04712840914726257,-0.3983907103538513,-0.09413619984206889,-0.06431150436401367,-0.4759770333766937,-0.12739053268251155,-0.0745185911655426,-0.5549043416976929,-0.1489678164225552,-0.06277230381965637,-0.23014229536056519,-0.06901264835414622,-0.07134416699409485,-0.23646658658981323,-0.10439726610002253,-0.06788972020149231,-0.1811477541923523,-0.11614867944535945,-0.06609156727790833,-0.13437247276306152,-0.12215597082195018,-2.6680776244102606,-1.329049166398428,-1.5375144096102489,-1.7562577170963019,1.605441220763906,0.419978748169837,0.44471836210976223,0.3852097480646765,0.035467649786430265,0.12280912276441684,0.2101201837182156,0.4500219507927845,0.11623632202470703,0.47868556447192445,0.420616294883183,W
0.0,0.0,0.0,0.054084986448287964,-0.022243380546569824,-0.04045553052418427,0.07338681817054749,-0.08879989385604858,-0.05677392625801758,-0.004617631435394287,-0.1384660005569458,-0.06753185310952858,-0.0731624960899353,-0.1602954864501953,-0.08080881753556923,0.06726139783859253,-0.2740901708602905,-0.048617395698954624,0.09787052869796753,-0.38707706332206726,-0.06682275900237755,0.11338585615158081,-0.4593122899532318,-0.07935862907760338,0.12917989492416382,-0.5277765989303589,-0.09043174901597695,0.018283993005752563,-0.29493486881256104,-0.052866480439831776,0.025003910064697266,-0.4309397339820862,-0.06692541310184197,0.02340799570083618,-0.5169091820716858,-0.08559454897039132,0.025071144104003906,-0.5926550030708313,-0.09936317721002297,-0.025016039609909058,-0.2739163637161255,-0.06021405303471283,-0.050703585147857666,-0.38854485750198364,-0.0934458441435595,-0.06999796628952026,-0.4655207693576813,-0.12554237911098198,-0.07970660924911499,-0.5448377132415771,-0.14627429017417626,-0.06350928544998169,-0.21947228908538818,-0.0693573049604197,-0.07906562089920044,-0.23390096426010132,-0.10216451355807976,-0.07570737600326538,-0.18044513463974,-0.11148879596584038,-0.07146289944648743,-0.13290172815322876,-0.1161274305879374,-2.6877038830803577,-1.3314019277106517,-1.5480031901974725,-1.7699881690309176,1.662413477312935,0.4195054364736662,0.44337861887802205,0.3845979063940867,0.027446431869790344,0.12266963487819067,0.2095820919049948,0.4429262856324048,0.11517322086466937,0.46977855992123435,0.41201846386056284,W
0.0,0.0,0.0,0.05231037735939026,-0.019572019577026367,-0.03951908994503128,0.0731746256351471,-0.08351963758468628,-0.05596412319727051,-0.0020263493061065674,-0.13310927152633667,-0.06738017473406899,-0.07053720951080322,-0.15794169902801514,-0.08161616299338448,0.065533846616745,-0.28086912631988525,-0.0444040407616626,0.09417328238487244,-0.39466869831085205,-0.06067823965139496,0.10681724548339844,-0.4679138958454132,-0.07314958397336113,0.12048640847206116,-0.5375828146934509,-0.0843101364750396,0.015059709548950195,-0.30085474252700806,-0.0487033908445369,0.020024865865707397,-0.4366668462753296,-0.06172408137507546,0.017555177211761475,-0.5260796546936035,-0.08136317852921593,0.018898725509643555,-0.6047511696815491,-0.09600163225121605,-0.02904045581817627,-0.277779757976532,-0.05593133319206345,-0.05484360456466675,-0.39604854583740234,-0.08804350320286858,-0.07406368851661682,-0.4745006859302521,-0.11980119321532356,-0.08488038182258606,-0.5522768199443817,-0.14034778598733055,-0.06910347938537598,-0.22155094146728516,-0.06483007941432106,-0.08076754212379456,-0.2424045205116272,-0.09612047646231758,-0.07632243633270264,-0.1872541904449463,-0.10400134298987496,-0.07115098834037781,-0.13598573207855225,-0.10763319555707085,-2.6637623607305403,-1.3599172078342305,-1.5581643527985483,-1.7714842397761756,1.594720983759721,0.4249910579423526,0.4556725683412079,0.3945958871809119,0.021964544364441996,0.12178524229757824,0.2058917976662499,0.444977649575623,0.1162912743889798,0.47733634520702467,0.4165174259042532,W
0.0,0.0,0.0,0.05127719044685364,-0.01943904161453247,-0.03863467544385912,0.06897550821304321,-0.08199054002761841,-0.055072671622724556,-0.009683996438980103,-0.12943321466445923,-0.06654181972214701,-0.07885751128196716,-0.1517963409423828,-0.08090250834891322,0.05969974398612976,-0.27887284755706787,-0.04427603155443194,0.08875736594200134,-0.3930550217628479,-0.05997606262633326,0.10159221291542053,-0.46599870920181274,-0.07224593207308772,0.11606380343437195,-0.5359129011631012,-0.08333028003642085,0.008791565895080566,-0.294766366481781,-0.04875961586901667,0.012359291315078735,-0.43133610486984253,-0.061022519022913,0.009465247392654419,-0.5209461450576782,-0.08045764163205149,0.011813044548034668,-0.6000286042690277,-0.09523910179802897,-0.03449070453643799,-0.268974244594574,-0.05601638078758242,-0.060419440269470215,-0.38702040910720825,-0.0877392058081341,-0.08052071928977966,-0.4663267433643341,-0.11924435094067576,-0.09219175577163696,-0.5454353392124176,-0.1396989886469555,-0.0728863775730133,-0.21141576766967773,-0.06485274329850199,-0.08449283242225647,-0.23679381608963013,-0.09523931041428568,-0.07904377579689026,-0.18351048231124878,-0.10208624497124674,-0.07320904731750488,-0.1330125331878662,-0.10521040007540705,-2.700436603165561,-1.3549317114549044,-1.5608986728653362,-1.776555654803593,1.574911819285817,0.43074336996237433,0.4573109572068531,0.39386477760158595,0.019614703130979752,0.1223889051881115,0.20847315118885346,0.4451437055000576,0.11746243262880288,0.4746922863848503,0.4128594363090413,W
0.0,0.0,0.0,0.05429026484489441,-0.02131563425064087,-0.0388884908527416,0.07351019978523254,-0.08415210247039795,-0.055958337244419454,-0.004841595888137817,-0.1313055157661438,-0.06866121580901563,-0.07474717497825623,-0.15251392126083374,-0.08447291990819394,0.06386315822601318,-0.28455156087875366,-0.04381341030898511,0.0928625762462616,-0.39982396364212036,-0.06030142968597829,0.10583224892616272,-0.47405922412872314,-0.07320773145261228,0.11953482031822205,-0.5445135533809662,-0.08489485373797834,0.01312476396560669,-0.30225688219070435,-0.04916476374569356,0.018745392560958862,-0.43683961033821106,-0.06278892895284116,0.016213983297348022,-0.5256035923957825,-0.08302597990336835,0.01664254069328308,-0.6026302576065063,-0.09814763357940137,-0.030752718448638916,-0.2774956226348877,-0.057480043825535176,-0.0577661395072937,-0.3971353769302368,-0.09062003633084714,-0.07874742150306702,-0.476116418838501,-0.12309146961274564,-0.09089402854442596,-0.5541614294052124,-0.144039700832991,-0.07052019238471985,-0.22022175788879395,-0.06741300514045179,-0.08301116526126862,-0.24046939611434937,-0.09991798838677823,-0.0776759684085846,-0.18587839603424072,-0.10875131478610456,-0.07074189186096191,-0.13507705926895142,-0.1130166604191345,-2.7095444922365925,-1.3598298057050764,-1.5590855155141015,-1.7848451704111699,1.5734001175042998,0.4375033774483347,0.45930033352456373,0.40197194140720327,0.017890959979096517,0.1181709461604482,0.21064990373944723,0.4514902766488531,0.1179548262286166,0.4756490642569418,0.419568609294613,W
0.0,0.0,0.0,0.04705023765563965,-0.020054757595062256,-0.03710750245500094,0.06510436534881592,-0.08470416069030762,-0.053773840302710596,-0.014370203018188477,-0.12730717658996582,-0.06623690330434329,-0.08265206217765808,-0.15374761819839478,-0.08153991901326663,0.06077072024345398,-0.27825403213500977,-0.04035880544233805,0.0857938826084137,-0.3912859857082367,-0.05758670472550875,0.09846904873847961,-0.4626566469669342,-0.07094341271567828,0.11117789149284363,-0.5309975743293762,-0.08264001213956362,0.007962942123413086,-0.2983782887458801,-0.04579633974481112,0.009998202323913574,-0.43231403827667236,-0.059712370270972315,0.009125113487243652,-0.5197595357894897,-0.08011743926454074,0.011961400508880615,-0.5974207520484924,-0.09490728133368975,-0.03642827272415161,-0.2734467387199402,-0.054231291050200525,-0.06345957517623901,-0.38659051060676575,-0.0871290540044356,-0.08155858516693115,-0.4645826816558838,-0.11959111445594317,-0.09293493628501892,-0.5431107878684998,-0.14058020466018206,-0.07591336965560913,-0.2168964147567749,-0.06408506386924273,-0.0845189094543457,-0.2321079969406128,-0.09728708618331439,-0.07971537113189697,-0.17829298973083496,-0.10638475918221957,-0.07334288954734802,-0.13170576095581055,-0.11059377842593676,-2.704462884359327,-1.3739392894922877,-1.5574262519061075,-1.777352380791873,1.5406322143922766,0.424131560180018,0.45364915631124425,0.38949892861914115,0.0239270592794722,0.11939828567226629,0.2044719452778786,0.43986574186089183,0.11812202877537825,0.47346306596233456,0.41187127171532806,W
0.0,0.0,0.0,0.05197373032569885,-0.023146510124206543,-0.0377872801606145,0.07074436545372009,-0.08864712715148926,-0.05343389056963588,-0.008186578750610352,-0.1337296962738037,-0.06466608040375377,-0.07876935601234436,-0.156649649143219,-0.07870292209429408,0.06300586462020874,-0.28368908166885376,-0.04028675996107722,0.08930855989456177,-0.39918404817581177,-0.05548775859517718,0.10077860951423645,-0.4725153148174286,-0.06776397221130992,0.11331304907798767,-0.5439517498016357,-0.07910111837429668,0.01169469952583313,-0.30121666193008423,-0.045780739862152586,0.01336890459060669,-0.4376712441444397,-0.05714725248856212,0.009761214256286621,-0.5262348651885986,-0.0767979576472726,0.010279297828674316,-0.6054636836051941,-0.09191032789988185,-0.032573193311691284,-0.27668339014053345,-0.05437985726041461,-0.060875385999679565,-0.39397725462913513,-0.08587847195906306,-0.08197265863418579,-0.47323286533355713,-0.11826688342137004,-0.09510864317417145,-0.5544759929180145,-0.13956806354565288,-0.07228276133537292,-0.22066301107406616,-0.06460671417755748,-0.08387139439582825,-0.241912841796875,-0.09620891802353526,-0.07786703109741211,-0.18643403053283691,-0.10439969890160228,-0.07159501314163208,-0.13609862327575684,-0.10839570604605342,-2.714733819200354,-1.3798571830931288,-1.5754484396687407,-1.792220801002585,1.5626636713236643,0.43231766968250185,0.45756278288441743,0.39816174113816916,0.02176731172725835,0.11999863289537396,0.20868723366422387,0.4478115276438843,0.11707417610400167,0.4764524768063639,0.4190376047875435,W
0.0,0.0,0.0,0.049768149852752686,-0.023295283317565918,-0.03790318149157201,0.0709502100944519,-0.0885152816772461,-0.05336876886912023,-0.006880849599838257,-0.13603919744491577,-0.06370807367392217,-0.07627284526824951,-0.15993577241897583,-0.07671951430864965,0.06363648176193237,-0.2800876498222351,-0.04197385090418493,0.09008198976516724,-0.3962567150592804,-0.05679164010115301,0.10151532292366028,-0.4693014621734619,-0.06839331912823354,0.11375725269317627,-0.5406541228294373,-0.07923435348101293,0.012107819318771362,-0.29974228143692017,-0.0467920668704096,0.015543162822723389,-0.43727439641952515,-0.059103566436249366,0.01247909665107727,-0.5243601500988007,-0.07885277944632207,0.013086169958114624,-0.6022634208202362,-0.09358183222838079,-0.03147730231285095,-0.27672111988067627,-0.05434234741159116,-0.058807164430618286,-0.3942576050758362,-0.08597791868277227,-0.0799868106842041,-0.4725637137889862,-0.11715091693230306,-0.09286053478717804,-0.5517315864562988,-0.1375736438018862,-0.07024073600769043,-0.22226428985595703,-0.06340683924980794,-0.07909488677978516,-0.2461037039756775,-0.09458304124899541,-0.07496193051338196,-0.18867254257202148,-0.10106677490301763,-0.06996563076972961,-0.13608509302139282,-0.1037892021519724,-2.689921716788961,-1.3807642431994158,-1.5675623470783018,-1.790399948821463,1.5676040911557816,0.4255089898821081,0.451263539566864,0.3921467982028477,0.024670546456384588,0.11802699902127771,0.206914524148696,0.4443311803010755,0.11738045208027878,0.473518568710313,0.4162765716860625,W
0.0,0.0,0.0,0.05447840690612793,-0.023212671279907227,-0.03690438938815532,0.07639989256858826,-0.08825808763504028,-0.0524507336087936,-0.0011295080184936523,-0.13521933555603027,-0.06386801821668087,-0.07160541415214539,-0.16055089235305786,-0.07789771480042873,0.07041364908218384,-0.28381896018981934,-0.04121229273755489,0.09618228673934937,-0.399791955947876,-0.05794555915076671,0.10915404558181763,-0.47363513708114624,-0.07036411983449398,0.12269896268844604,-0.5451711714267731,-0.08170080406148372,0.019685208797454834,-0.30629658699035645,-0.04809282568771778,0.025468677282333374,-0.44337594509124756,-0.06027469260175167,0.023294180631637573,-0.5308208167552948,-0.07896142674167095,0.02354198694229126,-0.6085748076438904,-0.09305063111264644,-0.02550983428955078,-0.2848145365715027,-0.05813531426269947,-0.05285155773162842,-0.3989168703556061,-0.09023598802764354,-0.07247555255889893,-0.475889652967453,-0.12223725987155376,-0.08409956097602844,-0.5551677942276001,-0.1431213862963432,-0.06620818376541138,-0.2290390133857727,-0.069904359407019,-0.07714080810546875,-0.2378854751586914,-0.10296850127656398,-0.07094335556030273,-0.18157100677490234,-0.11259091866691051,-0.06502985954284668,-0.13263875246047974,-0.11732317728478847,-2.687229777906886,-1.373346054467255,-1.558037984921956,-1.7842115601315818,1.5585736882572412,0.4309140864884242,0.4580157820507419,0.39481464378859965,0.028676217878282357,0.11769505904954582,0.20704000062120417,0.4532384663668009,0.12016243972348317,0.4841075300109815,0.4229591524596573,W
0.0,0.0,0.0,0.05800694227218628,-0.022751331329345703,-0.03956394289537002,0.08494672179222107,-0.08937454223632812,-0.05669636298819114,0.005514413118362427,-0.13892406225204468,-0.06921324153347541,-0.06873822212219238,-0.1620538830757141,-0.08476870526476432,0.07892158627510071,-0.28634506464004517,-0.04707388599319984,0.1058209240436554,-0.403889000415802,-0.06535559167070915,0.11819598078727722,-0.47926217317581177,-0.07843325306578208,0.1308574676513672,-0.5521214008331299,-0.09017647822304298,0.02621731162071228,-0.3092198371887207,-0.052854526982741845,0.033104538917541504,-0.44614720344543457,-0.06634784509344627,0.03355133533477783,-0.5329538881778717,-0.08598180879755546,0.03474313020706177,-0.610191285610199,-0.1010435747067504,-0.02096688747406006,-0.2883984446525574,-0.061720341638761056,-0.04457497596740723,-0.4020747244358063,-0.09513894488020469,-0.06197422742843628,-0.479694128036499,-0.12895270456476737,-0.07355886697769165,-0.5590669214725494,-0.15136290361090232,-0.062342315912246704,-0.23423826694488525,-0.07240413148804237,-0.06724095344543457,-0.23619383573532104,-0.10729496945543815,-0.061903417110443115,-0.178602397441864,-0.11911312510176231,-0.0592687726020813,-0.12984728813171387,-0.12555856277151634,-2.6998499186235936,-1.3778161870962355,-1.5424762346559924,-1.7627090545456767,1.5413622158358455,0.43816789908163617,0.4599299096930381,0.3970423041363601,0.0335698560035761,0.11229460085142069,0.20453429570644616,0.4631019471894717,0.1197623613773765,0.4894574483889347,0.42945744893121274,W
0.0,0.0,0.0,0.057480692863464355,-0.022200703620910645,-0.038018584090423246,0.08337700366973877,-0.08814960718154907,-0.05543950556511845,0.005727112293243408,-0.13707923889160156,-0.06897690131063428,-0.06612211465835571,-0.1610403060913086,-0.08559895290727582,0.0795828104019165,-0.28494250774383545,-0.04443269206876721,0.10622024536132812,-0.39963293075561523,-0.06309805049295392,0.11881110072135925,-0.4744132161140442,-0.07669378055925336,0.13103696703910828,-0.5458514988422394,-0.08902210726137127,0.02740958333015442,-0.30903542041778564,-0.051074299800347944,0.033733904361724854,-0.4456987679004669,-0.06574261917467084,0.03354296088218689,-0.5322132110595703,-0.08609221114511456,0.034367144107818604,-0.6078621745109558,-0.10161838664407696,-0.019850164651870728,-0.2880015969276428,-0.06075348688955273,-0.04384803771972656,-0.401894211769104,-0.09469559027547803,-0.06188330054283142,-0.47803792357444763,-0.12833975984449353,-0.07351219654083252,-0.5538605153560638,-0.15051264299745526,-0.061707139015197754,-0.23384195566177368,-0.07206829621190991,-0.06965428590774536,-0.23534393310546875,-0.10767876340742077,-0.06430062651634216,-0.18047142028808594,-0.12048475428218808,-0.05941095948219299,-0.13389885425567627,-0.12750215067262616,-2.6879415685893933,-1.3760838064468666,-1.547517608030644,-1.7699643489236625,1.5478255001946102,0.4323787200616854,0.4579823940124769,0.3928897174997531,0.027958862844266127,0.11484937336554187,0.20470589797749378,0.4538451212672955,0.12064050451763221,0.4831516963235746,0.4201983361232892,W
0.0,0.0,0.0,0.05714508891105652,-0.026540696620941162,-0.03738073432879219,0.08348643779754639,-0.09700638055801392,-0.051828583572671505,0.005610466003417969,-0.1381053328514099,-0.06177928844527969,-0.06595879793167114,-0.15924608707427979,-0.0750490779622055,0.07429838180541992,-0.2863759398460388,-0.043607270215318295,0.0983022153377533,-0.3995387554168701,-0.06004760587649116,0.10956147313117981,-0.4714171290397644,-0.07133614072637329,0.12113726139068604,-0.539773553609848,-0.08189128885106811,0.0206601619720459,-0.30694061517715454,-0.05011983016567001,0.024397343397140503,-0.44197338819503784,-0.06208715016083488,0.024203598499298096,-0.5316398739814758,-0.0821095461590744,0.024698317050933838,-0.609233021736145,-0.09775353023843536,-0.026960134506225586,-0.281782865524292,-0.05967056924538383,-0.05265757441520691,-0.3964891731739044,-0.0937602202041603,-0.06985875964164734,-0.47766008973121643,-0.1309928650601364,-0.08190567791461945,-0.5590620338916779,-0.1562175805314041,-0.06769940257072449,-0.22283774614334106,-0.0705002749903656,-0.06886622309684753,-0.22498810291290283,-0.10804036060409317,-0.06020238995552063,-0.16745364665985107,-0.12286232957677612,-0.05626571178436279,-0.11827528476715088,-0.13162029335336456,-2.7469676985728,-1.3880159706791177,-1.557438680963067,-1.7664216962606805,1.4618811002265188,0.42403547988574375,0.4590282713116383,0.40013384549508313,0.04210181184639184,0.11884901218669801,0.20395705595374852,0.4573101852449141,0.11781994637541379,0.49758885985817525,0.44153184037725907,W
0.0,0.0,0.0,0.055697888135910034,-0.021133065223693848,-0.03836301954015653,0.07964763045310974,-0.08866763114929199,-0.055672744824732945,0.002129882574081421,-0.1367253065109253,-0.06881900371536176,-0.0672636330127716,-0.160544753074646,-0.08507863672002713,0.07298237085342407,-0.2830565571784973,-0.0460605459056751,0.09905853867530823,-0.39702287316322327,-0.06554720045551221,0.1118653416633606,-0.47141677141189575,-0.07881916554197232,0.12401896715164185,-0.5410210192203522,-0.09070917458757322,0.019116342067718506,-0.306518018245697,-0.05233209074958722,0.026044368743896484,-0.4409734308719635,-0.06849623711332242,0.02703985571861267,-0.529262900352478,-0.08928444476350705,0.028020232915878296,-0.6061278581619263,-0.1046729409836189,-0.02922147512435913,-0.28308844566345215,-0.06163730339631002,-0.051442503929138184,-0.393695592880249,-0.09806621314510267,-0.06968137621879578,-0.47066164016723633,-0.13339957834705274,-0.08227477967739105,-0.5474367737770081,-0.1564644450090782,-0.07122364640235901,-0.22512340545654297,-0.07225589694007795,-0.07558766007423401,-0.2179684042930603,-0.11120875419601362,-0.07050058245658875,-0.16173303127288818,-0.12646819890960614,-0.06682085990905762,-0.11663389205932617,-0.13496424497589032,-2.6865776511618593,-1.375475166083936,-1.541086785202297,-1.7688597640750363,1.5302359842459103,0.42585352203056526,0.4556570186505758,0.38718312231726176,0.043913093299471705,0.11599421301010163,0.2063934879963328,0.465321687967095,0.12493851763658409,0.4985972079134434,0.43107997695609235,W
0.0,0.0,0.0,0.05554303526878357,-0.024904906749725342,-0.03888513968121288,0.07995134592056274,-0.0923205018043518,-0.05541118309628246,0.001628100872039795,-0.13350510597229004,-0.06744534597527263,-0.06938081979751587,-0.1558983325958252,-0.08283285126816509,0.07268527150154114,-0.28437769412994385,-0.04608620778452632,0.09726521372795105,-0.39798828959465027,-0.06489103362690685,0.10898977518081665,-0.47070735692977905,-0.07788657472264049,0.12058502435684204,-0.540552407503128,-0.08958330080639598,0.018630146980285645,-0.3068869113922119,-0.05256241635214565,0.02354249358177185,-0.4423052668571472,-0.06704120413195369,0.024173825979232788,-0.5304028689861298,-0.08819587603937862,0.025337964296340942,-0.6083996593952179,-0.10431806073319194,-0.029925763607025146,-0.28318530321121216,-0.06217431352268932,-0.05369466543197632,-0.3931146264076233,-0.09715387300383327,-0.07122278213500977,-0.4713664650917053,-0.13454200402628658,-0.08369223773479462,-0.5511284470558167,-0.15996584371458766,-0.0716741681098938,-0.2248908281326294,-0.07318958715330837,-0.07468867301940918,-0.21948671340942383,-0.11176854447256801,-0.06720542907714844,-0.16082215309143066,-0.1275948144568133,-0.06229996681213379,-0.11280441284179688,-0.13692464009653804,-2.73908884136857,-1.3859499906892618,-1.54855278639068,-1.768830019430244,1.4873568101057661,0.4290055702296542,0.46230844553764044,0.39548914025474,0.04367178034803741,0.11694123327328729,0.2045508553398769,0.46520454311159365,0.1231567160887908,0.5032842689527658,0.43884574536490806,W
0.0,0.0,0.0,0.056886225938797,-0.0257645845413208,-0.03885354001215546,0.07742592692375183,-0.09513938426971436,-0.05631666902593224,0.0008448362350463867,-0.13988620042800903,-0.07018179346016495,-0.06982111930847168,-0.1631072759628296,-0.08733720231941788,0.07219502329826355,-0.28944188356399536,-0.04286052558711617,0.09596389532089233,-0.4031270146369934,-0.06051759321383088,0.10820147395133972,-0.4776604175567627,-0.07362004269054978,0.12058871984481812,-0.5456562936306,-0.08579026062182038,0.019886940717697144,-0.3102602958679199,-0.0487191033749923,0.024506866931915283,-0.44699549674987793,-0.06278299439838975,0.024230927228927612,-0.5386505126953125,-0.08375297386339753,0.025427430868148804,-0.6142456233501434,-0.10000929135969727,-0.02737128734588623,-0.28404736518859863,-0.05774271760276406,-0.0551266074180603,-0.40121960639953613,-0.09107227523020356,-0.07384398579597473,-0.4822247624397278,-0.1262707998245105,-0.08457563817501068,-0.5578814148902893,-0.14995090562990754,-0.06957313418388367,-0.22430872917175293,-0.06853458929947465,-0.08410267531871796,-0.2352554202079773,-0.10462868858269303,-0.0766516923904419,-0.186170756816864,-0.11961209673575013,-0.06784418225288391,-0.13953489065170288,-0.12844473023108094,-2.7091416765556997,-1.3841158847685837,-1.5525721683670866,-1.7767362114374268,1.5504042777707652,0.42731681193811905,0.4610836093314366,0.39504976470427156,0.023655139597516188,0.11730373852131658,0.2055282642156611,0.4477069940826365,0.12360258571008943,0.48378701259261797,0.4186809715759486,W
0.0,0.0,0.0,0.05841934680938721,-0.01484590768814087,-0.04008493582932715,0.07916665077209473,-0.08162868022918701,-0.05821575234858756,-0.00041997432708740234,-0.1260470747947693,-0.07223764444916014,-0.06972628831863403,-0.1506217122077942,-0.08986701454250579,0.07058796286582947,-0.2757670283317566,-0.047143619612143084,0.09541410207748413,-0.39171355962753296,-0.06943781311838393,0.10878536105155945,-0.46685466170310974,-0.08418236310808425,0.12093570828437805,-0.5333812832832336,-0.09611842419235472,0.015332907438278198,-0.29930877685546875,-0.053177062526629015,0.019652754068374634,-0.437120258808136,-0.07125447328417067,0.02147015929222107,-0.5272556841373444,-0.09352063025562529,0.024639368057250977,-0.6016519367694855,-0.10926881070463423,-0.03346681594848633,-0.27436113357543945,-0.06262740130750899,-0.056722819805145264,-0.3843277096748352,-0.10085207606880431,-0.07358068227767944,-0.4638495445251465,-0.1391390451344705,-0.08406297862529755,-0.5414686501026154,-0.16395631815521483,-0.07606300711631775,-0.21507418155670166,-0.07342943187086348,-0.08168953657150269,-0.2128801941871643,-0.11430602158634429,-0.07265415787696838,-0.1587693691253662,-0.1316574254187799,-0.06414937973022461,-0.11324399709701538,-0.1413908192071176,-2.7076732040048577,-1.3777906403910034,-1.5400249242882875,-1.7580007964062276,1.454330739799773,0.42761768695705443,0.4607962028613314,0.39110979219486103,0.037791473857287136,0.1180418030554366,0.2051581515240436,0.4590989316577566,0.12425066667152991,0.4964128899099772,0.4286874209289565,W
0.0,0.0,0.0,0.05813634395599365,-0.019775807857513428,-0.03589849662665756,0.0828433632850647,-0.08965402841567993,-0.05105687793974312,0.008336305618286133,-0.14051681756973267,-0.06271457415704162,-0.0624232292175293,-0.16585123538970947,-0.07754589360837372,0.07484844326972961,-0.28842514753341675,-0.03860184666399391,0.10041466355323792,-0.4044994115829468,-0.05405743163709076,0.11191338300704956,-0.4791841208934784,-0.06616013985757263,0.1234045922756195,-0.5491747856140137,-0.0774890084255162,0.021615266799926758,-0.31044435501098633,-0.045895510582965926,0.0265369713306427,-0.4486203193664551,-0.05829409253482254,0.025183439254760742,-0.5397911071777344,-0.0787150461662236,0.02451401948928833,-0.6181268393993378,-0.09421986830119522,-0.025564849376678467,-0.28416121006011963,-0.05603017774109276,-0.048951923847198486,-0.40139350295066833,-0.08972121518735321,-0.06979227066040039,-0.4822461009025574,-0.1237488065350476,-0.08572585880756378,-0.5625061690807343,-0.14599498104934128,-0.06880003213882446,-0.2237418293952942,-0.06758940708522232,-0.07086694240570068,-0.24097037315368652,-0.10309173655394943,-0.0632343590259552,-0.18530267477035522,-0.1144411985266629,-0.058000266551971436,-0.13333112001419067,-0.12033065152053268,-2.6585113563496474,-1.3866875952918432,-1.5613753585023318,-1.7836602497153606,1.451907378163055,0.4259916940474946,0.46055543335735943,0.39733883395314085,0.032819514054567796,0.12055592522652253,0.2095549363660815,0.45368896506941364,0.12347667688108369,0.49176772660989165,0.4300696818042321,W
0.0,0.0,0.0,0.061694592237472534,-0.016845107078552246,-0.034451973288526005,0.0889718234539032,-0.08476537466049194,-0.04897639214919991,0.01665458083152771,-0.13734114170074463,-0.060131233780850835,-0.05434563755989075,-0.16027861833572388,-0.07389568969534821,0.0817486047744751,-0.2826118469238281,-0.03662472277807183,0.10905134677886963,-0.39908450841903687,-0.052722290753592915,0.12118515372276306,-0.473456472158432,-0.06446277782248444,0.13338059186935425,-0.5428782105445862,-0.07535747125672287,0.028845161199569702,-0.3064543604850769,-0.04505090475009865,0.036871880292892456,-0.4445785880088806,-0.059005205183495946,0.03772008419036865,-0.5353360176086426,-0.07919548883961625,0.03888624906539917,-0.6134319603443146,-0.0937982617311377,-0.018603891134262085,-0.28318172693252563,-0.056484409271945424,-0.03831109404563904,-0.3947063684463501,-0.09268081620263047,-0.05868101119995117,-0.4733097553253174,-0.12670914515780396,-0.07273063063621521,-0.5530611276626587,-0.14750565275477356,-0.06127810478210449,-0.22389429807662964,-0.06912919565962738,-0.06186878681182861,-0.2291700839996338,-0.10577871337460465,-0.056240350008010864,-0.17188817262649536,-0.1173394365601439,-0.052637457847595215,-0.12236970663070679,-0.12267328485773987,-2.6566613188207437,-1.374957664798693,-1.5380984715121322,-1.7687293173157517,1.4858920282284116,0.42617318683149136,0.4626447190417996,0.39321254761716357,0.03794737757195192,0.1179279968148109,0.20636261251441332,0.45981530714449537,0.1268974596790698,0.49951849410145305,0.4311598726032322,W
0.0,0.0,0.0,0.062099963426589966,-0.01149284839630127,-0.039139965764093176,0.09053102135658264,-0.0791085958480835,-0.05600093512873627,0.01492607593536377,-0.13543790578842163,-0.06862464382390954,-0.058949291706085205,-0.15910392999649048,-0.08405399157743432,0.08305919170379639,-0.27953827381134033,-0.04261198102574326,0.11024758219718933,-0.39889252185821533,-0.061214739671754614,0.1230592131614685,-0.474266916513443,-0.07479163839559533,0.13671374320983887,-0.5445678532123566,-0.08667511328201272,0.029194533824920654,-0.3038197159767151,-0.04916168957095124,0.03885537385940552,-0.44046854972839355,-0.06472047253589608,0.039839327335357666,-0.5310313701629639,-0.08600829376916863,0.04089212417602539,-0.6100178062915802,-0.1011419428799627,-0.018544256687164307,-0.2833341360092163,-0.05899391903619744,-0.03731131553649902,-0.39305543899536133,-0.09700955285768487,-0.058134883642196655,-0.472438782453537,-0.13185053153972603,-0.07174277305603027,-0.5540579259395599,-0.15297811313610055,-0.06191563606262207,-0.22876399755477905,-0.07041036172847726,-0.06678886711597443,-0.22879129648208618,-0.10932469948272683,-0.06500056385993958,-0.169502854347229,-0.1218592731569288,-0.06397438049316406,-0.11997133493423462,-0.12753345652561165,-2.6502171220548116,-1.3710486010117922,-1.532612206665037,-1.7648288417839417,1.5897176279886183,0.43228053314193693,0.46183507030195103,0.3951611469722821,0.039453916328097485,0.11604085070497312,0.20867242427803004,0.4696359508484581,0.12577014066736256,0.5011412254956868,0.4341560968288196,W
0.0,0.0,0.0,0.06190747022628784,-0.022775352001190186,-0.03329214568293537,0.08942383527755737,-0.09681886434555054,-0.04716132695830311,0.014057040214538574,-0.14336878061294556,-0.058507015211944235,-0.05693572759628296,-0.16453295946121216,-0.07316022480881657,0.08096683025360107,-0.2895997166633606,-0.03256921584761585,0.1056908667087555,-0.40752166509628296,-0.0492178883687302,0.11813423037528992,-0.48244357109069824,-0.061609325213794364,0.13018766045570374,-0.5515404343605042,-0.07261653359091724,0.027554422616958618,-0.3114843964576721,-0.04128645102537121,0.03384318947792053,-0.4488823115825653,-0.05499016980684246,0.03435671329498291,-0.5390031933784485,-0.07567586119330372,0.0344502329826355,-0.6150205731391907,-0.09053096289790119,-0.02003541588783264,-0.28736066818237305,-0.053321712864999427,-0.042669326066970825,-0.39980804920196533,-0.08914486433423008,-0.0621911883354187,-0.4789577126502991,-0.1250097539559647,-0.07700574398040771,-0.556540846824646,-0.1476469870940491,-0.06336626410484314,-0.230757474899292,-0.06649763996756519,-0.0635354220867157,-0.23452889919281006,-0.10462711120999302,-0.05713546276092529,-0.17585253715515137,-0.11853309090292896,-0.05228683352470398,-0.12617594003677368,-0.12568581963932957,-2.7082641779275956,-1.3850539903372585,-1.548081985276265,-1.7793624130234091,1.4652494170709054,0.42987201349236553,0.45966344630415334,0.3925213233861336,0.038637716744335616,0.11487115842770239,0.20725373571214004,0.4628519136664434,0.1258662511978905,0.49648000364499606,0.4310742134814505,W
0.0,0.0,0.0,0.059452176094055176,-0.0195004940032959,-0.03583384414656621,0.08425849676132202,-0.09033477306365967,-0.051425618282394225,0.007879197597503662,-0.13842803239822388,-0.06325708811624509,-0.06310337781906128,-0.16015470027923584,-0.07821556662662488,0.07491475343704224,-0.2845270037651062,-0.040775538585023696,0.10046985745429993,-0.40315645933151245,-0.05867272724850636,0.11159470677375793,-0.47862911224365234,-0.0712671998654173,0.12295055389404297,-0.5480632483959198,-0.08218905066593152,0.02195236086845398,-0.30650651454925537,-0.04815479849918347,0.027548879384994507,-0.4445075988769531,-0.0631318289552496,0.027109593152999878,-0.5349782109260559,-0.08364485686166745,0.027244120836257935,-0.6121431887149811,-0.09818670635564786,-0.024483680725097656,-0.2836034893989563,-0.058487725606994445,-0.04708552360534668,-0.396506667137146,-0.09501451735837918,-0.06887289881706238,-0.4765881299972534,-0.13003937636955243,-0.08494040369987488,-0.5564961433410645,-0.15196822320564252,-0.06672096252441406,-0.2275490164756775,-0.07008260970457059,-0.07005542516708374,-0.2312009334564209,-0.10762551908834439,-0.06604674458503723,-0.17113590240478516,-0.1199926335130499,-0.0637822151184082,-0.11983144283294678,-0.12596820031745892,-2.699124579404453,-1.390501648776628,-1.553484165858689,-1.7888153560582085,1.543521124400442,0.43021983590706064,0.460929782278931,0.39694255905313564,0.04032897111455598,0.11517794962551965,0.20806192339414725,0.4671740642616854,0.12522763754157834,0.5006562183482279,0.43717700032583257,W
0.0,0.0,0.0,0.05808618664741516,-0.021181941032409668,-0.036444043853919084,0.08118867874145508,-0.09209799766540527,-0.05183508072201448,0.0010306835174560547,-0.13778674602508545,-0.0632900205642386,-0.07092952728271484,-0.15964049100875854,-0.07780732784573274,0.07312440872192383,-0.2886807918548584,-0.03963646117750841,0.09878450632095337,-0.405465304851532,-0.05652861122194963,0.1105545163154602,-0.4781704246997833,-0.06834812287394243,0.12261953949928284,-0.5468626618385315,-0.0787522551805182,0.018571466207504272,-0.30975598096847534,-0.04616332251731592,0.022977560758590698,-0.4459088444709778,-0.059708969780842835,0.022936463356018066,-0.533935546875,-0.07944185856882768,0.024275928735733032,-0.6104391515254974,-0.09380732301775652,-0.028824210166931152,-0.2859904170036316,-0.05585684824887949,-0.051983535289764404,-0.39526212215423584,-0.09075546834770876,-0.07174578309059143,-0.47206413745880127,-0.12567588512007433,-0.086391881108284,-0.5502030253410339,-0.1479775292069121,-0.07187771797180176,-0.22890323400497437,-0.06693624530140596,-0.071674644947052,-0.23220425844192505,-0.10255164478127199,-0.06764301657676697,-0.1711634397506714,-0.1145707127839728,-0.06525379419326782,-0.12031179666519165,-0.12082280043665605,-2.7237284825010954,-1.381387899623957,-1.551826930291001,-1.7853273194717634,1.5098732306341733,0.43289981616339834,0.4607423479336001,0.39086849145189084,0.039736131478446096,0.11710438001599033,0.20903811129246758,0.46609229782616796,0.12599902790649664,0.49823728811692103,0.43041060304185363,W
0.0,0.0,0.0,0.05776926875114441,-0.01825869083404541,-0.03459304992924217,0.08115488290786743,-0.09066528081893921,-0.049888205275635755,-0.0007680356502532959,-0.13891804218292236,-0.06184934128890518,-0.07443007826805115,-0.15778040885925293,-0.07740750213037018,0.07546928524971008,-0.2853587865829468,-0.0380698074854422,0.09978839755058289,-0.40459659695625305,-0.05499634940991882,0.11099648475646973,-0.47892749309539795,-0.0667018448270369,0.12297165393829346,-0.5476250052452087,-0.07719565232167724,0.022869110107421875,-0.30785512924194336,-0.04601325889001373,0.027739912271499634,-0.4427318274974823,-0.059753694132666624,0.02587723731994629,-0.5307042002677917,-0.07966149647603515,0.02628067135810852,-0.6072086989879608,-0.09397071649203781,-0.023564249277114868,-0.285534143447876,-0.057046901927094495,-0.046527087688446045,-0.3962215781211853,-0.0928745349205542,-0.0680747926235199,-0.4764198064804077,-0.1285839607275534,-0.08267027139663696,-0.5583648979663849,-0.15152213771710876,-0.06663325428962708,-0.23066961765289307,-0.06923539240727905,-0.07057824730873108,-0.2295926809310913,-0.10616923917899612,-0.0693652331829071,-0.16735464334487915,-0.11920164574752334,-0.06737998127937317,-0.11677563190460205,-0.12627077896962646,-2.73433655218447,-1.391616124472821,-1.5594003926529747,-1.784139383939735,1.5773525666668717,0.4369739731487382,0.46057403645698164,0.4006692322802168,0.04160643700979975,0.11357536120282295,0.20592218615564345,0.47102540009858607,0.11939859641295257,0.4992964161109804,0.4418539044445054,W
0.0,0.0,0.0,0.060597360134124756,-0.020176291465759277,-0.03720851246805523,0.09171810746192932,-0.09059995412826538,-0.052982028616384014,0.01724657416343689,-0.143049418926239,-0.06473015625567768,-0.05647927522659302,-0.16423827409744263,-0.07946024466843937,0.08567053079605103,-0.29510563611984253,-0.041119046551898464,0.11155110597610474,-0.4172153174877167,-0.05801835660429333,0.12263435125350952,-0.49205073714256287,-0.06986657161803578,0.13555723428726196,-0.5622901320457458,-0.0804544128903899,0.03168931603431702,-0.31704020500183105,-0.04799337689371441,0.038839876651763916,-0.45210713148117065,-0.06119474772901867,0.038399696350097656,-0.541377454996109,-0.08115491647811268,0.03885951638221741,-0.6188314259052277,-0.0960750543007407,-0.016772180795669556,-0.29484593868255615,-0.05809684847088192,-0.040186941623687744,-0.4041813015937805,-0.09303337712378834,-0.06283161044120789,-0.48183149099349976,-0.1286324523815665,-0.07811006903648376,-0.5592067241668701,-0.15193646777959202,-0.06167483329772949,-0.24025726318359375,-0.06986546893210743,-0.06378637254238129,-0.23327964544296265,-0.10621581603379582,-0.0628104954957962,-0.16571044921875,-0.1197758429178748,-0.06028693914413452,-0.10824239253997803,-0.12736402083726261,-2.680433310872137,-1.3862091737310929,-1.5470419855130078,-1.7987856032265828,1.5602835488243159,0.4419539598220171,0.4644829586281547,0.3955603213052237,0.056125190920891764,0.11201502827454828,0.21368955031491146,0.49448386224155433,0.13128971387892857,0.5201261199327514,0.45131639939054846,W
0.0,0.0,0.0,0.05865231156349182,-0.021470189094543457,-0.03639032627813776,0.08551445603370667,-0.09121561050415039,-0.05228849063985308,0.0054693520069122314,-0.145271897315979,-0.06423400278561076,-0.06904757022857666,-0.16686952114105225,-0.07910049642794093,0.07966643571853638,-0.29257673025131226,-0.03957693214886149,0.10642337799072266,-0.41101348400115967,-0.05456191237442454,0.11739805340766907,-0.484184205532074,-0.06533756788246592,0.13037928938865662,-0.5540173649787903,-0.07560200180284937,0.025977611541748047,-0.31277137994766235,-0.046921524511503776,0.03442060947418213,-0.4491356611251831,-0.0593428493606325,0.033481448888778687,-0.5377960205078125,-0.07888738747112711,0.03430670499801636,-0.617102861404419,-0.09336323227159937,-0.021338075399398804,-0.28909146785736084,-0.05713790591232737,-0.044145047664642334,-0.4003032445907593,-0.09155955846779307,-0.06710387766361237,-0.4779847264289856,-0.12407661165468653,-0.08264303207397461,-0.5582228302955627,-0.14467912848465403,-0.06628340482711792,-0.23261773586273193,-0.06891531433336695,-0.06962144374847412,-0.24088096618652344,-0.10304085101358851,-0.06911590695381165,-0.1748616099357605,-0.11174550588600596,-0.06764937937259674,-0.1159658432006836,-0.11562085832827051,-2.686402200963889,-1.3792010358053708,-1.5434346658905742,-1.7947630565883244,1.5825056277344849,0.43549342741883174,0.46194390015706766,0.3915893884785127,0.05092287664229624,0.11493355180609664,0.21306382935603868,0.4807332829994916,0.13093547672265027,0.5114033184819184,0.44251107585637856,W
0.0,0.0,0.0,0.06074243783950806,-0.01403820514678955,-0.04280211880814022,0.08565157651901245,-0.08377647399902344,-0.06274853378545231,0.0008978545665740967,-0.1332005262374878,-0.07801659137021488,-0.0737922191619873,-0.15842795372009277,-0.096551147401442,0.08079013228416443,-0.28267496824264526,-0.047531486600746575,0.10387030243873596,-0.40158596634864807,-0.06914437294017262,0.11386299133300781,-0.47850143909454346,-0.08387875288735813,0.12385591864585876,-0.5474797785282135,-0.09620412915955967,0.024976760149002075,-0.3090532422065735,-0.052257978469242516,0.029330700635910034,-0.4446367025375366,-0.07085089862357563,0.030031532049179077,-0.5322552919387817,-0.09291601657878346,0.03064975142478943,-0.6074095964431763,-0.10819458693276829,-0.02454507350921631,-0.2887941002845764,-0.060661842227091256,-0.049282729625701904,-0.39763084053993225,-0.1001696485282082,-0.07046937942504883,-0.47426220774650574,-0.13659711658965534,-0.08445845544338226,-0.5513557493686676,-0.15955956757079548,-0.07002690434455872,-0.23569422960281372,-0.07077278673659748,-0.07409662008285522,-0.22194135189056396,-0.11313149064790196,-0.07126456499099731,-0.15787631273269653,-0.12965597689162678,-0.06656086444854736,-0.108364999294281,-0.13821426510821766,-2.703707652048284,-1.4095756352681268,-1.5517844717541818,-1.7951429448255658,1.5435819615575903,0.4363784008924341,0.4609692405382031,0.39307253934822095,0.05058252560749113,0.1108105260494802,0.20835042981032773,0.4786233807762502,0.12803098476641586,0.5084244425497033,0.44335214944205026,W
0.0,0.0,0.0,0.05974555015563965,-0.007716119289398193,-0.04337792866158452,0.08249127864837646,-0.07411044836044312,-0.06239689164090123,-0.000728607177734375,-0.13195693492889404,-0.07524710916209187,-0.06981287896633148,-0.16347849369049072,-0.09091687970089879,0.08258631825447083,-0.27498477697372437,-0.05168323986458745,0.10707861185073853,-0.3992868661880493,-0.07278702430653539,0.1167263388633728,-0.47598034143447876,-0.08647552900242772,0.127693772315979,-0.5458358526229858,-0.09777462505030599,0.028107166290283203,-0.3005831837654114,-0.055230509715556764,0.033203572034835815,-0.4427037239074707,-0.07255911104607549,0.03198510408401489,-0.5309290289878845,-0.09285197429585423,0.03415966033935547,-0.6055525541305542,-0.10681767039227452,-0.0210740864276886,-0.2808738946914673,-0.06230434052872624,-0.04452770948410034,-0.3964109420776367,-0.10076203219819035,-0.0663585364818573,-0.47661691904067993,-0.13578803114819493,-0.07687951624393463,-0.5564123392105103,-0.15776158146786656,-0.06650868058204651,-0.22732996940612793,-0.07092464737820592,-0.07887962460517883,-0.22339457273483276,-0.10959132783341374,-0.0791688859462738,-0.15762794017791748,-0.12224447749781575,-0.07505081593990326,-0.10206621885299683,-0.1285101550095078,-2.610955283379518,-1.4057711971954205,-1.5509526959692375,-1.7706255827646094,1.6388841091391455,0.4303556984990266,0.4541362833375434,0.39299738461924116,0.061635245472497276,0.11097168351520836,0.2048465095156707,0.48789020888248763,0.12142676582485094,0.5151945437796944,0.45434980051577667,W
0.0,0.0,0.0,0.06143677234649658,-0.008376836776733398,-0.051693872810346875,0.0843142569065094,-0.07511448860168457,-0.07589313879702786,-0.00523337721824646,-0.12588489055633545,-0.0928995732972453,-0.07909369468688965,-0.15692967176437378,-0.11285331592057446,0.07906708121299744,-0.2739311456680298,-0.06461488202307919,0.10122260451316833,-0.3955836594104767,-0.09142484262679318,0.11035603284835815,-0.4752731919288635,-0.10816868141387204,0.11958661675453186,-0.545687735080719,-0.12143517777417401,0.023925334215164185,-0.3009313941001892,-0.06535863623116711,0.027981966733932495,-0.44281721115112305,-0.08849360540602902,0.028971970081329346,-0.5323001146316528,-0.11142164215539196,0.03010004758834839,-0.6054936349391937,-0.12723503753636578,-0.024377375841140747,-0.28121089935302734,-0.0700380404302905,-0.05149030685424805,-0.39323824644088745,-0.11160208031628827,-0.07296057045459747,-0.47048240900039673,-0.147473973483784,-0.08433058857917786,-0.5456818640232086,-0.17049303397629956,-0.06673678755760193,-0.22784823179244995,-0.07707272961829403,-0.0771440863609314,-0.21539485454559326,-0.12115955099557141,-0.07562431693077087,-0.15572577714920044,-0.13867504641507367,-0.07042457163333893,-0.10916566848754883,-0.14825683578942517,-2.6774007523962355,-1.4227844299326575,-1.5505250431591966,-1.7937197941724483,1.601859001842103,0.4365852699621641,0.46166319152729984,0.38878746384585133,0.048544347802253446,0.10763174122449216,0.20391720541822764,0.4760837807942453,0.12911939604029693,0.5064056174171949,0.43673764009096394,W
0.0,0.0,0.0,0.059184640645980835,-0.01341170072555542,-0.047905704838171914,0.08070191740989685,-0.08125674724578857,-0.07142569766654105,-0.0067862868309021,-0.12887871265411377,-0.08894225851906867,-0.08043281733989716,-0.15874063968658447,-0.11015358464135261,0.07500344514846802,-0.28118473291397095,-0.060241970133915856,0.09857124090194702,-0.4032819867134094,-0.08530820803059669,0.10888785123825073,-0.4824197292327881,-0.10127543554915519,0.11922776699066162,-0.5532082617282867,-0.11413317815674873,0.02012002468109131,-0.3070583939552307,-0.06282783196581931,0.02385726571083069,-0.4479820132255554,-0.08568629519356818,0.02478596568107605,-0.5381993055343628,-0.10883534596575828,0.026025086641311646,-0.6127675771713257,-0.12448277221335502,-0.027676820755004883,-0.2858871817588806,-0.06884351269616218,-0.05457237362861633,-0.3963247239589691,-0.11035618082894416,-0.07470981776714325,-0.4748426675796509,-0.1470815901578817,-0.08586414158344269,-0.5515203773975372,-0.17071387813700767,-0.07022860646247864,-0.23160916566848755,-0.07677230135811897,-0.07936519384384155,-0.2197774052619934,-0.12094032661332221,-0.0779675841331482,-0.1571851372718811,-0.13798326895846458,-0.0725165605545044,-0.10751008987426758,-0.1470895771802816,-2.69337070776884,-1.4096310065085356,-1.5514827829285742,-1.7864416353422254,1.5892307502686338,0.442118823139725,0.46634080379251114,0.3928172878569926,0.05183856050822167,0.11060764747677497,0.20509885400967687,0.4851935155582386,0.12755555210519656,0.5147772185147683,0.4442108658574446,W
0.0,0.0,0.0,0.06072482466697693,-0.006634533405303955,-0.04535667924710651,0.08505523204803467,-0.06837785243988037,-0.06949349446722408,-0.0016481578350067139,-0.11672544479370117,-0.08863203926512142,-0.07457035779953003,-0.1489107608795166,-0.1117045874757423,0.08239883184432983,-0.27318471670150757,-0.05834530247875591,0.10709229111671448,-0.3960292637348175,-0.0837974618239059,0.11893916130065918,-0.4741700291633606,-0.10063786758610149,0.13191702961921692,-0.5443922281265259,-0.11405253364273449,0.02585729956626892,-0.30106496810913086,-0.06231762795277973,0.031466275453567505,-0.4421902298927307,-0.08537135972210308,0.0327896773815155,-0.5330442786216736,-0.10947450204321285,0.03645983338356018,-0.6087181568145752,-0.1257272060079231,-0.023186326026916504,-0.28012901544570923,-0.06926809205242535,-0.04835796356201172,-0.391303151845932,-0.11077859206625362,-0.06819009780883789,-0.47087031602859497,-0.14702089084812542,-0.07865458726882935,-0.5472057163715363,-0.17001433624454876,-0.06808516383171082,-0.2257499098777771,-0.07782682730385204,-0.0807245522737503,-0.21717578172683716,-0.11995576276012798,-0.08197559416294098,-0.15523147583007812,-0.13432259811588665,-0.07807819545269012,-0.10305541753768921,-0.1414786274594917,-2.6743425480313863,-1.3902014526542998,-1.5363473441383522,-1.7755718384020465,1.6520634042297808,0.4461419416495909,0.4730227739873983,0.39831589536540946,0.04598931873813529,0.11510821610446705,0.21059041183052693,0.488749603512604,0.1305186200179641,0.5184725315218711,0.44415067283718185,W
0.0,0.0,0.0,0.06192648410797119,-0.013825774192810059,-0.04275142029359813,0.08744165301322937,-0.08090955018997192,-0.06376403943136211,0.0007202029228210449,-0.13082146644592285,-0.08012717590167995,-0.07559932768344879,-0.16049069166183472,-0.10011759773328777,0.08156391978263855,-0.28189539909362793,-0.05067403242424007,0.10559627413749695,-0.407405287027359,-0.0719819925768661,0.11735251545906067,-0.484943687915802,-0.0856117494447517,0.12932050228118896,-0.5560209155082703,-0.09704447910621639,0.02625909447669983,-0.31043535470962524,-0.055045802150516465,0.031664133071899414,-0.45225799083709717,-0.07354054227903362,0.03363659977912903,-0.541790783405304,-0.0948735736353683,0.03601148724555969,-0.6168355345726013,-0.10944903269842143,-0.021845459938049316,-0.29029273986816406,-0.06262601539924617,-0.048951029777526855,-0.4005449414253235,-0.10079281405046459,-0.0686069130897522,-0.48025214672088623,-0.1362731270535278,-0.08058187365531921,-0.5575057566165924,-0.15895436332061763,-0.06543922424316406,-0.2360144853591919,-0.0718245618088531,-0.07582075893878937,-0.2293318510055542,-0.11232947186067577,-0.07606349885463715,-0.16626864671707153,-0.12651995942428584,-0.07351754605770111,-0.11338025331497192,-0.1335851214869308,-2.6875061299706458,-1.3983131235510364,-1.5389781292628733,-1.7871665401657297,1.636574595031737,0.4454618891541087,0.4697952635567643,0.3970463292430649,0.04715641224659549,0.11137769156729271,0.20990762772445448,0.4869024847758035,0.1308206190111938,0.5152318209918187,0.444181682881368,W
0.0,0.0,0.0,0.06243416666984558,-0.012504398822784424,-0.043595138110504195,0.0890464186668396,-0.07915341854095459,-0.06503625131426816,0.003917992115020752,-0.12927186489105225,-0.08138805545149808,-0.07223343849182129,-0.159013032913208,-0.10151169366417889,0.08348724246025085,-0.28095555305480957,-0.054059057601079985,0.10756471753120422,-0.40702641010284424,-0.0761232442337132,0.11869725584983826,-0.4853636920452118,-0.08967367476998334,0.13055986166000366,-0.5561037063598633,-0.1010345510321713,0.027537643909454346,-0.30752432346343994,-0.05823859117208485,0.03376537561416626,-0.4490506649017334,-0.07810015893755917,0.03476029634475708,-0.5372999310493469,-0.09966339833317761,0.037021249532699585,-0.6108967959880829,-0.11434858954726224,-0.021297991275787354,-0.2864189147949219,-0.06563460744200711,-0.04756820201873779,-0.39792752265930176,-0.10542573697148327,-0.0677294135093689,-0.4781941771507263,-0.14190224475441937,-0.0785205215215683,-0.5565846562385559,-0.16545750863133435,-0.06501415371894836,-0.23221611976623535,-0.07454290158329968,-0.07330064475536346,-0.22519254684448242,-0.11643067664681439,-0.07226400077342987,-0.16171860694885254,-0.13181842035828595,-0.06768780946731567,-0.10917991399765015,-0.1400519824701405,-2.681823140095664,-1.4013557281683715,-1.539545903351834,-1.7795169205574533,1.592523549273132,0.4458768053227106,0.4649037773411236,0.3976213312771024,0.05004000883373781,0.10840551014458787,0.20908093634795777,0.48892025452708376,0.1276703151971084,0.5125268936464412,0.44753586563548364,W
0.0,0.0,0.0,0.05958256125450134,-0.015644967555999756,-0.042087447474727924,0.08550941944122314,-0.08412855863571167,-0.06191540194583922,0.0020366907119750977,-0.13623231649398804,-0.07702564133239775,-0.07077288627624512,-0.16777169704437256,-0.09563680423332244,0.08343484997749329,-0.2869396209716797,-0.0483719526035884,0.10819879174232483,-0.4117390513420105,-0.0677050618631938,0.11969396471977234,-0.4892734885215759,-0.08006357086730986,0.13158395886421204,-0.5597484111785889,-0.0907049073083499,0.02831137180328369,-0.31252801418304443,-0.052898124436865146,0.0340004563331604,-0.45640480518341064,-0.06962614191604644,0.03601729869842529,-0.5466164350509644,-0.09036063833070784,0.03931707143783569,-0.6218252182006836,-0.10500491840673476,-0.020481497049331665,-0.2904955744743347,-0.06082418618632346,-0.04682174324989319,-0.4087333679199219,-0.09876332862211257,-0.06800112128257751,-0.49032482504844666,-0.1355320705278018,-0.08072815835475922,-0.5683323740959167,-0.15937759412361174,-0.06520336866378784,-0.23561537265777588,-0.07019018066955596,-0.07011604309082031,-0.24196118116378784,-0.11112981719804793,-0.06578934192657471,-0.17775189876556396,-0.12633113993240386,-0.05946579575538635,-0.12192350625991821,-0.13439287675453215,-2.6501789468814247,-1.3961014435561845,-1.5352284067449808,-1.7843323449753536,1.5203731112096281,0.44112814147213064,0.46720915965328924,0.40068436885177927,0.04722188999028542,0.1112057034751815,0.21248557489243416,0.47769305637328635,0.131424280733713,0.5095682255127587,0.4469149419586743,W
0.0,0.0,0.0,0.05903983116149902,-0.01780390739440918,-0.03807794623821792,0.08749279379844666,-0.08822190761566162,-0.05621520005911407,0.0064330995082855225,-0.13950341939926147,-0.07116690971702155,-0.06799259781837463,-0.16995078325271606,-0.08997814305871543,0.08653858304023743,-0.2902873754501343,-0.040307316415010064,0.1106710135936737,-0.4150439202785492,-0.057444747023282616,0.1215868890285492,-0.4933030605316162,-0.06948871859162864,0.1331101357936859,-0.5634827315807343,-0.08039676346629676,0.031222909688949585,-0.3146700859069824,-0.04628836312144813,0.03662005066871643,-0.4547685980796814,-0.06103345700353202,0.038066565990448,-0.5452175140380859,-0.08212015726417121,0.04058718681335449,-0.6199136078357697,-0.0976030001863819,-0.01767447590827942,-0.29098278284072876,-0.055527276776729195,-0.04367855191230774,-0.410837322473526,-0.09182518669217643,-0.0635722279548645,-0.49122440814971924,-0.12864137389510688,-0.07627107203006744,-0.5665100812911987,-0.15294114448875007,-0.06260654330253601,-0.23569589853286743,-0.06594526716321525,-0.06618717312812805,-0.2444283366203308,-0.10647698440402564,-0.062310367822647095,-0.18130427598953247,-0.12200446375459251,-0.056786149740219116,-0.12560606002807617,-0.13042891719192085,-2.657646415636377,-1.401949618646777,-1.5401278919165704,-1.7803450830088097,1.5179760147968324,0.44193857471495895,0.4628780758876278,0.3966456983203622,0.045738812363225086,0.10837407385038236,0.20940309223123532,0.4772803984552569,0.12848264204674845,0.503807025051488,0.441334360958484,W
0.0,0.0,0.0,0.05973193049430847,-0.01382434368133545,-0.04632791887820531,0.08248263597488403,-0.08005344867706299,-0.06930708896220494,-0.004129260778427124,-0.12919068336486816,-0.0869141520172434,-0.07818974554538727,-0.15733760595321655,-0.10839887719453145,0.07675129175186157,-0.2821030020713806,-0.05727113794387151,0.09945651888847351,-0.4055987596511841,-0.08082408469022084,0.10993760824203491,-0.48558175563812256,-0.0959059224635439,0.11944207549095154,-0.5568798184394836,-0.10829029243291188,0.023101985454559326,-0.30719971656799316,-0.06063449393809606,0.027628272771835327,-0.4500148296356201,-0.08126413833201696,0.027708888053894043,-0.5407098829746246,-0.10380844037831594,0.02830129861831665,-0.6161247193813324,-0.1194226221352892,-0.023660987615585327,-0.28483515977859497,-0.06726633768380452,-0.051888853311538696,-0.39789673686027527,-0.10672096174062062,-0.07274743914604187,-0.478637158870697,-0.14255040895045568,-0.08433806896209717,-0.5558960437774658,-0.16596087824405004,-0.06593534350395203,-0.22948461771011353,-0.07575605820716191,-0.07921439409255981,-0.2266697883605957,-0.11784093092978765,-0.0778597891330719,-0.1653679609298706,-0.13307327043116857,-0.0719776451587677,-0.11255168914794922,-0.14116722356379796,-2.6932565025275097,-1.416663312467613,-1.5539675745734136,-1.7910162733521124,1.6224236351471721,0.44574916292076294,0.47098403150720386,0.39860585826320016,0.04521469379860673,0.108704183436319,0.203782519088098,0.48380677541073264,0.12773065604588185,0.5134604788525399,0.44351662523344093,W
0.0,0.0,0.0,0.06507769227027893,-0.015931367874145508,-0.04512797536187918,0.09080937504768372,-0.08168232440948486,-0.06768966333800108,0.0064595043659210205,-0.13331001996994019,-0.08567830042773039,-0.06984655559062958,-0.16069692373275757,-0.10712329910927565,0.08391326665878296,-0.2872973680496216,-0.053182693737085174,0.10484236478805542,-0.411984920501709,-0.07486733661824019,0.11587688326835632,-0.492070734500885,-0.08940583335095198,0.12672731280326843,-0.5634905993938446,-0.10208614038162978,0.029186159372329712,-0.31430214643478394,-0.05689104514055998,0.034870654344558716,-0.45693427324295044,-0.07512241469555647,0.037500977516174316,-0.5487791895866394,-0.09745658056669981,0.03989025950431824,-0.6236202120780945,-0.11403882371121199,-0.019718706607818604,-0.2921587824821472,-0.0639037327640608,-0.047777026891708374,-0.40737399458885193,-0.1005769135230139,-0.06805984675884247,-0.48720771074295044,-0.13582265244656355,-0.07885180413722992,-0.5609284341335297,-0.15963365005188734,-0.06400278210639954,-0.23595279455184937,-0.07302818314963133,-0.07585358619689941,-0.2371709942817688,-0.11353627459936888,-0.0717456191778183,-0.179273784160614,-0.12943400310211928,-0.0638960599899292,-0.12685716152191162,-0.13849055634671004,-2.684506425249703,-1.4170055469713423,-1.5362046506919718,-1.7873600258386875,1.5698180833999653,0.4482008822926507,0.47575218284275134,0.40033280707315183,0.03435895668352798,0.10562312316534965,0.205595082657286,0.4764305083880729,0.13427559979275497,0.5074890427507245,0.4343288431472968,W
0.0,0.0,0.0,0.05989125370979309,-0.009081482887268066,-0.050879195680408884,0.08182030916213989,-0.07163679599761963,-0.07658558746197741,-0.0059507787227630615,-0.12001293897628784,-0.09564276446917575,-0.08132655918598175,-0.15194666385650635,-0.11792873998501818,0.07552647590637207,-0.27698272466659546,-0.06396305968382876,0.0968686044216156,-0.39840108156204224,-0.09054445137599032,0.10599517822265625,-0.47774165868759155,-0.1075405966244034,0.11427107453346252,-0.5462153851985931,-0.1210371296606354,0.019495129585266113,-0.3041764497756958,-0.06471502443173449,0.023181289434432983,-0.44724002480506897,-0.08754583855488818,0.024407118558883667,-0.5368331670761108,-0.11100831290104907,0.026352226734161377,-0.6092397272586823,-0.1273203309378914,-0.028535455465316772,-0.28173303604125977,-0.06903409620144885,-0.05676493048667908,-0.39237290620803833,-0.10868031193831484,-0.07652457058429718,-0.4698036313056946,-0.1441272910437874,-0.08662597835063934,-0.5433051586151123,-0.1674546267590813,-0.07008999586105347,-0.22540730237960815,-0.07557598908761065,-0.08375857770442963,-0.2192445993423462,-0.11774433066466372,-0.08145876228809357,-0.16375237703323364,-0.13426926394322436,-0.07517102360725403,-0.11732649803161621,-0.14336758514264147,-2.6841601889275464,-1.4278700756023142,-1.5483224888396525,-1.7893318738282062,1.6177731196724248,0.44012073223760995,0.46979960278078403,0.3913943730602224,0.03516314121354737,0.10817481911454162,0.2009181307803873,0.46886457115385116,0.13081071120667806,0.5022803952460078,0.42613264984119953,W
0.0,0.0,0.0,0.06261670589447021,-0.010832607746124268,-0.045588495013589636,0.08677446842193604,-0.07474952936172485,-0.06878204065310456,1.6450881958007812e-05,-0.12376660108566284,-0.08692538904892899,-0.0754154622554779,-0.15157097578048706,-0.1087887750838945,0.07907119393348694,-0.2823459506034851,-0.055212819752568976,0.09958168864250183,-0.404172420501709,-0.07799165117489792,0.10901042819023132,-0.4837436378002167,-0.09292050617682435,0.11820095777511597,-0.5542027652263641,-0.10564565080153443,0.02471482753753662,-0.30947619676589966,-0.05909156593429543,0.029230177402496338,-0.45028555393218994,-0.07857158201682068,0.030130475759506226,-0.5403079986572266,-0.10066208410012223,0.03143131732940674,-0.6135229766368866,-0.11641028690087296,-0.02251538634300232,-0.28583383560180664,-0.06627080011116959,-0.051584333181381226,-0.3934474587440491,-0.10428270119177796,-0.07210034132003784,-0.47030752897262573,-0.13948020505654313,-0.08238202333450317,-0.5435530841350555,-0.16296674477803208,-0.0651751458644867,-0.22838538885116577,-0.07545095848786332,-0.08015567064285278,-0.2184705138206482,-0.11683170664059617,-0.07953280210494995,-0.15946036577224731,-0.13296565580117203,-0.07260923087596893,-0.10980862379074097,-0.14211017060029008,-2.6992454367339844,-1.427842940131603,-1.5487096018326167,-1.7990423714147383,1.6334086593453048,0.4467657954430402,0.47414753548119587,0.39204401059493366,0.04185652850238288,0.10510879118735378,0.2008654973313446,0.48362659256431223,0.13360113161869927,0.5143467555395741,0.4338545428502717,W
0.0,0.0,0.0,0.06336241960525513,-0.00847327709197998,-0.05047090161747292,0.08827558159828186,-0.07024270296096802,-0.07476965148157433,3.2782554626464844e-05,-0.1195114254951477,-0.0928916018099244,-0.07540634274482727,-0.14811211824417114,-0.11413591910309151,0.08196866512298584,-0.2737283706665039,-0.0613860655219014,0.10069125890731812,-0.39823806285858154,-0.08677903372949913,0.11043617129325867,-0.47721683979034424,-0.10379658449596718,0.11979246139526367,-0.5484949946403503,-0.11792967278665856,0.02830749750137329,-0.30066555738449097,-0.06310321945852593,0.03377276659011841,-0.44154292345046997,-0.08279786069101647,0.03457683324813843,-0.5319331288337708,-0.1052393521756585,0.03437322378158569,-0.6056409478187561,-0.1221131439895089,-0.02003014087677002,-0.279038667678833,-0.06877467591471031,-0.0467132031917572,-0.38871538639068604,-0.10764458585686043,-0.06714168190956116,-0.46341466903686523,-0.14331687051958397,-0.07694481313228607,-0.5345762968063354,-0.16751593906587914,-0.06268852949142456,-0.2234157919883728,-0.0770020912975724,-0.07768882811069489,-0.2126026749610901,-0.1205279212088044,-0.07856586575508118,-0.15593242645263672,-0.13837186057276085,-0.07443495094776154,-0.10765141248703003,-0.1488971616715844,-2.6975438224880803,-1.4339981981322034,-1.5509097168242858,-1.7899445398890519,1.671918586337709,0.44543127511323194,0.4705148064818117,0.38646724078873945,0.04047236479858026,0.10277210769061089,0.19722901748455546,0.48173369368483954,0.13206774763686727,0.5097379681638798,0.42693226190958866,W
0.0,0.0,0.0,0.0678132176399231,-0.01072913408279419,-0.05005275382183072,0.094797283411026,-0.07300269603729248,-0.07470754458091733,0.007870912551879883,-0.11987060308456421,-0.09379446430585858,-0.06877540051937103,-0.14534759521484375,-0.1159746490278053,0.08579552173614502,-0.2757992744445801,-0.060224226848106355,0.10471147298812866,-0.39842602610588074,-0.08857727719924924,0.11500817537307739,-0.4787786304950714,-0.10830768121860501,0.12422609329223633,-0.5502049624919891,-0.124063014224987,0.031214773654937744,-0.3009311556816101,-0.06336459441564557,0.03712967038154602,-0.44353675842285156,-0.08574931247613904,0.04022708535194397,-0.5345622301101685,-0.10977199597738263,0.04136905074119568,-0.6087214052677155,-0.1273494951286125,-0.017816752195358276,-0.27852165699005127,-0.07075375987670895,-0.042513489723205566,-0.3873369097709656,-0.11223877145431516,-0.06107097864151001,-0.460471510887146,-0.14860798342607495,-0.07091951370239258,-0.5304284691810608,-0.17242745979211804,-0.059415191411972046,-0.2212868332862854,-0.08079073502204892,-0.07122321426868439,-0.20702749490737915,-0.12674549146078107,-0.07291680574417114,-0.15341836214065552,-0.1456481508769798,-0.07138575613498688,-0.11003082990646362,-0.15626990719221112,-2.7251773382538196,-1.4316511504296816,-1.537817388917466,-1.7785576692840521,1.6779787675697666,0.4485075968722194,0.4762846711646368,0.3850868430833844,0.035413103059279895,0.1014369931308584,0.19614514426051782,0.4816817026146607,0.13688866112965992,0.5112787267507045,0.4203978978178415,W
0.0,0.0,0.0,0.06644091010093689,-0.008435070514678955,-0.053142172949833366,0.09193140268325806,-0.06960773468017578,-0.07871493111781547,0.0048264265060424805,-0.12040960788726807,-0.09747714708976218,-0.07190340757369995,-0.14966034889221191,-0.11888805936507651,0.08515110611915588,-0.2758059501647949,-0.06482253383330772,0.10403308272361755,-0.39955252408981323,-0.09258246581487128,0.11430880427360535,-0.4795081317424774,-0.11191285561255881,0.12353065609931946,-0.5513889789581299,-0.12741980116300056,0.030492573976516724,-0.3025418519973755,-0.06578349481753776,0.03629946708679199,-0.443532258272171,-0.0868795232050843,0.037411630153656006,-0.5341464877128601,-0.11019355218343208,0.03703543543815613,-0.6074874401092529,-0.12760824124745795,-0.01905304193496704,-0.2805379629135132,-0.07092116932801673,-0.0433049201965332,-0.3900665044784546,-0.10961891870431373,-0.06262347102165222,-0.464470773935318,-0.144792945789618,-0.07314056158065796,-0.535108208656311,-0.168609725045485,-0.06236231327056885,-0.22300195693969727,-0.07897360782556007,-0.07340958714485168,-0.21523737907409668,-0.12197797160081336,-0.07226477563381195,-0.1628885269165039,-0.1390842066281266,-0.06900209188461304,-0.1182369589805603,-0.1488830165141053,-2.687092148909591,-1.4324196221214938,-1.5493437857980374,-1.7801491802851894,1.6340895067475392,0.44674418346341005,0.47060951644544824,0.38544984517672537,0.03155704463772598,0.10309442536212808,0.1973439417497929,0.47401427347379876,0.13182375910589209,0.5006096188502417,0.4168917914011347,W
0.0,0.0,0.0,0.06374204158782959,-0.010373055934906006,-0.04754151405762741,0.09015074372291565,-0.07241922616958618,-0.07106798144053528,0.003428548574447632,-0.12089449167251587,-0.08916810901831695,-0.07158258557319641,-0.14947766065597534,-0.11077646913003036,0.0850115716457367,-0.27587890625,-0.05752088503908226,0.10418060421943665,-0.39601802825927734,-0.08206242324780533,0.11326053738594055,-0.4751824736595154,-0.09835945071648666,0.12109056115150452,-0.5453411936759949,-0.11197084190320084,0.029744267463684082,-0.30374759435653687,-0.06085741894315788,0.033430010080337524,-0.4453476667404175,-0.08119367064904282,0.033772796392440796,-0.5361118316650391,-0.10484584422778198,0.03333798050880432,-0.6107257604598999,-0.12202666701745102,-0.01926437020301819,-0.28171253204345703,-0.06775129588316986,-0.04817837476730347,-0.3933643698692322,-0.10745000096034119,-0.06825748085975647,-0.46962857246398926,-0.14444802703332016,-0.08012638986110687,-0.5425305068492889,-0.16910327972840378,-0.061871469020843506,-0.22526711225509644,-0.0766797736472995,-0.0736033171415329,-0.21600252389907837,-0.120988644678107,-0.07188743352890015,-0.15652960538864136,-0.13898733260106155,-0.06770727038383484,-0.1069445013999939,-0.1490667164511592,-2.696958940541201,-1.4376953980949405,-1.5590901232750425,-1.800044594221725,1.6200774930501152,0.44026228346735563,0.47303079684064825,0.3931456937222825,0.04270933977611427,0.1094333449318467,0.20123658050973106,0.4773219887989501,0.13238110121333757,0.5138148496374356,0.43576301205111945,W
0.0,0.0,0.0,0.0645916759967804,-0.0049974918365478516,-0.05096167361926973,0.09197536110877991,-0.06426858901977539,-0.07449426537942827,0.00480315089225769,-0.1130477786064148,-0.09110420978259981,-0.06952041387557983,-0.142067551612854,-0.11094215548229158,0.0838346779346466,-0.266254186630249,-0.06521202659797609,0.10336917638778687,-0.38790032267570496,-0.09285454487991274,0.11196988821029663,-0.4689299464225769,-0.11106050795507372,0.11997848749160767,-0.5405673682689667,-0.12517391926240862,0.02962660789489746,-0.29379040002822876,-0.06651914900731981,0.034403592348098755,-0.4365426301956177,-0.08692471718978823,0.03370329737663269,-0.5275920331478119,-0.10889851337861955,0.033672481775283813,-0.6021935045719147,-0.1250242519993776,-0.019352823495864868,-0.2746456265449524,-0.07162566518974245,-0.043988823890686035,-0.3829122483730316,-0.11031606084299028,-0.06342852115631104,-0.45405086874961853,-0.14418431407403887,-0.07150594890117645,-0.5236949324607849,-0.16669005936574877,-0.0622999370098114,-0.21967166662216187,-0.07936285472106874,-0.07481832802295685,-0.21221107244491577,-0.12143833971214235,-0.07373316586017609,-0.1530991792678833,-0.1364254731554979,-0.06908586621284485,-0.1018362045288086,-0.14460263437223375,-2.6926595249664773,-1.4397898715032929,-1.5576782947677674,-1.7772222595021776,1.628320966326845,0.4412617562108986,0.4715555813467737,0.3816325459944285,0.040233693838226156,0.10604955114631863,0.19222634697346616,0.47773461657961913,0.1312422496875499,0.5108000643967033,0.42186566953546195,W
0.0,0.0,0.0,0.06463894248008728,-0.010344922542572021,-0.044771252214559354,0.09380316734313965,-0.0705646276473999,-0.06930055284465197,0.009320884943008423,-0.1165916919708252,-0.08963963204587344,-0.0687958300113678,-0.14172494411468506,-0.11409468764031772,0.08686947822570801,-0.27799659967422485,-0.057089092224487104,0.10725980997085571,-0.4014100730419159,-0.08286996746028308,0.11764702200889587,-0.4818706810474396,-0.09977341258490924,0.12640705704689026,-0.5516173541545868,-0.1137481238838518,0.029243052005767822,-0.30441606044769287,-0.06291740947926883,0.03356274962425232,-0.44814953207969666,-0.08554827237094287,0.03591364622116089,-0.538814514875412,-0.11012683623994235,0.037153393030166626,-0.6118083596229553,-0.12763910555804614,-0.02017587423324585,-0.27920275926589966,-0.0720465835329378,-0.04822626709938049,-0.3906751871109009,-0.1134572308656061,-0.06713086366653442,-0.4672744572162628,-0.15161519312823657,-0.07850725948810577,-0.539227694272995,-0.1770844515558565,-0.06255027651786804,-0.219718337059021,-0.08287868463958148,-0.06921771168708801,-0.20551705360412598,-0.12873066031897906,-0.06406280398368835,-0.14671361446380615,-0.1482898946997011,-0.056999534368515015,-0.09964883327484131,-0.15963820183242206,-2.7290621741654433,-1.4272918640817358,-1.5450683056253667,-1.7914729312545679,1.5245998092283963,0.45399995035704355,0.48187514503139284,0.39762136291439554,0.0436984175262721,0.10765302448005516,0.20528853059288546,0.48776379697640776,0.13654793855491001,0.5207419266458827,0.4401047117178524,W
0.0,0.0,0.0,0.06648895144462585,-0.006489276885986328,-0.0541019016663995,0.09313824772834778,-0.06390225887298584,-0.08124615864562656,0.007214486598968506,-0.10574561357498169,-0.10189276801156666,-0.06806623935699463,-0.13175320625305176,-0.12552285061883595,0.08200192451477051,-0.2726093530654907,-0.06728564815330174,0.10235792398452759,-0.3935154378414154,-0.09750509874629643,0.11376959085464478,-0.4740986227989197,-0.11816684769200947,0.12356796860694885,-0.5454195439815521,-0.13420565293836262,0.027486562728881836,-0.29782772064208984,-0.06846560405301716,0.032594889402389526,-0.4390336871147156,-0.09170480685043003,0.03379961848258972,-0.5293228924274445,-0.11580738292741444,0.033329665660858154,-0.6021827161312103,-0.13333557413625385,-0.020784378051757812,-0.2751726508140564,-0.07390483336257603,-0.047982633113861084,-0.38098806142807007,-0.11405376212405827,-0.06766584515571594,-0.45229828357696533,-0.14897680150079395,-0.07840853929519653,-0.520493358373642,-0.17231576012181904,-0.061482757329940796,-0.2172551155090332,-0.0824473934035268,-0.07337251305580139,-0.20352321863174438,-0.12652657793569233,-0.07367980480194092,-0.14978688955307007,-0.14393347369241383,-0.07104209065437317,-0.10677266120910645,-0.15370550619172718,-2.7431999739573767,-1.4195966653994974,-1.551600370418806,-1.8015070556766979,1.6571049195235603,0.45589857274582213,0.4812328472980558,0.38887770447629333,0.025157172369658126,0.10660679636440715,0.20350878230018818,0.4798793212169899,0.13841451375359912,0.5062850837564228,0.4137862731264622,W
0.0,0.0,0.0,0.0683031976222992,-0.011976003646850586,-0.04605452367718499,0.0955948531627655,-0.07042771577835083,-0.06986727961952965,0.01170337200164795,-0.11455267667770386,-0.0886337796753196,-0.06409949064254761,-0.13921719789505005,-0.11094765016491692,0.09033060073852539,-0.27442407608032227,-0.059621192753866126,0.11007273197174072,-0.3960455358028412,-0.08501062193568032,0.11979919672012329,-0.4760912358760834,-0.10185413458998482,0.12968480587005615,-0.5476315319538116,-0.11596477428133767,0.0345403254032135,-0.3002692461013794,-0.06439561793263238,0.03974148631095886,-0.44216978549957275,-0.0851366038029937,0.0417553186416626,-0.5344012379646301,-0.10876001069004815,0.04363742470741272,-0.6090965867042542,-0.1264492089455871,-0.01542210578918457,-0.2778567671775818,-0.0725187996929435,-0.04311615228652954,-0.39244788885116577,-0.11206090846712868,-0.06099456548690796,-0.46835213899612427,-0.1487098003333358,-0.06923693418502808,-0.5398639738559723,-0.17338779220040124,-0.057865142822265625,-0.21964305639266968,-0.08274005749876778,-0.06935739517211914,-0.21259868144989014,-0.12621050724442284,-0.06645497679710388,-0.15488505363464355,-0.14362991997654717,-0.06128740310668945,-0.10454589128494263,-0.15367044159825127,-2.7348557627952226,-1.4277352330598907,-1.541347931966587,-1.773373444433153,1.6005212317164845,0.45205599414181696,0.48207248724319013,0.40067971300532995,0.034785159743221064,0.10574547158353467,0.19907333730398405,0.48248862118023045,0.13241516369804332,0.51534515010809,0.43539066142681937,W
0.0,0.0,0.0,0.06981739401817322,-0.00928431749343872,-0.04436081121099278,0.10104435682296753,-0.06866872310638428,-0.06557208517921254,0.01700758934020996,-0.1181299090385437,-0.08184632877242848,-0.05931580066680908,-0.14606046676635742,-0.10115576008689686,0.09406924247741699,-0.27447783946990967,-0.05518750319612309,0.11579355597496033,-0.39786040782928467,-0.08000812897813603,0.1276218295097351,-0.4773985743522644,-0.0967461116088657,0.13923978805541992,-0.5487375557422638,-0.11065504918229863,0.03825494647026062,-0.3016795516014099,-0.06055427933466717,0.0446854829788208,-0.444050669670105,-0.07955221305024907,0.04831880331039429,-0.5351011455059052,-0.10236010173690602,0.05068486928939819,-0.6113578975200653,-0.11958786318433567,-0.012189745903015137,-0.2805977463722229,-0.06959282825124546,-0.035621583461761475,-0.3921962380409241,-0.10923031190765187,-0.05343031883239746,-0.4682615399360657,-0.14615005473029896,-0.0636131763458252,-0.5430864989757538,-0.17050750771892353,-0.05471771955490112,-0.22294408082962036,-0.08068727175128743,-0.060296863317489624,-0.2080695629119873,-0.12515765646827504,-0.05521678924560547,-0.1492621898651123,-0.14346118489635273,-0.05136185884475708,-0.1016845703125,-0.1537306479586391,-2.691951918642966,-1.4075618764097948,-1.5306796888140717,-1.7642534000816925,1.5431283580731818,0.448968996478533,0.4781232544614579,0.3970492887409109,0.0450830941328572,0.10845865959906281,0.20293166241114555,0.4859890529453563,0.13313537131516864,0.5197888371153387,0.4415719164622589,W
0.0,0.0,0.0,0.06407254934310913,-0.010580480098724365,-0.04495977958288222,0.09145525097846985,-0.06893455982208252,-0.06839897831525832,0.007777035236358643,-0.11256176233291626,-0.08694154372062712,-0.06588685512542725,-0.14116322994232178,-0.1093269770368579,0.08868476748466492,-0.2715921998023987,-0.058865729473495776,0.10924050211906433,-0.3920854330062866,-0.08371131470050841,0.12012431025505066,-0.4711776375770569,-0.09954117586460143,0.13025054335594177,-0.541638970375061,-0.11282018174972563,0.03223654627799988,-0.29893743991851807,-0.06397778888788253,0.03699755668640137,-0.4440566897392273,-0.08528909435119658,0.03954419493675232,-0.5353615581989288,-0.1088122909292224,0.04255831241607666,-0.6097781360149384,-0.1257650737985614,-0.018124312162399292,-0.2755476236343384,-0.07219778349247008,-0.046260833740234375,-0.3884880542755127,-0.11258885612335234,-0.06520995497703552,-0.46675169467926025,-0.14951514055576354,-0.0747089833021164,-0.5410067737102509,-0.17391634335365325,-0.06230965256690979,-0.21713685989379883,-0.08206010212745696,-0.07126379013061523,-0.21043789386749268,-0.1260370348915103,-0.06581816077232361,-0.15116173028945923,-0.14290909817066222,-0.05887165665626526,-0.10076135396957397,-0.15217276265468627,-2.7112342076108535,-1.4180742203989507,-1.5376025556525175,-1.780810952812928,1.5412626526616193,0.44592678519930834,0.4809992562952173,0.39994085742577207,0.04100639696046251,0.11105347028035312,0.2049605016595106,0.47972938119823455,0.13594527913208584,0.5190242027399438,0.4405301925157141,W
0.0,0.0,0.0,0.06900376081466675,-0.004023551940917969,-0.04924776575478518,0.09962984919548035,-0.05932295322418213,-0.07318695804985964,0.015303939580917358,-0.10927349328994751,-0.09114391527089083,-0.06103530526161194,-0.13677382469177246,-0.11205857417496645,0.09257608652114868,-0.2666943669319153,-0.0631385239115616,0.1141844093799591,-0.38960638642311096,-0.09072976729783022,0.12534496188163757,-0.46955686807632446,-0.10867713562163317,0.13644611835479736,-0.5401593148708344,-0.12271504274519884,0.03739956021308899,-0.2935571074485779,-0.06584545395287478,0.044795334339141846,-0.4367988407611847,-0.08732072434338534,0.04752132296562195,-0.5286941826343536,-0.11036417803677523,0.04973456263542175,-0.604235053062439,-0.12722002140196764,-0.012586355209350586,-0.27377283573150635,-0.07221573016556704,-0.0371243953704834,-0.3842145800590515,-0.11174078456076586,-0.05581933259963989,-0.45684632658958435,-0.1454427259317299,-0.06448131799697876,-0.5267946124076843,-0.16713895074042284,-0.05551803112030029,-0.21810609102249146,-0.08108156344803774,-0.06332182884216309,-0.21002507209777832,-0.1229772063246628,-0.060159146785736084,-0.15307199954986572,-0.13749398461493456,-0.056240081787109375,-0.10512769222259521,-0.14496666363390887,-2.6923966049307437,-1.4117287769422608,-1.531113667570064,-1.7730916336274296,1.5771872904115958,0.4491311237941162,0.4804060404113782,0.3900360109711829,0.03200737209498985,0.10781741102472012,0.20137142287530665,0.475794582177106,0.13799380144570747,0.5102340471832469,0.4217474475947011,W
0.0,0.0,0.0,0.06783393025398254,-0.010035455226898193,-0.04510132010187817,0.09690073132514954,-0.06603533029556274,-0.06762475307192517,0.013694673776626587,-0.11551517248153687,-0.08506166721787167,-0.0606730580329895,-0.14832806587219238,-0.10579728867020322,0.09216642379760742,-0.27499938011169434,-0.05895096222963048,0.11535370349884033,-0.3985566794872284,-0.08398593749012662,0.12641125917434692,-0.47736695408821106,-0.10062999065127087,0.13788828253746033,-0.54812091588974,-0.1143393271705122,0.0365467369556427,-0.29894590377807617,-0.06333426172938061,0.044485628604888916,-0.440166175365448,-0.08339775885548306,0.04774951934814453,-0.5321496725082397,-0.10697639520373059,0.0506439208984375,-0.6077663600444794,-0.1249037512680502,-0.013642162084579468,-0.2762814164161682,-0.07100646729674054,-0.036812931299209595,-0.38991591334342957,-0.11022822345699979,-0.055471211671829224,-0.466774046421051,-0.1465155088445158,-0.06488895416259766,-0.5402870774269104,-0.17067711587156964,-0.05690273642539978,-0.21879827976226807,-0.08055159236397458,-0.06447902321815491,-0.2123827338218689,-0.12285800065006924,-0.059119731187820435,-0.1550734043121338,-0.13918613429274274,-0.053567320108413696,-0.10441845655441284,-0.14834140773024274,-2.660304774511801,-1.4049295421747574,-1.52517951594462,-1.762524448048333,1.5416437081416514,0.44638652409575214,0.47273144167736575,0.39198168390771426,0.04448084196474688,0.10568423556149106,0.20292850156834316,0.48324643837767955,0.13379573536720257,0.5140224651705734,0.43601563510836383,W
0.0,0.0,0.0,0.06335675716400146,-0.010178625583648682,-0.04828494538014638,0.0904538631439209,-0.06888246536254883,-0.07195895288532483,0.00574687123298645,-0.11868411302566528,-0.08942221228426206,-0.06908783316612244,-0.15035176277160645,-0.11013729993646848,0.08680722117424011,-0.2746647596359253,-0.06252664450948942,0.10859522223472595,-0.3981764018535614,-0.08820779744928586,0.11963316798210144,-0.4780042767524719,-0.104909302037413,0.12987685203552246,-0.5490125715732574,-0.11839569483345258,0.02987051010131836,-0.3000580072402954,-0.06565902505462873,0.03638806939125061,-0.445317804813385,-0.0867077422553848,0.0387396514415741,-0.5369558334350586,-0.11009284977262723,0.041555047035217285,-0.6115001440048218,-0.12699138496464002,-0.020473390817642212,-0.2770427465438843,-0.07226198289936292,-0.04632696509361267,-0.3914760947227478,-0.11181566242521512,-0.06353217363357544,-0.47020313143730164,-0.148481601219828,-0.07115811109542847,-0.5447713434696198,-0.17268391821926343,-0.06413319706916809,-0.21894395351409912,-0.08090187732523191,-0.07182931900024414,-0.21555542945861816,-0.12257112685983884,-0.06407994031906128,-0.15745240449905396,-0.13837165508812177,-0.05594372749328613,-0.10555356740951538,-0.14713267360275495,-2.6694647193736487,-1.4150781281449316,-1.533296393630685,-1.7578959067940898,1.4986978465373668,0.4455528997007832,0.47423588693103236,0.3944250140251011,0.04668667713211944,0.10819167226224914,0.20107969667992312,0.4808171961882396,0.13098468932150328,0.5152552274388589,0.4394812081028916,W
0.0,0.0,0.0,0.06635856628417969,-0.012948036193847656,-0.04353952170146158,0.09613236784934998,-0.0728498101234436,-0.06483924151194742,0.012380421161651611,-0.11852025985717773,-0.08165585757029703,-0.06218874454498291,-0.14656203985214233,-0.10210940004122904,0.09145775437355042,-0.27790671586990356,-0.054640205062753466,0.11296850442886353,-0.40046340227127075,-0.07813262701762369,0.12332940101623535,-0.4793720841407776,-0.09376038373244455,0.1341441571712494,-0.549941897392273,-0.10684668780100992,0.03465905785560608,-0.3031248450279236,-0.059743327505714205,0.0416681170463562,-0.4446048140525818,-0.07883700490725687,0.04397529363632202,-0.537489116191864,-0.10181651771796396,0.04559776186943054,-0.6121168434619904,-0.11891370774043253,-0.016534507274627686,-0.2812623381614685,-0.06819948316348245,-0.04039129614830017,-0.3970862925052643,-0.10666250944865396,-0.05848124623298645,-0.4744931161403656,-0.14310683817399195,-0.06833946704864502,-0.5462206304073334,-0.16730236024392298,-0.06080785393714905,-0.22455084323883057,-0.07844401658309152,-0.06728151440620422,-0.21710407733917236,-0.12087478996051004,-0.06285330653190613,-0.15753436088562012,-0.13760537416470697,-0.05769616365432739,-0.10526704788208008,-0.14684480936062982,-2.7058525624500724,-1.4151504910133397,-1.5354098512120242,-1.763881649787572,1.544715795707414,0.4486222439485271,0.4778694446490888,0.3997059173841174,0.0415386524199641,0.10819513870649751,0.20251781626611673,0.4842916791370392,0.13162067857473878,0.5172681609470126,0.4410820126110323,W
0.0,0.0,0.0,0.06452712416648865,-0.005199611186981201,-0.04252987993572788,0.09353196620941162,-0.0584484338760376,-0.06621130821918086,0.007929384708404541,-0.1091771125793457,-0.08571779248927669,-0.06740900874137878,-0.14021152257919312,-0.10901082573150234,0.08696296811103821,-0.27105069160461426,-0.05834126738523082,0.11083665490150452,-0.39358091354370117,-0.08399442104314403,0.12297087907791138,-0.47213757038116455,-0.10100910333608226,0.13438481092453003,-0.5441656708717346,-0.11524163452600078,0.03151103854179382,-0.2961347699165344,-0.0655902203700407,0.040599673986434937,-0.4378577470779419,-0.08648509053205089,0.04177868366241455,-0.5281079709529877,-0.10984083531116084,0.04325130581855774,-0.6074296236038208,-0.12717967746471004,-0.01894238591194153,-0.27316874265670776,-0.0757930156371458,-0.039129167795181274,-0.381391704082489,-0.11714745578979091,-0.05680087208747864,-0.45645493268966675,-0.1532262813827856,-0.06674382090568542,-0.533558577299118,-0.17679365990375118,-0.0630984902381897,-0.21582448482513428,-0.08750956026528911,-0.07107815146446228,-0.19804275035858154,-0.13156955955241756,-0.06842201948165894,-0.14017969369888306,-0.1480070751688345,-0.06511825323104858,-0.09596717357635498,-0.15716731069301204,-2.6715404889490575,-1.3988770996891444,-1.5330998934774511,-1.7523512779920887,1.5876461277846035,0.4515525435407378,0.4801442066125169,0.3933476171679401,0.04430361135949362,0.11093981912815574,0.2014081353271327,0.49059490986485105,0.13249852597381548,0.5228171756137169,0.4375944230475556,W
0.0,0.0,0.0,0.060925573110580444,-0.0068808794021606445,-0.04336868100540414,0.08890637755393982,-0.06524157524108887,-0.06585261844770685,0.0038121938705444336,-0.11358362436294556,-0.0834342452205874,-0.07025432586669922,-0.1489163637161255,-0.10495238625185266,0.08644548058509827,-0.27277493476867676,-0.05616143964903131,0.1090066134929657,-0.3962457478046417,-0.07958517842666879,0.12040054798126221,-0.47535890340805054,-0.09484971188680902,0.13159984350204468,-0.5475867986679077,-0.10761932902710214,0.02911829948425293,-0.2988138198852539,-0.06155997761266008,0.03548136353492737,-0.4431358575820923,-0.08198144905941263,0.03789633512496948,-0.5343030989170074,-0.10527351372616067,0.04111781716346741,-0.6100471019744873,-0.12174258255140558,-0.020984649658203125,-0.2755025625228882,-0.0698585199631907,-0.04581952095031738,-0.38795414566993713,-0.11039108657018915,-0.06372687220573425,-0.4677460491657257,-0.14672679328100457,-0.07301929593086243,-0.5459555387496948,-0.1704967530884005,-0.06592771410942078,-0.21842122077941895,-0.0795388805188395,-0.0724533200263977,-0.21192455291748047,-0.12251041703598275,-0.06754747033119202,-0.14920544624328613,-0.13733274363653436,-0.060447901487350464,-0.09643453359603882,-0.14520511650221124,-2.6575773365697453,-1.4079414043896945,-1.5322606751334158,-1.7608718234712168,1.5259051075832317,0.44685928590126534,0.4743894096729328,0.39704880250517444,0.05339015313577516,0.10994674428779103,0.20462564167568112,0.49032713838313047,0.13090076035724701,0.5235584643584358,0.4496967578631267,W
0.0,0.0,0.0,0.06522125005722046,-0.009550750255584717,-0.042893111071066414,0.09630152583122253,-0.06681501865386963,-0.06493703957505659,0.014223664999008179,-0.11343389749526978,-0.08231039281793073,-0.06052008271217346,-0.1413014531135559,-0.10339906748242811,0.09073397517204285,-0.2759929299354553,-0.05543727364249662,0.11400467157363892,-0.39824455976486206,-0.07917366113372282,0.12481462955474854,-0.4787623882293701,-0.09523251589246229,0.13589546084403992,-0.5514570474624634,-0.10877822276063398,0.03408738970756531,-0.30084502696990967,-0.061888995876984154,0.04056829214096069,-0.44536593556404114,-0.08218504424996809,0.04192110896110535,-0.5380490720272064,-0.10632765974708036,0.04452085494995117,-0.6164138615131378,-0.12389317091412977,-0.016226530075073242,-0.2784281373023987,-0.07131793286509946,-0.03869560360908508,-0.3919323682785034,-0.11225230928369001,-0.055150002241134644,-0.47110515832901,-0.14944638993449644,-0.06369704008102417,-0.5490075647830963,-0.17356594588466123,-0.05980631709098816,-0.22208386659622192,-0.08222530718751386,-0.06491464376449585,-0.21446454524993896,-0.12496975000806287,-0.05933186411857605,-0.15287309885025024,-0.13998139586158231,-0.053709715604782104,-0.1008826494216919,-0.14796569134898618,-2.6981642419636476,-1.4082950789732498,-1.5377459589952103,-1.744469084826337,1.5205372001446968,0.4547600216885696,0.4865854490222549,0.4077184893413828,0.04098854464382552,0.11211024169947156,0.19960753089730415,0.48884293091543474,0.12749400630536953,0.5248063220198322,0.4482361948993629,W
0.0,0.0,0.0,0.06839796900749207,-0.006104826927185059,-0.04360562295556747,0.10227435827255249,-0.059189021587371826,-0.06676223979235374,0.02404618263244629,-0.11196237802505493,-0.08568848774672233,-0.05066534876823425,-0.14563173055648804,-0.10815998271942817,0.09864139556884766,-0.27431344985961914,-0.055311885782487025,0.12319740653038025,-0.3975575864315033,-0.0810271288538047,0.13583585619926453,-0.4785705804824829,-0.09962343529701911,0.14758747816085815,-0.5516836047172546,-0.11504869268179618,0.0444035530090332,-0.3027070164680481,-0.06107010052443229,0.05233052372932434,-0.44533079862594604,-0.08035893098355018,0.055013954639434814,-0.5360895991325378,-0.10426435724735938,0.05682697892189026,-0.6129235625267029,-0.12277474359513008,-0.00506165623664856,-0.28241515159606934,-0.070024565913684,-0.024346649646759033,-0.3925119638442993,-0.10821881995440208,-0.03871932625770569,-0.4676937162876129,-0.1431379328751632,-0.046334534883499146,-0.5408263504505157,-0.16678035364390098,-0.04785749316215515,-0.22742176055908203,-0.08109515265465461,-0.05442902445793152,-0.2153174877166748,-0.1237248341822692,-0.0514657199382782,-0.1583486795425415,-0.1400122802043029,-0.04815080761909485,-0.11143159866333008,-0.14920246706248008,-2.6271486412311322,-1.3961296933523304,-1.5307701230001294,-1.7291764603784123,1.5733251087788376,0.45186536478784,0.47949583599685264,0.39521834919711063,0.034292447254462836,0.10948881520324208,0.1942257117721248,0.48180421890491926,0.12585827712064968,0.5123617135253054,0.4293985930450039,W
0.0,0.0,0.0,0.06638714671134949,-0.005797386169433594,-0.04025274688751779,0.09844174981117249,-0.057318925857543945,-0.062228387095046855,0.017144322395324707,-0.10336160659790039,-0.08067606190593324,-0.05788916349411011,-0.1311277151107788,-0.10288042376191697,0.09375366568565369,-0.2701980471611023,-0.05203764314205728,0.11859112977981567,-0.3929603099822998,-0.07541947612912736,0.13134893774986267,-0.47201329469680786,-0.09136909792573533,0.14385107159614563,-0.5442228019237518,-0.1050902287140616,0.03875717520713806,-0.29704201221466064,-0.05999017307908616,0.04637444019317627,-0.43926599621772766,-0.08006767729671083,0.04845321178436279,-0.5313932299613953,-0.10403948823363862,0.05121880769729614,-0.6111522912979126,-0.1217363382354506,-0.010538458824157715,-0.2756834030151367,-0.07087477097661576,-0.03261718153953552,-0.3880823850631714,-0.1116645912304648,-0.04977905750274658,-0.46870020031929016,-0.14916723022611222,-0.05887511372566223,-0.5489794909954071,-0.17379396209867082,-0.05373102426528931,-0.22040629386901855,-0.08313456723840318,-0.061689168214797974,-0.20676445960998535,-0.1263541782871016,-0.058534085750579834,-0.14628946781158447,-0.14266263494641862,-0.054057300090789795,-0.09675353765487671,-0.15186912367494187,-2.700487143544199,-1.3899725311441125,-1.5311443269342804,-1.7458515048577483,1.5734349664683387,0.45972456232323433,0.49226836494044807,0.41785293909196897,0.03458709662448633,0.11428163834541397,0.2027819822027006,0.48928158155514356,0.12643626311996,0.525061078942743,0.4522516160313548,W
0.0,0.0,0.0,0.06538450717926025,-0.011369585990905762,-0.04227630594959919,0.09903469681739807,-0.06487631797790527,-0.06561169946780865,0.01894518733024597,-0.10421043634414673,-0.08555742526641552,-0.05898609757423401,-0.12579882144927979,-0.1098005267440385,0.09119278192520142,-0.278900682926178,-0.0539349744676656,0.1151721179485321,-0.39972901344299316,-0.0773395168243951,0.12844997644424438,-0.47756868600845337,-0.09351639623037045,0.1409662365913391,-0.5494250059127808,-0.1076187732278413,0.03493911027908325,-0.30350571870803833,-0.06137184227100079,0.043085068464279175,-0.44167476892471313,-0.08149947399488155,0.046300917863845825,-0.5319011211395264,-0.10625745529523556,0.048320472240448,-0.6098827719688416,-0.12452402884355251,-0.013963133096694946,-0.27862221002578735,-0.0717216374932832,-0.036226630210876465,-0.3856968283653259,-0.1120525466858453,-0.05141499638557434,-0.46778640151023865,-0.1515209915696687,-0.06056126952171326,-0.5497303605079651,-0.17833400691142742,-0.056393831968307495,-0.22030049562454224,-0.083602184301526,-0.059854358434677124,-0.20100969076156616,-0.12715795064559643,-0.05606713891029358,-0.14188110828399658,-0.14531558180442516,-0.051531195640563965,-0.09387195110321045,-0.1563531401216096,-2.773618198082951,-1.388842441518269,-1.5271479439742286,-1.7410133505152492,1.5323537367737086,0.4684443191045924,0.49583462069123285,0.423934465425176,0.03278567694795029,0.11062720790406953,0.20152773744965025,0.49455419031912723,0.12439270997016084,0.5255830313366694,0.45594783874839445,W
0.0,0.0,0.0,0.06648087501525879,-0.011353254318237305,-0.0416377742777172,0.09895062446594238,-0.0654916763305664,-0.0635578778574768,0.016607671976089478,-0.10548144578933716,-0.08183889808157119,-0.06133905053138733,-0.1284083127975464,-0.10417995573976668,0.09008443355560303,-0.27969425916671753,-0.05282795773842963,0.1127360463142395,-0.40058010816574097,-0.07532010944584044,0.1252608597278595,-0.47895896434783936,-0.09117277683714065,0.13742586970329285,-0.5516549348831177,-0.10519967200258407,0.034060150384902954,-0.3048001527786255,-0.06028241263726386,0.04085567593574524,-0.44352903962135315,-0.07889835508564147,0.044178128242492676,-0.5347158908843994,-0.10357134016254577,0.0461404025554657,-0.6132409572601318,-0.12225229265192183,-0.014975816011428833,-0.28049516677856445,-0.07064873697260055,-0.038103193044662476,-0.3905879855155945,-0.11007104041078719,-0.05387583374977112,-0.4725690484046936,-0.15010433616140517,-0.06437548995018005,-0.5541275441646576,-0.1775415164420906,-0.057378679513931274,-0.22189092636108398,-0.08251886041858825,-0.06055828928947449,-0.20397698879241943,-0.12571290852525863,-0.05626538395881653,-0.14369362592697144,-0.14417525352934035,-0.052460163831710815,-0.09412652254104614,-0.15553841711977157,-2.76755257946125,-1.3984487375660295,-1.5316507893686435,-1.7494054896009297,1.532318566591158,0.4675951204009139,0.49660298627015204,0.4257300599207765,0.035412932273625235,0.11011754930354706,0.20181650714113916,0.49536749371745536,0.1253321910129861,0.5283955601872407,0.46015531605239085,W
0.0,0.0,0.0,0.06432658433914185,-0.0024416446685791016,-0.043404536854154685,0.09430629014968872,-0.05340921878814697,-0.06715601549637995,0.009413838386535645,-0.09753638505935669,-0.08638447390092097,-0.0654275119304657,-0.12581849098205566,-0.10992424057019434,0.0871661901473999,-0.2659946084022522,-0.060527997623808005,0.11093735694885254,-0.38978224992752075,-0.08681706206095896,0.12338200211524963,-0.4667400121688843,-0.10419847683203898,0.13621115684509277,-0.5386610627174377,-0.11875864730370722,0.03129172325134277,-0.2913818955421448,-0.06836161629450999,0.0382656455039978,-0.43377864360809326,-0.09070682392609797,0.03858420252799988,-0.5241580903530121,-0.11551956699383936,0.04090225696563721,-0.6043894588947296,-0.13368000702155314,-0.01934915781021118,-0.2690434455871582,-0.07925864176047526,-0.039875298738479614,-0.37784209847450256,-0.12331507967007838,-0.05834648013114929,-0.4575442671775818,-0.16288503126395426,-0.06773284077644348,-0.5409047603607178,-0.18900544063342295,-0.06394639611244202,-0.21198230981826782,-0.09147167072785578,-0.07178732752799988,-0.19074755907058716,-0.13763449208033762,-0.06929519772529602,-0.1287984848022461,-0.1556764902283021,-0.06514778733253479,-0.08122473955154419,-0.16631155328047953,-2.7159877629439535,-1.3928277074148776,-1.5401021311464518,-1.7469241502916133,1.5799839968700868,0.4594530898608295,0.49024095206579005,0.41509267106006986,0.044594628740431644,0.1157756816445972,0.20395633931056825,0.49979337145650576,0.12582484416595074,0.5338051474658878,0.4596872893962048,W
0.0,0.0,0.0,0.06591227650642395,-0.0026256442070007324,-0.0454567384007305,0.09535691142082214,-0.051193416118621826,-0.07159459330466689,0.011122584342956543,-0.09666985273361206,-0.09364014603522719,-0.0629497766494751,-0.12497061491012573,-0.11982231326726378,0.08959659934043884,-0.2605956792831421,-0.06372759230760039,0.10868248343467712,-0.38274526596069336,-0.09416856356290282,0.1192256510257721,-0.46421945095062256,-0.11573452987101973,0.1285485327243805,-0.5387170910835266,-0.13334478922513426,0.036447346210479736,-0.2859201431274414,-0.07043768950131835,0.045179009437561035,-0.42808637022972107,-0.09522246308949889,0.04594042897224426,-0.5200438499450684,-0.11989725865748824,0.045832276344299316,-0.598619818687439,-0.13825889416364134,-0.014159142971038818,-0.2627980709075928,-0.08040433116582335,-0.030709564685821533,-0.3667285442352295,-0.12281083800223769,-0.047123849391937256,-0.4379331171512604,-0.1581753540816635,-0.05496668815612793,-0.508217990398407,-0.18169244118359984,-0.05932056903839111,-0.20484083890914917,-0.0925979141178459,-0.06580105423927307,-0.1793544888496399,-0.13983852155831755,-0.06461262702941895,-0.1283699870109558,-0.15924400575784148,-0.0599520206451416,-0.08935219049453735,-0.17053220160630644,-2.7054804759698334,-1.4316477158299796,-1.5407927337482998,-1.7355652790549023,1.5762639231610593,0.4559141904338485,0.4859805585539643,0.38333051081351227,0.035744351986159995,0.10212891776536087,0.18603233976226516,0.48729998204593467,0.1353991203898977,0.5201382841271864,0.4188954665177633,W
0.0,0.0,0.0,0.057539284229278564,-0.0021098852157592773,-0.04455092460000287,0.08194592595100403,-0.054952800273895264,-0.06700377822005521,-0.002005070447921753,-0.10315144062042236,-0.08391428649508725,-0.07461676001548767,-0.13798785209655762,-0.1045985659965254,0.07946670055389404,-0.26259660720825195,-0.05646415338003408,0.10351535677909851,-0.387081503868103,-0.07949156969868909,0.11442831158638,-0.46432870626449585,-0.09497325033032666,0.12650930881500244,-0.5357958674430847,-0.10745429903352033,0.026052266359329224,-0.28920096158981323,-0.06015454515898,0.03076431155204773,-0.4288315773010254,-0.08119680643164884,0.031661033630371094,-0.5197109580039978,-0.10464394003236066,0.03657287359237671,-0.597618579864502,-0.12045670956456433,-0.02034202218055725,-0.2700292468070984,-0.06696710646235715,-0.04570606350898743,-0.3883916139602661,-0.1075878134378172,-0.06395784020423889,-0.46986544132232666,-0.1449202737220503,-0.07297047972679138,-0.5497742295265198,-0.16874848216855298,-0.06276914477348328,-0.21782100200653076,-0.07519079655492078,-0.07031750679016113,-0.21979284286499023,-0.1165522253521658,-0.06641966104507446,-0.1581593155860901,-0.13068565636956464,-0.05920308828353882,-0.10457491874694824,-0.13783006280743848,-2.653950742076176,-1.400276935789109,-1.5366979845865678,-1.7567529282497454,1.539317282177216,0.4457610488110752,0.47288850750503686,0.41178966824785707,0.0367968122435316,0.10913574186165965,0.19996894919765518,0.4695110233322347,0.1195358863089728,0.5022599791357639,0.44541213205946384,W
0.0,0.0,0.0,0.059312522411346436,0.0003603696823120117,-0.042723053432382585,0.08287760615348816,-0.04860961437225342,-0.06541383016792679,-0.0025138258934020996,-0.10010296106338501,-0.0831624468037262,-0.07554164528846741,-0.13211899995803833,-0.1048345168301239,0.07613348960876465,-0.26633894443511963,-0.056471006310857774,0.10039946436882019,-0.38865530490875244,-0.07814904797760391,0.1104559600353241,-0.4662865698337555,-0.09307594347683334,0.12271451950073242,-0.5390191376209259,-0.10576583940473938,0.02226775884628296,-0.28980058431625366,-0.06141621742335701,0.02794364094734192,-0.4316357374191284,-0.08061525721041107,0.026600569486618042,-0.5239070057868958,-0.10309052962747955,0.029728800058364868,-0.6048123836517334,-0.11909667897907639,-0.02516573667526245,-0.2673293948173523,-0.0689630557963028,-0.04962754249572754,-0.3819243609905243,-0.10818293441025162,-0.07015842199325562,-0.46292388439178467,-0.1431328852841034,-0.0803145170211792,-0.5444633662700653,-0.16537495452848816,-0.06875032186508179,-0.21254360675811768,-0.07779236633268738,-0.08229652047157288,-0.21585488319396973,-0.11541768658844376,-0.07921099662780762,-0.15781563520431519,-0.12649940449682617,-0.07245093584060669,-0.1074298620223999,-0.13229786354986572,-2.656468229673331,-1.4016028986899085,-1.5471157962905173,-1.7672271092220302,1.6059875971066297,0.4526292400044425,0.4842735814096359,0.4123719882992103,0.02488184110744372,0.11390827557067598,0.20310201696832023,0.4736653436449121,0.1255051215401266,0.5077697029665496,0.43710424356665495,W
0.0,0.0,0.0,0.06079736351966858,-0.0007433891296386719,-0.045655143113663144,0.08488351106643677,-0.050692617893218994,-0.06920558273964161,-0.001564621925354004,-0.10147565603256226,-0.08731099277906651,-0.0748257040977478,-0.12916016578674316,-0.10912628531627888,0.08097350597381592,-0.2653573751449585,-0.05859332963996167,0.10486254096031189,-0.3862650394439697,-0.08214126587085957,0.1152099072933197,-0.4648315906524658,-0.09865237087183232,0.12586379051208496,-0.538035124540329,-0.1125897473114037,0.02826392650604248,-0.28969860076904297,-0.06273178816013569,0.03577837347984314,-0.4300084710121155,-0.08266426682644124,0.03409290313720703,-0.520465224981308,-0.10558418244295353,0.03592357039451599,-0.601683109998703,-0.12211593300276036,-0.019144207239151,-0.2691360116004944,-0.06991577953272099,-0.04338070750236511,-0.38140493631362915,-0.10907933175735707,-0.0645836591720581,-0.4599526524543762,-0.14317714482717747,-0.07304531335830688,-0.5404699742794037,-0.1650252720730805,-0.06230884790420532,-0.21567505598068237,-0.07895803511314625,-0.07697445154190063,-0.2104119062423706,-0.11829439610414738,-0.07710903882980347,-0.1522849202156067,-0.13031918615274662,-0.07183673977851868,-0.1033240556716919,-0.13655834704809422,-2.6849170782356544,-1.4076322558994805,-1.5462498983057176,-1.7668956518835353,1.655398590194414,0.45547228800718115,0.485328069049485,0.4113136617636888,0.026008431201798375,0.11018307151149014,0.19892400583080516,0.4775554554961118,0.1249850615510733,0.5098764864928579,0.4371475892710355,W
0.0,0.0,0.0,0.055772602558135986,-0.00011086463928222656,-0.0425527776128547,0.07857170701026917,-0.05059128999710083,-0.06439498164718316,-0.008265256881713867,-0.09921294450759888,-0.08114583143060372,-0.08104506134986877,-0.12918710708618164,-0.10198155143325494,0.07361230254173279,-0.2644215226173401,-0.054840755695749976,0.09660246968269348,-0.3859734535217285,-0.07481559463803933,0.10545927286148071,-0.4622069299221039,-0.08837811746661828,0.1169562041759491,-0.5343049466609955,-0.1001437986737983,0.020078212022781372,-0.28808242082595825,-0.05909397550885842,0.02432483434677124,-0.42853641510009766,-0.07797913351123498,0.023100852966308594,-0.5202976763248444,-0.10051391371553109,0.0273037850856781,-0.6020387411117554,-0.11609763004844353,-0.026219576597213745,-0.2652356028556824,-0.06574877449338601,-0.05182492733001709,-0.3812052607536316,-0.10499734529321358,-0.07243403792381287,-0.46261146664619446,-0.14020908721749947,-0.08192500472068787,-0.5454083383083344,-0.16227572509114907,-0.06948763132095337,-0.21082234382629395,-0.07356219836538003,-0.08341974020004272,-0.21765607595443726,-0.11094391443793938,-0.08205229043960571,-0.15726256370544434,-0.12127997078960107,-0.07543295621871948,-0.1039808988571167,-0.1263126219159858,-2.684040884727339,-1.4115538430214143,-1.5477858082097762,-1.7670621124864108,1.6263852389524236,0.4509156962133721,0.4851063185782771,0.4162221613758938,0.025823412967500122,0.1123629082902155,0.19919091484869972,0.47137286213323787,0.12303629970151489,0.50854346151061,0.4414751759659996,W
0.0,0.0,0.0,0.05948767066001892,-0.004137396812438965,-0.04090648126293672,0.0868072509765625,-0.05684739351272583,-0.06200319137860788,0.0010609030723571777,-0.10355710983276367,-0.07904225197125925,-0.0745939314365387,-0.12850773334503174,-0.0999367198019172,0.0808911919593811,-0.27091628313064575,-0.04869374987174524,0.10243391990661621,-0.39373961091041565,-0.0680780669717933,0.11241710186004639,-0.4690989851951599,-0.08222166803170694,0.12443175911903381,-0.5415233671665192,-0.09502060320664896,0.026278942823410034,-0.2960013747215271,-0.05529013257910265,0.03125107288360596,-0.43526139855384827,-0.07194342818547739,0.029412567615509033,-0.5254578590393066,-0.09504209813167108,0.030724316835403442,-0.6072776913642883,-0.11187307145883096,-0.021585464477539062,-0.27446824312210083,-0.06471695360232843,-0.04715654253959656,-0.3871144652366638,-0.10306446608592523,-0.06827667355537415,-0.46892493963241577,-0.1393715253143455,-0.07985636591911316,-0.5542579591274261,-0.16285542753030313,-0.06539261341094971,-0.22202259302139282,-0.07546741869737161,-0.07688742876052856,-0.21959060430526733,-0.11398374643613352,-0.07638034224510193,-0.1597723364830017,-0.12617623415280832,-0.0719289481639862,-0.11067628860473633,-0.13273523357202066,-2.723748758317572,-1.4112640587490823,-1.5565161789023434,-1.776127924120542,1.629431790036943,0.45846825329796553,0.4902168970168523,0.4257827473846765,0.018029491323084894,0.11447583103015783,0.2046846546862084,0.4734836137290402,0.12263433208088022,0.5071002327329279,0.4436525018254314,W
0.0,0.0,0.0,0.05846843123435974,0.00332486629486084,-0.04653156622680399,0.08101275563240051,-0.0496600866317749,-0.07038039042981836,-0.006969720125198364,-0.1015821099281311,-0.08862143828901026,-0.07846677303314209,-0.1330757737159729,-0.1106022156718609,0.07715585827827454,-0.26011955738067627,-0.058321823174082965,0.10136538743972778,-0.3834957480430603,-0.0821499161365864,0.11201426386833191,-0.4621767997741699,-0.09880532398256037,0.12424814701080322,-0.5360532701015472,-0.11260420157941553,0.02344721555709839,-0.283332884311676,-0.06219744011195871,0.03029102087020874,-0.4250200390815735,-0.08316490128072473,0.029511719942092896,-0.5164209306240082,-0.10702011808189127,0.0327073335647583,-0.5959179401397705,-0.12372751607927057,-0.02350744605064392,-0.26260727643966675,-0.06932874097856256,-0.04718965291976929,-0.37904369831085205,-0.11074768080743524,-0.0688115656375885,-0.45705902576446533,-0.1461837671640751,-0.07838734984397888,-0.5367152392864227,-0.16838499232562754,-0.0669831931591034,-0.21107476949691772,-0.07813178821834299,-0.07923883199691772,-0.21435415744781494,-0.11856993361743662,-0.07782945036888123,-0.15416276454925537,-0.1304522238615391,-0.07109609246253967,-0.1040579080581665,-0.13641052767070505,-2.659675936826555,-1.4017597023263726,-1.5411806738155314,-1.7683964271826733,1.6092096765327706,0.4510922315908452,0.4760068833511924,0.4036394733844069,0.029939329641933465,0.10937778222815155,0.20263657811161867,0.4741090219795552,0.12588482223849914,0.5026941837880375,0.43271876397928416,W
0.0,0.0,0.0,0.05813512206077576,0.0001385807991027832,-0.04272550000598585,0.08156609535217285,-0.050338685512542725,-0.06548288120677626,-0.0053945183753967285,-0.10231798887252808,-0.08367654337337171,-0.07810467481613159,-0.1318569779396057,-0.10602614684751188,0.07812511920928955,-0.26276862621307373,-0.054868359405304545,0.10223671793937683,-0.38665497303009033,-0.07683915301015531,0.11204835772514343,-0.46497422456741333,-0.09233080251863157,0.12313544750213623,-0.538472443819046,-0.10554669453551924,0.025555908679962158,-0.2857317328453064,-0.06082348554184591,0.03243660926818848,-0.42581707239151,-0.08005262567451155,0.029736220836639404,-0.5179343223571777,-0.10368904127528822,0.03113490343093872,-0.5994343757629395,-0.12058775528123533,-0.02116575837135315,-0.2642980217933655,-0.069600966114308,-0.04611152410507202,-0.3803795278072357,-0.10980671300342237,-0.06882604956626892,-0.4591391086578369,-0.14552912517240202,-0.07974636554718018,-0.5401273667812347,-0.1681308339422003,-0.06491625308990479,-0.21206849813461304,-0.0797281901424185,-0.08046045899391174,-0.21576744318008423,-0.1189895461385504,-0.07944843173027039,-0.15591108798980713,-0.13055652781179106,-0.07346516847610474,-0.10447931289672852,-0.13646407826593077,-2.669548754124593,-1.4089678687619211,-1.5530138604736266,-1.780066800588187,1.6500886034358766,0.4536890167537954,0.4801686249754745,0.4082736895188709,0.027767995287365083,0.11036510886928101,0.2028885626056544,0.47644710083153996,0.12574568431780853,0.5058870321522914,0.43569333285007167,W
0.0,0.0,0.0,0.057953327894210815,0.0011369585990905762,-0.04548636676895512,0.08066576719284058,-0.047879934310913086,-0.06836049484240903,-0.004634261131286621,-0.09971195459365845,-0.08577098177897824,-0.07722830772399902,-0.12765198945999146,-0.10676502661931409,0.07855519652366638,-0.2629733681678772,-0.056032071282743345,0.10301581025123596,-0.38605406880378723,-0.07759023683297528,0.11276566982269287,-0.46385401487350464,-0.09293852972018612,0.12425956130027771,-0.537665992975235,-0.10594254212605847,0.025261759757995605,-0.28580230474472046,-0.059750156869768034,0.030906617641448975,-0.42626190185546875,-0.07965975480306042,0.029668569564819336,-0.518066942691803,-0.10310316311347378,0.032929301261901855,-0.5992598235607147,-0.11930248366820706,-0.021789133548736572,-0.2639181613922119,-0.0664469100736369,-0.04646635055541992,-0.3794696033000946,-0.10649314003217114,-0.06829702854156494,-0.4590577483177185,-0.14141223060119046,-0.07813072204589844,-0.5410119295120239,-0.16278566645610226,-0.0663335919380188,-0.21033352613449097,-0.07470924632775677,-0.07970532774925232,-0.21737360954284668,-0.11196574049222363,-0.07781761884689331,-0.15881562232971191,-0.12172346787679089,-0.071173757314682,-0.10674822330474854,-0.12612001823413266,-2.6737736800529173,-1.4059230181265727,-1.5463400215451764,-1.7713921399656456,1.6174887363755515,0.45684663120410796,0.48430222795550504,0.4133609250902028,0.021762927655350973,0.11015905030849772,0.20241793913646508,0.47316414302295007,0.12540791816403243,0.5033936066257618,0.4343194284016664,W
0.0,0.0,0.0,0.06044912338256836,0.002247929573059082,-0.04287459720046627,0.08750361204147339,-0.044767141342163086,-0.06746241841585743,0.0032636821269989014,-0.09295225143432617,-0.08810608480246174,-0.06953436136245728,-0.12332397699356079,-0.11293290201695072,0.08386218547821045,-0.2625872492790222,-0.05506803114087688,0.10916206240653992,-0.3839927613735199,-0.07878487203390705,0.12069293856620789,-0.46124762296676636,-0.09618404153854954,0.1333393156528473,-0.5344625413417816,-0.11101077143223392,0.02912488579750061,-0.2867929935455322,-0.06201301533849346,0.036546945571899414,-0.42544570565223694,-0.08349694702894794,0.036286860704422,-0.5174242556095123,-0.1093384066608678,0.039295196533203125,-0.6004182398319244,-0.12777979318173038,-0.018750786781311035,-0.2641804814338684,-0.07169262711079227,-0.04219615459442139,-0.378375768661499,-0.11446379516394245,-0.06370523571968079,-0.4587640166282654,-0.1520988756802808,-0.07469913363456726,-0.5416047275066376,-0.17598527316124546,-0.062248051166534424,-0.2102866768836975,-0.08259629849465,-0.0758780837059021,-0.20548862218856812,-0.12559130434067356,-0.07613644003868103,-0.1461222767829895,-0.13965533319981205,-0.07091546058654785,-0.09711658954620361,-0.1469827855017911,-2.6777522489251795,-1.3907816894391645,-1.5383794595145874,-1.7697978287544258,1.6472345657789995,0.45846771742405834,0.489349372437573,0.4183126356236512,0.02624375338785743,0.11486709931182405,0.20816101269240025,0.48269192573378045,0.12827211911571165,0.5152270762713246,0.44450424178996095,W
0.0,0.0,0.0,0.05974259972572327,0.0019211769104003906,-0.04167703983409865,0.08838415145874023,-0.04334080219268799,-0.06705633995159133,0.004288077354431152,-0.08640390634536743,-0.08876975324972136,-0.07143408060073853,-0.11470723152160645,-0.11517660764081938,0.08167165517807007,-0.2603612542152405,-0.056796067180471255,0.10569238662719727,-0.38420966267585754,-0.08127858934028609,0.11840102076530457,-0.45959484577178955,-0.09873830226285918,0.13183662295341492,-0.5298669636249542,-0.1132483750305937,0.026786088943481445,-0.28593653440475464,-0.06456603554113372,0.03429889678955078,-0.42555010318756104,-0.08686694947107299,0.035324811935424805,-0.5160088539123535,-0.11262800243719084,0.03939834237098694,-0.5972228944301605,-0.13072605875356658,-0.020868778228759766,-0.263974666595459,-0.07480018285139067,-0.04414403438568115,-0.377437949180603,-0.11717776653392775,-0.06398773193359375,-0.45629310607910156,-0.1550485387168692,-0.07348847389221191,-0.5379486083984375,-0.17979445007665618,-0.06509852409362793,-0.21100741624832153,-0.0860976770244406,-0.07635378837585449,-0.20183569192886353,-0.12869494107587798,-0.07557249069213867,-0.13950401544570923,-0.14281370190008147,-0.0686805248260498,-0.08932584524154663,-0.1506627097450064,-2.7216135494920732,-1.3867654696441403,-1.5303019125033805,-1.7605466616182979,1.600225323809222,0.4622516436785531,0.495080994316955,0.42324636281058786,0.025530312158333086,0.11437507216028946,0.2054840830256952,0.4840285152138407,0.12750244809654335,0.5192691538201514,0.44864852612791073,W
0.0,0.0,0.0,0.06373649835586548,-0.0004240274429321289,-0.04357673680658536,0.09190607070922852,-0.047411561012268066,-0.0673219904887219,0.006029218435287476,-0.09395921230316162,-0.0865298703896542,-0.06964471936225891,-0.12318718433380127,-0.10995436167593198,0.08468008041381836,-0.2652880549430847,-0.05766222333784299,0.10839813947677612,-0.38972511887550354,-0.08153161859388547,0.12049129605293274,-0.46691030263900757,-0.09824401593084531,0.13286402821540833,-0.5401468575000763,-0.11239722078914838,0.029812604188919067,-0.2896684408187866,-0.0645213693964024,0.03567257523536682,-0.43357619643211365,-0.08336763536806302,0.03526943922042847,-0.5243202745914459,-0.10700457250948148,0.03826361894607544,-0.6057851612567902,-0.12459673440332608,-0.019306272268295288,-0.26787376403808594,-0.0744817451226254,-0.04365330934524536,-0.3835391402244568,-0.11489033406849103,-0.062029242515563965,-0.4640332758426666,-0.1531199411141415,-0.0703074038028717,-0.5475432574748993,-0.17861779487009244,-0.06301835179328918,-0.21371948719024658,-0.08584412640209393,-0.07468792796134949,-0.20686864852905273,-0.12809658503408627,-0.06975167989730835,-0.14494335651397705,-0.14315560912962155,-0.06241986155509949,-0.09521067142486572,-0.1519130960690518,-2.7030090225238705,-1.3972553549723397,-1.5440688499959405,-1.751176342252443,1.5657461949006215,0.46353550229988016,0.49451493082274844,0.4243565905725994,0.028894356626813993,0.11514175764675438,0.20330601939181767,0.48590534807002717,0.12320627555807144,0.5204070261948434,0.4524013502692288,W
0.0,0.0,0.0,0.05527454614639282,-0.0008606910705566406,-0.04478444623453015,0.07786068320274353,-0.05236685276031494,-0.06802415939671391,-0.01001673936843872,-0.10071295499801636,-0.0855570295701682,-0.08340299129486084,-0.13026392459869385,-0.10717090311152333,0.0743303894996643,-0.26180559396743774,-0.06015748249990338,0.09805640578269958,-0.38624483346939087,-0.08297686370713109,0.10800877213478088,-0.4632440507411957,-0.09768420549733037,0.1200166642665863,-0.5349920988082886,-0.10990776958567494,0.02100306749343872,-0.2868885397911072,-0.06334711703163975,0.025538355112075806,-0.4266735911369324,-0.08450332375866765,0.025220125913619995,-0.517726331949234,-0.10752439590794438,0.02984359860420227,-0.596432626247406,-0.12335597815615529,-0.0264035165309906,-0.26673370599746704,-0.06923017742735738,-0.051183074712753296,-0.38426676392555237,-0.10973405184847707,-0.0695258378982544,-0.4629317820072174,-0.14650435837609166,-0.07699167728424072,-0.540221095085144,-0.17005281242234105,-0.06891751289367676,-0.21453595161437988,-0.07633386644226903,-0.08206748962402344,-0.2126929759979248,-0.11652514430386418,-0.07989281415939331,-0.1516541838645935,-0.13039887043339604,-0.07252371311187744,-0.09968936443328857,-0.1378568867097556,-2.69160352896395,-1.4050949780040758,-1.5422442431447654,-1.7537033225785383,1.6021861643702984,0.4529729034586615,0.47972705627326523,0.4100073006430485,0.03245246405268366,0.10911516935307192,0.1970777233546975,0.4759834739519777,0.12072080355003306,0.5071813626955409,0.44055438757883736,W
0.0,0.0,0.0,0.05527454614639282,-0.0008606910705566406,-0.04478444623453015,0.07786068320274353,-0.05236685276031494,-0.06802415939671391,-0.01001673936843872,-0.10071295499801636,-0.0855570295701682,-0.08340299129486084,-0.13026392459869385,-0.10717090311152333,0.0743303894996643,-0.26180559396743774,-0.06015748249990338,0.09805640578269958,-0.38624483346939087,-0.08297686370713109,0.10800877213478088,-0.4632440507411957,-0.09768420549733037,0.1200166642665863,-0.5349920988082886,-0.10990776958567494,0.02100306749343872,-0.2868885397911072,-0.06334711703163975,0.025538355112075806,-0.4266735911369324,-0.08450332375866765,0.025220125913619995,-0.517726331949234,-0.10752439590794438,0.02984359860420227,-0.596432626247406,-0.12335597815615529,-0.0264035165309906,-0.26673370599746704,-0.06923017742735738,-0.051183074712753296,-0.38426676392555237,-0.10973405184847707,-0.0695258378982544,-0.4629317820072174,-0.14650435837609166,-0.07699167728424072,-0.540221095085144,-0.17005281242234105,-0.06891751289367676,-0.21453595161437988,-0.07633386644226903,-0.08206748962402344,-0.2126929759979248,-0.11652514430386418,-0.07989281415939331,-0.1516541838645935,-0.13039887043339604,-0.07252371311187744,-0.09968936443328857,-0.1378568867097556,-2.69160352896395,-1.4050949780040758,-1.5422442431447654,-1.7537033225785383,1.6021861643702984,0.4529729034586615,0.47972705627326523,0.4100073006430485,0.03245246405268366,0.10911516935307192,0.1970777233546975,0.4759834739519777,0.12072080355003306,0.5071813626955409,0.44055438757883736,W
0.0,0.0,0.0,0.06244581937789917,0.0003421902656555176,-0.045393306800178834,0.09021255373954773,-0.049376070499420166,-0.06816342476849968,0.005823403596878052,-0.09932911396026611,-0.08527609709744866,-0.06776338815689087,-0.13246631622314453,-0.10605474565272743,0.08561846613883972,-0.26044684648513794,-0.05859900642280991,0.10987818241119385,-0.3869701325893402,-0.08196295801644737,0.12181183695793152,-0.4639779031276703,-0.09743924442773277,0.13434365391731262,-0.535698413848877,-0.11001226309781487,0.03175953030586243,-0.2880104184150696,-0.06212092939858849,0.03854343295097351,-0.4302235245704651,-0.0837532654786628,0.03913778066635132,-0.5218656659126282,-0.10743855688815529,0.04243427515029907,-0.600625067949295,-0.12345948074107582,-0.015461087226867676,-0.2694817781448364,-0.06865180287604744,-0.03849110007286072,-0.3864026963710785,-0.10929605368619377,-0.057629287242889404,-0.46720272302627563,-0.1460367441559356,-0.06662854552268982,-0.546480119228363,-0.1694643199825805,-0.05845317244529724,-0.21886461973190308,-0.07671622935777123,-0.065422922372818,-0.21648681163787842,-0.11712435636763985,-0.06217232346534729,-0.15492218732833862,-0.13071876768117363,-0.05504259467124939,-0.10167312622070312,-0.13776072863583977,-2.657387331228519,-1.3955908119879241,-1.5366629332896478,-1.7534584789901217,1.5417019336377267,0.4510469831532321,0.4809533676107822,0.41401535834633996,0.03331724984795108,0.11252912653181708,0.201261198740945,0.47354524752674654,0.12176360016499549,0.5083844807868738,0.44495785787605596,W
0.0,0.0,0.0,0.05730712413787842,-0.0008697509765625,-0.04594049628758512,0.08188697695732117,-0.05850952863693237,-0.07066170152211271,-0.0029465854167938232,-0.10341107845306396,-0.09052154447817884,-0.07654452323913574,-0.1394861936569214,-0.11527883287453733,0.08707568049430847,-0.26699507236480713,-0.05622571732783399,0.10827532410621643,-0.3890810012817383,-0.08142988409781537,0.11889424920082092,-0.4649852514266968,-0.09945138569855771,0.1301443874835968,-0.5365629196166992,-0.11412563200974546,0.033237308263778687,-0.2946735620498657,-0.060526486746312,0.036774903535842896,-0.43265604972839355,-0.08246432270789228,0.03649905323982239,-0.5212992429733276,-0.10828591909194074,0.04008209705352783,-0.6008339524269104,-0.12585529711031995,-0.013867437839508057,-0.2728632688522339,-0.06803398605370603,-0.03983813524246216,-0.3905123770236969,-0.10981085177445493,-0.057432740926742554,-0.47368550300598145,-0.15039427604460798,-0.06542986631393433,-0.5560482144355774,-0.17733143296027265,-0.05734869837760925,-0.2186577320098877,-0.07680068936133466,-0.0653066635131836,-0.22066527605056763,-0.12342431422257505,-0.06224587559700012,-0.15641796588897705,-0.14126452829623304,-0.05338826775550842,-0.10430759191513062,-0.15069994356417737,-2.6690928909243774,-1.4123658668607375,-1.5484431781281878,-1.7509036431231284,1.5361759213920807,0.44764967565573666,0.4758608232277386,0.4167102743558915,0.0421158662326984,0.11064348971359017,0.19654252838161954,0.46960505093696203,0.11462345633021631,0.5052475984906888,0.45190108445433397,W
0.0,0.0,0.0,0.060332685708999634,0.00023365020751953125,-0.042540859180803636,0.0869951844215393,-0.05205893516540527,-0.06503269423853908,0.0008424818515777588,-0.09837067127227783,-0.08274770875584636,-0.0712611973285675,-0.12999576330184937,-0.10485900540959392,0.08575752377510071,-0.26185452938079834,-0.05606781666290317,0.11000388860702515,-0.3863213062286377,-0.07884318729054485,0.12088778614997864,-0.46346068382263184,-0.09392688770901714,0.1326579451560974,-0.5348400473594666,-0.10645922620904003,0.03130519390106201,-0.2899013161659241,-0.060885175812359194,0.0374218225479126,-0.430109441280365,-0.08272538681637798,0.037195950746536255,-0.5206380486488342,-0.1065496166528419,0.040513843297958374,-0.5992012321949005,-0.12251765628468547,-0.016416192054748535,-0.2719530463218689,-0.06833738436114345,-0.04059416055679321,-0.3857252299785614,-0.10957492490422283,-0.059929609298706055,-0.4666783809661865,-0.14626241077792201,-0.06814897060394287,-0.5481472909450531,-0.16961026539217983,-0.060656189918518066,-0.22249239683151245,-0.0769340058149055,-0.07387411594390869,-0.21520459651947021,-0.1179627289355949,-0.07295829057693481,-0.1516978144645691,-0.13137311090838466,-0.06616345047950745,-0.09918677806854248,-0.13823975970160518,-2.6839856047697555,-1.4006518797369583,-1.5410325619142409,-1.7559566467926124,1.6154301640846593,0.4533011261907538,0.48233539342060466,0.41816310935510614,0.031227881677168296,0.11239616372752229,0.20124736060109222,0.4788775609760392,0.12005878577689387,0.5112675418437627,0.4489649033192951,W
0.0,0.0,0.0,0.061737775802612305,0.00010436773300170898,-0.04466783233658589,0.09048458933830261,-0.052774667739868164,-0.0688137633420638,0.0025784671306610107,-0.10319918394088745,-0.08828213044182576,-0.07140055298805237,-0.13538014888763428,-0.1119946686245612,0.08715870976448059,-0.26351165771484375,-0.057697441212098965,0.10922783613204956,-0.3872627019882202,-0.08351663478390492,0.12071442604064941,-0.46597737073898315,-0.10160999723450459,0.13139447569847107,-0.5407166481018066,-0.11697137334124363,0.03274306654930115,-0.2901514768600464,-0.0648949144102744,0.04031720757484436,-0.4330815076828003,-0.08640111216084279,0.03900071978569031,-0.521482914686203,-0.11085440941826619,0.039992719888687134,-0.6008613109588623,-0.12842361607329167,-0.01656043529510498,-0.2701578736305237,-0.07544071205632008,-0.03738239407539368,-0.3815435767173767,-0.11888205983416356,-0.05410480499267578,-0.4617103934288025,-0.15764689423815526,-0.05952528119087219,-0.5450786352157593,-0.1832997349716834,-0.06104293465614319,-0.21836179494857788,-0.0875149590589217,-0.0728406012058258,-0.19950246810913086,-0.134366959116619,-0.07394623756408691,-0.13822317123413086,-0.15210655309931553,-0.06848329305648804,-0.09150618314743042,-0.1623164413191489,-2.6697611271457418,-1.4125527411402945,-1.5474680076244927,-1.7258231677037152,1.6293813909970047,0.4532366945153146,0.4786242508329186,0.40987055490705077,0.04397084574216071,0.10941508778637553,0.19096958004422648,0.4916718054423985,0.11408566716258159,0.5207779676717151,0.4536609033759257,W
0.0,0.0,0.0,0.060716867446899414,-0.00328218936920166,-0.04914573309190473,0.08477619290351868,-0.055922865867614746,-0.07286316630609235,-0.0028874576091766357,-0.10658109188079834,-0.08953398940332136,-0.07575178146362305,-0.14375805854797363,-0.10934158143766126,0.08462795615196228,-0.2644200921058655,-0.06361786750323972,0.10669901967048645,-0.3903292119503021,-0.08775836703546247,0.11602199077606201,-0.4693497121334076,-0.10320049998529157,0.12597131729125977,-0.542322039604187,-0.11585751650102338,0.02907237410545349,-0.29010194540023804,-0.06446703997619352,0.03518486022949219,-0.434258371591568,-0.087826822969987,0.03557223081588745,-0.5247069597244263,-0.11138570782907209,0.038242071866989136,-0.6006318032741547,-0.12708078053958616,-0.018875837326049805,-0.269681453704834,-0.06844579157598218,-0.044265151023864746,-0.38660311698913574,-0.10907109555967054,-0.06267440319061279,-0.46778273582458496,-0.1445025774575015,-0.0697605311870575,-0.5467493534088135,-0.1669327738619586,-0.06147056818008423,-0.2165292501449585,-0.07420318302877149,-0.0730668306350708,-0.2183135747909546,-0.11346630481250486,-0.06889757513999939,-0.16027355194091797,-0.12609123912818632,-0.060160934925079346,-0.10715597867965698,-0.13248029080398283,-2.640929093684903,-1.4231099225367532,-1.5412757068674108,-1.752426552493667,1.5588229200130017,0.4467051102983374,0.4708802578334377,0.40303582820078515,0.0397842524936067,0.10533968407945501,0.1957819134043377,0.47330192889496936,0.12069747582257455,0.5031913564489551,0.4396981775652039,W
0.0,0.0,0.0,0.05928495526313782,0.001964867115020752,-0.044336290650335286,0.08483913540840149,-0.05070531368255615,-0.06909748315092656,-0.002687603235244751,-0.09630513191223145,-0.08912301211830709,-0.07476630806922913,-0.13389503955841064,-0.11352913229939077,0.08245378732681274,-0.26239490509033203,-0.05685151516672704,0.10294300317764282,-0.38427093625068665,-0.08223961441990468,0.11340680718421936,-0.4603223204612732,-0.0990750953483257,0.12437519431114197,-0.5305270254611969,-0.11287586539265249,0.02851065993309021,-0.2912452816963196,-0.06245492547031972,0.034739404916763306,-0.4299388527870178,-0.0869119107651386,0.03574815392494202,-0.5201967358589172,-0.11178341656204793,0.039009809494018555,-0.5992373824119568,-0.12817908226725194,-0.019224315881729126,-0.2712239623069763,-0.07122924327131841,-0.043611079454422,-0.3828137516975403,-0.11586052327629659,-0.06164318323135376,-0.4639037251472473,-0.15413553416010473,-0.06927728652954102,-0.5459317564964294,-0.17858328818556402,-0.06369799375534058,-0.21895116567611694,-0.08115058540579412,-0.0741628110408783,-0.20624303817749023,-0.12781014441725347,-0.07325237989425659,-0.14206939935684204,-0.14450698494192693,-0.06533563137054443,-0.09176689386367798,-0.15332428514238927,-2.6611126435271752,-1.4157057922511385,-1.5367204999013768,-1.7510236668141552,1.5836717169463366,0.4438178344901198,0.47904958092059036,0.4120732768119333,0.043170804054033285,0.10958267234045901,0.19426422489490686,0.47801741648218143,0.12069625064376172,0.5180871237317608,0.4541819669423462,W
0.0,0.0,0.0,0.059083133935928345,3.933906555175781e-05,-0.0426295294096235,0.08646473288536072,-0.05291551351547241,-0.06670061188242471,0.0002885162830352783,-0.09811711311340332,-0.08678760068914926,-0.07292267680168152,-0.13529670238494873,-0.11212327020666635,0.08901172876358032,-0.26179999113082886,-0.054688953482127545,0.10997053980827332,-0.38664788007736206,-0.078497138493276,0.11964172124862671,-0.46581581234931946,-0.0948099909951452,0.12965604662895203,-0.5394202768802643,-0.10857674913904702,0.034004151821136475,-0.2912486791610718,-0.06061589779756105,0.037928611040115356,-0.4312540888786316,-0.08281812506220376,0.03791964054107666,-0.5223580002784729,-0.1086998401810888,0.04063689708709717,-0.6009330451488495,-0.12637845116159951,-0.014577865600585938,-0.27168744802474976,-0.06929031448862588,-0.03925159573554993,-0.38953185081481934,-0.11278151410124337,-0.05662986636161804,-0.4725976586341858,-0.15409729319117105,-0.06488001346588135,-0.5530829131603241,-0.18131533699533975,-0.059295713901519775,-0.22069215774536133,-0.07870293097994363,-0.06784927845001221,-0.21346944570541382,-0.1271138085653547,-0.06620478630065918,-0.1476801037788391,-0.14623061256907022,-0.058470070362091064,-0.09342020750045776,-0.15659314828417337,-2.6645471486859367,-1.4254265105353106,-1.5493818413333715,-1.7476875577813182,1.5643091789517847,0.45205530928157006,0.4792838204282947,0.4178636169225306,0.04430032343796701,0.10820457312526019,0.19501524634587375,0.48405319726339985,0.11585962862000107,0.5170990924135308,0.45970739644380615,W
0.0,0.0,0.0,0.05671650171279907,0.00300443172454834,-0.04518823600108135,0.08076488971710205,-0.046668291091918945,-0.07106282463962543,-0.00562557578086853,-0.08864551782608032,-0.09210441908533085,-0.07807379961013794,-0.1254582405090332,-0.11821321299964893,0.08413594961166382,-0.2579483985900879,-0.05986636033946979,0.10689589381217957,-0.38160011172294617,-0.08566108992988575,0.11761727929115295,-0.458739697933197,-0.10315472534591663,0.12916263937950134,-0.5313490033149719,-0.11733066937620151,0.030031263828277588,-0.28564906120300293,-0.06527227065259922,0.03557583689689636,-0.424474835395813,-0.08845596662456501,0.03652071952819824,-0.5145004391670227,-0.11420623114997852,0.041308313608169556,-0.5926865041255951,-0.13159749558860767,-0.0181618332862854,-0.26569652557373047,-0.0736689930289458,-0.04284578561782837,-0.38097769021987915,-0.1179594685762595,-0.060006558895111084,-0.46561673283576965,-0.1593347852557372,-0.06714195013046265,-0.5486153066158295,-0.1863176440327834,-0.062551349401474,-0.21338289976119995,-0.08295252821142185,-0.07493427395820618,-0.20820271968841553,-0.129776767405815,-0.07352006435394287,-0.14462345838546753,-0.14745602658683765,-0.06543043255805969,-0.09256863594055176,-0.15705931833679188,-2.6811200508860162,-1.4075702812981938,-1.5340842473102538,-1.7422214549679407,1.5946224731503635,0.4557348494204643,0.4822388819647543,0.42329824938116367,0.03523607269666489,0.1071478957442865,0.19706247002499655,0.47999445250890965,0.11706293245482814,0.5113815033916372,0.4560498822786887,W
0.0,0.0,0.0,0.05671650171279907,0.00300443172454834,-0.04518823600108135,0.08076488971710205,-0.046668291091918945,-0.07106282463962543,-0.00562557578086853,-0.08864551782608032,-0.09210441908533085,-0.07807379961013794,-0.1254582405090332,-0.11821321299964893,0.08413594961166382,-0.2579483985900879,-0.05986636033946979,0.10689589381217957,-0.38160011172294617,-0.08566108992988575,0.11761727929115295,-0.458739697933197,-0.10315472534591663,0.12916263937950134,-0.5313490033149719,-0.11733066937620151,0.030031263828277588,-0.28564906120300293,-0.06527227065259922,0.03557583689689636,-0.424474835395813,-0.08845596662456501,0.03652071952819824,-0.5145004391670227,-0.11420623114997852,0.041308313608169556,-0.5926865041255951,-0.13159749558860767,-0.0181618332862854,-0.26569652557373047,-0.0736689930289458,-0.04284578561782837,-0.38097769021987915,-0.1179594685762595,-0.060006558895111084,-0.46561673283576965,-0.1593347852557372,-0.06714195013046265,-0.5486153066158295,-0.1863176440327834,-0.062551349401474,-0.21338289976119995,-0.08295252821142185,-0.07493427395820618,-0.20820271968841553,-0.129776767405815,-0.07352006435394287,-0.14462345838546753,-0.14745602658683765,-0.06543043255805969,-0.09256863594055176,-0.15705931833679188,-2.6811200508860162,-1.4075702812981938,-1.5340842473102538,-1.7422214549679407,1.5946224731503635,0.4557348494204643,0.4822388819647543,0.42329824938116367,0.03523607269666489,0.1071478957442865,0.19706247002499655,0.47999445250890965,0.11706293245482814,0.5113815033916372,0.4560498822786887,W
0.0,0.0,0.0,0.061087340116500854,-0.0010300278663635254,-0.04308198131343488,0.08929714560508728,-0.05147743225097656,-0.06723565719744329,0.0036779940128326416,-0.09530895948410034,-0.08707234374901418,-0.07109084725379944,-0.1287384033203125,-0.11152684800049428,0.0850452184677124,-0.26667511463165283,-0.057487287742105764,0.1077595055103302,-0.3902193307876587,-0.08200021199604635,0.1194065511226654,-0.4670180678367615,-0.09863638989349965,0.13157233595848083,-0.5393871366977692,-0.11280859373232488,0.03119000792503357,-0.2947505712509155,-0.06478519104143743,0.03824955224990845,-0.4359481930732727,-0.0859598528566039,0.03859177231788635,-0.525408923625946,-0.11060525588413839,0.04153451323509216,-0.6044437289237976,-0.12832472584864263,-0.0172174870967865,-0.27485817670822144,-0.07505277655741338,-0.04004371166229248,-0.38586291670799255,-0.11800517998358373,-0.05760759115219116,-0.4667397141456604,-0.1582395072998679,-0.06480750441551208,-0.5496269464492798,-0.18531368039271,-0.0607663094997406,-0.22254198789596558,-0.08650472871681814,-0.07251903414726257,-0.20142191648483276,-0.13333117328306798,-0.0723181664943695,-0.13720965385437012,-0.15216232202669744,-0.06668847799301147,-0.08836287260055542,-0.16328836343905095,-2.69268143021378,-1.4018143630965554,-1.5374063069388761,-1.7422951826374706,1.6149039920090438,0.4579353099011298,0.4888558362470173,0.42093544176565606,0.040614829016141114,0.11108181540122627,0.19664662572508604,0.4926766050393924,0.1196390586675607,0.5273060459483554,0.46126790901288667,W
0.0,0.0,0.0,0.060420840978622437,0.0030298233032226562,-0.045406019583083435,0.08940306305885315,-0.047879159450531006,-0.07148367752108697,0.0033800601959228516,-0.09371685981750488,-0.09312441040549402,-0.07200324535369873,-0.13326138257980347,-0.11965928067240839,0.08955195546150208,-0.2615484595298767,-0.05890642692122583,0.11201730370521545,-0.38453686237335205,-0.08572560389313821,0.12289822101593018,-0.4627707600593567,-0.10391468395266656,0.13383612036705017,-0.5348592400550842,-0.11891704638276224,0.03314262628555298,-0.29221951961517334,-0.06513395000968103,0.0397375226020813,-0.43105894327163696,-0.09053750921759729,0.04198676347732544,-0.521846354007721,-0.11762106259141092,0.04619917273521423,-0.5996358096599579,-0.13611347068820123,-0.016687065362930298,-0.2722198963165283,-0.07456850846085672,-0.03955352306365967,-0.3868788182735443,-0.12105549712453012,-0.05634620785713196,-0.46888864040374756,-0.16391513337168817,-0.0649455189704895,-0.5488983690738678,-0.1922426282313836,-0.061982542276382446,-0.219757080078125,-0.08498930771622781,-0.0691598653793335,-0.20113444328308105,-0.13620204319033746,-0.0690007209777832,-0.1384701132774353,-0.15835086096797113,-0.06294360756874084,-0.09062403440475464,-0.17108725596938257,-2.655023395551158,-1.410163722525546,-1.5283499612963918,-1.74347985440405,1.5782386320815318,0.4512767261991872,0.4811204816638016,0.4156969040581939,0.04358922454225329,0.10897815634337092,0.19927678560566395,0.4858674503047869,0.12217786367252846,0.5205815342873111,0.4582787071921177,W
0.0,0.0,0.0,0.057789623737335205,0.004048764705657959,-0.0452376226440947,0.08201375603675842,-0.04406613111495972,-0.07225938090243744,-0.005140781402587891,-0.08825236558914185,-0.09469246813216614,-0.07831668853759766,-0.12523263692855835,-0.12195366569915222,0.08370757102966309,-0.2543846368789673,-0.06165654533663201,0.1065250039100647,-0.3770206570625305,-0.08871728875794815,0.11815586686134338,-0.45241889357566833,-0.10622741975942063,0.13059312105178833,-0.5225888788700104,-0.12045700797000336,0.02809619903564453,-0.28260672092437744,-0.06711634197392868,0.033976852893829346,-0.421766996383667,-0.09250383027949738,0.03608572483062744,-0.5104991793632507,-0.11822229572692322,0.041783541440963745,-0.5877500772476196,-0.13556225546756195,-0.020927876234054565,-0.2621809244155884,-0.07558762231030869,-0.04586663842201233,-0.3772338330745697,-0.12116939523377823,-0.06325972080230713,-0.4588416814804077,-0.16225741752543854,-0.07043829560279846,-0.5388133525848389,-0.1891287262097876,-0.06489261984825134,-0.21026623249053955,-0.0850247959152739,-0.07298779487609863,-0.19502341747283936,-0.13417816111007141,-0.07049736380577087,-0.132582426071167,-0.15487922676959442,-0.06099852919578552,-0.08473122119903564,-0.16668169149318146,-2.6729614359572773,-1.397732247364058,-1.5259709242695456,-1.7478967128896228,1.5397863135772547,0.4489268220462075,0.477856095325988,0.4136557474978394,0.04404864718789925,0.11015045712414241,0.20168506149309431,0.4779400473131553,0.12242770817996036,0.5134122355230772,0.4541802409106905,W
0.0,0.0,0.0,0.0610027015209198,0.0008546113967895508,-0.04768352540668275,0.08834126591682434,-0.05115795135498047,-0.07104127439197327,-0.00016188621520996094,-0.102885901927948,-0.08810449721750047,-0.074483722448349,-0.13914096355438232,-0.10916842105325486,0.08478233218193054,-0.2644912004470825,-0.062347810291612404,0.10554704070091248,-0.390712708234787,-0.08671391340431,0.11548525094985962,-0.46908146142959595,-0.1029393407934549,0.12571564316749573,-0.5438734292984009,-0.11656672837671067,0.031765371561050415,-0.2933350205421448,-0.06596541734870698,0.037478476762771606,-0.4372257590293884,-0.08465936365064408,0.035931289196014404,-0.5274663865566254,-0.10697351726230409,0.036791086196899414,-0.6078723073005676,-0.12333674313958909,-0.016961991786956787,-0.27500414848327637,-0.07303170444902207,-0.0411185622215271,-0.3867114186286926,-0.11341250272926118,-0.05913242697715759,-0.4674082398414612,-0.15214762421783234,-0.06588256359100342,-0.5509400963783264,-0.17825582953628327,-0.060789674520492554,-0.2232617735862732,-0.08174727442201402,-0.07409533858299255,-0.2082926630973816,-0.12573992046054627,-0.07229527831077576,-0.14513766765594482,-0.142848345958555,-0.06706181168556213,-0.09527486562728882,-0.15293132098850037,-2.646185929889296,-1.4253177408125521,-1.5548195659336648,-1.7462626837198187,1.619763236306694,0.4515397599550009,0.48175839966641076,0.411888948295826,0.04448954154315516,0.10956018080467489,0.19172848149581503,0.4882661348357139,0.11740168227612192,0.5230120090481436,0.45566675667801887,W
0.0,0.0,0.0,0.0641787052154541,-0.0029555559158325195,-0.046706552257660405,0.09342920780181885,-0.05668997764587402,-0.06949408968341686,0.005514055490493774,-0.10694962739944458,-0.08608452101600506,-0.0703086256980896,-0.14036542177200317,-0.10642125328433849,0.08801195025444031,-0.26811927556991577,-0.05877038707387783,0.10666006803512573,-0.39379414916038513,-0.08078629394424297,0.11486080288887024,-0.47311902046203613,-0.09512092044008114,0.1243322491645813,-0.5454981327056885,-0.10717506577623226,0.032997578382492065,-0.29418879747390747,-0.06140797083628513,0.03985980153083801,-0.4366280436515808,-0.08167418708455898,0.04179897904396057,-0.5288384258747101,-0.10512807836187221,0.04455634951591492,-0.6050473749637604,-0.12143255641115047,-0.015320062637329102,-0.2742342948913574,-0.06719589104307033,-0.037005335092544556,-0.39171308279037476,-0.1076831134165559,-0.052734553813934326,-0.47487872838974,-0.1463866444433961,-0.06071650981903076,-0.5537779331207275,-0.17165455838096477,-0.058430224657058716,-0.22240644693374634,-0.07445389648330547,-0.05944329500198364,-0.21724754571914673,-0.11704345663440563,-0.05535587668418884,-0.15326380729675293,-0.1333479346836839,-0.04988360404968262,-0.09791338443756104,-0.14235927780521251,-2.669157614237082,-1.4405959524915255,-1.5336300739731585,-1.731785784751527,1.5022524938940285,0.4494636621972714,0.4786682359975647,0.4135237758904516,0.047110051827425996,0.0995505219386851,0.18523390158469324,0.48029498268607485,0.11709368291864163,0.5158524878068337,0.4559932440217888,W
0.0,0.0,0.0,0.058516502380371094,-0.0004330873489379883,-0.045504653113596305,0.0866871178150177,-0.05386555194854736,-0.06831862892460094,0.0006563961505889893,-0.10326135158538818,-0.0853690889055656,-0.07272636890411377,-0.13987046480178833,-0.1069225158865379,0.08910626173019409,-0.26409822702407837,-0.056802747058384284,0.10811939835548401,-0.39182788133621216,-0.07900846119474636,0.11614716053009033,-0.46985965967178345,-0.09368059154104458,0.12572821974754333,-0.5421847403049469,-0.10564891363929974,0.036391109228134155,-0.29263049364089966,-0.05979675169538723,0.04052072763442993,-0.4345855712890625,-0.0805642839844154,0.040902793407440186,-0.5261931419372559,-0.10448099042724834,0.04563894867897034,-0.6052646338939667,-0.12021257843326794,-0.010542958974838257,-0.27375221252441406,-0.06566254909586178,-0.03374791145324707,-0.39237475395202637,-0.10624895359825359,-0.049725621938705444,-0.4789058566093445,-0.14537672068428265,-0.055628687143325806,-0.5622033774852753,-0.1708168473417686,-0.05509766936302185,-0.22124618291854858,-0.07260895635437237,-0.06320548057556152,-0.22626018524169922,-0.11531958844017254,-0.06238681077957153,-0.16102451086044312,-0.12947533394645916,-0.055998146533966064,-0.10197621583938599,-0.1364063408548759,-2.6468400927394082,-1.4398571359455425,-1.5412245609798696,-1.725844621542345,1.578346090446094,0.4485989300372102,0.48021045493777353,0.4226788613797844,0.041422307131419436,0.10194785096066235,0.18245841584202413,0.476243653200783,0.11004274564246506,0.5134484695382837,0.4602273099424597,W
0.0,0.0,0.0,0.05969053506851196,0.0007682442665100098,-0.044822389616570035,0.08662426471710205,-0.050063908100128174,-0.06877075357635931,-0.0007826387882232666,-0.09984159469604492,-0.0875986762185903,-0.07644964754581451,-0.1345563530921936,-0.1107169337411733,0.08289548754692078,-0.26293933391571045,-0.05799931137164549,0.10168853402137756,-0.38668280839920044,-0.08093705250223593,0.11070194840431213,-0.4646834433078766,-0.09590215457876639,0.12106552720069885,-0.5364591777324677,-0.10866606457432226,0.0291367769241333,-0.2913838028907776,-0.06194608507951216,0.03608793020248413,-0.43090760707855225,-0.08248886687954382,0.03734695911407471,-0.5212946534156799,-0.10577157361706213,0.040369004011154175,-0.598218560218811,-0.1221893749972196,-0.019539952278137207,-0.2722063660621643,-0.06885056419571356,-0.04080900549888611,-0.3849727511405945,-0.10940583272179083,-0.05685803294181824,-0.4661465287208557,-0.1477904938002439,-0.06408461928367615,-0.5446410477161407,-0.17329842074116186,-0.06341460347175598,-0.22190463542938232,-0.07701762242515997,-0.0704532265663147,-0.20873314142227173,-0.12016447855432943,-0.06959846615791321,-0.14708590507507324,-0.13760067744453863,-0.064446359872818,-0.09765082597732544,-0.14780666156013922,-2.6635514988174025,-1.432140523254505,-1.5342059028566237,-1.7328680576398567,1.5790997558274236,0.44781483306047,0.47815190020443793,0.4102710697681954,0.038808463594775036,0.10161766667255837,0.1853308386092699,0.47641098834477136,0.11739296940358955,0.5114238135536749,0.4469903681136419,W
0.0,0.0,0.0,0.05813479423522949,0.0011600852012634277,-0.04548409086646643,0.08316648006439209,-0.04935985803604126,-0.07093030092300978,-0.00477910041809082,-0.09797853231430054,-0.09127403673710432,-0.07957962155342102,-0.1349860429763794,-0.11620223400177565,0.0826045572757721,-0.25829553604125977,-0.060956104369779496,0.1025800108909607,-0.38326555490493774,-0.08641103533091155,0.11223512887954712,-0.46046140789985657,-0.1032566043454608,0.12353980541229248,-0.5314051508903503,-0.11696076271118727,0.028102129697799683,-0.28621190786361694,-0.06517815467896071,0.03360623121261597,-0.4266563057899475,-0.08772737410845366,0.03648895025253296,-0.517707109451294,-0.1131663384753665,0.04252240061759949,-0.5950765311717987,-0.13093664375128355,-0.020743340253829956,-0.2668762803077698,-0.07229880866589156,-0.04310831427574158,-0.385064035654068,-0.11479833600105849,-0.057724565267562866,-0.46664154529571533,-0.15536372986616698,-0.06417128443717957,-0.5451938509941101,-0.18232431140722838,-0.06450587511062622,-0.21645396947860718,-0.08049577352585402,-0.06855866312980652,-0.20933151245117188,-0.12666224566282835,-0.064830482006073,-0.14786040782928467,-0.14556715515436736,-0.05763569474220276,-0.0977170467376709,-0.1562876465636691,-2.6572574398085895,-1.422018085905732,-1.5241422075020066,-1.72558550795401,1.5130002443418717,0.445427447212437,0.4760169756911529,0.4104970920864107,0.04324943935517513,0.10304302279442289,0.18821684702233218,0.4700105674767077,0.11777870865431472,0.5073441640766991,0.4475245292497571,W
0.0,0.0,0.0,0.05703738331794739,-0.005275845527648926,-0.04593465276082043,0.08014053106307983,-0.05730080604553223,-0.07002864204366688,-0.00784030556678772,-0.10566341876983643,-0.08837016843278889,-0.08143787086009979,-0.14202618598937988,-0.11090854726751331,0.0802692174911499,-0.26728135347366333,-0.06028231404741291,0.10077878832817078,-0.3919132351875305,-0.08378505878170017,0.10989320278167725,-0.46969664096832275,-0.09936765007694248,0.12025618553161621,-0.5410519540309906,-0.11227763615568165,0.025531023740768433,-0.2946126461029053,-0.06311177633722309,0.03200465440750122,-0.4351438879966736,-0.0836912559719849,0.034670889377593994,-0.5259832143783569,-0.10747011177261356,0.04020819067955017,-0.6019270122051239,-0.12408749930580143,-0.023006349802017212,-0.2742964029312134,-0.06882209502180103,-0.046207934617996216,-0.39021414518356323,-0.10818925671298985,-0.06028464436531067,-0.47228288650512695,-0.14703425191362385,-0.06598129868507385,-0.5499003231525421,-0.1731692495199013,-0.06653282046318054,-0.22173643112182617,-0.0758664103599358,-0.0740397572517395,-0.2156909704208374,-0.11851435326059345,-0.0695967972278595,-0.15481626987457275,-0.13559317015131,-0.06132751703262329,-0.1023821234703064,-0.1453026475759316,-2.658646872273589,-1.4257617672542282,-1.5230731337619563,-1.725480784654137,1.5272117499942142,0.44710407730744534,0.4757168635249672,0.40816689893963215,0.04445309915048113,0.10056567101919275,0.18644756411246866,0.47476716533589136,0.1182496681825942,0.5097593508722456,0.4475423965732164,W
0.0,0.0,0.0,0.059599339962005615,0.002502918243408203,-0.05186560251740957,0.08626815676689148,-0.04897338151931763,-0.07641914361147428,-0.00247839093208313,-0.10367804765701294,-0.09327846639780546,-0.07494112849235535,-0.14204442501068115,-0.11370612555174375,0.08523577451705933,-0.25850552320480347,-0.06715636574654127,0.10494193434715271,-0.3836023807525635,-0.09150598817495847,0.11313354969024658,-0.4628254771232605,-0.1064365270080998,0.12206703424453735,-0.5362825989723206,-0.11843288564114118,0.03216761350631714,-0.28656327724456787,-0.06609274321226621,0.03953996300697327,-0.42985838651657104,-0.08795358859924818,0.04033339023590088,-0.519613116979599,-0.11006575697092558,0.042699992656707764,-0.594646692276001,-0.12492491179136778,-0.015712261199951172,-0.2685208320617676,-0.06822719299225355,-0.03739058971405029,-0.38208046555519104,-0.10812876992849851,-0.054691851139068604,-0.4609817862510681,-0.14331372701553846,-0.06141580641269684,-0.5360972881317139,-0.16601610803036237,-0.05902230739593506,-0.2183627486228943,-0.0723205345216229,-0.06705406308174133,-0.212286114692688,-0.113106785947366,-0.0674850344657898,-0.14990556240081787,-0.1271262379827931,-0.06311096251010895,-0.09455311298370361,-0.1345332922878697,-2.6180086760353833,-1.4389723943152966,-1.536622858434445,-1.7399693084280876,1.6038080528080094,0.4407220824891508,0.46764115058334693,0.3942849138265904,0.04894259438578263,0.09851646906768931,0.18348293423573658,0.4789737250349246,0.11944928773965836,0.5111648914809148,0.44154742911869765,W
0.0,0.0,0.0,0.06247824430465698,-0.002077937126159668,-0.05072927148137296,0.09008267521858215,-0.05818861722946167,-0.074001752297022,0.00032529234886169434,-0.11181288957595825,-0.09035039738807882,-0.0754576027393341,-0.1466934084892273,-0.11082853422556127,0.08750462532043457,-0.26323211193084717,-0.0630687107244512,0.10237273573875427,-0.38399529457092285,-0.08920212880764211,0.10845774412155151,-0.4643566608428955,-0.10798666671905721,0.1143140196800232,-0.5393105447292328,-0.12337018595133031,0.03692087531089783,-0.292884886264801,-0.06481313006077016,0.04575842618942261,-0.43554598093032837,-0.0829053600231191,0.04547673463821411,-0.5243907868862152,-0.1034139026800176,0.04496005177497864,-0.5998051166534424,-0.11841600433979238,-0.012164443731307983,-0.27466529607772827,-0.07055807904396261,-0.027010202407836914,-0.3871900737285614,-0.10862433956060613,-0.03840869665145874,-0.4678715467453003,-0.14511773035917486,-0.04121282696723938,-0.5460536777973175,-0.17028456972036565,-0.058583199977874756,-0.22168052196502686,-0.07870761350784505,-0.06738747656345367,-0.20556199550628662,-0.12385282711181844,-0.06972695887088776,-0.14704465866088867,-0.14172223256025518,-0.06837819516658783,-0.09760051965713501,-0.1520669464865705,-2.6506169948390292,-1.4739919609116452,-1.5446092660215884,-1.6774265593636288,1.6495739245783596,0.4360750902596686,0.46883966512467906,0.40082580926072037,0.04960070307426326,0.09203024555257537,0.15567295806149192,0.4780002004338006,0.10156270087893852,0.5148349400186539,0.44927518546577855,W
0.0,0.0,0.0,0.06007373332977295,0.0029154419898986816,-0.05545684556557262,0.08503231406211853,-0.046983957290649414,-0.0811633677323016,-0.003869473934173584,-0.10204356908798218,-0.09831527481867397,-0.07298895716667175,-0.14175379276275635,-0.11914060126139248,0.08556258678436279,-0.2510298490524292,-0.07562037418676937,0.10187327861785889,-0.3798193633556366,-0.1045243055660876,0.10775971412658691,-0.4622228741645813,-0.12286244939161861,0.11429634690284729,-0.5389554798603058,-0.13694786886765087,0.0324745774269104,-0.2770649790763855,-0.07334332774473751,0.041799068450927734,-0.42418593168258667,-0.0971068427999171,0.040799111127853394,-0.5139360129833221,-0.11851261417461956,0.04135534167289734,-0.5885825753211975,-0.13276991109444225,-0.017621278762817383,-0.25729548931121826,-0.07459968189789379,-0.03625115752220154,-0.36917686462402344,-0.11357863853766048,-0.05058544874191284,-0.44707536697387695,-0.14674888412548626,-0.05283921957015991,-0.5205053687095642,-0.16821530322624767,-0.0636947751045227,-0.2042188048362732,-0.07842066745354259,-0.07450686395168304,-0.19970405101776123,-0.11771044741465175,-0.07275784015655518,-0.14537537097930908,-0.13075719635082805,-0.06545275449752808,-0.0937579870223999,-0.13765223185612285,-2.6013729235668945,-1.4713298860036463,-1.5422959797926035,-1.7038080592888256,1.5867099423785607,0.43914116791021973,0.46122725374783674,0.37928718434373554,0.04858386274614691,0.08822266629296605,0.16815083758854052,0.4801151394024143,0.11622014209170058,0.5062206461540515,0.42693375251930393,W
0.0,0.0,0.0,0.06259799003601074,-0.0013027191162109375,-0.05325990041279738,0.08873829245567322,-0.054981350898742676,-0.07709960510516112,0.0016067922115325928,-0.11284667253494263,-0.09263831248068755,-0.07034583389759064,-0.1464630365371704,-0.11151115467333739,0.08635172247886658,-0.259438693523407,-0.07004149874234145,0.10329023003578186,-0.3858209252357483,-0.09822879602694456,0.11055907607078552,-0.469650000333786,-0.11652985831284468,0.11740314960479736,-0.5454781651496887,-0.13029934336924498,0.03433960676193237,-0.2850029468536377,-0.06857256462359373,0.04412972927093506,-0.43027782440185547,-0.0907078074433798,0.04464229941368103,-0.5205557346343994,-0.11092170943999236,0.04438221454620361,-0.5944678783416748,-0.12435436119818633,-0.014778673648834229,-0.26566505432128906,-0.0708602728464598,-0.03185740113258362,-0.37468284368515015,-0.10848194231772368,-0.04529619216918945,-0.4506303071975708,-0.1409678297259802,-0.048757314682006836,-0.5223039984703064,-0.16173837950015013,-0.05949282646179199,-0.21212142705917358,-0.07583399733090346,-0.06660480797290802,-0.2037927508354187,-0.11422052105450575,-0.06320679187774658,-0.1484420895576477,-0.12724640836501067,-0.05677114427089691,-0.09842842817306519,-0.1339909272410864,-2.619719103433732,-1.4626633232781263,-1.538356189983197,-1.702429356546106,1.546862025722749,0.44097931206332625,0.462461742612295,0.37646047977011693,0.04991588724197972,0.08793207011929391,0.16776871547845304,0.47978135851444353,0.1178244349145879,0.5062480993777237,0.4239513186198284,W
0.0,0.0,0.0,0.05879160761833191,-0.002006232738494873,-0.04927660867406303,0.08128422498703003,-0.05420875549316406,-0.07413513928486282,-0.006622821092605591,-0.10676145553588867,-0.09223338186575347,-0.07955014705657959,-0.14508289098739624,-0.11372946917845184,0.08011484146118164,-0.26130950450897217,-0.06591737240387374,0.10087823867797852,-0.3867124617099762,-0.09312265336347991,0.11056247353553772,-0.4644920825958252,-0.10941407054497176,0.12076514959335327,-0.5362937152385712,-0.12234824865890914,0.026035606861114502,-0.2875053286552429,-0.0678822395188945,0.036947011947631836,-0.4313874840736389,-0.09210707962347442,0.03970634937286377,-0.5190649032592773,-0.11432693123651916,0.04406386613845825,-0.5927829444408417,-0.12900122970177108,-0.023763388395309448,-0.2660875916481018,-0.0733579468710559,-0.043564796447753906,-0.37690895795822144,-0.11542404413057739,-0.058592647314071655,-0.4535829424858093,-0.1517421004159587,-0.06342646479606628,-0.5291852653026581,-0.17511649399830276,-0.06816169619560242,-0.21074515581130981,-0.08053483784033233,-0.07898150384426117,-0.1989787220954895,-0.12306439846588546,-0.0777672827243805,-0.14104050397872925,-0.13908259540630752,-0.0716179758310318,-0.09324729442596436,-0.14807283848358566,-2.627293315111004,-1.4240314640168825,-1.511809542064352,-1.7204237857572384,1.600203528135046,0.439513511832383,0.46445210960916183,0.38444064182167254,0.05243899704638655,0.09525817497461729,0.18432873045695294,0.4830128341389245,0.12489530029659625,0.5127554526255572,0.43601492555315696,W
0.0,0.0,0.0,0.060605794191360474,0.0007532238960266113,-0.05125116377325867,0.08458304405212402,-0.05129891633987427,-0.07627934410425041,-0.005948156118392944,-0.10584461688995361,-0.09426692321153496,-0.0758829265832901,-0.14445602893829346,-0.11632098450513695,0.08297145366668701,-0.2539588212966919,-0.0706941877231202,0.09924003481864929,-0.38003113865852356,-0.1011930872425637,0.10610216856002808,-0.46262693405151367,-0.12066681876035545,0.11383721232414246,-0.5394622683525085,-0.1358639766201577,0.029782742261886597,-0.2821485996246338,-0.0721670110449395,0.04034531116485596,-0.4247668385505676,-0.0952288602218232,0.04044675827026367,-0.5140677988529205,-0.11624139740320061,0.041537314653396606,-0.589528352022171,-0.13077324821801994,-0.02092832326889038,-0.26143115758895874,-0.07743744745107506,-0.03536161780357361,-0.3620625138282776,-0.1176001597866616,-0.04841512441635132,-0.43904396891593933,-0.1527886260971627,-0.0499955415725708,-0.5151647627353668,-0.17624391808362816,-0.0673920065164566,-0.205305278301239,-0.08503446920963142,-0.07912284135818481,-0.18378740549087524,-0.12851730182023857,-0.0787445604801178,-0.1305614709854126,-0.14582495584340904,-0.07218673825263977,-0.08737337589263916,-0.15580208792539452,-2.6156039611991044,-1.4631046517196165,-1.532573745769657,-1.684857116283124,1.6114307302070852,0.4382050436533287,0.4603008644651465,0.3716115202952172,0.05720219477350656,0.08794252632951799,0.16562469631246438,0.4888652952233207,0.11793306228746933,0.5148716153188343,0.42836657183645616,W
0.0,0.0,0.0,0.06272584199905396,-0.002184629440307617,-0.049563961459625716,0.08764785528182983,-0.0558013916015625,-0.07455932943366861,-0.003306955099105835,-0.11084449291229248,-0.09308057127736902,-0.07624930143356323,-0.1477501392364502,-0.11598875968002176,0.08617407083511353,-0.2588844299316406,-0.0694985151126275,0.104958176612854,-0.3846428394317627,-0.09856436250947809,0.11350497603416443,-0.46655431389808655,-0.11862411944412088,0.1213998794555664,-0.5422919988632202,-0.13483163563751077,0.03361952304840088,-0.28508174419403076,-0.07213942555927133,0.04358908534049988,-0.42742812633514404,-0.09510789660953378,0.04135581851005554,-0.5187813341617584,-0.11801578698896265,0.03845444321632385,-0.5961883664131165,-0.1346140786840806,-0.01718372106552124,-0.26419997215270996,-0.07808313368104791,-0.030532121658325195,-0.37227773666381836,-0.11872982828163003,-0.044878482818603516,-0.44731104373931885,-0.1542114600374589,-0.050072938203811646,-0.5208211243152618,-0.1780684575273881,-0.06422178447246552,-0.209741473197937,-0.08610338567041254,-0.07442954182624817,-0.1933218240737915,-0.13125730900310373,-0.07426290214061737,-0.1399971842765808,-0.14860671607993936,-0.07034368813037872,-0.0959634780883789,-0.15846174804710245,-2.6303320533218097,-1.4471367108343667,-1.555256538730428,-1.6982639793573968,1.624550184461675,0.44128049776065764,0.4628755692732744,0.37398818417111895,0.05212230368423777,0.0989179651427978,0.17281182149928426,0.4857723172100731,0.11626400321055,0.511919888541196,0.42534094895746005,W
0.0,0.0,0.0,0.056879788637161255,-0.0034756064414978027,-0.05015341500472914,0.07650908827781677,-0.05444973707199097,-0.07422536919546019,-0.010837435722351074,-0.10995429754257202,-0.09062619815301787,-0.08145353198051453,-0.1487363576889038,-0.10996671328973662,0.07957097887992859,-0.26009583473205566,-0.06552133272123228,0.10512858629226685,-0.387919157743454,-0.09146351675224196,0.11809751391410828,-0.46324995160102844,-0.10757556120586287,0.13097184896469116,-0.5333979725837708,-0.12020538310241591,0.025659143924713135,-0.2863679528236389,-0.06580464104843031,0.033116281032562256,-0.43218955397605896,-0.08876960287523161,0.03530550003051758,-0.5207754969596863,-0.1116614521546353,0.04021230340003967,-0.5959910154342651,-0.12682282487583052,-0.02282315492630005,-0.26595979928970337,-0.06953674117755781,-0.04584285616874695,-0.3827148973941803,-0.10938779572677504,-0.05999106168746948,-0.4640001654624939,-0.14613820175361525,-0.06470832228660583,-0.5434175431728363,-0.16980681876373183,-0.06610123813152313,-0.21185338497161865,-0.07503810832929503,-0.07854045927524567,-0.21362102031707764,-0.1145567477745999,-0.07319806516170502,-0.15801572799682617,-0.1285517172021855,-0.06532061100006104,-0.107266366481781,-0.13589909235668074,-2.603461598623231,-1.384894480807938,-1.5238280671607707,-1.7206255329227615,1.5633325645897935,0.4394190487942491,0.4635076098337204,0.39503625178291585,0.04449754274204812,0.11025055158313665,0.19593652343482618,0.46916828063934074,0.11735547571417537,0.49998897839403206,0.43615160647011353,W
0.0,0.0,0.0,0.06054872274398804,-0.004093825817108154,-0.05132325317345021,0.08124694228172302,-0.05471491813659668,-0.07351012106619237,-0.009099811315536499,-0.1085892915725708,-0.08645955051861165,-0.07872715592384338,-0.14077186584472656,-0.10233167137585042,0.08271780610084534,-0.2528734803199768,-0.07188628937683461,0.10788759589195251,-0.37608587741851807,-0.09659487332783101,0.1188717782497406,-0.45301222801208496,-0.11146758075437901,0.1287233531475067,-0.5270955860614777,-0.12291673894605992,0.03040999174118042,-0.276178240776062,-0.06877705033502934,0.040632158517837524,-0.422529399394989,-0.09224596943340657,0.040506333112716675,-0.512697696685791,-0.1118793594428098,0.04248151183128357,-0.5889658033847809,-0.1239335569330251,-0.017181992530822754,-0.2561173439025879,-0.06817218985042928,-0.0381070077419281,-0.3699583113193512,-0.10414628263197301,-0.051481157541275024,-0.4460684061050415,-0.13162283923111318,-0.0525040328502655,-0.5180026292800903,-0.14802684213600514,-0.06156516075134277,-0.20187097787857056,-0.06983077104769109,-0.07336938381195068,-0.21462446451187134,-0.10016633148870824,-0.0713689774274826,-0.16208100318908691,-0.1036219182201421,-0.06524321436882019,-0.10545706748962402,-0.1036214413829839,-2.6480533511441045,-1.4045767956231832,-1.5322221199291268,-1.7048632743296714,1.608926415264432,0.43849940765760775,0.46429446129221796,0.3781411126362213,0.03780147699126099,0.10613943181139318,0.18145535896912415,0.46411428512547764,0.11856654577688927,0.4953638201582952,0.4127422044070295,W
0.0,0.0,0.0,0.06120684742927551,-0.0011354684829711914,-0.049525347268399855,0.08526110649108887,-0.052149295806884766,-0.0735755085108849,-0.003917723894119263,-0.10268545150756836,-0.09092881224137273,-0.07749681174755096,-0.1375582218170166,-0.11208916149121251,0.0874992311000824,-0.2564011216163635,-0.06364098629933324,0.11747956275939941,-0.37364310026168823,-0.0896633758304688,0.13442012667655945,-0.448333203792572,-0.10642903736811604,0.15004312992095947,-0.5181127488613129,-0.11967687002402272,0.03242039680480957,-0.286190927028656,-0.06479823282938924,0.04526141285896301,-0.42784565687179565,-0.08668410471659627,0.04895120859146118,-0.516505628824234,-0.10856696656924214,0.05276796221733093,-0.5902116596698761,-0.12323272666912999,-0.01821950078010559,-0.26777708530426025,-0.06947894833069768,-0.03888016939163208,-0.37997177243232727,-0.10941511831265416,-0.05372920632362366,-0.4551219046115875,-0.14451794019919362,-0.058688849210739136,-0.527009516954422,-0.1668260662911507,-0.06356984376907349,-0.21497666835784912,-0.07608824661951985,-0.0747814029455185,-0.20873647928237915,-0.11747073820811238,-0.07459509372711182,-0.15062081813812256,-0.1318771957514855,-0.07013528048992157,-0.0999193787574768,-0.13921612194758382,-2.6583334242505527,-1.3362158211717223,-1.503967775019113,-1.7256585620769889,1.6277968411186992,0.44339167009362856,0.4710244644773075,0.38990518172882566,0.03835198364254086,0.12108142380873382,0.20892149624856324,0.4726142477855131,0.12812935517490517,0.5054618954879199,0.4272434984105841,W
0.0,0.0,0.0,0.05855146050453186,-0.004029631614685059,-0.042639986284029874,0.08508819341659546,-0.056783854961395264,-0.06673872903729716,-0.0015379786491394043,-0.10614478588104248,-0.08652439401294032,-0.07700440287590027,-0.14174169301986694,-0.11083069131518641,0.08511978387832642,-0.26539933681488037,-0.05860330597306529,0.11655530333518982,-0.38496464490890503,-0.08409976647044459,0.1346701681613922,-0.4588555693626404,-0.10013997242594996,0.15226876735687256,-0.5270330011844635,-0.11346862898017207,0.02941828966140747,-0.29692542552948,-0.06477739349747935,0.0416678786277771,-0.4381413459777832,-0.08763419524575511,0.04623875021934509,-0.5256264805793762,-0.11108034536982814,0.052099794149398804,-0.5999685525894165,-0.12721760258818904,-0.021819084882736206,-0.276930034160614,-0.0737433849349145,-0.043965041637420654,-0.3869816064834595,-0.11604480878258983,-0.058787018060684204,-0.46636518836021423,-0.15410642013694087,-0.0656128078699112,-0.5440126657485962,-0.17914294884349147,-0.06836509704589844,-0.22234714031219482,-0.08377357260133067,-0.08358149230480194,-0.20660418272018433,-0.12778187976027766,-0.08444570004940033,-0.1450313925743103,-0.14451887891436854,-0.08134150505065918,-0.09524238109588623,-0.15402532801772395,-2.6588267263551155,-1.3195661766293179,-1.4960898209197409,-1.7333207490499412,1.672536059755486,0.44834760926737655,0.47606695802220816,0.40243223521097127,0.046701139864867895,0.12390890949477418,0.21854219233826472,0.4909347196632147,0.13033540557461412,0.5220680880141171,0.4490458331866336,W
0.0,0.0,0.0,0.062012702226638794,-0.008997857570648193,-0.04179881770050997,0.08788362145423889,-0.06131857633590698,-0.06489904109275813,0.0038642287254333496,-0.11331087350845337,-0.08367603901660914,-0.07149747014045715,-0.14451271295547485,-0.1064214322332191,0.08713659644126892,-0.2765808701515198,-0.056144176757698006,0.11976143717765808,-0.39740854501724243,-0.07944327477252955,0.13819262385368347,-0.4716460108757019,-0.09486143175399775,0.15635454654693604,-0.5387656688690186,-0.10775607708728785,0.029920518398284912,-0.30311185121536255,-0.06253643218315119,0.04433736205101013,-0.44739532470703125,-0.08208222571647639,0.049608081579208374,-0.5371655821800232,-0.10430734489000315,0.055082231760025024,-0.6113346219062805,-0.1202105272177505,-0.02248835563659668,-0.28004640340805054,-0.07175706211364741,-0.04127234220504761,-0.3963068127632141,-0.11064184341466898,-0.054802775382995605,-0.4772314727306366,-0.14757685247695917,-0.06168973445892334,-0.5550259649753571,-0.171972914374237,-0.07021303474903107,-0.2220136523246765,-0.08219817910230631,-0.08269956707954407,-0.21598994731903076,-0.12184762094057078,-0.08072373270988464,-0.15747421979904175,-0.13625678304470057,-0.07775512337684631,-0.10713833570480347,-0.14444765332973475,-2.660514115894044,-1.3126810627573715,-1.4893421203667376,-1.7124032119106176,1.6363567971570308,0.45535912723374583,0.48367873181450644,0.4106303955665461,0.03789462097583765,0.12458866195293826,0.21864973292649587,0.4910290136909169,0.12963933407729172,0.5214016282474778,0.4481756633003191,W
0.0,0.0,0.0,0.06259196996688843,-0.007444441318511963,-0.04165809701589751,0.088692307472229,-0.06070131063461304,-0.06683990459350753,0.003116041421890259,-0.10626846551895142,-0.08849463711885619,-0.07327732443809509,-0.13621395826339722,-0.11489999394325423,0.08504420518875122,-0.27335697412490845,-0.05909453059939551,0.11843180656433105,-0.3910259008407593,-0.08472341399101424,0.13737541437149048,-0.46514785289764404,-0.10174015264419722,0.15560337901115417,-0.5326547920703888,-0.11625320564417052,0.028615981340408325,-0.3010779619216919,-0.06746468793062377,0.041949570178985596,-0.44299253821372986,-0.09000261973051238,0.048318445682525635,-0.5326448678970337,-0.11423955212740111,0.0547964870929718,-0.6080154478549957,-0.1318511302342813,-0.023048341274261475,-0.27797555923461914,-0.0785148898830812,-0.043893009424209595,-0.3904756009578705,-0.12155224482921767,-0.05694788694381714,-0.47133582830429077,-0.16136971961168456,-0.0631430447101593,-0.5501680076122284,-0.1881863410344522,-0.07006610929965973,-0.22025591135025024,-0.0905882055631082,-0.08683320879936218,-0.20034247636795044,-0.13626397501138854,-0.08784964680671692,-0.14143800735473633,-0.15523479233888793,-0.08510231971740723,-0.0956386923789978,-0.16682290385870147,-2.70533657543,-1.305113000893657,-1.4857063930059473,-1.7170473651393954,1.6908750164049364,0.4577681849156906,0.4888757989315348,0.41407808273065916,0.042263254902402646,0.1258620590110066,0.2194463729695238,0.4989211408528213,0.13136232147987606,0.5311323899924372,0.455059455637649,W
0.0,0.0,0.0,0.06533071398735046,-0.0074427127838134766,-0.039154432396799166,0.09597015380859375,-0.06394737958908081,-0.06133859572878464,0.013215839862823486,-0.11403894424438477,-0.08026728374829872,-0.06273773312568665,-0.146598219871521,-0.10381072355380638,0.09545823931694031,-0.27628767490386963,-0.05102030901184662,0.12943071126937866,-0.39623188972473145,-0.07310774518123253,0.14572978019714355,-0.47243112325668335,-0.08768010480275734,0.1611364781856537,-0.5411105453968048,-0.10011941535344704,0.03838986158370972,-0.30714714527130127,-0.0590404268907605,0.05268898606300354,-0.44933128356933594,-0.07910026950708016,0.059596508741378784,-0.5389114022254944,-0.10213176501861199,0.06489068269729614,-0.6134077906608582,-0.11822354389300926,-0.014104902744293213,-0.2872616648674011,-0.0697331909643708,-0.03425973653793335,-0.400429368019104,-0.11104792697301491,-0.04953157901763916,-0.4799135625362396,-0.1495177779900132,-0.0591239333152771,-0.5551437139511108,-0.17447722298970803,-0.06391362845897675,-0.23302191495895386,-0.08134907824864968,-0.073473259806633,-0.21277958154678345,-0.12549166722169502,-0.07191574573516846,-0.14578574895858765,-0.14288640363088234,-0.06760114431381226,-0.0901494026184082,-0.15244394881597145,-2.661464797470982,-1.3276931919645225,-1.4844810410249334,-1.7372959197122257,1.596600432229033,0.4536073604800105,0.4839423394434603,0.40856147674714255,0.05665793622838825,0.12037501743284372,0.22070699738393643,0.5056548746355617,0.13701944248749995,0.5397716414202627,0.46507157801578036,W
0.0,0.0,0.0,0.06046918034553528,-0.0023131370544433594,-0.04288590746443788,0.08831217885017395,-0.05566185712814331,-0.06750027137320558,0.0021273791790008545,-0.10533708333969116,-0.08778356807749788,-0.07170942425727844,-0.14463263750076294,-0.11276404606621782,0.09068605303764343,-0.2665592432022095,-0.06048900308530847,0.12262603640556335,-0.3890575170516968,-0.08580364333909074,0.1399780511856079,-0.46591901779174805,-0.10145743983309785,0.15711429715156555,-0.5350449085235596,-0.11418892490189592,0.03549879789352417,-0.2980005741119385,-0.06665071892064134,0.04676586389541626,-0.4405113458633423,-0.08965680050175706,0.052227944135665894,-0.5286359488964081,-0.11340319412272493,0.058369845151901245,-0.6020290553569794,-0.12967281835597078,-0.014771491289138794,-0.2775721549987793,-0.07536400901597062,-0.038560062646865845,-0.3883340060710907,-0.11859130906384507,-0.05591541528701782,-0.46951955556869507,-0.1575844665102295,-0.0651182234287262,-0.546969473361969,-0.18308790820162812,-0.06219913065433502,-0.22296768426895142,-0.08503844636004487,-0.075098916888237,-0.2038416862487793,-0.1307379682592682,-0.07586629688739777,-0.1392650604248047,-0.14872384863417665,-0.07213854789733887,-0.08640873432159424,-0.15882108407538453,-2.634160466615946,-1.328249051025264,-1.4957110905018407,-1.7555515834314204,1.6434530149575632,0.45252849285384217,0.4755334892494161,0.4023908217382317,0.05822548452795966,0.11932033660577375,0.22255221510929796,0.5038167164412006,0.13520673301000588,0.5318803964435318,0.46061424131377093,W
0.0,0.0,0.0,0.06862381100654602,-0.004302620887756348,-0.040447021107070213,0.09762492775917053,-0.05705738067626953,-0.06363600699125982,0.009203284978866577,-0.10443258285522461,-0.08291136680065847,-0.0657852292060852,-0.13251054286956787,-0.10644996372877813,0.09511426091194153,-0.2724217176437378,-0.055940279940955406,0.1267716884613037,-0.39403873682022095,-0.07879144159971929,0.1423194706439972,-0.4682099223136902,-0.09489596096693731,0.15782976150512695,-0.5377368330955505,-0.10958069024502493,0.03905075788497925,-0.30009031295776367,-0.06479246375977255,0.05415382981300354,-0.4407329857349396,-0.08394010571657873,0.057788997888565063,-0.5284397602081299,-0.10815867243229604,0.06092679500579834,-0.6064679622650146,-0.12664602158486105,-0.013961970806121826,-0.2776108980178833,-0.07615331767021871,-0.03149944543838501,-0.3843509554862976,-0.11695384440838552,-0.04880461096763611,-0.46392637491226196,-0.1556097066205666,-0.05630256235599518,-0.5450341701507568,-0.18207604644715047,-0.06454017758369446,-0.22185969352722168,-0.08877101002155996,-0.08093249797821045,-0.19197309017181396,-0.13388353047787405,-0.08402468264102936,-0.12932252883911133,-0.15202576873718954,-0.07986868917942047,-0.07993125915527344,-0.16301276741444326,-2.709017955938528,-1.3386758715174767,-1.4995151030987077,-1.7278208988399983,1.6783810134449657,0.462830433702331,0.490603274020735,0.41263260176071775,0.054432755953826226,0.11880300094391372,0.2142566294196326,0.5158357267470146,0.13235117317574838,0.5450360245787667,0.4656995599632131,W
0.0,0.0,0.0,0.06049448251724243,-0.00571829080581665,-0.04292865543436619,0.08802527189254761,-0.06207001209259033,-0.06775385959815594,-0.00045242905616760254,-0.11193341016769409,-0.08845437391471478,-0.07652576267719269,-0.14685213565826416,-0.11391125692796322,0.08907532691955566,-0.27390408515930176,-0.05844978316497418,0.1199350655078888,-0.3966643214225769,-0.08288265838098141,0.13520348072052002,-0.47392529249191284,-0.09918047561120602,0.15132346749305725,-0.5447773039340973,-0.11332540287446591,0.034523069858551025,-0.3056698441505432,-0.06650227381658169,0.0456501841545105,-0.44576728343963623,-0.08810012860965344,0.04977187514305115,-0.5335829854011536,-0.11310498489808651,0.05524766445159912,-0.6101666986942291,-0.1311440698690376,-0.015979498624801636,-0.2868196368217468,-0.07725132330131146,-0.040197789669036865,-0.39658647775650024,-0.12136791719865414,-0.059413015842437744,-0.47662031650543213,-0.16225048227977368,-0.06872378289699554,-0.5573619604110718,-0.18975321276855084,-0.06555081903934479,-0.23479866981506348,-0.08915277643870922,-0.08015601336956024,-0.20465391874313354,-0.13779018147658917,-0.08267997205257416,-0.13392788171768188,-0.15794172211360546,-0.0778304785490036,-0.07996475696563721,-0.16981231494617077,-2.6658330395876866,-1.3449127268030763,-1.502839363135792,-1.763338764844887,1.6499392630050127,0.45854085012845436,0.48168934015449644,0.410583958657753,0.06690010248031793,0.11621674955511968,0.2204068192748719,0.5182299053566425,0.13474887807643565,0.5466478676051504,0.47748405393606597,W
0.0,0.0,0.0,0.06294167041778564,-0.0054340362548828125,-0.04513084400934986,0.09181517362594604,-0.059452176094055176,-0.07123770077271274,0.0032835304737091064,-0.10733020305633545,-0.09289216507715992,-0.07116028666496277,-0.14457941055297852,-0.11839033175749591,0.09353339672088623,-0.2710599899291992,-0.060822143000791584,0.12321305274963379,-0.39054763317108154,-0.08741747845454029,0.1382802128791809,-0.46755027770996094,-0.10528638471407703,0.1526852250099182,-0.5373159945011139,-0.12047366310400776,0.03743785619735718,-0.3007087707519531,-0.06789363433165363,0.04917716979980469,-0.4399294853210449,-0.09037323553604892,0.05452612042427063,-0.5263260304927826,-0.11548730243487171,0.05896291136741638,-0.6002633273601532,-0.13397915173811725,-0.014458447694778442,-0.28060078620910645,-0.07820968587441257,-0.037189096212387085,-0.38781315088272095,-0.1199707489137154,-0.05527143180370331,-0.4653303027153015,-0.15821769346041492,-0.06456294655799866,-0.5428558588027954,-0.18432180095953754,-0.06433795392513275,-0.22787749767303467,-0.09026395041985324,-0.07488590478897095,-0.1976332664489746,-0.13682528842730335,-0.07418866455554962,-0.13775759935379028,-0.15718106437964252,-0.06849505007266998,-0.09532451629638672,-0.16937830556673816,-2.6602397787592125,-1.352185264519462,-1.49906274277346,-1.7595739482206825,1.602147821038288,0.45204959624828783,0.47389859537975193,0.3983310860665736,0.049326950993558646,0.1128992417537433,0.21731879381701916,0.4942440499300009,0.13621400450164384,0.5207770490843011,0.44754861631295273,W
0.0,0.0,0.0,0.06865206360816956,-0.005419135093688965,-0.039336105907864294,0.09978392720222473,-0.06736862659454346,-0.05808882611484023,0.012357264757156372,-0.12122124433517456,-0.07284896271914931,-0.05988164246082306,-0.15519016981124878,-0.09115230488271209,0.10197824239730835,-0.27265453338623047,-0.0476204064735839,0.13146507740020752,-0.3960617184638977,-0.06866604285926314,0.14625415205955505,-0.47218555212020874,-0.08309716182441207,0.16076019406318665,-0.5410738587379456,-0.09590675878018828,0.04785880446434021,-0.3030856251716614,-0.05529681416840049,0.0602225661277771,-0.44296830892562866,-0.07254713224858733,0.0636700689792633,-0.531073659658432,-0.09435451971978637,0.06593278050422668,-0.6071135103702545,-0.11042925911635848,-0.0036621391773223877,-0.2853192090988159,-0.06643122630805465,-0.02340647578239441,-0.39761602878570557,-0.10649767714232894,-0.04291239380836487,-0.47517648339271545,-0.14437972205371352,-0.053413718938827515,-0.554143637418747,-0.16911626058310958,-0.05287189781665802,-0.23444205522537231,-0.07887298809976073,-0.06720070540904999,-0.20946377515792847,-0.12457236843795272,-0.0704650729894638,-0.14754104614257812,-0.14392817216605636,-0.06973764300346375,-0.1024819016456604,-0.15476355152816268,-2.6387230928516154,-1.355206741658273,-1.5114177956714205,-1.753796649038596,1.697916515247343,0.44450988898377,0.4691097683570867,0.3990058938796938,0.053621845172579716,0.11555723235695267,0.21457232842414573,0.4954716517808511,0.13057332947355593,0.5225509777416247,0.4519566285147563,W
0.0,0.0,0.0,0.06472614407539368,-0.0012552738189697266,-0.04246594818630456,0.09541115164756775,-0.058957815170288086,-0.06655036719837426,0.008230984210968018,-0.10681122541427612,-0.0866499698380494,-0.06524603068828583,-0.14214926958084106,-0.11081054123440026,0.0989256501197815,-0.2661589980125427,-0.054683112225916375,0.12802636623382568,-0.3890607953071594,-0.08076626124181985,0.14249178767204285,-0.4666174650192261,-0.09839232327738046,0.1576695740222931,-0.5356764495372772,-0.11302316250601052,0.04187804460525513,-0.296841561794281,-0.06244924353757142,0.05224841833114624,-0.4356187582015991,-0.08669516505995034,0.05701792240142822,-0.522843211889267,-0.11278806688585519,0.06326180696487427,-0.5968983769416809,-0.13084852757253884,-0.010373532772064209,-0.2787710428237915,-0.07349927785196542,-0.028199434280395508,-0.3895377516746521,-0.11875221940078973,-0.04586140811443329,-0.4666489362716675,-0.1585694706658387,-0.0539926141500473,-0.544844388961792,-0.18425719501772164,-0.06068769097328186,-0.22861981391906738,-0.08569283845224618,-0.06864388287067413,-0.20350462198257446,-0.13377292516031503,-0.06945744156837463,-0.13850587606430054,-0.1532577580431962,-0.06404457986354828,-0.09077376127243042,-0.16410750212469338,-2.663791121806198,-1.3561930285018542,-1.499650897318503,-1.7332872661729086,1.5951439629447972,0.45227757869249763,0.47255794881027197,0.40285232847412145,0.051389554756115896,0.1125208908420029,0.21186064527229875,0.4970870829729958,0.12828958233467666,0.5218898760405825,0.45418187650424385,W
0.0,0.0,0.0,0.06174769997596741,-0.004136443138122559,-0.04128859121954065,0.09113943576812744,-0.06582117080688477,-0.06374364276086908,0.0031034350395202637,-0.1197967529296875,-0.08186430413877588,-0.06959520280361176,-0.15448707342147827,-0.10404612798845392,0.09566843509674072,-0.27628326416015625,-0.051137353523131424,0.12527978420257568,-0.39728817343711853,-0.07334519107496362,0.13894224166870117,-0.47405004501342773,-0.08846329082405191,0.1538250744342804,-0.5441707670688629,-0.1015785925523005,0.039551764726638794,-0.3068080544471741,-0.05869773332631212,0.05027034878730774,-0.4475744962692261,-0.07892376859342676,0.054250627756118774,-0.535873293876648,-0.10282389004385095,0.0603029727935791,-0.6121818423271179,-0.11941125918781381,-0.011889606714248657,-0.2884449362754822,-0.06924076308166605,-0.03128093481063843,-0.39957088232040405,-0.11242090095436197,-0.04973398149013519,-0.4793911278247833,-0.15099130500709634,-0.05847764015197754,-0.5603940784931183,-0.1755697124139033,-0.06293928623199463,-0.23747247457504272,-0.08083365787422281,-0.07212036848068237,-0.21722328662872314,-0.12605836917316537,-0.07572045922279358,-0.14686644077301025,-0.14238396216785532,-0.07259456813335419,-0.09234988689422607,-0.15107731450950723,-2.63749956124129,-1.3570200130484043,-1.5029471651340136,-1.7404609335245749,1.6372303218304296,0.44918815809827994,0.4757709927129496,0.4060592283959834,0.0622095341720527,0.1156368879427222,0.21292167211033844,0.5053790283561823,0.12957934439812643,0.5365510397656592,0.4682570372616859,W
0.0,0.0,0.0,0.064930260181427,0.0018544793128967285,-0.04232733316109716,0.09846630692481995,-0.054918527603149414,-0.06479066229746877,0.011717259883880615,-0.10968375205993652,-0.08293912924216329,-0.06367366015911102,-0.14427173137664795,-0.10519203163073598,0.10260838270187378,-0.2681778073310852,-0.05079891897128164,0.13177326321601868,-0.3915913701057434,-0.07356716311858236,0.14505216479301453,-0.4690627157688141,-0.08873288697884618,0.15930721163749695,-0.5386945307254791,-0.1015286705581957,0.04617968201637268,-0.30125707387924194,-0.05797870076582967,0.05801507830619812,-0.44228827953338623,-0.07911274201558172,0.06191769242286682,-0.5308560132980347,-0.10320014871047078,0.06733208894729614,-0.6066669821739197,-0.11949414379284917,-0.006112784147262573,-0.28585273027420044,-0.06844552225754796,-0.023124992847442627,-0.3981360197067261,-0.11265139646218358,-0.041321009397506714,-0.47664859890937805,-0.15207857258008062,-0.04994286596775055,-0.5560322105884552,-0.17687203354523717,-0.057597413659095764,-0.23710721731185913,-0.0800731218545252,-0.06502377986907959,-0.21693187952041626,-0.12649773425744115,-0.06903702020645142,-0.14482074975967407,-0.1439398414580637,-0.06617709994316101,-0.08762001991271973,-0.1530948764769846,-2.637915391596336,-1.36419249608036,-1.5016476779035952,-1.7316210721921972,1.6281275516097462,0.45308918971141177,0.48059533316377795,0.41198935295692124,0.05670699800328475,0.11436641705408147,0.20996711676077554,0.5042929595720859,0.12773916840123234,0.5359425832594078,0.46869342936125097,W
0.0,0.0,0.0,0.06657958030700684,-0.003671884536743164,-0.04024646451432545,0.09968066215515137,-0.06530427932739258,-0.061244130336831404,0.01290079951286316,-0.11967790126800537,-0.07839377244670231,-0.061563506722450256,-0.15635061264038086,-0.09919600954015095,0.1026846170425415,-0.2710084915161133,-0.047276277297328306,0.13136714696884155,-0.39456260204315186,-0.06967541595656712,0.1461229920387268,-0.47081124782562256,-0.0844149740572675,0.16017425060272217,-0.5399554073810577,-0.09691323360164006,0.04606953263282776,-0.301477313041687,-0.05536631514985402,0.05803921818733215,-0.4417824149131775,-0.07575436701733906,0.0625830590724945,-0.5293014645576477,-0.09894507398564656,0.06619718670845032,-0.6050004959106445,-0.11464855840165455,-0.006479173898696899,-0.283466100692749,-0.06706920286376317,-0.02407190203666687,-0.39390549063682556,-0.11031454076726277,-0.04088163375854492,-0.474576473236084,-0.14957211931903203,-0.049971967935562134,-0.5577722489833832,-0.17425711473185856,-0.05731837451457977,-0.23292428255081177,-0.07984305938441594,-0.060543447732925415,-0.2094317078590393,-0.12634284814555485,-0.061005786061286926,-0.14345389604568481,-0.14502634128291447,-0.05872845649719238,-0.09606772661209106,-0.1550052913065656,-2.627572337061561,-1.3602073145238223,-1.5045798753132864,-1.7280429905628245,1.5810993194312968,0.44308043465225805,0.4664863476505671,0.4015889613718753,0.06034951414617612,0.11429152234531587,0.2109001493850175,0.4949289527943612,0.1254024712616416,0.5240410098420144,0.4617875507958535,W
0.0,0.0,0.0,0.0661894679069519,-0.007895350456237793,-0.03977094860647412,0.09737023711204529,-0.07259660959243774,-0.059151782560093125,0.009569615125656128,-0.12924641370773315,-0.07432132111762257,-0.0636141449213028,-0.16307663917541504,-0.09304556148026677,0.0998491644859314,-0.27717554569244385,-0.04816900091145726,0.12878644466400146,-0.3993450105190277,-0.06956310467694493,0.14333271980285645,-0.47586381435394287,-0.0842501287338564,0.15768730640411377,-0.5462941527366638,-0.09728910671447011,0.04539906978607178,-0.30877941846847534,-0.05672797085617276,0.05704236030578613,-0.44982975721359253,-0.07466346667979451,0.06079539656639099,-0.5374979972839355,-0.09713543103907796,0.06400379538536072,-0.6143854558467865,-0.11340712653372975,-0.006236851215362549,-0.2917722463607788,-0.06869940357182713,-0.02590721845626831,-0.4044344127178192,-0.10978524284337254,-0.043963298201560974,-0.4862086772918701,-0.1481437449333498,-0.05338692665100098,-0.5703419744968414,-0.17324841665003987,-0.056622087955474854,-0.2411600947380066,-0.08200858430836888,-0.0663558691740036,-0.21660178899765015,-0.12739921258662434,-0.06891325116157532,-0.14975208044052124,-0.14560704575751515,-0.06835739314556122,-0.10078597068786621,-0.15586297856543752,-2.629550963323107,-1.3590995782254858,-1.5099932327800623,-1.7384649593066264,1.6542025814692425,0.44252682976154295,0.4690053162741641,0.40739372767388343,0.0624709995465307,0.11581461823118629,0.21243970813201135,0.4995735646197939,0.12538105865576862,0.5303809153663301,0.46979458870885166,W
0.0,0.0,0.0,0.06248873472213745,0.0030777454376220703,-0.04565030896242206,0.09253644943237305,-0.055910706520080566,-0.0698823798554713,0.005583137273788452,-0.11103534698486328,-0.08924226650174205,-0.06708790361881256,-0.14958447217941284,-0.11284537055666988,0.09692537784576416,-0.26485610008239746,-0.05759738945539539,0.12680143117904663,-0.38709673285484314,-0.0847531426804835,0.14258846640586853,-0.46541979908943176,-0.10240278580363338,0.15824255347251892,-0.5357241034507751,-0.11628578045542781,0.04105678200721741,-0.2958868145942688,-0.06347306260045116,0.052106380462646484,-0.4343597888946533,-0.08812551387723033,0.05661195516586304,-0.5220153629779816,-0.11326500960763042,0.0632072389125824,-0.5966244637966156,-0.12985845097477977,-0.01026684045791626,-0.2784067392349243,-0.0728726182239825,-0.028048962354660034,-0.3889176845550537,-0.11870065518792217,-0.04363498091697693,-0.46924668550491333,-0.1585282255070979,-0.04952499270439148,-0.5493638217449188,-0.18376170286114757,-0.05922858417034149,-0.2282651662826538,-0.08367215284283702,-0.06653878092765808,-0.20787322521209717,-0.1313314456599528,-0.06810799241065979,-0.14017260074615479,-0.1496778745311076,-0.0635368674993515,-0.08738529682159424,-0.1595425624507243,-2.6109067090370845,-1.34817552264254,-1.4972753281939948,-1.714682049891522,1.6013680546373315,0.447076760446539,0.46564104015044167,0.4001649462144416,0.06230045965090776,0.11287411086586374,0.2082147813185178,0.5001937595535316,0.12223798236424575,0.5247748066471687,0.46219096716141095,W
0.0,0.0,0.0,0.06628486514091492,-0.00456392765045166,-0.03996044426537537,0.09950155019760132,-0.06540548801422119,-0.060037076765070196,0.013015657663345337,-0.121010422706604,-0.07625832810379052,-0.06271949410438538,-0.15096396207809448,-0.09610797866560006,0.10098922252655029,-0.272890567779541,-0.0465606565711596,0.13048061728477478,-0.39621588587760925,-0.06690941407657647,0.1463429033756256,-0.4712970554828644,-0.08096225961423897,0.16294050216674805,-0.5406998991966248,-0.09363554819799447,0.047629982233047485,-0.30486631393432617,-0.0545364025173285,0.060998499393463135,-0.44418323040008545,-0.07161020889259362,0.06574231386184692,-0.5314362645149231,-0.09345604881025338,0.07059919834136963,-0.6086792647838593,-0.10923386021829629,-0.002436608076095581,-0.2895019054412842,-0.06590789958215737,-0.02080562710762024,-0.4012729823589325,-0.10585312947011971,-0.038314491510391235,-0.4827507734298706,-0.14292660757280373,-0.04620370268821716,-0.5664461851119995,-0.16720711096502328,-0.05113248527050018,-0.24150502681732178,-0.07879392459369683,-0.06267441809177399,-0.21929150819778442,-0.12261014833427453,-0.06862586736679077,-0.1514831781387329,-0.13920708402372384,-0.06875400245189667,-0.0998188853263855,-0.14846450492120766,-2.656251151831293,-1.343468860638729,-1.4953367298326117,-1.7275357756736065,1.694531047392539,0.450351567776495,0.47673595635999144,0.4158103522319977,0.051499846280686955,0.11466521066920746,0.2107229689968606,0.49805462738712636,0.12420366624016016,0.527596626555679,0.46717186658086024,W
0.0,0.0,0.0,0.06352144479751587,0.0007215738296508789,-0.04410408910064234,0.09663885831832886,-0.0540584921836853,-0.06820184092669024,0.011388987302780151,-0.10710245370864868,-0.08810987423805727,-0.0661301463842392,-0.14285820722579956,-0.11240371416954531,0.09780019521713257,-0.26931774616241455,-0.0548897283866836,0.12924879789352417,-0.391452431678772,-0.07927296410946383,0.14584612846374512,-0.46761661767959595,-0.09592305969147219,0.16309630870819092,-0.5373075604438782,-0.10982146214394106,0.042953312397003174,-0.30310600996017456,-0.06143044408111109,0.056077808141708374,-0.44094717502593994,-0.08313343774227633,0.06220516562461853,-0.5285282731056213,-0.10823174666313662,0.0704144835472107,-0.6046722531318665,-0.12562058966307177,-0.008154869079589844,-0.287179172039032,-0.07108869503883852,-0.026495397090911865,-0.3942764103412628,-0.1141936342015697,-0.04336506128311157,-0.47553664445877075,-0.1537126759782268,-0.050127118825912476,-0.5576010048389435,-0.17957081000952257,-0.058014288544654846,-0.23813104629516602,-0.08211848985104098,-0.06639684736728668,-0.21509617567062378,-0.1279076645865871,-0.06915093958377838,-0.14547127485275269,-0.145058767010255,-0.06501312553882599,-0.09064441919326782,-0.1544686118855907,-2.642167233246296,-1.3318016135045103,-1.4799849638220957,-1.7247779718334413,1.6182147991668736,0.45621821529658635,0.48157725128918566,0.41505142460062683,0.052225734999856555,0.11457714665725277,0.21418696023522685,0.5015395056666592,0.12940626073932487,0.531568670414621,0.4671937992672036,W
0.0,0.0,0.0,0.06989410519599915,-0.0025146007537841797,-0.04075708868037964,0.10541430115699768,-0.05552798509597778,-0.06237367423307205,0.022955238819122314,-0.10478270053863525,-0.08031113328468109,-0.055971816182136536,-0.12462794780731201,-0.10214369626771713,0.10403633117675781,-0.26265668869018555,-0.051794527788274536,0.13723188638687134,-0.38473835587501526,-0.073395474572294,0.15516427159309387,-0.4581632614135742,-0.08856844784747864,0.1725771129131317,-0.5254924893379211,-0.10225983591806198,0.05040556192398071,-0.2957651615142822,-0.0598900157405069,0.06836196780204773,-0.4319832921028137,-0.07816288502942825,0.07526102662086487,-0.5168308615684509,-0.10116813214551712,0.07999655604362488,-0.5919402837753296,-0.1182258266402414,-0.0009961724281311035,-0.28104984760284424,-0.07089093210231567,-0.016165703535079956,-0.3860241174697876,-0.11057326080333496,-0.03290775418281555,-0.46271443367004395,-0.1482895079446962,-0.04068908095359802,-0.5409973561763763,-0.17324454220067764,-0.0501052588224411,-0.2331533432006836,-0.08354998262655045,-0.06711521744728088,-0.2055380940437317,-0.12693390877973343,-0.07223877310752869,-0.14171624183654785,-0.14433642359506393,-0.07265309989452362,-0.0906333327293396,-0.15437766047250534,-2.737043883079334,-1.3157032766523196,-1.471216323827827,-1.7223217644722493,1.7277040735925,0.4614401300787995,0.48669109052211806,0.4166497884574889,0.03786685992517283,0.113958189244407,0.21382906804754068,0.49923976540337284,0.1309969650403308,0.5240329919242316,0.451496901564406,W
0.0,0.0,0.0,0.06804564595222473,-0.00509566068649292,-0.045957247964565795,0.10178053379058838,-0.07315737009048462,-0.06478727912110571,0.015397638082504272,-0.1350771188735962,-0.0774310187022138,-0.05849778652191162,-0.17048335075378418,-0.09238817100924734,0.10279998183250427,-0.2752959728240967,-0.05178274889988188,0.13150107860565186,-0.3981611132621765,-0.07265685056847815,0.1470523178577423,-0.4736306071281433,-0.08539551799697165,0.16359186172485352,-0.5428774952888489,-0.0966190875093389,0.050223082304000854,-0.30843305587768555,-0.05579195847315077,0.06683129072189331,-0.4449656009674072,-0.072757001272862,0.07416364550590515,-0.5321229100227356,-0.0924773917118955,0.0804758071899414,-0.6078068614006042,-0.10638842289847616,0.00015532970428466797,-0.29340845346450806,-0.06404315983456854,-0.02207815647125244,-0.4031764566898346,-0.10338665848178152,-0.04196803271770477,-0.4813156723976135,-0.13882480119866614,-0.05085369944572449,-0.5610212981700897,-0.1614050075928617,-0.048668473958969116,-0.24273216724395752,-0.07448578184050803,-0.061029061675071716,-0.2222282886505127,-0.11743393843573813,-0.0623084157705307,-0.1551336646080017,-0.13393570040864233,-0.06053145229816437,-0.10416620969772339,-0.14277678286237006,-2.595873126304063,-1.3473982709781407,-1.4700848661661723,-1.7591445912441726,1.6562005783838285,0.43359106395585983,0.4588741796109763,0.39061274997031187,0.0663483156857728,0.10547085429219226,0.21521174756215664,0.4926447523253225,0.1394142325588169,0.5230076034591166,0.456957580923401,W
0.0,0.0,0.0,0.0635884702205658,-0.006044507026672363,-0.047847300297462425,0.09132671356201172,-0.06759679317474365,-0.0702324989204044,0.0028143227100372314,-0.12354183197021484,-0.08625270751758762,-0.0701887458562851,-0.15856724977493286,-0.10546389547630497,0.09476318955421448,-0.27103447914123535,-0.059734574979984245,0.12439745664596558,-0.3899584114551544,-0.08437743363424488,0.13839668035507202,-0.4659839868545532,-0.10065448609634586,0.15397748351097107,-0.5357808470726013,-0.11433265683695026,0.04074394702911377,-0.30068469047546387,-0.0633868607644672,0.0541824996471405,-0.4371955990791321,-0.08384833810373493,0.06168350577354431,-0.5255974531173706,-0.10731918690248676,0.07015568017959595,-0.6018612682819366,-0.12429188517376133,-0.009337961673736572,-0.2827179431915283,-0.07075986591621586,-0.03159573674201965,-0.394573837518692,-0.11161268827959248,-0.0507839173078537,-0.47314906120300293,-0.14895387319370457,-0.05988366901874542,-0.5529123842716217,-0.17329192487045475,-0.057794541120529175,-0.229864239692688,-0.08017134246870228,-0.06890352070331573,-0.21907687187194824,-0.12396294949098774,-0.06628774106502533,-0.1562861204147339,-0.1409543338183994,-0.06077384948730469,-0.10606545209884644,-0.1503033223514194,-2.6286483355266026,-1.3507536475503052,-1.4734488915286716,-1.7557303974972376,1.5948574138185512,0.4387944807936637,0.46497972511006186,0.3944797583017907,0.05333928226794352,0.1067366702728116,0.21454622375642057,0.4803888588445682,0.13894684446141062,0.5127923878953864,0.4468478188527806,W
0.0,0.0,0.0,0.06874781847000122,-0.0027680397033691406,-0.04799093383769559,0.09865310788154602,-0.0674707293510437,-0.0693190776131587,0.01360127329826355,-0.12819957733154297,-0.08481577116469907,-0.058428093791007996,-0.15725016593933105,-0.10283697474221754,0.1001446545124054,-0.268247127532959,-0.05422798994402456,0.12961634993553162,-0.3870958983898163,-0.07811049449662733,0.14659810066223145,-0.4622831344604492,-0.09386444914559888,0.16221272945404053,-0.5311140418052673,-0.10730680155973005,0.047674596309661865,-0.29843080043792725,-0.056981016727490896,0.06388416886329651,-0.4347473978996277,-0.07570682543735074,0.07119572162628174,-0.5208104252815247,-0.09597516882638502,0.07659265398979187,-0.594502329826355,-0.11063394773225355,-0.003089725971221924,-0.2802799940109253,-0.06410221088151502,-0.024066388607025146,-0.38536667823791504,-0.10140495825032758,-0.04185113310813904,-0.46086710691452026,-0.13429345268230009,-0.04724794626235962,-0.5358638167381287,-0.15550690967063474,-0.05231425166130066,-0.2281443476676941,-0.07388813871364164,-0.07079975306987762,-0.21171355247497559,-0.11422101485948133,-0.07390996813774109,-0.1583634614944458,-0.13013637143592405,-0.06932607293128967,-0.11786025762557983,-0.1389921613357501,-2.6223565615048465,-1.3389234657326792,-1.4734326192830798,-1.741881252921382,1.7238445716496247,0.43411584923814167,0.4576243625017916,0.37877868507870954,0.040869681015488026,0.10653108645249047,0.20951452224961348,0.4736970626348286,0.1370217847205738,0.4984776222240253,0.4185862146654706,W
0.0,0.0,0.0,0.06728917360305786,-0.006620645523071289,-0.04831761898037712,0.09644702076911926,-0.0739627480506897,-0.0696080218398265,0.009374052286148071,-0.1323864459991455,-0.08488993750449936,-0.06507191061973572,-0.1608373522758484,-0.10235425488588135,0.09638068079948425,-0.27006345987319946,-0.05431117148634712,0.12326979637145996,-0.3916768431663513,-0.07801936970588486,0.13842985033988953,-0.4666714072227478,-0.09363618151780884,0.15267592668533325,-0.534245491027832,-0.10683878169891159,0.04287150502204895,-0.30187612771987915,-0.056632023616998595,0.057330042123794556,-0.43986713886260986,-0.07396860824462692,0.0647742748260498,-0.5266448855400085,-0.09357292608854095,0.06962281465530396,-0.5998304486274719,-0.10805794255372803,-0.007831811904907227,-0.28543591499328613,-0.0635684545480899,-0.030539900064468384,-0.39423322677612305,-0.099643390938013,-0.04884213209152222,-0.47039246559143066,-0.13281593875524322,-0.05626429617404938,-0.5458140671253204,-0.15466816382047455,-0.05525664985179901,-0.233656108379364,-0.07332206921216766,-0.07242704927921295,-0.21572577953338623,-0.11337645755645553,-0.075096994638443,-0.16201287508010864,-0.12998231904145996,-0.0730307549238205,-0.12230157852172852,-0.1395468230688266,-2.648117579388408,-1.3608439694618097,-1.4812531573678556,-1.7547028009578787,1.7290783814039885,0.4322589024384061,0.4591923427729433,0.3850774533110392,0.03934906684389576,0.10582630146243967,0.2092602415210588,0.4697246993440436,0.13698662030850992,0.49838124232171305,0.42384424278526583,W
0.0,0.0,0.0,0.06732615828514099,-0.007327675819396973,-0.04392219315343482,0.09913361072540283,-0.07371270656585693,-0.0630451401608525,0.015608012676239014,-0.13641685247421265,-0.07647585476809127,-0.05566827952861786,-0.1649690866470337,-0.09230064953737838,0.09979796409606934,-0.2755811810493469,-0.05011908317976577,0.1285700500011444,-0.39490675926208496,-0.06987650300436599,0.14298397302627563,-0.469509094953537,-0.08288319016867263,0.1578277349472046,-0.53893181681633,-0.09458683784180266,0.04732096195220947,-0.3059840202331543,-0.053740165932708805,0.06320381164550781,-0.4404528737068176,-0.06878713126354796,0.07027548551559448,-0.527181088924408,-0.08768554384880645,0.07638370990753174,-0.6040104627609253,-0.10149705763035399,-0.0026554465293884277,-0.2883288264274597,-0.06102380882077796,-0.02381420135498047,-0.3920244574546814,-0.09642081315689666,-0.04208812117576599,-0.46982342004776,-0.12916782851391417,-0.04888574779033661,-0.5490891635417938,-0.15015814061337096,-0.049808382987976074,-0.23595094680786133,-0.07049860413246734,-0.06442698836326599,-0.21643280982971191,-0.10847690309458358,-0.06753039360046387,-0.15732210874557495,-0.12222876752787215,-0.06564415991306305,-0.1120678186416626,-0.12948161716633422,-2.6089263252617427,-1.3539105447683475,-1.4735863461727414,-1.7462634545161069,1.697935190405002,0.4306142958062754,0.45847034566482553,0.38417995290022255,0.053833654399649086,0.10425142383989225,0.2069628846870497,0.4818221256128665,0.136780064848045,0.5120346481526689,0.43734254340870454,W
0.0,0.0,0.0,0.06259915232658386,-0.007250308990478516,-0.048290759372207503,0.09081262350082397,-0.07260960340499878,-0.07138442625353036,0.00253903865814209,-0.1280115842819214,-0.08886202056953607,-0.07041274011135101,-0.16240721940994263,-0.10886592050144372,0.09182387590408325,-0.2719707489013672,-0.05607907106229959,0.1166766881942749,-0.39134809374809265,-0.08191007007906137,0.13110500574111938,-0.4675721824169159,-0.09944291790077386,0.14535018801689148,-0.5368470549583435,-0.11436040331670938,0.03891626000404358,-0.30091267824172974,-0.060179170268270354,0.051519960165023804,-0.4359975755214691,-0.08228122820207773,0.058050960302352905,-0.5215646624565125,-0.10585305471965967,0.0630171000957489,-0.5951792895793915,-0.12278478224823175,-0.010234951972961426,-0.28154903650283813,-0.0686435588175982,-0.033895254135131836,-0.38856959342956543,-0.10915068169185815,-0.054665565490722656,-0.46474361419677734,-0.14476694543907342,-0.06527447700500488,-0.5418370366096497,-0.16813855250427423,-0.05734117329120636,-0.22991067171096802,-0.07964410265037714,-0.07010051608085632,-0.2076815366744995,-0.12394146253416238,-0.07114745676517487,-0.15444713830947876,-0.1432379968936175,-0.06619949638843536,-0.11808675527572632,-0.15450907130787073,-2.633414303130132,-1.3714011768780179,-1.4890773452305446,-1.7791828558409173,1.649847958379601,0.4321560269161899,0.4528743611383212,0.3794646069503098,0.04452027587224772,0.10090285904034425,0.2106837664189304,0.46916250656064656,0.13893928424634475,0.49428151401327,0.42375129096138325,W
0.0,0.0,0.0,0.06441417336463928,-0.007417559623718262,-0.04653711953619677,0.09160608053207397,-0.07413315773010254,-0.06607100331643778,0.005724728107452393,-0.12869155406951904,-0.07964900845149714,-0.06492304801940918,-0.15801197290420532,-0.09577339851716715,0.09474724531173706,-0.2652623653411865,-0.05377336183050829,0.11923205852508545,-0.38778156042099,-0.0777492743120547,0.13359099626541138,-0.464290589094162,-0.0927626934037562,0.14722320437431335,-0.5343840420246124,-0.10510183834890086,0.04492625594139099,-0.29880207777023315,-0.05663318523625094,0.057018548250198364,-0.4384112060070038,-0.07388015055516917,0.062377870082855225,-0.5238139629364014,-0.0913855280862208,0.06584128737449646,-0.5954259037971497,-0.10372474008659083,-0.0037894845008850098,-0.2838971018791199,-0.06408930533984858,-0.02896583080291748,-0.392536997795105,-0.10129249805072504,-0.04842929542064667,-0.466945081949234,-0.134673960147893,-0.05519866943359375,-0.5405539274215698,-0.15643141382793146,-0.050708919763565063,-0.23322683572769165,-0.07415451073507029,-0.07073628902435303,-0.20914775133132935,-0.11668635868886668,-0.0745926946401596,-0.15028035640716553,-0.13467291706660944,-0.07151447236537933,-0.10593008995056152,-0.14486180955032069,-2.6496647226183736,-1.3782229575011384,-1.5004025433641202,-1.7684834136243348,1.7328052311500253,0.43204394084245357,0.4565416282774522,0.3826655334686489,0.052497327616800656,0.10173065075591833,0.2025158820480899,0.4810602459914469,0.13289697112976856,0.5084021602108435,0.4349299777243853,W
0.0,0.0,0.0,0.06310522556304932,-0.011047601699829102,-0.04310363928902916,0.09249034523963928,-0.07781195640563965,-0.0637133235775309,0.006463915109634399,-0.13609135150909424,-0.07930361132252983,-0.0652703046798706,-0.16798579692840576,-0.09785187642205528,0.09512552618980408,-0.27061694860458374,-0.053930077954419176,0.12219718098640442,-0.3920220136642456,-0.07711712668765358,0.13625040650367737,-0.4676123261451721,-0.09281533609259895,0.14947083592414856,-0.5371691584587097,-0.10606705050099663,0.0432000458240509,-0.2992902994155884,-0.060083586975224534,0.056083738803863525,-0.44008976221084595,-0.07834048221934609,0.061209678649902344,-0.5296405851840973,-0.09981248925555519,0.06467774510383606,-0.6085659861564636,-0.11533655624020867,-0.005188733339309692,-0.28062498569488525,-0.06980997721780113,-0.028278321027755737,-0.39520731568336487,-0.10782712350714974,-0.0479450523853302,-0.47700804471969604,-0.14198528627980522,-0.058478400111198425,-0.5595978200435638,-0.16406858365166954,-0.05148229002952576,-0.22848999500274658,-0.0816034192882853,-0.062395110726356506,-0.21458715200424194,-0.12253978501189522,-0.06146302819252014,-0.15514987707138062,-0.13737680415738396,-0.05931057035923004,-0.11000150442123413,-0.14526157478917412,-2.6223275757857585,-1.369670472736853,-1.5014624818543565,-1.7595435042009235,1.6367683041729801,0.4270949682432822,0.4593445316783688,0.39167091622434397,0.05828976420204375,0.11084843371092135,0.2091552763574765,0.4754596515641949,0.1325342121743937,0.5137505667337865,0.4495970857651273,W
0.0,0.0,0.0,0.06190770864486694,-0.006414890289306641,-0.04487336874592529,0.088706374168396,-0.06946748495101929,-0.06749236286270843,0.0017910897731781006,-0.12493687868118286,-0.08505056501019226,-0.06781283020973206,-0.15607750415802002,-0.1052637666522287,0.09186667203903198,-0.26683759689331055,-0.054349866515281064,0.11750581860542297,-0.3859633207321167,-0.07916570902455078,0.131228506565094,-0.46155157685279846,-0.09548060298550354,0.14397695660591125,-0.5298632383346558,-0.10953776985991226,0.038902997970581055,-0.2955551743507385,-0.06024703458535896,0.05080559849739075,-0.43464627861976624,-0.0814670816122316,0.05620953440666199,-0.5211238265037537,-0.1044109657465242,0.06064441800117493,-0.59598508477211,-0.12065509409296737,-0.010669469833374023,-0.274692177772522,-0.07002995610821472,-0.03485801815986633,-0.3832899332046509,-0.11079641879189239,-0.056187331676483154,-0.4638034701347351,-0.14617945701468216,-0.066316157579422,-0.5452884137630463,-0.16898704022753464,-0.05721074342727661,-0.22001206874847412,-0.08184509426939712,-0.07106183469295502,-0.19657301902770996,-0.12602141947138534,-0.07087208330631256,-0.14105331897735596,-0.1442075714527391,-0.06572537124156952,-0.10228085517883301,-0.1544137492834352,-2.63618052993565,-1.3752104116565762,-1.4985545685060488,-1.7736135654883192,1.6429932281294297,0.4296169094360489,0.45827932977569547,0.3892137872487744,0.05383713334060075,0.106378618935424,0.2108580800224697,0.47623708453864144,0.13670823019539718,0.5096206333651992,0.4430079525146723,W
0.0,0.0,0.0,0.061183154582977295,-0.002670764923095703,-0.04973587882795982,0.08870866894721985,-0.06605088710784912,-0.07321203616538696,0.0009137094020843506,-0.1244058609008789,-0.09029998746791534,-0.07042856514453888,-0.16336196660995483,-0.11023682472387009,0.0893976092338562,-0.27357685565948486,-0.05898121860900574,0.1134880781173706,-0.3922297954559326,-0.08565204707065277,0.12563911080360413,-0.4686598777770996,-0.10354320821443252,0.13848048448562622,-0.5368245542049408,-0.11820184555926971,0.0343470573425293,-0.30159199237823486,-0.06315618124881439,0.0437907874584198,-0.4411899149417877,-0.08555252966561966,0.048145800828933716,-0.528969943523407,-0.11036053416410141,0.05338197946548462,-0.6029492616653442,-0.12781617906966858,-0.015378236770629883,-0.2794313430786133,-0.07160849240699463,-0.0378376841545105,-0.38823407888412476,-0.1153237682310646,-0.05776548385620117,-0.4680231809616089,-0.15436866250911407,-0.06764492392539978,-0.5487214028835297,-0.17933952179828339,-0.06235039234161377,-0.22369951009750366,-0.08213900146165543,-0.07216621935367584,-0.20263278484344482,-0.12938787904658966,-0.07002460956573486,-0.14430928230285645,-0.14976424840369873,-0.06412410736083984,-0.10309278964996338,-0.16118528810420685,-2.592766278867532,-1.3864616540374886,-1.507716155770286,-1.762503431948093,1.58550186852393,0.4279220669123308,0.45669031184243947,0.3853694899489635,0.060598018774389056,0.10776934858013665,0.20646844553367838,0.4787189825160973,0.1326204057166426,0.5134823980010405,0.4456425216266427,W
0.0,0.0,0.0,0.06560733914375305,-0.010666966438293457,-0.04997931608795625,0.09209617972373962,-0.07319945096969604,-0.07202582994341356,0.007555484771728516,-0.13027775287628174,-0.08750836739181977,-0.06314681470394135,-0.1683676838874817,-0.10498473981260759,0.09344789385795593,-0.27249467372894287,-0.05942812004923326,0.11794143915176392,-0.3940538167953491,-0.08454075643658143,0.13196277618408203,-0.4695073962211609,-0.1008275244557808,0.14394620060920715,-0.5369516015052795,-0.11406058261036378,0.04218396544456482,-0.3010263442993164,-0.06049289369821054,0.052967965602874756,-0.44209563732147217,-0.07948006132482988,0.05814358592033386,-0.5295717716217041,-0.10026679376005632,0.05965256690979004,-0.6023710072040558,-0.11550935545801622,-0.006717026233673096,-0.2812895178794861,-0.06605318376659852,-0.031398653984069824,-0.39191216230392456,-0.10285777041553956,-0.04926517605781555,-0.47093531489372253,-0.1382759828293274,-0.060224130749702454,-0.5461737811565399,-0.16164526531338197,-0.052668049931526184,-0.22664129734039307,-0.07430358419060212,-0.06479787826538086,-0.20998108386993408,-0.11657816359638673,-0.059067502617836,-0.16416555643081665,-0.13705103287338716,-0.053733646869659424,-0.1312522292137146,-0.14895871469616395,-2.5916490992485546,-1.382116704932605,-1.5128922857256024,-1.7701159750017048,1.5819669214572185,0.42277845417898907,0.4510416530372174,0.37781740194857816,0.03829053021723281,0.10670105587215427,0.20437850377357955,0.45129735516291003,0.13239543367193965,0.4845712914013287,0.41497231310973,W
0.0,0.0,0.0,0.06388899683952332,-0.007076382637023926,-0.04776575490052437,0.0944226086139679,-0.06851917505264282,-0.06971902473981118,0.009080827236175537,-0.12354975938796997,-0.08565656169469094,-0.06372034549713135,-0.160128653049469,-0.10436576678569054,0.09373173117637634,-0.27042025327682495,-0.05729862003738617,0.11714810132980347,-0.39102083444595337,-0.08177916034276222,0.1290566623210907,-0.46708235144615173,-0.09759262277896141,0.14085763692855835,-0.5352194309234619,-0.11067691519076561,0.03943327069282532,-0.2997783422470093,-0.060988523803302996,0.04848799109458923,-0.439716100692749,-0.08045157863909935,0.054261982440948486,-0.5275175869464874,-0.1030107445936892,0.05840304493904114,-0.6016490757465363,-0.11930028422887062,-0.010709971189498901,-0.28014886379241943,-0.06877778544242119,-0.03677436709403992,-0.3896944522857666,-0.10863546355778908,-0.05542372167110443,-0.46788501739501953,-0.14637829437072014,-0.06643056869506836,-0.544946551322937,-0.1710729159336779,-0.0569901168346405,-0.22653377056121826,-0.07870377673918938,-0.06670846045017242,-0.20506447553634644,-0.12341842129046654,-0.061662763357162476,-0.14765512943267822,-0.14369823112303948,-0.05596771836280823,-0.1058838963508606,-0.15528281106765007,-2.6165457650078903,-1.394671852798459,-1.508038129749467,-1.7781975030093586,1.5623224348271656,0.4272531363717333,0.45809868603852466,0.38482744203264896,0.05479595657322777,0.10588511439988892,0.20751630553267092,0.4723020450223713,0.13710801351109642,0.5087865806008194,0.43918730198880285,W
0.0,0.0,0.0,0.06839069724082947,-0.0024443864822387695,-0.041999734041496595,0.10530006885528564,-0.05899250507354736,-0.06275040194134363,0.02411225438117981,-0.11297309398651123,-0.07887930705885537,-0.052183106541633606,-0.1356891393661499,-0.09834239169697412,0.10191428661346436,-0.2675336003303528,-0.0519235013399566,0.13151133060455322,-0.3869699239730835,-0.07393144353966363,0.14571577310562134,-0.4620094895362854,-0.08927558645348199,0.1593843698501587,-0.5296950340270996,-0.1023445828233207,0.04887250065803528,-0.2966890335083008,-0.05846266358832963,0.06491664052009583,-0.43019649386405945,-0.07665108427147516,0.06978705525398254,-0.5153241753578186,-0.0986507712278808,0.07344046235084534,-0.5907170176506042,-0.11420343354086526,-0.0005545914173126221,-0.27867621183395386,-0.06812346264462121,-0.01883837580680847,-0.38210329413414,-0.10612018689255365,-0.03900453448295593,-0.459421843290329,-0.14038605525831827,-0.04837045073509216,-0.5380743145942688,-0.162091950920626,-0.04771709442138672,-0.22694694995880127,-0.07965467408041604,-0.06112062931060791,-0.2010684609413147,-0.11915608033280023,-0.0662078708410263,-0.13998663425445557,-0.13287120595316537,-0.06631293892860413,-0.09320223331451416,-0.13978755011896737,-2.688387078473315,-1.3549935782641187,-1.4874334294155807,-1.7530839420130726,1.7089504454560642,0.44721520780756885,0.47205047513728404,0.40240323754619955,0.04477487408273085,0.10540416368245516,0.20792373077461146,0.4913911275795413,0.13269948278688704,0.5167707168582224,0.4452337606075655,W
0.0,0.0,0.0,0.06570607423782349,-0.005141079425811768,-0.043069983067994144,0.09834209084510803,-0.06141698360443115,-0.064955054017787,0.014308899641036987,-0.11184167861938477,-0.08251516351390364,-0.06022964417934418,-0.1438084840774536,-0.10320537367749694,0.09747904539108276,-0.27041351795196533,-0.0520851222603369,0.12407702207565308,-0.39087018370628357,-0.07526703009295943,0.13799867033958435,-0.46568477153778076,-0.09131701866078856,0.15192455053329468,-0.5341932475566864,-0.10543162206101897,0.04421496391296387,-0.2999041676521301,-0.05952356586146834,0.05696937441825867,-0.4358865022659302,-0.07939006218600753,0.061489373445510864,-0.5227184891700745,-0.10327526757407668,0.06490650773048401,-0.6001583933830261,-0.12064052203584197,-0.005509436130523682,-0.28007233142852783,-0.07050068506885054,-0.028310716152191162,-0.3872261941432953,-0.11115813830781462,-0.048443034291267395,-0.46323496103286743,-0.14836110005069258,-0.05790509283542633,-0.543146014213562,-0.1727586222617674,-0.05343073606491089,-0.2268720269203186,-0.08341996202159407,-0.06697893142700195,-0.19659441709518433,-0.1279908252685118,-0.06773155927658081,-0.13522881269454956,-0.14684855768371108,-0.06339627504348755,-0.09183520078659058,-0.15768693217921737,-2.662400058389163,-1.3672495851454136,-1.5019916940974982,-1.7673910182422148,1.6444614636731656,0.44430807542841805,0.4731958328620444,0.3993442957075483,0.05206966225223713,0.10919496433957958,0.21002054963040429,0.4919793689468303,0.13539978069451758,0.524265268923069,0.45134421830589205,W
0.0,0.0,0.0,0.07071682810783386,-0.006102859973907471,-0.03985089916443485,0.10866895318031311,-0.05392974615097046,-0.06366309631323475,0.02956491708755493,-0.10113292932510376,-0.08461164045786518,-0.052277371287345886,-0.11540597677230835,-0.11047154772734302,0.10816359519958496,-0.2623699903488159,-0.05369970310187,0.13846957683563232,-0.38183093070983887,-0.07234848398422855,0.15029951930046082,-0.45813682675361633,-0.08573480058169025,0.1613427698612213,-0.5270446836948395,-0.09873709190344471,0.05322781205177307,-0.2932438850402832,-0.06147761005615848,0.0679871141910553,-0.42792409658432007,-0.07554575908636707,0.07131439447402954,-0.5143315494060516,-0.09770979840016025,0.0721140205860138,-0.5893233716487885,-0.11574453223204273,0.0014781355857849121,-0.27572232484817505,-0.0713340352818932,-0.018028825521469116,-0.3828756809234619,-0.10633140165066379,-0.036711156368255615,-0.45828554034233093,-0.14286935437178272,-0.04832586646080017,-0.5290414392948151,-0.16795176375364917,-0.04775869846343994,-0.22705787420272827,-0.0827386464521851,-0.06516341865062714,-0.20994055271148682,-0.12222842234825748,-0.07199016213417053,-0.14904528856277466,-0.13879874456381458,-0.07429184019565582,-0.09662067890167236,-0.1487658183619942,-2.7767277137205646,-1.3725136380368412,-1.5070950012470472,-1.7649260933295838,1.7714752851697653,0.4637671719097712,0.48997032107945204,0.4136543366708516,0.028940011358039683,0.10881362355184757,0.20967814404477672,0.4907020413232911,0.13468362097960662,0.5139947660351034,0.43319966044652314,W
0.0,0.0,0.0,0.06964394450187683,-0.005579590797424316,-0.037718020289617016,0.10989466309547424,-0.05652529001235962,-0.060218829571681454,0.031127065420150757,-0.1053546667098999,-0.0803041196460299,-0.04848766326904297,-0.12792211771011353,-0.10488934433408303,0.10790947079658508,-0.2691584825515747,-0.0492464303071074,0.13653266429901123,-0.392801970243454,-0.07014295077271981,0.15057465434074402,-0.4697555899620056,-0.08530953144975228,0.1643916368484497,-0.5397677719593048,-0.09899428850360437,0.05331644415855408,-0.3009015917778015,-0.059278473168092205,0.0677679181098938,-0.4379972219467163,-0.07720668232389016,0.07341969013214111,-0.525405615568161,-0.10139584904857202,0.07724207639694214,-0.6019295752048492,-0.1194732076520495,0.0025461316108703613,-0.28339624404907227,-0.07167110210605188,-0.018568605184555054,-0.39621588587760925,-0.11053088670917077,-0.03793144226074219,-0.4745640456676483,-0.14798352485843225,-0.049649983644485474,-0.5504388809204102,-0.1732621229285769,-0.047227442264556885,-0.23428183794021606,-0.0853952205771975,-0.05549430847167969,-0.21072053909301758,-0.12804288035579248,-0.05980639159679413,-0.14291250705718994,-0.1445332354898028,-0.058834612369537354,-0.08800411224365234,-0.154046971260982,-2.7180837475231856,-1.3650282763240071,-1.4914832928564172,-1.7638225761467679,1.6499806340410297,0.4636102235094238,0.4903988552159355,0.42251836194698217,0.04123719820876106,0.1070473524643592,0.21430746106867457,0.5039051126746094,0.13694117897641614,0.5316354453058316,0.4625259697421795,W
0.0,0.0,0.0,0.06309381127357483,-0.010283410549163818,-0.034279486383752555,0.10082432627677917,-0.0636904239654541,-0.054619135554389686,0.020251452922821045,-0.10799205303192139,-0.0733704438763425,-0.06125307083129883,-0.1314184069633484,-0.097734885509567,0.10441970825195312,-0.27645522356033325,-0.043064357932166786,0.1339762806892395,-0.4035421907901764,-0.06058339237745258,0.14783364534378052,-0.4787314534187317,-0.07285461037929508,0.1626741886138916,-0.547516942024231,-0.08443805038507435,0.0501229465007782,-0.30713146924972534,-0.05351823404009792,0.06345149874687195,-0.44127124547958374,-0.06778272449548695,0.0700657069683075,-0.5279281735420227,-0.09078143745239231,0.0775802731513977,-0.6007488369941711,-0.1083414351898,-0.0012224316596984863,-0.28923845291137695,-0.0663736930447385,-0.023164361715316772,-0.40057939291000366,-0.10521322696979496,-0.03852266073226929,-0.4845646023750305,-0.14857945054347965,-0.045550644397735596,-0.5632096230983734,-0.1787154546337888,-0.05113306641578674,-0.23928427696228027,-0.07962950527246448,-0.06148207187652588,-0.21890902519226074,-0.12415031551893208,-0.06607691943645477,-0.14633595943450928,-0.14401994853790256,-0.06379646062850952,-0.0846407413482666,-0.15654695242221806,-2.745772964166552,-1.3591040533966814,-1.477553521209549,-1.7312050172280335,1.6525016650972497,0.4725266218981171,0.48943411196435294,0.432076637331001,0.0468467590347183,0.10037235222325319,0.20881532827360827,0.5153089676305763,0.12872612569484843,0.5351214322427358,0.4789165735172201,W
0.0,0.0,0.0,0.06876474618911743,-0.007939398288726807,-0.041917889515843854,0.10803398489952087,-0.05665254592895508,-0.06704073692390011,0.031472086906433105,-0.10290151834487915,-0.08897326434680508,-0.050145745277404785,-0.12044596672058105,-0.11542436028548764,0.10737976431846619,-0.26921242475509644,-0.05607739384004162,0.13704729080200195,-0.3906135559082031,-0.07757120872565793,0.15215978026390076,-0.46648070216178894,-0.09316185409852551,0.1678897738456726,-0.5349166989326477,-0.10720875407287167,0.05261713266372681,-0.2989753484725952,-0.06402691746779965,0.06848278641700745,-0.43291717767715454,-0.081462244640079,0.07570838928222656,-0.5206508636474609,-0.10541896815129803,0.08112695813179016,-0.5947145819664001,-0.12412285352775143,0.001606285572052002,-0.2799112796783447,-0.07437845612594174,-0.020341873168945312,-0.38685858249664307,-0.11060416991540478,-0.038443565368652344,-0.46469631791114807,-0.1473543300730853,-0.04897886514663696,-0.5359485745429993,-0.17313533569404171,-0.047555506229400635,-0.22900128364562988,-0.08670608247348355,-0.05931249260902405,-0.2093234658241272,-0.12669162000247525,-0.06550614535808563,-0.14661717414855957,-0.14290585661956356,-0.06628629565238953,-0.09213799238204956,-0.15294573749133633,-2.7582472151971404,-1.3468807505098903,-1.4746913991661719,-1.7658537427119818,1.7068090110404233,0.46832197840767253,0.4921008454245382,0.4155042463278442,0.032586174638309075,0.10537349289987243,0.2168710938452885,0.5008906212938928,0.14276193077793714,0.5237498408491174,0.4441479257958462,W
0.0,0.0,0.0,0.07090336084365845,-0.0059125423431396484,-0.04472026287407971,0.10923191905021667,-0.05266571044921875,-0.07042436360211468,0.027721554040908813,-0.10132986307144165,-0.09255736379714108,-0.053153976798057556,-0.12926805019378662,-0.11842107831330395,0.10945111513137817,-0.269909143447876,-0.05718292726965046,0.13870319724082947,-0.39080312848091125,-0.07912868319840527,0.15408900380134583,-0.4671515226364136,-0.09443915693850613,0.16884127259254456,-0.5374450087547302,-0.10874708055348492,0.05588850378990173,-0.30028533935546875,-0.06364410429091549,0.07128027081489563,-0.43611833453178406,-0.0817480316648016,0.07927829027175903,-0.5247522592544556,-0.10648320673794842,0.08330392837524414,-0.6015492677688599,-0.1263303539046774,0.005472332239151001,-0.2808687686920166,-0.07304482220501995,-0.017050236463546753,-0.38976266980171204,-0.11078590213151074,-0.03386548161506653,-0.46573179960250854,-0.14942068665118313,-0.04712684452533722,-0.536622554063797,-0.1764467587956915,-0.04337914288043976,-0.2287580370903015,-0.08454965858550167,-0.05019420385360718,-0.211789071559906,-0.12886806635947323,-0.04801227152347565,-0.15277671813964844,-0.14986138849349118,-0.04580904543399811,-0.10345214605331421,-0.1627702793368826,-2.700815515835873,-1.3523491464421917,-1.4800449361915355,-1.7736314243676878,1.5901856629345066,0.46463998994066136,0.4915997440585984,0.40739908952600173,0.026840434484799326,0.10689243789669856,0.215969683157525,0.48417410495054986,0.14569716768689167,0.5145589399351421,0.43317241252232724,W
0.0,0.0,0.0,0.0675581693649292,-0.0038474202156066895,-0.042082327234766126,0.10724025964736938,-0.053670644760131836,-0.06637650616767132,0.024906456470489502,-0.10219234228134155,-0.08748996146323407,-0.05410473048686981,-0.13290059566497803,-0.11324562765958035,0.10919377207756042,-0.27343159914016724,-0.0556215371966573,0.1364540457725525,-0.40003079175949097,-0.07876867689492428,0.14922869205474854,-0.4764951467514038,-0.09444590546490872,0.16398173570632935,-0.545997142791748,-0.10872539021374905,0.05335459113121033,-0.30653780698776245,-0.06472165771128857,0.0624718964099884,-0.4472615122795105,-0.08514603115918362,0.06559914350509644,-0.5352270603179932,-0.11112218238713467,0.06935295462608337,-0.6109301447868347,-0.1307906869828912,0.0013067126274108887,-0.28670573234558105,-0.07661768682601178,-0.024057835340499878,-0.3970712423324585,-0.11998787410857403,-0.04533231258392334,-0.47747576236724854,-0.16270080842377865,-0.05660852789878845,-0.5557889640331268,-0.19196676351430142,-0.04834875464439392,-0.23250412940979004,-0.0897573892057153,-0.06030087172985077,-0.20046579837799072,-0.1390788618505212,-0.06274065375328064,-0.1317964792251587,-0.1620641712129327,-0.05899697542190552,-0.07860207557678223,-0.17617192007901394,-2.6851231876680144,-1.3724313405487685,-1.5182862774855759,-1.7827939360503327,1.6398745363815068,0.46713002899053396,0.493714542875835,0.42289578042651954,0.05451846791934441,0.11476454573093141,0.2208074821209609,0.5178587205727941,0.13750216323671666,0.5475827588704981,0.4771928658270349,W
0.0,0.0,0.0,0.0674717128276825,-0.005518317222595215,-0.03945299793360846,0.10654750466346741,-0.05121558904647827,-0.06348520327685492,0.02708977460861206,-0.0970999002456665,-0.08496267903922217,-0.05050051212310791,-0.12575918436050415,-0.11071155030606405,0.1113366186618805,-0.2652096748352051,-0.05421765704033987,0.1422489881515503,-0.38814401626586914,-0.07706320096133368,0.15909403562545776,-0.46297508478164673,-0.09239978898642676,0.17488709092140198,-0.5312854051589966,-0.10641618628380911,0.05707469582557678,-0.2963637709617615,-0.06413544524787085,0.07166513800621033,-0.4346168041229248,-0.08420841206191199,0.07879424095153809,-0.5213663876056671,-0.10860489119170325,0.08340632915496826,-0.597343921661377,-0.12725364972232,0.0047532618045806885,-0.2762652039527893,-0.07673559893248694,-0.015965044498443604,-0.3858519494533539,-0.11752754260180609,-0.03301152586936951,-0.46577125787734985,-0.15725518573401587,-0.042909055948257446,-0.5427408218383789,-0.18455807675002234,-0.04563893377780914,-0.22304606437683105,-0.09066607613442557,-0.055128470063209534,-0.1925610899925232,-0.13667473007319586,-0.05616310238838196,-0.1302189826965332,-0.15787303258059637,-0.05374114215373993,-0.08152163028717041,-0.17096422423003332,-2.6984260054255906,-1.3363450980876188,-1.4835322309651269,-1.7477866000118372,1.6279834415560872,0.46395160023568965,0.4902277089233177,0.4170507357631496,0.04435609172804295,0.11283819112278547,0.21809719888748808,0.5045377311420982,0.13761204534508054,0.5337434450791033,0.4613463739390539,W
0.0,0.0,0.0,0.06819802522659302,0.000733792781829834,-0.038440869448550075,0.10838451981544495,-0.05297285318374634,-0.05734593540228161,0.030340522527694702,-0.11350423097610474,-0.07265953466094288,-0.04216751456260681,-0.15562492609024048,-0.09191224470532688,0.12237447500228882,-0.25989818572998047,-0.04390963285959515,0.15761736035346985,-0.3779744505882263,-0.06466647729075703,0.17630422115325928,-0.45299792289733887,-0.07871377959645542,0.19415277242660522,-0.520618200302124,-0.09066623940861973,0.06882128119468689,-0.29523640871047974,-0.051971682606108516,0.08865076303482056,-0.43266141414642334,-0.0715969477573708,0.09880760312080383,-0.5217829048633575,-0.0950344403067902,0.1075376570224762,-0.597299337387085,-0.11087287708915028,0.016794294118881226,-0.28256362676620483,-0.06338872507012638,0.0053847432136535645,-0.3974512815475464,-0.10563148304618153,-0.005870163440704346,-0.4791358709335327,-0.14503646388448033,-0.01034688949584961,-0.5592174828052521,-0.16961801543629917,-0.03456401824951172,-0.23556369543075562,-0.07578328743375096,-0.03398492932319641,-0.22204989194869995,-0.12103453770077977,-0.03532084822654724,-0.1534537672996521,-0.13851792111790928,-0.03423994779586792,-0.09784072637557983,-0.14736319079793248,-2.5431603451758047,-1.3021438230564917,-1.44331816869371,-1.6685885960853974,1.568443270817709,0.43481877634547333,0.4663560056370383,0.4048450370393578,0.05832546657768706,0.1156813511379996,0.2081105867949889,0.4805247414133123,0.12388298493426443,0.5191914804208256,0.461995010371858,W
0.0,0.0,0.0,0.06297239661216736,0.006400465965270996,-0.03810279298625119,0.10054588317871094,-0.04736971855163574,-0.05915734399161465,0.019172072410583496,-0.10637497901916504,-0.07717728469572194,-0.05342458188533783,-0.1499347686767578,-0.099680697955705,0.11732760071754456,-0.2558783292770386,-0.04594856727919705,0.1499071717262268,-0.37468379735946655,-0.06875846389732487,0.16836601495742798,-0.4484879970550537,-0.08372287306985982,0.18725097179412842,-0.51539146900177,-0.09653868380985386,0.06355097889900208,-0.2947666645050049,-0.055183025487281157,0.08035600185394287,-0.43145567178726196,-0.07674158964357503,0.09050142765045166,-0.5170524716377258,-0.10094643238983281,0.10244446992874146,-0.59129598736763,-0.11710581783256657,0.011858493089675903,-0.2814839482307434,-0.06757810566625722,-0.0027886033058166504,-0.3928273320198059,-0.11270010326109059,-0.01489037275314331,-0.47413551807403564,-0.1538348630448354,-0.018225044012069702,-0.5551949441432953,-0.1798998102923406,-0.039275139570236206,-0.23340457677841187,-0.08060408983430989,-0.04675193130970001,-0.2094936966896057,-0.12958463881216176,-0.052628129720687866,-0.14066994190216064,-0.14933195564947255,-0.05285215377807617,-0.08892470598220825,-0.1599640533705724,-2.553958512489147,-1.3076059742764756,-1.4403784331378082,-1.680266789847472,1.664492838474372,0.4375880733650809,0.4680757275032663,0.40678596003999495,0.0610127480444116,0.113814053029479,0.20929574698242437,0.48941129009241796,0.12595402699634856,0.5258269161003148,0.4675542446877623,W
0.0,0.0,0.0,0.07219156622886658,0.0013895630836486816,-0.041397160046358294,0.11530739068984985,-0.06358259916305542,-0.05884236668850917,0.03140440583229065,-0.12607431411743164,-0.07158369397427577,-0.04446166753768921,-0.16676610708236694,-0.08774360095765132,0.1227746307849884,-0.27390724420547485,-0.04346250569130916,0.1548193097114563,-0.39992278814315796,-0.06474912738110561,0.17095708847045898,-0.47815269231796265,-0.07861971681620616,0.1870545744895935,-0.548273116350174,-0.09015579348113079,0.06551632285118103,-0.3094159960746765,-0.05089875137116451,0.08132600784301758,-0.45415231585502625,-0.07043386077191371,0.08855640888214111,-0.5462157130241394,-0.09340508108641643,0.09549525380134583,-0.6242097318172455,-0.10837966775204677,0.012032955884933472,-0.2947617173194885,-0.062445400409956164,-0.003827989101409912,-0.4124622941017151,-0.1072327626278593,-0.02119314670562744,-0.4955780506134033,-0.14775320714022655,-0.029620200395584106,-0.5792756378650665,-0.1722649914553358,-0.040741801261901855,-0.24448555707931519,-0.07512792771365184,-0.0415676087141037,-0.22917944192886353,-0.12323418086077709,-0.04244539141654968,-0.15643912553787231,-0.1412950140764906,-0.04026120901107788,-0.10036402940750122,-0.15000468318964977,-2.568155111066695,-1.340661587161145,-1.4758491060177041,-1.7161647415287682,1.5674617072051586,0.4462593062815631,0.47837496761566156,0.41277643117490753,0.06653480120487835,0.1189515816350807,0.21888150769725562,0.5022897725360759,0.13293964675072414,0.5411507526821887,0.47902981095101727,W
0.0,0.0,0.0,0.07062152028083801,-0.001960158348083496,-0.04035084547831502,0.11409583687782288,-0.06346654891967773,-0.05758474992944684,0.030567467212677002,-0.12631821632385254,-0.0699960537476727,-0.04600939154624939,-0.16304326057434082,-0.08602763193084684,0.12204018235206604,-0.27533864974975586,-0.04414231555892911,0.15723806619644165,-0.40223801136016846,-0.06324114131166425,0.17355266213417053,-0.4794740676879883,-0.07525339203311887,0.1892690360546112,-0.5500783026218414,-0.08554188387824979,0.06236374378204346,-0.30675119161605835,-0.05126605036093679,0.07925117015838623,-0.44908761978149414,-0.06923558788730588,0.08761730790138245,-0.5394062101840973,-0.09153790997697797,0.09540614485740662,-0.6159295737743378,-0.10631164389087644,0.007803112268447876,-0.2888990044593811,-0.0621092081291863,-0.008060455322265625,-0.40776529908180237,-0.10540157782270398,-0.022784769535064697,-0.4943862557411194,-0.1469405390544125,-0.02918681502342224,-0.579441487789154,-0.1726571716590115,-0.044027894735336304,-0.23434895277023315,-0.07376877444221464,-0.03980180621147156,-0.22863078117370605,-0.1185439549608418,-0.03888985514640808,-0.15538287162780762,-0.1348078944010922,-0.036242514848709106,-0.09282398223876953,-0.14312001543476072,-2.5851929147547406,-1.3308118775595539,-1.4643287998310575,-1.6974283966259922,1.5158410719810982,0.4529371504602421,0.47445164834808984,0.4167379064934046,0.0708952673342402,0.11465876441117732,0.22042040629986556,0.5098401446530135,0.1298259838041984,0.5394171201382039,0.48666865484444655,W
0.0,0.0,0.0,0.06618177890777588,-0.0027189254760742188,-0.04035857978033164,0.09908851981163025,-0.05691283941268921,-0.06157671573328116,0.01573196053504944,-0.11353117227554321,-0.0787372058885012,-0.05998396873474121,-0.1491767168045044,-0.09995215299295523,0.10700485110282898,-0.2679954171180725,-0.04929182964133361,0.13625094294548035,-0.38786643743515015,-0.07100499334501365,0.15132969617843628,-0.462920606136322,-0.08624580415653327,0.16560029983520508,-0.5307163000106812,-0.09942841442989447,0.050958067178726196,-0.30095404386520386,-0.057802825297585514,0.06612399220466614,-0.44402891397476196,-0.07537557842897513,0.07290315628051758,-0.5338315665721893,-0.0990156522648249,0.07960900664329529,-0.6108016967773438,-0.11638462456630805,-0.002762407064437866,-0.283375084400177,-0.06965961220430472,-0.018084228038787842,-0.4012899100780487,-0.11049285444187262,-0.030123531818389893,-0.48526301980018616,-0.15174894693063834,-0.03671431541442871,-0.5686850547790527,-0.1790685421483431,-0.05414295196533203,-0.23064875602722168,-0.08253163757490256,-0.05743405222892761,-0.22095656394958496,-0.12736462714838126,-0.053415536880493164,-0.15727752447128296,-0.14597570064233878,-0.05050867795944214,-0.10593992471694946,-0.15674584272073844,-2.616000232758351,-1.3513548101953996,-1.4785906975450864,-1.6892394076853336,1.5416624982076397,0.44323889244896003,0.48226944845160724,0.42015321300189457,0.04426286621197186,0.11750818388559481,0.20584661736902088,0.47659003272322903,0.12371308252467557,0.5213597805108666,0.46295068833971526,W
0.0,0.0,0.0,0.06618177890777588,-0.0027189254760742188,-0.04035857978033164,0.09908851981163025,-0.05691283941268921,-0.06157671573328116,0.01573196053504944,-0.11353117227554321,-0.0787372058885012,-0.05998396873474121,-0.1491767168045044,-0.09995215299295523,0.10700485110282898,-0.2679954171180725,-0.04929182964133361,0.13625094294548035,-0.38786643743515015,-0.07100499334501365,0.15132969617843628,-0.462920606136322,-0.08624580415653327,0.16560029983520508,-0.5307163000106812,-0.09942841442989447,0.050958067178726196,-0.30095404386520386,-0.057802825297585514,0.06612399220466614,-0.44402891397476196,-0.07537557842897513,0.07290315628051758,-0.5338315665721893,-0.0990156522648249,0.07960900664329529,-0.6108016967773438,-0.11638462456630805,-0.002762407064437866,-0.283375084400177,-0.06965961220430472,-0.018084228038787842,-0.4012899100780487,-0.11049285444187262,-0.030123531818389893,-0.48526301980018616,-0.15174894693063834,-0.03671431541442871,-0.5686850547790527,-0.1790685421483431,-0.05414295196533203,-0.23064875602722168,-0.08253163757490256,-0.05743405222892761,-0.22095656394958496,-0.12736462714838126,-0.053415536880493164,-0.15727752447128296,-0.14597570064233878,-0.05050867795944214,-0.10593992471694946,-0.15674584272073844,-2.616000232758351,-1.3513548101953996,-1.4785906975450864,-1.6892394076853336,1.5416624982076397,0.44323889244896003,0.48226944845160724,0.42015321300189457,0.04426286621197186,0.11750818388559481,0.20584661736902088,0.47659003272322903,0.12371308252467557,0.5213597805108666,0.46295068833971526,W
0.0,0.0,0.0,0.06125438213348389,-0.0078116655349731445,-0.03689331407008467,0.08882296085357666,-0.06302940845489502,-0.058527047134020904,0.007227480411529541,-0.12148571014404297,-0.07747250641045866,-0.06548061966896057,-0.15633904933929443,-0.10044459099231062,0.09795629978179932,-0.2658267617225647,-0.047521846688368896,0.12849819660186768,-0.38203299045562744,-0.06984032536206541,0.14350619912147522,-0.4587634801864624,-0.08601754749474821,0.15683287382125854,-0.5285826623439789,-0.09978841835913954,0.045490264892578125,-0.29804807901382446,-0.05477785909829436,0.06119120121002197,-0.4351319670677185,-0.07178964311538039,0.06745472550392151,-0.5233769714832306,-0.09242957676110564,0.07232880592346191,-0.5983640849590302,-0.10806249672828017,-0.006377071142196655,-0.281414270401001,-0.06486859763322173,-0.023907184600830078,-0.39356619119644165,-0.09912250036654768,-0.04102349281311035,-0.4703129529953003,-0.13160861129222212,-0.05093768239021301,-0.541459321975708,-0.15352091783938704,-0.05582049489021301,-0.23171895742416382,-0.07647811467109022,-0.0693436712026596,-0.2155889868736267,-0.1145764499372035,-0.07423263788223267,-0.16411596536636353,-0.12981930965838728,-0.0740131139755249,-0.12330734729766846,-0.1386013090079814,-2.597713683704579,-1.3503641336352745,-1.481665439475279,-1.7405053383137052,1.7370578291745986,0.4335765178265619,0.46300925465560844,0.3853947604992044,0.03411593174542226,0.10959189948830986,0.20816919174482967,0.4664096386951698,0.13576737160074,0.4970863722907492,0.41878819165539066,W
0.0,0.0,0.0,0.06303998827934265,-0.0037751197814941406,-0.03680929948495759,0.08921751379966736,-0.05845719575881958,-0.0575423393111123,0.010139167308807373,-0.1094822883605957,-0.07524687831210031,-0.05882622301578522,-0.136771559715271,-0.09718839113520517,0.09277328848838806,-0.25752902030944824,-0.05053642054008378,0.12170419096946716,-0.3760412037372589,-0.07328318838881387,0.13486021757125854,-0.45351454615592957,-0.08909662847327127,0.145321786403656,-0.5221514403820038,-0.10223181580113305,0.040390461683273315,-0.2868037521839142,-0.05701293458150758,0.054776132106781006,-0.42760002613067627,-0.07359341566370858,0.057685524225234985,-0.5163327157497406,-0.09241092239426507,0.057836294174194336,-0.589410811662674,-0.106340192602147,-0.010549724102020264,-0.2679842710494995,-0.06616120819853677,-0.02757430076599121,-0.37762150168418884,-0.09986666624354257,-0.04481258988380432,-0.4508388042449951,-0.13129527156161203,-0.05559273064136505,-0.5174022614955902,-0.15202223543928994,-0.05896826088428497,-0.2160000205039978,-0.07680512999104394,-0.07571680843830109,-0.1988445520401001,-0.11499925737189187,-0.07933910191059113,-0.148615300655365,-0.13039254431532754,-0.0784132331609726,-0.10795217752456665,-0.13889359717177285,-2.6550191769630103,-1.374767331727283,-1.5132083029634156,-1.7494630649407656,1.7488566381602435,0.43611244212086575,0.46743174402323895,0.3806444359382043,0.034845484015601794,0.1103518662085161,0.20097063929720982,0.4707636225657512,0.13435540542819333,0.5003662159710508,0.4100855357106925,W
0.0,0.0,0.0,0.06159180402755737,-0.009006500244140625,-0.036744927563518104,0.08766016364097595,-0.06936556100845337,-0.05584169695600849,0.0027409791946411133,-0.12915921211242676,-0.07156294728144985,-0.0681016743183136,-0.15943002700805664,-0.09094408298358303,0.09255704283714294,-0.2752331495285034,-0.04452476049289089,0.11868417263031006,-0.3963302969932556,-0.06471843416318279,0.12996390461921692,-0.47305864095687866,-0.0787732094012199,0.13913920521736145,-0.5423045754432678,-0.09105174387320858,0.03835713863372803,-0.3024296462535858,-0.05209326142892223,0.04852709174156189,-0.4450148940086365,-0.06746362293586117,0.049698084592819214,-0.5332554280757904,-0.08757628644332272,0.0521300733089447,-0.6110397279262543,-0.10243803406581264,-0.013613760471343994,-0.2821396589279175,-0.06281013185605389,-0.03583785891532898,-0.3939919173717499,-0.09924764330014568,-0.05653199553489685,-0.47482386231422424,-0.1336324676357208,-0.06610456109046936,-0.5558264553546906,-0.15587617600783688,-0.06286293268203735,-0.2288535237312317,-0.07471986258849483,-0.07815955579280853,-0.2113056182861328,-0.11376509959325176,-0.07913024723529816,-0.1511613130569458,-0.12831166530475002,-0.0752953439950943,-0.10380315780639648,-0.1362857683978973,-2.617342518122724,-1.3981150643589297,-1.5261970010848664,-1.7602867818251053,1.6698899282354622,0.4353638730880033,0.4673403418290878,0.39640145921428305,0.056090083442594744,0.11088331805242692,0.20568870859763402,0.48812464511177367,0.13049112705324029,0.5229972992684244,0.45211672388536295,W
0.0,0.0,0.0,0.06449747085571289,-0.00440138578414917,-0.04677304068638932,0.09128230810165405,-0.06404578685760498,-0.06949227118923318,0.007284015417098999,-0.13507187366485596,-0.08643001878692758,-0.06176036596298218,-0.17440825700759888,-0.10580117071106088,0.10436052083969116,-0.2728721499443054,-0.05604334736301553,0.1337709128856659,-0.3967875838279724,-0.08033595049812448,0.14843305945396423,-0.4738362431526184,-0.096461994592687,0.16099730134010315,-0.5433493554592133,-0.10972182268335473,0.050255924463272095,-0.3015832304954529,-0.058989344183942194,0.06573274731636047,-0.44816723465919495,-0.07801759058668267,0.07074853777885437,-0.5375889241695404,-0.09920638615324151,0.07518506050109863,-0.6152450144290924,-0.1146236118121351,-0.0020933151245117188,-0.2835833430290222,-0.06585848892166268,-0.021718114614486694,-0.40055638551712036,-0.10287932867242944,-0.039658546447753906,-0.48186588287353516,-0.13638971561624658,-0.0470958948135376,-0.5603953897953033,-0.15784802848531854,-0.05222778022289276,-0.2312154769897461,-0.07499863768055093,-0.06612053513526917,-0.22451716661453247,-0.11370819622709405,-0.06570802628993988,-0.1706722378730774,-0.12859213167860162,-0.061454564332962036,-0.127066969871521,-0.13660755569173944,-2.5168309249392635,-1.3643829196329524,-1.4914852813295651,-1.7319608123863768,1.6591582069618303,0.43097391158746007,0.46161791183112216,0.3862655995448804,0.04734227479048188,0.11194966036806221,0.20879019510509772,0.47199137395932095,0.1340190783251684,0.5069400262978324,0.43356624742247857,W
0.0,0.0,0.0,0.06449747085571289,-0.00440138578414917,-0.04677304068638932,0.09128230810165405,-0.06404578685760498,-0.06949227118923318,0.007284015417098999,-0.13507187366485596,-0.08643001878692758,-0.06176036596298218,-0.17440825700759888,-0.10580117071106088,0.10436052083969116,-0.2728721499443054,-0.05604334736301553,0.1337709128856659,-0.3967875838279724,-0.08033595049812448,0.14843305945396423,-0.4738362431526184,-0.096461994592687,0.16099730134010315,-0.5433493554592133,-0.10972182268335473,0.050255924463272095,-0.3015832304954529,-0.058989344183942194,0.06573274731636047,-0.44816723465919495,-0.07801759058668267,0.07074853777885437,-0.5375889241695404,-0.09920638615324151,0.07518506050109863,-0.6152450144290924,-0.1146236118121351,-0.0020933151245117188,-0.2835833430290222,-0.06585848892166268,-0.021718114614486694,-0.40055638551712036,-0.10287932867242944,-0.039658546447753906,-0.48186588287353516,-0.13638971561624658,-0.0470958948135376,-0.5603953897953033,-0.15784802848531854,-0.05222778022289276,-0.2312154769897461,-0.07499863768055093,-0.06612053513526917,-0.22451716661453247,-0.11370819622709405,-0.06570802628993988,-0.1706722378730774,-0.12859213167860162,-0.061454564332962036,-0.127066969871521,-0.13660755569173944,-2.5168309249392635,-1.3643829196329524,-1.4914852813295651,-1.7319608123863768,1.6591582069618303,0.43097391158746007,0.46161791183112216,0.3862655995448804,0.04734227479048188,0.11194966036806221,0.20879019510509772,0.47199137395932095,0.1340190783251684,0.5069400262978324,0.43356624742247857,W
0.0,0.0,0.0,0.06630691885948181,-0.0017976164817810059,-0.04486831840245031,0.09022024273872375,-0.05778461694717407,-0.06720498021809362,0.008129656314849854,-0.12122493982315063,-0.08450326141087317,-0.05503125488758087,-0.16144734621047974,-0.10502362068859838,0.10468617081642151,-0.2681671380996704,-0.059797270261924496,0.13545793294906616,-0.3910190463066101,-0.0864316057798078,0.15263882279396057,-0.46792060136795044,-0.10404479321209692,0.16772615909576416,-0.5390515923500061,-0.11821728017298483,0.05121093988418579,-0.2969251275062561,-0.06366726573673986,0.07020723819732666,-0.44353076815605164,-0.08468788679806494,0.07695907354354858,-0.5336517989635468,-0.10497661497561239,0.08239045739173889,-0.6101957559585571,-0.1195213776466062,-0.0031214654445648193,-0.27757972478866577,-0.0711071547505071,-0.019963562488555908,-0.3933960199356079,-0.1089865174528768,-0.03500242531299591,-0.4742633104324341,-0.14203860428301596,-0.03934869170188904,-0.5494611263275146,-0.16334191527334951,-0.05685758590698242,-0.22321850061416626,-0.08066721078125738,-0.07368762791156769,-0.2125481367111206,-0.12041914280621313,-0.07408127188682556,-0.16342765092849731,-0.13622551228968405,-0.06873491406440735,-0.12176764011383057,-0.14509393837420248,-2.5217460036934964,-1.3421469844882643,-1.4715940164418944,-1.7032624731781074,1.6873404801174698,0.43841285586436374,0.4693185083258581,0.3883305761188319,0.041979391976910266,0.11110208819315079,0.20733632636491667,0.4796245780961426,0.13604821078742813,0.5112738035978255,0.4287018406939188,W
0.0,0.0,0.0,0.06402981281280518,-0.0008533596992492676,-0.043817059130219604,0.08828550577163696,-0.05708950757980347,-0.06720446887686649,0.002372950315475464,-0.11899811029434204,-0.08613268378451266,-0.0621713250875473,-0.16049820184707642,-0.10877201798632541,0.10520872473716736,-0.2677985429763794,-0.05866561922505298,0.13606014847755432,-0.3921453654766083,-0.08562383148148456,0.15251821279525757,-0.47076839208602905,-0.10352092328741946,0.16672441363334656,-0.5432547926902771,-0.11823536548092761,0.05246451497077942,-0.29584163427352905,-0.06444352212622562,0.06936845183372498,-0.44286590814590454,-0.08726806286051669,0.07343482971191406,-0.5345021188259125,-0.10940454247668185,0.07740318775177002,-0.6132145822048187,-0.1252115899629871,-0.0006923377513885498,-0.27687758207321167,-0.07364650908186832,-0.018254369497299194,-0.39278656244277954,-0.11416623088791766,-0.03514048457145691,-0.4751589298248291,-0.14807687047198215,-0.039698779582977295,-0.5533973574638367,-0.17011571768000522,-0.0534638911485672,-0.22448402643203735,-0.08473015669062534,-0.07452183961868286,-0.2123386263847351,-0.12783201876356998,-0.07909458875656128,-0.15935605764389038,-0.14405944290831485,-0.07473050057888031,-0.11509823799133301,-0.15301949623301425,-2.539442418291989,-1.351078743212028,-1.4923790145327465,-1.710933733861031,1.7628192435335353,0.4459774288442107,0.4737437764008608,0.3935413088683552,0.04710509109560141,0.11345771697820553,0.20667221951149994,0.4915470587124937,0.13149513728416493,0.52083063609747,0.4396968724090573,W
0.0,0.0,0.0,0.060489386320114136,-0.009537279605865479,-0.043822902951092146,0.08489680290222168,-0.07026630640029907,-0.06704169860825004,-0.0032500922679901123,-0.12754452228546143,-0.08564361533865394,-0.07341213524341583,-0.16927272081375122,-0.10750926635012092,0.09770628809928894,-0.2829158306121826,-0.05368828377470436,0.12564164400100708,-0.40219324827194214,-0.07750914594873848,0.1396104395389557,-0.4777706563472748,-0.09357354393944206,0.15128955245018005,-0.5452625453472137,-0.10763572505459251,0.04256775975227356,-0.31318771839141846,-0.06004777527198257,0.054945945739746094,-0.4563401937484741,-0.07942278287157478,0.058676570653915405,-0.5452499687671661,-0.10227112821087303,0.06143033504486084,-0.6200926303863525,-0.1195623164509243,-0.011615931987762451,-0.29146063327789307,-0.07013360014900627,-0.03485551476478577,-0.4064774215221405,-0.10894326469644966,-0.05282522737979889,-0.4866926670074463,-0.14627310982689323,-0.062215983867645264,-0.5645545721054077,-0.1720138078068203,-0.06513138115406036,-0.23507779836654663,-0.0819215436910099,-0.07957260310649872,-0.22080522775650024,-0.1253432070349163,-0.08090011775493622,-0.16685909032821655,-0.14494021585926475,-0.07700607180595398,-0.1265854835510254,-0.15710893622383537,-2.5827057290855064,-1.369321438272137,-1.5094128895428196,-1.7540030862464309,1.679814280092641,0.4380173473791355,0.47055401672974084,0.3954403820630721,0.04283826099574768,0.11693682302705666,0.21437536317124012,0.47687458951886635,0.1355466270263882,0.5125562824893569,0.4382187458682927,W
0.0,0.0,0.0,0.05620986223220825,-0.01060420274734497,-0.040961873004789595,0.07571682333946228,-0.07268929481506348,-0.06335331521427179,-0.011607170104980469,-0.12928634881973267,-0.081955448011513,-0.07802543044090271,-0.17600494623184204,-0.1041107328931048,0.09213519096374512,-0.2798755168914795,-0.051796991596575026,0.11829307675361633,-0.4059705138206482,-0.07439332477247262,0.13209325075149536,-0.4827289581298828,-0.08884245924150491,0.1442185938358307,-0.5505509376525879,-0.10159712306654001,0.038453251123428345,-0.31162792444229126,-0.058855634401197676,0.04899191856384277,-0.4595056176185608,-0.0784865992466166,0.05223935842514038,-0.5504068732261658,-0.10103732369339014,0.0556449294090271,-0.6257364749908447,-0.11772147587930704,-0.014375269412994385,-0.29028594493865967,-0.06917605570947671,-0.03880086541175842,-0.4072638750076294,-0.10876124374067331,-0.05661731958389282,-0.48948824405670166,-0.14696597329771066,-0.06415586173534393,-0.5682630836963654,-0.17321557573473,-0.06718467175960541,-0.2347286343574524,-0.08071296683942819,-0.08575750887393951,-0.21981459856033325,-0.12484048328792596,-0.08719806373119354,-0.16405892372131348,-0.1448974388042643,-0.08134177327156067,-0.12020742893218994,-0.15738091639673257,-2.5499029858842013,-1.3806996018720472,-1.5161192323713277,-1.7479995505156798,1.693792236957552,0.4355193520569054,0.46917610026760675,0.39250326284403686,0.055895984351073305,0.11618157794949432,0.20912588039757185,0.48587345544637894,0.1328737004290373,0.5237604157630407,0.44838513057580826,W
0.0,0.0,0.0,0.0625087320804596,-0.004513084888458252,-0.04409786637779689,0.08192470669746399,-0.05810964107513428,-0.06905997496005511,-0.007136642932891846,-0.1131475567817688,-0.08976630072947955,-0.07308347523212433,-0.15692627429962158,-0.1142018209015987,0.09464305639266968,-0.2722521424293518,-0.05895789664145923,0.12234693765640259,-0.39701923727989197,-0.08400835793372607,0.13693547248840332,-0.4706317186355591,-0.10042855095025516,0.14902502298355103,-0.5373184084892273,-0.11436581563111758,0.0410284698009491,-0.30067455768585205,-0.06426936339494205,0.05381906032562256,-0.4491020143032074,-0.08570027302857852,0.05701357126235962,-0.5402713418006897,-0.10852315228339648,0.06000509858131409,-0.6176660358905792,-0.12520954709407306,-0.0119284987449646,-0.2785182595252991,-0.07280997883435703,-0.034047842025756836,-0.3942524790763855,-0.11267829637881732,-0.052022457122802734,-0.4800257682800293,-0.1494420836484096,-0.057190969586372375,-0.5617368221282959,-0.17458898525592303,-0.06350032985210419,-0.22299724817276,-0.08291657965537524,-0.08395691215991974,-0.20440441370010376,-0.1279407660281322,-0.0857798308134079,-0.15202051401138306,-0.14747028749343372,-0.07819455862045288,-0.11018043756484985,-0.15918431382533527,-2.574059995487718,-1.3684406706795187,-1.5110028961618838,-1.729270844391145,1.7003157665383049,0.44048877480924037,0.4795765803191264,0.4051223906044341,0.04702442371190084,0.11991783924673784,0.20765667462484166,0.48381358442037664,0.12985759641250177,0.5259665177163937,0.45204459867619623,W
0.0,0.0,0.0,0.06341660022735596,-0.009368300437927246,-0.040451038606533984,0.08420446515083313,-0.06706273555755615,-0.06418530640758036,-0.006072103977203369,-0.12460637092590332,-0.08472131190455912,-0.07326507568359375,-0.16614598035812378,-0.10887510327256678,0.09504765272140503,-0.2791525721549988,-0.05401866135753153,0.12274786829948425,-0.4052237272262573,-0.07912570980943201,0.13665801286697388,-0.48162132501602173,-0.09623394904292581,0.14898326992988586,-0.5505796074867249,-0.11138529328263758,0.040550410747528076,-0.30732399225234985,-0.06257561592019556,0.052218347787857056,-0.455308198928833,-0.08444537965215204,0.05445602536201477,-0.5459706485271454,-0.1086934059635496,0.058328717947006226,-0.6249645352363586,-0.12688858059800623,-0.012745201587677002,-0.2828681468963623,-0.07423108068860529,-0.03424113988876343,-0.397377073764801,-0.11605868486321924,-0.05338069796562195,-0.4816247820854187,-0.1547814830914831,-0.060658857226371765,-0.5645783841609955,-0.18143501130498407,-0.06499415636062622,-0.22416335344314575,-0.08718268571055887,-0.08633920550346375,-0.20006167888641357,-0.13516344872869013,-0.08798740804195404,-0.14985710382461548,-0.15730293837941645,-0.08135557174682617,-0.11302942037582397,-0.17086992410577295,-2.5799633011399137,-1.3746402146051382,-1.5148847685033013,-1.7392655416074245,1.7169687917564123,0.4440535337041931,0.47731686836172543,0.3986317814022432,0.053729182674803755,0.11726621538846926,0.2101089889247402,0.4944756295569619,0.13343361753072897,0.5306498493493985,0.45202303114709025,W
0.0,0.0,0.0,0.06283125281333923,-0.011620759963989258,-0.03777561451988731,0.08422774076461792,-0.07038307189941406,-0.0589572649796537,-0.0011287927627563477,-0.12759196758270264,-0.07735615711408173,-0.06750631332397461,-0.16726171970367432,-0.09910680841403519,0.09848266839981079,-0.28667086362838745,-0.04705214615660225,0.1248936653137207,-0.41081851720809937,-0.06803732853131805,0.13710016012191772,-0.48679274320602417,-0.08249322067695175,0.1467495560646057,-0.5555054247379303,-0.09550047408538376,0.04305720329284668,-0.3140745759010315,-0.055039351095729216,0.05587759613990784,-0.4587005376815796,-0.07415517162280594,0.05926847457885742,-0.5481196343898773,-0.09682342152791534,0.06238982081413269,-0.6259337663650513,-0.11361748467879806,-0.010491371154785156,-0.2903457283973694,-0.06590662639337097,-0.03312884271144867,-0.40526479482650757,-0.10443120192485367,-0.05136662721633911,-0.48929208517074585,-0.14170574884610687,-0.060331180691719055,-0.5720621943473816,-0.16676075499253784,-0.0627281665802002,-0.233556866645813,-0.07790714990096603,-0.08018526434898376,-0.2183477282524109,-0.11903004090981995,-0.08295030891895294,-0.16567033529281616,-0.13694406788545166,-0.07964400947093964,-0.12357187271118164,-0.1479453269739679,-2.5733609195295086,-1.3931477967899417,-1.5088840589336527,-1.74589927973157,1.7234019077945952,0.4434396825569209,0.4767106586311675,0.4048640596546712,0.04534452996760988,0.10989411374535199,0.20774156578653855,0.4876685758610465,0.1340245890956366,0.5220546725592546,0.44890595224033014,W
0.0,0.0,0.0,0.06120401620864868,-0.009355783462524414,-0.039152840789256516,0.07995656132698059,-0.06509292125701904,-0.0615430946311335,-0.004608511924743652,-0.12249737977981567,-0.08075903978556198,-0.07036620378494263,-0.16362053155899048,-0.10318460192888779,0.09505745768547058,-0.27729737758636475,-0.051400369670091095,0.12037220597267151,-0.4023970365524292,-0.07443974789589447,0.13213589787483215,-0.4784104824066162,-0.0897280189058165,0.14159023761749268,-0.5461342334747314,-0.1030111449620108,0.041687846183776855,-0.3059675693511963,-0.058749246116576614,0.05360591411590576,-0.4539588689804077,-0.07938403513639969,0.05680876970291138,-0.5436854362487793,-0.10125345614164871,0.059700578451156616,-0.6198023557662964,-0.11733857419699234,-0.010596215724945068,-0.2831028699874878,-0.06904347118347687,-0.032567813992500305,-0.40100836753845215,-0.10849992063253922,-0.04919366538524628,-0.4835933446884155,-0.1453303011915068,-0.056460827589035034,-0.562902420759201,-0.17010386910646957,-0.06209060549736023,-0.22614389657974243,-0.08063670870274109,-0.08156757056713104,-0.2109081745147705,-0.12330274161308807,-0.08412276208400726,-0.16158294677734375,-0.1426844659110884,-0.08052873611450195,-0.12140119075775146,-0.15470035996645493,-2.561402415173523,-1.3994051952845432,-1.5134636391927005,-1.7332709331058447,1.7450437315497116,0.4373125486482961,0.4743619130773024,0.3995239498834068,0.04342522079437828,0.11014948261496127,0.1987596451351414,0.4793067870032496,0.12934865618569816,0.5177528193505364,0.4421567598867885,W
0.0,0.0,0.0,0.06625673174858093,-0.007461428642272949,-0.0387915680568085,0.09064093232154846,-0.06462323665618896,-0.059993256853090315,0.004854768514633179,-0.11966961622238159,-0.07797148920701602,-0.06689862906932831,-0.15761834383010864,-0.09938916660951236,0.10218977928161621,-0.2737347483634949,-0.05117014892505267,0.12528902292251587,-0.3973158001899719,-0.07533984728263476,0.13612911105155945,-0.4740362763404846,-0.09215452619002917,0.14562997221946716,-0.542390912771225,-0.10662060327933887,0.047431886196136475,-0.30602264404296875,-0.0588106112937794,0.058611273765563965,-0.45454052090644836,-0.07736829020188907,0.06423160433769226,-0.5434384942054749,-0.09898594863818744,0.0676305890083313,-0.6189839839935303,-0.11592383779691318,-0.005966156721115112,-0.2856517434120178,-0.06959880240367511,-0.026458919048309326,-0.400701642036438,-0.1080192411701546,-0.04140043258666992,-0.47646191716194153,-0.14491067923711398,-0.04984124004840851,-0.5505276620388031,-0.1699040243785248,-0.056763097643852234,-0.22910869121551514,-0.08187332846330264,-0.07201720774173737,-0.20898061990737915,-0.12523968614743808,-0.07281516492366791,-0.1589963436126709,-0.14566722609208682,-0.07179509103298187,-0.12124979496002197,-0.15841229356931308,-2.608338371646846,-1.4104894124837426,-1.506345149201109,-1.7349497267153582,1.7092715881853462,0.4395660771434915,0.4805791968447972,0.39327940049719373,0.03669668495487553,0.10931789579287901,0.19564049047709,0.47395516585601327,0.13596285756597337,0.516893454386711,0.429838875320463,W
0.0,0.0,0.0,0.06748545169830322,-0.007884621620178223,-0.0397494902958897,0.09296652674674988,-0.06908845901489258,-0.05858057943487438,0.005765676498413086,-0.13008356094360352,-0.07329506633186611,-0.06351698935031891,-0.17420130968093872,-0.09119353649521145,0.10530057549476624,-0.2813149690628052,-0.04849367794895443,0.1308293342590332,-0.41099637746810913,-0.07030286846065792,0.14304614067077637,-0.48983949422836304,-0.08478751984739574,0.15419504046440125,-0.5616922676563263,-0.0973223691930798,0.04890742897987366,-0.31086838245391846,-0.05621186477446827,0.06240814924240112,-0.4602372646331787,-0.07334629652405056,0.06714943051338196,-0.5522248446941376,-0.09449449387693676,0.07024514675140381,-0.6302407383918762,-0.11062106696272167,-0.006083279848098755,-0.29094183444976807,-0.06769991872215542,-0.02304363250732422,-0.4118331968784332,-0.10777443108463558,-0.03802287578582764,-0.49525290727615356,-0.14722784814739498,-0.046578750014305115,-0.5772110223770142,-0.1734949594488171,-0.05905464291572571,-0.23518049716949463,-0.08057631013298305,-0.06617656350135803,-0.2192639708518982,-0.1255801564207104,-0.061598703265190125,-0.15898609161376953,-0.14624146578216823,-0.05762304365634918,-0.10912048816680908,-0.15875127372646602,-2.5501008738625326,-1.398144437347081,-1.5040840604176795,-1.7113233350744983,1.559440324752109,0.44446346355884997,0.4752517959918658,0.4033655072997409,0.06534716462707058,0.10838116761968433,0.20137265626511547,0.49968801901876087,0.12829642877392158,0.5365785956528549,0.46822080756759077,W
0.0,0.0,0.0,0.06795033812522888,-0.0037445425987243652,-0.040154003271482,0.09390690922737122,-0.06313812732696533,-0.05868788502516509,0.007879853248596191,-0.123568594455719,-0.07281052015127898,-0.06245885789394379,-0.16442734003067017,-0.09028425506653548,0.10411936044692993,-0.27414971590042114,-0.0489830306858039,0.1280633509159088,-0.4002321660518646,-0.07086286387743712,0.13976836204528809,-0.47833913564682007,-0.08580913088621855,0.15005463361740112,-0.548392653465271,-0.09847649625839949,0.04973942041397095,-0.30567240715026855,-0.055847649195811755,0.06149947643280029,-0.45393145084381104,-0.07228620044293166,0.06558513641357422,-0.5437552034854889,-0.09244613788428069,0.06840163469314575,-0.6202555298805237,-0.10759121618571044,-0.004101663827896118,-0.28742992877960205,-0.06636847249569655,-0.02391749620437622,-0.4073626399040222,-0.10577398977579833,-0.03862029314041138,-0.48876434564590454,-0.1435623212844348,-0.04565538465976715,-0.5693120658397675,-0.16827927968802214,-0.05611099302768707,-0.23335742950439453,-0.07832732490601302,-0.06672336161136627,-0.21938806772232056,-0.12290259144606352,-0.06507375836372375,-0.15938609838485718,-0.14203359625639678,-0.06339983642101288,-0.11106342077255249,-0.15308537028136016,-2.5667859737225016,-1.404838433993125,-1.5115421378689862,-1.7171574311285578,1.6303268888622222,0.43885230544600506,0.47424024205241144,0.4052332635732654,0.05337221486106144,0.10877263093259411,0.19682487918996364,0.4866412113117652,0.12491693316817609,0.5259736036776754,0.4585920695719078,W
0.0,0.0,0.0,0.06934097409248352,-0.010624408721923828,-0.036329278344680915,0.09309929609298706,-0.0689014196395874,-0.05407095848994459,0.0070587992668151855,-0.13044488430023193,-0.06854008286671842,-0.0636993944644928,-0.17019271850585938,-0.08689316510634626,0.1051652729511261,-0.2884899377822876,-0.04468536525445188,0.13063406944274902,-0.4146316349506378,-0.06262356191354002,0.14217036962509155,-0.49171650409698486,-0.07530547826962675,0.15113753080368042,-0.5610989332199097,-0.0867939978786012,0.048307597637176514,-0.3135684132575989,-0.05239940955715383,0.06170797348022461,-0.46302253007888794,-0.06571587323622907,0.06316259503364563,-0.5538591742515564,-0.08584885447697843,0.06390315294265747,-0.6314323246479034,-0.10192568748669828,-0.007756471633911133,-0.29109418392181396,-0.06318632661776746,-0.025239482522010803,-0.4111650288105011,-0.09947025179343427,-0.0394476056098938,-0.49509069323539734,-0.1379296272941133,-0.04746498167514801,-0.5769240260124207,-0.16360282301383222,-0.061782971024513245,-0.2359715700149536,-0.07486076056437696,-0.07506564259529114,-0.23292046785354614,-0.11374574303107465,-0.07185705006122589,-0.17861008644104004,-0.13131103813128675,-0.06891702115535736,-0.13238173723220825,-0.1423222213931581,-2.568037473753291,-1.4037301318801434,-1.5217720157185903,-1.7088364024009548,1.6395560050835838,0.44605220900781317,0.4785649218014855,0.4070551715242195,0.03816927996650733,0.11205633686036287,0.19923200426837748,0.4818946357591564,0.12399199985638032,0.5164229733923321,0.4450595875967736,W
0.0,0.0,0.0,0.06690636277198792,-0.014250338077545166,-0.041183240350051165,0.088835209608078,-0.07204943895339966,-0.06135156714515233,0.0015546679496765137,-0.13281750679016113,-0.07717617937521482,-0.07113420963287354,-0.17118197679519653,-0.09602632709936643,0.10246637463569641,-0.2829456925392151,-0.04995458909468198,0.12537595629692078,-0.4105721116065979,-0.07188658752636456,0.13684365153312683,-0.48797768354415894,-0.08710538187222028,0.1465941071510315,-0.5578590631484985,-0.09998961874441648,0.04493671655654907,-0.3097917437553406,-0.05663821810082936,0.057613641023635864,-0.4617159366607666,-0.07434398272232556,0.059828728437423706,-0.5530401170253754,-0.09628183731035733,0.06244105100631714,-0.6309888958930969,-0.11274413355783963,-0.011690258979797363,-0.2890264391899109,-0.06688391753630185,-0.03041689097881317,-0.4074631333351135,-0.10410153457121396,-0.044437214732170105,-0.49374473094940186,-0.1414033953209355,-0.05094975233078003,-0.578210711479187,-0.16591011324123883,-0.06689397990703583,-0.23364973068237305,-0.07864555307821774,-0.08004972338676453,-0.23857825994491577,-0.1159119714160397,-0.07262358069419861,-0.18848657608032227,-0.13081728258327985,-0.0654766708612442,-0.14140111207962036,-0.139809447910352,-2.586815964944942,-1.41163891440154,-1.5163530161980112,-1.7057308213240534,1.5554335217678914,0.4437620860779247,0.47881599086197074,0.40752889857656766,0.03031348954112573,0.11148860612523766,0.19858944082892652,0.467344883244933,0.12507202337637674,0.506022866703846,0.43705109253907676,W
0.0,0.0,0.0,0.05928051471710205,-0.0132254958152771,-0.045315254364481916,0.07767930626869202,-0.07351100444793701,-0.06591895583676433,-0.010669410228729248,-0.12525057792663574,-0.08050720754670238,-0.08050186932086945,-0.16069793701171875,-0.09836273256348704,0.08557948470115662,-0.28041279315948486,-0.055634993944636335,0.10762515664100647,-0.4035608172416687,-0.0773241034488592,0.11874878406524658,-0.48044058680534363,-0.090977590415946,0.12980183959007263,-0.550142765045166,-0.10249721619891261,0.029812008142471313,-0.3048592209815979,-0.059306427721253385,0.038036197423934937,-0.45483702421188354,-0.07610990468072032,0.038951575756073,-0.5464342534542084,-0.09668516728686427,0.04168650507926941,-0.6217516958713531,-0.11194976035164927,-0.023374944925308228,-0.2816508412361145,-0.06668041262435054,-0.046008288860321045,-0.399248331785202,-0.10360474500464534,-0.06101849675178528,-0.4830782115459442,-0.14157660666512584,-0.06754164397716522,-0.563194066286087,-0.16714442137288188,-0.072320356965065,-0.2239561676979065,-0.07580014679240321,-0.08350864052772522,-0.22360509634017944,-0.11509474727915858,-0.07545946538448334,-0.16589117050170898,-0.13185505929993724,-0.06710289418697357,-0.11319160461425781,-0.14207671943711375,-2.6378408785801333,-1.4082915965287077,-1.533342159261385,-1.7264017482222818,1.5237270391416415,0.44260018534078766,0.47697019550192693,0.4027047324303609,0.04935974222478078,0.11354360902323125,0.19777458626055558,0.4792679738786295,0.1239345977882687,0.5200658610331341,0.4500026755610288,W
0.0,0.0,0.0,0.06232503056526184,-0.012331128120422363,-0.04009145405120762,0.08236122131347656,-0.0663604736328125,-0.06235897447891148,-0.003962159156799316,-0.12056177854537964,-0.08076904993481548,-0.0753374844789505,-0.15771442651748657,-0.10301467310614498,0.09142842888832092,-0.27451932430267334,-0.05532253440446766,0.11567768454551697,-0.397848904132843,-0.0791581301016322,0.12729373574256897,-0.47459352016448975,-0.09509256761498364,0.13778147101402283,-0.5440129041671753,-0.10842033009953411,0.0367637574672699,-0.30078601837158203,-0.06234126444883259,0.04817235469818115,-0.44905441999435425,-0.08019436430163296,0.048931777477264404,-0.5405322015285492,-0.10119838546938809,0.050338417291641235,-0.6169747710227966,-0.11749773751921566,-0.016869693994522095,-0.2777045965194702,-0.07236689608521374,-0.038527995347976685,-0.3939814269542694,-0.10907811950869473,-0.05415046215057373,-0.4766767621040344,-0.14615574013419064,-0.06197412312030792,-0.5550877153873444,-0.17167877685255917,-0.06805072724819183,-0.22003865242004395,-0.08376953285164745,-0.08585123717784882,-0.21267759799957275,-0.1234163595361224,-0.08207985758781433,-0.16404229402542114,-0.1412575496358386,-0.07679572701454163,-0.12161797285079956,-0.15268061589426907,-2.616537122580148,-1.4004624631245783,-1.5278905346289893,-1.731992449799931,1.659416874443972,0.44118726525692353,0.47614545710422096,0.3975979252134612,0.036125897062964256,0.11388468579819118,0.20006236235614597,0.4737729961865234,0.12823460683064958,0.5114112319295285,0.4337230656037283,W
0.0,0.0,0.0,0.05938917398452759,-0.0069904327392578125,-0.0425926516841173,0.08071956038475037,-0.061222970485687256,-0.06307415245873926,-0.0051164329051971436,-0.11663556098937988,-0.07829323737723826,-0.075250044465065,-0.1535925269126892,-0.09730538307530878,0.08895212411880493,-0.26867830753326416,-0.05179231568081377,0.11364036798477173,-0.3950633406639099,-0.07340573846204279,0.12618786096572876,-0.46953141689300537,-0.08693100093705652,0.13817796111106873,-0.5385359227657318,-0.0981908398757696,0.031247854232788086,-0.2953920364379883,-0.056661653805804235,0.039943844079971313,-0.44293272495269775,-0.07474120287997721,0.04118245840072632,-0.5320682525634766,-0.09644031851394175,0.04623323678970337,-0.6097888052463531,-0.11150606303317545,-0.022746682167053223,-0.2732812166213989,-0.06481800555093287,-0.043442994356155396,-0.3892228603363037,-0.10291502951486109,-0.05724376440048218,-0.4765140414237976,-0.14131526975734232,-0.06276267766952515,-0.5625765919685364,-0.16658300488097666,-0.07492700219154358,-0.21530401706695557,-0.07408118574721811,-0.0883338451385498,-0.22731620073318481,-0.11289742170674799,-0.08161409199237823,-0.16946089267730713,-0.12660540967090128,-0.0728369802236557,-0.11438435316085815,-0.13422087161643503,-2.6069075093403598,-1.3903660280682855,-1.5231684523722904,-1.7082464204177212,1.5500895273022788,0.4401510326865977,0.47209451594983703,0.40917465683872917,0.039282359501269036,0.11632199100913425,0.20237364969104002,0.4737423977910096,0.11878174292118093,0.5095127944671635,0.4483054477690306,W
0.0,0.0,0.0,0.06355524063110352,-0.012603282928466797,-0.04296723056495466,0.08517035841941833,-0.07010531425476074,-0.06573074731886663,0.00012099742889404297,-0.12376952171325684,-0.08401662532151022,-0.07077449560165405,-0.15800166130065918,-0.10653409782707968,0.09137099981307983,-0.2768983840942383,-0.058778234309556865,0.11678886413574219,-0.39914530515670776,-0.08462421271860876,0.12971451878547668,-0.47635188698768616,-0.10204502615988531,0.1401681900024414,-0.5467019081115723,-0.11641361985266485,0.03581002354621887,-0.3029971122741699,-0.06500076923430242,0.04652625322341919,-0.4478878080844879,-0.08511642787516394,0.04652297496795654,-0.5398069322109222,-0.1075268206363944,0.04673677682876587,-0.6172966957092285,-0.12442627970040121,-0.01845550537109375,-0.2794317603111267,-0.07446535352528372,-0.03896471858024597,-0.3908107876777649,-0.11289408478796759,-0.053009212017059326,-0.4726148843765259,-0.15100696358740606,-0.057788655161857605,-0.5521950423717499,-0.17715650472700872,-0.06978636980056763,-0.22032958269119263,-0.08544733051121511,-0.09194333851337433,-0.20778346061706543,-0.12641922805369177,-0.08866342902183533,-0.1581668257713318,-0.14504295263350286,-0.0819246917963028,-0.1162729263305664,-0.15693533096373358,-2.6283396186408168,-1.3918686195436525,-1.5360449147639998,-1.7140115917239607,1.6869225824471286,0.44224958844608664,0.4740894723367998,0.394407218154265,0.04319275630685547,0.11710274549978865,0.19803304540253525,0.4843494157142181,0.12314134642799589,0.5172799928386582,0.4365897840287176,W
0.0,0.0,0.0,0.062435030937194824,-0.003699660301208496,-0.05143479719521338,0.08529087901115417,-0.05296218395233154,-0.07805541246892744,0.0007533133029937744,-0.10452795028686523,-0.0978660219884091,-0.06930872797966003,-0.13715404272079468,-0.12133466541530424,0.09212502837181091,-0.25900423526763916,-0.07019629418613249,0.1158730685710907,-0.37572649121284485,-0.09994500964643294,0.12778937816619873,-0.4560921788215637,-0.12071694522859389,0.13589605689048767,-0.5270861089229584,-0.1367657491541081,0.041137099266052246,-0.2852044105529785,-0.07122300654413039,0.051176100969314575,-0.4252726435661316,-0.0955316731310063,0.05189916491508484,-0.5161081850528717,-0.11862506061555678,0.05108964443206787,-0.5920594334602356,-0.13527387469770247,-0.007889658212661743,-0.2660672068595886,-0.07570408373834425,-0.026388704776763916,-0.3726508617401123,-0.11497265934707457,-0.04283249378204346,-0.44718223810195923,-0.1482071736431294,-0.04860752820968628,-0.5187046527862549,-0.17010583072664076,-0.053039535880088806,-0.21100002527236938,-0.08293581843139464,-0.06740051507949829,-0.19871389865875244,-0.12463538437845045,-0.06853540241718292,-0.1477421522140503,-0.14029917210103804,-0.06560225784778595,-0.1035001277923584,-0.1489827194786244,-2.6429201685203827,-1.4089495965427976,-1.5383736623108155,-1.7305933057028717,1.6871312924112791,0.4406313878814038,0.47056846749776654,0.38211177384796874,0.033857405554012864,0.10683473449910366,0.18469385945880445,0.4690699886506675,0.12377580571536405,0.5023018964849418,0.4155521849429736,W
0.0,0.0,0.0,0.05813401937484741,-0.009852766990661621,-0.0484825086341516,0.07918015122413635,-0.065224289894104,-0.07154908520442405,-0.002970963716506958,-0.1140792965888977,-0.08822422218781867,-0.0717255175113678,-0.1452919840812683,-0.10844284785252967,0.08098039031028748,-0.2654491662979126,-0.06386887771350303,0.10651057958602905,-0.38084715604782104,-0.09060220909577765,0.11897474527359009,-0.4596109390258789,-0.10800549877149024,0.12857738137245178,-0.5306229293346405,-0.12162436289054313,0.031673163175582886,-0.2898779511451721,-0.06540119392138877,0.04092934727668762,-0.42940327525138855,-0.08640876156550803,0.04085901379585266,-0.5205058753490448,-0.10744403046828666,0.039826542139053345,-0.5964840650558472,-0.12244471651774802,-0.015093892812728882,-0.26936036348342896,-0.07052286458474555,-0.0358508825302124,-0.3744662404060364,-0.10793755692702689,-0.051798611879348755,-0.45014429092407227,-0.1425299618886129,-0.057861000299453735,-0.5226368308067322,-0.16546857101184287,-0.05665704607963562,-0.21369856595993042,-0.07794864219886222,-0.07081495225429535,-0.20321357250213623,-0.11846083146792807,-0.06770023703575134,-0.15147221088409424,-0.13523252052527823,-0.06092230975627899,-0.10603773593902588,-0.14473896962863364,-2.653780525673247,-1.3931939477603532,-1.5442102363286145,-1.7380738555988688,1.610393218757373,0.43428238356064935,0.4647775338228194,0.3775994679389568,0.04071369910745466,0.11051877968526318,0.1866093457738293,0.4649545347543949,0.12245925834300478,0.500687460300728,0.41661034247865547,W
0.0,0.0,0.0,0.054727762937545776,-0.0012778639793395996,-0.04640903152039755,0.07588326930999756,-0.05611145496368408,-0.06942071221283186,-0.006662696599960327,-0.1028592586517334,-0.08638977460077513,-0.07617774605751038,-0.1386207938194275,-0.10722382567337263,0.08347979187965393,-0.2550452947616577,-0.056848159204037074,0.10654118657112122,-0.37318891286849976,-0.08215406737735975,0.11904251575469971,-0.4459493160247803,-0.09752255878856886,0.12908479571342468,-0.5127030611038208,-0.10964886299780119,0.029005497694015503,-0.2854098677635193,-0.059790006051571254,0.036304742097854614,-0.425634503364563,-0.08185932985952604,0.03701713681221008,-0.5098398327827454,-0.10474234275034178,0.039003223180770874,-0.5844716131687164,-0.11919734827688444,-0.021273553371429443,-0.2651820182800293,-0.06611035219839323,-0.0451720654964447,-0.3721669912338257,-0.10799805275610197,-0.059078216552734375,-0.45176494121551514,-0.1475022604267906,-0.06585067510604858,-0.531337171792984,-0.1727364232342552,-0.06788788735866547,-0.210987389087677,-0.07352997563293684,-0.07710608839988708,-0.20249617099761963,-0.11898023090770948,-0.07249832153320312,-0.14238649606704712,-0.13731534979751814,-0.06518790125846863,-0.09449386596679688,-0.14695322714260328,-2.64444332885166,-1.3956123351231575,-1.5373784667754922,-1.7367415745485617,1.547623340653654,0.4266969108757376,0.46048844588013516,0.3928521374806377,0.045474855144555355,0.11517558237511719,0.19582407376210337,0.4611299292887965,0.11754832557826515,0.5009331124661068,0.4368438086024852,W
0.0,0.0,0.0,0.05957454442977905,-0.002078533172607422,-0.04655675288779548,0.0854148268699646,-0.058241069316864014,-0.07171452861769012,0.0009068846702575684,-0.10254162549972534,-0.09080953967315963,-0.07413238286972046,-0.13404548168182373,-0.11459003460151962,0.08642619848251343,-0.25885844230651855,-0.06065670472128204,0.1106182336807251,-0.37741169333457947,-0.08640886914474777,0.12306597828865051,-0.45247793197631836,-0.10275067460281662,0.13413459062576294,-0.5218279361724854,-0.11610194366915039,0.02653554081916809,-0.2874267101287842,-0.06503246795875839,0.03424665331840515,-0.42980727553367615,-0.08715179633838943,0.03587731719017029,-0.5171515643596649,-0.11132596504432968,0.04066219925880432,-0.5914252996444702,-0.12750345539791397,-0.02779296040534973,-0.2628137469291687,-0.07215135615808776,-0.04923921823501587,-0.37407779693603516,-0.11565207016212753,-0.06454278528690338,-0.45801419019699097,-0.15648646723968795,-0.07274991273880005,-0.5366425514221191,-0.18330788683636,-0.07708606123924255,-0.2031954526901245,-0.08003216308100036,-0.08457568287849426,-0.201430082321167,-0.12857361209137252,-0.07880184054374695,-0.1376943588256836,-0.14683996212227157,-0.06977786123752594,-0.08360594511032104,-0.15641243827087692,-2.698044663324625,-1.3913265763106533,-1.5243602456748127,-1.7335236460731331,1.5097615174499361,0.44017083531257545,0.47156557758768425,0.4025994433517453,0.05062715386226256,0.11653703681709714,0.2074142486845987,0.4833412888171108,0.12595021496825906,0.5196898149876645,0.45304635496672674,W
0.0,0.0,0.0,0.06207853555679321,-0.001748800277709961,-0.04389638978898347,0.09077128767967224,-0.06127607822418213,-0.06522960740983308,0.007042944431304932,-0.11287522315979004,-0.08163242567241014,-0.06309187412261963,-0.15245413780212402,-0.10229834694325746,0.09698593616485596,-0.26726460456848145,-0.04850691337048829,0.12027034163475037,-0.38788577914237976,-0.07030015218913377,0.1318207085132599,-0.4631870985031128,-0.08493222821414292,0.14179399609565735,-0.532839298248291,-0.09719658423125566,0.03785720467567444,-0.29816049337387085,-0.05396578241050065,0.0465225875377655,-0.44283032417297363,-0.07255872864186586,0.0483059287071228,-0.5316470861434937,-0.09596553970038713,0.05064406991004944,-0.608212411403656,-0.11178205687463105,-0.017278015613555908,-0.2781980633735657,-0.06298736262976945,-0.03699949383735657,-0.3922990560531616,-0.106194069272874,-0.05295611917972565,-0.4740791916847229,-0.14800908196627915,-0.06380556523799896,-0.553659051656723,-0.17465851236045182,-0.07060272991657257,-0.2234790325164795,-0.0727867760127765,-0.07318408787250519,-0.2221919298171997,-0.12225208956658662,-0.06482915580272675,-0.1525936722755432,-0.14178903926074327,-0.0561598539352417,-0.09440034627914429,-0.15170687962233842,-2.606638110740861,-1.403649389582003,-1.529578638793189,-1.7381249122954114,1.459367778321588,0.43205449899608367,0.4697355308269232,0.4012055486357141,0.058466192060641416,0.11827685838900705,0.20665101440007455,0.4810555491269791,0.12678638746016735,0.5247951185141362,0.4593223436394258,W
0.0,0.0,0.0,0.060939788818359375,-0.0036435723304748535,-0.04439659303716326,0.09067881107330322,-0.05084800720214844,-0.07199692613176012,0.0071936845779418945,-0.08543550968170166,-0.09616531318715715,-0.07109382748603821,-0.11191236972808838,-0.12574560827306414,0.08668598532676697,-0.2715609669685364,-0.0634321857123723,0.11594486236572266,-0.3958178162574768,-0.08872571474603319,0.12819677591323853,-0.4702762961387634,-0.10540629810384416,0.1403682827949524,-0.5390247106552124,-0.11993057912877703,0.026292502880096436,-0.2997995615005493,-0.0719042185573926,0.03470093011856079,-0.4378229081630707,-0.09360035395911837,0.03665626049041748,-0.5273600220680237,-0.12016691899589205,0.03977847099304199,-0.6035971641540527,-0.14034969991735124,-0.02914053201675415,-0.2757568359375,-0.08281615263513231,-0.05429196357727051,-0.3810998797416687,-0.12651601320794725,-0.07263834774494171,-0.4610711932182312,-0.1689125735192647,-0.08165757358074188,-0.5380336046218872,-0.19853806382707262,-0.08258937299251556,-0.21572411060333252,-0.09475717580608034,-0.09225352108478546,-0.18204593658447266,-0.1428050387530675,-0.09033915400505066,-0.11318331956863403,-0.1627722371249547,-0.08242413401603699,-0.055551350116729736,-0.17522740251115465,-2.7806580227276285,-1.3727194277534827,-1.5264341592509578,-1.7684180314722269,1.569764697463183,0.4765933023624416,0.5040303598393028,0.426252154902435,0.05748861085202604,0.11953205423317902,0.22202806847452805,0.5323372533825294,0.13800468564600926,0.5615048449967613,0.4824828634545278,W
0.0,0.0,0.0,0.05881059169769287,-0.005277872085571289,-0.04383827632102566,0.08745968341827393,-0.05083262920379639,-0.07194808756742077,0.002207130193710327,-0.08266818523406982,-0.09651724135312634,-0.07642337679862976,-0.1104351282119751,-0.1268891084733923,0.08524546027183533,-0.26575565338134766,-0.06857813780936795,0.11587002873420715,-0.39272353053092957,-0.09267572199735241,0.12720227241516113,-0.46812570095062256,-0.10738283281955319,0.13738036155700684,-0.538482278585434,-0.12088229393395977,0.025268256664276123,-0.29706668853759766,-0.07708211129340725,0.03324258327484131,-0.43544507026672363,-0.10005255674752789,0.035331398248672485,-0.5252131819725037,-0.12725254779491024,0.03637099266052246,-0.6031910181045532,-0.14784663801822262,-0.029237747192382812,-0.2758171558380127,-0.08724491929444866,-0.055447906255722046,-0.38106459379196167,-0.13275472705993252,-0.07495041191577911,-0.46287477016448975,-0.17651979511413174,-0.08696858584880829,-0.5432937741279602,-0.20680418496760922,-0.08098408579826355,-0.21912211179733276,-0.09802567099961834,-0.08812354505062103,-0.18458139896392822,-0.14790001397761898,-0.08533371984958649,-0.1141355037689209,-0.16872332876357632,-0.07903647422790527,-0.0545499324798584,-0.1814751315656622,-2.792774985404313,-1.381913339223754,-1.5345435023357323,-1.7833705384614331,1.558962487908851,0.47847298928746645,0.5055006793323965,0.43298707691815946,0.055946254389296526,0.11995879948973853,0.224400536299388,0.530119573698614,0.1371143007233413,0.560647772000431,0.4888082048653759,W
0.0,0.0,0.0,0.06001719832420349,0.002969682216644287,-0.04474118109646952,0.09351596236228943,-0.03658801317214966,-0.07136281709972536,0.010275661945343018,-0.07316911220550537,-0.09340761732164538,-0.06906434893608093,-0.10186874866485596,-0.12062527369562304,0.09831714630126953,-0.2504291534423828,-0.06671380381885683,0.12458112835884094,-0.37891003489494324,-0.08760619293752825,0.13641387224197388,-0.4528459310531616,-0.10032712798420107,0.14792442321777344,-0.5248121321201324,-0.11234923582378542,0.04296174645423889,-0.2849016785621643,-0.07173576336208498,0.048918962478637695,-0.4214268922805786,-0.09113215785328066,0.049164652824401855,-0.5084495544433594,-0.11558400969806826,0.04777407646179199,-0.5862792432308197,-0.1341928405672661,-0.007102906703948975,-0.2677987813949585,-0.07847224306169664,-0.035267531871795654,-0.3716740012168884,-0.11999932061735308,-0.05612833797931671,-0.4498327672481537,-0.15983699392381823,-0.07047796249389648,-0.5289095640182495,-0.18691297005716478,-0.055236488580703735,-0.21754580736160278,-0.08607549350563204,-0.06031300127506256,-0.1956663727760315,-0.13097500931326067,-0.06179670989513397,-0.12566721439361572,-0.14764252435270464,-0.06218770146369934,-0.06634765863418579,-0.1572757674366585,-2.759768732375216,-1.39193271704634,-1.5548299058186488,-1.8089052347270147,1.6167381701340517,0.47535800492832175,0.49830186121977904,0.4270431550569357,0.036180604160605,0.11750871330942611,0.2184408181469497,0.5043181321218869,0.1314337278255885,0.5314324465684249,0.46263619047852744,W
0.0,0.0,0.0,0.0690256655216217,0.0026326775550842285,-0.04402723258954211,0.1057579517364502,-0.04032158851623535,-0.0683461250982873,0.024995863437652588,-0.08246266841888428,-0.08808319738727732,-0.055447980761528015,-0.10338765382766724,-0.11272395125251933,0.10389947891235352,-0.25215375423431396,-0.0630217688403718,0.1351851522922516,-0.3797583281993866,-0.0843567149959199,0.147709459066391,-0.45167768001556396,-0.09835401645523234,0.15914365649223328,-0.5221985280513763,-0.11158696285110636,0.04915770888328552,-0.28348439931869507,-0.068847258599817,0.058020561933517456,-0.4222676753997803,-0.08855373135429545,0.057262569665908813,-0.5088629722595215,-0.11479641965252085,0.05693095922470093,-0.5915834009647369,-0.13541774919849559,-0.0013976991176605225,-0.26473498344421387,-0.0766556458793275,-0.022856205701828003,-0.3692499101161957,-0.11980680844408198,-0.04487268626689911,-0.45027706027030945,-0.16196445098739787,-0.05787080526351929,-0.5353420972824097,-0.19039424231868907,-0.048262402415275574,-0.21213912963867188,-0.08534549644809886,-0.05506490170955658,-0.18929684162139893,-0.13136409691196604,-0.05769546329975128,-0.12350976467132568,-0.1496415632091157,-0.05931760370731354,-0.06988006830215454,-0.16069624296051188,-2.768683028740691,-1.369006448380977,-1.545571961883097,-1.7765339027972853,1.6483522092119522,0.47058699423940453,0.5009631859479797,0.4319612381902614,0.03373028712436492,0.1235382372867098,0.2174121202308417,0.5023119660508621,0.12783790271080225,0.5344979847436317,0.4654642775210068,W
0.0,0.0,0.0,0.06322818994522095,0.0061141252517700195,-0.043614306181780194,0.09647828340530396,-0.0309026837348938,-0.06842055606853137,0.014929980039596558,-0.07301980257034302,-0.08854199635993609,-0.061654165387153625,-0.09597420692443848,-0.11333084541570315,0.1012302041053772,-0.24844712018966675,-0.06291050899039874,0.13907361030578613,-0.36903470754623413,-0.0830856456161655,0.1571548879146576,-0.4396055042743683,-0.09669410872470507,0.17353981733322144,-0.50572070479393,-0.10941935020696292,0.04983919858932495,-0.2796843647956848,-0.06815075564395556,0.06247478723526001,-0.4131033718585968,-0.08643604505073199,0.06798389554023743,-0.49801939725875854,-0.11148123133193621,0.0716911256313324,-0.5760446190834045,-0.1308376385570682,0.0018135607242584229,-0.2608795762062073,-0.07522608029853473,-0.020212441682815552,-0.3665900230407715,-0.1158697574139751,-0.040506720542907715,-0.443767249584198,-0.15546760398160586,-0.05263054370880127,-0.524541825056076,-0.1819238408209003,-0.04412126541137695,-0.2088090181350708,-0.08325054931651721,-0.05443201959133148,-0.18804770708084106,-0.12663388687383303,-0.05747218430042267,-0.12225264310836792,-0.14284834700833926,-0.059561312198638916,-0.06864356994628906,-0.1520820303560413,-2.751211851417135,-1.2968038777483823,-1.497195180100466,-1.774426182105231,1.6805098567614063,0.47244936450818237,0.4982454889582888,0.42866260515610544,0.02741065034069904,0.12376836802018436,0.22695212442671928,0.49535094468028634,0.134567511904393,0.5241021151471876,0.4559509343822076,W
0.0,0.0,0.0,0.06877601146697998,0.006446480751037598,-0.04617975980784195,0.1008874773979187,-0.03213608264923096,-0.07186471999432342,0.022348612546920776,-0.07666993141174316,-0.09292000115658539,-0.05339460074901581,-0.09590709209442139,-0.11845063746716278,0.10549691319465637,-0.2466738224029541,-0.06365255594994323,0.14320674538612366,-0.3653317093849182,-0.08583613813664215,0.16202658414840698,-0.43532872200012207,-0.10097314745928543,0.1774071455001831,-0.4995529353618622,-0.11441347331549423,0.05468857288360596,-0.27276521921157837,-0.06718217165018814,0.06911778450012207,-0.40797796845436096,-0.08697845370318191,0.07341980934143066,-0.4916588366031647,-0.11061832637335556,0.07560166716575623,-0.5668633878231049,-0.1286848667338063,0.006938159465789795,-0.2516639828681946,-0.07332299233223694,-0.013121187686920166,-0.35796016454696655,-0.11390355557944076,-0.03354752063751221,-0.4329586327075958,-0.1507962825968434,-0.045114755630493164,-0.5069056153297424,-0.1743740472271611,-0.036916956305503845,-0.19828170537948608,-0.08109190643574493,-0.049361541867256165,-0.18370521068572998,-0.12444035292412536,-0.053491994738578796,-0.1265033483505249,-0.14098042578245895,-0.0561433881521225,-0.07910096645355225,-0.14976899654413955,-2.7496391283064443,-1.2937436012506516,-1.4998065897246393,-1.7719734617899634,1.7307399697898918,0.46497248613091396,0.48830305100667026,0.4110819163339607,0.017029436022492267,0.12204528843605013,0.22264334345657077,0.48096331453464425,0.134786457832709,0.5052414663316936,0.4279467821299484,W
0.0,0.0,0.0,0.0646173357963562,0.0037854909896850586,-0.04275590445956823,0.09438616037368774,-0.036601901054382324,-0.06626626368722555,0.013863623142242432,-0.08191514015197754,-0.08539504077396032,-0.057125017046928406,-0.10902756452560425,-0.10872276391944524,0.10160070657730103,-0.2485617995262146,-0.059668923580261435,0.13767436146736145,-0.36815324425697327,-0.0809821289416277,0.15609845519065857,-0.43724843859672546,-0.09450722005328771,0.17165124416351318,-0.5012468993663788,-0.1066651221748316,0.051645874977111816,-0.2750873565673828,-0.06566776599845525,0.06697285175323486,-0.4114503860473633,-0.08475367989501592,0.07256197929382324,-0.49455416202545166,-0.10743581768235799,0.07591292262077332,-0.569596529006958,-0.12450032945832845,0.0038625597953796387,-0.25426363945007324,-0.07442248877248403,-0.01475563645362854,-0.36061209440231323,-0.1167097490664446,-0.032514750957489014,-0.43808433413505554,-0.15604598339757558,-0.041020408272743225,-0.5180310904979706,-0.18145928796491262,-0.04080308973789215,-0.20042634010314941,-0.08424014117679235,-0.05463629961013794,-0.1796373724937439,-0.12914582606515523,-0.06088434159755707,-0.11945754289627075,-0.14714216705522176,-0.06473638117313385,-0.07135742902755737,-0.15735402222833272,-2.695681593392928,-1.300363057968744,-1.4885837766220351,-1.7393430859042087,1.754144155278061,0.45406451558822325,0.4793984401668966,0.40932046452821985,0.03843139305701653,0.1176328954154636,0.21333293421764407,0.490595623829332,0.1277982719854881,0.517710756509843,0.44730281378725684,W
0.0,0.0,0.0,0.06225240230560303,0.0016183257102966309,-0.04178525865484062,0.09285980463027954,-0.03766137361526489,-0.06493024513531509,0.014040917158126831,-0.08023661375045776,-0.0838150380592424,-0.05650489032268524,-0.10998839139938354,-0.10675149396467987,0.09616804122924805,-0.2472078800201416,-0.06119446441937271,0.13324621319770813,-0.36270254850387573,-0.08170768604088607,0.15257185697555542,-0.4321097731590271,-0.09403383717346969,0.1701064109802246,-0.4972492456436157,-0.10552196190167251,0.046983689069747925,-0.2758198380470276,-0.06698474273491684,0.06150224804878235,-0.4086018204689026,-0.08449598387289825,0.06867274641990662,-0.4919341206550598,-0.10615470245886627,0.07332634925842285,-0.5660524666309357,-0.12308173612166229,-0.0002008676528930664,-0.255073606967926,-0.07508739814568344,-0.02354806661605835,-0.36230361461639404,-0.11386084542084518,-0.040626198053359985,-0.4362226128578186,-0.15215536192465606,-0.049892574548721313,-0.5100597143173218,-0.1782337798218805,-0.044597327709198,-0.20112967491149902,-0.08434893176365676,-0.0576612651348114,-0.1766446828842163,-0.12741821244765106,-0.05689045786857605,-0.11713039875030518,-0.14668408766794983,-0.05570042133331299,-0.06922322511672974,-0.158446974907406,-2.6906396275139617,-1.283284955187847,-1.4802803913412126,-1.7632640515099463,1.6547723702716033,0.4486910419299349,0.47418413247174135,0.40012596284320745,0.040773103296257406,0.11874453067449356,0.22037164459477396,0.48393697912802275,0.13534434415905422,0.5133100454432132,0.4408747455853839,W
0.0,0.0,0.0,0.06472808122634888,-0.00030791759490966797,-0.041881615101829084,0.09829878807067871,-0.04558300971984863,-0.06247966158343843,0.019907116889953613,-0.08528435230255127,-0.07862054350925973,-0.05283896625041962,-0.11089611053466797,-0.09851158204628518,0.10135480761528015,-0.25542837381362915,-0.05256204473926118,0.13506343960762024,-0.37233906984329224,-0.0710185894663482,0.15301412343978882,-0.440294086933136,-0.08295812252117685,0.17031198740005493,-0.5047925412654877,-0.09443553331448129,0.05092942714691162,-0.2849438190460205,-0.058339716672435316,0.06453734636306763,-0.418957382440567,-0.07419213446928552,0.07130497694015503,-0.5006270408630371,-0.09537173601938775,0.0759592056274414,-0.5747480392456055,-0.1113948056395202,0.0022764503955841064,-0.26649272441864014,-0.06728210839582971,-0.01855608820915222,-0.371354341506958,-0.10694497618032983,-0.03533467650413513,-0.4440295994281769,-0.1458157056863456,-0.044684335589408875,-0.5200627446174622,-0.1711954677398353,-0.043562501668930054,-0.2137976884841919,-0.07746271583391717,-0.05325481295585632,-0.18655478954315186,-0.12259270045115045,-0.05249214172363281,-0.12223184108734131,-0.14185578170372537,-0.05211785435676575,-0.07288414239883423,-0.15268502178741983,-2.7336875325026835,-1.3010063571192267,-1.4846422337923035,-1.7539200120277512,1.6314353787049172,0.45271486198002786,0.4814016834701928,0.4092478863083604,0.038018807502640174,0.11745730767336997,0.2155379270787406,0.48581879288014423,0.13245884449861658,0.5179489398120483,0.4472403822146101,W
0.0,0.0,0.0,0.07243040204048157,0.003614187240600586,-0.040382975651709785,0.10831215977668762,-0.035894036293029785,-0.06149204628059124,0.034251511096954346,-0.0781744122505188,-0.07847549946495747,-0.040290623903274536,-0.10134506225585938,-0.09946367324778294,0.10671284794807434,-0.24768483638763428,-0.05580391169974064,0.1441161334514618,-0.36162468791007996,-0.07569834025093769,0.16080743074417114,-0.4321453869342804,-0.0890289190549538,0.1761963963508606,-0.49792003631591797,-0.10122154088207935,0.05557730793952942,-0.27997779846191406,-0.06174966873118137,0.07126519083976746,-0.40956467390060425,-0.0776381287116692,0.07852697372436523,-0.49083375930786133,-0.09980204881617283,0.08255979418754578,-0.5635418593883514,-0.11707233817764973,0.006563723087310791,-0.2629653215408325,-0.07001093210169529,-0.012068212032318115,-0.3654358685016632,-0.1078602093596146,-0.028300076723098755,-0.4371289610862732,-0.14638069452234959,-0.03905731439590454,-0.5103074908256531,-0.17183058144041752,-0.03929141163825989,-0.21035945415496826,-0.07943621458002781,-0.04838337004184723,-0.1840418577194214,-0.12218339176365589,-0.04925967752933502,-0.1230812668800354,-0.14075288356730198,-0.052103400230407715,-0.07502156496047974,-0.15118655742594456,-2.7267148619671966,-1.2999467893828631,-1.4759271510401621,-1.753191449370514,1.6651817233241712,0.45181671061310963,0.4782448164953002,0.40896428821358544,0.02885252492269502,0.11434175496309586,0.21560985371611102,0.4805870516293743,0.1327577459000715,0.5067408154063988,0.43548138606822495,W
0.0,0.0,0.0,0.06849214434623718,-0.004439592361450195,-0.03625550121512333,0.10428068041801453,-0.04935455322265625,-0.055349301551245844,0.02813035249710083,-0.08179360628128052,-0.07169149071421543,-0.04755759239196777,-0.10337698459625244,-0.09247338027205387,0.10384330153465271,-0.25207769870758057,-0.047059781853818095,0.13879337906837463,-0.36816442012786865,-0.0642431080385677,0.15675604343414307,-0.43818825483322144,-0.07556281984295765,0.17263320088386536,-0.5016047358512878,-0.08672017604556004,0.05200159549713135,-0.28589433431625366,-0.05430630967464367,0.06582850217819214,-0.4155856966972351,-0.06997054815735737,0.07251805067062378,-0.49788010120391846,-0.0918385088488094,0.07469907402992249,-0.5670981109142303,-0.10852867365326802,0.002795577049255371,-0.27013325691223145,-0.06400687993016163,-0.018709808588027954,-0.37714576721191406,-0.10172382742609898,-0.03448086977005005,-0.4507647752761841,-0.14155224711146275,-0.04630094766616821,-0.5224615037441254,-0.16853930801596562,-0.043434977531433105,-0.22121107578277588,-0.07452242076840321,-0.051791101694107056,-0.19602292776107788,-0.11936400086131016,-0.04924309253692627,-0.1320350170135498,-0.140580855314397,-0.048397719860076904,-0.0802159309387207,-0.1531587615653507,-2.7997696756111172,-1.3017969709958164,-1.4902555196804461,-1.762969208830641,1.6059797681418968,0.4550487087258715,0.4795664453214042,0.4190864031979214,0.023176285739732665,0.11781542929421186,0.21992536499518164,0.47583946119521914,0.12897066313744646,0.5022022280353817,0.4422505433796703,W
0.0,0.0,0.0,0.06267708539962769,0.0030931830406188965,-0.04284792945304616,0.09960794448852539,-0.03737109899520874,-0.06622814193883642,0.024710267782211304,-0.08029818534851074,-0.08583252683797582,-0.04433128237724304,-0.11661267280578613,-0.10940942720094426,0.10906100273132324,-0.24279308319091797,-0.055424263631493886,0.1471651792526245,-0.350228488445282,-0.07654225633064016,0.1665566861629486,-0.41922056674957275,-0.09085007563749059,0.18320327997207642,-0.48347538709640503,-0.10373630181470617,0.05995410680770874,-0.27759283781051636,-0.06028187826791509,0.0803026556968689,-0.40425920486450195,-0.0795028562895368,0.08925986289978027,-0.48878586292266846,-0.10335044369617208,0.09192013740539551,-0.5618681311607361,-0.12128598049798711,0.012031704187393188,-0.2647210955619812,-0.06792890832343801,-0.0053879618644714355,-0.3687593340873718,-0.10720646188178762,-0.020835578441619873,-0.43895894289016724,-0.1445893551460813,-0.034325629472732544,-0.506525307893753,-0.16917299286046728,-0.03462103009223938,-0.22020936012268066,-0.07698342755952581,-0.03997957706451416,-0.2003953456878662,-0.12222301021733983,-0.03924432396888733,-0.1410377025604248,-0.14221053377309545,-0.04048967361450195,-0.09458297491073608,-0.15325783744970067,-2.638349494957524,-1.2719703164172538,-1.4588192621971532,-1.7602123551727065,1.6174774444089244,0.43169460061503734,0.4656359872128242,0.39004099283445526,0.022362145407655805,0.12032470419155288,0.2187467149307891,0.4486377667337819,0.13784346825949778,0.4856827928863775,0.4119884478279367,W
0.0,0.0,0.0,0.0636160671710968,0.007445216178894043,-0.04666541453332229,0.1017223596572876,-0.027473509311676025,-0.07212484564513488,0.02824026346206665,-0.07197284698486328,-0.09274313535422607,-0.04269510507583618,-0.10447746515274048,-0.11728078808516784,0.11209103465080261,-0.23630410432815552,-0.06202360551685615,0.1524856984615326,-0.3450016677379608,-0.08502652432650848,0.17249643802642822,-0.41489720344543457,-0.10060378845662399,0.18887534737586975,-0.4790381193161011,-0.11416137900084777,0.06216323375701904,-0.26862895488739014,-0.0658127435657434,0.08231404423713684,-0.39810675382614136,-0.08682445373267456,0.09003075957298279,-0.48289233446121216,-0.11202137853831573,0.09254828095436096,-0.5571640729904175,-0.13077124144763275,0.0137673020362854,-0.25379157066345215,-0.07239779766530319,-0.0037550628185272217,-0.35943567752838135,-0.11297073896855636,-0.020688116550445557,-0.4327343702316284,-0.15099791373938842,-0.033334314823150635,-0.5038402080535889,-0.17561299290389343,-0.033113062381744385,-0.20703482627868652,-0.08058439876765533,-0.04169604182243347,-0.1917843222618103,-0.12481804873675628,-0.041658997535705566,-0.13405072689056396,-0.14351788844794555,-0.0432550311088562,-0.08766013383865356,-0.15379651572436615,-2.6517361003983644,-1.2644250400681623,-1.4658750685047823,-1.7569844233354044,1.655551913645102,0.4403641199007617,0.4724573402758134,0.39947243310577,0.016826649984183477,0.12402648250633894,0.22358952922787992,0.45503982257803244,0.136710871884739,0.4887499242417975,0.4162983002429514,W
0.0,0.0,0.0,0.06967779994010925,0.005129396915435791,-0.045663030907235225,0.11330395936965942,-0.03280806541442871,-0.06909306170018681,0.043034106492996216,-0.08286017179489136,-0.087800851180873,-0.02923688292503357,-0.11219358444213867,-0.10980358542474278,0.12100633978843689,-0.24054092168807983,-0.056234007790408214,0.16250762343406677,-0.348524808883667,-0.07603212268622883,0.1833387315273285,-0.4185730814933777,-0.09056795956166752,0.1999901533126831,-0.48317664861679077,-0.10389093877347477,0.0697128176689148,-0.27731525897979736,-0.05846210764320858,0.09050747752189636,-0.4062510132789612,-0.07640487523349293,0.10095736384391785,-0.49000608921051025,-0.10139510603221424,0.10467007756233215,-0.5643709897994995,-0.12063625277551182,0.021981358528137207,-0.2660696506500244,-0.06332392813237675,0.0035505294799804688,-0.37096941471099854,-0.09998015136989125,-0.013962775468826294,-0.44111698865890503,-0.13639637650521763,-0.029975175857543945,-0.5077548027038574,-0.15981229962380894,-0.023086071014404297,-0.22324776649475098,-0.07009945632489689,-0.02741825580596924,-0.21752464771270752,-0.11192899765046604,-0.024939507246017456,-0.1675337553024292,-0.13052335204156407,-0.02695220708847046,-0.12896311283111572,-0.14038783134492405,-2.6334431525335003,-1.25609033277456,-1.4496143686162193,-1.782549654411082,1.6117783027674866,0.43608883045400454,0.4715882525918982,0.39556190725239115,0.016924444630973347,0.12521356907758344,0.23127502735638897,0.42067810006968126,0.14606415340442502,0.45486750284320393,0.3788037521683571,W
0.0,0.0,0.0,0.06408745050430298,0.0057187676429748535,-0.04452446891002637,0.10436266660690308,-0.027771055698394775,-0.06841304941110593,0.035769253969192505,-0.07107043266296387,-0.08763443721466047,-0.0343686044216156,-0.10215693712234497,-0.11070645643405896,0.11353927850723267,-0.23608678579330444,-0.061330855321216404,0.1567990779876709,-0.3413577675819397,-0.08108963860206586,0.1778363287448883,-0.409290611743927,-0.09458209617071134,0.19523242115974426,-0.4737586975097656,-0.10700149131946546,0.06285667419433594,-0.27358585596084595,-0.0649859462492941,0.08595588803291321,-0.3984362483024597,-0.0817347769253729,0.09667730331420898,-0.48076969385147095,-0.10514569325380307,0.10125255584716797,-0.5553329885005951,-0.12335942728452665,0.013863712549209595,-0.261515736579895,-0.07067735536031705,-0.006327807903289795,-0.3656792640686035,-0.10641682935886365,-0.023798853158950806,-0.4359140694141388,-0.14171666694812757,-0.03727865219116211,-0.5037919580936432,-0.16512400699787122,-0.03391370177268982,-0.2162390947341919,-0.07809553338222486,-0.03785756230354309,-0.2044702172279358,-0.11845549238853437,-0.035530030727386475,-0.14539599418640137,-0.1347183514945982,-0.03670886158943176,-0.09571069478988647,-0.14344943357639295,-2.649416374098148,-1.2397249985489827,-1.435352875224837,-1.7788333482307201,1.5939830519556881,0.43681174351320073,0.47303449414966925,0.40164556321293554,0.006857903748252441,0.12444508843191242,0.2344427349526738,0.44352795966412645,0.14780857017091203,0.47988124111805897,0.4080816610936098,W
0.0,0.0,0.0,0.05731767416000366,0.011055290699005127,-0.05210297620601523,0.0891246497631073,-0.015520215034484863,-0.08277186444706786,0.01784616708755493,-0.052706360816955566,-0.10836635223336089,-0.05106478929519653,-0.08873623609542847,-0.13761759242720473,0.10402455925941467,-0.21999943256378174,-0.07309290460057127,0.14261257648468018,-0.32746005058288574,-0.09898251733488905,0.16376101970672607,-0.3981938362121582,-0.11598525634713042,0.1810380518436432,-0.463747501373291,-0.13048591158099043,0.0527004599571228,-0.25977712869644165,-0.07337899944491255,0.07239881157875061,-0.3858609199523926,-0.09617687455124724,0.08086633682250977,-0.47035256028175354,-0.12172764233059752,0.0845358669757843,-0.5406251847743988,-0.1414054378003584,0.004241228103637695,-0.25180965662002563,-0.07628354868597853,-0.01880711317062378,-0.35744035243988037,-0.11385470322079527,-0.03664717078208923,-0.4227522015571594,-0.1474951549500929,-0.05222013592720032,-0.4823605418205261,-0.16974625429816115,-0.042450010776519775,-0.21262913942337036,-0.08161610803313124,-0.04927074909210205,-0.22474825382232666,-0.12295311382717955,-0.045944005250930786,-0.1816127896308899,-0.13969217679209578,-0.046764105558395386,-0.14318078756332397,-0.14857019922442305,-2.660292203389044,-1.2647666794486145,-1.4579235678579507,-1.8109670185762738,1.6328360780881164,0.4410274117898171,0.47179567602862343,0.3936260012796477,0.05461414711541607,0.12338091379703497,0.23399963127498405,0.39326433975119646,0.14865050604872962,0.41857105927423,0.33922363414915735,W
0.0,0.0,0.0,0.06363457441329956,0.007891952991485596,-0.04417908499215173,0.10043951869010925,-0.022490739822387695,-0.07029794464085626,0.028072327375411987,-0.05872368812561035,-0.09296861598465966,-0.04289671778678894,-0.08929646015167236,-0.11962167481158303,0.11038783192634583,-0.22738033533096313,-0.05992479557369279,0.1499803066253662,-0.3356178402900696,-0.08163541862938928,0.171269953250885,-0.4056822955608368,-0.09631064841721582,0.18931293487548828,-0.4702296853065491,-0.10939946333144235,0.057830482721328735,-0.2651461362838745,-0.06389943817828225,0.07903209328651428,-0.3913450241088867,-0.08398167351458596,0.08987915515899658,-0.4757609963417053,-0.10867463359807061,0.0941547155380249,-0.5463653206825256,-0.1271930516717248,0.008674860000610352,-0.2538721561431885,-0.07014722684596109,-0.009545654058456421,-0.35730940103530884,-0.10764080593560266,-0.024716824293136597,-0.4258938133716583,-0.14284062693093347,-0.039572954177856445,-0.4894794821739197,-0.1656289131400399,-0.03800278902053833,-0.21134400367736816,-0.07805280694935846,-0.03818994760513306,-0.20670509338378906,-0.11996753076289224,-0.03509277105331421,-0.15478545427322388,-0.13692175159428643,-0.037258267402648926,-0.11058151721954346,-0.1456321955678277,-2.705449834322597,-1.2565679129727318,-1.4423405855615954,-1.772784381717607,1.5634075842645365,0.4461294036671775,0.4771740129589608,0.4001968247242681,0.022019213816958542,0.12186764000989124,0.2296939374192864,0.4250662472016563,0.14532408014664,0.45516688746659606,0.3789050350964408,W
0.0,0.0,0.0,0.06489914655685425,0.006645798683166504,-0.04464076297711017,0.10073083639144897,-0.022881686687469482,-0.07113493817280414,0.029667139053344727,-0.06094318628311157,-0.09386355268190982,-0.044161200523376465,-0.08646678924560547,-0.12098268257807376,0.11037424206733704,-0.22811996936798096,-0.06144954102467182,0.14813780784606934,-0.3379637598991394,-0.08359400021265628,0.16898226737976074,-0.4060140550136566,-0.09987086641024234,0.18726372718811035,-0.46981507539749146,-0.11428268837164524,0.0599384605884552,-0.265311062335968,-0.0653977303428519,0.08163782954216003,-0.39157089591026306,-0.08597305255364063,0.09241509437561035,-0.4756789803504944,-0.11243238138388278,0.09766563773155212,-0.5495328605175018,-0.13258643286656024,0.011656194925308228,-0.2555873990058899,-0.0713961257262099,-0.006471186876296997,-0.36569565534591675,-0.10823395686577442,-0.022717833518981934,-0.4370688796043396,-0.14404982166718128,-0.03636929392814636,-0.5034916698932648,-0.16774678068588855,-0.03560870885848999,-0.21529775857925415,-0.07910834091137531,-0.03887417912483215,-0.2204838991165161,-0.11943922030161502,-0.03494870662689209,-0.17088186740875244,-0.1353382005019057,-0.03413856029510498,-0.12673455476760864,-0.1438480301422942,-2.728054102795259,-1.2627942790303035,-1.4388292763461674,-1.7621519261639014,1.5541978583056417,0.44778723258022346,0.484298501352811,0.41709766828356076,0.041496340287793976,0.11992807385556377,0.22615446303448639,0.4083175437554352,0.1417221018017916,0.4428665193514073,0.37676371902075245,W
0.0,0.0,0.0,0.06101268529891968,0.008287250995635986,-0.04208128921948173,0.0933123230934143,-0.026253044605255127,-0.0671239534791539,0.014921426773071289,-0.056342124938964844,-0.08851177640519836,-0.05785359442234039,-0.08691924810409546,-0.1148747394259999,0.10021841526031494,-0.23377269506454468,-0.06343024619184234,0.13725131750106812,-0.35384222865104675,-0.0869424457129071,0.1563168168067932,-0.42400461435317993,-0.10169814177118042,0.17411518096923828,-0.49024006724357605,-0.11514448024593094,0.048553645610809326,-0.2747543454170227,-0.07095355190597274,0.06436383724212646,-0.40920788049697876,-0.09184418268762329,0.0720069408416748,-0.49262386560440063,-0.11657874681316116,0.07705631852149963,-0.5667825043201447,-0.13540228851400116,-0.001614987850189209,-0.26444733142852783,-0.0806245917852948,-0.02543225884437561,-0.37233513593673706,-0.12384349502883651,-0.044598937034606934,-0.44365713000297546,-0.16418648906312683,-0.05579271912574768,-0.517439991235733,-0.19160382099710205,-0.04971793293952942,-0.2179774045944214,-0.09129278011880615,-0.06651495397090912,-0.18479591608047485,-0.14232971914373138,-0.06775647401809692,-0.11689561605453491,-0.16437194891534546,-0.06737200915813446,-0.0642586350440979,-0.17699071415029266,-2.7599471687223027,-1.2902617409764048,-1.4735020143766062,-1.781757455736837,1.685141941474493,0.4652710993689704,0.4984670794313143,0.4305256757425805,0.02457851914451954,0.12360892950458521,0.2315112921463339,0.48966952485766607,0.1417164436516986,0.5228668865289761,0.453329263954296,W
0.0,0.0,0.0,0.051646918058395386,0.016426146030426025,-0.04693904413090877,0.08060464262962341,-0.015297472476959229,-0.07535319669352702,0.001399993896484375,-0.041728317737579346,-0.09879447413788967,-0.06921397149562836,-0.08286339044570923,-0.12808244569407634,0.09430453181266785,-0.22909897565841675,-0.07152660830126933,0.12926605343818665,-0.34528958797454834,-0.09858727349148921,0.14744031429290771,-0.4141485095024109,-0.11558238310919933,0.16356852650642395,-0.4814735949039459,-0.1299095068703764,0.04022517800331116,-0.2704851031303406,-0.07646333320246868,0.054939717054367065,-0.3992438018321991,-0.10167392237292461,0.06131613254547119,-0.48153507709503174,-0.1295948688517683,0.06735321879386902,-0.5567876398563385,-0.14945878727542095,-0.009856373071670532,-0.25793248414993286,-0.08334408594475917,-0.03666600584983826,-0.3549906313419342,-0.13180019600497417,-0.05518466234207153,-0.4329848885536194,-0.17695081873046092,-0.0643790066242218,-0.5124423503875732,-0.207277378870117,-0.057352811098098755,-0.20973950624465942,-0.09060481829749278,-0.07249768078327179,-0.1737176775932312,-0.145439079834091,-0.07210195064544678,-0.09978073835372925,-0.16824860019789867,-0.06696781516075134,-0.0395849347114563,-0.1810688291321867,-2.7179200675051036,-1.3029423274085183,-1.476325320041657,-1.7818325777108084,1.6272437655419367,0.4616034948679578,0.4932086694726646,0.4296061681471081,0.04333670440887722,0.12218670469945837,0.23004160857669106,0.4984100649425111,0.13899598523580195,0.5343601579195648,0.47286450225147464,W
0.0,0.0,0.0,0.05186516046524048,0.0075376033782958984,-0.04435716821069491,0.08057472109794617,-0.02687603235244751,-0.0713701049816109,0.0032801926136016846,-0.05661553144454956,-0.09423699481601489,-0.06982220709323883,-0.08579254150390625,-0.12270368142242205,0.09311357140541077,-0.2353525161743164,-0.06843059761638415,0.1293717324733734,-0.35759270191192627,-0.09274356318826449,0.148455411195755,-0.429294228553772,-0.10888047767991793,0.16715040802955627,-0.498429536819458,-0.1238130803238846,0.04142776131629944,-0.27540624141693115,-0.07544608665818942,0.05196449160575867,-0.4086223542690277,-0.09726656479949725,0.05691218376159668,-0.49138855934143066,-0.12392187370176089,0.06145933270454407,-0.5668741166591644,-0.14464102192039263,-0.008508294820785522,-0.26333945989608765,-0.08434631927127612,-0.03530612587928772,-0.37405046820640564,-0.1294600467216469,-0.05786389112472534,-0.4483652114868164,-0.17203720910663378,-0.07157337665557861,-0.5262611508369446,-0.20158467693443072,-0.05600583553314209,-0.21604132652282715,-0.09411048395747912,-0.07454152405261993,-0.18446063995361328,-0.1466956834327675,-0.07695463299751282,-0.11470383405685425,-0.16972617311591875,-0.07656119763851166,-0.06029641628265381,-0.1835256020557381,-2.768227089249538,-1.2964653512414446,-1.5021777119596602,-1.8062113918852958,1.7020188691443703,0.4758416860902196,0.4986725625553718,0.4404720903787399,0.026371696852251686,0.125917687053056,0.24034068343335674,0.5013541443417274,0.13909390623809395,0.5250434585012294,0.4659914293272017,W
0.0,0.0,0.0,0.05390059947967529,0.006657898426055908,-0.04514329284302221,0.08421990275382996,-0.033594369888305664,-0.07177696153394209,0.001606285572052002,-0.0656881332397461,-0.09413452222815977,-0.07185713946819305,-0.10115545988082886,-0.12189583256713377,0.0932689905166626,-0.24876677989959717,-0.06467077657453046,0.12561434507369995,-0.3722567558288574,-0.09051324203483091,0.1433856189250946,-0.4443728029727936,-0.10762598886958585,0.16092079877853394,-0.5134100914001465,-0.12256827726832853,0.03976482152938843,-0.2844691872596741,-0.07100422456733213,0.04567056894302368,-0.41846224665641785,-0.09496532901994215,0.050359517335891724,-0.50201016664505,-0.12238219901792036,0.056618958711624146,-0.5778074562549591,-0.14245017394296156,-0.009726256132125854,-0.26965051889419556,-0.0799561344074391,-0.03778308629989624,-0.3816704750061035,-0.12731145843736158,-0.058351531624794006,-0.46134573221206665,-0.171983843295493,-0.06986117362976074,-0.5425884127616882,-0.20234622582665907,-0.055943071842193604,-0.21953296661376953,-0.08962042406074033,-0.07157456874847412,-0.18791687488555908,-0.14464849755040632,-0.07278847694396973,-0.11744803190231323,-0.16892104372254835,-0.07028843462467194,-0.06288033723831177,-0.18298464044801221,-2.7330748629225337,-1.3205222160326289,-1.5134031082561012,-1.787656173632028,1.6621159809265353,0.47343368040679723,0.49366307685602123,0.4414374652980229,0.03830725581643523,0.12258015517035001,0.23261920218705137,0.5063938872024635,0.1312920595530253,0.5303352000218332,0.47970826579734815,W
0.0,0.0,0.0,0.05541577935218811,0.00016164779663085938,-0.04903800702174976,0.07721403241157532,-0.04923814535140991,-0.0777835241564162,-0.014239668846130371,-0.08766680955886841,-0.10195656782468632,-0.08541986346244812,-0.12500697374343872,-0.13118959879955128,0.08736154437065125,-0.2668841481208801,-0.06531452304204777,0.11484986543655396,-0.3922792673110962,-0.0914910129316695,0.13143271207809448,-0.46748360991477966,-0.10862163370927647,0.1478460729122162,-0.5369759798049927,-0.1238265550740607,0.03348064422607422,-0.2927999496459961,-0.07057841038783863,0.03396376967430115,-0.4418977200984955,-0.09561195886215046,0.03715318441390991,-0.5292169451713562,-0.12210127627929523,0.0432625412940979,-0.607346773147583,-0.14137376761516407,-0.014648467302322388,-0.26922857761383057,-0.07929120129426792,-0.04437708854675293,-0.39183783531188965,-0.1281409404285796,-0.06192333996295929,-0.4816235899925232,-0.17351032710155323,-0.06796947121620178,-0.5713626146316528,-0.2044455102690108,-0.05979081988334656,-0.21229541301727295,-0.08932894384940937,-0.07528716325759888,-0.18666410446166992,-0.14675307190498188,-0.07747532427310944,-0.12164068222045898,-0.17408385789474323,-0.0718425065279007,-0.07284581661224365,-0.19081371939262226,-2.7056068794250856,-1.3504904591120337,-1.5397079648150915,-1.745478902120194,1.6570053665637587,0.4734252412240961,0.4992102196301251,0.4466966245028903,0.05389926654967881,0.1260546057920277,0.21853784510273547,0.5134976926157939,0.11690774256306147,0.5467544646103014,0.49853184282455826,W
0.0,0.0,0.0,0.044973015785217285,0.002520263195037842,-0.05054589933547504,0.061904728412628174,-0.04303950071334839,-0.08132910928520687,-0.02793806791305542,-0.08551603555679321,-0.10692665180954464,-0.09628725051879883,-0.12731409072875977,-0.13754842630419262,0.08036693930625916,-0.25688403844833374,-0.07485014400276668,0.10971975326538086,-0.3864346742630005,-0.10380760035309322,0.12503784894943237,-0.4636315107345581,-0.12172900340351589,0.1388954222202301,-0.5346726179122925,-0.13677447489294536,0.02897244691848755,-0.2848546504974365,-0.07922844788822658,0.028798073530197144,-0.4351358413696289,-0.10638451031240947,0.028468042612075806,-0.5233010649681091,-0.1323919390777064,0.0321902334690094,-0.6011024117469788,-0.15149972787889965,-0.018115192651748657,-0.26290059089660645,-0.08657525679859646,-0.04901546239852905,-0.38460591435432434,-0.1342007314303828,-0.07083140313625336,-0.4710346460342407,-0.175458053264947,-0.07921035587787628,-0.5567401349544525,-0.20403722873720653,-0.06222960352897644,-0.20771807432174683,-0.0955068712571574,-0.08269423246383667,-0.18924522399902344,-0.1477456932404948,-0.08717967569828033,-0.12671828269958496,-0.17014277926477916,-0.08197091519832611,-0.07586872577667236,-0.1840524320939494,-2.6521003570662676,-1.3631392074161595,-1.5606217867425118,-1.77579569107718,1.7194185608403683,0.47037416938625587,0.4908990089876944,0.4297654567201787,0.05340021565557276,0.1256937341928887,0.21921930970648193,0.5091983409669373,0.11990872740985192,0.537497156032476,0.4808793329437082,W
0.0,0.0,0.0,0.05236741900444031,0.0008286833763122559,-0.05448104472327486,0.07497963309288025,-0.04656487703323364,-0.0835976193981196,-0.017018437385559082,-0.08999699354171753,-0.10628369854259745,-0.08825178444385529,-0.12594705820083618,-0.13286373422909037,0.08361616730690002,-0.2652745842933655,-0.07265628532934443,0.10903418064117432,-0.39139896631240845,-0.10194169388580576,0.12450361251831055,-0.47003045678138733,-0.12104133175182596,0.13852378726005554,-0.5420778095722198,-0.1366655419902827,0.03116244077682495,-0.2926672697067261,-0.07378327505159632,0.032178908586502075,-0.44245731830596924,-0.09740087048578516,0.03334242105484009,-0.5281320214271545,-0.11964077161121622,0.03509598970413208,-0.6045447587966919,-0.1363983939723994,-0.016235053539276123,-0.2708173394203186,-0.07881061391401545,-0.04161164164543152,-0.3823207914829254,-0.1232097040252711,-0.0607675164937973,-0.46145710349082947,-0.16002642021942393,-0.06972213089466095,-0.5434092581272125,-0.1850882063941981,-0.060448259115219116,-0.2132909893989563,-0.08648557619619623,-0.0758526623249054,-0.19305568933486938,-0.13771324263382212,-0.08313430845737457,-0.13336676359176636,-0.15816995905208842,-0.08420005440711975,-0.08511871099472046,-0.1700628738241221,-2.6889514008131914,-1.3749749460130885,-1.5581845144365283,-1.7645514325025597,1.754029253789912,0.47391134419693726,0.49423722280186794,0.41787323009259997,0.04102889776576654,0.12082809711603447,0.20825017450978395,0.5083478409708708,0.12134408864040733,0.5329493083547155,0.45851917720007257,W
0.0,0.0,0.0,0.04864907264709473,0.0009032487869262695,-0.05305430434464142,0.06541535258293152,-0.04643070697784424,-0.08298275016068146,-0.02647387981414795,-0.08531033992767334,-0.10660650722502396,-0.09557576477527618,-0.1285191774368286,-0.1348066195082538,0.07507339119911194,-0.25928938388824463,-0.07735938720225022,0.10331130027770996,-0.3881273865699768,-0.10708794139145539,0.11921414732933044,-0.4656229019165039,-0.12604309759854004,0.13407328724861145,-0.5372696816921234,-0.1418690099549167,0.02171275019645691,-0.28817635774612427,-0.07963966719626114,0.022094160318374634,-0.4348713755607605,-0.10675504199980423,0.022096365690231323,-0.5220470726490021,-0.133958370907294,0.02430829405784607,-0.600784957408905,-0.1542315199208133,-0.025477558374404907,-0.26756829023361206,-0.08485289804457352,-0.05719541013240814,-0.38383448123931885,-0.13347797237156556,-0.08173777163028717,-0.46641623973846436,-0.1758668138813846,-0.09497757256031036,-0.5523602366447449,-0.20497462294815705,-0.0682636946439743,-0.21222275495529175,-0.09176522634743378,-0.08703713119029999,-0.18992376327514648,-0.14592333279369996,-0.09208200871944427,-0.1262286901473999,-0.1691449447703235,-0.09181152284145355,-0.07615619897842407,-0.18332228205918,-2.6700608859294643,-1.3616550401865009,-1.5624936626221675,-1.810155730286291,1.7421600927464533,0.4688450296467139,0.4872444504506308,0.42384148133991606,0.0524981050169593,0.12681697039256046,0.2295474269687736,0.5134681989858592,0.12874032606736513,0.537325921623957,0.47621456231464504,W
0.0,0.0,0.0,0.04578700661659241,0.007340550422668457,-0.059585766563145626,0.05856388807296753,-0.036077916622161865,-0.09487950212690066,-0.03420695662498474,-0.07085388898849487,-0.1223796249124689,-0.1022384911775589,-0.11157286167144775,-0.15489863760205935,0.07158797979354858,-0.24566197395324707,-0.0915374920460863,0.0965203046798706,-0.3744840621948242,-0.12693069286081027,0.10863742232322693,-0.45464128255844116,-0.15029993064138125,0.12012213468551636,-0.5301348865032196,-0.16896460361215304,0.016588866710662842,-0.2762206792831421,-0.09124755270215701,0.01752224564552307,-0.4261612892150879,-0.12168635583850573,0.01741841435432434,-0.5113382935523987,-0.1479666770193262,0.02064347267150879,-0.5873819291591644,-0.16691703505250644,-0.031169503927230835,-0.2557303309440613,-0.09399362809392642,-0.060773611068725586,-0.3725004196166992,-0.14251697964402865,-0.08158580958843231,-0.45247364044189453,-0.18149789578649234,-0.08912551403045654,-0.5336191356182098,-0.20838501460286807,-0.07407325506210327,-0.19963353872299194,-0.09931408769818972,-0.09231609106063843,-0.17938923835754395,-0.1532537282201929,-0.0984543114900589,-0.11662149429321289,-0.17434416122171115,-0.09607557952404022,-0.0652267336845398,-0.18676700598928164,-2.702650408545962,-1.4018125732735305,-1.5577665022227178,-1.776407292227843,1.733056632691235,0.4739603533688143,0.4914206403305971,0.4222499348987585,0.04675409136565408,0.11477468400718305,0.20927665537526757,0.5127192625469752,0.12222793629487308,0.5350414799868985,0.46844396206969924,W
0.0,0.0,0.0,0.05429676175117493,0.011209368705749512,-0.05784533328517227,0.07874131202697754,-0.026639103889465332,-0.09288652024372368,-0.012643188238143921,-0.05579346418380737,-0.12099346301658898,-0.08790542185306549,-0.08390229940414429,-0.15495087734564095,0.07963201403617859,-0.24593055248260498,-0.09039100042684822,0.10601693391799927,-0.3776889741420746,-0.12361617914541512,0.11972573399543762,-0.456296443939209,-0.14568174413545876,0.13344770669937134,-0.5300412476062775,-0.16401987305982857,0.025271326303482056,-0.27233463525772095,-0.09321401051386147,0.02750900387763977,-0.4236019253730774,-0.12346939525707512,0.0268077552318573,-0.5145878791809082,-0.153353666580756,0.02971532940864563,-0.5987598598003387,-0.17589685849054604,-0.022712528705596924,-0.24823600053787231,-0.09852751127584725,-0.04538792371749878,-0.3546801805496216,-0.14943986169203072,-0.06696325540542603,-0.4364495575428009,-0.19156376055582314,-0.07479937374591827,-0.5243563652038574,-0.22038776210649758,-0.06587469577789307,-0.18890947103500366,-0.10585067949398308,-0.07825981080532074,-0.1631101369857788,-0.16023083559377937,-0.08328258991241455,-0.09922754764556885,-0.18021677962644844,-0.08083328604698181,-0.04830479621887207,-0.19231448105676918,-2.810612602997466,-1.3835961178006932,-1.5571830143318621,-1.757243581500789,1.6767852287917013,0.4980333007167867,0.5281220963228961,0.4406490129076484,0.03629321338604721,0.12442931230326419,0.20832466105076536,0.527244110870565,0.12829342611238986,0.5614461447027957,0.47608980710651977,W
0.0,0.0,0.0,0.053397148847579956,0.011866331100463867,-0.06095177714291822,0.07429692149162292,-0.0204620361328125,-0.09991663355890523,-0.017429471015930176,-0.04467928409576416,-0.13165528733793508,-0.094101682305336,-0.0721312165260315,-0.16942575235430013,0.07458662986755371,-0.2427923083305359,-0.09812291373077642,0.10038071870803833,-0.3725973665714264,-0.13551246781412374,0.11294764280319214,-0.45342880487442017,-0.16078832407060872,0.1249847412109375,-0.5293122231960297,-0.18140938539568197,0.01960703730583191,-0.27047300338745117,-0.10028906573120366,0.022525548934936523,-0.4205319583415985,-0.13306404311720144,0.021115660667419434,-0.510357677936554,-0.1633324738270403,0.02272394299507141,-0.593269407749176,-0.18629924614492666,-0.02836853265762329,-0.24476146697998047,-0.10492950339380513,-0.05351740121841431,-0.3532559871673584,-0.15574417669836293,-0.07691815495491028,-0.4327271580696106,-0.1961127336746813,-0.08662101626396179,-0.5166172981262207,-0.22440549392763387,-0.07091754674911499,-0.18298113346099854,-0.11204328794542562,-0.08462977409362793,-0.15748190879821777,-0.1667843725210787,-0.08951951563358307,-0.09690868854522705,-0.18679743666712056,-0.08658772706985474,-0.04803121089935303,-0.1990644450909258,-2.8438846992773836,-1.39668004837386,-1.561140677655495,-1.7818814396974296,1.6863970973631928,0.5069648250410919,0.5340723182099611,0.4445490266559051,0.025244203185815748,0.1206142292920338,0.21198622058769281,0.5257321771888617,0.13353601021825234,0.5560878820082574,0.46858608840932964,W
0.0,0.0,0.0,0.05443406105041504,0.010970234870910645,-0.05866420053018828,0.0721386969089508,-0.028000950813293457,-0.09452542074097892,-0.020596235990524292,-0.05101931095123291,-0.12306404270304938,-0.09303078055381775,-0.08215129375457764,-0.1572756559409072,0.06976538896560669,-0.23839408159255981,-0.09607994712962409,0.09969258308410645,-0.37038546800613403,-0.13111757643594046,0.11576101183891296,-0.4498613178730011,-0.15266394026650687,0.13112393021583557,-0.5252730846405029,-0.1705869228400161,0.01471516489982605,-0.2682909369468689,-0.09773243375195761,0.013594299554824829,-0.41847628355026245,-0.13143294461144706,0.01318928599357605,-0.5083113610744476,-0.16136897511853476,0.015933632850646973,-0.5917555391788483,-0.1833480686701705,-0.03161546587944031,-0.24541860818862915,-0.10139064647330542,-0.06696927547454834,-0.35863974690437317,-0.1549800873555114,-0.09520372748374939,-0.441311240196228,-0.19738675065411826,-0.10850951075553894,-0.5291717946529388,-0.22647007711304923,-0.07212947309017181,-0.18740719556808472,-0.10690254874600669,-0.08964809775352478,-0.15832054615020752,-0.16536801464928885,-0.09249559044837952,-0.09244221448898315,-0.18854121275319358,-0.08619119226932526,-0.04142731428146362,-0.20250868208779593,-2.82478776111444,-1.3600880613324473,-1.567029416353349,-1.8354299051439484,1.6668264628095855,0.49659063212889615,0.5211235269521223,0.4472884073079465,0.04129433946714705,0.13299895250912216,0.2396651538533341,0.5304079486160371,0.13929400945293416,0.5597237131161152,0.48825483660983066,W
0.0,0.0,0.0,0.05143067240715027,0.009173989295959473,-0.05560170165801992,0.06897798180580139,-0.029293060302734375,-0.09107269025946607,-0.024009525775909424,-0.050872623920440674,-0.11995353228951444,-0.09675395488739014,-0.08096730709075928,-0.15460385806466093,0.07009011507034302,-0.24478566646575928,-0.09140040404702177,0.09975403547286987,-0.37686020135879517,-0.12498716689253797,0.11521714925765991,-0.4542936086654663,-0.14591227896119108,0.13028013706207275,-0.5279255211353302,-0.16356765158081998,0.014239579439163208,-0.2744404077529907,-0.09517228282595624,0.014043241739273071,-0.425804078578949,-0.12758648819828977,0.013546794652938843,-0.5151298642158508,-0.15760592050457944,0.016729295253753662,-0.5984516739845276,-0.17964888043309202,-0.03282240033149719,-0.25042247772216797,-0.10078646666909208,-0.06626659631729126,-0.3632248044013977,-0.15425648219490995,-0.0945887565612793,-0.44479018449783325,-0.19740808434391965,-0.1084260642528534,-0.5326586961746216,-0.22691663033867826,-0.07486708462238312,-0.19128084182739258,-0.10784428990984907,-0.09140239655971527,-0.1602318286895752,-0.16624261863137235,-0.09440898895263672,-0.09123635292053223,-0.1889277142992114,-0.08887369930744171,-0.038516998291015625,-0.20247018761540403,-2.8393509748078594,-1.3613338789421225,-1.5631124371451506,-1.8325252904648077,1.6622287062458063,0.5013143963714085,0.5297815757857587,0.4518421727877428,0.04317553873663769,0.13367023569623215,0.23875312247624034,0.5362360545768345,0.14139511993814652,0.5698059612747924,0.49452837386974213,W
0.0,0.0,0.0,0.043555498123168945,0.010699748992919922,-0.06219378780451734,0.0623001754283905,-0.02990412712097168,-0.09943460222211797,-0.029672592878341675,-0.06335026025772095,-0.12871960844722707,-0.09833735227584839,-0.10119748115539551,-0.16283663656440694,0.07935148477554321,-0.24382442235946655,-0.09521886255470235,0.09816661477088928,-0.3719460368156433,-0.13128122236457784,0.1079929769039154,-0.45192086696624756,-0.15412003841129263,0.11840376257896423,-0.5267661511898041,-0.17269695844379385,0.02592572569847107,-0.2744392156600952,-0.09479111727205236,0.02861464023590088,-0.42718398571014404,-0.12603015746799429,0.03167399764060974,-0.5159145593643188,-0.15162987556186636,0.03853785991668701,-0.597478061914444,-0.17060158695903738,-0.021800220012664795,-0.2516356110572815,-0.09766546185937841,-0.046983152627944946,-0.35667937994003296,-0.14754223372665365,-0.06699521839618683,-0.4313434958457947,-0.18501160587993581,-0.07082955539226532,-0.5113100707530975,-0.2107243641826244,-0.06542965769767761,-0.19220352172851562,-0.10343870069709737,-0.08222226798534393,-0.16609978675842285,-0.15844456400600393,-0.09131674468517303,-0.10513812303543091,-0.1791270479175182,-0.08952189981937408,-0.058173537254333496,-0.191598574778709,-2.723894015011622,-1.4336405586018632,-1.531773986186536,-1.7574102314163458,1.7486496473301782,0.4775828763506523,0.5148099052575523,0.41103408013925274,0.04391778626950691,0.10667116164357536,0.18986347477297053,0.5126520446839793,0.13923417049037473,0.5543001645160548,0.4535219087667741,W
0.0,0.0,0.0,0.045089125633239746,0.012509942054748535,-0.06015105177857549,0.056122928857803345,-0.03184175491333008,-0.0964872986564842,-0.03784441947937012,-0.06727868318557739,-0.12496874486305387,-0.10784201323986053,-0.11455011367797852,-0.15851754700042875,0.06916257739067078,-0.2442912459373474,-0.09589924668171079,0.09725594520568848,-0.378451406955719,-0.13141236459114225,0.1120917797088623,-0.45855796337127686,-0.1526919827351776,0.12581446766853333,-0.534573495388031,-0.17007907484867246,0.011886686086654663,-0.2781323194503784,-0.09615186606743009,0.015239834785461426,-0.42813146114349365,-0.128795214046022,0.017034709453582764,-0.5165554881095886,-0.1557999179253784,0.02244049310684204,-0.5986964404582977,-0.17544540022709043,-0.0373833030462265,-0.25687605142593384,-0.09918414061166914,-0.06923988461494446,-0.36765342950820923,-0.15138467406131895,-0.09235239028930664,-0.44601067900657654,-0.1916984990725723,-0.10046230256557465,-0.5299839973449707,-0.2192939296851364,-0.08085153996944427,-0.19853734970092773,-0.10431734477378996,-0.09973889589309692,-0.17327755689620972,-0.1611280963311401,-0.10331955552101135,-0.10789060592651367,-0.18365971003868253,-0.09812676906585693,-0.05839812755584717,-0.197262667168161,-2.6744096471730865,-1.3780575662006784,-1.5378856055920684,-1.797783202554809,1.6934494536209797,0.48064019001082614,0.501369322151699,0.4154994245823647,0.05698623969714568,0.12164674554284484,0.22632330909534384,0.5262059087849963,0.14080659438640653,0.5535871490859002,0.4715916531295825,W
0.0,0.0,0.0,0.052459508180618286,0.016806423664093018,-0.06329152773730584,0.07246151566505432,-0.01782006025314331,-0.10232605080716439,-0.020714908838272095,-0.04562121629714966,-0.13346564065329858,-0.09357629716396332,-0.08075040578842163,-0.17028444301001855,0.0797995924949646,-0.23790109157562256,-0.09987144957892724,0.10490003228187561,-0.3703775405883789,-0.13910355459563561,0.11779212951660156,-0.4522942006587982,-0.16424853395335504,0.13034501671791077,-0.5284847915172577,-0.18399963568560906,0.02390366792678833,-0.270710825920105,-0.09975250851027795,0.028874635696411133,-0.42303234338760376,-0.1331536252390606,0.032969772815704346,-0.5118645429611206,-0.16124617349021264,0.03857031464576721,-0.5922555327415466,-0.1816012341868145,-0.024485841393470764,-0.249237060546875,-0.10271481465213128,-0.053555622696876526,-0.36081331968307495,-0.15412878285758325,-0.07398290932178497,-0.4410472512245178,-0.19390482496135064,-0.07945774495601654,-0.5253145098686218,-0.2212811041962368,-0.0674809068441391,-0.19107049703598022,-0.10839523415677377,-0.08296960592269897,-0.16463422775268555,-0.16543937515132257,-0.08603033423423767,-0.09831172227859497,-0.1870915074240429,-0.07921138405799866,-0.046574413776397705,-0.1997640658508999,-2.779309145293107,-1.3985750200630078,-1.5252148337563967,-1.7673433664562417,1.6518006586863903,0.5006064671721321,0.5282993676999095,0.4447882374266203,0.0370722154523821,0.11175555188323279,0.20982671300799244,0.525501186754599,0.13568980579481887,0.558247626188058,0.4787401594811992,W
0.0,0.0,0.0,0.0529617965221405,0.009252071380615234,-0.05770777517739134,0.07521799206733704,-0.02279752492904663,-0.09656067916932898,-0.01589152216911316,-0.05016964673995972,-0.1292650548535903,-0.09553989768028259,-0.07412993907928467,-0.1682682333308776,0.08722853660583496,-0.2431163191795349,-0.09481054523769217,0.11428481340408325,-0.37910187244415283,-0.12990459779086905,0.12867820262908936,-0.45962202548980713,-0.1538304684478362,0.1432366967201233,-0.534479945898056,-0.1738245783168395,0.03245380520820618,-0.2712394595146179,-0.09984336027685004,0.037976592779159546,-0.42500007152557373,-0.13177198150935965,0.03903144598007202,-0.5168704986572266,-0.16294297555270987,0.04308846592903137,-0.5985110700130463,-0.1871263680774291,-0.01711300015449524,-0.24776005744934082,-0.10705967226806479,-0.041031211614608765,-0.36078697443008423,-0.1592047063428481,-0.06583011150360107,-0.4402885138988495,-0.20154055932346182,-0.07650212943553925,-0.5220192670822144,-0.23098628202262717,-0.061298102140426636,-0.18885856866836548,-0.11629534492078619,-0.07974733412265778,-0.166490375995636,-0.17142151275459128,-0.08928123116493225,-0.10449838638305664,-0.1914552597123702,-0.08997549116611481,-0.052813589572906494,-0.20399399081054526,-2.8495715673134376,-1.3808851785869896,-1.5383128493529963,-1.7840476010583144,1.778548326032869,0.5185907739359608,0.5423959749817167,0.44829375052375703,0.022030646294037358,0.1188682168875057,0.2200918450029897,0.535154560285374,0.14196093270777593,0.5616865289790521,0.46939908317261503,W
0.0,0.0,0.0,0.05384033918380737,0.009601294994354248,-0.05632989018920398,0.07619386911392212,-0.025794923305511475,-0.09260208442572093,-0.014346837997436523,-0.05106109380722046,-0.12252721473339534,-0.08788853883743286,-0.08439189195632935,-0.15828501716021037,0.08410537242889404,-0.2451399564743042,-0.0915187774575088,0.11438992619514465,-0.3768717348575592,-0.1255172891891334,0.1298440396785736,-0.45682117342948914,-0.14599443509939647,0.14367645978927612,-0.5307058393955231,-0.16305963232878184,0.02870011329650879,-0.2743983864784241,-0.09645020499590373,0.03355056047439575,-0.43102917075157166,-0.12695775463942027,0.03462889790534973,-0.5193875432014465,-0.15487139954927898,0.03796300292015076,-0.599558562040329,-0.1758967293775413,-0.02091991901397705,-0.25090712308883667,-0.1039469493902061,-0.04974772036075592,-0.37005114555358887,-0.15643149152163005,-0.07221585512161255,-0.45398062467575073,-0.20074639752272105,-0.08245764672756195,-0.5407461225986481,-0.23184650674227214,-0.06653463840484619,-0.19223374128341675,-0.1130741192376945,-0.08325459063053131,-0.1657811403274536,-0.1716223163879249,-0.08731891214847565,-0.09939146041870117,-0.19633194342020488,-0.08421507477760315,-0.047384440898895264,-0.2119477047002647,-2.7985897462698945,-1.3651385173254145,-1.5423168699885876,-1.7800065565923295,1.6922564018975152,0.5028105888580143,0.5303162344565715,0.45638654495312597,0.03718932335990048,0.1261587586290504,0.22635688948421168,0.534353933055595,0.13401505846231815,0.5655296126006428,0.4933648118005167,W
0.0,0.0,0.0,0.052486538887023926,0.011686980724334717,-0.059353043747478296,0.07567274570465088,-0.021673083305358887,-0.0982125564044054,-0.017304033041000366,-0.05071842670440674,-0.13041606680803852,-0.09504817426204681,-0.08593553304672241,-0.1688806428139742,0.08449411392211914,-0.24703407287597656,-0.09782011197262364,0.11644944548606873,-0.38387244939804077,-0.13385594026499348,0.13300424814224243,-0.464066743850708,-0.1565328551953371,0.14915382862091064,-0.5392844676971436,-0.175533459944063,0.027937382459640503,-0.2768862843513489,-0.10183194415026264,0.030060410499572754,-0.43680453300476074,-0.13445845381670551,0.03052467107772827,-0.5273284614086151,-0.16556748883181172,0.033983051776885986,-0.6096780002117157,-0.18960723416262226,-0.02156245708465576,-0.25091856718063354,-0.10805856571846562,-0.04945778846740723,-0.3676204979419708,-0.1613943739359911,-0.07174554467201233,-0.45723509788513184,-0.20737837390356617,-0.08141426742076874,-0.5498723387718201,-0.24033327536039906,-0.06640039384365082,-0.1893804669380188,-0.11608482287579136,-0.08275823295116425,-0.15818381309509277,-0.17530515925341206,-0.08593565225601196,-0.09449023008346558,-0.20062928037100392,-0.08148379623889923,-0.04499995708465576,-0.21696570650988178,-2.7815792697829944,-1.3530562770334822,-1.5526317989790992,-1.7683882561461488,1.6748885332459413,0.5149367677304854,0.5394026596200506,0.464137095180038,0.04312439832045171,0.1349798401937721,0.2308110697652499,0.5454455898001201,0.1299740682531282,0.5763626335741294,0.5048723864747667,W
0.0,0.0,0.0,0.050799816846847534,0.01178675889968872,-0.06216090802479357,0.0708003044128418,-0.01999145746231079,-0.10217985023189158,-0.0229242742061615,-0.04937011003494263,-0.13486989099908442,-0.09857159852981567,-0.08413094282150269,-0.17385112006593317,0.08418604731559753,-0.243796706199646,-0.10172384489703745,0.11456593871116638,-0.37959760427474976,-0.13974149782586665,0.13024163246154785,-0.46152806282043457,-0.16441443819928736,0.14436545968055725,-0.5384705066680908,-0.1846668745987472,0.030034661293029785,-0.2738628387451172,-0.10493108142543406,0.03607302904129028,-0.43533068895339966,-0.1379171188585815,0.03653392195701599,-0.5259222388267517,-0.16841581721234888,0.038944512605667114,-0.6066902577877045,-0.19200265664983363,-0.01979723572731018,-0.24928444623947144,-0.11073521782088847,-0.0437769889831543,-0.372529536485672,-0.16284264881539912,-0.06371533870697021,-0.4610704779624939,-0.20694847662377924,-0.07150162756443024,-0.5490849614143372,-0.23890349526334376,-0.06648029386997223,-0.18966978788375854,-0.11889606226611704,-0.084079310297966,-0.1650158166885376,-0.17580810446668238,-0.08996893465518951,-0.10460162162780762,-0.19958360750604243,-0.087281733751297,-0.05578070878982544,-0.21528807539868922,-2.7795906423177708,-1.369342709738974,-1.5440325347386776,-1.7415789860402429,1.7249273162036176,0.5152114648648825,0.5403507365404183,0.4657413689309687,0.030515517632314665,0.12556874820188665,0.21612789270521088,0.5353969211721483,0.1245661272125624,0.5651852762116291,0.4935565797441028,W
0.0,0.0,0.0,0.052122533321380615,0.011580586433410645,-0.05626664803537551,0.0729103684425354,-0.024380803108215332,-0.09309439853939239,-0.019736498594284058,-0.05397319793701172,-0.12415051953109923,-0.09529256820678711,-0.09133440256118774,-0.1614893575123233,0.08256837725639343,-0.24836832284927368,-0.09152676657947723,0.11648979783058167,-0.38247019052505493,-0.1261965085676593,0.1341850459575653,-0.46404725313186646,-0.14821044103416625,0.15186423063278198,-0.5398432910442352,-0.16674608485016051,0.027398616075515747,-0.278481125831604,-0.09715676800522033,0.03438630700111389,-0.43360012769699097,-0.13007325426849548,0.03813853859901428,-0.5260435342788696,-0.16151872770103637,0.04499787092208862,-0.6082956790924072,-0.18510503069671813,-0.02161848545074463,-0.2542646527290344,-0.10506652043375198,-0.04759794473648071,-0.3764992952346802,-0.16006505982193175,-0.06878280639648438,-0.4651781916618347,-0.20686059192928496,-0.07685887813568115,-0.5551590919494629,-0.23958659664901916,-0.06670330464839935,-0.1964259147644043,-0.11443178103479568,-0.08412010967731476,-0.16792809963226318,-0.17453359560283843,-0.08932042121887207,-0.10044455528259277,-0.2001752008608264,-0.08424898982048035,-0.04701489210128784,-0.21642134086403075,-2.762766282355686,-1.3373874227719034,-1.5174858251931924,-1.75236178220238,1.6876932730268512,0.5121002892607286,0.5356588174797096,0.46419084805257366,0.045674715444977636,0.12691000065917904,0.22923532503102306,0.5464698378478722,0.13293819685902164,0.5759695068813794,0.5081979354445036,W
0.0,0.0,0.0,0.05451619625091553,0.020122528076171875,-0.05909014632175058,0.07504311203956604,-0.00796276330947876,-0.09809443121025652,-0.013078361749649048,-0.04566490650177002,-0.1307753971702823,-0.08914890885353088,-0.08812052011489868,-0.16946690296003908,0.0859658420085907,-0.23460817337036133,-0.09695593034098238,0.12491077184677124,-0.3718932271003723,-0.1350878230221042,0.14365243911743164,-0.4520399570465088,-0.1607238254434833,0.1595115065574646,-0.5274321138858795,-0.18108201538393587,0.031829267740249634,-0.26405173540115356,-0.10146796469757646,0.041006237268447876,-0.42063000798225403,-0.136963909018732,0.04085654020309448,-0.5132838487625122,-0.17064987634489626,0.044138312339782715,-0.5976985394954681,-0.19576322053740114,-0.016536355018615723,-0.2424941062927246,-0.10835203294823259,-0.037577226758003235,-0.35529637336730957,-0.16174524043867677,-0.05820576846599579,-0.4405372738838196,-0.20327349518606752,-0.06324107944965363,-0.529018223285675,-0.23168600117037386,-0.05998323857784271,-0.18724775314331055,-0.1173796406872043,-0.07797195017337799,-0.16576451063156128,-0.1711852750665912,-0.08037278056144714,-0.10562151670455933,-0.18991447006533235,-0.07222087681293488,-0.05668520927429199,-0.20113496993849367,-2.6874334028483013,-1.3247261855798405,-1.533920610955556,-1.732379726424789,1.6642533656701883,0.5048036040025548,0.5267212176941986,0.44165823923672753,0.035703459726096703,0.13508643348589375,0.22275823288014907,0.5246928107987728,0.12746497407423907,0.5533849332763635,0.4724183663721839,W
0.0,0.0,0.0,0.05454224348068237,0.012332320213317871,-0.054464317015572306,0.07530269026756287,-0.022776484489440918,-0.08974340473787379,-0.014308303594589233,-0.048919618129730225,-0.11925296401159358,-0.093329057097435,-0.0815889835357666,-0.15513366376535487,0.08641290664672852,-0.2507435083389282,-0.09004438584224772,0.12277430295944214,-0.38494056463241577,-0.12170848911182475,0.13969558477401733,-0.46443623304367065,-0.1414285591758926,0.15553373098373413,-0.5409256219863892,-0.15880970572607112,0.03130185604095459,-0.2815077304840088,-0.0966125047721107,0.03544032573699951,-0.44156211614608765,-0.12595699643270564,0.036590248346328735,-0.5316036343574524,-0.15540687655584406,0.042269349098205566,-0.6154192984104156,-0.1784243426241119,-0.01857161521911621,-0.2556649446487427,-0.1051673508204658,-0.04604090750217438,-0.3753189146518707,-0.15795335089342188,-0.06644921004772186,-0.4654267430305481,-0.2040268770374496,-0.07322797179222107,-0.5592822730541229,-0.23667925511972498,-0.0641229897737503,-0.19263648986816406,-0.11500155841486048,-0.08405062556266785,-0.15961194038391113,-0.17249557291643214,-0.0886203944683075,-0.0926816463470459,-0.19630557214395594,-0.08394408226013184,-0.040588557720184326,-0.2118686429180343,-2.8060203430414226,-1.3369558169724975,-1.5379626287379375,-1.7489059738112134,1.7004261338855433,0.5224201706621318,0.5507828363719814,0.47811602407921416,0.04206082107800416,0.13556595454271847,0.22949702241069928,0.5546952324606624,0.12841727589666133,0.5885237554234541,0.5188043998950717,W
0.0,0.0,0.0,0.04945257306098938,0.013828456401824951,-0.05745383642840807,0.06097528338432312,-0.019734323024749756,-0.09606346033740465,-0.03515318036079407,-0.045564234256744385,-0.12823995493579332,-0.11029437184333801,-0.08390402793884277,-0.1662324770562691,0.07250407338142395,-0.24225521087646484,-0.09396791003871385,0.10769706964492798,-0.37765830755233765,-0.13044571422267381,0.12488925457000732,-0.45656898617744446,-0.15437827550101701,0.14088314771652222,-0.5311222076416016,-0.17460135661292497,0.016290664672851562,-0.27401912212371826,-0.10028194926906053,0.01793333888053894,-0.43307989835739136,-0.13472316704917375,0.01776123046875,-0.5230388045310974,-0.1684556110971016,0.022688746452331543,-0.6077190041542053,-0.1941032513253731,-0.03256356716156006,-0.2497013807296753,-0.10874687426019136,-0.06138521432876587,-0.37007278203964233,-0.16564769588637773,-0.08534897863864899,-0.45499706268310547,-0.21303136192489092,-0.09563936293125153,-0.5455094873905182,-0.24637798510718767,-0.07703785598278046,-0.19119983911514282,-0.11856961541104738,-0.09945398569107056,-0.15947413444519043,-0.18067609809565965,-0.1046903133392334,-0.09432566165924072,-0.20658060454059068,-0.09978868067264557,-0.04660987854003906,-0.22304735623526994,-2.7831108014381973,-1.338359994291431,-1.551625514046789,-1.7808821235803274,1.7268639352903625,0.5129271357501892,0.540431900482513,0.4618380338190064,0.03874562073775895,0.14084383453383306,0.23695968404287643,0.5409945711664821,0.1336845744514477,0.5743206169054427,0.49891686336390767,W
0.0,0.0,0.0,0.05571901798248291,0.011854767799377441,-0.05568400239781113,0.0807085633277893,-0.025432705879211426,-0.09122797688678475,-0.012200802564620972,-0.053937673568725586,-0.12060046782926293,-0.09196192026138306,-0.08299732208251953,-0.15646420261100502,0.08777225017547607,-0.24819433689117432,-0.09103647461370201,0.11874997615814209,-0.38345104455947876,-0.12331629386380882,0.1343287229537964,-0.46432143449783325,-0.1443344636841175,0.15054816007614136,-0.5410332679748535,-0.16235492965415688,0.031101137399673462,-0.2816693186759949,-0.09629126480058403,0.03664124011993408,-0.437849223613739,-0.1259210093899128,0.03950768709182739,-0.5295763611793518,-0.15667526265815468,0.046098917722702026,-0.6131005883216858,-0.18044534167484017,-0.01984858512878418,-0.26006650924682617,-0.10332187852100105,-0.04518921673297882,-0.38167551159858704,-0.1554739012403843,-0.06694968044757843,-0.4681044816970825,-0.20012242933944435,-0.07589800655841827,-0.5567661225795746,-0.23158429404929848,-0.06609958410263062,-0.20227956771850586,-0.11183797409967156,-0.0819685310125351,-0.17574363946914673,-0.16905988594726296,-0.08723020553588867,-0.10560911893844604,-0.19113533040717812,-0.08456012606620789,-0.04863095283508301,-0.20493741175368996,-2.81980150504395,-1.359622317385785,-1.5255756211655709,-1.757505707721698,1.6903709451790203,0.5182741232155023,0.5477866992382164,0.4740410590316778,0.03515442920257531,0.12689894755347836,0.22699204633092332,0.5456518543611839,0.13437567326157848,0.5793943002051457,0.5082089954395047,W
0.0,0.0,0.0,0.055055826902389526,0.009657561779022217,-0.055012939339576405,0.07635524868965149,-0.0242806077003479,-0.09152304179042403,-0.014966845512390137,-0.05116379261016846,-0.12210950798362319,-0.09091655910015106,-0.08293122053146362,-0.15880149400800292,0.08513379096984863,-0.24508792161941528,-0.09254686332315032,0.11387622356414795,-0.3802209198474884,-0.12647287345498626,0.1281430423259735,-0.4597983956336975,-0.14834753966897551,0.14256930351257324,-0.534716933965683,-0.16666358507245604,0.02818724513053894,-0.27758532762527466,-0.09804893828004424,0.03406211733818054,-0.43530040979385376,-0.12863619423478667,0.036822497844696045,-0.5269982814788818,-0.15879384971231048,0.04196435213088989,-0.6084787845611572,-0.18210603094667022,-0.023157119750976562,-0.255699098110199,-0.10529638624757354,-0.04765284061431885,-0.37640148401260376,-0.15659998155206267,-0.06940694153308868,-0.4596986770629883,-0.20064297116368834,-0.07932066917419434,-0.5433476269245148,-0.2320381829795224,-0.07008226215839386,-0.19798976182937622,-0.11410013384193007,-0.08597181737422943,-0.1707448959350586,-0.17139375007718627,-0.08990564942359924,-0.1051110029220581,-0.1948050240334851,-0.08662237226963043,-0.051552534103393555,-0.20964403248399321,-2.8043561709341076,-1.3750290075773215,-1.529184279714925,-1.763621018191192,1.6832698130318342,0.5085528280358635,0.542086320273014,0.4605624082999677,0.0316711541072719,0.12474841420146364,0.2220577601433557,0.5347678576187438,0.13766671379844841,0.5715779860535211,0.49184929418575885,W
0.0,0.0,0.0,0.053284525871276855,0.019375979900360107,-0.06074696004930047,0.07422474026679993,-0.006451904773712158,-0.09935423330011872,-0.014821484684944153,-0.03825098276138306,-0.13052223966064957,-0.09099715948104858,-0.07245981693267822,-0.16832170233669785,0.08599543571472168,-0.23647212982177734,-0.09728066221418885,0.11773329973220825,-0.36617511510849,-0.13273869798126725,0.13269254565238953,-0.44585615396499634,-0.1571165208572438,0.14663195610046387,-0.5211403667926788,-0.17710183904114274,0.033032387495040894,-0.268321692943573,-0.0996698622459462,0.03950744867324829,-0.42624297738075256,-0.13171305105629472,0.03725901246070862,-0.5190450251102448,-0.1628861014598897,0.040764421224594116,-0.6037405729293823,-0.18622748897018937,-0.016110390424728394,-0.24632680416107178,-0.1040702049488118,-0.035689577460289,-0.35948866605758667,-0.15462078497353104,-0.05274362862110138,-0.44829261302948,-0.1967874501699498,-0.05286094546318054,-0.537819504737854,-0.22636573359909562,-0.062037259340286255,-0.18868166208267212,-0.11060542211475877,-0.08149780333042145,-0.1653076410293579,-0.16420092031899003,-0.09119805693626404,-0.1050310730934143,-0.18300237104836015,-0.08832025527954102,-0.05248260498046875,-0.19441514060440568,-2.7615081823253935,-1.3609252396074225,-1.5477485347502034,-1.696211711894806,1.7614279231920882,0.5077222000215514,0.5473758816777362,0.4669197038611107,0.020155763778322813,0.1342785500164468,0.20018893929704534,0.5242543651121894,0.11450456986047497,0.5661697633531331,0.4866305260860264,W
0.0,0.0,0.0,0.04959416389465332,0.017228126525878906,-0.06794025247734226,0.06867945194244385,-0.013087987899780273,-0.10966255014579929,-0.02572326362133026,-0.03886055946350098,-0.14224551116865314,-0.1005348265171051,-0.07532846927642822,-0.18094612156789935,0.0832105278968811,-0.2345471978187561,-0.10840400552194751,0.10054102540016174,-0.365694135427475,-0.15289690589349902,0.10692736506462097,-0.4495220184326172,-0.18406857048910297,0.11462926864624023,-0.5298110842704773,-0.20780400430601276,0.02672755718231201,-0.2689670920372009,-0.10770618414323962,0.03257673978805542,-0.42799293994903564,-0.14325430488031543,0.03416162729263306,-0.5201605260372162,-0.17362090444009937,0.038925230503082275,-0.6012836992740631,-0.19562556838434375,-0.02500574290752411,-0.24876868724822998,-0.1102428386155907,-0.04764920473098755,-0.36501455307006836,-0.162425691837484,-0.06621922552585602,-0.4458129405975342,-0.2020140687171761,-0.0709189772605896,-0.5254894196987152,-0.22909558808248676,-0.07302971184253693,-0.1915643811225891,-0.11610570793789066,-0.090866819024086,-0.17020970582962036,-0.17413947975080646,-0.09815409779548645,-0.10753494501113892,-0.1943572411481682,-0.09654681384563446,-0.05473768711090088,-0.20542880391519702,-2.7891311435046466,-1.464786219184381,-1.5341078204560683,-1.7352174817988424,1.7410083512495904,0.5028419584514504,0.5441305095893254,0.45113410402260806,0.02097342497676546,0.10411261252428312,0.18559856773092895,0.5198942878175867,0.13345607065838075,0.5630854448584834,0.47144880924916843,W
0.0,0.0,0.0,0.0525701642036438,0.01107478141784668,-0.056382051907689856,0.07403108477592468,-0.029004931449890137,-0.09009000589719562,-0.02001476287841797,-0.056839048862457275,-0.11716167559495716,-0.09444092214107513,-0.09029072523117065,-0.14965279331079273,0.08037561178207397,-0.24782192707061768,-0.08806027402749805,0.10859605669975281,-0.3801701068878174,-0.12319590082040577,0.12416577339172363,-0.4601335823535919,-0.14566919138303547,0.13868027925491333,-0.5369806289672852,-0.16399754514566212,0.02501431107521057,-0.2781025171279907,-0.09255063464513569,0.03111976385116577,-0.4310176968574524,-0.12326714327207355,0.03249448537826538,-0.52066570520401,-0.15162908961644916,0.03709414601325989,-0.603264331817627,-0.17266645958295612,-0.02524775266647339,-0.25586724281311035,-0.10003192653528004,-0.04972726106643677,-0.36995747685432434,-0.15252000024190693,-0.07196520268917084,-0.45238497853279114,-0.19540099730363636,-0.07947210967540741,-0.5396185517311096,-0.2248137735354021,-0.07059973478317261,-0.19665318727493286,-0.10948798736205845,-0.08749827742576599,-0.16717791557312012,-0.1673574440704897,-0.09326405823230743,-0.09947586059570312,-0.19029633631578236,-0.08954626321792603,-0.046679675579071045,-0.20421376755109577,-2.7926997896288692,-1.371828639835479,-1.5336631773752447,-1.759617970727669,1.6964631039367324,0.5038624461498279,0.529569065569999,0.4495770912911284,0.04388486456321656,0.12129827587621918,0.21816833737395036,0.5408164009925166,0.13280992917736642,0.5708101898270858,0.4930418077522768,W
0.0,0.0,0.0,0.05270981788635254,0.019186079502105713,-0.06079669553844269,0.07480069994926453,-0.008892178535461426,-0.10011315602866944,-0.01778966188430786,-0.03756469488143921,-0.13187098015157517,-0.09313055872917175,-0.07235753536224365,-0.16986315954534348,0.08184698224067688,-0.2375408411026001,-0.10113524157611664,0.11107251048088074,-0.37158137559890747,-0.13923549164144333,0.1271977424621582,-0.45041424036026,-0.1644534717878514,0.14299869537353516,-0.525935560464859,-0.18461018312780197,0.026023447513580322,-0.27043068408966064,-0.1034820478042775,0.033005207777023315,-0.4234016537666321,-0.13731388259736832,0.03278419375419617,-0.5159978270530701,-0.1689965378126317,0.03531035780906677,-0.6008728742599487,-0.19254719723073777,-0.023844599723815918,-0.24960625171661377,-0.10780812311975296,-0.047959089279174805,-0.35922932624816895,-0.16043206561414536,-0.071571484208107,-0.4403837323188782,-0.2027915816387349,-0.0804094672203064,-0.5248319804668427,-0.23200524855462845,-0.06977696716785431,-0.19220590591430664,-0.11419278640357788,-0.08738052845001221,-0.16510134935379028,-0.17036754895059403,-0.09465467929840088,-0.09806913137435913,-0.19026495028344925,-0.09276257455348969,-0.04194682836532593,-0.20189088095037278,-2.780260403064908,-1.3618494519098512,-1.5426992296254327,-1.7734955593601829,1.7225927440624942,0.5113609776851276,0.5438984578865239,0.4526532333275569,0.030412933308149235,0.13119595666872755,0.22341088828069317,0.5383571948037075,0.13846766927222823,0.5734117201307818,0.48304313407902827,W
0.0,0.0,0.0,0.057197391986846924,0.012610852718353271,-0.053815534756040506,0.08271190524101257,-0.015426218509674072,-0.09033495788321488,-0.006238311529159546,-0.03985750675201416,-0.12140382681832307,-0.08587457239627838,-0.06339335441589355,-0.15891290311560624,0.08926153182983398,-0.2403724193572998,-0.09014949803099626,0.1202993094921112,-0.3747059106826782,-0.12416675542340272,0.13522997498512268,-0.4541953504085541,-0.14696737234339707,0.1487937867641449,-0.5300087928771973,-0.16603872780547135,0.03368225693702698,-0.2709674835205078,-0.09640351538405412,0.044162869453430176,-0.4257678985595703,-0.1274345875237941,0.045109689235687256,-0.5178574323654175,-0.15815665428385728,0.04843580722808838,-0.6015219986438751,-0.18144362275347703,-0.017668962478637695,-0.2483251690864563,-0.10437678401217454,-0.03544151782989502,-0.36097952723503113,-0.15589701239809983,-0.05790206789970398,-0.4422810971736908,-0.19823283557639115,-0.06767876446247101,-0.5246053636074066,-0.22698455159411424,-0.06485933065414429,-0.18961840867996216,-0.1139036998604297,-0.07983988523483276,-0.16139405965805054,-0.16900040809855454,-0.08741772174835205,-0.09831136465072632,-0.18899481599078172,-0.08637739717960358,-0.044712960720062256,-0.20067479316935533,-2.864392492867408,-1.3680782556996152,-1.5261931991536264,-1.7498685308789375,1.7182163097137235,0.5223018343845636,0.5546365619155368,0.46157080155577035,0.01868715980008679,0.12323093221909322,0.21653997894715304,0.539275004488981,0.13927944035002204,0.5728969408159832,0.48025655353621094,W
0.0,0.0,0.0,0.05012980103492737,0.018423259258270264,-0.059929706420120965,0.07019579410552979,-0.017885327339172363,-0.09711992767017819,-0.023810207843780518,-0.043048202991485596,-0.12680311527412869,-0.09810681641101837,-0.08066707849502563,-0.16260711875122524,0.08096769452095032,-0.23925012350082397,-0.0967645722286079,0.11000046133995056,-0.37507814168930054,-0.13343346145313717,0.12348806858062744,-0.4559228718280792,-0.1573286804215286,0.13587385416030884,-0.53403639793396,-0.17693528559368588,0.022803843021392822,-0.27376532554626465,-0.09945503648680187,0.025280624628067017,-0.4312170147895813,-0.1333822759644363,0.02474755048751831,-0.5213576555252075,-0.16461226370495297,0.028879493474960327,-0.6060507893562317,-0.18721729543369747,-0.028396576642990112,-0.2535691261291504,-0.10433669414680935,-0.053424447774887085,-0.3691932260990143,-0.15884500768345333,-0.07231263816356659,-0.4559342861175537,-0.20362715449493862,-0.07634784281253815,-0.5479530692100525,-0.2346587481753204,-0.07504719495773315,-0.1978430151939392,-0.11106249716442562,-0.09342361986637115,-0.16135674715042114,-0.17220611896675564,-0.097505584359169,-0.09276384115219116,-0.19715283837479092,-0.09047971665859222,-0.04203313589096069,-0.212089315320668,-2.784551119500235,-1.3866489314897454,-1.552513933552639,-1.7322650825864783,1.6695214570059977,0.5101869206570573,0.5405123185800201,0.4677923150828619,0.039379616196296825,0.12897234506042998,0.2126775079914228,0.5415746937250848,0.12020040510890989,0.576508919674428,0.5061172678223843,W
0.0,0.0,0.0,0.05327579379081726,0.016403257846832275,-0.055364193667401196,0.073880136013031,-0.013946712017059326,-0.0924091472222699,-0.01662573218345642,-0.03685343265533447,-0.12320121963762176,-0.09514880180358887,-0.06930893659591675,-0.1605391262962712,0.08019015192985535,-0.24123328924179077,-0.09107814570211303,0.10954007506370544,-0.3706147074699402,-0.12596190561794174,0.12384158372879028,-0.4495406150817871,-0.1494047998382939,0.13640281558036804,-0.5259041786193848,-0.16924191107295883,0.023168087005615234,-0.27613019943237305,-0.09722965051673782,0.023824840784072876,-0.4284147024154663,-0.13000068654559982,0.019426971673965454,-0.5187518000602722,-0.16259003271602523,0.019611328840255737,-0.6039695739746094,-0.18687065531753433,-0.02811110019683838,-0.25352609157562256,-0.10508140017532241,-0.055061519145965576,-0.36427587270736694,-0.15924426009200943,-0.07718983292579651,-0.44813162088394165,-0.20567089905284774,-0.08615890145301819,-0.5368629097938538,-0.23834014524959457,-0.07529155910015106,-0.19509178400039673,-0.11422414173625839,-0.09361208975315094,-0.15743523836135864,-0.17459215809844864,-0.0953618735074997,-0.0881490707397461,-0.19972679605029953,-0.08709920942783356,-0.03618735074996948,-0.21523087312721145,-2.8250732171133737,-1.3758390233446176,-1.5816449889895836,-1.7728721527332683,1.6449666310812143,0.5119525041950627,0.5468380790943349,0.467640391926842,0.0340857064818418,0.14047938399257506,0.22283135254672615,0.538308207889541,0.12526230875151914,0.5777229370445492,0.5006764420291747,W
0.0,0.0,0.0,0.050427019596099854,0.019659757614135742,-0.0554135374454745,0.06536835432052612,-0.009265661239624023,-0.09217526090424144,-0.025405824184417725,-0.03558969497680664,-0.1223899356750735,-0.09790360927581787,-0.07191604375839233,-0.15893537622969234,0.07640880346298218,-0.23574906587600708,-0.09341356230061137,0.1092311441898346,-0.36920005083084106,-0.12926725369970882,0.12438240647315979,-0.44770461320877075,-0.1535462371734866,0.13798844814300537,-0.5250948667526245,-0.17355782610457027,0.02066764235496521,-0.2697504162788391,-0.09949962866585338,0.02243626117706299,-0.42153024673461914,-0.13328345936815822,0.018770873546600342,-0.5129911601543427,-0.16639977020304286,0.02116522192955017,-0.5998911261558533,-0.19074358862917506,-0.029543012380599976,-0.24790173768997192,-0.1072619266537913,-0.05775359272956848,-0.361086905002594,-0.16175902706663692,-0.08290626108646393,-0.44600704312324524,-0.20666674596350276,-0.09248468279838562,-0.5371139347553253,-0.23754235428850734,-0.07572510838508606,-0.19035428762435913,-0.1164133481411227,-0.09528292715549469,-0.15719938278198242,-0.1744860790399798,-0.09952373802661896,-0.08883500099182129,-0.19607459825556361,-0.09346938133239746,-0.0358467698097229,-0.20883034986536586,-2.775200844023219,-1.3611012372708553,-1.569289153692834,-1.785086309701735,1.685139460926376,0.510897355996019,0.5412347680971892,0.46522945150985673,0.03634081590496248,0.1387160646920003,0.23078631259583204,0.5412360180066692,0.12983557526659403,0.5755754756684345,0.5012681321247189,W
0.0,0.0,0.0,0.0485689640045166,0.021093130111694336,-0.0600570534088547,0.06444108486175537,-0.006612539291381836,-0.09988633736156771,-0.024362504482269287,-0.02841031551361084,-0.13226925774597476,-0.0986286848783493,-0.06265723705291748,-0.1711943243362839,0.07427191734313965,-0.23536038398742676,-0.10054335191034625,0.10401219129562378,-0.36767274141311646,-0.13841278298878024,0.117950439453125,-0.4475942850112915,-0.16462839587711642,0.12996965646743774,-0.5269021689891815,-0.18599134131454775,0.017749696969985962,-0.268928587436676,-0.10536514415525744,0.017147481441497803,-0.424356073141098,-0.14187257929825137,0.011220932006835938,-0.5197059810161591,-0.17665300711178133,0.010461091995239258,-0.6094700992107391,-0.20165146335148165,-0.032461702823638916,-0.2448902130126953,-0.1116852779605324,-0.06289267539978027,-0.35784614086151123,-0.16842817708038638,-0.0870993435382843,-0.4449573755264282,-0.2137430851080353,-0.09613291919231415,-0.536396712064743,-0.24451381906055758,-0.07834529876708984,-0.1852806806564331,-0.119628081164592,-0.09854237735271454,-0.15416526794433594,-0.17833047553085635,-0.10351446270942688,-0.08563232421875,-0.19872547133945773,-0.09745630621910095,-0.03126704692840576,-0.210621813378566,-2.810554358325519,-1.3820255246062352,-1.5921960448565373,-1.7858402758473788,1.694251740341674,0.5174751766940627,0.5575884554396353,0.47374604909259105,0.03141207582719827,0.14525756463357642,0.22630183620153754,0.5453226042665928,0.12923622994362258,0.5881878394747372,0.5051313987013388,W
0.0,0.0,0.0,0.05423855781555176,0.020154297351837158,-0.05829373512858638,0.07307708263397217,-0.005602419376373291,-0.09741796691412219,-0.019838958978652954,-0.029635488986968994,-0.12972363967890033,-0.09531767666339874,-0.05513417720794678,-0.16841642696851977,0.0803551971912384,-0.22717952728271484,-0.09656052429670581,0.10859337449073792,-0.3569754958152771,-0.13291387398237475,0.12209999561309814,-0.4355895519256592,-0.15782591838831195,0.13418683409690857,-0.5109502971172333,-0.17868106205457934,0.02567356824874878,-0.25603413581848145,-0.10025441039795169,0.03325566649436951,-0.4005656838417053,-0.1350483163117815,0.03161954879760742,-0.4890936613082886,-0.1666853441714693,0.03175848722457886,-0.5694798529148102,-0.19041197140211352,-0.02402070164680481,-0.23224753141403198,-0.10585931081766375,-0.04646310210227966,-0.33340978622436523,-0.15899713475698718,-0.06987503170967102,-0.4057742953300476,-0.19943253834242114,-0.0780608057975769,-0.4817723333835602,-0.22700882096285113,-0.07034862041473389,-0.17515820264816284,-0.11344178159231433,-0.09046240150928497,-0.1465054750442505,-0.17040400345319995,-0.09876354038715363,-0.08354908227920532,-0.19051818687910327,-0.09480433166027069,-0.03295367956161499,-0.20228059728140124,-2.8555199646715574,-1.3833228486902254,-1.5513857736411116,-1.7840746170456032,1.7411059848190298,0.5103338668249296,0.5298111225208791,0.42698702075942163,0.022186437274406327,0.11797150140970472,0.2142438195337796,0.5300167170848896,0.14054496114130421,0.5512517408744412,0.44913086030338395,W
0.0,0.0,0.0,0.05765858292579651,0.010559797286987305,-0.04977646327245111,0.0846659243106842,-0.02006131410598755,-0.08250826826918001,-0.0031835734844207764,-0.040154993534088135,-0.10999508431780214,-0.08181074261665344,-0.05811011791229248,-0.14422393819916124,0.08578085899353027,-0.24060684442520142,-0.08314755788671846,0.11421877145767212,-0.37148982286453247,-0.11175103715288515,0.12720632553100586,-0.4460355043411255,-0.13163591405975694,0.13996455073356628,-0.5192416906356812,-0.14951903602707262,0.029224306344985962,-0.2682141065597534,-0.09005467823374147,0.036067306995391846,-0.41113072633743286,-0.11682732632982606,0.03412148356437683,-0.5012288093566895,-0.14710860929119463,0.034434974193573,-0.5859133303165436,-0.1710579194747197,-0.02215021848678589,-0.24532532691955566,-0.0982931428276288,-0.04252251982688904,-0.3525327146053314,-0.1460146107398259,-0.06207272410392761,-0.4351707696914673,-0.18884831151592607,-0.0689498633146286,-0.5217507779598236,-0.21942208191978807,-0.06957469880580902,-0.18826138973236084,-0.1077443756781804,-0.0843626856803894,-0.15953701734542847,-0.1595251806699025,-0.08877734839916229,-0.09438753128051758,-0.17868941506969804,-0.08505825698375702,-0.04044997692108154,-0.19101237735378618,-2.916898644028871,-1.3787320773840939,-1.5543965363364993,-1.7385089367264497,1.6751677966841252,0.5116899530994544,0.5404528635329545,0.4638189990348946,0.017956250426912436,0.12482627552901292,0.20892948072567638,0.529033807156736,0.12167685791277683,0.5583985155734402,0.4815702871099237,W
0.0,0.0,0.0,0.04683676362037659,0.013051450252532959,-0.056097888558610975,0.06319087743759155,-0.026032209396362305,-0.09051080903361708,-0.030429035425186157,-0.05489903688430786,-0.11782443633626372,-0.10059405863285065,-0.08874183893203735,-0.1507652710969296,0.07580170035362244,-0.2398585081100464,-0.08964524528335005,0.10085928440093994,-0.36990442872047424,-0.12408432474683195,0.11344435811042786,-0.44803354144096375,-0.14659580698560148,0.12398481369018555,-0.5229470133781433,-0.16488319745610625,0.02123314142227173,-0.2707177400588989,-0.09279465040515333,0.02545982599258423,-0.4173935651779175,-0.12542863300393492,0.02240946888923645,-0.5077701210975647,-0.15546776464532286,0.02170121669769287,-0.5903037786483765,-0.17697174957345396,-0.02797788381576538,-0.24950534105300903,-0.098241166382536,-0.05384175479412079,-0.35807082056999207,-0.1506134133632031,-0.07932113111019135,-0.43607670068740845,-0.19223348906587034,-0.09044347703456879,-0.5184729993343353,-0.22011298051427275,-0.07349972426891327,-0.19389480352401733,-0.1053871076400128,-0.09003761410713196,-0.1659720540046692,-0.16122296562741667,-0.09563203155994415,-0.09861093759536743,-0.18177047482083708,-0.09252320230007172,-0.04543578624725342,-0.1935935925538388,-2.7759332973282476,-1.4022068167461244,-1.569331697918142,-1.798993048552265,1.6982414088947662,0.48884537781353715,0.5162562481367078,0.4298510259700318,0.0440517073571688,0.12246986585030599,0.2144749604611316,0.5243021009151936,0.13317692438694193,0.5567120863054863,0.47304178485877263,W
0.0,0.0,0.0,0.0480673611164093,0.0091705322265625,-0.05267845105913693,0.06729528307914734,-0.03455632925033569,-0.08372347068575436,-0.024831116199493408,-0.06975150108337402,-0.1081386507728439,-0.09508512914180756,-0.10866624116897583,-0.13784030091551358,0.08055707812309265,-0.24932122230529785,-0.08051531028536374,0.10578227043151855,-0.3803178668022156,-0.10810749989536816,0.1178930401802063,-0.4584600329399109,-0.12531141948488767,0.13004666566848755,-0.5330166816711426,-0.14066755783346707,0.026412159204483032,-0.28045374155044556,-0.08376920980003888,0.02950894832611084,-0.42875421047210693,-0.11092942964819485,0.026854604482650757,-0.5205013751983643,-0.13847962033537442,0.027053892612457275,-0.6045371890068054,-0.15899486851481015,-0.022216379642486572,-0.2592124342918396,-0.0891133846023422,-0.05169329047203064,-0.36762869358062744,-0.1390735657194,-0.07528860867023468,-0.44792914390563965,-0.1795769484022003,-0.0847921371459961,-0.5335740745067596,-0.20657658588675076,-0.06754018366336823,-0.20207440853118896,-0.09573965531376416,-0.08801515400409698,-0.18079066276550293,-0.14934469771174008,-0.09505860507488251,-0.11361128091812134,-0.16824123275068814,-0.09371231496334076,-0.0597572922706604,-0.17900863301542813,-2.7134318386603895,-1.3980880796353634,-1.568816180711319,-1.7950381806396845,1.7526643783323934,0.48037237783711895,0.5106916266639548,0.42503248407155386,0.048928211709673486,0.12539016816051232,0.2148395258827709,0.5234907172711968,0.13245866522155297,0.5580050293501714,0.47390074140147126,W
0.0,0.0,0.0,0.050660520792007446,0.009894013404846191,-0.04960790411109883,0.0749431848526001,-0.029531657695770264,-0.08046072483534772,-0.015428468585014343,-0.06175196170806885,-0.10561762512202222,-0.08772493898868561,-0.09398376941680908,-0.13677451521630246,0.0856175422668457,-0.2484339475631714,-0.07935810596222836,0.11252233386039734,-0.38129428029060364,-0.10571105540270764,0.12545520067214966,-0.4575817286968231,-0.12307800859684903,0.1387225091457367,-0.5303573608398438,-0.1388087174343582,0.03220111131668091,-0.2779722213745117,-0.08415279299492795,0.03584614396095276,-0.42581483721733093,-0.10973541200633008,0.034327417612075806,-0.516897588968277,-0.13775077969307858,0.037252724170684814,-0.601992130279541,-0.15950425476307828,-0.017202258110046387,-0.25660520792007446,-0.09041502833838422,-0.04228481650352478,-0.3665311932563782,-0.13694669813389737,-0.06418834626674652,-0.45122796297073364,-0.176335637872171,-0.0719635933637619,-0.5406309962272644,-0.20386313409085233,-0.0645994246006012,-0.20017755031585693,-0.09791990876669843,-0.08263005316257477,-0.18029415607452393,-0.1472201696085449,-0.0868520438671112,-0.11222773790359497,-0.16341765732045133,-0.08255277574062347,-0.05465209484100342,-0.173324545328569,-2.7643504791711595,-1.3846112987714172,-1.5552071500494602,-1.7612632705479572,1.6935452362528938,0.49163030628514903,0.5231557234659836,0.4469252345005578,0.03967028986031842,0.12420812153624194,0.21093643918184599,0.5246505997333533,0.12527327244055914,0.5602985563098106,0.4860942535928682,W
0.0,0.0,0.0,0.05524724721908569,0.007925748825073242,-0.05270510987725174,0.07473704218864441,-0.03390777111053467,-0.08437409700241005,-0.0194900780916214,-0.05688464641571045,-0.1098396971949569,-0.09532929956912994,-0.08893507719039917,-0.14118919224824822,0.07395657896995544,-0.24954712390899658,-0.08332630695190346,0.09679993987083435,-0.38120245933532715,-0.11479823739614403,0.10755214095115662,-0.4596412777900696,-0.13436870725240624,0.11720460653305054,-0.5350083708763123,-0.15087061078634179,0.01728937029838562,-0.2814233899116516,-0.08846279682006752,0.019679397344589233,-0.42844828963279724,-0.11879231484022057,0.01599675416946411,-0.5190279483795166,-0.14920562954034722,0.012847334146499634,-0.6024535298347473,-0.1713214710482589,-0.032029181718826294,-0.25912773609161377,-0.09565128089275277,-0.06454288959503174,-0.3713783025741577,-0.14901373238649285,-0.09271185100078583,-0.4540490508079529,-0.19450746924962914,-0.10819058120250702,-0.543458491563797,-0.22526506037797844,-0.07743237912654877,-0.20216578245162964,-0.10385178477849877,-0.08969292044639587,-0.17259842157363892,-0.16159829945650017,-0.08921848237514496,-0.1002352237701416,-0.18461716623392022,-0.0822504460811615,-0.044400811195373535,-0.19827495963659203,-2.828660326587894,-1.4204374890167695,-1.5846322635027383,-1.8325143436560694,1.6013263606622594,0.4941174400715374,0.524788895927011,0.45470534060961343,0.046415054198777374,0.12425493860160791,0.22555353066174844,0.5296018274415449,0.13464988485930537,0.566097539815379,0.49973138679176954,W
0.0,0.0,0.0,0.05065035820007324,0.010116100311279297,-0.05571358697670803,0.07113540172576904,-0.0315210223197937,-0.08994571538823948,-0.024626612663269043,-0.05674147605895996,-0.11722018988984928,-0.10116696357727051,-0.08870434761047363,-0.1502365139331232,0.07686460018157959,-0.2470589280128479,-0.08836266817706928,0.0985802710056305,-0.3799855709075928,-0.12024752469915256,0.10866957902908325,-0.45852866768836975,-0.14081933768648014,0.11809009313583374,-0.5337704718112946,-0.15839279862302647,0.02055126428604126,-0.27866125106811523,-0.09182749362844334,0.023631393909454346,-0.426075279712677,-0.12164795072931156,0.019887208938598633,-0.5180588960647583,-0.1520332214440714,0.01690778136253357,-0.6028466522693634,-0.175027918538035,-0.02968183159828186,-0.2571467161178589,-0.0973711204733263,-0.05833315849304199,-0.36682653427124023,-0.1485171434487711,-0.08454325795173645,-0.44378548860549927,-0.19142198236841068,-0.09835553169250488,-0.52735236287117,-0.22093131812471256,-0.0761243999004364,-0.20099622011184692,-0.10449719103235111,-0.08917546272277832,-0.1728684902191162,-0.16011102171796665,-0.0901002585887909,-0.10294550657272339,-0.18161986442464695,-0.08544890582561493,-0.04914623498916626,-0.19463108154195652,-2.821152674970843,-1.4279877886332715,-1.5820347401094268,-1.8196802924894728,1.6321253574555001,0.4961426325459585,0.5275262598511608,0.43865702483989794,0.04256643764334077,0.12251277044645187,0.2165407597421262,0.5256317865327961,0.13778613525374012,0.5630817378572999,0.4783802689651479,W
0.0,0.0,0.0,0.04988205432891846,0.006861746311187744,-0.052788293232651995,0.06996786594390869,-0.037087202072143555,-0.0842984190783227,-0.02457788586616516,-0.06888240575790405,-0.10943816812846308,-0.09989351034164429,-0.10491442680358887,-0.1398784390291894,0.07732513546943665,-0.2556602358818054,-0.08092953475329523,0.09739932417869568,-0.3903016149997711,-0.11013038667056207,0.10740727186203003,-0.4698101878166199,-0.12865591259810572,0.1155225932598114,-0.5459343791007996,-0.14486906143042688,0.021139919757843018,-0.2873581051826477,-0.08459734382245188,0.023538798093795776,-0.43214917182922363,-0.11232950749013071,0.019312143325805664,-0.5247405469417572,-0.14022927196833734,0.015001267194747925,-0.6091814339160919,-0.16133074673030023,-0.028851091861724854,-0.2658398747444153,-0.09070793004843836,-0.0596037358045578,-0.37640857696533203,-0.14075710090014582,-0.0875091552734375,-0.4559105336666107,-0.18348397525164728,-0.10284063220024109,-0.5397250354290009,-0.21284243675086145,-0.07509903609752655,-0.20935750007629395,-0.09824645729872827,-0.09220834076404572,-0.17855733633041382,-0.15397604020449762,-0.09730078279972076,-0.11119598150253296,-0.17697128864142542,-0.09516723453998566,-0.05863398313522339,-0.19106699736926203,-2.761681862137614,-1.4399571068946395,-1.5898686179581607,-1.8346461406726036,1.7031635656366149,0.49081839412869105,0.5171905107089053,0.4348205962238342,0.04652114733209075,0.1187633231965467,0.21845149159974217,0.5308972400064964,0.13678780846192506,0.561462015042682,0.48115224371168275,W
0.0,0.0,0.0,0.048774927854537964,0.008840799331665039,-0.05439612079442213,0.06657138466835022,-0.03245723247528076,-0.08848194215477179,-0.028704136610031128,-0.061654508113861084,-0.11616245094717215,-0.10072238743305206,-0.09386509656906128,-0.14970155987919043,0.07493922114372253,-0.25258541107177734,-0.08408861789882849,0.09663262963294983,-0.3829839825630188,-0.11462677452743719,0.10674729943275452,-0.4628799557685852,-0.13523591492355536,0.1148516833782196,-0.5393798053264618,-0.153308058120615,0.019749075174331665,-0.2825058102607727,-0.08769745562256048,0.022203654050827026,-0.42571914196014404,-0.1174086872118778,0.018104106187820435,-0.517058253288269,-0.14774010513008307,0.015457242727279663,-0.6015081703662872,-0.17077950570762823,-0.029893800616264343,-0.2591915726661682,-0.09342639330805014,-0.058514803647994995,-0.3700765371322632,-0.14403548274219702,-0.08451609313488007,-0.4519355297088623,-0.18752397034347723,-0.09765920042991638,-0.5374952554702759,-0.21789734993160437,-0.07608886063098907,-0.2020692229270935,-0.10066547427356909,-0.09283033013343811,-0.17261910438537598,-0.1563190910595722,-0.09696824848651886,-0.1053571105003357,-0.17891571853340338,-0.09322217106819153,-0.052886247634887695,-0.19301542077243994,-2.7897958532409417,-1.4325169636063388,-1.5842494357994077,-1.8096428014263541,1.6851429650473184,0.4949298290923013,0.5207678915202888,0.4436407341547134,0.041659564393900485,0.11721428485826728,0.21251923975272338,0.5291225855882464,0.12997300868264594,0.5592827809654298,0.48462931989795677,W
0.0,0.0,0.0,0.04924124479293823,0.010967910289764404,-0.05345131983960982,0.06396114826202393,-0.02810835838317871,-0.08773647775853988,-0.0312701016664505,-0.05569201707839966,-0.11541964640821334,-0.10389398038387299,-0.08989232778549194,-0.14924721946920272,0.07103943824768066,-0.2458541989326477,-0.08895160039867278,0.09578928351402283,-0.37852537631988525,-0.12091659536565658,0.10620859265327454,-0.45608091354370117,-0.14192170431817885,0.11663416028022766,-0.5301792621612549,-0.15995035102571364,0.015508800745010376,-0.2780270576477051,-0.09363344838823195,0.01602494716644287,-0.42491811513900757,-0.12597309580053206,0.012333601713180542,-0.5162621736526489,-0.15814009835924026,0.012740135192871094,-0.6002852916717529,-0.18182005515302535,-0.0334685742855072,-0.2554932236671448,-0.09964832445587035,-0.06560570001602173,-0.36978623270988464,-0.1524014972707164,-0.09354725480079651,-0.45342475175857544,-0.1960115783473384,-0.10777430236339569,-0.5407390892505646,-0.22596902182306167,-0.07995767891407013,-0.19857656955718994,-0.10668532332385894,-0.09925347566604614,-0.1720380187034607,-0.1620784305592906,-0.10344761610031128,-0.10301923751831055,-0.18219371667112227,-0.09900231659412384,-0.04712158441543579,-0.19427171876634475,-2.788903359513556,-1.4117888533929577,-1.5793875655645007,-1.8256299767678006,1.6958843411556803,0.4924279088422718,0.5235498968589063,0.45086345962187807,0.043049562867224854,0.12533484680079637,0.22465677834027314,0.529002656125625,0.1344227654911491,0.5643371887062923,0.49369544135427734,W
0.0,0.0,0.0,0.048895448446273804,0.008646368980407715,-0.0508831332358568,0.0754411518573761,-0.028536975383758545,-0.084731735560581,-0.013744264841079712,-0.061696529388427734,-0.11356142935483149,-0.08910141885280609,-0.09051531553268433,-0.14872087565390757,0.08952417969703674,-0.24950391054153442,-0.08044646707503489,0.12154212594032288,-0.38045620918273926,-0.10908181992499522,0.1381475329399109,-0.45643675327301025,-0.1282788368794172,0.1540623903274536,-0.5288780927658081,-0.1454260948034971,0.0339222252368927,-0.28057265281677246,-0.08693636980979136,0.04166033864021301,-0.43151676654815674,-0.11321216848818949,0.04297247529029846,-0.5216836035251617,-0.14215801683394602,0.04742434620857239,-0.6058788597583771,-0.16475302008120707,-0.017194807529449463,-0.25852227210998535,-0.09543582079140833,-0.03708277642726898,-0.37024083733558655,-0.14424215284316233,-0.055708274245262146,-0.455594003200531,-0.18776884702174357,-0.0620979368686676,-0.5449981391429901,-0.21840123859374216,-0.06455741822719574,-0.20133155584335327,-0.10517920580832651,-0.07938586175441742,-0.1723819375038147,-0.15900926319091013,-0.08732536435127258,-0.1060604453086853,-0.1803348514172285,-0.08697102963924408,-0.05432254076004028,-0.1937996449801176,-2.7813581989706067,-1.3437689605587917,-1.5293142549859187,-1.7262744280524795,1.7220953713174016,0.5012889012920504,0.5331405698710822,0.4552843342308892,0.03625542033882107,0.13153246964511978,0.21676056594486157,0.5322594118288013,0.12530599599819592,0.5676940109568454,0.49130562137272515,W
0.0,0.0,0.0,0.05366620421409607,0.006439030170440674,-0.049162066484200295,0.07892394065856934,-0.030950307846069336,-0.08153335278700524,-0.011058419942855835,-0.06645864248275757,-0.10943194752405816,-0.08697092533111572,-0.09655153751373291,-0.1434296322412365,0.09184134006500244,-0.2543526291847229,-0.07874940609406167,0.12666261196136475,-0.38593921065330505,-0.10819946503113442,0.14600461721420288,-0.4623693823814392,-0.12801691418360406,0.16360557079315186,-0.5336212813854218,-0.14509559696386987,0.03764533996582031,-0.28413987159729004,-0.08617353712986642,0.049526870250701904,-0.4357285499572754,-0.11261673545311623,0.053469955921173096,-0.5269452333450317,-0.14110852306555444,0.058867424726486206,-0.6086931228637695,-0.16315833752821618,-0.013623610138893127,-0.26025962829589844,-0.09563181077908212,-0.03082042932510376,-0.3728422224521637,-0.14440030878256493,-0.0484488308429718,-0.4600986838340759,-0.1879727346248501,-0.055149540305137634,-0.5493358373641968,-0.2184292328901165,-0.06185699999332428,-0.20190471410751343,-0.10630116140316659,-0.07645100355148315,-0.1745796799659729,-0.15941619401644402,-0.08463963866233826,-0.11149334907531738,-0.18067179148863488,-0.08557552099227905,-0.060496389865875244,-0.19411153619955712,-2.765024712505547,-1.319266599690594,-1.5055006755380278,-1.7134707448865203,1.7369801269689165,0.5038040704658695,0.5325014814931246,0.4539011155924232,0.036082139975030035,0.1288637288938682,0.21931882249646298,0.5347320632604351,0.12854242745840894,0.566906890624447,0.4897854078382068,W
0.0,0.0,0.0,0.0542009174823761,0.012799739837646484,-0.05111929637075718,0.07891258597373962,-0.019208788871765137,-0.08601355415464695,-0.011880040168762207,-0.04991412162780762,-0.11623217773319539,-0.08984696865081787,-0.07669168710708618,-0.15282787990452107,0.08910921216011047,-0.2409052848815918,-0.08460170638443287,0.1233583390712738,-0.36977827548980713,-0.11592134696127232,0.1421540379524231,-0.4450352191925049,-0.13690475237251576,0.1601634919643402,-0.5160240530967712,-0.15517679464699086,0.0355391800403595,-0.2736910581588745,-0.0919188321817046,0.048311829566955566,-0.42185187339782715,-0.1204166920173293,0.05214548110961914,-0.5117416083812714,-0.15024828028560933,0.05676588416099548,-0.5919151902198792,-0.17368382823349293,-0.014660060405731201,-0.25215214490890503,-0.10101320457340535,-0.03303629159927368,-0.36451613903045654,-0.1510352851140624,-0.05424661934375763,-0.4445415437221527,-0.19432943177105244,-0.06417436897754669,-0.5254907310009003,-0.22484139215828236,-0.0626201182603836,-0.19684350490570068,-0.11147659879804905,-0.07917320728302002,-0.1667412519454956,-0.16684546184421833,-0.08669149875640869,-0.10234594345092773,-0.18970184635998066,-0.0864153653383255,-0.05074179172515869,-0.20421738040329274,-2.8132983976128387,-1.318051602947512,-1.5041913653373433,-1.74999949233106,1.7322464312544659,0.5054880396439644,0.5356776892586032,0.4495327175790275,0.02617580890110734,0.12825961949613238,0.2245375109920877,0.5265821071929524,0.13798099003757167,0.5597941741805753,0.47526962585732524,W
0.0,0.0,0.0,0.054513365030288696,0.01291048526763916,-0.05347586594734821,0.07833170890808105,-0.021111011505126953,-0.08900420166764889,-0.0125541090965271,-0.05530357360839844,-0.11913509465966854,-0.09133844077587128,-0.08669555187225342,-0.1554317305258337,0.09092608094215393,-0.24653518199920654,-0.08671287246261272,0.12435132265090942,-0.37491533160209656,-0.11983807929073009,0.14241808652877808,-0.45318371057510376,-0.1415193209818426,0.16021287441253662,-0.5258222818374634,-0.15946191348348293,0.036802828311920166,-0.2810388207435608,-0.09267883546863231,0.05015227198600769,-0.4312477111816406,-0.12302008815322552,0.05540400743484497,-0.5211549401283264,-0.15263725616250667,0.06168815493583679,-0.5984871685504913,-0.17466078497682247,-0.013302624225616455,-0.25902849435806274,-0.10054106064353618,-0.03364308178424835,-0.3737366199493408,-0.1507867852619711,-0.05417819321155548,-0.4584646224975586,-0.19279071487699184,-0.06311435997486115,-0.5417526662349701,-0.221942392962319,-0.06060326099395752,-0.2030748724937439,-0.11004777796779308,-0.07588303089141846,-0.17467212677001953,-0.16384906865869198,-0.08422012627124786,-0.1106576919555664,-0.18451322414193783,-0.0840202122926712,-0.058375656604766846,-0.19711676039014492,-2.7727420695837117,-1.327621321928632,-1.4925645820236226,-1.7451914720916166,1.7312372659488704,0.506073462199863,0.5341795558585511,0.4559315475695716,0.029250178394220592,0.12242265357759397,0.2238946867752248,0.5274051081313023,0.13709293009132478,0.5594205695330609,0.48382888307765554,W
0.0,0.0,0.0,0.05152764916419983,0.017497658729553223,-0.05610722131279999,0.07477083802223206,-0.01493537425994873,-0.09300944036988312,-0.01499602198600769,-0.050980567932128906,-0.12378489053992325,-0.0856463760137558,-0.08775430917739868,-0.16043047434834534,0.09204548597335815,-0.23634427785873413,-0.09217911041525895,0.12627404928207397,-0.367575079202652,-0.12697806782273346,0.14514490962028503,-0.4448701739311218,-0.14886009521035248,0.1629669964313507,-0.5168778300285339,-0.16684222049264008,0.0388321578502655,-0.27020561695098877,-0.09689213163403565,0.0528845489025116,-0.4233826994895935,-0.1286499185040384,0.05781856179237366,-0.5127835869789124,-0.157548112936297,0.06341484189033508,-0.5901322960853577,-0.17911661989239747,-0.011004716157913208,-0.25138556957244873,-0.10389809138325745,-0.032194584608078,-0.36986762285232544,-0.15533990985898072,-0.05437181890010834,-0.44934701919555664,-0.195919392771998,-0.06391045451164246,-0.5278193950653076,-0.2238380891755014,-0.058334946632385254,-0.19961410760879517,-0.11281209266928727,-0.0769650936126709,-0.174399733543396,-0.16918977922944123,-0.0856601893901825,-0.10902106761932373,-0.19097269899395997,-0.08505591750144958,-0.05619293451309204,-0.2038723660185724,-2.715471476093239,-1.3231753039905778,-1.494108521989171,-1.7598962493144314,1.754995604320154,0.49593911431364635,0.5240256562542948,0.4406015548101013,0.0315668974078146,0.12359954802113396,0.22714113584255102,0.5232073573563266,0.14175552453920795,0.5541974451678497,0.4721002530163099,W
0.0,0.0,0.0,0.05743002891540527,0.007457375526428223,-0.050214607202406114,0.08430644869804382,-0.025510430335998535,-0.08505250879466075,-0.005079597234725952,-0.05296492576599121,-0.11590099700629253,-0.0876915454864502,-0.07509082555770874,-0.15332028635680217,0.09880685806274414,-0.24365568161010742,-0.08366781839072246,0.13193517923355103,-0.37551817297935486,-0.11639820405184764,0.14885050058364868,-0.45236197113990784,-0.13774858781039256,0.1661863923072815,-0.5243707597255707,-0.1560334003800108,0.04480290412902832,-0.27658164501190186,-0.0923993773096754,0.05866345763206482,-0.4289246201515198,-0.1229571736687376,0.06356161832809448,-0.5191695094108582,-0.15310290821730632,0.06977817416191101,-0.5989465117454529,-0.17620674141585368,-0.007224619388580322,-0.25563639402389526,-0.10310680040061015,-0.02517494559288025,-0.3755152225494385,-0.15457730361163158,-0.04306165874004364,-0.4638126492500305,-0.19870573648154277,-0.048835232853889465,-0.5508288443088531,-0.22968161472022075,-0.0566573292016983,-0.20068359375,-0.11524749168097514,-0.07484209537506104,-0.1695513129234314,-0.17101407416998882,-0.08385151624679565,-0.10843276977539062,-0.19447902210890788,-0.08289182186126709,-0.05841028690338135,-0.20960146554648418,-2.860939635285719,-1.3352246843507134,-1.4934756219738774,-1.7108346385059714,1.7531430931333079,0.5160488993731857,0.547011419037451,0.47732219256668085,0.017357353389173453,0.12188555006766104,0.2166433232914581,0.5283551069177543,0.12800175875133574,0.5616827735049703,0.4935948611281355,W
0.0,0.0,0.0,0.04923802614212036,0.008039593696594238,-0.05131683297145173,0.07503852248191833,-0.0282554030418396,-0.08614193446624085,-0.013135135173797607,-0.05985379219055176,-0.1164467538117151,-0.09182290732860565,-0.09005582332611084,-0.15329228885161683,0.09342196583747864,-0.24917417764663696,-0.08258134670245454,0.12573236227035522,-0.3798218369483948,-0.11391943491685197,0.14252564311027527,-0.45811039209365845,-0.13446647472369477,0.15879765152931213,-0.529235303401947,-0.15197311885344789,0.04073596000671387,-0.2830296754837036,-0.09005764670359895,0.0523129403591156,-0.43543463945388794,-0.11950300432431504,0.05647152662277222,-0.5269926190376282,-0.14958453721988008,0.06201457977294922,-0.607080727815628,-0.17231785304534242,-0.008809298276901245,-0.26226478815078735,-0.09953622318494126,-0.029808729887008667,-0.38142821192741394,-0.15024078435885713,-0.050762057304382324,-0.4697486460208893,-0.19416159934985444,-0.059128209948539734,-0.5561468005180359,-0.22493929214465425,-0.056697264313697815,-0.20795339345932007,-0.11038400776374147,-0.0758819431066513,-0.17776137590408325,-0.16597270019042298,-0.08590005338191986,-0.11148297786712646,-0.1887538189409952,-0.08502037823200226,-0.0571368932723999,-0.20303607530581758,-2.786887577467701,-1.341469275968357,-1.5052260552579428,-1.7403734098731545,1.7564326324739377,0.505657275476124,0.5394262918139191,0.4672362809719486,0.03361443674957605,0.12420496399397014,0.21958121453779497,0.5313418301654174,0.1314147649674925,0.5692604852153602,0.49968119026807223,W
0.0,0.0,0.0,0.05436632037162781,0.008697688579559326,-0.052778640199335314,0.08141785860061646,-0.028344452381134033,-0.08800186346832106,-0.008742928504943848,-0.05987423658370972,-0.11837461720767806,-0.09083342552185059,-0.08757609128952026,-0.15510201584163497,0.09733659029006958,-0.2526571750640869,-0.08541763703885863,0.12989509105682373,-0.38524574041366577,-0.11807631086173842,0.14664366841316223,-0.4636077284812927,-0.13866572212043593,0.16290810704231262,-0.5373812913894653,-0.15592359136405776,0.043178051710128784,-0.28699159622192383,-0.09304560105863402,0.055235326290130615,-0.44243714213371277,-0.12222016732755492,0.05923786759376526,-0.5338536500930786,-0.15090103577438185,0.0643547773361206,-0.6132664680480957,-0.1726495636588652,-0.007943540811538696,-0.2665433883666992,-0.1030270693785269,-0.027906358242034912,-0.3861464858055115,-0.15451640020671675,-0.046685248613357544,-0.47751355171203613,-0.19942811261478255,-0.05403792858123779,-0.5670084357261658,-0.23111523817840407,-0.056658655405044556,-0.21141529083251953,-0.11459860335651229,-0.07079736888408661,-0.17642968893051147,-0.17202401291194747,-0.08045688271522522,-0.11061733961105347,-0.19649671148124526,-0.081339031457901,-0.0589749813079834,-0.21212285887065718,-2.810391391464275,-1.3444445217967942,-1.5059826803288479,-1.7230197037718082,1.7313054654188693,0.5164392349395638,0.5481183727287928,0.48084226258423346,0.03013580944354289,0.12438375630559213,0.2189596996123316,0.5371491991908036,0.127108765900432,0.5731193053749568,0.5087664896849571,W
0.0,0.0,0.0,0.05097636580467224,0.013363957405090332,-0.055207967885621656,0.07841959595680237,-0.02385610342025757,-0.08988710878122674,-0.011038094758987427,-0.058550894260406494,-0.1185630896471821,-0.08594346046447754,-0.0974276065826416,-0.1529992559336506,0.09526708722114563,-0.24399876594543457,-0.08523562935818063,0.1277967393398285,-0.37459349632263184,-0.11692222593057977,0.1428159773349762,-0.45354151725769043,-0.1367445030592762,0.15867727994918823,-0.5275723934173584,-0.15353367117870675,0.041040897369384766,-0.2821895480155945,-0.09013896075714456,0.05098798871040344,-0.4346367120742798,-0.11893806991804468,0.05458149313926697,-0.5264654457569122,-0.14742513386238443,0.0601058304309845,-0.6064568758010864,-0.1687284299515568,-0.009390056133270264,-0.266316294670105,-0.09776628402698861,-0.034296900033950806,-0.392559289932251,-0.1486788132571064,-0.053596824407577515,-0.48312389850616455,-0.19280106214512216,-0.0606599897146225,-0.5711992383003235,-0.22369601217735635,-0.05757920444011688,-0.21538925170898438,-0.1070783102296673,-0.07217748463153839,-0.1896597146987915,-0.16368715850342141,-0.07892133295536041,-0.1211203932762146,-0.18741548446644174,-0.07681921124458313,-0.06542319059371948,-0.20221166697967874,-2.7207231871252247,-1.3508043126159108,-1.5120700552863025,-1.7374002329036926,1.6983950306473585,0.49483718967112206,0.5295669856516089,0.4744457955484415,0.03327964192443659,0.12625011770714706,0.22363394075590923,0.5186911248856134,0.12580733014246945,0.5580913147209157,0.5060341202667734,W
0.0,0.0,0.0,0.0446646511554718,0.011855840682983398,-0.05767546021786529,0.06125488877296448,-0.03251528739929199,-0.09233157509413559,-0.03279381990432739,-0.07107901573181152,-0.11979030245390732,-0.105018749833107,-0.11619198322296143,-0.15269614928809006,0.08186209201812744,-0.24698346853256226,-0.08768525147286255,0.11260581016540527,-0.3750932514667511,-0.11912774467316467,0.12830382585525513,-0.4530943036079407,-0.13789826804247696,0.144611656665802,-0.5253618359565735,-0.15360728078928787,0.029805541038513184,-0.28324854373931885,-0.08943516188708145,0.03615003824234009,-0.43348023295402527,-0.11859158599224884,0.03903040289878845,-0.5232029259204865,-0.14469745927897293,0.04565581679344177,-0.6002764999866486,-0.16380164199915725,-0.01851445436477661,-0.2672097682952881,-0.09414504641142685,-0.04746207594871521,-0.38907504081726074,-0.1448261606082042,-0.06790918111801147,-0.4768957197666168,-0.18705438250151474,-0.07346044480800629,-0.5615413784980774,-0.2166095542296489,-0.06512786448001862,-0.21631532907485962,-0.10068933838454086,-0.08827704191207886,-0.1953336000442505,-0.15739901536551315,-0.09984637796878815,-0.12627434730529785,-0.18053575032797653,-0.09940381348133087,-0.06919127702713013,-0.19486764246073562,-2.6753508869020344,-1.34909066004543,-1.520841461548627,-1.7553525515316475,1.7996866157415057,0.47930711264788917,0.5069917596948009,0.44646613588039213,0.04733491199042575,0.12411472568387372,0.22105293651004826,0.5173346388027067,0.12525611128659142,0.5505395629574819,0.49303314371000667,W
0.0,0.0,0.0,0.04776895046234131,0.013355433940887451,-0.05202464657691053,0.07079878449440002,-0.02574843168258667,-0.08484553816583684,-0.020340532064437866,-0.06285631656646729,-0.1123686161902242,-0.09700866043567657,-0.10367178916931152,-0.14576968821552327,0.08669120073318481,-0.24614298343658447,-0.08058760586050084,0.1201881468296051,-0.37602049112319946,-0.10938699814346364,0.13641589879989624,-0.45341676473617554,-0.12664005431201986,0.15173748135566711,-0.5256130695343018,-0.1417585340407186,0.034038424491882324,-0.2823938727378845,-0.08529603752162984,0.04255169630050659,-0.43240660429000854,-0.11160072210100225,0.04495015740394592,-0.5226260423660278,-0.13807794722583822,0.0489371120929718,-0.6013515889644623,-0.15841847929027608,-0.015109837055206299,-0.26364588737487793,-0.09248055043485692,-0.040977299213409424,-0.38406842947006226,-0.1412571099665456,-0.062300533056259155,-0.4724563658237457,-0.18476437303093007,-0.07167178392410278,-0.5588783919811249,-0.2155962613489919,-0.06241936981678009,-0.21028733253479004,-0.10096437009838155,-0.0801687091588974,-0.18273138999938965,-0.15620504590538076,-0.08930309116840363,-0.11784118413925171,-0.18078895184066823,-0.0903657078742981,-0.06685340404510498,-0.19657644900348714,-2.7068598947085434,-1.3421189751393168,-1.5241197131964097,-1.7600870390395793,1.7632232537972743,0.4898051522106791,0.5186379774400688,0.4559111849415791,0.0374128627865754,0.12768805443744263,0.22587226808605282,0.5187238040760035,0.12786898865809054,0.552352772540268,0.49237998694717094,W
0.0,0.0,0.0,0.045674532651901245,0.012239456176757812,-0.05621802040570856,0.06756901741027832,-0.029028654098510742,-0.09096276366346956,-0.024583131074905396,-0.06928509473800659,-0.11925872766607881,-0.09702219069004059,-0.114687979221344,-0.15306865030163408,0.08750352263450623,-0.2514968514442444,-0.08714595788353563,0.11918947100639343,-0.3831233084201813,-0.11923566811913133,0.1357840895652771,-0.46023029088974,-0.13838595503204942,0.15216481685638428,-0.5322122573852539,-0.1543600445353377,0.03454598784446716,-0.288374662399292,-0.08984082543486238,0.04125112295150757,-0.44333088397979736,-0.12002938592070223,0.043144792318344116,-0.5333218574523926,-0.14772108548515916,0.047099798917770386,-0.6112696826457977,-0.16814345472687364,-0.014056265354156494,-0.27033382654190063,-0.095167305108248,-0.03984084725379944,-0.3910669684410095,-0.14669473820561052,-0.06168930232524872,-0.4789949059486389,-0.189598876770674,-0.07028847932815552,-0.5657964646816254,-0.2192583119236815,-0.06070287525653839,-0.2166622281074524,-0.10211492681139589,-0.0806988924741745,-0.19015008211135864,-0.15841149145001054,-0.09224399924278259,-0.12469518184661865,-0.18209281915062547,-0.09382273256778717,-0.07256793975830078,-0.196779195007025,-2.661729577763947,-1.3444006216755984,-1.5319369740874473,-1.758866337077772,1.7967208301277626,0.4862311051200201,0.5170730471262702,0.45189994133375305,0.04224138085626902,0.13148663233678065,0.22497414954410258,0.5213278941304182,0.1258881305825138,0.5568291727902955,0.49378967068336466,W
0.0,0.0,0.0,0.047662317752838135,0.011977434158325195,-0.054008412050507104,0.06583300232887268,-0.03011620044708252,-0.08654173730542425,-0.02518606185913086,-0.06377172470092773,-0.11265886841943029,-0.09788894653320312,-0.10616999864578247,-0.14464447914292577,0.08068695664405823,-0.24437183141708374,-0.08329830585648779,0.11328205466270447,-0.3674764037132263,-0.11273496864964727,0.12926405668258667,-0.4404389560222626,-0.13001906393697027,0.14584821462631226,-0.5097664594650269,-0.14517788110902075,0.028633713722229004,-0.28187042474746704,-0.0868787717693067,0.03335568308830261,-0.4274829626083374,-0.11447575955321554,0.03545859456062317,-0.5157117247581482,-0.14215501664807562,0.043209195137023926,-0.5962711274623871,-0.16306185244252447,-0.01938420534133911,-0.26352596282958984,-0.09282186894347433,-0.048421695828437805,-0.3812265694141388,-0.14362090347935919,-0.06763730943202972,-0.4709720015525818,-0.18959216295411352,-0.07121054828166962,-0.5620859861373901,-0.22248488186528448,-0.06576001644134521,-0.20933139324188232,-0.09979269175460104,-0.08412817120552063,-0.18115735054016113,-0.15732210396458868,-0.08944796025753021,-0.10947167873382568,-0.1828708302848554,-0.083433136343956,-0.053211092948913574,-0.19956139742066625,-2.706721284367004,-1.3300329830460225,-1.524469926086148,-1.7426713162097,1.6835183960676845,0.47148478969731294,0.5100076490113669,0.45669587756374064,0.054896412823037845,0.13423049544368088,0.22327525484559102,0.510894060052976,0.11941734200445796,0.55763113364366,0.5090216582587854,W
0.0,0.0,0.0,0.05127546191215515,0.015467405319213867,-0.05465587641253933,0.07459285855293274,-0.021451234817504883,-0.08872892375245556,-0.014394044876098633,-0.05218958854675293,-0.11679332371011242,-0.08851617574691772,-0.09307557344436646,-0.15080293680682644,0.08902245759963989,-0.24256765842437744,-0.085402887716441,0.12017303705215454,-0.369541734457016,-0.11637009347930416,0.13505017757415771,-0.44573867321014404,-0.13534000183597072,0.14893803000450134,-0.5177829265594482,-0.15177270437732204,0.0359247624874115,-0.27909523248672485,-0.09034888113990291,0.04311302304267883,-0.42590460181236267,-0.11967716778769955,0.044626057147979736,-0.5156036615371704,-0.14870153035178646,0.048573464155197144,-0.5962793827056885,-0.17076159681334957,-0.01411023736000061,-0.2600139379501343,-0.09778704161897167,-0.039108723402023315,-0.37581244111061096,-0.1501963403369473,-0.05891309678554535,-0.4652637541294098,-0.19633128906741604,-0.06529910862445831,-0.5551800727844238,-0.22904424036994442,-0.06167204678058624,-0.2050076723098755,-0.10645311738505825,-0.0762445479631424,-0.17316079139709473,-0.16535515750899776,-0.08040270209312439,-0.10407930612564087,-0.19134603108420833,-0.07547812163829803,-0.05006188154220581,-0.20806194509520992,-2.727823800155777,-1.3564367042613963,-1.5309393442541248,-1.7425123484898497,1.6596642534998782,0.4865807596063125,0.521543519779123,0.46268736801007854,0.044946285118942754,0.12741561798161924,0.21747666107814026,0.518773153767796,0.12106244713973896,0.5601270878248614,0.5052207432694602,W
0.0,0.0,0.0,0.054035693407058716,0.011960923671722412,-0.05168057737125764,0.07971534132957458,-0.021529853343963623,-0.08670840543879876,-0.0101051926612854,-0.050082623958587646,-0.11738538128508935,-0.08755677938461304,-0.08414077758789062,-0.15419010949506173,0.0916447639465332,-0.24239158630371094,-0.08413001281394372,0.12453591823577881,-0.37376853823661804,-0.11725288015975366,0.1416420340538025,-0.4509332776069641,-0.13833230865373025,0.15730899572372437,-0.5239006280899048,-0.15613590312375436,0.037278950214385986,-0.27409058809280396,-0.09128201139344583,0.04671812057495117,-0.4242210388183594,-0.1220605237521113,0.04730302095413208,-0.5148426294326782,-0.15185691547765146,0.048318833112716675,-0.594769686460495,-0.1747253550328196,-0.013381540775299072,-0.2531980872154236,-0.10076223445310006,-0.03412468731403351,-0.37070757150650024,-0.15214342010392556,-0.055101245641708374,-0.4572483003139496,-0.19562816751374612,-0.06509426236152649,-0.5422177314758301,-0.22631092501057992,-0.06140972673892975,-0.19842910766601562,-0.11175204944981942,-0.07662898302078247,-0.1662803292274475,-0.1686197085417689,-0.08342039585113525,-0.10494095087051392,-0.1934627009667338,-0.0811920315027237,-0.057172179222106934,-0.2093642814196528,-2.783430739641667,-1.3416358527925425,-1.5363833432110932,-1.7478474106349637,1.7099362517369072,0.5033368394355421,0.5283976387607642,0.4586273654659803,0.027709480569201684,0.13000491906196482,0.223156280403186,0.524135655122423,0.12499695275389734,0.5529775256214013,0.4853126064017321,W
0.0,0.0,0.0,0.05649951100349426,0.012114405632019043,-0.05481015798181943,0.08265659213066101,-0.021882236003875732,-0.09066503774852208,-0.0060540735721588135,-0.053085505962371826,-0.12081062328547887,-0.0828724056482315,-0.08500272035598755,-0.15700806212157659,0.0970211923122406,-0.24082165956497192,-0.08966604900092534,0.1293400526046753,-0.3727327585220337,-0.1241548983427947,0.14585375785827637,-0.45140936970710754,-0.1468994570943778,0.16120833158493042,-0.5265166461467743,-0.16600502562255315,0.04216018319129944,-0.27474284172058105,-0.09571960848302297,0.05545085668563843,-0.42632967233657837,-0.1277312589857047,0.05719640851020813,-0.5184943675994873,-0.15953512024611882,0.0593779981136322,-0.6014424860477448,-0.18370539974898747,-0.00955265760421753,-0.25460880994796753,-0.10378773045272283,-0.02731040120124817,-0.3698456883430481,-0.1557778669568961,-0.04826684296131134,-0.455221951007843,-0.19940511417121343,-0.05745074152946472,-0.5411614775657654,-0.2299416167709296,-0.05837376415729523,-0.19971948862075806,-0.11348314863175801,-0.07233224809169769,-0.17061632871627808,-0.16952400934428624,-0.07797844707965851,-0.10710376501083374,-0.191994766709513,-0.0757308304309845,-0.0559733510017395,-0.20602640044421605,-2.7772876068092036,-1.3497958499893288,-1.5181427633899338,-1.736417972298825,1.690962621584587,0.5044897946990367,0.535672669601661,0.4568665809464908,0.02989492233957052,0.12642506990206356,0.2191489478472052,0.5268312434762685,0.13146389006186832,0.5619528208297702,0.4855323674163821,W
0.0,0.0,0.0,0.0539243221282959,0.00823909044265747,-0.04877662800981852,0.08250045776367188,-0.028886497020721436,-0.0814169398768172,-0.0036745667457580566,-0.06018352508544922,-0.11018380292489383,-0.08336000144481659,-0.09334510564804077,-0.14524110921456668,0.09513983130455017,-0.24749606847763062,-0.07819744714333865,0.12777253985404968,-0.3825715184211731,-0.10729620375468585,0.14435631036758423,-0.4601077139377594,-0.1256192005498633,0.15948909521102905,-0.5331941843032837,-0.14138586588933322,0.04145258665084839,-0.28236860036849976,-0.08535688140227649,0.04910421371459961,-0.4350009262561798,-0.11181321509911868,0.051109105348587036,-0.5262545347213745,-0.13974101611211154,0.05367693305015564,-0.606190025806427,-0.16140123971536013,-0.00880405306816101,-0.2632269859313965,-0.09461427249743792,-0.03021661937236786,-0.3816862106323242,-0.14281873174741122,-0.05135259032249451,-0.47304368019104004,-0.18710250922276828,-0.06266152858734131,-0.5611038208007812,-0.21871897348000857,-0.057373493909835815,-0.20967495441436768,-0.10500956096484515,-0.06707794964313507,-0.18072718381881714,-0.15965448089673373,-0.07178877294063568,-0.11686795949935913,-0.18407979377343509,-0.06974537670612335,-0.06559097766876221,-0.1998415715320334,-2.7709249104704843,-1.3492580567997925,-1.533063973413716,-1.7496684186315645,1.656452006178055,0.5024369569810986,0.5308380483236304,0.46821644821596586,0.030913583206506667,0.12854807092255796,0.22389695724468325,0.5207698166848984,0.12476940144919532,0.5545091499632121,0.4955634758665603,W
0.0,0.0,0.0,0.054058581590652466,0.013084173202514648,-0.05115078026221909,0.08345788717269897,-0.02493143081665039,-0.08396957078741707,-0.004863917827606201,-0.061197876930236816,-0.11174866566227593,-0.08438403904438019,-0.09511274099349976,-0.14571737507151283,0.09561812877655029,-0.24651741981506348,-0.0833814145045153,0.12835729122161865,-0.37928175926208496,-0.11434268960522331,0.1455795168876648,-0.4561581313610077,-0.13382669547365822,0.16169071197509766,-0.5283452868461609,-0.1501240805702082,0.04254844784736633,-0.28135019540786743,-0.08937877425717033,0.05065739154815674,-0.4329324960708618,-0.11857651928232826,0.05210062861442566,-0.5241005420684814,-0.14753209808634438,0.05420875549316406,-0.6063829958438873,-0.1692847684936396,-0.007352322340011597,-0.2618643641471863,-0.09727713474796928,-0.029947340488433838,-0.3779859244823456,-0.14694770434664406,-0.0519229918718338,-0.4676435589790344,-0.1888044104890696,-0.062614306807518,-0.5570578575134277,-0.21783588090704598,-0.05538660287857056,-0.20832693576812744,-0.10655434438751854,-0.06996497511863708,-0.17885732650756836,-0.15959710636900581,-0.07706701755523682,-0.11436408758163452,-0.18032895782755531,-0.07706117630004883,-0.06244814395904541,-0.19319977620409645,-2.7455473785582583,-1.3405122390671653,-1.5349374554261077,-1.7558602182625564,1.7182965791902192,0.4982401247142548,0.5297218479471149,0.4624577947426927,0.03347536733473734,0.13282415064587502,0.2261352541409507,0.5235098966641656,0.12680929444101494,0.5595506394313027,0.49482065516758933,W
0.0,0.0,0.0,0.052462369203567505,0.012981891632080078,-0.05074053855491911,0.07900300621986389,-0.02511465549468994,-0.08283071445180212,-0.00894269347190857,-0.06120067834854126,-0.11009331272794043,-0.08415748178958893,-0.09760594367980957,-0.1435643531556252,0.0930507481098175,-0.24897199869155884,-0.07981591151906287,0.12608832120895386,-0.37930190563201904,-0.10989976154519354,0.14406442642211914,-0.45668914914131165,-0.12897411959124838,0.16071844100952148,-0.5275002717971802,-0.1451515503401879,0.04107549786567688,-0.2831301689147949,-0.08610744254542624,0.049900591373443604,-0.43127501010894775,-0.11553808526946341,0.051136672496795654,-0.5236584544181824,-0.145012731122506,0.05256295204162598,-0.6039312779903412,-0.1668335743422631,-0.008020848035812378,-0.2633400559425354,-0.09460874127103125,-0.03000819683074951,-0.381060928106308,-0.14647888617469107,-0.05046766996383667,-0.47378745675086975,-0.19157479183627402,-0.05967347323894501,-0.5635074973106384,-0.22242798881484305,-0.055670127272605896,-0.20950943231582642,-0.10417679922534262,-0.07317915558815002,-0.1797957420349121,-0.1608295835728768,-0.08197960257530212,-0.11430388689041138,-0.18467704431964194,-0.08292639255523682,-0.0608329176902771,-0.1992844142193917,-2.7234936408750166,-1.3324664312067014,-1.5350029717841864,-1.7412067544676386,1.752108970935949,0.4947457437049877,0.5244595515305897,0.46654445056213895,0.03679362745272295,0.13243605438695152,0.2233139407992265,0.5264420426903007,0.1192941624900477,0.5597438623691248,0.5032121135795887,W
0.0,0.0,0.0,0.051955461502075195,0.014302313327789307,-0.05043974436910048,0.08072569966316223,-0.02286219596862793,-0.0814562170961608,-0.006769418716430664,-0.059826791286468506,-0.10727495245726004,-0.08165590465068817,-0.09900367259979248,-0.13903240405113593,0.09667730331420898,-0.24861812591552734,-0.07631891511471167,0.12758824229240417,-0.3783402442932129,-0.1033157660821189,0.14362487196922302,-0.45413124561309814,-0.1195203690984954,0.15897783637046814,-0.5251421332359314,-0.13354983471424475,0.04352080821990967,-0.2861000895500183,-0.08184662751943961,0.051790595054626465,-0.43588903546333313,-0.10865152917892829,0.05424413084983826,-0.5272237658500671,-0.13628774426967993,0.05785602331161499,-0.6069384813308716,-0.1560607805112113,-0.00585174560546875,-0.2688713073730469,-0.08957866869957343,-0.03221961855888367,-0.38320669531822205,-0.1394907190659751,-0.05306689441204071,-0.4738268554210663,-0.18331959389240637,-0.06149864196777344,-0.5627576112747192,-0.21277951739818945,-0.054458290338516235,-0.2151358723640442,-0.09820123307497397,-0.07032524049282074,-0.19076037406921387,-0.15210283838302985,-0.07602477073669434,-0.11806243658065796,-0.17298894666225806,-0.07368780672550201,-0.05727142095565796,-0.18517025850803748,-2.703129374699649,-1.3491974797381479,-1.5261455383605356,-1.75792928477794,1.6920094718187013,0.4893859263926324,0.5267459994764428,0.46419180397264204,0.04248613199427225,0.13006253741173232,0.22366224913587818,0.52252875986582,0.12726934195977235,0.5651881602460924,0.5056331321628057,W
0.0,0.0,0.0,0.04954463243484497,0.011660456657409668,-0.04773281561847398,0.07399380207061768,-0.029415249824523926,-0.07724558236714074,-0.014578163623809814,-0.06732141971588135,-0.10193893733139703,-0.08723406493663788,-0.10956698656082153,-0.1327348765980787,0.09369629621505737,-0.2478991150856018,-0.07159308018799493,0.12263429164886475,-0.37242233753204346,-0.09789146902676293,0.13778793811798096,-0.4476299285888672,-0.11369197490330407,0.15219315886497498,-0.5181829333305359,-0.1274434593569822,0.041763365268707275,-0.28590500354766846,-0.0773851764452047,0.04982864856719971,-0.4284972548484802,-0.10270087095614144,0.051645368337631226,-0.5175257325172424,-0.1295932349812574,0.057068824768066406,-0.598137378692627,-0.14892652305479714,-0.007126748561859131,-0.27045953273773193,-0.08536376478787133,-0.03557130694389343,-0.3833414614200592,-0.1342495945345945,-0.056012243032455444,-0.47205203771591187,-0.17876861664171884,-0.0633358508348465,-0.5616858303546906,-0.20901102992411325,-0.0560736209154129,-0.22026455402374268,-0.09390967759009072,-0.07238717377185822,-0.1970125436782837,-0.14818142029162118,-0.07667575776576996,-0.12304413318634033,-0.17024565907831857,-0.07209959626197815,-0.0639309287071228,-0.18333384069319436,-2.6802410573991033,-1.3576560975891638,-1.5218160827047165,-1.7614601804849717,1.6729508688374155,0.47359517253859085,0.5094353266558516,0.4527500122040418,0.04808016138170081,0.1242632378080496,0.21987554677971796,0.5066084520680924,0.1258014359348716,0.5496007752883085,0.4978320453205995,W
0.0,0.0,0.0,0.049700021743774414,0.015792131423950195,-0.05114596881560374,0.0720452070236206,-0.022886037826538086,-0.08273547314695406,-0.018758267164230347,-0.062187254428863525,-0.10899911992839861,-0.09189452230930328,-0.10556674003601074,-0.14128244840196658,0.08997312188148499,-0.24731802940368652,-0.07737968288950015,0.12029564380645752,-0.3753925859928131,-0.1068638952880292,0.13658380508422852,-0.4532212018966675,-0.12454745345405627,0.15162065625190735,-0.5249716639518738,-0.1393297704368024,0.03784993290901184,-0.2842523455619812,-0.08249228619627047,0.04568162560462952,-0.4311094880104065,-0.11118595474056292,0.048112452030181885,-0.5221060216426849,-0.13953910194925356,0.05364990234375,-0.6029294729232788,-0.15943933450273562,-0.010963231325149536,-0.26643675565719604,-0.0899893807678609,-0.039976492524147034,-0.3793286383152008,-0.14150744103483248,-0.060716256499290466,-0.4692651033401489,-0.18641551755956698,-0.06634971499443054,-0.5596250891685486,-0.21657202564767886,-0.058670565485954285,-0.2132554054260254,-0.09834160082630206,-0.07887406647205353,-0.18586581945419312,-0.1547507884412198,-0.08316560089588165,-0.11347848176956177,-0.1778211089282422,-0.07660812139511108,-0.05591177940368652,-0.19138417564920474,-2.6744822892142213,-1.352310228842612,-1.5212570256046336,-1.757506948939124,1.6843086942988388,0.4849743626157667,0.5182208675967037,0.45477634239010234,0.05195468379566066,0.12520259023260982,0.2207078218380899,0.5216373742731736,0.12757420512661133,0.5623126441507859,0.5038177580595521,W
0.0,0.0,0.0,0.0467299222946167,0.013584554195404053,-0.04928614221512362,0.06973922252655029,-0.0253140926361084,-0.07992454268037363,-0.018809258937835693,-0.06266212463378906,-0.10537285752593561,-0.09203045070171356,-0.1044166088104248,-0.1366304273158221,0.0896434485912323,-0.2460039258003235,-0.07427261419593378,0.11875724792480469,-0.37349608540534973,-0.10123431332408472,0.13288304209709167,-0.45076003670692444,-0.11739952512084528,0.14559003710746765,-0.5214749574661255,-0.13121550925075098,0.03762131929397583,-0.2829943299293518,-0.07942490674554392,0.043747276067733765,-0.42967259883880615,-0.10504798240958735,0.04508727788925171,-0.520347535610199,-0.13135493941604182,0.04958942532539368,-0.5996719002723694,-0.1503410006314425,-0.011263519525527954,-0.26663994789123535,-0.08699372060596033,-0.03892776370048523,-0.3819885551929474,-0.1347983742505221,-0.05795027315616608,-0.4724205434322357,-0.17875884123145624,-0.06388099491596222,-0.5608549416065216,-0.20918856211005732,-0.058883026242256165,-0.21522432565689087,-0.09551238663493677,-0.07648155093193054,-0.19097065925598145,-0.1487911904603152,-0.08216768503189087,-0.11936527490615845,-0.17104191727935358,-0.0787399560213089,-0.059973835945129395,-0.18464420385657832,-2.686797943616951,-1.3704272839613785,-1.5330215866292223,-1.747765659794973,1.6980081646461689,0.4800012108423199,0.5151058075842175,0.45730552534024166,0.04638746930805886,0.12381792813149257,0.21314055552113642,0.5131347103658981,0.11992619626176779,0.554745374703924,0.5011014575250295,W
0.0,0.0,0.0,0.05000922083854675,0.01291513442993164,-0.050595486729093864,0.07626277208328247,-0.024990200996398926,-0.08174981009835847,-0.012160003185272217,-0.05907166004180908,-0.10772752594823487,-0.08734029531478882,-0.09638440608978271,-0.13946147096032746,0.09209361672401428,-0.24600034952163696,-0.07650654595965989,0.11991772055625916,-0.3736056089401245,-0.10395138543719895,0.13470864295959473,-0.4494839906692505,-0.12023449522132523,0.1487123668193817,-0.520959734916687,-0.134339479922005,0.040172189474105835,-0.28351545333862305,-0.08133660834903367,0.04588010907173157,-0.4317471385002136,-0.10753454846019395,0.047901690006256104,-0.5214886665344238,-0.1336446238743747,0.0508403480052948,-0.6004967093467712,-0.15265327525014527,-0.008623629808425903,-0.2664641737937927,-0.08849489521855958,-0.036742836236953735,-0.3791266977787018,-0.13710178267831452,-0.05725991725921631,-0.4665950536727905,-0.17889092695588715,-0.06534804403781891,-0.5532613396644592,-0.20732305776948579,-0.056077927350997925,-0.21378618478775024,-0.09688843619699128,-0.07345443964004517,-0.18330329656600952,-0.15071165394658692,-0.08043386042118073,-0.11262631416320801,-0.17195062172288544,-0.0790303498506546,-0.05479395389556885,-0.1845007373082126,-2.730117023529095,-1.3677180867485663,-1.5371535382944181,-1.7660619690863222,1.7141677438284468,0.4857829444814863,0.5227074750598255,0.45740593737819885,0.042412508854535756,0.12611527412743015,0.21648384042610394,0.5188229759670224,0.12542297474780675,0.5609437542825716,0.4986551314963356,W
0.0,0.0,0.0,0.05063527822494507,0.007174253463745117,-0.050078678160389245,0.07602187991142273,-0.03516566753387451,-0.07986383068509895,-0.01165035367012024,-0.07495856285095215,-0.10449106174655753,-0.08658862113952637,-0.11370158195495605,-0.13474880087323982,0.09151053428649902,-0.2560994029045105,-0.07465272325225669,0.1199725866317749,-0.3875249922275543,-0.1007570989722808,0.1357949674129486,-0.4637928307056427,-0.11672839450784522,0.1512930989265442,-0.5351102650165558,-0.13066598701425391,0.03932982683181763,-0.28959912061691284,-0.07847203242727119,0.043084561824798584,-0.44173943996429443,-0.10471554028936225,0.04350000619888306,-0.5329046249389648,-0.13078074085660774,0.046154022216796875,-0.6141383051872253,-0.1498056344980796,-0.009317994117736816,-0.2706165909767151,-0.08447746860929328,-0.034047260880470276,-0.3890177011489868,-0.13148769664712745,-0.05292002856731415,-0.48237329721450806,-0.1721227310890754,-0.05944393575191498,-0.5745302438735962,-0.19998784291692573,-0.056792840361595154,-0.21674197912216187,-0.0918304838533004,-0.07347558438777924,-0.19674384593963623,-0.1420154266352256,-0.08125230669975281,-0.1310056447982788,-0.16100695657678443,-0.08012357354164124,-0.07404577732086182,-0.1725584112400611,-2.6916620228018333,-1.3597217627264602,-1.5497720862539162,-1.7342594860334457,1.732861695927839,0.4839142392008156,0.5177427192386919,0.46162743591614736,0.04017934396702329,0.1315281589036929,0.2143922398739274,0.5158819032592054,0.11278176824374603,0.5546584262837897,0.5009115178149623,W
0.0,0.0,0.0,0.04936710000038147,0.011087775230407715,-0.05163812619991859,0.07540878653526306,-0.028385281562805176,-0.08351179194994529,-0.012627631425857544,-0.06260812282562256,-0.11005254072495063,-0.08681216835975647,-0.10081374645233154,-0.1421224771196421,0.09082311391830444,-0.24823617935180664,-0.07822122407503684,0.11986154317855835,-0.3787342309951782,-0.10625080746956428,0.13393908739089966,-0.4552444815635681,-0.12298957986183723,0.14760571718215942,-0.5275893211364746,-0.13773791474648078,0.036738842725753784,-0.28336548805236816,-0.08326564711876472,0.042890071868896484,-0.43402761220932007,-0.11042551678963264,0.045002520084381104,-0.5227089524269104,-0.13726621848888954,0.048912107944488525,-0.6009378433227539,-0.15723346156426032,-0.012713760137557983,-0.2646064758300781,-0.09078685921974738,-0.037852078676223755,-0.38209468126296997,-0.14028811437435706,-0.05703948438167572,-0.4702555239200592,-0.1833398489410456,-0.06379741430282593,-0.5579052269458771,-0.2133281974250849,-0.05941811203956604,-0.20987629890441895,-0.0996609030420359,-0.07357324659824371,-0.18202894926071167,-0.15449361485786994,-0.08007954061031342,-0.11398959159851074,-0.17761699837990363,-0.07811778783798218,-0.05967867374420166,-0.1921827046329554,-2.7216695428490887,-1.3702637129246624,-1.5324828276603466,-1.7432359168691047,1.6946594519416447,0.4869179974173509,0.5182134612770751,0.45767051515700935,0.042043863516101135,0.1229651747905446,0.2135657700725998,0.5195108032193689,0.1206451096292648,0.5559659010005644,0.49843231377330294,W
0.0,0.0,0.0,0.05115383863449097,0.008996129035949707,-0.05287438568541347,0.0734262764453888,-0.030391573905944824,-0.08731788706847965,-0.014595836400985718,-0.06394392251968384,-0.11680148851939975,-0.09086333215236664,-0.09827989339828491,-0.15239242029258548,0.0883139967918396,-0.24765318632125854,-0.08321576875516712,0.11770400404930115,-0.38008058071136475,-0.11472320121595203,0.1323682963848114,-0.4574925899505615,-0.134996134162634,0.1466696560382843,-0.5295557081699371,-0.15215899360248386,0.036024272441864014,-0.2802279591560364,-0.08877060872384845,0.04175928235054016,-0.43222570419311523,-0.11788801413842975,0.04197317361831665,-0.521859884262085,-0.1473729641444379,0.044254809617996216,-0.5995267033576965,-0.16982215952941715,-0.013061225414276123,-0.2589759826660156,-0.09662786436149418,-0.03659480810165405,-0.38045501708984375,-0.14655377280780613,-0.058620184659957886,-0.4704129099845886,-0.1906967939145261,-0.06906741857528687,-0.5567441880702972,-0.22198948574134647,-0.060191601514816284,-0.20464462041854858,-0.10596240621873676,-0.07528959214687347,-0.17835557460784912,-0.1616692723042661,-0.08084699511528015,-0.11545777320861816,-0.18625928771564304,-0.07787550985813141,-0.06418925523757935,-0.20195140254566013,-2.7497389781376467,-1.366672897974291,-1.545025116833425,-1.7567108417754098,1.696041426849335,0.49236241619942156,0.5191389763155551,0.458982103504881,0.03648088729938991,0.1240352406973786,0.21744355313992147,0.5167073320965101,0.12112915015390423,0.5490919761707506,0.4926336816843629,W
0.0,0.0,0.0,0.05274417996406555,0.012705683708190918,-0.050870455069343734,0.07827159762382507,-0.02594226598739624,-0.08286784516076295,-0.01176479458808899,-0.05677831172943115,-0.10994976685742586,-0.08882002532482147,-0.08956044912338257,-0.14329993651608675,0.09063360095024109,-0.2441720962524414,-0.07851029859284608,0.1211719810962677,-0.3729482889175415,-0.10752758310536592,0.13631394505500793,-0.45021572709083557,-0.12579591499070375,0.1499132513999939,-0.5221150517463684,-0.14166942165593355,0.03746345639228821,-0.2785724401473999,-0.08452374414900987,0.044883280992507935,-0.42569077014923096,-0.11314492599467485,0.04523158073425293,-0.5161177515983582,-0.1425811939070627,0.0463252067565918,-0.5961585640907288,-0.16431438849667757,-0.011662304401397705,-0.25903069972991943,-0.09271794484357088,-0.03411051630973816,-0.3726564347743988,-0.14403155372838228,-0.05564203858375549,-0.46201953291893005,-0.18869893179635255,-0.06544899940490723,-0.5513844192028046,-0.21933987663487642,-0.05816110968589783,-0.20528548955917358,-0.1019787632058069,-0.07108370959758759,-0.17424142360687256,-0.15882609711388795,-0.07746298611164093,-0.10621488094329834,-0.18249471412400453,-0.07587696611881256,-0.05232590436935425,-0.19687281475762575,-2.7778006463366944,-1.3606648319081183,-1.5429001095416741,-1.7527398734007782,1.6861030736382236,0.49406179944020817,0.52431468017099,0.46241494806339056,0.039419970885960706,0.12732998355977632,0.2173421149778685,0.5212322566000802,0.12040845989164596,0.5573933376307026,0.49916745057901707,W
0.0,0.0,0.0,0.04956302046775818,0.007231354713439941,-0.050898503380722104,0.07381775975227356,-0.03722953796386719,-0.08173850910634428,-0.016182422637939453,-0.06950986385345459,-0.10769861178368956,-0.09163081645965576,-0.10750401020050049,-0.13946454958886534,0.08932840824127197,-0.25318443775177,-0.07535694526404768,0.11867859959602356,-0.3835820257663727,-0.1019854097244206,0.1326485574245453,-0.4598255455493927,-0.11833223687381178,0.14619994163513184,-0.5321243703365326,-0.13318493204087645,0.034738123416900635,-0.2871577739715576,-0.08021336035699278,0.03788992762565613,-0.4377039074897766,-0.10498259203404814,0.03826218843460083,-0.5274209976196289,-0.13149891035527617,0.04064008593559265,-0.6062189340591431,-0.15214332179994017,-0.015102177858352661,-0.26810210943222046,-0.08770940439671904,-0.04143166542053223,-0.386746346950531,-0.1359798385378781,-0.060405001044273376,-0.4770633280277252,-0.1803809924599591,-0.06757804751396179,-0.5660916864871979,-0.2120984120842877,-0.06165093183517456,-0.21362847089767456,-0.09649351971120268,-0.07915590703487396,-0.18429726362228394,-0.15275803940266997,-0.08526019752025604,-0.11742943525314331,-0.17838988440007597,-0.08256831765174866,-0.0651174783706665,-0.19499202804536253,-2.7399328071886497,-1.3696684600201454,-1.552300532783842,-1.7451087982794988,1.7107232727036124,0.4866887298243046,0.5159575243174432,0.4592180228780091,0.04334451482257988,0.12896855240155067,0.21645971267445877,0.5200291853355612,0.11541819789359803,0.5549514357695902,0.5011984291643276,W
0.0,0.0,0.0,0.046795010566711426,0.01318657398223877,-0.05065665555184751,0.07200124859809875,-0.028046011924743652,-0.08095978734081655,-0.015807628631591797,-0.06608760356903076,-0.10587996033018499,-0.09047755599021912,-0.10791945457458496,-0.13687059816902547,0.08910846710205078,-0.2482084035873413,-0.07560829606836705,0.11741966009140015,-0.3762318193912506,-0.10021205780094533,0.1314738392829895,-0.4527382552623749,-0.11452881035393148,0.14482194185256958,-0.5250043272972107,-0.12740460571831136,0.037606000900268555,-0.28680145740509033,-0.07931356665676503,0.044456660747528076,-0.43244218826293945,-0.10315337565725713,0.04589831829071045,-0.5234487056732178,-0.12885541257446675,0.04984039068222046,-0.6040893197059631,-0.14786862370556264,-0.00980466604232788,-0.2710738182067871,-0.08511182454412847,-0.038683027029037476,-0.38719165325164795,-0.13242459830826192,-0.060223594307899475,-0.47837087512016296,-0.175957968207058,-0.06815865635871887,-0.5673674046993256,-0.20616636213844686,-0.05687496066093445,-0.2204885482788086,-0.09179400441234975,-0.0725509524345398,-0.19876104593276978,-0.14446594354694753,-0.07837684452533722,-0.12473303079605103,-0.16590473589485555,-0.07417893409729004,-0.06209278106689453,-0.179156472654995,-2.6846932369704235,-1.3721703316828104,-1.5322561454557397,-1.7652541301223876,1.6796099925066252,0.4788795722716907,0.5156293835914121,0.45998973048817854,0.048638761090195576,0.12359583766057043,0.21715286215340535,0.5121020243078013,0.12358104281937633,0.5560045330889822,0.505310487750793,W
0.0,0.0,0.0,0.04780283570289612,0.011734604835510254,-0.05136391289659059,0.07404255867004395,-0.03028082847595215,-0.08209658928342378,-0.013717621564865112,-0.06386178731918335,-0.10739749439187563,-0.08815810084342957,-0.10243880748748779,-0.13842634625859773,0.08926641941070557,-0.25148260593414307,-0.07727886505551851,0.11954864859580994,-0.38114017248153687,-0.10422418780751741,0.1348663866519928,-0.45726755261421204,-0.1198748848599962,0.14840379357337952,-0.5290125608444214,-0.13358706005044496,0.03699016571044922,-0.28828614950180054,-0.08156605579085863,0.04294806718826294,-0.43700242042541504,-0.10775638885922945,0.04462006688117981,-0.5264612138271332,-0.13416757948823488,0.04808741807937622,-0.6068725883960724,-0.15354655452199495,-0.011144012212753296,-0.27058762311935425,-0.08825118608899629,-0.038949787616729736,-0.38076308369636536,-0.13786302276082552,-0.060432806611061096,-0.4710988700389862,-0.18242631621785677,-0.06756488978862762,-0.5619403719902039,-0.21319289274640596,-0.05702690780162811,-0.21634650230407715,-0.09599595286078966,-0.07336704432964325,-0.18148881196975708,-0.15179681547112978,-0.08039042353630066,-0.10977238416671753,-0.17595448859162843,-0.07730662822723389,-0.05334639549255371,-0.19090679057069337,-2.7230141947382807,-1.3608516073926402,-1.5359776211120526,-1.762080110392678,1.6945756553257814,0.4877773026116442,0.5225095987140088,0.4599627899319589,0.05027742409293054,0.1269864523585005,0.2184644431937866,0.5265011826861941,0.12407401172823963,0.5675516831790808,0.5086872658102407,W
0.0,0.0,0.0,0.04861044883728027,0.011996984481811523,-0.05010264279428611,0.07368960976600647,-0.02837061882019043,-0.0804155907231916,-0.013850301504135132,-0.06564009189605713,-0.10534068109575401,-0.08541323244571686,-0.10500788688659668,-0.13615492643896232,0.0939212441444397,-0.246171236038208,-0.07567287894073615,0.12424620985984802,-0.37521013617515564,-0.10190343769374977,0.13952583074569702,-0.45238882303237915,-0.11706402810398231,0.15318191051483154,-0.5238020420074463,-0.12996221246305595,0.04029962420463562,-0.2833136320114136,-0.07976709963861595,0.04798194766044617,-0.43357861042022705,-0.10505743237320075,0.050646305084228516,-0.523651123046875,-0.1306584245163549,0.055126845836639404,-0.6008208692073822,-0.14871012332025657,-0.00816395878791809,-0.26681971549987793,-0.08597083302322517,-0.03652206063270569,-0.3821175694465637,-0.13343422772470603,-0.057300686836242676,-0.47174331545829773,-0.17540287139001975,-0.06447435915470123,-0.5581727027893066,-0.2036983883577932,-0.05460076034069061,-0.21484023332595825,-0.09317565621915946,-0.07032479345798492,-0.1926162838935852,-0.14501244487348686,-0.07627783715724945,-0.11994802951812744,-0.16509402455869804,-0.07252061367034912,-0.05861639976501465,-0.17673251690450797,-2.6927050467340563,-1.3605008771119802,-1.5241313829335434,-1.7617144508272848,1.6850034483932725,0.48199189475316984,0.515346511622464,0.45364830737790063,0.048149659357454196,0.12468638840025013,0.22035333909210017,0.5170486545500971,0.12697761351594442,0.5570274325397876,0.49962109853670994,W
0.0,0.0,0.0,0.05146825313568115,0.01153343915939331,-0.04842135793376201,0.07486721873283386,-0.02648979425430298,-0.07837207726049655,-0.014896541833877563,-0.0632132887840271,-0.10340888908910983,-0.09087793529033661,-0.10473394393920898,-0.13426191470432514,0.09123045206069946,-0.2526854872703552,-0.07387028000164264,0.12312939763069153,-0.37880808115005493,-0.1003080394010567,0.13819736242294312,-0.45539891719818115,-0.11617247870970004,0.1510169506072998,-0.5285953283309937,-0.13021437189388507,0.03885376453399658,-0.28790944814682007,-0.08022427669573062,0.04869028925895691,-0.4350159168243408,-0.107221254323008,0.049565672874450684,-0.5266866087913513,-0.1344656731824898,0.05158594250679016,-0.6100683212280273,-0.15378167590904468,-0.010130584239959717,-0.2689805030822754,-0.08862993976879352,-0.03713512420654297,-0.3820713460445404,-0.13816110155391925,-0.0579046756029129,-0.4732568860054016,-0.1806506749134087,-0.06546521186828613,-0.5666956901550293,-0.2090683516006493,-0.05825601518154144,-0.21324408054351807,-0.09785037598419422,-0.07512985169887543,-0.19033443927764893,-0.15023472270775073,-0.08010266721248627,-0.11959511041641235,-0.16930461785602802,-0.0768776684999466,-0.06089675426483154,-0.18034095427799457,-2.70053352847299,-1.3574067994092673,-1.5312954585509955,-1.7545636709188983,1.6924245630982209,0.4880282870919992,0.5250321793441546,0.46266020088018767,0.04601854700823834,0.12854716622113346,0.21980938160421729,0.5202671559896495,0.12482851383691283,0.5639967281054935,0.5059276704372137,W
0.0,0.0,0.0,0.04876580834388733,0.011275529861450195,-0.05019280773535684,0.07383275032043457,-0.031174898147583008,-0.08066036266222909,-0.01772668957710266,-0.07433217763900757,-0.1057012276066871,-0.09581644833087921,-0.11728149652481079,-0.13684713554516748,0.09051850438117981,-0.2560799717903137,-0.07319259357586816,0.11963462829589844,-0.3804413676261902,-0.09990837884083703,0.1348402202129364,-0.4562719166278839,-0.11691323381796792,0.1489793360233307,-0.5287942588329315,-0.1315922112478347,0.03846573829650879,-0.2946392893791199,-0.07821637851134255,0.046436041593551636,-0.4386395514011383,-0.10258835268155053,0.048544108867645264,-0.5287547707557678,-0.1293988646282287,0.0538058876991272,-0.6115551292896271,-0.1488559813512893,-0.010562807321548462,-0.27841323614120483,-0.08555897784367517,-0.03972673416137695,-0.3912171721458435,-0.13258248281613305,-0.06037317216396332,-0.4796498119831085,-0.17539503884449914,-0.06786437332630157,-0.5695345997810364,-0.20485368085041955,-0.06007109582424164,-0.2265833616256714,-0.09392282825842813,-0.07789227366447449,-0.2063799500465393,-0.14625051331654504,-0.08156381547451019,-0.13231950998306274,-0.16616582584515527,-0.07600836455821991,-0.07284384965896606,-0.17782796633377984,-2.6719179243568463,-1.3596256701851221,-1.5224295881928844,-1.7651424493069285,1.6740914733450856,0.4788190990134507,0.5164235349842266,0.45311608656275687,0.04865248854599535,0.12612433129523334,0.22063764335460898,0.5084390239142547,0.1287220933568838,0.5541313769228723,0.4967575121223739,W
