x0,y0,z0,x1,y1,z1,x2,y2,z2,x3,y3,z3,x4,y4,z4,x5,y5,z5,x6,y6,z6,x7,y7,z7,x8,y8,z8,x9,y9,z9,x10,y10,z10,x11,y11,z11,x12,y12,z12,x13,y13,z13,x14,y14,z14,x15,y15,z15,x16,y16,z16,x17,y17,z17,x18,y18,z18,x19,y19,z19,x20,y20,z20,angle0,angle1,angle2,angle3,angle4,dist01,dist02,dist03,dist04,dist12,dist13,dist14,dist23,dist24,dist34,label
0.0,0.0,0.0,0.075253427028656,-0.016215980052947998,-0.029559583135295497,0.15569600462913513,-0.06976586580276489,-0.045248866744685756,0.22691911458969116,-0.10011303424835205,-0.059631419100213634,0.279295951128006,-0.09479600191116333,-0.07320944286172448,0.11423680186271667,-0.21734619140625,-0.031302724697042095,0.1304655373096466,-0.32913145422935486,-0.05425009570305406,0.13583165407180786,-0.3936765193939209,-0.07074385947768747,0.13827651739120483,-0.4509705901145935,-0.0852205014902836,0.06797552108764648,-0.22675782442092896,-0.03282525084202348,0.07719592750072479,-0.2648651897907257,-0.07317759908025323,0.06670930981636047,-0.1689894199371338,-0.08171617306058465,0.06085890531539917,-0.11541998386383057,-0.08053509212319909,0.020873382687568665,-0.22030490636825562,-0.03733277014677583,0.025721892714500427,-0.25327566266059875,-0.07697997308557092,0.026551127433776855,-0.16717684268951416,-0.06616745210473596,0.02658596634864807,-0.1194877028465271,-0.050785922177482234,-0.025183871388435364,-0.20405691862106323,-0.044605360098529445,-0.021038547158241272,-0.23696622252464294,-0.07196290112321435,-0.011138156056404114,-0.173187255859375,-0.06240996412222444,-0.004948347806930542,-0.13233959674835205,-0.049978972144771205,-0.19980716016982925,-1.4682582150177457,1.6346285999877697,1.5141940657776864,1.2957888292115203,0.38307547294669114,0.2194085039712974,0.25391340354984165,0.2867129975957012,0.3443656429070335,0.34979377316322197,0.34934091077997415,0.03451348552581781,0.06794753758355368,0.034052667239534866,L
0.0,0.0,0.0,0.07701627910137177,-0.013854026794433594,-0.028591665814531098,0.16055750846862793,-0.06708294153213501,-0.042065185869944344,0.23201900720596313,-0.09486716985702515,-0.05408747997404362,0.2824510931968689,-0.08744615316390991,-0.06537728142262722,0.11520269513130188,-0.2170015573501587,-0.02957582604409481,0.13136816024780273,-0.32856833934783936,-0.05108031016112591,0.13704225420951843,-0.39418280124664307,-0.06699253749371792,0.1399323046207428,-0.4518696367740631,-0.08112499993563915,0.07047706842422485,-0.22497648000717163,-0.03072391953588749,0.07780951261520386,-0.25724726915359497,-0.07030901443482662,0.06817857921123505,-0.1632397174835205,-0.07892123740435864,0.06166370213031769,-0.1086280345916748,-0.07762082051755215,0.02320799231529236,-0.21707510948181152,-0.034791053648007164,0.026256084442138672,-0.2461588978767395,-0.07466426622391964,0.02801799774169922,-0.16146355867385864,-0.06598601620913769,0.02964034676551819,-0.11241281032562256,-0.05179056283355976,-0.0219125896692276,-0.19893509149551392,-0.04132858049393917,-0.02043353021144867,-0.22668474912643433,-0.06857787203313137,-0.009568855166435242,-0.1637110710144043,-0.060347319955837975,-0.001230865716934204,-0.12349581718444824,-0.04899854716182972,-0.16552871686398027,-1.46589136883238,1.6464016944030602,1.5094153496857698,1.3032199474943562,0.3913004989822606,0.22180113650473954,0.2540405626686557,0.28596334046371463,0.3520522285180668,0.35692471613771065,0.35743028138597455,0.03224623724059154,0.06462799411956516,0.032800378064429404,L
0.0,0.0,0.0,0.07906398177146912,-0.012414216995239258,-0.03191434110958369,0.16372066736221313,-0.060120582580566406,-0.04666457589227946,0.23754525184631348,-0.08703422546386719,-0.058655063467810464,0.289527028799057,-0.08240509033203125,-0.06857079904038699,0.12202325463294983,-0.2143101692199707,-0.029982316153834176,0.13941702246665955,-0.32794544100761414,-0.0535822835143307,0.14663022756576538,-0.3938504159450531,-0.0708445746775368,0.1500159502029419,-0.4515799283981323,-0.08514720092971118,0.07656921446323395,-0.22278118133544922,-0.02895318980772288,0.08604533970355988,-0.2528551518917084,-0.06605724881846697,0.07447579503059387,-0.15695196390151978,-0.07143139730651171,0.06872498989105225,-0.10848397016525269,-0.06850746165473254,0.028015166521072388,-0.21572047472000122,-0.031789130377362085,0.0344068706035614,-0.24218201637268066,-0.07146470885236056,0.0330827534198761,-0.15749651193618774,-0.059789127516339136,0.033981770277023315,-0.11564213037490845,-0.0438207637842396,-0.016547471284866333,-0.19662189483642578,-0.03734107207019122,-0.013301730155944824,-0.22467321157455444,-0.06276029239852221,-0.005463659763336182,-0.1611766219139099,-0.05094459544379504,0.00015084445476531982,-0.12567782402038574,-0.03750973831374438,-0.17531491387309922,-1.4533608227246813,1.6393189401155976,1.5112474856024036,1.3396309572600387,0.3946560554611868,0.22233679038631382,0.2576976522669635,0.29259375513931385,0.3525947486622101,0.35541262646643945,0.358708421365816,0.035472955427138346,0.07069683184350417,0.03528805306243171,L
0.0,0.0,0.0,0.07906398177146912,-0.012414216995239258,-0.03191434110958369,0.16372066736221313,-0.060120582580566406,-0.04666457589227946,0.23754525184631348,-0.08703422546386719,-0.058655063467810464,0.289527028799057,-0.08240509033203125,-0.06857079904038699,0.12202325463294983,-0.2143101692199707,-0.029982316153834176,0.13941702246665955,-0.32794544100761414,-0.0535822835143307,0.14663022756576538,-0.3938504159450531,-0.0708445746775368,0.1500159502029419,-0.4515799283981323,-0.08514720092971118,0.07656921446323395,-0.22278118133544922,-0.02895318980772288,0.08604533970355988,-0.2528551518917084,-0.06605724881846697,0.07447579503059387,-0.15695196390151978,-0.07143139730651171,0.06872498989105225,-0.10848397016525269,-0.06850746165473254,0.028015166521072388,-0.21572047472000122,-0.031789130377362085,0.0344068706035614,-0.24218201637268066,-0.07146470885236056,0.0330827534198761,-0.15749651193618774,-0.059789127516339136,0.033981770277023315,-0.11564213037490845,-0.0438207637842396,-0.016547471284866333,-0.19662189483642578,-0.03734107207019122,-0.013301730155944824,-0.22467321157455444,-0.06276029239852221,-0.005463659763336182,-0.1611766219139099,-0.05094459544379504,0.00015084445476531982,-0.12567782402038574,-0.03750973831374438,-0.17531491387309922,-1.4533608227246813,1.6393189401155976,1.5112474856024036,1.3396309572600387,0.3946560554611868,0.22233679038631382,0.2576976522669635,0.29259375513931385,0.3525947486622101,0.35541262646643945,0.358708421365816,0.035472955427138346,0.07069683184350417,0.03528805306243171,L
0.0,0.0,0.0,0.0828387439250946,-0.013662993907928467,-0.03315769951444736,0.16991977393627167,-0.06427288055419922,-0.04432300548654666,0.24451474845409393,-0.09603935480117798,-0.05142500694495311,0.2972972244024277,-0.0894324779510498,-0.05530522461634746,0.1255401223897934,-0.21815842390060425,-0.02733954112630954,0.1443011313676834,-0.3346330523490906,-0.049804535467444566,0.1501348465681076,-0.3983381390571594,-0.0662744834611999,0.15324561297893524,-0.4578920006752014,-0.08004500414830318,0.07964636385440826,-0.22752845287322998,-0.024194204021512178,0.08606547117233276,-0.260122686624527,-0.05843514646988979,0.07290193438529968,-0.16195815801620483,-0.062089488614617494,0.0691341906785965,-0.11402726173400879,-0.05867436598640552,0.030104056000709534,-0.22017145156860352,-0.025450232211767343,0.035894930362701416,-0.2432214617729187,-0.0639580681512939,0.03174297511577606,-0.1559467911720276,-0.05155511270862689,0.03464530408382416,-0.11609601974487305,-0.035400510538636354,-0.014762729406356812,-0.19987446069717407,-0.029576710198341516,-0.012907251715660095,-0.22632282972335815,-0.05336834560733905,-0.005791693925857544,-0.16171330213546753,-0.04078953411084285,0.002152055501937866,-0.12780094146728516,-0.027263060916482118,-0.19500983671570346,-1.4557389122070163,1.6631501527877917,1.527189788743025,1.3402801264919235,0.39561760152932335,0.22948479981774964,0.26400184792542836,0.2976286439808765,0.35400238706607684,0.3617879570275124,0.3630280574281536,0.03455087637462445,0.06838362878802966,0.034537174116190374,L
0.0,0.0,0.0,0.07892067730426788,-0.014464974403381348,-0.03135396793771861,0.1636311560869217,-0.06919252872467041,-0.045687305483113505,0.23685456812381744,-0.0991055965423584,-0.05806239202905772,0.2897348254919052,-0.09242451190948486,-0.06887984156895754,0.12043865025043488,-0.2221488356590271,-0.029031757938753344,0.13841073215007782,-0.3388001024723053,-0.05283304930020449,0.14474330842494965,-0.4047456681728363,-0.06955605626393435,0.14719782769680023,-0.4635481834411621,-0.08373524874735949,0.07322445511817932,-0.2319125533103943,-0.029231722208749034,0.08170610666275024,-0.26436132192611694,-0.07016465693999407,0.06850028038024902,-0.16358208656311035,-0.07671803117085574,0.06303177773952484,-0.11114037036895752,-0.07318550974417803,0.02358938753604889,-0.223921537399292,-0.03320689380456088,0.029853299260139465,-0.24565231800079346,-0.07498749226618884,0.027532830834388733,-0.1579945683479309,-0.06295668214846728,0.029199674725532532,-0.11613529920578003,-0.04579349115778086,-0.023085176944732666,-0.2059178352355957,-0.04002143696237681,-0.0200616717338562,-0.23023241758346558,-0.06723711520720599,-0.012627825140953064,-0.1652967929840088,-0.05590709179926989,-0.005222037434577942,-0.13080644607543945,-0.04210727170396922,-0.18218640998674052,-1.4603967953475097,1.6549927066287544,1.5187931303677762,1.3373117574032145,0.39755449351201405,0.2274742957305134,0.2616118617705755,0.2974436482054237,0.3623191834277402,0.36690499620116607,0.3659902718267619,0.03419883782286042,0.07103054145586715,0.037417867637060974,L
0.0,0.0,0.0,0.08208177983760834,-0.0233609676361084,-0.033552002074024756,0.1641114205121994,-0.07339763641357422,-0.04722437253763445,0.24119864404201508,-0.10116761922836304,-0.05651837951113947,0.29409943521022797,-0.09677612781524658,-0.061777830036184866,0.12256182730197906,-0.22935205698013306,-0.029713110910556395,0.14183051884174347,-0.34591859579086304,-0.05390152326395281,0.14909504354000092,-0.41210606694221497,-0.07164507723023661,0.15347589552402496,-0.47393742203712463,-0.085794117213986,0.07598695158958435,-0.23882949352264404,-0.026384824799201567,0.08457833528518677,-0.27043503522872925,-0.05917137107422121,0.0726296454668045,-0.17095649242401123,-0.06097894525697001,0.0678095668554306,-0.12526148557662964,-0.05696875220706232,0.02535061538219452,-0.23178356885910034,-0.027457190589807112,0.03217919170856476,-0.26018136739730835,-0.06477856254746683,0.029944896697998047,-0.17046809196472168,-0.05039006090333231,0.030997827649116516,-0.13008469343185425,-0.03343790760805376,-0.020345285534858704,-0.21044844388961792,-0.03141963100602396,-0.019336506724357605,-0.24024266004562378,-0.05301373815705546,-0.009582728147506714,-0.17428058385849,-0.03787904223968752,-0.0030021965503692627,-0.13969898223876953,-0.02296374543180235,-0.17794873703893996,-1.4450692336670525,1.6426765725934505,1.5153245364506822,1.3304027731196588,0.40252406359495974,0.22807568946914422,0.2652016524169428,0.30018619393082097,0.3590454407650357,0.36501448749283966,0.3690538279683348,0.037126371724266055,0.07226857648043358,0.03533321659329072,L
0.0,0.0,0.0,0.08208177983760834,-0.0233609676361084,-0.033552002074024756,0.1641114205121994,-0.07339763641357422,-0.04722437253763445,0.24119864404201508,-0.10116761922836304,-0.05651837951113947,0.29409943521022797,-0.09677612781524658,-0.061777830036184866,0.12256182730197906,-0.22935205698013306,-0.029713110910556395,0.14183051884174347,-0.34591859579086304,-0.05390152326395281,0.14909504354000092,-0.41210606694221497,-0.07164507723023661,0.15347589552402496,-0.47393742203712463,-0.085794117213986,0.07598695158958435,-0.23882949352264404,-0.026384824799201567,0.08457833528518677,-0.27043503522872925,-0.05917137107422121,0.0726296454668045,-0.17095649242401123,-0.06097894525697001,0.0678095668554306,-0.12526148557662964,-0.05696875220706232,0.02535061538219452,-0.23178356885910034,-0.027457190589807112,0.03217919170856476,-0.26018136739730835,-0.06477856254746683,0.029944896697998047,-0.17046809196472168,-0.05039006090333231,0.030997827649116516,-0.13008469343185425,-0.03343790760805376,-0.020345285534858704,-0.21044844388961792,-0.03141963100602396,-0.019336506724357605,-0.24024266004562378,-0.05301373815705546,-0.009582728147506714,-0.17428058385849,-0.03787904223968752,-0.0030021965503692627,-0.13969898223876953,-0.02296374543180235,-0.17794873703893996,-1.4450692336670525,1.6426765725934505,1.5153245364506822,1.3304027731196588,0.40252406359495974,0.22807568946914422,0.2652016524169428,0.30018619393082097,0.3590454407650357,0.36501448749283966,0.3690538279683348,0.037126371724266055,0.07226857648043358,0.03533321659329072,L
0.0,0.0,0.0,0.08115020394325256,-0.02032238245010376,-0.03370275506109266,0.16064271330833435,-0.07046377658843994,-0.05345992901653318,0.23317483067512512,-0.09891855716705322,-0.07255391561717062,0.2869628369808197,-0.0831674337387085,-0.09072975599497823,0.11944150924682617,-0.23043030500411987,-0.031769064900579735,0.13896286487579346,-0.34809088706970215,-0.060321600821914956,0.14802822470664978,-0.41751837730407715,-0.07901853108138113,0.15130731463432312,-0.47863227128982544,-0.09400817537039785,0.06822068989276886,-0.24073058366775513,-0.03380137467116384,0.08040247857570648,-0.2762078046798706,-0.08081313007802038,0.06504866480827332,-0.16944730281829834,-0.08699979418248205,0.054807692766189575,-0.11475551128387451,-0.08110549086064367,0.016830548644065857,-0.2326461672782898,-0.040241228130760476,0.02456781268119812,-0.2598308324813843,-0.08809195244044332,0.02225777506828308,-0.16571730375289917,-0.07485432707995443,0.02040085196495056,-0.12290751934051514,-0.05442493939131765,-0.03374561667442322,-0.2151196002960205,-0.04967005336016683,-0.026957720518112183,-0.2479190230369568,-0.08028307342261343,-0.016789481043815613,-0.1798558235168457,-0.06761753344267873,-0.011942833662033081,-0.14298951625823975,-0.051533391413393304,-0.10023017377565534,-1.44310824007679,1.6768701157402142,1.53827319602075,1.2772579808778681,0.418084750358623,0.23429429704607652,0.26950800778314427,0.3048332027509917,0.3764551414088021,0.37904696426433254,0.37323808745085935,0.03535938247873313,0.07247614652654577,0.038070994210036714,L
0.0,0.0,0.0,0.07821547985076904,-0.02174830436706543,-0.03234245820563331,0.1591404676437378,-0.07609552145004272,-0.05032348080199256,0.23201331496238708,-0.10127073526382446,-0.06735116435807242,0.2873820960521698,-0.0920378565788269,-0.0834046770505239,0.11783942580223083,-0.23438125848770142,-0.034178214209489965,0.13712623715400696,-0.3514045476913452,-0.06298466964285865,0.14518702030181885,-0.42012903094291687,-0.08208437456410422,0.14842593669891357,-0.48176562786102295,-0.09760675771754279,0.0675615668296814,-0.2438068389892578,-0.03681357397358909,0.07865588366985321,-0.2773350477218628,-0.08403836383145347,0.06440003216266632,-0.17210924625396729,-0.09153573407452598,0.05524033308029175,-0.1178482174873352,-0.08747848315756812,0.016059011220932007,-0.23476845026016235,-0.043470768319778585,0.022237300872802734,-0.2599768042564392,-0.09169929667037025,0.021322548389434814,-0.1663265824317932,-0.07957003458064094,0.02066466212272644,-0.1233171820640564,-0.06057864992540374,-0.03471876680850983,-0.21697503328323364,-0.05284103571098342,-0.029115960001945496,-0.24819117784500122,-0.08487264259379401,-0.019179821014404297,-0.18035364151000977,-0.07337895973246589,-0.014145985245704651,-0.14407575130462646,-0.05829999415796294,-0.12368030033969389,-1.447781000960971,1.668305797230087,1.5294954787499546,1.295741055208281,0.41375904815580195,0.23357220049894437,0.26854531417382416,0.30598550014448556,0.37565867259369634,0.3805367677052938,0.3747853819633863,0.03500552236015421,0.07417779115728414,0.0405302278197989,L
0.0,0.0,0.0,0.07901851832866669,-0.024886250495910645,-0.03571006712490288,0.16010811924934387,-0.08151715993881226,-0.053962495745956574,0.23641043901443481,-0.10928809642791748,-0.0694760201590654,0.29280921816825867,-0.0996849536895752,-0.08302791845971313,0.11714400351047516,-0.23864412307739258,-0.04017495420747963,0.1357409656047821,-0.3571001887321472,-0.070508283199608,0.14245662093162537,-0.42567598819732666,-0.09067446422749725,0.14495548605918884,-0.4894396960735321,-0.10675452333861557,0.06788228452205658,-0.24679434299468994,-0.04051229041987625,0.07820385694503784,-0.2810651659965515,-0.08465103489333359,0.06716081500053406,-0.17567312717437744,-0.08957849872285095,0.06062145531177521,-0.12291073799133301,-0.0853923751133081,0.01602303981781006,-0.23736447095870972,-0.04537712839418617,0.02204011380672455,-0.2657462954521179,-0.09243061077767578,0.02363339066505432,-0.17019760608673096,-0.07949238699847427,0.025311976671218872,-0.12650740146636963,-0.060968407066404495,-0.0340094268321991,-0.21705889701843262,-0.05319746267968384,-0.03103359043598175,-0.2501956820487976,-0.0838044924753305,-0.018286988139152527,-0.18157052993774414,-0.07157209944897858,-0.01176886260509491,-0.14387279748916626,-0.05688310098820892,-0.1360617436746493,-1.4603545262597477,1.6293394432094777,1.4871995972551244,1.275774051045843,0.41685667238196533,0.23334651117325578,0.26883864661403223,0.3077667506850546,0.37610597689338593,0.38214450121320526,0.3794456520523873,0.03549218604172708,0.07536422272203322,0.040945642264646136,L
0.0,0.0,0.0,0.07901851832866669,-0.024886250495910645,-0.03571006712490288,0.16010811924934387,-0.08151715993881226,-0.053962495745956574,0.23641043901443481,-0.10928809642791748,-0.0694760201590654,0.29280921816825867,-0.0996849536895752,-0.08302791845971313,0.11714400351047516,-0.23864412307739258,-0.04017495420747963,0.1357409656047821,-0.3571001887321472,-0.070508283199608,0.14245662093162537,-0.42567598819732666,-0.09067446422749725,0.14495548605918884,-0.4894396960735321,-0.10675452333861557,0.06788228452205658,-0.24679434299468994,-0.04051229041987625,0.07820385694503784,-0.2810651659965515,-0.08465103489333359,0.06716081500053406,-0.17567312717437744,-0.08957849872285095,0.06062145531177521,-0.12291073799133301,-0.0853923751133081,0.01602303981781006,-0.23736447095870972,-0.04537712839418617,0.02204011380672455,-0.2657462954521179,-0.09243061077767578,0.02363339066505432,-0.17019760608673096,-0.07949238699847427,0.025311976671218872,-0.12650740146636963,-0.060968407066404495,-0.0340094268321991,-0.21705889701843262,-0.05319746267968384,-0.03103359043598175,-0.2501956820487976,-0.0838044924753305,-0.018286988139152527,-0.18157052993774414,-0.07157209944897858,-0.01176886260509491,-0.14387279748916626,-0.05688310098820892,-0.1360617436746493,-1.4603545262597477,1.6293394432094777,1.4871995972551244,1.275774051045843,0.41685667238196533,0.23334651117325578,0.26883864661403223,0.3077667506850546,0.37610597689338593,0.38214450121320526,0.3794456520523873,0.03549218604172708,0.07536422272203322,0.040945642264646136,L
0.0,0.0,0.0,0.08234447240829468,-0.02651059627532959,-0.03254062327134477,0.16348111629486084,-0.08211326599121094,-0.05010230856525766,0.23910972476005554,-0.10980188846588135,-0.06625393050300943,0.2953091859817505,-0.10226255655288696,-0.08093336986887323,0.11940780282020569,-0.24357980489730835,-0.0337530227242695,0.13646787405014038,-0.36428260803222656,-0.06286836432802545,0.1429579257965088,-0.43260568380355835,-0.08206801133739816,0.144384503364563,-0.4951767325401306,-0.09751605259764062,0.06829550862312317,-0.2520352602005005,-0.03634108247744905,0.08088956773281097,-0.287844181060791,-0.0819211454926716,0.06799715757369995,-0.18008148670196533,-0.08837410824882852,0.058819547295570374,-0.13011795282363892,-0.08432361500847207,0.015765339136123657,-0.24113517999649048,-0.04317048209297525,0.022967815399169922,-0.2682313323020935,-0.0917056577144848,0.023567169904708862,-0.17200523614883423,-0.07927074300634729,0.023554250597953796,-0.13351857662200928,-0.06032594310629236,-0.035807445645332336,-0.21996372938156128,-0.05251246335494386,-0.03163743019104004,-0.25354206562042236,-0.08334361779081689,-0.018410995602607727,-0.1850341558456421,-0.07016541081058847,-0.012481898069381714,-0.1511598825454712,-0.05450001003730165,-0.15167139256921403,-1.4718478477743515,1.6483648743930932,1.4985458241558618,1.2439408687284954,0.4209035632004479,0.23812448909618816,0.273546492750342,0.3116509263753217,0.3749523627811707,0.38130902392382326,0.3780934553507684,0.0354288779583685,0.07434150198610313,0.040122558311497025,L
0.0,0.0,0.0,0.08274216204881668,-0.02664273977279663,-0.03212935364449265,0.1649465337395668,-0.08306443691253662,-0.04932878053391221,0.2413119450211525,-0.11191916465759277,-0.06525083518231156,0.29773692041635513,-0.10111331939697266,-0.07977715766632798,0.12052560597658157,-0.24406886100769043,-0.032805262865664986,0.13834021240472794,-0.36445099115371704,-0.06135985514724496,0.14495853334665298,-0.43323835730552673,-0.08002905434572938,0.14708802849054337,-0.49522778391838074,-0.09505930429899934,0.06976597756147385,-0.25287437438964844,-0.03543769082629922,0.08219970017671585,-0.28749173879623413,-0.08175023532116654,0.06955791264772415,-0.17986881732940674,-0.0885797280689502,0.06024821847677231,-0.1269364356994629,-0.08419792241060975,0.016943372786045074,-0.24261510372161865,-0.042205090435388115,0.024141021072864532,-0.2686747908592224,-0.09123948103392365,0.02492835372686386,-0.17233330011367798,-0.07945725953781846,0.025090359151363373,-0.13072824478149414,-0.06034851333701852,-0.03482773154973984,-0.22129172086715698,-0.05141552424633744,-0.03056531399488449,-0.2562754154205322,-0.0827399629970813,-0.016708500683307648,-0.18677109479904175,-0.07012179380858186,-0.010024450719356537,-0.1501457691192627,-0.054403158636930016,-0.13509224768325367,-1.4654285878798239,1.6462279286524197,1.4981100992781125,1.2353466832243638,0.4219257041037807,0.2388885030396397,0.27425023459453174,0.3116428126703745,0.37839089547204496,0.3843739655013001,0.3791647769259428,0.035361743289320714,0.07400622402028083,0.04012592832153099,L
0.0,0.0,0.0,0.08274216204881668,-0.02664273977279663,-0.03212935364449265,0.1649465337395668,-0.08306443691253662,-0.04932878053391221,0.2413119450211525,-0.11191916465759277,-0.06525083518231156,0.29773692041635513,-0.10111331939697266,-0.07977715766632798,0.12052560597658157,-0.24406886100769043,-0.032805262865664986,0.13834021240472794,-0.36445099115371704,-0.06135985514724496,0.14495853334665298,-0.43323835730552673,-0.08002905434572938,0.14708802849054337,-0.49522778391838074,-0.09505930429899934,0.06976597756147385,-0.25287437438964844,-0.03543769082629922,0.08219970017671585,-0.28749173879623413,-0.08175023532116654,0.06955791264772415,-0.17986881732940674,-0.0885797280689502,0.06024821847677231,-0.1269364356994629,-0.08419792241060975,0.016943372786045074,-0.24261510372161865,-0.042205090435388115,0.024141021072864532,-0.2686747908592224,-0.09123948103392365,0.02492835372686386,-0.17233330011367798,-0.07945725953781846,0.025090359151363373,-0.13072824478149414,-0.06034851333701852,-0.03482773154973984,-0.22129172086715698,-0.05141552424633744,-0.03056531399488449,-0.2562754154205322,-0.0827399629970813,-0.016708500683307648,-0.18677109479904175,-0.07012179380858186,-0.010024450719356537,-0.1501457691192627,-0.054403158636930016,-0.13509224768325367,-1.4654285878798239,1.6462279286524197,1.4981100992781125,1.2353466832243638,0.4219257041037807,0.2388885030396397,0.27425023459453174,0.3116428126703745,0.37839089547204496,0.3843739655013001,0.3791647769259428,0.035361743289320714,0.07400622402028083,0.04012592832153099,L
0.0,0.0,0.0,0.08106350898742676,-0.025176644325256348,-0.034238326538670094,0.16248741745948792,-0.07947760820388794,-0.05284510477291349,0.23868399858474731,-0.10449367761611938,-0.06994112132893804,0.295512855052948,-0.09510612487792969,-0.0855204343687177,0.12116198241710663,-0.2392059564590454,-0.03476699738608602,0.1396736204624176,-0.3588007986545563,-0.0640116065631986,0.14704617857933044,-0.42867380380630493,-0.08305397926675084,0.14880186319351196,-0.49356478452682495,-0.0984434068094373,0.06901387870311737,-0.24948209524154663,-0.036244272429811986,0.07870958745479584,-0.28270620107650757,-0.08091333060370687,0.06600737571716309,-0.17349237203598022,-0.08568414597617391,0.05930422246456146,-0.12329751253128052,-0.08052509574996236,0.01570063829421997,-0.24007129669189453,-0.04233644082056287,0.021899208426475525,-0.2640496492385864,-0.08999673574076894,0.021919265389442444,-0.16733050346374512,-0.07629421650277379,0.022481679916381836,-0.12893050909042358,-0.05662702320920232,-0.03618203103542328,-0.22109931707382202,-0.051294549543726475,-0.031378597021102905,-0.252755343914032,-0.08228636829959157,-0.020053178071975708,-0.1831093430519104,-0.0691845744739652,-0.014187723398208618,-0.14856112003326416,-0.05343530624018911,-0.11694906671711609,-1.4625561129570208,1.6475930336284998,1.5098587884393957,1.2763971746884104,0.4246097250200161,0.23788499836495972,0.2751183591907466,0.3142799465445383,0.3809300203542257,0.3858949902838817,0.3815666833612775,0.03725090992107195,0.07771303604100545,0.04159334111894919,L
0.0,0.0,0.0,0.07835401594638824,-0.009690582752227783,-0.03230317714869102,0.1704639047384262,-0.05830007791519165,-0.051802929819217525,0.2478400319814682,-0.08671820163726807,-0.06955146077334007,0.30400870740413666,-0.0701952576637268,-0.0849135968393,0.13114510476589203,-0.22683191299438477,-0.03401114079414924,0.14969752728939056,-0.34709078073501587,-0.06167193907558044,0.15645663440227509,-0.4155949652194977,-0.07977055046021064,0.15932555496692657,-0.4804561138153076,-0.09456361118017753,0.07754272222518921,-0.24290889501571655,-0.03419105741440376,0.08517947793006897,-0.26836341619491577,-0.07037755879818519,0.06868298351764679,-0.16285818815231323,-0.07103933426796516,0.0661151260137558,-0.1229022741317749,-0.06604652884661277,0.023086562752723694,-0.23555868864059448,-0.03841429236589988,0.02978484332561493,-0.2492445707321167,-0.07674641940056404,0.024059250950813293,-0.15865492820739746,-0.05709587815462669,0.02451018989086151,-0.1253124475479126,-0.03719338434993347,-0.02593456208705902,-0.2184351086616516,-0.04577947440802177,-0.021972626447677612,-0.23558330535888672,-0.06761025670229515,-0.0180700421333313,-0.1690523624420166,-0.05003255266009887,-0.012372851371765137,-0.14088565111160278,-0.033588249564758144,-0.0888381272629412,-1.4601391701059085,1.6657347726562217,1.5578838864053808,1.3976688288878127,0.4350254988956361,0.24366244202113885,0.28488124879122523,0.32418269919797527,0.36950362966833156,0.37987130235178274,0.38051076447329935,0.041674688309403955,0.08052182587142848,0.04003602630152939,L
0.0,0.0,0.0,0.07950127124786377,-0.011313974857330322,-0.03542601969344,0.16659867763519287,-0.05993932485580444,-0.05791686009866576,0.24489548802375793,-0.08715397119522095,-0.07860944327217917,0.302436888217926,-0.07460445165634155,-0.09692229982716422,0.128912091255188,-0.22803139686584473,-0.038486785257881684,0.1456487476825714,-0.3501548767089844,-0.06854842510325293,0.15258237719535828,-0.42024075984954834,-0.08743482735258917,0.15389224886894226,-0.48461297154426575,-0.10221701767546515,0.07476451992988586,-0.2425519824028015,-0.037923033351725144,0.08239899575710297,-0.2690409719944,-0.07646243181330542,0.070809006690979,-0.15960466861724854,-0.0761086260924993,0.0707048773765564,-0.11779004335403442,-0.06963688042265753,0.020279109477996826,-0.2347569465637207,-0.041949029083078904,0.02721463143825531,-0.24931997060775757,-0.08292676415545325,0.026482611894607544,-0.15691787004470825,-0.06278243568045477,0.028993159532546997,-0.122234046459198,-0.041559833104437394,-0.028072714805603027,-0.2164948582649231,-0.0493645658741651,-0.024866119027137756,-0.23369938135147095,-0.0732668405423818,-0.01708836853504181,-0.16764479875564575,-0.05589195620519499,-0.009938567876815796,-0.1391034722328186,-0.038925311530655426,-0.1075437158065393,-1.4737446241962062,1.6033239607760466,1.4935081293954595,1.340631358410314,0.43608771624525955,0.23572170069568157,0.277560896126323,0.3189648087575223,0.3761372082390518,0.38329918844535793,0.3823837740150974,0.041947783840114314,0.08341239424033235,0.042429434653417496,L
0.0,0.0,0.0,0.07950127124786377,-0.011313974857330322,-0.03542601969344,0.16659867763519287,-0.05993932485580444,-0.05791686009866576,0.24489548802375793,-0.08715397119522095,-0.07860944327217917,0.302436888217926,-0.07460445165634155,-0.09692229982716422,0.128912091255188,-0.22803139686584473,-0.038486785257881684,0.1456487476825714,-0.3501548767089844,-0.06854842510325293,0.15258237719535828,-0.42024075984954834,-0.08743482735258917,0.15389224886894226,-0.48461297154426575,-0.10221701767546515,0.07476451992988586,-0.2425519824028015,-0.037923033351725144,0.08239899575710297,-0.2690409719944,-0.07646243181330542,0.070809006690979,-0.15960466861724854,-0.0761086260924993,0.0707048773765564,-0.11779004335403442,-0.06963688042265753,0.020279109477996826,-0.2347569465637207,-0.041949029083078904,0.02721463143825531,-0.24931997060775757,-0.08292676415545325,0.026482611894607544,-0.15691787004470825,-0.06278243568045477,0.028993159532546997,-0.122234046459198,-0.041559833104437394,-0.028072714805603027,-0.2164948582649231,-0.0493645658741651,-0.024866119027137756,-0.23369938135147095,-0.0732668405423818,-0.01708836853504181,-0.16764479875564575,-0.05589195620519499,-0.009938567876815796,-0.1391034722328186,-0.038925311530655426,-0.1075437158065393,-1.4737446241962062,1.6033239607760466,1.4935081293954595,1.340631358410314,0.43608771624525955,0.23572170069568157,0.277560896126323,0.3189648087575223,0.3761372082390518,0.38329918844535793,0.3823837740150974,0.041947783840114314,0.08341239424033235,0.042429434653417496,L
0.0,0.0,0.0,0.0807819813489914,-0.015283703804016113,-0.03279328387587199,0.16764840483665466,-0.06721168756484985,-0.05456564989297519,0.24570846557617188,-0.09395754337310791,-0.07537220087258945,0.3033313453197479,-0.07803034782409668,-0.09508872446029315,0.12473833560943604,-0.23283696174621582,-0.03759999987094531,0.14158976078033447,-0.35647737979888916,-0.0659307506343616,0.14936962723731995,-0.4285340905189514,-0.0855426680704845,0.15115207433700562,-0.4917737543582916,-0.10162553605048785,0.07056806981563568,-0.24525386095046997,-0.03920530569164882,0.08249872922897339,-0.27352917194366455,-0.08100104745834003,0.07277190685272217,-0.1642438769340515,-0.08540552523343692,0.06768906116485596,-0.11353391408920288,-0.08127428260057101,0.0164230614900589,-0.23515033721923828,-0.04443081137149463,0.0276174396276474,-0.25546371936798096,-0.08590602543561587,0.028464078903198242,-0.16399270296096802,-0.06911105331390033,0.02716517448425293,-0.12363755702972412,-0.04964616190998683,-0.033033281564712524,-0.2150622010231018,-0.05273306038587222,-0.02609550952911377,-0.2385791540145874,-0.07781252678840289,-0.01682758331298828,-0.17382550239562988,-0.062328286882330275,-0.011036768555641174,-0.14191347360610962,-0.04626486119239459,-0.07956652623710563,-1.4691395160865377,1.5926498910230664,1.4747618705639929,1.2786887951947734,0.44084253080590924,0.2383018868982695,0.2799067191859918,0.3207933365599262,0.38733893599089697,0.3884546448668551,0.3856260323251677,0.04176444651102059,0.08368485922527659,0.0423485251069068,L
0.0,0.0,0.0,0.08210326731204987,-0.012240052223205566,-0.03343740783260429,0.1696019470691681,-0.06810104846954346,-0.05419553748891914,0.245216965675354,-0.09586977958679199,-0.0742006444148835,0.30289292335510254,-0.08346998691558838,-0.09284357659147346,0.12628811597824097,-0.2366822361946106,-0.03683809496090973,0.1424802839756012,-0.3641805052757263,-0.06597457013652885,0.1496950089931488,-0.43604183197021484,-0.08415897868202293,0.15030965209007263,-0.5001699030399323,-0.09885874323175514,0.07123538851737976,-0.24927622079849243,-0.039041689854126815,0.08280757069587708,-0.2798091471195221,-0.07997482947633827,0.07069101929664612,-0.1681511402130127,-0.08153785697744453,0.0679037868976593,-0.12269532680511475,-0.07527275316045845,0.016584962606430054,-0.2392069697380066,-0.04558404095099533,0.028121396899223328,-0.25630033016204834,-0.08931566707418526,0.026554390788078308,-0.16049647331237793,-0.07081117413566673,0.02695697546005249,-0.126062273979187,-0.049564394425612335,-0.034249842166900635,-0.2202027440071106,-0.055305718701344375,-0.025736987590789795,-0.24035108089447021,-0.08314612440393532,-0.018320441246032715,-0.1727811098098755,-0.06724850765989387,-0.013820230960845947,-0.14514881372451782,-0.0504182421378907,-0.11479672060870527,-1.4798800633312694,1.59711019236977,1.4793814811228096,1.3050359637005466,0.4437572250318556,0.23824046999295428,0.2792037790898393,0.322663136712708,0.3863648305963746,0.39391928228158934,0.391124778515772,0.04108500578288777,0.08475242869544855,0.04502306700950807,L
0.0,0.0,0.0,0.08043257892131805,-0.008214116096496582,-0.03086141483057503,0.16987167298793793,-0.0681963562965393,-0.04912594505716328,0.24337007105350494,-0.09764689207077026,-0.06711200052071575,0.2998036593198776,-0.08444428443908691,-0.08421364599038128,0.12213727831840515,-0.23984605073928833,-0.03509913929868702,0.13614065945148468,-0.36661016941070557,-0.06412270837594036,0.14209364354610443,-0.4376642107963562,-0.08220101320315365,0.14300216734409332,-0.5017779469490051,-0.09744189852047924,0.06621900200843811,-0.25156843662261963,-0.03873645686675076,0.07235907018184662,-0.28023016452789307,-0.08333990150261883,0.06089127063751221,-0.16804224252700806,-0.08720427178908352,0.05965988337993622,-0.12298810482025146,-0.0821212174849606,0.011620402336120605,-0.2406468391418457,-0.04627671265173916,0.01777370274066925,-0.25660014152526855,-0.09301982247401241,0.018099486827850342,-0.15936142206192017,-0.07522825324107174,0.021311461925506592,-0.12354916334152222,-0.05416722023058895,-0.03958366811275482,-0.22080349922180176,-0.05674532973338131,-0.034782975912094116,-0.23778146505355835,-0.08816374265719418,-0.027623683214187622,-0.1672459840774536,-0.0739509704070187,-0.021525204181671143,-0.1388263702392578,-0.057779455419073145,-0.12440371920559522,-1.491306486370142,1.6217639826388721,1.4882240267002627,1.3539726587381085,0.4458184538012915,0.24321730861981894,0.2812242798257637,0.32589821996318746,0.38785007515312964,0.3973230933817834,0.39850107028371773,0.03835252553236682,0.0827155916007904,0.045479369100439926,L
0.0,0.0,0.0,0.08043257892131805,-0.008214116096496582,-0.03086141483057503,0.16987167298793793,-0.0681963562965393,-0.04912594505716328,0.24337007105350494,-0.09764689207077026,-0.06711200052071575,0.2998036593198776,-0.08444428443908691,-0.08421364599038128,0.12213727831840515,-0.23984605073928833,-0.03509913929868702,0.13614065945148468,-0.36661016941070557,-0.06412270837594036,0.14209364354610443,-0.4376642107963562,-0.08220101320315365,0.14300216734409332,-0.5017779469490051,-0.09744189852047924,0.06621900200843811,-0.25156843662261963,-0.03873645686675076,0.07235907018184662,-0.28023016452789307,-0.08333990150261883,0.06089127063751221,-0.16804224252700806,-0.08720427178908352,0.05965988337993622,-0.12298810482025146,-0.0821212174849606,0.011620402336120605,-0.2406468391418457,-0.04627671265173916,0.01777370274066925,-0.25660014152526855,-0.09301982247401241,0.018099486827850342,-0.15936142206192017,-0.07522825324107174,0.021311461925506592,-0.12354916334152222,-0.05416722023058895,-0.03958366811275482,-0.22080349922180176,-0.05674532973338131,-0.034782975912094116,-0.23778146505355835,-0.08816374265719418,-0.027623683214187622,-0.1672459840774536,-0.0739509704070187,-0.021525204181671143,-0.1388263702392578,-0.057779455419073145,-0.12440371920559522,-1.491306486370142,1.6217639826388721,1.4882240267002627,1.3539726587381085,0.4458184538012915,0.24321730861981894,0.2812242798257637,0.32589821996318746,0.38785007515312964,0.3973230933817834,0.39850107028371773,0.03835252553236682,0.0827155916007904,0.045479369100439926,L
0.0,0.0,0.0,0.08094209432601929,-0.021345794200897217,-0.03197470442972872,0.16501259803771973,-0.08304715156555176,-0.05256935717187616,0.24108141660690308,-0.11119937896728516,-0.07276323945842478,0.2977854013442993,-0.09578359127044678,-0.09221957387052271,0.11784753203392029,-0.2550284266471863,-0.03827539221964571,0.12930378317832947,-0.3793497085571289,-0.06840689243398401,0.13288310170173645,-0.45115160942077637,-0.08741566301904413,0.13075515627861023,-0.5133943259716034,-0.10292723538003656,0.06216973066329956,-0.26348012685775757,-0.0418726107629368,0.07144206762313843,-0.29463475942611694,-0.08764784546218607,0.0612766295671463,-0.18087399005889893,-0.09139883281312677,0.05762121081352234,-0.12895405292510986,-0.08563014628015253,0.006772041320800781,-0.250929057598114,-0.04949398474417421,0.013413697481155396,-0.26852095127105713,-0.0970418578537533,0.015432342886924744,-0.1731516718864441,-0.08133991570792887,0.01690647006034851,-0.13483411073684692,-0.061139853164775104,-0.04504828155040741,-0.22940170764923096,-0.05992390351019594,-0.04100827872753143,-0.2525278329849243,-0.09106345982871744,-0.029468387365341187,-0.1843247413635254,-0.0778903937491009,-0.02189686894416809,-0.15274155139923096,-0.06255424530826303,-0.09563394883437397,-1.5208791289756196,1.6045948878872773,1.4837227407179938,1.2775051384983926,0.44977530890917516,0.24244405115342965,0.28358053020228674,0.324716742960416,0.3913347640056438,0.395309195329693,0.391628733127903,0.041137151025168524,0.0829998198311703,0.042736115277084374,L
0.0,0.0,0.0,0.07859255373477936,-0.017350435256958008,-0.029802327665173323,0.1659584790468216,-0.08247363567352295,-0.04899527101465395,0.23920752108097076,-0.10813778638839722,-0.06778774006911448,0.29730255901813507,-0.09235936403274536,-0.08630157603570154,0.11534792184829712,-0.250948965549469,-0.03893822400518587,0.1271909475326538,-0.37481796741485596,-0.06822055919715098,0.12969480454921722,-0.4457751512527466,-0.08734773440905741,0.12774913012981415,-0.508880078792572,-0.10376528246947458,0.059218063950538635,-0.2591741681098938,-0.04431073709078959,0.07087434828281403,-0.29023537039756775,-0.08993421836444071,0.06335161626338959,-0.18218189477920532,-0.09715801818915537,0.06058059632778168,-0.13240331411361694,-0.09502899988242319,0.005235359072685242,-0.24579083919525146,-0.05294192551323107,0.016148731112480164,-0.25730377435684204,-0.09951210363455942,0.018498435616493225,-0.16503453254699707,-0.08570759339877299,0.020826175808906555,-0.12873780727386475,-0.06784361197301081,-0.04594618082046509,-0.2248554229736328,-0.06428527428456476,-0.0346643328666687,-0.24218899011611938,-0.09688597513981989,-0.025857821106910706,-0.17367804050445557,-0.08544844730445078,-0.021129444241523743,-0.14383429288864136,-0.07143425537892512,-0.0751242397751681,-1.5227537869075,1.5600487466403674,1.4383812331779704,1.2735701856866937,0.4497086513197448,0.240084996528422,0.2788594298299836,0.32256566618392435,0.38242171261089253,0.3948932320971245,0.3942375625343942,0.03992304962279096,0.08250574528838944,0.04458898890682795,L
0.0,0.0,0.0,0.07859255373477936,-0.017350435256958008,-0.029802327665173323,0.1659584790468216,-0.08247363567352295,-0.04899527101465395,0.23920752108097076,-0.10813778638839722,-0.06778774006911448,0.29730255901813507,-0.09235936403274536,-0.08630157603570154,0.11534792184829712,-0.250948965549469,-0.03893822400518587,0.1271909475326538,-0.37481796741485596,-0.06822055919715098,0.12969480454921722,-0.4457751512527466,-0.08734773440905741,0.12774913012981415,-0.508880078792572,-0.10376528246947458,0.059218063950538635,-0.2591741681098938,-0.04431073709078959,0.07087434828281403,-0.29023537039756775,-0.08993421836444071,0.06335161626338959,-0.18218189477920532,-0.09715801818915537,0.06058059632778168,-0.13240331411361694,-0.09502899988242319,0.005235359072685242,-0.24579083919525146,-0.05294192551323107,0.016148731112480164,-0.25730377435684204,-0.09951210363455942,0.018498435616493225,-0.16503453254699707,-0.08570759339877299,0.020826175808906555,-0.12873780727386475,-0.06784361197301081,-0.04594618082046509,-0.2248554229736328,-0.06428527428456476,-0.0346643328666687,-0.24218899011611938,-0.09688597513981989,-0.025857821106910706,-0.17367804050445557,-0.08544844730445078,-0.021129444241523743,-0.14383429288864136,-0.07143425537892512,-0.0751242397751681,-1.5227537869075,1.5600487466403674,1.4383812331779704,1.2735701856866937,0.4497086513197448,0.240084996528422,0.2788594298299836,0.32256566618392435,0.38242171261089253,0.3948932320971245,0.3942375625343942,0.03992304962279096,0.08250574528838944,0.04458898890682795,L
0.0,0.0,0.0,0.07491159439086914,-0.019499659538269043,-0.03332362122887389,0.16113582253456116,-0.084647536277771,-0.05469189010614173,0.23284724354743958,-0.11084163188934326,-0.07557630710357444,0.2859998643398285,-0.08809137344360352,-0.09633661232942359,0.10341766476631165,-0.26066064834594727,-0.04372630439752356,0.11058109998703003,-0.3930104374885559,-0.07377260349744574,0.1116086095571518,-0.4654257297515869,-0.09290773592942969,0.10770958662033081,-0.5281270742416382,-0.10944695942157523,0.04286360740661621,-0.265472412109375,-0.04867769949191825,0.04904741048812866,-0.29300397634506226,-0.09763559870475547,0.04622635245323181,-0.18034327030181885,-0.10610093347781913,0.046055868268013,-0.1293802261352539,-0.10426668249124305,-0.013710111379623413,-0.24830830097198486,-0.057065946832835834,-0.009272478520870209,-0.2520352005958557,-0.10709104858392493,-0.0009743347764015198,-0.15627837181091309,-0.09483982048982398,0.006102114915847778,-0.12001144886016846,-0.07707192920202033,-0.0643479973077774,-0.2237926721572876,-0.06835622511857764,-0.05899207293987274,-0.24446970224380493,-0.10134133122915046,-0.0478622168302536,-0.17874372005462646,-0.08984362505429999,-0.03996481001377106,-0.1513083577156067,-0.07588263027423636,-0.02757370559267762,-1.5547511221793475,1.547344020860288,1.4175817001125963,1.2462949602649895,0.474782941043708,0.243470512809055,0.28171198296701666,0.33203818459161427,0.4034851048817575,0.42057394354225686,0.4047222165208771,0.04103749985751826,0.08877161734847158,0.05569253160322976,L
0.0,0.0,0.0,0.07561218738555908,-0.02720487117767334,-0.036181466162693354,0.15876898169517517,-0.08730441331863403,-0.06383046644974932,0.23125988245010376,-0.10878914594650269,-0.09208630907584414,0.28274980187416077,-0.08397543430328369,-0.12046457964230761,0.10301363468170166,-0.27045512199401855,-0.04498127239991412,0.1108136773109436,-0.40121132135391235,-0.0768179311161159,0.11197957396507263,-0.47786906361579895,-0.09859234231759295,0.10865536332130432,-0.5398824214935303,-0.11645040053178057,0.04175862669944763,-0.27687984704971313,-0.0504262908105968,0.05029207468032837,-0.29732388257980347,-0.10166014123011813,0.04585102200508118,-0.18505465984344482,-0.11258030074883685,0.04277627170085907,-0.13021749258041382,-0.11179338532735095,-0.01551644504070282,-0.26038873195648193,-0.05922270703364596,-0.01033356785774231,-0.2700536847114563,-0.10814909029055819,-0.004207327961921692,-0.1763729453086853,-0.09668525445510134,-0.0024109482765197754,-0.13482600450515747,-0.07958715546179995,-0.0669294148683548,-0.23514533042907715,-0.07157344508219943,-0.06179249286651611,-0.25659263134002686,-0.10211324083853945,-0.04860568046569824,-0.19137340784072876,-0.09001471239377246,-0.041966840624809265,-0.1582621932029724,-0.0756137086753963,0.02684430811668099,-1.549859679735693,1.5638577454942983,1.4667987832969815,1.2568520337365345,0.488016449009582,0.24438826309285402,0.28965916853494306,0.3331057196501201,0.4149281970342866,0.42000765054389605,0.410269480905078,0.045421616345574164,0.08926309606802678,0.04597742446189277,L
0.0,0.0,0.0,0.07718347012996674,-0.027159154415130615,-0.03320420021134751,0.1598607450723648,-0.08756077289581299,-0.05929370829779046,0.23177386820316315,-0.10577058792114258,-0.08648244151789086,0.28436659276485443,-0.07923269271850586,-0.11383977392631905,0.10439373552799225,-0.2703738212585449,-0.042731808963598183,0.11046640574932098,-0.40055131912231445,-0.07363187381941216,0.11060063540935516,-0.4754026234149933,-0.09482119837719338,0.10583135485649109,-0.5367766320705414,-0.11234620073753732,0.043105706572532654,-0.27745532989501953,-0.04913629079181092,0.05188922584056854,-0.29740530252456665,-0.09657395491320031,0.048911020159721375,-0.18644773960113525,-0.10575122991520303,0.047478243708610535,-0.13488686084747314,-0.10513495514112847,-0.013909697532653809,-0.26076287031173706,-0.05877991998511689,-0.005038939416408539,-0.2676098942756653,-0.10600630054193871,0.0011942386627197266,-0.17352700233459473,-0.0934277535410537,0.002945631742477417,-0.13449114561080933,-0.07635111967045205,-0.06550918519496918,-0.23482578992843628,-0.07174044707733529,-0.056193143129348755,-0.2553837299346924,-0.10226830700355904,-0.043585002422332764,-0.18916964530944824,-0.08945688465553658,-0.03863014280796051,-0.15676969289779663,-0.07477748254257577,0.06678957827710998,-1.5653999671646652,1.5401362028922534,1.4380961837891608,1.2391588833180935,0.4911428382993842,0.2433381933620783,0.2867947940929353,0.33217296336020224,0.4061040184415404,0.4152337710697876,0.4065395406684256,0.04453437008732368,0.08884544201606438,0.047168619851415745,L
0.0,0.0,0.0,0.07718347012996674,-0.027159154415130615,-0.03320420021134751,0.1598607450723648,-0.08756077289581299,-0.05929370829779046,0.23177386820316315,-0.10577058792114258,-0.08648244151789086,0.28436659276485443,-0.07923269271850586,-0.11383977392631905,0.10439373552799225,-0.2703738212585449,-0.042731808963598183,0.11046640574932098,-0.40055131912231445,-0.07363187381941216,0.11060063540935516,-0.4754026234149933,-0.09482119837719338,0.10583135485649109,-0.5367766320705414,-0.11234620073753732,0.043105706572532654,-0.27745532989501953,-0.04913629079181092,0.05188922584056854,-0.29740530252456665,-0.09657395491320031,0.048911020159721375,-0.18644773960113525,-0.10575122991520303,0.047478243708610535,-0.13488686084747314,-0.10513495514112847,-0.013909697532653809,-0.26076287031173706,-0.05877991998511689,-0.005038939416408539,-0.2676098942756653,-0.10600630054193871,0.0011942386627197266,-0.17352700233459473,-0.0934277535410537,0.002945631742477417,-0.13449114561080933,-0.07635111967045205,-0.06550918519496918,-0.23482578992843628,-0.07174044707733529,-0.056193143129348755,-0.2553837299346924,-0.10226830700355904,-0.043585002422332764,-0.18916964530944824,-0.08945688465553658,-0.03863014280796051,-0.15676969289779663,-0.07477748254257577,0.06678957827710998,-1.5653999671646652,1.5401362028922534,1.4380961837891608,1.2391588833180935,0.4911428382993842,0.2433381933620783,0.2867947940929353,0.33217296336020224,0.4061040184415404,0.4152337710697876,0.4065395406684256,0.04453437008732368,0.08884544201606438,0.047168619851415745,L
0.0,0.0,0.0,0.0756460502743721,-0.025406479835510254,-0.03156628345311674,0.16077961772680283,-0.08359360694885254,-0.057076762217889154,0.2340696081519127,-0.10381662845611572,-0.08358898644507917,0.2917039319872856,-0.07662177085876465,-0.1101035911327699,0.10898954421281815,-0.2697690725326538,-0.04133534317077192,0.11543064564466476,-0.39926400780677795,-0.07078612481416258,0.11193766444921494,-0.473261296749115,-0.09191767756999525,0.10341555625200272,-0.5336723029613495,-0.10922695581973585,0.04876350611448288,-0.27644264698028564,-0.04753339548767599,0.0597456619143486,-0.29201483726501465,-0.08948150162757429,0.05610089749097824,-0.18692225217819214,-0.09852990393699201,0.05548112839460373,-0.14229440689086914,-0.10020884012044462,-0.008168376982212067,-0.2586451768875122,-0.0568019885307649,0.004670500755310059,-0.26180601119995117,-0.10095960532487425,0.009975351393222809,-0.17352217435836792,-0.09093407427133116,0.011857323348522186,-0.1411372423171997,-0.07736068849624189,-0.05959144979715347,-0.23339462280273438,-0.06898890321315321,-0.0458202138543129,-0.25853848457336426,-0.09754018371165785,-0.03389541059732437,-0.19705873727798462,-0.08578064923347029,-0.028777368366718292,-0.16730105876922607,-0.07314678167165312,0.05320064043508112,-1.5919145196327127,1.5207620092798155,1.4019980105968783,1.1345367637104025,0.4943153865016615,0.24518178574394964,0.2871869955693004,0.33306305278811943,0.39430238004172874,0.4030715616950845,0.38949051065479806,0.043639149814691455,0.08789099450252595,0.04832932300506555,L
0.0,0.0,0.0,0.07503344118595123,-0.02521991729736328,-0.0313748680760213,0.16003333032131195,-0.08439409732818604,-0.05621806911724292,0.23268984258174896,-0.10500204563140869,-0.0819778666605302,0.2905322462320328,-0.07872605323791504,-0.10741955048936092,0.11179855465888977,-0.2673181891441345,-0.03930199898379527,0.11864659190177917,-0.39606207609176636,-0.06902827329533778,0.11594246327877045,-0.469355046749115,-0.08898152418034755,0.10726124048233032,-0.5310560762882233,-0.1052828655351945,0.05122159421443939,-0.2752249240875244,-0.04530815042155467,0.060273781418800354,-0.2979050278663635,-0.08685560531514369,0.05587102472782135,-0.1878516674041748,-0.09291675693886958,0.05656538903713226,-0.14360839128494263,-0.09189940996068202,-0.005995795130729675,-0.25953209400177,-0.054838977824623214,0.007094219326972961,-0.2646350860595703,-0.09984451539414607,0.011524945497512817,-0.17058604955673218,-0.08644829697507106,0.01309598982334137,-0.13866162300109863,-0.06982424862282954,-0.05869594216346741,-0.23658740520477295,-0.06731734431880199,-0.04300309717655182,-0.26159656047821045,-0.09693056352036677,-0.03252421319484711,-0.19591879844665527,-0.08341094113486491,-0.029465779662132263,-0.16731154918670654,-0.06888516999381267,0.04340636746934699,-1.5879985068220184,1.5302173716730363,1.4141381577234935,1.1715215088435413,0.48804785759308467,0.24279663930151038,0.28383648266723327,0.33203332162398413,0.3907502757109136,0.40353500641477397,0.38859279333756347,0.043749962108120384,0.08923677315029531,0.05130616427073238,L
0.0,0.0,0.0,0.07503344118595123,-0.02521991729736328,-0.0313748680760213,0.16003333032131195,-0.08439409732818604,-0.05621806911724292,0.23268984258174896,-0.10500204563140869,-0.0819778666605302,0.2905322462320328,-0.07872605323791504,-0.10741955048936092,0.11179855465888977,-0.2673181891441345,-0.03930199898379527,0.11864659190177917,-0.39606207609176636,-0.06902827329533778,0.11594246327877045,-0.469355046749115,-0.08898152418034755,0.10726124048233032,-0.5310560762882233,-0.1052828655351945,0.05122159421443939,-0.2752249240875244,-0.04530815042155467,0.060273781418800354,-0.2979050278663635,-0.08685560531514369,0.05587102472782135,-0.1878516674041748,-0.09291675693886958,0.05656538903713226,-0.14360839128494263,-0.09189940996068202,-0.005995795130729675,-0.25953209400177,-0.054838977824623214,0.007094219326972961,-0.2646350860595703,-0.09984451539414607,0.011524945497512817,-0.17058604955673218,-0.08644829697507106,0.01309598982334137,-0.13866162300109863,-0.06982424862282954,-0.05869594216346741,-0.23658740520477295,-0.06731734431880199,-0.04300309717655182,-0.26159656047821045,-0.09693056352036677,-0.03252421319484711,-0.19591879844665527,-0.08341094113486491,-0.029465779662132263,-0.16731154918670654,-0.06888516999381267,0.04340636746934699,-1.5879985068220184,1.5302173716730363,1.4141381577234935,1.1715215088435413,0.48804785759308467,0.24279663930151038,0.28383648266723327,0.33203332162398413,0.3907502757109136,0.40353500641477397,0.38859279333756347,0.043749962108120384,0.08923677315029531,0.05130616427073238,L
0.0,0.0,0.0,0.08103904128074646,-0.016700267791748047,-0.024768170326396444,0.17144902050495148,-0.07946836948394775,-0.043588530629321554,0.24398289620876312,-0.1006895899772644,-0.06433656102363727,0.2998596876859665,-0.07035046815872192,-0.08554441517536304,0.1228238046169281,-0.2626745104789734,-0.03058417549674175,0.1342908889055252,-0.3875707685947418,-0.05685107073132656,0.13549043238162994,-0.45813339948654175,-0.07572495973055027,0.13215534389019012,-0.5170592367649078,-0.09176652169172428,0.06379267573356628,-0.274306058883667,-0.03866203164999149,0.0792064219713211,-0.29245632886886597,-0.07863303309623859,0.0673886090517044,-0.189958393573761,-0.08719603753034733,0.059928134083747864,-0.14717602729797363,-0.0880244452351775,0.00777822732925415,-0.26190346479415894,-0.04938267207090519,0.026958778500556946,-0.25743430852890015,-0.09278602188770435,0.02392067015171051,-0.16521477699279785,-0.08198204672281406,0.01950402557849884,-0.13256800174713135,-0.06733358687107227,-0.04520660638809204,-0.24197137355804443,-0.062400702744170644,-0.022166505455970764,-0.2514728307723999,-0.09144914931003711,-0.017131537199020386,-0.1820160150527954,-0.07935856318418644,-0.018689140677452087,-0.15278178453445435,-0.06592166459505222,0.07088682038739691,-1.5341299860248405,1.6011853065380173,1.480381614163332,1.2818040022723893,0.47715141294732316,0.2519311750280877,0.2871764592746791,0.3290414532716855,0.37686915299873475,0.40065425159713086,0.3942741694912158,0.04298258902088388,0.07881687893511366,0.04321243991292072,L
0.0,0.0,0.0,0.0766524076461792,-0.009009718894958496,-0.030867564589385665,0.16629116237163544,-0.06617891788482666,-0.05171478083789793,0.23959879577159882,-0.08369654417037964,-0.0728255054956719,0.2943629175424576,-0.054420530796051025,-0.094525701463823,0.11922569572925568,-0.24658751487731934,-0.038851033062343276,0.13130803406238556,-0.37183767557144165,-0.06773006832659689,0.13527421653270721,-0.4430365562438965,-0.08846177077353445,0.1349358707666397,-0.5024960339069366,-0.10596998697579352,0.06312127411365509,-0.26003825664520264,-0.044070000857715286,0.07121963798999786,-0.28166061639785767,-0.0906204051381394,0.05894461274147034,-0.17608565092086792,-0.1007350451356217,0.05122390389442444,-0.11976796388626099,-0.10045292145073859,0.008104607462882996,-0.2514129877090454,-0.05218834346592871,0.017404034733772278,-0.253928542137146,-0.09746663188994376,0.01472097635269165,-0.16223549842834473,-0.08525276845753638,0.012705981731414795,-0.1178169846534729,-0.06853931313813177,-0.0438971221446991,-0.23423731327056885,-0.06341095930397955,-0.03298287093639374,-0.24410218000411987,-0.09405080145657507,-0.026995018124580383,-0.1741124987602234,-0.08273520982325522,-0.023856401443481445,-0.13809877634048462,-0.0688197380906388,0.0915542622874413,-1.5094834642404888,1.6554112698585466,1.5363674820157798,1.3652827200310989,0.4755929349051898,0.25176748592544257,0.2887035501204689,0.3290373592060168,0.3917760444174274,0.403631164193391,0.3974925748182026,0.03856730023896461,0.07728564507633419,0.04181099063001585,L
0.0,0.0,0.0,0.07652661204338074,-0.005789816379547119,-0.027922162549906204,0.17159579694271088,-0.06601321697235107,-0.045136136697941254,0.24890534579753876,-0.08127701282501221,-0.06262620701115651,0.3056453913450241,-0.048664987087249756,-0.08053556992333455,0.12747301161289215,-0.2443861961364746,-0.03454021899622006,0.1417824774980545,-0.369845986366272,-0.060522587733679245,0.14498545229434967,-0.4401569962501526,-0.07947500212710423,0.14441467821598053,-0.5011196434497833,-0.09622434689324422,0.07232458889484406,-0.25958430767059326,-0.039543954419308136,0.07785443961620331,-0.2830007076263428,-0.08190403296273274,0.06341515481472015,-0.17928779125213623,-0.09107656939547581,0.05632810294628143,-0.12838637828826904,-0.09166500880044026,0.017928823828697205,-0.2524896264076233,-0.047322740542107056,0.025311768054962158,-0.25581395626068115,-0.09015666111033482,0.02170829474925995,-0.16357141733169556,-0.07844031019728703,0.020688846707344055,-0.12122458219528198,-0.06315067573111577,-0.033010125160217285,-0.23755955696105957,-0.05785885615866704,-0.020890608429908752,-0.24595659971237183,-0.08728821738284154,-0.0170629620552063,-0.17577600479125977,-0.0766611637048058,-0.01415988802909851,-0.1415589451789856,-0.06397375627081914,0.12870116261538986,-1.5049025389387252,1.6921238319211873,1.5497730889523569,1.376907647562528,0.4803233899366533,0.26175295702155454,0.2940495318378992,0.3330235789933046,0.38300043302940023,0.39953515358234104,0.39297555751064034,0.03635172497340616,0.07170825189778124,0.04034749844394265,L
0.0,0.0,0.0,0.07652661204338074,-0.005789816379547119,-0.027922162549906204,0.17159579694271088,-0.06601321697235107,-0.045136136697941254,0.24890534579753876,-0.08127701282501221,-0.06262620701115651,0.3056453913450241,-0.048664987087249756,-0.08053556992333455,0.12747301161289215,-0.2443861961364746,-0.03454021899622006,0.1417824774980545,-0.369845986366272,-0.060522587733679245,0.14498545229434967,-0.4401569962501526,-0.07947500212710423,0.14441467821598053,-0.5011196434497833,-0.09622434689324422,0.07232458889484406,-0.25958430767059326,-0.039543954419308136,0.07785443961620331,-0.2830007076263428,-0.08190403296273274,0.06341515481472015,-0.17928779125213623,-0.09107656939547581,0.05632810294628143,-0.12838637828826904,-0.09166500880044026,0.017928823828697205,-0.2524896264076233,-0.047322740542107056,0.025311768054962158,-0.25581395626068115,-0.09015666111033482,0.02170829474925995,-0.16357141733169556,-0.07844031019728703,0.020688846707344055,-0.12122458219528198,-0.06315067573111577,-0.033010125160217285,-0.23755955696105957,-0.05785885615866704,-0.020890608429908752,-0.24595659971237183,-0.08728821738284154,-0.0170629620552063,-0.17577600479125977,-0.0766611637048058,-0.01415988802909851,-0.1415589451789856,-0.06397375627081914,0.12870116261538986,-1.5049025389387252,1.6921238319211873,1.5497730889523569,1.376907647562528,0.4803233899366533,0.26175295702155454,0.2940495318378992,0.3330235789933046,0.38300043302940023,0.39953515358234104,0.39297555751064034,0.03635172497340616,0.07170825189778124,0.04034749844394265,L
0.0,0.0,0.0,0.07336288690567017,-9.5367431640625e-05,-0.03130931671397974,0.16832448542118073,-0.05573153495788574,-0.0502152990891247,0.24619902670383453,-0.07113677263259888,-0.06887382160561373,0.30320633947849274,-0.04359698295593262,-0.08747546266453554,0.1312880665063858,-0.23486322164535522,-0.03559449951784899,0.1460985690355301,-0.36127573251724243,-0.06309690963166048,0.14886222779750824,-0.4296206831932068,-0.08191403638260653,0.14910493791103363,-0.4876476526260376,-0.09804233800308992,0.07732252776622772,-0.2482292652130127,-0.0391778674318104,0.08439528942108154,-0.2758474349975586,-0.08291838954823305,0.06980247795581818,-0.17189210653305054,-0.0915402088655739,0.06540191173553467,-0.12207210063934326,-0.09130411486761858,0.023409858345985413,-0.24178534746170044,-0.04632065336840441,0.030744925141334534,-0.2503228187561035,-0.09214834760563662,0.026613757014274597,-0.15720361471176147,-0.08073691915409853,0.027469173073768616,-0.1158323884010315,-0.06490409265892794,-0.02747662365436554,-0.2282378077507019,-0.05627194311158945,-0.015481501817703247,-0.24171990156173706,-0.08796803544895937,-0.011945918202400208,-0.170096755027771,-0.07780817042725374,-0.008288010954856873,-0.13456660509109497,-0.06510074328320314,0.08972276400501071,-1.5004302226026263,1.6650068108714584,1.5385786626139553,1.368740999872478,0.4700300407415722,0.250418230066385,0.2850419946897726,0.3245060900866248,0.375035572714526,0.391205636460235,0.38657310625685437,0.038442511249901175,0.07474167075742102,0.0403676489858803,L
0.0,0.0,0.0,0.07576717436313629,-0.011629104614257812,-0.03358777692842807,0.16492821276187897,-0.06640887260437012,-0.05578770941424693,0.24474070966243744,-0.08182293176651001,-0.07745464971590366,0.30044154822826385,-0.057549893856048584,-0.09857662847566928,0.12774251401424408,-0.237657368183136,-0.03869181951809253,0.14409323036670685,-0.36585235595703125,-0.0687194921665224,0.14864923059940338,-0.43586498498916626,-0.08888874283361758,0.1472865492105484,-0.4984282851219177,-0.10527947625446643,0.07511423528194427,-0.25003594160079956,-0.040646021126988785,0.0889178067445755,-0.28795766830444336,-0.08369242480326022,0.07554468512535095,-0.17708635330200195,-0.08843349745798434,0.06854070723056793,-0.12683743238449097,-0.08462660095024432,0.021723374724388123,-0.24447935819625854,-0.04666571772027339,0.03489403426647186,-0.2665337324142456,-0.09069689443636264,0.03216816484928131,-0.16983157396316528,-0.07553634872961368,0.02840001881122589,-0.12828683853149414,-0.056688648521188156,-0.02882075309753418,-0.23079240322113037,-0.05576110339093532,-0.014586493372917175,-0.2541244626045227,-0.08419887801933612,-0.007953658699989319,-0.1844921112060547,-0.07093988439369525,-0.007439136505126953,-0.15051525831222534,-0.05622202983427371,0.06528059247609713,-1.495989040655651,1.624102981791725,1.5133975359141782,1.3104919389348761,0.46672284024814686,0.24203050024897488,0.28108772486463757,0.32161012891445345,0.3798429536891056,0.38876560752520334,0.3807670049309258,0.040166847585511,0.07958376778442136,0.04217283129857497,L
0.0,0.0,0.0,0.07831098139286041,-0.006674408912658691,-0.03586586740584252,0.168550506234169,-0.05912870168685913,-0.059733005135964135,0.2506696730852127,-0.074146568775177,-0.08274172794790147,0.30803753435611725,-0.04535245895385742,-0.10529783916444657,0.13122181594371796,-0.23109304904937744,-0.04270676699252007,0.14985181391239166,-0.36079713702201843,-0.07325944107742188,0.1559135466814041,-0.4325389862060547,-0.09304824274749635,0.1552131026983261,-0.4954659938812256,-0.10927355092735169,0.07766681909561157,-0.2440463900566101,-0.044272290438126305,0.09333349764347076,-0.2861148416996002,-0.08916226577730058,0.08112643659114838,-0.17379266023635864,-0.09400406283111451,0.07470442354679108,-0.11840564012527466,-0.08974569839210389,0.024086639285087585,-0.23840314149856567,-0.04995992583007691,0.0389411598443985,-0.2591180205345154,-0.09541852575511811,0.037690386176109314,-0.16148972511291504,-0.0806582177874553,0.03428444266319275,-0.11804097890853882,-0.06145063963503716,-0.02684558928012848,-0.22494155168533325,-0.05893336412281869,-0.010535895824432373,-0.24909478425979614,-0.08806442272634385,-0.00397925078868866,-0.18048745393753052,-0.07547808986873505,-0.0034345686435699463,-0.146864116191864,-0.06106677454681275,0.09844435675696749,-1.4802963221144054,1.5943702609342172,1.486272203082936,1.2794830094613736,0.4753498724480085,0.24450175434794164,0.28323907947992777,0.32759653157848645,0.3855595385842343,0.39632484497571646,0.38300437693420014,0.04042162580146234,0.0831600081803624,0.04747101280584924,L
0.0,0.0,0.0,0.07831098139286041,-0.006674408912658691,-0.03586586740584252,0.168550506234169,-0.05912870168685913,-0.059733005135964135,0.2506696730852127,-0.074146568775177,-0.08274172794790147,0.30803753435611725,-0.04535245895385742,-0.10529783916444657,0.13122181594371796,-0.23109304904937744,-0.04270676699252007,0.14985181391239166,-0.36079713702201843,-0.07325944107742188,0.1559135466814041,-0.4325389862060547,-0.09304824274749635,0.1552131026983261,-0.4954659938812256,-0.10927355092735169,0.07766681909561157,-0.2440463900566101,-0.044272290438126305,0.09333349764347076,-0.2861148416996002,-0.08916226577730058,0.08112643659114838,-0.17379266023635864,-0.09400406283111451,0.07470442354679108,-0.11840564012527466,-0.08974569839210389,0.024086639285087585,-0.23840314149856567,-0.04995992583007691,0.0389411598443985,-0.2591180205345154,-0.09541852575511811,0.037690386176109314,-0.16148972511291504,-0.0806582177874553,0.03428444266319275,-0.11804097890853882,-0.06145063963503716,-0.02684558928012848,-0.22494155168533325,-0.05893336412281869,-0.010535895824432373,-0.24909478425979614,-0.08806442272634385,-0.00397925078868866,-0.18048745393753052,-0.07547808986873505,-0.0034345686435699463,-0.146864116191864,-0.06106677454681275,0.09844435675696749,-1.4802963221144054,1.5943702609342172,1.486272203082936,1.2794830094613736,0.4753498724480085,0.24450175434794164,0.28323907947992777,0.32759653157848645,0.3855595385842343,0.39632484497571646,0.38300437693420014,0.04042162580146234,0.0831600081803624,0.04747101280584924,L
0.0,0.0,0.0,0.08046555519104004,-0.012337148189544678,-0.03965759109785161,0.1692684143781662,-0.06080752611160278,-0.064183818363448,0.2519036680459976,-0.07743531465530396,-0.08640479501416287,0.3114023953676224,-0.04880613088607788,-0.10701003130604825,0.13524611294269562,-0.23536765575408936,-0.04455926846792302,0.15677253901958466,-0.3674202561378479,-0.07497427072455487,0.1637004166841507,-0.4391358494758606,-0.09482668545176587,0.16266219317913055,-0.5037961602210999,-0.11092493143012128,0.0809391587972641,-0.24917352199554443,-0.043779386394520614,0.09914742410182953,-0.29179009795188904,-0.0834500810139378,0.0853850245475769,-0.17877906560897827,-0.08498127963473401,0.07930172979831696,-0.12757480144500732,-0.08008940722872815,0.026811346411705017,-0.24207472801208496,-0.04784723948766789,0.04412616789340973,-0.2657760977745056,-0.09013734217812619,0.04089757800102234,-0.16663724184036255,-0.07313157823016248,0.03725211322307587,-0.12751716375350952,-0.053688729368944976,-0.025015786290168762,-0.22735631465911865,-0.05565770547916493,-0.009088069200515747,-0.25513631105422974,-0.08224339988162122,-0.0019824057817459106,-0.18611401319503784,-0.06774550136258206,-0.0004686117172241211,-0.15351766347885132,-0.052922355198164794,0.0842373840276065,-1.4690137653237898,1.5842613536574572,1.4799075110410302,1.2498468977873864,0.47868525623979435,0.2451024733031793,0.2852258822319468,0.32898028834269666,0.38534591947287217,0.39662774907618464,0.3864022318596801,0.04204965607740771,0.08388289143808242,0.04581352503343601,L
0.0,0.0,0.0,0.08068370819091797,-0.010532081127166748,-0.037758542947972984,0.16978618502616882,-0.05998241901397705,-0.06155418118139622,0.25375083088874817,-0.07593357563018799,-0.08399612342616436,0.3121283948421478,-0.053121864795684814,-0.10529498641988155,0.13856613636016846,-0.23172032833099365,-0.0402965534259927,0.15581223368644714,-0.3642110228538513,-0.07124526684781429,0.1613198220729828,-0.4360730051994324,-0.09198564177056667,0.16084831953048706,-0.5006435215473175,-0.10886434351703045,0.08631715178489685,-0.24200183153152466,-0.04086374377509472,0.099266916513443,-0.29413557052612305,-0.085371269636358,0.08776430785655975,-0.17951816320419312,-0.0903739619781625,0.08330345153808594,-0.12244129180908203,-0.08618810658952114,0.03181847929954529,-0.23583984375,-0.04609660317798969,0.042865604162216187,-0.27028146386146545,-0.09227704142829296,0.0416715145111084,-0.1674138307571411,-0.07736188059350368,0.04045778512954712,-0.11850005388259888,-0.05781718229552624,-0.01986853778362274,-0.22035294771194458,-0.054800427310670585,-0.009236201643943787,-0.25154900550842285,-0.08473026638528225,-0.0009174197912216187,-0.1789432168006897,-0.07209887241622326,0.0026531219482421875,-0.1396889090538025,-0.057536377363408775,0.04816034008233389,-1.488128109537191,1.5959974694868506,1.4973025389204553,1.298526625712493,0.4723995072478674,0.23909420243822901,0.27942660537232406,0.3213546291627744,0.3860701142680329,0.4006588457180994,0.39409891248064755,0.04302655559517797,0.08247397143081449,0.043337745000382226,L
0.0,0.0,0.0,0.08068370819091797,-0.010532081127166748,-0.037758542947972984,0.16978618502616882,-0.05998241901397705,-0.06155418118139622,0.25375083088874817,-0.07593357563018799,-0.08399612342616436,0.3121283948421478,-0.053121864795684814,-0.10529498641988155,0.13856613636016846,-0.23172032833099365,-0.0402965534259927,0.15581223368644714,-0.3642110228538513,-0.07124526684781429,0.1613198220729828,-0.4360730051994324,-0.09198564177056667,0.16084831953048706,-0.5006435215473175,-0.10886434351703045,0.08631715178489685,-0.24200183153152466,-0.04086374377509472,0.099266916513443,-0.29413557052612305,-0.085371269636358,0.08776430785655975,-0.17951816320419312,-0.0903739619781625,0.08330345153808594,-0.12244129180908203,-0.08618810658952114,0.03181847929954529,-0.23583984375,-0.04609660317798969,0.042865604162216187,-0.27028146386146545,-0.09227704142829296,0.0416715145111084,-0.1674138307571411,-0.07736188059350368,0.04045778512954712,-0.11850005388259888,-0.05781718229552624,-0.01986853778362274,-0.22035294771194458,-0.054800427310670585,-0.009236201643943787,-0.25154900550842285,-0.08473026638528225,-0.0009174197912216187,-0.1789432168006897,-0.07209887241622326,0.0026531219482421875,-0.1396889090538025,-0.057536377363408775,0.04816034008233389,-1.488128109537191,1.5959974694868506,1.4973025389204553,1.298526625712493,0.4723995072478674,0.23909420243822901,0.27942660537232406,0.3213546291627744,0.3860701142680329,0.4006588457180994,0.39409891248064755,0.04302655559517797,0.08247397143081449,0.043337745000382226,L
0.0,0.0,0.0,0.0855739563703537,-0.01045083999633789,-0.03823798974940118,0.17604757845401764,-0.05428755283355713,-0.05943936934658822,0.2598206549882889,-0.06920552253723145,-0.0784710132140809,0.31900908052921295,-0.04597580432891846,-0.09559555431792077,0.14376200735569,-0.22912883758544922,-0.03414170896598634,0.16264398396015167,-0.3597014248371124,-0.06299457034060296,0.16939060389995575,-0.4310515522956848,-0.08289522012659845,0.16964001953601837,-0.4951850473880768,-0.09897489180752572,0.09278137981891632,-0.24211853742599487,-0.03349546795675096,0.10819704830646515,-0.29393520951271057,-0.075327441896885,0.09256435930728912,-0.18136537075042725,-0.08032997032591638,0.0868631899356842,-0.1255941390991211,-0.07629710515925225,0.03999149799346924,-0.23654192686080933,-0.03790352946111497,0.05304625630378723,-0.27086341381073,-0.08317862531134423,0.048245981335639954,-0.16935503482818604,-0.06847946425864038,0.04559265077114105,-0.12363570928573608,-0.04882574906536874,-0.011629506945610046,-0.22167521715164185,-0.04582705801317033,-0.0009981989860534668,-0.25654473900794983,-0.07611723324248132,0.005304157733917236,-0.18275946378707886,-0.06325717350432214,0.007867172360420227,-0.14354169368743896,-0.0480059914846116,0.05807439148298079,-1.4738361174140222,1.621541999571683,1.521228067586926,1.3262598101266778,0.473392078970245,0.2454196278846553,0.284231604329203,0.32608034253115675,0.37874720198113415,0.3917099186155195,0.3870704099839347,0.041316980168764096,0.08100916928627318,0.042655127901796305,L
0.0,0.0,0.0,0.09329164028167725,-0.019994616508483887,-0.03578055127178459,0.18014860153198242,-0.06091022491455078,-0.05450129358683853,0.26789799332618713,-0.07536739110946655,-0.06973989530121116,0.32763445377349854,-0.05650508403778076,-0.0814660586289051,0.14832830429077148,-0.2402411699295044,-0.02933717368756561,0.1691964864730835,-0.3700762689113617,-0.05826670526181488,0.17517036199569702,-0.4390869736671448,-0.08094859345470695,0.1740063726902008,-0.5041077733039856,-0.09825856460844307,0.0982367992401123,-0.25322628021240234,-0.027491942407834813,0.11547428369522095,-0.30679208040237427,-0.06285637839351921,0.09826752543449402,-0.19140976667404175,-0.06620935572897224,0.09136442840099335,-0.13777440786361694,-0.06307131274257927,0.04480600357055664,-0.24970880150794983,-0.030730877431381032,0.05961640179157257,-0.29867857694625854,-0.0704228229693058,0.05269894003868103,-0.19353950023651123,-0.05402144266878395,0.048885002732276917,-0.1449575424194336,-0.03494300542985229,-0.00664113461971283,-0.2301068902015686,-0.03728360532437591,0.0007698386907577515,-0.28157880902290344,-0.061798585938561246,0.009503483772277832,-0.20606541633605957,-0.04494777916585235,0.01186428964138031,-0.1625385880470276,-0.027943237113106534,0.02985934957424534,-1.4737872041550055,1.6302520194053594,1.5318761325017292,1.3034741790497124,0.4732332984223268,0.24985641453569463,0.2924467367736225,0.3330974339866698,0.3755393795472948,0.3803212399598196,0.3780999383926328,0.043082467747228355,0.0832678610446681,0.04098324490713278,L
0.0,0.0,0.0,0.09803348779678345,-0.0238838791847229,-0.03312992343265364,0.1811181604862213,-0.0661742091178894,-0.049931172668522095,0.26831477880477905,-0.07928586006164551,-0.06399280616599867,0.3279792070388794,-0.06131511926651001,-0.0740337375696356,0.14703050255775452,-0.2501683831214905,-0.018533844887798523,0.16805994510650635,-0.3809136748313904,-0.045048553883617615,0.1728697419166565,-0.45098257064819336,-0.06931561270315001,0.17005303502082825,-0.5173163115978241,-0.08830366322357008,0.09534430503845215,-0.2609744369983673,-0.016626319303696846,0.11244374513626099,-0.31641262769699097,-0.048319798349922394,0.09711822867393494,-0.19782865047454834,-0.05375182294804404,0.09083026647567749,-0.14409005641937256,-0.05309147426444838,0.04089540243148804,-0.25585973262786865,-0.019906593873685097,0.05823865532875061,-0.31356877088546753,-0.0564924445148165,0.05218052864074707,-0.2035740613937378,-0.04100523555237601,0.04731351137161255,-0.15263789892196655,-0.023310209080165123,-0.01065605878829956,-0.23398488759994507,-0.02649254204291651,0.0006385594606399536,-0.2924080789089203,-0.04883046114403555,0.008637011051177979,-0.21511763334274292,-0.031798351943081116,0.00953306257724762,-0.17054933309555054,-0.015289326585417484,0.03307424290554698,-1.484829759370544,1.6093968339497455,1.5086984462877593,1.2626708096977755,0.48257410126928196,0.2511798364337978,0.29514925513778606,0.33666015563669993,0.3815417206682503,0.38477959319254373,0.38211778149267556,0.044348321120830654,0.08549461201695355,0.04181126385626561,L
0.0,0.0,0.0,0.09803348779678345,-0.0238838791847229,-0.03312992343265364,0.1811181604862213,-0.0661742091178894,-0.049931172668522095,0.26831477880477905,-0.07928586006164551,-0.06399280616599867,0.3279792070388794,-0.06131511926651001,-0.0740337375696356,0.14703050255775452,-0.2501683831214905,-0.018533844887798523,0.16805994510650635,-0.3809136748313904,-0.045048553883617615,0.1728697419166565,-0.45098257064819336,-0.06931561270315001,0.17005303502082825,-0.5173163115978241,-0.08830366322357008,0.09534430503845215,-0.2609744369983673,-0.016626319303696846,0.11244374513626099,-0.31641262769699097,-0.048319798349922394,0.09711822867393494,-0.19782865047454834,-0.05375182294804404,0.09083026647567749,-0.14409005641937256,-0.05309147426444838,0.04089540243148804,-0.25585973262786865,-0.019906593873685097,0.05823865532875061,-0.31356877088546753,-0.0564924445148165,0.05218052864074707,-0.2035740613937378,-0.04100523555237601,0.04731351137161255,-0.15263789892196655,-0.023310209080165123,-0.01065605878829956,-0.23398488759994507,-0.02649254204291651,0.0006385594606399536,-0.2924080789089203,-0.04883046114403555,0.008637011051177979,-0.21511763334274292,-0.031798351943081116,0.00953306257724762,-0.17054933309555054,-0.015289326585417484,0.03307424290554698,-1.484829759370544,1.6093968339497455,1.5086984462877593,1.2626708096977755,0.48257410126928196,0.2511798364337978,0.29514925513778606,0.33666015563669993,0.3815417206682503,0.38477959319254373,0.38211778149267556,0.044348321120830654,0.08549461201695355,0.04181126385626561,L
0.0,0.0,0.0,0.10720553994178772,-0.03455984592437744,-0.024318367681793518,0.18926993012428284,-0.07360780239105225,-0.04226153574078495,0.28310146927833557,-0.08156955242156982,-0.06040322265713627,0.3385757505893707,-0.06284433603286743,-0.07566936544268543,0.14798235893249512,-0.2595292925834656,-0.01014776758044178,0.16471156477928162,-0.3900988698005676,-0.03761976069896633,0.1708095371723175,-0.46091699600219727,-0.06281891695349628,0.1677531898021698,-0.5250720381736755,-0.08273215077011997,0.0955982506275177,-0.2725367546081543,-0.012653559885315246,0.11143046617507935,-0.33440104126930237,-0.05120800665705616,0.09415370225906372,-0.21550631523132324,-0.05821687958329136,0.08606618642807007,-0.15795588493347168,-0.05686715847938473,0.04095073044300079,-0.26658517122268677,-0.019261522657565422,0.051577359437942505,-0.34633684158325195,-0.058474129504851646,0.04852777719497681,-0.23581600189208984,-0.039472362465552635,0.046130985021591187,-0.1721310019493103,-0.018707456506184883,-0.009025603532791138,-0.23858416080474854,-0.028351420975617714,-0.006991520524024963,-0.30856001377105713,-0.05109390474050457,0.0023943185806274414,-0.23299455642700195,-0.03076534762173111,0.00833699107170105,-0.18278443813323975,-0.011478401228181667,0.07196556986200134,-1.4964790302785258,1.6537959198780936,1.516007108731061,1.269133476242427,0.492782706575899,0.26982825413066375,0.312197879965777,0.3513449393112373,0.3760944515545597,0.3733086333676435,0.37759015553787106,0.04237634073145947,0.08159831410477972,0.03926680126021713,L
0.0,0.0,0.0,0.1121206283569336,-0.03789317607879639,-0.024637633690545613,0.19177871942520142,-0.0731351375579834,-0.04220498142571216,0.28395876288414,-0.08449846506118774,-0.06067470622987514,0.3420366048812866,-0.06661200523376465,-0.07608044309348827,0.1496048867702484,-0.26568520069122314,-0.001219474699283296,0.16850271821022034,-0.397216796875,-0.02622547721297508,0.17663469910621643,-0.46907538175582886,-0.05076064703793293,0.17380043864250183,-0.5340678095817566,-0.07049495143623119,0.09418106079101562,-0.2806083559989929,-0.0037226572054720464,0.11004018783569336,-0.3516768515110016,-0.04222549659938579,0.090788334608078,-0.23301929235458374,-0.049995677301595265,0.08215689659118652,-0.1719490885734558,-0.04845665184588199,0.039132073521614075,-0.27428388595581055,-0.010817713791439587,0.05138862133026123,-0.3614312410354614,-0.04936205385060077,0.04569092392921448,-0.2501680254936218,-0.029475068429420048,0.04300697147846222,-0.18376094102859497,-0.0077250858190751615,-0.01131458580493927,-0.24346935749053955,-0.020856324339220578,-0.0059251487255096436,-0.31846651434898376,-0.0425095797869659,0.001008838415145874,-0.24280035495758057,-0.02123475981683498,0.005913719534873962,-0.19122213125228882,-0.0012436347202680054,0.04338566940838038,-1.480886182468584,1.681007276723766,1.528016743519452,1.2522779866429976,0.49680814873485335,0.28041641162289443,0.32115820838161496,0.35847772254346594,0.3735351481512801,0.3739275774910334,0.38174482262620985,0.04089298833240117,0.07864141543576351,0.037836208838950273,L
0.0,0.0,0.0,0.11206991970539093,-0.04864811897277832,-0.025538774234114214,0.19236423075199127,-0.07793796062469482,-0.04390059973007254,0.2845338135957718,-0.09136176109313965,-0.06340640227204375,0.3434288054704666,-0.07809895277023315,-0.0787893180072885,0.1472465544939041,-0.28540652990341187,0.009473511922301725,0.1680304855108261,-0.41021406650543213,-0.01274451895510964,0.1788644641637802,-0.480083167552948,-0.035193907123861834,0.1803727000951767,-0.5406224131584167,-0.05357072318798117,0.0926910787820816,-0.29879283905029297,0.006660403656901792,0.10894443094730377,-0.3647063970565796,-0.03435287441021018,0.08975206315517426,-0.24578183889389038,-0.04422240148192458,0.07984496653079987,-0.18688803911209106,-0.042886538457928225,0.03562702238559723,-0.29020535945892334,-0.0010764610756766047,0.04532632231712341,-0.3705221712589264,-0.04296643103366904,0.041287586092948914,-0.25938737392425537,-0.022777555537281557,0.040406644344329834,-0.1963328719139099,0.0005214226279761647,-0.015867158770561218,-0.2564939856529236,-0.011784798492548987,-0.014998316764831543,-0.32712846994400024,-0.033673742812929675,-0.004481807351112366,-0.24872905015945435,-0.010471041341183707,0.0032471418380737305,-0.20176494121551514,0.011337210397364572,-0.0010657169947968436,-1.4417213796387809,1.6850910311435308,1.5199241470380647,1.2347868537243447,0.49042353625169466,0.28515172357407975,0.3252717168301417,0.36196248558359073,0.36774152960678264,0.37165277474115826,0.38235827397798616,0.040553497056827634,0.07802915457604592,0.03755444052851667,L
0.0,0.0,0.0,0.11206991970539093,-0.04864811897277832,-0.025538774234114214,0.19236423075199127,-0.07793796062469482,-0.04390059973007254,0.2845338135957718,-0.09136176109313965,-0.06340640227204375,0.3434288054704666,-0.07809895277023315,-0.0787893180072885,0.1472465544939041,-0.28540652990341187,0.009473511922301725,0.1680304855108261,-0.41021406650543213,-0.01274451895510964,0.1788644641637802,-0.480083167552948,-0.035193907123861834,0.1803727000951767,-0.5406224131584167,-0.05357072318798117,0.0926910787820816,-0.29879283905029297,0.006660403656901792,0.10894443094730377,-0.3647063970565796,-0.03435287441021018,0.08975206315517426,-0.24578183889389038,-0.04422240148192458,0.07984496653079987,-0.18688803911209106,-0.042886538457928225,0.03562702238559723,-0.29020535945892334,-0.0010764610756766047,0.04532632231712341,-0.3705221712589264,-0.04296643103366904,0.041287586092948914,-0.25938737392425537,-0.022777555537281557,0.040406644344329834,-0.1963328719139099,0.0005214226279761647,-0.015867158770561218,-0.2564939856529236,-0.011784798492548987,-0.014998316764831543,-0.32712846994400024,-0.033673742812929675,-0.004481807351112366,-0.24872905015945435,-0.010471041341183707,0.0032471418380737305,-0.20176494121551514,0.011337210397364572,-0.0010657169947968436,-1.4417213796387809,1.6850910311435308,1.5199241470380647,1.2347868537243447,0.49042353625169466,0.28515172357407975,0.3252717168301417,0.36196248558359073,0.36774152960678264,0.37165277474115826,0.38235827397798616,0.040553497056827634,0.07802915457604592,0.03755444052851667,L
0.0,0.0,0.0,0.11727558076381683,-0.053781747817993164,-0.02237439755583992,0.19500090181827545,-0.08338683843612671,-0.0344580714055418,0.2890321761369705,-0.09111571311950684,-0.04722779285396328,0.34898240864276886,-0.08044761419296265,-0.055081502015244865,0.1503390520811081,-0.2953861951828003,0.02117484021698246,0.16878347098827362,-0.42104634642601013,0.003213306243988967,0.17741908133029938,-0.4882605969905853,-0.016770394931089783,0.177496537566185,-0.5460938811302185,-0.03308013122762432,0.09360116720199585,-0.30735766887664795,0.020102152188766098,0.10814215242862701,-0.3799135684967041,-0.011086206363987827,0.09001848101615906,-0.25946712493896484,-0.016781092102181816,0.08435454964637756,-0.2014285922050476,-0.014152229244363213,0.036127105355262756,-0.29788216948509216,0.013112285693633652,0.04386967420578003,-0.38717716932296753,-0.02136174630607357,0.0381179004907608,-0.27420908212661743,-0.0014664089004590153,0.042119309306144714,-0.21434247493743896,0.02005324285243759,-0.015062376856803894,-0.2628668546676636,0.003184260388362503,-0.019959568977355957,-0.33973830938339233,-0.014633916730534935,-0.010252416133880615,-0.261841356754303,0.007903002721715069,0.0005192458629608154,-0.21474933624267578,0.02827599230920086,0.019085846119883083,-1.4628937485967968,1.6578662728714848,1.4991901410931732,1.2576281566067176,0.4962195581509226,0.29097130579796787,0.3348026216567928,0.37344816020436544,0.35702883819591535,0.35830990698312776,0.37564633527473806,0.04416541513246748,0.0848869859411546,0.041602053009420395,L
0.0,0.0,0.0,0.11914075911045074,-0.05291342735290527,-0.021182084942235835,0.19683994352817535,-0.08582377433776855,-0.03355241429246891,0.2903227061033249,-0.1002950668334961,-0.0475808480028056,0.3496474176645279,-0.08927536010742188,-0.05689817901886929,0.15023081004619598,-0.3004570007324219,0.025626193245873563,0.16926603019237518,-0.4264896810054779,0.010396553648636453,0.17971546947956085,-0.4943082928657532,-0.006882035193964131,0.1800224334001541,-0.5490687489509583,-0.02129331279732216,0.09255822002887726,-0.31430044770240784,0.024175714215264432,0.10831733047962189,-0.39025062322616577,-0.0024679855182759836,0.08903741836547852,-0.27062761783599854,-0.003555224297567494,0.08535999059677124,-0.21475589275360107,0.0021066276617355273,0.036058083176612854,-0.3055601119995117,0.016460600754246824,0.04579196870326996,-0.39982011914253235,-0.013807381989433654,0.039150357246398926,-0.28864192962646484,0.009357681011781804,0.042997077107429504,-0.22785532474517822,0.032298421001062505,-0.015169456601142883,-0.2700018286705017,0.005426287164912336,-0.017894551157951355,-0.34823372960090637,-0.01003742918558348,-0.00853198766708374,-0.2745976448059082,0.0127786253374077,0.0032688379287719727,-0.22832822799682617,0.03283595803938877,-0.022583966908090385,-1.4515330971624318,1.642982316321515,1.4817331277368186,1.1542425078986083,0.4900842740906022,0.2925631695536259,0.3365097888067838,0.37324766652723707,0.3474565640426707,0.34921914632097495,0.36621894447719255,0.04434198414378192,0.08320556249623731,0.039731053669919685,L
0.0,0.0,0.0,0.11914075911045074,-0.05291342735290527,-0.021182084942235835,0.19683994352817535,-0.08582377433776855,-0.03355241429246891,0.2903227061033249,-0.1002950668334961,-0.0475808480028056,0.3496474176645279,-0.08927536010742188,-0.05689817901886929,0.15023081004619598,-0.3004570007324219,0.025626193245873563,0.16926603019237518,-0.4264896810054779,0.010396553648636453,0.17971546947956085,-0.4943082928657532,-0.006882035193964131,0.1800224334001541,-0.5490687489509583,-0.02129331279732216,0.09255822002887726,-0.31430044770240784,0.024175714215264432,0.10831733047962189,-0.39025062322616577,-0.0024679855182759836,0.08903741836547852,-0.27062761783599854,-0.003555224297567494,0.08535999059677124,-0.21475589275360107,0.0021066276617355273,0.036058083176612854,-0.3055601119995117,0.016460600754246824,0.04579196870326996,-0.39982011914253235,-0.013807381989433654,0.039150357246398926,-0.28864192962646484,0.009357681011781804,0.042997077107429504,-0.22785532474517822,0.032298421001062505,-0.015169456601142883,-0.2700018286705017,0.005426287164912336,-0.017894551157951355,-0.34823372960090637,-0.01003742918558348,-0.00853198766708374,-0.2745976448059082,0.0127786253374077,0.0032688379287719727,-0.22832822799682617,0.03283595803938877,-0.022583966908090385,-1.4515330971624318,1.642982316321515,1.4817331277368186,1.1542425078986083,0.4900842740906022,0.2925631695536259,0.3365097888067838,0.37324766652723707,0.3474565640426707,0.34921914632097495,0.36621894447719255,0.04434198414378192,0.08320556249623731,0.039731053669919685,L
0.0,0.0,0.0,0.12199147045612335,-0.046452462673187256,-0.025620420247804532,0.20000262558460236,-0.08591103553771973,-0.03987466988016308,0.2931593209505081,-0.10621446371078491,-0.05494028401423634,0.35650329291820526,-0.09564906358718872,-0.06549944055129231,0.15533961355686188,-0.30097854137420654,0.020219394221413722,0.1723727434873581,-0.42731794714927673,0.0036692973053789046,0.18228669464588165,-0.4942362904548645,-0.012910408683609376,0.1821969598531723,-0.5521440505981445,-0.02612519708324612,0.09549199044704437,-0.32092273235321045,0.021146060183156123,0.1110982745885849,-0.40927472710609436,0.000788875023346236,0.09120906889438629,-0.2914721965789795,0.005738713994134059,0.08958537876605988,-0.24046820402145386,0.014651715039718738,0.03663171827793121,-0.3135741055011749,0.014853611804056754,0.04846826195716858,-0.421633780002594,-0.014329124957811246,0.03750351071357727,-0.3104284405708313,0.009616005449998966,0.04009352624416351,-0.25206494331359863,0.03306454721044361,-0.016983941197395325,-0.27758342027664185,0.005314753140766015,-0.019391953945159912,-0.3684574067592621,-0.00962890011120976,-0.012259125709533691,-0.29345864057540894,0.013343055948126903,-0.0017133057117462158,-0.2431315779685974,0.033153607725608936,-0.06214343699502114,-1.464270240553214,1.6440803804423607,1.5145744632464266,1.1535733460384787,0.4886413520289814,0.30367376628785614,0.352960433869447,0.38738898226753193,0.32514418077331725,0.3320253852827521,0.3595993520861592,0.050832350213806894,0.09133752431591473,0.04275062823604986,L
0.0,0.0,0.0,0.10718533396720886,-0.042154788970947266,-0.029031708162342795,0.19089293479919434,-0.08712214231491089,-0.04886507548025776,0.2822017967700958,-0.10985743999481201,-0.07224726982048679,0.3443411886692047,-0.09599900245666504,-0.09387023307017017,0.14177772402763367,-0.30863916873931885,0.014042416330362073,0.15298891067504883,-0.4362884759902954,-0.005204028707062491,0.16264379024505615,-0.5083515644073486,-0.024375883188163527,0.16247904300689697,-0.5676513910293579,-0.04089878804615665,0.08285143971443176,-0.3264400064945221,0.010212549682641736,0.09323123097419739,-0.417611300945282,-0.01975186101726223,0.07418856024742126,-0.3015452027320862,-0.022268549796258696,0.07354255020618439,-0.2452961802482605,-0.01622877202562023,0.027078717947006226,-0.3196474611759186,-0.0006903484124407555,0.03218837082386017,-0.4295665919780731,-0.035149178724800834,0.024801358580589294,-0.3242764174938202,-0.013349614363228568,0.025087818503379822,-0.2593550682067871,0.009954069483960382,-0.028754249215126038,-0.2873227000236511,-0.016052781861340293,-0.03498850762844086,-0.37457382678985596,-0.03874237395456959,-0.02738003432750702,-0.3076496720314026,-0.020422333177243956,-0.01590174436569214,-0.2541409134864807,-0.0016867456967659678,-0.057784807088752874,-1.4910417580083282,1.6850178480100686,1.6038050732295535,1.201254520438971,0.5054995703966769,0.3092273433737076,0.35861946207588263,0.39342576787209466,0.3343988362261701,0.3375247712931521,0.36070559301572763,0.05045308072874419,0.08988053814656373,0.0413198702036308,L
0.0,0.0,0.0,0.10269421339035034,-0.03919428586959839,-0.03009333820396165,0.18758812546730042,-0.08524578809738159,-0.05300220647209386,0.27841535210609436,-0.10580575466156006,-0.08002681085222463,0.34061354398727417,-0.09053313732147217,-0.10613504597299794,0.13739538192749023,-0.30606603622436523,0.009279837968414029,0.14790046215057373,-0.4302791357040405,-0.010208748144442836,0.15698477625846863,-0.5028219223022461,-0.028722004828388492,0.15571874380111694,-0.5621670484542847,-0.045040352133447925,0.07741965353488922,-0.32338881492614746,0.004273255492215355,0.08599656820297241,-0.4126807451248169,-0.027368236196572582,0.06887657940387726,-0.2966614365577698,-0.03115290762239198,0.06899978220462799,-0.2404833436012268,-0.0258242691432784,0.021798476576805115,-0.3160979449748993,-0.007416085669184724,0.025135263800621033,-0.42605602741241455,-0.04242191263788442,0.020519688725471497,-0.32026806473731995,-0.022082464632923404,0.021461769938468933,-0.25605589151382446,-8.150519398952838e-06,-0.034259915351867676,-0.28558868169784546,-0.023635078085000316,-0.042167872190475464,-0.3710672855377197,-0.04753880375378827,-0.03338529169559479,-0.3030053973197937,-0.030736129594380657,-0.022297963500022888,-0.248826801776886,-0.01305804015451173,-0.03453835764644066,-1.4993706364188253,1.6720091944461948,1.5764041148270578,1.2562116343944625,0.5065813194999522,0.31025650670543725,0.3595213999665688,0.3959313658620969,0.33316750181907384,0.33425884496028346,0.3603776606092458,0.05002366298770652,0.0916781962359648,0.044352835411420634,L
0.0,0.0,0.0,0.10269421339035034,-0.03919428586959839,-0.03009333820396165,0.18758812546730042,-0.08524578809738159,-0.05300220647209386,0.27841535210609436,-0.10580575466156006,-0.08002681085222463,0.34061354398727417,-0.09053313732147217,-0.10613504597299794,0.13739538192749023,-0.30606603622436523,0.009279837968414029,0.14790046215057373,-0.4302791357040405,-0.010208748144442836,0.15698477625846863,-0.5028219223022461,-0.028722004828388492,0.15571874380111694,-0.5621670484542847,-0.045040352133447925,0.07741965353488922,-0.32338881492614746,0.004273255492215355,0.08599656820297241,-0.4126807451248169,-0.027368236196572582,0.06887657940387726,-0.2966614365577698,-0.03115290762239198,0.06899978220462799,-0.2404833436012268,-0.0258242691432784,0.021798476576805115,-0.3160979449748993,-0.007416085669184724,0.025135263800621033,-0.42605602741241455,-0.04242191263788442,0.020519688725471497,-0.32026806473731995,-0.022082464632923404,0.021461769938468933,-0.25605589151382446,-8.150519398952838e-06,-0.034259915351867676,-0.28558868169784546,-0.023635078085000316,-0.042167872190475464,-0.3710672855377197,-0.04753880375378827,-0.03338529169559479,-0.3030053973197937,-0.030736129594380657,-0.022297963500022888,-0.248826801776886,-0.01305804015451173,-0.03453835764644066,-1.4993706364188253,1.6720091944461948,1.5764041148270578,1.2562116343944625,0.5065813194999522,0.31025650670543725,0.3595213999665688,0.3959313658620969,0.33316750181907384,0.33425884496028346,0.3603776606092458,0.05002366298770652,0.0916781962359648,0.044352835411420634,L
0.0,0.0,0.0,0.10514868795871735,-0.03858381509780884,-0.030662856844280384,0.1898225098848343,-0.08418089151382446,-0.054847989079569004,0.28007929027080536,-0.09193849563598633,-0.08233291268071952,0.33921046555042267,-0.06639832258224487,-0.108793880638693,0.13757561147212982,-0.30237847566604614,0.0010986281912508389,0.14852197468280792,-0.42459550499916077,-0.01776851325950446,0.15975679457187653,-0.49140647053718567,-0.034354030934188984,0.1614968627691269,-0.5479885339736938,-0.049413364228819034,0.07685774564743042,-0.31762930750846863,-0.0039923389787119845,0.08577518165111542,-0.40249210596084595,-0.02866215057394328,0.0722678154706955,-0.2858169674873352,-0.026890933361862324,0.07252155244350433,-0.2372124195098877,-0.020443193462703846,0.01764845848083496,-0.30555102229118347,-0.015732731518362186,0.019648611545562744,-0.4051433205604553,-0.04720703497252288,0.020050033926963806,-0.2991945743560791,-0.02716269515178027,0.022756919264793396,-0.24380242824554443,-0.007635116425369404,-0.038463056087493896,-0.2679396867752075,-0.03161755189022841,-0.04901306331157684,-0.3484289348125458,-0.05097186177692237,-0.03571787476539612,-0.27391695976257324,-0.03209168821296515,-0.024419531226158142,-0.22052252292633057,-0.015450602245543621,0.11847866246422345,-1.473707301248236,1.624665583675581,1.4882543036242912,1.2828573081379175,0.5133334747720713,0.3167024346028233,0.3627879045157736,0.3949443551785999,0.3232621214568165,0.3343321086010773,0.37656193905847934,0.05019907300486424,0.09836730326189863,0.052607713052334484,L
0.0,0.0,0.0,0.09880796074867249,-0.033785223960876465,-0.0380606050705552,0.18596692383289337,-0.08066636323928833,-0.06624975009914635,0.2740299254655838,-0.08666127920150757,-0.09614781989809273,0.3331574946641922,-0.060527145862579346,-0.12524684473034142,0.13694317638874054,-0.30011990666389465,-0.010240687533283221,0.14610369503498077,-0.42046424746513367,-0.030119213751518714,0.156834676861763,-0.4905112683773041,-0.04444589047785996,0.15646786987781525,-0.5469266325235367,-0.05807300611492394,0.07199223339557648,-0.31245940923690796,-0.014155000924134242,0.0823388397693634,-0.3967494070529938,-0.04188730522152184,0.06975023448467255,-0.27944856882095337,-0.03908337234612702,0.06927761435508728,-0.2326144576072693,-0.03090059525426625,0.009091734886169434,-0.2960345149040222,-0.024951742506587493,0.010758623480796814,-0.37536826729774475,-0.06089270814415215,0.014491468667984009,-0.26961255073547363,-0.04014541908260583,0.01810719072818756,-0.22454184293746948,-0.019202328762972343,-0.05112887918949127,-0.2609716057777405,-0.040364082447254646,-0.056742146611213684,-0.3209824860095978,-0.06431110157724618,-0.043516844511032104,-0.24385309219360352,-0.04585631518718003,-0.03459480404853821,-0.20126312971115112,-0.02882670565601586,0.13597974365770463,-1.491851494973209,1.6047818670320073,1.4453552368840745,1.3006521455243092,0.5174975208937658,0.31503433796248564,0.3551865916201467,0.39376181932523974,0.3261813666638744,0.3508213649297874,0.394953418195635,0.051803275589130886,0.1085006224215684,0.057614223442820085,L
0.0,0.0,0.0,0.09880796074867249,-0.033785223960876465,-0.0380606050705552,0.18596692383289337,-0.08066636323928833,-0.06624975009914635,0.2740299254655838,-0.08666127920150757,-0.09614781989809273,0.3331574946641922,-0.060527145862579346,-0.12524684473034142,0.13694317638874054,-0.30011990666389465,-0.010240687533283221,0.14610369503498077,-0.42046424746513367,-0.030119213751518714,0.156834676861763,-0.4905112683773041,-0.04444589047785996,0.15646786987781525,-0.5469266325235367,-0.05807300611492394,0.07199223339557648,-0.31245940923690796,-0.014155000924134242,0.0823388397693634,-0.3967494070529938,-0.04188730522152184,0.06975023448467255,-0.27944856882095337,-0.03908337234612702,0.06927761435508728,-0.2326144576072693,-0.03090059525426625,0.009091734886169434,-0.2960345149040222,-0.024951742506587493,0.010758623480796814,-0.37536826729774475,-0.06089270814415215,0.014491468667984009,-0.26961255073547363,-0.04014541908260583,0.01810719072818756,-0.22454184293746948,-0.019202328762972343,-0.05112887918949127,-0.2609716057777405,-0.040364082447254646,-0.056742146611213684,-0.3209824860095978,-0.06431110157724618,-0.043516844511032104,-0.24385309219360352,-0.04585631518718003,-0.03459480404853821,-0.20126312971115112,-0.02882670565601586,0.13597974365770463,-1.491851494973209,1.6047818670320073,1.4453552368840745,1.3006521455243092,0.5174975208937658,0.31503433796248564,0.3551865916201467,0.39376181932523974,0.3261813666638744,0.3508213649297874,0.394953418195635,0.051803275589130886,0.1085006224215684,0.057614223442820085,L
0.0,0.0,0.0,0.09477929770946503,-0.017827093601226807,-0.04180883922576584,0.18407540023326874,-0.060529112815856934,-0.07220882483720459,0.26735861599445343,-0.06335216760635376,-0.10348657079934753,0.3298600763082504,-0.033283352851867676,-0.13559784301519073,0.12360163033008575,-0.2832568287849426,-0.033004402452704085,0.1356724053621292,-0.4205833077430725,-0.06057624080180801,0.1457969695329666,-0.4978155791759491,-0.0785562203168837,0.14491401612758636,-0.5600981712341309,-0.09389180251359619,0.05449192225933075,-0.287742555141449,-0.040070022726055754,0.05683128535747528,-0.3778008222579956,-0.0808820904135672,0.05456031858921051,-0.2717292606830597,-0.08870799400806106,0.05422370135784149,-0.21627938747406006,-0.08697109230756439,-0.010420262813568115,-0.26130211353302,-0.05272495307922043,-0.014202728867530823,-0.31420549750328064,-0.09907619961499847,-0.0011787712574005127,-0.21649909019470215,-0.0894163356065718,0.006254240870475769,-0.17476874589920044,-0.07359671154021896,-0.07210947573184967,-0.22283059358596802,-0.06942557849883713,-0.07856054604053497,-0.28334057331085205,-0.09766500004529632,-0.06494013965129852,-0.21852093935012817,-0.0835923508644072,-0.057851970195770264,-0.18450039625167847,-0.0692284957408873,0.18475901188069246,-1.4939637565863984,1.5745495839030332,1.3804350564367383,1.2146888161588407,0.5583358290880918,0.3308518700011367,0.35318388011790447,0.4161576927306717,0.3555785275565578,0.4095183748054538,0.4268345508290684,0.06343660223723686,0.11649403605895568,0.06484066097637324,L
0.0,0.0,0.0,0.09633544087409973,-0.026823222637176514,-0.041770806086191214,0.18856406211853027,-0.06404614448547363,-0.0677190064610329,0.2735101878643036,-0.06052297353744507,-0.0932719274581757,0.3345031440258026,-0.040864646434783936,-0.11848931155813602,0.12736859917640686,-0.29174017906188965,-0.02728216118825344,0.14028403162956238,-0.43039464950561523,-0.05059175334585575,0.1481928825378418,-0.5060441493988037,-0.06790033869160084,0.1463417112827301,-0.5701405704021454,-0.08363944433344273,0.05785927176475525,-0.2952623963356018,-0.03263552628172306,0.05736088752746582,-0.3785892724990845,-0.07158401004684833,0.055708885192871094,-0.27152925729751587,-0.08238509438646702,0.05575624108314514,-0.20998597145080566,-0.08390078089846043,-0.008730128407478333,-0.26751643419265747,-0.04351152620924381,-0.012734979391098022,-0.31247347593307495,-0.08938232950580982,0.0019111037254333496,-0.2150270938873291,-0.0824948414386597,0.01207318902015686,-0.1722431182861328,-0.06921133540285496,-0.07073292136192322,-0.2286916971206665,-0.0582379750133839,-0.07563096284866333,-0.28037506341934204,-0.08716490260971455,-0.06354358792304993,-0.21455609798431396,-0.07466584585321812,-0.054502084851264954,-0.1831423044204712,-0.06169531263125805,0.15752758359517133,-1.5027510910779178,1.5954526664393598,1.355816496240899,1.2284891636709077,0.5617274503381777,0.3260396578260046,0.34816860678547457,0.41420767744646153,0.3713718655971131,0.419940970221994,0.4360113396671426,0.05772981900671264,0.113478988793054,0.06746153977968317,L
0.0,0.0,0.0,0.09561654925346375,-0.027811944484710693,-0.04404980741172437,0.1893715262413025,-0.06850075721740723,-0.06992314807801847,0.2733605206012726,-0.0676344633102417,-0.09475000254541044,0.3351272940635681,-0.05158591270446777,-0.11916114441781644,0.12572693824768066,-0.29925763607025146,-0.030767286715203568,0.13908153772354126,-0.4384427070617676,-0.054747082811886116,0.14719703793525696,-0.5134495198726654,-0.07251744769244794,0.14542067050933838,-0.5787973701953888,-0.08867736212640409,0.05693560838699341,-0.3015543222427368,-0.03536535478859548,0.05612210929393768,-0.3849457800388336,-0.07473348878055219,0.054340213537216187,-0.27668410539627075,-0.08587897620826368,0.05368897318840027,-0.21628475189208984,-0.08742761663823728,-0.008709549903869629,-0.27394774556159973,-0.04559516586094503,-0.012820065021514893,-0.3184097707271576,-0.09226167253881101,0.002147763967514038,-0.21934622526168823,-0.08602527580886488,0.011794909834861755,-0.17829614877700806,-0.0729123433652461,-0.07035402953624725,-0.2352083921432495,-0.05979280970721845,-0.07366248965263367,-0.2870081067085266,-0.09081594697862272,-0.05991838872432709,-0.22047263383865356,-0.0795133491578639,-0.050689250230789185,-0.1888059377670288,-0.06681431136756544,0.11553243739211581,-1.5004619710782012,1.6088529003605774,1.35962613848012,1.1699531409952701,0.5603039567324574,0.3260877735929149,0.3472741202804763,0.40949205258394167,0.37393863496901936,0.4222050121368141,0.43652310177151354,0.0565530415707723,0.10793469669140635,0.06336186490093745,L
0.0,0.0,0.0,0.09561654925346375,-0.027811944484710693,-0.04404980741172437,0.1893715262413025,-0.06850075721740723,-0.06992314807801847,0.2733605206012726,-0.0676344633102417,-0.09475000254541044,0.3351272940635681,-0.05158591270446777,-0.11916114441781644,0.12572693824768066,-0.29925763607025146,-0.030767286715203568,0.13908153772354126,-0.4384427070617676,-0.054747082811886116,0.14719703793525696,-0.5134495198726654,-0.07251744769244794,0.14542067050933838,-0.5787973701953888,-0.08867736212640409,0.05693560838699341,-0.3015543222427368,-0.03536535478859548,0.05612210929393768,-0.3849457800388336,-0.07473348878055219,0.054340213537216187,-0.27668410539627075,-0.08587897620826368,0.05368897318840027,-0.21628475189208984,-0.08742761663823728,-0.008709549903869629,-0.27394774556159973,-0.04559516586094503,-0.012820065021514893,-0.3184097707271576,-0.09226167253881101,0.002147763967514038,-0.21934622526168823,-0.08602527580886488,0.011794909834861755,-0.17829614877700806,-0.0729123433652461,-0.07035402953624725,-0.2352083921432495,-0.05979280970721845,-0.07366248965263367,-0.2870081067085266,-0.09081594697862272,-0.05991838872432709,-0.22047263383865356,-0.0795133491578639,-0.050689250230789185,-0.1888059377670288,-0.06681431136756544,0.11553243739211581,-1.5004619710782012,1.6088529003605774,1.35962613848012,1.1699531409952701,0.5603039567324574,0.3260877735929149,0.3472741202804763,0.40949205258394167,0.37393863496901936,0.4222050121368141,0.43652310177151354,0.0565530415707723,0.10793469669140635,0.06336186490093745,L
0.0,0.0,0.0,0.09502606093883514,-0.02183544635772705,-0.04564928115952682,0.18630366027355194,-0.07029002904891968,-0.0747393541191883,0.27047185599803925,-0.07931637763977051,-0.10315818564642143,0.33917878568172455,-0.058305323123931885,-0.132238099739439,0.12236039340496063,-0.29586225748062134,-0.028706139341480252,0.13443540036678314,-0.4302917420864105,-0.05227114112723541,0.141986683011055,-0.5063660740852356,-0.06704080329883766,0.13908566534519196,-0.5700512230396271,-0.08053944484937858,0.05263279378414154,-0.2965560257434845,-0.03151875959385109,0.0508141964673996,-0.38381147384643555,-0.06920246259916496,0.05131405591964722,-0.2714071273803711,-0.07453213112104606,0.05555051565170288,-0.21211177110671997,-0.07018491850841713,-0.012030094861984253,-0.26877227425575256,-0.040940022483951566,-0.019884735345840454,-0.3149334490299225,-0.08742457108247947,-0.004185393452644348,-0.21337884664535522,-0.07918262706745338,0.008602499961853027,-0.17343014478683472,-0.06313523875225258,-0.07159645855426788,-0.22896963357925415,-0.054417146757728574,-0.07883286476135254,-0.2850104868412018,-0.08444098608244133,-0.06538674235343933,-0.21254169940948486,-0.07182649748075676,-0.05592025816440582,-0.177895188331604,-0.057544904217607495,0.0782353833732961,-1.5098727450750182,1.536258019724062,1.357676817310326,1.2729953379234626,0.5494734960728632,0.32264751510170503,0.35004914689691974,0.41280139329769183,0.3675578491670985,0.41753339526661026,0.43796537050519335,0.0608307849034157,0.1166040649032804,0.06467706649250868,L
0.0,0.0,0.0,0.08366432785987854,-0.023950695991516113,-0.058257592698737426,0.1668931245803833,-0.06357741355895996,-0.09369893543998842,0.24796468019485474,-0.0652424693107605,-0.12671981178800706,0.3139709234237671,-0.05271899700164795,-0.15906924926321153,0.10395547747612,-0.2761337161064148,-0.036190966000958724,0.11754217743873596,-0.40430644154548645,-0.06679830872099046,0.12256455421447754,-0.48642200231552124,-0.08221341841499452,0.12310677766799927,-0.5524929761886597,-0.09401273899356966,0.03637109696865082,-0.27609407901763916,-0.03319634669105653,0.039846405386924744,-0.37178024649620056,-0.08572215758840684,0.04588177800178528,-0.27248966693878174,-0.09655174039880876,0.054566919803619385,-0.21412718296051025,-0.08958172225038652,-0.02689473330974579,-0.2515560984611511,-0.038082422545357986,-0.03469720482826233,-0.2893719971179962,-0.09712163530866746,-0.016090095043182373,-0.19299817085266113,-0.0923101844696248,-0.00034026801586151123,-0.1589876413345337,-0.07189259105007295,-0.08243018388748169,-0.21640819311141968,-0.04771121390740518,-0.09619294106960297,-0.2659173607826233,-0.08432569526712541,-0.07822398841381073,-0.19317972660064697,-0.07395880096237306,-0.06501632928848267,-0.16047608852386475,-0.05726786129753236,0.0736940100192355,-1.5016083737246573,1.2851865880116247,1.2914349717034777,1.268969367796104,0.5349795812996031,0.3055209315066519,0.33178991822017173,0.3940087924040605,0.34523777623977386,0.41241438098923155,0.4348189779498503,0.07781496208934727,0.13106713317103408,0.06469318647875735,L
0.0,0.0,0.0,0.0967850387096405,-0.0229722261428833,-0.04573974712464235,0.18884402513504028,-0.07664769887924194,-0.07144357218119524,0.26862436532974243,-0.09159660339355469,-0.09526435239884279,0.33210140466690063,-0.06748354434967041,-0.1191925178346338,0.12027981877326965,-0.3010844588279724,-0.03442859976264856,0.12634426355361938,-0.4352198839187622,-0.0578224132833185,0.12944123148918152,-0.5120209753513336,-0.07244945271584413,0.12571504712104797,-0.5774953961372375,-0.08641414298388383,0.04744446277618408,-0.2992839813232422,-0.03690921096774957,0.04612201452255249,-0.38501816987991333,-0.07556488319012544,0.05046933889389038,-0.277915894985199,-0.08273948683115862,0.057079195976257324,-0.21759843826293945,-0.0800469587621393,-0.01876451075077057,-0.26795053482055664,-0.045465848880738235,-0.021287381649017334,-0.31340155005455017,-0.0953508014855089,-0.002499192953109741,-0.2140331268310547,-0.09201894654604814,0.012273281812667847,-0.17556840181350708,-0.07889707340571306,-0.07670281827449799,-0.22430521249771118,-0.057446326601237274,-0.0767107605934143,-0.27240532636642456,-0.09083437128636263,-0.06089164316654205,-0.20297783613204956,-0.08249188913676164,-0.049211546778678894,-0.17167377471923828,-0.0713479812321367,0.06388281579876207,-1.5511352813915946,1.4533897122023305,1.2466730247656794,1.0894403485863593,0.550188529092372,0.31332362925204316,0.3375979333192668,0.39529124837846147,0.3663832697456915,0.41762943249056295,0.44191684926430885,0.06143365452238343,0.11578772265226647,0.06160805358969477,L
0.0,0.0,0.0,0.0967850387096405,-0.0229722261428833,-0.04573974712464235,0.18884402513504028,-0.07664769887924194,-0.07144357218119524,0.26862436532974243,-0.09159660339355469,-0.09526435239884279,0.33210140466690063,-0.06748354434967041,-0.1191925178346338,0.12027981877326965,-0.3010844588279724,-0.03442859976264856,0.12634426355361938,-0.4352198839187622,-0.0578224132833185,0.12944123148918152,-0.5120209753513336,-0.07244945271584413,0.12571504712104797,-0.5774953961372375,-0.08641414298388383,0.04744446277618408,-0.2992839813232422,-0.03690921096774957,0.04612201452255249,-0.38501816987991333,-0.07556488319012544,0.05046933889389038,-0.277915894985199,-0.08273948683115862,0.057079195976257324,-0.21759843826293945,-0.0800469587621393,-0.01876451075077057,-0.26795053482055664,-0.045465848880738235,-0.021287381649017334,-0.31340155005455017,-0.0953508014855089,-0.002499192953109741,-0.2140331268310547,-0.09201894654604814,0.012273281812667847,-0.17556840181350708,-0.07889707340571306,-0.07670281827449799,-0.22430521249771118,-0.057446326601237274,-0.0767107605934143,-0.27240532636642456,-0.09083437128636263,-0.06089164316654205,-0.20297783613204956,-0.08249188913676164,-0.049211546778678894,-0.17167377471923828,-0.0713479812321367,0.06388281579876207,-1.5511352813915946,1.4533897122023305,1.2466730247656794,1.0894403485863593,0.550188529092372,0.31332362925204316,0.3375979333192668,0.39529124837846147,0.3663832697456915,0.41762943249056295,0.44191684926430885,0.06143365452238343,0.11578772265226647,0.06160805358969477,L
0.0,0.0,0.0,0.0925990492105484,-0.028317630290985107,-0.050301024738530487,0.18165220320224762,-0.08603131771087646,-0.08286867854354796,0.26219286024570465,-0.10439729690551758,-0.1138754096364778,0.3282804638147354,-0.08304095268249512,-0.14501146045682844,0.11028249561786652,-0.30096566677093506,-0.04574724105356154,0.11825324594974518,-0.442325234413147,-0.07527154502628264,0.12294603884220123,-0.5240352749824524,-0.09273095247505125,0.12009595334529877,-0.5951224267482758,-0.10840590116737303,0.03974775969982147,-0.2972272038459778,-0.04740365785715994,0.03905819356441498,-0.3808833956718445,-0.09266669866798338,0.04670177400112152,-0.27087652683258057,-0.09963376638648924,0.05368123948574066,-0.21837306022644043,-0.09660955337045607,-0.023007169365882874,-0.26776784658432007,-0.05517971334217009,-0.021751806139945984,-0.315282940864563,-0.10836837259290633,-0.0018678754568099976,-0.2123510241508484,-0.10007096645591673,0.007475540041923523,-0.17531460523605347,-0.08362070289609846,-0.07899816334247589,-0.2273387908935547,-0.06723584053276,-0.07338856160640717,-0.28030335903167725,-0.1039484721159738,-0.05351051688194275,-0.20781797170639038,-0.09403853682039198,-0.04574146866798401,-0.17347294092178345,-0.0810498875117105,0.020391366111977886,-1.5374473755834566,1.3959022361106932,1.252310785417955,1.0176819465921707,0.5527822595568546,0.3061364292833696,0.33381166257705025,0.38479910404653844,0.3825584914645749,0.43465154376288706,0.45308976973416315,0.06315850858951265,0.10909122609171253,0.05324886612386061,L
0.0,0.0,0.0,0.09229806065559387,-0.03155338764190674,-0.04797115622868375,0.1816619634628296,-0.09035849571228027,-0.07982019780983762,0.2633681893348694,-0.11396241188049316,-0.11045507787575559,0.32964420318603516,-0.09844255447387695,-0.14052901117911176,0.107140451669693,-0.29946041107177734,-0.03563559501280622,0.10686516761779785,-0.4383525550365448,-0.06198759450425939,0.10929328203201294,-0.5200691521167755,-0.07776963411679105,0.10281026363372803,-0.5861855149269104,-0.09128269254078702,0.03884565830230713,-0.29383736848831177,-0.03708799256791906,0.04631739854812622,-0.37525177001953125,-0.07514527140965299,0.04885601997375488,-0.2671080231666565,-0.07795969097723798,0.04854753613471985,-0.22178125381469727,-0.07181428073754148,-0.021431073546409607,-0.2666420340538025,-0.04530070050468282,-0.012837141752243042,-0.3074566721916199,-0.09356108008732633,0.00039614737033843994,-0.20955723524093628,-0.08321664928307371,0.002933114767074585,-0.18502676486968994,-0.06550252138485746,-0.07543285191059113,-0.23154819011688232,-0.057655782241724296,-0.0609554797410965,-0.2832672595977783,-0.08825937359442548,-0.04595699906349182,-0.2126752734184265,-0.07379007040371732,-0.04545484483242035,-0.1850522756576538,-0.05809722914209203,-0.05457432894644426,-1.5858974072964573,1.436957865909594,1.2806934036733617,0.9981242012012097,0.5379096872192479,0.30696542310567043,0.3379895868007893,0.38496823197230595,0.36842218868082527,0.41340511319189455,0.4276568928885929,0.05857958598619282,0.10092306705581205,0.04838796632431101,L
0.0,0.0,0.0,0.08985836803913116,-0.02987128496170044,-0.04632617938310091,0.18100778758525848,-0.08982741832733154,-0.07897678422719423,0.26202864944934845,-0.11670917272567749,-0.11010924386769716,0.3267735093832016,-0.09892147779464722,-0.14104922520905916,0.10730160772800446,-0.30122023820877075,-0.03825446250826303,0.10884769260883331,-0.4319979250431061,-0.06359919565707628,0.11210291087627411,-0.5118890106678009,-0.07774435388833467,0.1054159551858902,-0.5782244503498077,-0.09095206516772691,0.03821311891078949,-0.2980373501777649,-0.04031007396966402,0.04776214063167572,-0.3732903003692627,-0.07504162597447817,0.05022077262401581,-0.2590445280075073,-0.07433836567193453,0.051601991057395935,-0.21928632259368896,-0.06739425319224779,-0.022996142506599426,-0.27107447385787964,-0.04867344009667818,-0.0158233642578125,-0.31128329038619995,-0.0952630679586548,-0.001842781901359558,-0.21140480041503906,-0.08251743423730318,0.0008998066186904907,-0.189994215965271,-0.06480657714396898,-0.08013550937175751,-0.23659926652908325,-0.06089565190464441,-0.06765872240066528,-0.2803334593772888,-0.09113929080754701,-0.05242203176021576,-0.20690977573394775,-0.07642198759108965,-0.053509846329689026,-0.1823427677154541,-0.06170930745989267,-0.062307433734846235,-1.5776035280344292,1.402391391174687,1.2841908584165467,1.1145866647741522,0.5279493406572534,0.3003449023393382,0.3383606268337791,0.3893257533792341,0.36294975174573507,0.40205265849337857,0.4265908074874286,0.0585554354230853,0.11141510043943838,0.05494501792048784,L
0.0,0.0,0.0,0.0908496230840683,-0.03104466199874878,-0.046857379868839644,0.18208079040050507,-0.0939210057258606,-0.07714001511058655,0.2656087726354599,-0.12190848588943481,-0.10578612659892883,0.3293509930372238,-0.10284245014190674,-0.1339141843172058,0.109230175614357,-0.2985782027244568,-0.03680223648271408,0.11130906641483307,-0.4333455264568329,-0.06427775745115127,0.1148798018693924,-0.514066219329834,-0.08006872658452835,0.10884927213191986,-0.5803437829017639,-0.09400500778875198,0.04226307570934296,-0.29692304134368896,-0.039359886691187285,0.05138923227787018,-0.37840983271598816,-0.08104011838159408,0.054169341921806335,-0.2637302279472351,-0.084714059278582,0.05655305087566376,-0.21713787317276,-0.0781995174737915,-0.017590180039405823,-0.2724406123161316,-0.04828370411715355,-0.016242876648902893,-0.31581830978393555,-0.09858180259189453,-0.00264836847782135,-0.2168872356414795,-0.0876706284733757,0.0023079514503479004,-0.19092047214508057,-0.06914212231359329,-0.07436937093734741,-0.2380504608154297,-0.061265472814653776,-0.06995940208435059,-0.28225427865982056,-0.09389425490817871,-0.05442439019680023,-0.2100449800491333,-0.08055187438449707,-0.05245332419872284,-0.18396145105361938,-0.06524365071973648,-0.06050480656222246,-1.572148171296861,1.3935697966586817,1.3313890884716917,1.1858282670579388,0.525954876115471,0.29577383415945296,0.33869586506242827,0.3903265670805945,0.36695153306636646,0.40373452660537956,0.4279456514376316,0.06024850976006436,0.1139432525052943,0.05520167828304597,L
0.0,0.0,0.0,0.11632606387138367,-0.059528350830078125,-0.041370454582335014,0.194784015417099,-0.09539294242858887,-0.06582057789242413,0.28291481733322144,-0.12062764167785645,-0.08604888186133053,0.3486447334289551,-0.10911810398101807,-0.09990992710268642,0.13837292790412903,-0.30810707807540894,-0.0033288003066047622,0.14945396780967712,-0.43683022260665894,-0.019521057012440224,0.1608557403087616,-0.509067177772522,-0.03180187881267216,0.16028377413749695,-0.5710222721099854,-0.042295134964348335,0.07980111241340637,-0.31786853075027466,0.002879647898538451,0.09767603874206543,-0.40478014945983887,-0.022386222484470863,0.09063437581062317,-0.28187334537506104,-0.017421731132031937,0.08557820320129395,-0.22905850410461426,-0.00652097758180048,0.020827680826187134,-0.2962207794189453,0.0024725034712389515,0.032470911741256714,-0.371526837348938,-0.03221499860561039,0.03637032210826874,-0.25899261236190796,-0.010609290900589485,0.04014590382575989,-0.21920597553253174,0.01345449652248476,-0.03004029393196106,-0.2530185580253601,-0.0015108060212298824,-0.02585509419441223,-0.3260405659675598,-0.01621634826338436,-0.01092439889907837,-0.24753594398498535,0.00855630602413271,-0.00519406795501709,-0.21586954593658447,0.029536165890334587,-0.08896961060967531,-1.4876503856622296,1.5058378638306158,1.325029313500845,0.981300274453235,0.4988339518518278,0.2891188318111245,0.32755284662063894,0.3695913523399036,0.3500287716136137,0.37176311600334233,0.39181165772854903,0.04648834419305397,0.09172542629191154,0.04546256485868748,L
0.0,0.0,0.0,0.11759844422340393,-0.05213421583175659,-0.044887216783763506,0.1960921585559845,-0.08749765157699585,-0.06864430198788796,0.2835644483566284,-0.11384952068328857,-0.08649717459798012,0.3517162799835205,-0.09630495309829712,-0.09690380284905586,0.14148259162902832,-0.30502045154571533,-0.004736954834015705,0.15790238976478577,-0.4333237409591675,-0.02317186447203312,0.17069187760353088,-0.5049867033958435,-0.03659163976431046,0.17292293906211853,-0.568723738193512,-0.04732803816318665,0.08427542448043823,-0.31370681524276733,0.002682872094510458,0.10598355531692505,-0.39931392669677734,-0.025534104577900507,0.09631210565567017,-0.27350282669067383,-0.022083394251467325,0.08953365683555603,-0.21959233283996582,-0.011063906386198141,0.02516333758831024,-0.2956700325012207,0.0028758148907854775,0.041117504239082336,-0.3731691539287567,-0.035136250801087954,0.04170185327529907,-0.256217360496521,-0.015077170937956907,0.04431906342506409,-0.21708720922470093,0.009462375171779058,-0.026385799050331116,-0.25384634733200073,-0.0006280424643136939,-0.01911364495754242,-0.33140307664871216,-0.016412058867217638,-0.005023151636123657,-0.24806678295135498,0.008384785592852495,-0.0014556199312210083,-0.21630221605300903,0.030069516949652098,-0.05653311805544316,-1.452130261097327,1.514983754562183,1.3316946461399666,0.9846259580004975,0.5051203492918054,0.2897231538629835,0.3302747373670453,0.3730009839209683,0.35895196140208435,0.37441581875517016,0.3932032694477789,0.045283938671496535,0.0910487416443136,0.04578141381224226,L
0.0,0.0,0.0,0.12103746831417084,-0.05399203300476074,-0.040045792513168976,0.19482095539569855,-0.08483564853668213,-0.06181416501907222,0.28352494537830353,-0.10769551992416382,-0.0788982382943999,0.3507324308156967,-0.0902407169342041,-0.08883758848217838,0.1486106961965561,-0.3009048104286194,0.0024122853794921184,0.1661156266927719,-0.42563581466674805,-0.01626096507219188,0.17839013040065765,-0.4978399872779846,-0.032435512446440384,0.1802086979150772,-0.5600032806396484,-0.045391945444620774,0.09175454080104828,-0.31316202878952026,0.008321045621656253,0.11209665238857269,-0.3994826078414917,-0.023013957121051476,0.09643761813640594,-0.2771146893501282,-0.022903269433058426,0.08770476281642914,-0.21800243854522705,-0.013999075905061886,0.032747551798820496,-0.29748719930648804,0.007452747973971441,0.04750463366508484,-0.3800058960914612,-0.03030866784659736,0.04283834993839264,-0.2652888298034668,-0.009398415029622242,0.044923022389411926,-0.217640221118927,0.015578006117962673,-0.018595397472381592,-0.2570618987083435,0.003055677240141108,-0.014723509550094604,-0.33659183979034424,-0.01214454071281068,-0.003652617335319519,-0.25615793466567993,0.013018773592435195,0.0030509382486343384,-0.22114741802215576,0.03508583614917882,-0.034653668709973356,-1.4494419406069246,1.6133284109810693,1.4194769013139215,1.0283800448753844,0.4997551497898481,0.29241513579523454,0.33128541765152825,0.3715090640393456,0.35429021155265955,0.36812318390292215,0.3823717660082635,0.04278327378110042,0.08471222408758539,0.04201870845719054,L
0.0,0.0,0.0,0.12103746831417084,-0.05399203300476074,-0.040045792513168976,0.19482095539569855,-0.08483564853668213,-0.06181416501907222,0.28352494537830353,-0.10769551992416382,-0.0788982382943999,0.3507324308156967,-0.0902407169342041,-0.08883758848217838,0.1486106961965561,-0.3009048104286194,0.0024122853794921184,0.1661156266927719,-0.42563581466674805,-0.01626096507219188,0.17839013040065765,-0.4978399872779846,-0.032435512446440384,0.1802086979150772,-0.5600032806396484,-0.045391945444620774,0.09175454080104828,-0.31316202878952026,0.008321045621656253,0.11209665238857269,-0.3994826078414917,-0.023013957121051476,0.09643761813640594,-0.2771146893501282,-0.022903269433058426,0.08770476281642914,-0.21800243854522705,-0.013999075905061886,0.032747551798820496,-0.29748719930648804,0.007452747973971441,0.04750463366508484,-0.3800058960914612,-0.03030866784659736,0.04283834993839264,-0.2652888298034668,-0.009398415029622242,0.044923022389411926,-0.217640221118927,0.015578006117962673,-0.018595397472381592,-0.2570618987083435,0.003055677240141108,-0.014723509550094604,-0.33659183979034424,-0.01214454071281068,-0.003652617335319519,-0.25615793466567993,0.013018773592435195,0.0030509382486343384,-0.22114741802215576,0.03508583614917882,-0.034653668709973356,-1.4494419406069246,1.6133284109810693,1.4194769013139215,1.0283800448753844,0.4997551497898481,0.29241513579523454,0.33128541765152825,0.3715090640393456,0.35429021155265955,0.36812318390292215,0.3823717660082635,0.04278327378110042,0.08471222408758539,0.04201870845719054,L
0.0,0.0,0.0,0.11944250762462616,-0.04989421367645264,-0.027241731360831523,0.1950085312128067,-0.0809888243675232,-0.046481535136976504,0.28508348762989044,-0.10324573516845703,-0.0647080357375529,0.3489251583814621,-0.08915197849273682,-0.07815526828197505,0.15132440626621246,-0.2940552234649658,0.007957517802438474,0.1704171746969223,-0.41920578479766846,-0.011812650896885657,0.18129436671733856,-0.4915766716003418,-0.031758372038879656,0.18231768906116486,-0.5522000789642334,-0.04761464551118877,0.09528975188732147,-0.3098713159561157,0.007964792363068796,0.11535163223743439,-0.39769360423088074,-0.022707635835089945,0.09773831069469452,-0.276917040348053,-0.024693562016167903,0.08684711158275604,-0.21543598175048828,-0.0185480269792464,0.03731437027454376,-0.29849493503570557,0.0027014216684762005,0.0543963760137558,-0.3910589814186096,-0.031020824164428973,0.04983575642108917,-0.2781767249107361,-0.009380822368243003,0.047011539340019226,-0.22114866971969604,0.014078716449162698,-0.01466304063796997,-0.26077115535736084,-0.00534695556414988,-0.00676022469997406,-0.34130531549453735,-0.01929890766767528,0.004711940884590149,-0.2649039030075073,0.005843965038380361,0.010076388716697693,-0.2247745394706726,0.027409076392373777,-0.052986563483459405,-1.4513066817314848,1.659960565744183,1.4460736326073254,0.968664514505326,0.49210932950267766,0.290916744263077,0.3295071468990721,0.3649821471654997,0.35003526727495565,0.35763499509297914,0.36996560577572923,0.04024310648719648,0.07733661842665704,0.037112697059342045,L
0.0,0.0,0.0,0.11269871890544891,-0.04646521806716919,-0.03063515450204335,0.1903219074010849,-0.07853913307189941,-0.053111266972074134,0.2800959497690201,-0.09824168682098389,-0.07481916684056245,0.34221844375133514,-0.08715611696243286,-0.09205765712405167,0.15006272494792938,-0.2905067205429077,-0.0005588869550692266,0.16539160907268524,-0.41846156120300293,-0.02388691406095944,0.17574627697467804,-0.49116259813308716,-0.04510588261629067,0.1749238222837448,-0.552237331867218,-0.06175288620735131,0.09481112658977509,-0.3051494359970093,-0.000584140639794839,0.11250530183315277,-0.39168038964271545,-0.03322883013034783,0.09725643694400787,-0.2721976637840271,-0.03535715925837479,0.09122608602046967,-0.21504491567611694,-0.02966156478370152,0.03776112198829651,-0.2946832776069641,-0.006217902222225291,0.05119436979293823,-0.3862561881542206,-0.043959089250812156,0.05035613477230072,-0.2763197422027588,-0.02281761604691468,0.05149678885936737,-0.21766841411590576,0.0007582047967744643,-0.012785181403160095,-0.25790756940841675,-0.014918476039120776,-0.008013486862182617,-0.3356064558029175,-0.03367731410408936,0.00488455593585968,-0.2613881230354309,-0.010537236624905688,0.013346508145332336,-0.21939247846603394,0.01030383755122699,-0.056668559675733726,-1.4760931170997738,1.6105629287772651,1.394301234704536,0.9746603126746384,0.4942550220577382,0.2816961279033277,0.3186730932027378,0.35446185314212575,0.34742486467204603,0.3566098614806196,0.3699904389032762,0.03981582344971337,0.0780008330226149,0.03818921727979059,L
0.0,0.0,0.0,0.1186186820268631,-0.05491292476654053,-0.02990286542353715,0.19205529987812042,-0.08670687675476074,-0.0491589747953185,0.28314976394176483,-0.10429835319519043,-0.06554918667552556,0.3488042503595352,-0.09535253047943115,-0.07594498923299398,0.15322263538837433,-0.2952445149421692,0.00037028508359071566,0.16890980303287506,-0.42189139127731323,-0.020943745284057513,0.17679528892040253,-0.4946851432323456,-0.04218007182953443,0.17669810354709625,-0.5596602857112885,-0.0584804036307105,0.09609313309192657,-0.3074991703033447,0.0032559623823544825,0.11105634272098541,-0.3934442698955536,-0.02076861566183652,0.09806393086910248,-0.2745571732521057,-0.018652531563020602,0.09386979043483734,-0.21510940790176392,-0.012365254818178073,0.03700880706310272,-0.2954835295677185,0.000339522771355405,0.05199061334133148,-0.3853123188018799,-0.0312756740140685,0.04919339716434479,-0.2715117931365967,-0.010313276446140662,0.052551716566085815,-0.2156727910041809,0.011389829905056104,-0.011139675974845886,-0.2569320797920227,-0.005333917460120574,-0.005249768495559692,-0.33877551555633545,-0.01837886801240529,0.0065932124853134155,-0.2601161599159241,0.0067573876467577065,0.013900458812713623,-0.21759933233261108,0.02757100643339072,-0.05510022507228925,-1.4822460946371347,1.5948564992396745,1.3784567012570283,1.0038824689601966,0.49517897505757563,0.28166165615334476,0.31975385669571293,0.3565176435406354,0.3543668111608878,0.3657044187801279,0.37882551254818086,0.04132191463066174,0.08000808536492125,0.03869924143194235,L
0.0,0.0,0.0,0.11723090708255768,-0.04499417543411255,-0.02642619511925659,0.1960224062204361,-0.0772097110748291,-0.045502162490720366,0.2859138399362564,-0.09715551137924194,-0.06435219845616302,0.34675951302051544,-0.08473241329193115,-0.07929070195996246,0.15228675305843353,-0.287805438041687,0.006174338097935106,0.16792573034763336,-0.4126967787742615,-0.012933509376580332,0.17714743316173553,-0.48681002855300903,-0.032223000143403624,0.17794658243656158,-0.5496030449867249,-0.048071450506085966,0.09518979489803314,-0.3006507158279419,0.0057605207443884865,0.11224927008152008,-0.3815245032310486,-0.02421793243729553,0.09860511124134064,-0.26314473152160645,-0.027296169613236998,0.09151209890842438,-0.20228832960128784,-0.02243178053640804,0.037053003907203674,-0.2886143922805786,0.0002262920356770337,0.052075549960136414,-0.3762257993221283,-0.03403394198858223,0.051401153206825256,-0.26454639434814453,-0.015950831536883925,0.05271779000759125,-0.2043362855911255,0.004924172583287145,-0.012738943099975586,-0.2513136863708496,-0.007929727387363528,-0.0051817744970321655,-0.3275342583656311,-0.024819630150432204,0.007270589470863342,-0.2507745027542114,-0.0037981068703629717,0.015915751457214355,-0.20675551891326904,0.015188234905963327,-0.04986473667074674,-1.4730943999267279,1.6081681699770403,1.3870233167768315,0.9992975499017498,0.49457305804568386,0.2810171451535329,0.3174360110973095,0.35262903010221747,0.3579084121196971,0.3672756261947651,0.3792076163825652,0.03884832720761053,0.07572822147860828,0.036881468671005994,L
0.0,0.0,0.0,0.11723090708255768,-0.04499417543411255,-0.02642619511925659,0.1960224062204361,-0.0772097110748291,-0.045502162490720366,0.2859138399362564,-0.09715551137924194,-0.06435219845616302,0.34675951302051544,-0.08473241329193115,-0.07929070195996246,0.15228675305843353,-0.287805438041687,0.006174338097935106,0.16792573034763336,-0.4126967787742615,-0.012933509376580332,0.17714743316173553,-0.48681002855300903,-0.032223000143403624,0.17794658243656158,-0.5496030449867249,-0.048071450506085966,0.09518979489803314,-0.3006507158279419,0.0057605207443884865,0.11224927008152008,-0.3815245032310486,-0.02421793243729553,0.09860511124134064,-0.26314473152160645,-0.027296169613236998,0.09151209890842438,-0.20228832960128784,-0.02243178053640804,0.037053003907203674,-0.2886143922805786,0.0002262920356770337,0.052075549960136414,-0.3762257993221283,-0.03403394198858223,0.051401153206825256,-0.26454639434814453,-0.015950831536883925,0.05271779000759125,-0.2043362855911255,0.004924172583287145,-0.012738943099975586,-0.2513136863708496,-0.007929727387363528,-0.0051817744970321655,-0.3275342583656311,-0.024819630150432204,0.007270589470863342,-0.2507745027542114,-0.0037981068703629717,0.015915751457214355,-0.20675551891326904,0.015188234905963327,-0.04986473667074674,-1.4730943999267279,1.6081681699770403,1.3870233167768315,0.9992975499017498,0.49457305804568386,0.2810171451535329,0.3174360110973095,0.35262903010221747,0.3579084121196971,0.3672756261947651,0.3792076163825652,0.03884832720761053,0.07572822147860828,0.036881468671005994,L
0.0,0.0,0.0,0.09573355317115784,-0.03154081106185913,-0.046156257401321454,0.17992070317268372,-0.0671965479850769,-0.07629766688785367,0.26396703720092773,-0.07745355367660522,-0.10549909995040707,0.32820287346839905,-0.05877035856246948,-0.1336754672332745,0.13563373684883118,-0.27694833278656006,-0.021950317557070775,0.14956894516944885,-0.3986988067626953,-0.047053836296413465,0.16039001941680908,-0.4780653715133667,-0.0629715584321957,0.16185012459754944,-0.5389898419380188,-0.07603741065702252,0.0746544599533081,-0.28563880920410156,-0.020695276568744703,0.08913853764533997,-0.35427817702293396,-0.06722058729371838,0.07888689637184143,-0.2318550944328308,-0.07298162953100018,0.07395905256271362,-0.16470664739608765,-0.06418824569425396,0.01497003436088562,-0.2684527635574341,-0.025827722634289785,0.022360622882843018,-0.321233868598938,-0.07502095774850659,0.02527819573879242,-0.2132166028022766,-0.05832590536317639,0.025633156299591064,-0.15887385606765747,-0.03324968741378598,-0.04283837974071503,-0.23768144845962524,-0.03537118063411526,-0.0382121205329895,-0.29275012016296387,-0.06607416645726971,-0.025709345936775208,-0.21683043241500854,-0.049315672378156705,-0.01977701485157013,-0.17497354745864868,-0.028991263370130582,0.05676432442385681,-1.4710814388015139,1.576546655866458,1.4737917578832729,1.2183894158574062,0.5082164787473616,0.27543133039028445,0.31869914333173793,0.3668694369729091,0.38446423794671175,0.40378611314219776,0.40681234055883975,0.048676623797415254,0.09429665726413511,0.048179702228873404,L
0.0,0.0,0.0,0.09676757454872131,-0.04352450370788574,-0.043894531617610255,0.17933011054992676,-0.08457261323928833,-0.07467446331187944,0.2661319077014923,-0.10337185859680176,-0.10436811153098802,0.3292706310749054,-0.0796017050743103,-0.13170047704383592,0.13136029243469238,-0.29139912128448486,-0.02225365903481702,0.14486759901046753,-0.4230705499649048,-0.04782225791618089,0.15500831604003906,-0.5013797879219055,-0.06747693423434953,0.1540207862854004,-0.5674394369125366,-0.08448373381301622,0.07017502188682556,-0.2966908812522888,-0.023004636580793658,0.08175742626190186,-0.3751663267612457,-0.06740905199453096,0.07485175132751465,-0.255171000957489,-0.07579301897689561,0.07293462753295898,-0.19266152381896973,-0.07196214650079469,0.010535597801208496,-0.27682673931121826,-0.029453229571430484,0.01532447338104248,-0.33929723501205444,-0.07602292899295549,0.020977526903152466,-0.22995758056640625,-0.06040981639429788,0.024288028478622437,-0.17819744348526,-0.038790660391299525,-0.0450456440448761,-0.24445503950119019,-0.04020533565685014,-0.04169905185699463,-0.3017178773880005,-0.06744781736537675,-0.027797400951385498,-0.22509902715682983,-0.05011642579242448,-0.019654586911201477,-0.18333768844604492,-0.03166854609057168,0.0331403958603539,-1.4888887408855247,1.5442753649835435,1.4322540219692734,1.1770443833869404,0.5183610331649272,0.28016186272658883,0.3205238017982482,0.3640191780562571,0.383449409028095,0.4102924784777222,0.4215415619247941,0.050751366675720035,0.09305749049618808,0.044242237347978504,L
0.0,0.0,0.0,0.09557458758354187,-0.047454237937927246,-0.04094544506752129,0.1784580647945404,-0.09414124488830566,-0.06630449450695153,0.2713770568370819,-0.11005258560180664,-0.08877381391012307,0.33569788932800293,-0.08186495304107666,-0.10631355351888772,0.13494306802749634,-0.3007056713104248,-0.02406733936750527,0.14712071418762207,-0.4380618929862976,-0.056237892127867894,0.15223640203475952,-0.5134103298187256,-0.08310371345960732,0.15179431438446045,-0.5853291451931,-0.10391204512798424,0.07000310719013214,-0.30074816942214966,-0.021253197334047513,0.07540494203567505,-0.35610687732696533,-0.0602218814858162,0.0696839690208435,-0.23207134008407593,-0.06470900482618447,0.07679921388626099,-0.18348801136016846,-0.0628660068579876,0.008026480674743652,-0.2845765948295593,-0.024673539093967634,0.011542096734046936,-0.3402906060218811,-0.06649536348068352,0.016016215085983276,-0.2270025610923767,-0.04657751402938004,0.026292413473129272,-0.17717695236206055,-0.025907824627395826,-0.04352448880672455,-0.255429744720459,-0.032487177170153814,-0.04693235456943512,-0.3060265779495239,-0.05531264550172921,-0.03302566707134247,-0.22475135326385498,-0.034589783168669896,-0.02046680450439453,-0.17947208881378174,-0.01557035918467875,0.07791562561379148,-1.511659959746216,1.5129035815607637,1.402333832742503,1.2760769477312468,0.53600066945509,0.27812905300887564,0.3237531863990593,0.3692972272932424,0.408779356057606,0.42701163877012016,0.44090117179899324,0.05089957125211882,0.09734888785944046,0.046815511502082345,L
0.0,0.0,0.0,0.08920255303382874,-0.04265779256820679,-0.0460445810415564,0.17342320084571838,-0.09231752157211304,-0.08030619885109047,0.26672711968421936,-0.11214643716812134,-0.11324001516483406,0.3341961205005646,-0.08747804164886475,-0.14293126429699043,0.1252906322479248,-0.3004584312438965,-0.03625578101060967,0.13578331470489502,-0.4415668249130249,-0.07114959921024422,0.1403580605983734,-0.5225223004817963,-0.09642050083063225,0.1369297206401825,-0.5942161679267883,-0.11577599163435082,0.05905371904373169,-0.30062544345855713,-0.034658503190499346,0.06558631360530853,-0.34710848331451416,-0.07973762269399742,0.06301897764205933,-0.21865159273147583,-0.08270049507997612,0.0690276026725769,-0.17128032445907593,-0.07777429784916023,-0.0038405954837799072,-0.281610906124115,-0.0393319133975325,0.0011418312788009644,-0.3279060423374176,-0.08761249150417427,0.011715471744537354,-0.21365857124328613,-0.06615040864132027,0.019129350781440735,-0.1653815507888794,-0.04244580905221085,-0.05765385925769806,-0.25190216302871704,-0.04868319298408608,-0.0551963746547699,-0.29648327827453613,-0.0765900206126986,-0.03863205015659332,-0.21489572525024414,-0.05561733658693413,-0.030046164989471436,-0.17203956842422485,-0.03508768270991425,0.030092250976095882,-1.5311956555176585,1.4938379882597006,1.3756844673597894,1.2379663668485938,0.5437808024724089,0.2780956048759031,0.324555120307124,0.37392926383152314,0.42835198763894156,0.4447201996701671,0.45399782769233066,0.050245707006703354,0.09907667682230845,0.0496241931941246,L
0.0,0.0,0.0,0.08498500287532806,-0.046274781227111816,-0.05187943680959961,0.16992802917957306,-0.10178804397583008,-0.08481191946941635,0.2614188641309738,-0.11738234758377075,-0.11504912479597351,0.329451784491539,-0.09068375825881958,-0.14152073963362,0.11996234953403473,-0.31550949811935425,-0.04021864115077278,0.13106150925159454,-0.46151912212371826,-0.07358162953335068,0.13598354160785675,-0.541621208190918,-0.09448140962797424,0.1334659606218338,-0.615123838186264,-0.10969967498260758,0.05368517339229584,-0.31392550468444824,-0.03535751356560013,0.05356113612651825,-0.355103075504303,-0.0754368688054683,0.05207519233226776,-0.2291480302810669,-0.07321879370886109,0.06461261212825775,-0.1880967617034912,-0.0652737702317836,-0.007928133010864258,-0.2933211922645569,-0.03812724827605507,-0.009066149592399597,-0.32394129037857056,-0.08662472768503449,0.0016029775142669678,-0.20957374572753906,-0.06744017555195114,0.015427201986312866,-0.1734781265258789,-0.04473672537881157,-0.061370864510536194,-0.2666950225830078,-0.045801484126627656,-0.06281529366970062,-0.30680906772613525,-0.07460595770555756,-0.04454386234283447,-0.2247033715248108,-0.0551843206472995,-0.03239406645298004,-0.18263953924179077,-0.035520427960932466,0.06949687661261876,-1.525756830671347,1.484169923797864,1.3783260969289963,1.2388203422991748,0.5598641269024043,0.28218625136278236,0.3247558249428684,0.3733474059129797,0.4325423767079958,0.4571477695102786,0.46319781672062155,0.05131188035228741,0.09716005849298397,0.04869091494410619,L
0.0,0.0,0.0,0.08629448711872101,-0.050616323947906494,-0.05363078499186713,0.17042408883571625,-0.10561704635620117,-0.088648312631733,0.2593715041875839,-0.11618828773498535,-0.1203231447373696,0.3244286924600601,-0.08999502658843994,-0.14814674193013389,0.11976869404315948,-0.31844377517700195,-0.046564550045616215,0.12961526215076447,-0.46570128202438354,-0.07941981488812644,0.13283781707286835,-0.5482934415340424,-0.10089856469977576,0.12974677979946136,-0.6227337718009949,-0.11747232908356864,0.05062441527843475,-0.31578922271728516,-0.041337032709009236,0.05766497552394867,-0.3565671741962433,-0.07919880086529929,0.05664767324924469,-0.22533011436462402,-0.07632439667332847,0.06512616574764252,-0.18284261226654053,-0.06900692814934928,-0.012688517570495605,-0.2943623661994934,-0.043341603968030995,-0.004982501268386841,-0.33022481203079224,-0.08841091478217322,0.006891682744026184,-0.21435880661010742,-0.06685948455680091,0.014715209603309631,-0.1768152117729187,-0.04404063234079558,-0.06801386177539825,-0.2656758427619934,-0.05063757384169776,-0.05874849855899811,-0.30729371309280396,-0.07746446216452796,-0.039817869663238525,-0.22742170095443726,-0.056977343652135914,-0.03301830589771271,-0.18959355354309082,-0.03744680518258292,0.10109285898990482,-1.5380167028152987,1.462146380864187,1.3417575670686308,1.1396825064157283,0.5671962779918751,0.2754241720069179,0.32165227500940496,0.37106363767757944,0.4446122535389695,0.46051669276944257,0.46271256930681404,0.05077001138562376,0.09837638193522552,0.04941431493486139,L
0.0,0.0,0.0,0.08520308136940002,-0.04395872354507446,-0.05101733542345244,0.1697518229484558,-0.09882462024688721,-0.08874784297607619,0.25869545340538025,-0.10857558250427246,-0.1254832211818524,0.32665711641311646,-0.0801858901977539,-0.1596493188228436,0.12351679801940918,-0.31329768896102905,-0.045566438504678786,0.13227638602256775,-0.4568716883659363,-0.08225013948343474,0.1346302628517151,-0.5395776629447937,-0.10518157369754988,0.13090980052947998,-0.6127817630767822,-0.12261741495989043,0.055172666907310486,-0.31538403034210205,-0.04417950175069052,0.05584533512592316,-0.35098502039909363,-0.09054473675153929,0.0538611114025116,-0.22333741188049316,-0.0914893064584561,0.06623050570487976,-0.18118345737457275,-0.08490908033512312,-0.009246692061424255,-0.29547613859176636,-0.049741099395973265,-0.00908614695072174,-0.3183428645133972,-0.10161108411215025,0.0020567625761032104,-0.20539474487304688,-0.0819210622396298,0.015596985816955566,-0.1687527298927307,-0.058808984973651945,-0.06601648032665253,-0.2673681378364563,-0.060342999913913786,-0.0641123354434967,-0.2950791120529175,-0.09261843449733931,-0.046050116419792175,-0.2127213478088379,-0.07415539658926207,-0.033711403608322144,-0.17397856712341309,-0.05463589242957312,0.11823561974591217,-1.5461155442061105,1.4885841974332161,1.377205105063865,1.2377631945790815,0.5674287404453728,0.27932512980506335,0.3234230819531228,0.37237418877699224,0.4364178143293711,0.45875791823933515,0.46866660392081577,0.05213709161401926,0.10020127584367142,0.04958454035761978,L
0.0,0.0,0.0,0.0869201123714447,-0.05012613534927368,-0.052669733030597854,0.1686936914920807,-0.10341787338256836,-0.09058412463764398,0.2623326778411865,-0.11328917741775513,-0.12496428490976541,0.3307696580886841,-0.08919090032577515,-0.15482951254944055,0.1230669617652893,-0.3181121349334717,-0.05021130592922418,0.13104650378227234,-0.4629676342010498,-0.08838723154167383,0.13356360793113708,-0.5455683171749115,-0.11404758246044366,0.13170674443244934,-0.621922105550766,-0.13315629513363092,0.0522664338350296,-0.31708163022994995,-0.04512294681171625,0.058201730251312256,-0.3513830304145813,-0.08672006727556436,0.059256285429000854,-0.22002041339874268,-0.08476379813055246,0.07016047835350037,-0.18053942918777466,-0.07868234367469995,-0.014799833297729492,-0.29571086168289185,-0.04683030323485582,-0.007681906223297119,-0.3287069797515869,-0.09404076190094202,0.004599511623382568,-0.2123914361000061,-0.07016990633110254,0.01454925537109375,-0.17273539304733276,-0.04637146667937486,-0.06901751458644867,-0.26370763778686523,-0.05357027725676744,-0.06460097432136536,-0.2979888319969177,-0.07944736929039209,-0.045216694474220276,-0.21572792530059814,-0.056093464804689575,-0.03576427698135376,-0.1783372163772583,-0.035090930027763534,0.08755524019036344,-1.542365875003525,1.4404875504550534,1.3365205713249355,1.1993594830083103,0.5687078165576599,0.2761552068810162,0.3270703675953806,0.3772190228812402,0.44565301509315286,0.4642139376761577,0.4741456494754071,0.05615613147003872,0.10594764524996066,0.05062442061298559,L
0.0,0.0,0.0,0.0859428197145462,-0.045288920402526855,-0.05068357605436802,0.17040583491325378,-0.10228961706161499,-0.08738049436310291,0.2622486650943756,-0.11726248264312744,-0.12155666518906116,0.3310452401638031,-0.09117484092712402,-0.15238938052156925,0.12309089303016663,-0.3150975704193115,-0.049367352760825156,0.13151589035987854,-0.4612220823764801,-0.08573415446976185,0.13241437077522278,-0.5447274446487427,-0.10904614943960667,0.12907502055168152,-0.6211072206497192,-0.12695873100260258,0.05372777581214905,-0.31786859035491943,-0.0462261172006464,0.05809924006462097,-0.35065269470214844,-0.08762938100794315,0.05676162242889404,-0.2229204773902893,-0.08660358507135868,0.06885653734207153,-0.18553483486175537,-0.08095500934818745,-0.011996597051620483,-0.29747235774993896,-0.04949057418802738,-0.008176013827323914,-0.32172560691833496,-0.0960852907965517,0.0027569085359573364,-0.21210986375808716,-0.07391070146063328,0.014527902007102966,-0.1801927089691162,-0.051278262771162986,-0.06804683804512024,-0.26748406887054443,-0.05767332706550121,-0.06697696447372437,-0.2966729402542114,-0.08336998093822956,-0.05050915479660034,-0.22084742784500122,-0.06135329175690174,-0.041097015142440796,-0.19066017866134644,-0.04128962326744556,0.06908074660587558,-1.5512434633757344,1.4569677415635105,1.348373725266258,1.2334089646843698,0.5671157700933923,0.27865161823087614,0.32879690720039384,0.3852105795646193,0.4397153272073705,0.45555092907095507,0.4628641028302169,0.05459064870848121,0.11007294332863282,0.05660123081392635,L
0.0,0.0,0.0,0.08657149970531464,-0.05736362934112549,-0.056937266005050446,0.16629387438297272,-0.11398053169250488,-0.09306587637759378,0.26162417232990265,-0.12680792808532715,-0.1239493748674505,0.3324487656354904,-0.10524040460586548,-0.1493928319344633,0.11989904940128326,-0.32580745220184326,-0.05043149725891283,0.12778930366039276,-0.4722845256328583,-0.0886088049540632,0.12873412668704987,-0.5550490915775299,-0.11394602419234445,0.12578783929347992,-0.6319385468959808,-0.13175215185977152,0.052428409457206726,-0.3223850727081299,-0.041266005350124146,0.05466918647289276,-0.36057668924331665,-0.07991136224366358,0.058585092425346375,-0.2347710132598877,-0.07629849375582864,0.07324673235416412,-0.19390875101089478,-0.06925371648169687,-0.012624159455299377,-0.3012547492980957,-0.04007348404623201,-0.0105828195810318,-0.33514851331710815,-0.08687454820967844,0.0039239972829818726,-0.22142243385314941,-0.06719215573168924,0.01958899199962616,-0.1808072328567505,-0.045501775903474595,-0.06495440006256104,-0.2709072232246399,-0.04400988654590776,-0.06645958125591278,-0.30961960554122925,-0.0699192097911947,-0.0443936288356781,-0.22863483428955078,-0.05000526071883371,-0.030113250017166138,-0.18623727560043335,-0.031098615242015626,0.05255384939842261,-1.551562528556164,1.4101524708611137,1.3094669093189775,1.1804210230625796,0.565791190783664,0.2739484800311476,0.3218564641130934,0.37149927093471913,0.44116966124331214,0.463462682071929,0.472180868823286,0.05523407352258553,0.1036442834447468,0.04999798221622565,L
0.0,0.0,0.0,0.08884982764720917,-0.05422699451446533,-0.04524079471748621,0.16804908215999603,-0.10976588726043701,-0.07709792390387804,0.2606475502252579,-0.12359052896499634,-0.10611210152428896,0.3301040381193161,-0.10083937644958496,-0.1307881487898186,0.1200263649225235,-0.31009531021118164,-0.04347825184386522,0.12875057756900787,-0.46000543236732483,-0.08048539742749483,0.12969495356082916,-0.5425049066543579,-0.10792186990302355,0.12627504765987396,-0.6175408363342285,-0.12865121796649248,0.05368642508983612,-0.3059682250022888,-0.04013310134332926,0.05628456175327301,-0.35162562131881714,-0.08197202667516024,0.05751596391201019,-0.229594886302948,-0.08448585256856234,0.06894610822200775,-0.1854570508003235,-0.08333892509263308,-0.010682255029678345,-0.28404366970062256,-0.04254914209168703,-0.006317347288131714,-0.3278963565826416,-0.0895257084063843,0.0036285221576690674,-0.2171812653541565,-0.06761331245225222,0.013765662908554077,-0.17017251253128052,-0.04582479357641489,-0.06264708936214447,-0.2514055371284485,-0.049282835274155445,-0.06380778551101685,-0.29940932989120483,-0.0760504914812401,-0.045290976762771606,-0.22290408611297607,-0.05410770088356287,-0.03348417580127716,-0.1813673973083496,-0.034633116274292775,0.05502762317155457,-1.5504746047173537,1.4448420153577968,1.3593087723773156,1.1762442246348035,0.5554517584801018,0.2745243434757199,0.3238472655279148,0.3723991829279392,0.43587039933721144,0.4612990123546547,0.4645107946997272,0.057258175443240335,0.10251189370397579,0.04855793141472276,L
0.0,0.0,0.0,0.09110322594642639,-0.06243753433227539,-0.049933062384823756,0.16971355676651,-0.11662185192108154,-0.08317537371347328,0.2691388428211212,-0.13479149341583252,-0.1115353680057325,0.33624306321144104,-0.1184849739074707,-0.1337482607764997,0.11684158444404602,-0.32431983947753906,-0.04263410482833763,0.1265963912010193,-0.46510154008865356,-0.07938583705852409,0.13086718320846558,-0.5460959076881409,-0.10411073033044715,0.12849277257919312,-0.6221127212047577,-0.12096967313716789,0.05340760946273804,-0.3190377354621887,-0.03550877187679191,0.06085789203643799,-0.3629150688648224,-0.06949677083919426,0.061314791440963745,-0.2371310591697693,-0.06228303302357574,0.06843248009681702,-0.2034263014793396,-0.05301060293147941,-0.01018601655960083,-0.2982219457626343,-0.03578580308983703,-0.006884053349494934,-0.34200823307037354,-0.07987076554725547,0.0062989741563797,-0.2281256914138794,-0.05778861183951278,0.017519205808639526,-0.1908206343650818,-0.034994108120898204,-0.061386868357658386,-0.2657070755958557,-0.04020974550674339,-0.06609569489955902,-0.309630811214447,-0.059614864627818065,-0.04082106053829193,-0.229933500289917,-0.03440912951062103,-0.028751417994499207,-0.1909722089767456,-0.013237659337917762,-0.011187472396634559,-1.5316911326072067,1.4415605844041914,1.3183402176380006,1.15907178341545,0.5447945402677264,0.2809582487806088,0.326829229187905,0.3721227896256581,0.4229722884487322,0.4453403155928071,0.45892033813441774,0.052450589530897325,0.09797864291919185,0.046270872068662046,L
0.0,0.0,0.0,0.08987830579280853,-0.06138044595718384,-0.05244453591750187,0.16812588274478912,-0.11933177709579468,-0.0832923833792023,0.2639727145433426,-0.13862109184265137,-0.10829640520260853,0.33320559561252594,-0.12266653776168823,-0.12695613098786396,0.11745204031467438,-0.3252483010292053,-0.04257868198202175,0.12429161369800568,-0.4692308306694031,-0.07735586506770176,0.12641461193561554,-0.5481736660003662,-0.10110841286824268,0.12342526018619537,-0.6240305602550507,-0.11802567881987613,0.05093303322792053,-0.3201730251312256,-0.03384919059918445,0.054620444774627686,-0.3645881414413452,-0.0693216506902985,0.05766044557094574,-0.241077721118927,-0.06457572770760578,0.0691814124584198,-0.2036007046699524,-0.057345810956221044,-0.01351754367351532,-0.2991970181465149,-0.032750866985779226,-0.012084662914276123,-0.3413601517677307,-0.07783831251309437,0.0010551810264587402,-0.22877836227416992,-0.05714709279583019,0.016306474804878235,-0.1897822618484497,-0.03507421133564037,-0.0639398843050003,-0.26589435338974,-0.03626725418017429,-0.06792962551116943,-0.31015872955322266,-0.05913368580387157,-0.04472365975379944,-0.23227059841156006,-0.03729747203634304,-0.029454857110977173,-0.1935177445411682,-0.01797414725170654,-0.020198164305934047,-1.550807106903413,1.415515267959879,1.3046835358371205,1.126152164195514,0.5434829088226313,0.27615051812974706,0.3239283457623775,0.3695165726618021,0.42391468302433294,0.44726504317976495,0.45685185209068874,0.0546507858486687,0.09915028875159869,0.045913541898449595,L
0.0,0.0,0.0,0.09036566317081451,-0.06467616558074951,-0.05416024754379123,0.17262141406536102,-0.12298834323883057,-0.08787673244808047,0.27077461779117584,-0.14371109008789062,-0.11575190255973666,0.33769775927066803,-0.1257818341255188,-0.13779650161598056,0.11102963984012604,-0.3270496129989624,-0.05105912218425601,0.12384237349033356,-0.4708206057548523,-0.08772208819721072,0.12777070701122284,-0.5510504841804504,-0.11263989190194934,0.12622441351413727,-0.6272833347320557,-0.13056621978614658,0.04910190403461456,-0.3232182264328003,-0.043337053606251175,0.05687062442302704,-0.363092303276062,-0.0858845664057526,0.059370651841163635,-0.23886549472808838,-0.08672293553684085,0.06496411561965942,-0.1967102289199829,-0.08200904260013431,-0.012551113963127136,-0.3018377423286438,-0.04210508147809833,-0.010402649641036987,-0.3390924334526062,-0.09086535404060214,0.004340842366218567,-0.22579902410507202,-0.07415912578437656,0.01562647521495819,-0.18347644805908203,-0.05386841202710002,-0.06327524781227112,-0.26935356855392456,-0.04531307051513522,-0.07011078298091888,-0.3129434585571289,-0.06878967116210788,-0.041353583335876465,-0.234319269657135,-0.048145438531378204,-0.0260152667760849,-0.19086003303527832,-0.029416463324764663,-0.016920802755514604,-1.5202296535225974,1.4460622241448264,1.3370825003284963,1.1276021521339976,0.5442653131296074,0.2818057443830319,0.32719807531560546,0.36948929252337503,0.4349092129936713,0.45737999148890046,0.46221447242463687,0.0510816573397727,0.09116727928923012,0.042291275733291764,L
0.0,0.0,0.0,0.09232765436172485,-0.06747323274612427,-0.05011608694931624,0.16940748691558838,-0.11778652667999268,-0.08261807133695243,0.26737624406814575,-0.14203202724456787,-0.11008120944043753,0.33442264795303345,-0.12678468227386475,-0.13083608319303153,0.11234644055366516,-0.323486864566803,-0.03860810642382262,0.12277093529701233,-0.46353447437286377,-0.07498712708493827,0.12747538089752197,-0.545115053653717,-0.1000562669827616,0.12546253204345703,-0.6197790801525116,-0.11746264864942191,0.04671657085418701,-0.3196207880973816,-0.031341856916156985,0.05510967969894409,-0.3632367253303528,-0.07412435730239508,0.058764293789863586,-0.23529160022735596,-0.0737474473311579,0.06498456001281738,-0.1941249966621399,-0.06705868860026953,-0.016609862446784973,-0.29790055751800537,-0.030777032126394488,-0.015411019325256348,-0.34241122007369995,-0.07943871488114951,0.0005613118410110474,-0.23001396656036377,-0.058534859318939425,0.011109486222267151,-0.18792688846588135,-0.03474285324355719,-0.0677906721830368,-0.2642607092857361,-0.03445561100980399,-0.07749001681804657,-0.30854690074920654,-0.056216950167623736,-0.05181163549423218,-0.23062777519226074,-0.03161363919517157,-0.03957977890968323,-0.19249802827835083,-0.009663304884639956,-0.05447531560354332,-1.5265577899397451,1.4262450680850034,1.3238850345105435,1.1962404725049305,0.5354510307961627,0.27772576613413336,0.32904372038738516,0.3797315619517385,0.42992904518416425,0.4467358666517937,0.4580480997618507,0.054230435376730654,0.10457699556031157,0.05089495966009114,L
0.0,0.0,0.0,0.08883653581142426,-0.06278061866760254,-0.05085343599742487,0.16527415812015533,-0.11817538738250732,-0.08643848553722933,0.25783680379390717,-0.14298689365386963,-0.11885034397667482,0.3324746936559677,-0.12760025262832642,-0.1467819820386751,0.11160250008106232,-0.32033228874206543,-0.039742642198262956,0.11844675242900848,-0.4605182409286499,-0.07483829662626817,0.12116284668445587,-0.5398285388946533,-0.09896112338131502,0.1171111911535263,-0.6130503118038177,-0.11653448000973299,0.04392772912979126,-0.3138875365257263,-0.0341817970616205,0.047543302178382874,-0.3568204641342163,-0.07488974288528993,0.05154363811016083,-0.2314092516899109,-0.07417082891291216,0.06476457417011261,-0.19157624244689941,-0.06894364312714174,-0.02020229399204254,-0.28902530670166016,-0.03562907979315355,-0.017032742500305176,-0.32911139726638794,-0.08300332829779222,-0.0038374513387680054,-0.2161616086959839,-0.061032195691524294,0.009403049945831299,-0.17507612705230713,-0.03784351528113916,-0.07234916090965271,-0.2557067275047302,-0.041835521463809755,-0.07754361629486084,-0.30358076095581055,-0.0666793967825754,-0.05495364964008331,-0.22634512186050415,-0.04424512118524149,-0.0400957316160202,-0.18653559684753418,-0.024051929940043237,-0.0563090419749561,-1.5519794434473724,1.402057152536309,1.3166045393103443,1.1344829976841344,0.5310773937606524,0.2752483157957501,0.32654133830480164,0.3772029912203593,0.42471232552150945,0.4510237579010302,0.4545644273817629,0.05776808956916048,0.10498138805340534,0.05080796024340685,L
0.0,0.0,0.0,0.08581617474555969,-0.0629192590713501,-0.04842332940211236,0.16604730486869812,-0.12701278924942017,-0.07813715751876771,0.2639520764350891,-0.15257644653320312,-0.10351243432273805,0.3321998417377472,-0.13745760917663574,-0.123291319270038,0.10881465673446655,-0.3298076391220093,-0.04116943668236672,0.12013140320777893,-0.47043415904045105,-0.07665144469251572,0.12439095973968506,-0.550077497959137,-0.10065227564086854,0.12415316700935364,-0.6242463886737823,-0.11834569092502534,0.04584658145904541,-0.3263324499130249,-0.03653359975328385,0.05371730029582977,-0.3652263283729553,-0.08253612186422288,0.05606478452682495,-0.24117261171340942,-0.08618327792396485,0.0629788488149643,-0.20127838850021362,-0.0827051308344835,-0.01622094213962555,-0.3039572834968567,-0.037937445599936837,-0.016862183809280396,-0.34113186597824097,-0.08897045071830689,-0.0018211454153060913,-0.230790913105011,-0.07167610343208253,0.009881123900413513,-0.19043588638305664,-0.05054827224125802,-0.0689420998096466,-0.2694217562675476,-0.04334486838092744,-0.07885658740997314,-0.3127375841140747,-0.06890163387765824,-0.05376148223876953,-0.236882746219635,-0.04818044047465264,-0.04032525420188904,-0.1985006332397461,-0.028858501498007172,-0.06278022750786998,-1.5187493130252228,1.4346450111537359,1.3447936598176704,1.187274263226657,0.5293833532610027,0.27668219115764925,0.3266436188326095,0.37749330840639367,0.4273689581349778,0.448608572960909,0.4564127510425636,0.05419343358066418,0.10334144195047648,0.050849980767094176,L
0.0,0.0,0.0,0.08847269415855408,-0.06651914119720459,-0.050570629572447956,0.16209475696086884,-0.12326580286026001,-0.08151749152499121,0.2565828114748001,-0.1424567699432373,-0.10644195604878348,0.32683147490024567,-0.13426333665847778,-0.12417977679329795,0.11663489043712616,-0.3267347812652588,-0.04232767600375098,0.1241750568151474,-0.46969109773635864,-0.07802353430348319,0.12742869555950165,-0.5488918721675873,-0.10041649270611686,0.12611408531665802,-0.624784380197525,-0.11541255939560813,0.04823960363864899,-0.32232314348220825,-0.03336241844850463,0.054577261209487915,-0.37046778202056885,-0.06503569710808677,0.05767883360385895,-0.2429754137992859,-0.054848637467202366,0.07015448808670044,-0.21080893278121948,-0.04470269385534209,-0.018077105283737183,-0.30146241188049316,-0.03217450160342139,-0.014092773199081421,-0.3500206470489502,-0.07541766393738669,-0.0007029473781585693,-0.2354511022567749,-0.04980724308448714,0.01226186752319336,-0.20112091302871704,-0.025339275633868397,-0.07093389332294464,-0.26924848556518555,-0.03536325696664733,-0.07698270678520203,-0.31944161653518677,-0.05685033652740401,-0.055274561047554016,-0.24050509929656982,-0.03159096468048972,-0.04491424560546875,-0.2046831250190735,-0.010384026018854797,-0.06665933405361389,-1.5390029582289808,1.3767481841788796,1.2771783856831767,1.187708987169359,0.5299984572014201,0.26784753843458553,0.3215959785250046,0.3783567460837243,0.41774052662588224,0.4386947240507756,0.45358103419402246,0.058697642562841316,0.11523167530786889,0.05728697292374425,L
0.0,0.0,0.0,0.09131161868572235,-0.07185858488082886,-0.042994473639510034,0.16927017271518707,-0.1294965147972107,-0.06991416639425552,0.2677225321531296,-0.147907555103302,-0.0918740150962094,0.33605994284152985,-0.1385728120803833,-0.10703563368656432,0.11441360414028168,-0.3298993706703186,-0.037963647905371545,0.12766216695308685,-0.472651869058609,-0.07368225282766616,0.13256002962589264,-0.5544811189174652,-0.09864888763763702,0.13264374434947968,-0.6273974776268005,-0.11629927581884658,0.05302254855632782,-0.3279169201850891,-0.034657042983553765,0.06040656566619873,-0.37013041973114014,-0.07749667442180908,0.059384673833847046,-0.24994218349456787,-0.07952350056507385,0.06290498375892639,-0.20687347650527954,-0.07644814676382339,-0.012254923582077026,-0.3073071241378784,-0.03690332597830093,-0.010248929262161255,-0.34394264221191406,-0.08593707210161483,0.003305181860923767,-0.23747766017913818,-0.0660932255420903,0.012718111276626587,-0.1945112943649292,-0.04410507580973899,-0.06522247195243835,-0.2674131989479065,-0.042518299582980035,-0.07466660439968109,-0.31743931770324707,-0.06448464519121444,-0.04845309257507324,-0.24243450164794922,-0.03894417411424911,-0.03639470040798187,-0.20456790924072266,-0.01717811315097606,-0.054363969842848484,-1.5095946824508573,1.4893333037656074,1.3529107242304816,1.1407227008025338,0.5294598223241531,0.281564579505841,0.3281448671548052,0.37825628101503306,0.4262674398167886,0.4491910563746289,0.45536670904621285,0.05168699756056467,0.09932644620673352,0.05013186386249611,L
0.0,0.0,0.0,0.09028998017311096,-0.06693536043167114,-0.049251288383743486,0.1668933480978012,-0.12525016069412231,-0.07990874370887013,0.2644903212785721,-0.14486831426620483,-0.10479605218722554,0.33472268283367157,-0.13628888130187988,-0.1220928283627245,0.1171381026506424,-0.325994610786438,-0.04122624194576474,0.12549884617328644,-0.46694278717041016,-0.07988575866772862,0.12996040284633636,-0.548249214887619,-0.10476453623130055,0.1286383718252182,-0.6238746047019958,-0.121054038613579,0.051628246903419495,-0.32206809520721436,-0.03361259421660634,0.056994274258613586,-0.3665316104888916,-0.06689947864367696,0.05604587495326996,-0.23995381593704224,-0.057361021846077165,0.06341041624546051,-0.20847469568252563,-0.04755466824724408,-0.01485578715801239,-0.30118292570114136,-0.033792685925504884,-0.013226523995399475,-0.34325647354125977,-0.07776443681075307,0.0002410411834716797,-0.23079729080200195,-0.05099879226042958,0.011164620518684387,-0.19549179077148438,-0.02574554665341111,-0.06802456080913544,-0.26479583978652954,-0.03826018071129056,-0.07736504077911377,-0.3101511001586914,-0.05608215576364728,-0.05421537160873413,-0.2337694764137268,-0.027035348325512132,-0.04470674693584442,-0.20057928562164307,-0.003886791154286584,-0.06567888399278794,-1.5322084364403887,1.4674435972673012,1.329404007933357,1.2224883538808147,0.5293492050692467,0.280751024573428,0.328929786092253,0.3848375608783772,0.42048991736128344,0.4441980611360799,0.4574138797124816,0.05383473777267943,0.10840506664544054,0.05610251603171976,L
0.0,0.0,0.0,0.09032358229160309,-0.05972510576248169,-0.042017209119663335,0.17196044325828552,-0.13018178939819336,-0.07156933728562365,0.26437005400657654,-0.15675586462020874,-0.09985877457963,0.33467310667037964,-0.1422671675682068,-0.1249107706914998,0.11220031976699829,-0.3347027897834778,-0.0374018724630929,0.11768198013305664,-0.48207902908325195,-0.0721919227014638,0.11776599287986755,-0.5663237571716309,-0.09706880036698351,0.11277654767036438,-0.6414377987384796,-0.11727598193989763,0.04296255111694336,-0.3304862976074219,-0.0392794336746789,0.04669484496116638,-0.36953097581863403,-0.0887363243471242,0.0508560836315155,-0.23591828346252441,-0.09601952020035753,0.058629244565963745,-0.1877780556678772,-0.09491891298399935,-0.024778783321380615,-0.3018246293067932,-0.046333047337398625,-0.026058197021484375,-0.33561116456985474,-0.0975323978434659,-0.007953852415084839,-0.22155076265335083,-0.07695013169156084,0.003819495439529419,-0.17906391620635986,-0.05441535521255503,-0.08392532169818878,-0.2624504566192627,-0.057438879049882985,-0.09130518138408661,-0.30563825368881226,-0.0859553504358388,-0.06958921253681183,-0.23063403367996216,-0.06421460840807924,-0.05741660296916962,-0.19701117277145386,-0.04389520619021425,-0.07413822297762282,-1.568917743624757,1.4614529104050422,1.3419189197876007,1.185910794960161,0.546268616999893,0.2797703607266904,0.3328935457091861,0.39589297355588315,0.45687973572523966,0.4750381526558255,0.4758999205642356,0.055498151553519705,0.11641258171518995,0.06381194062660359,L
0.0,0.0,0.0,0.08706967532634735,-0.04942977428436279,-0.05059113911120505,0.17440193891525269,-0.1217278242111206,-0.08687128684250922,0.262394517660141,-0.1514095664024353,-0.12137923947302909,0.3373810350894928,-0.1357337236404419,-0.1541759427520475,0.10660645365715027,-0.33477526903152466,-0.05646486020414443,0.11185145378112793,-0.48788291215896606,-0.09204990229336829,0.10824024677276611,-0.574242115020752,-0.11313385328976722,0.09949609637260437,-0.6546240746974945,-0.13062206468312354,0.034930214285850525,-0.3315454125404358,-0.055959491047545384,0.04224085807800293,-0.3544016480445862,-0.09448343327967734,0.045799314975738525,-0.22400319576263428,-0.0912641640636167,0.058474257588386536,-0.19774675369262695,-0.0864133220049581,-0.03278706967830658,-0.3022168278694153,-0.06191143951146216,-0.022705048322677612,-0.31440359354019165,-0.10900692454306693,-0.007988691329956055,-0.20310717821121216,-0.08592422119109244,0.004634290933609009,-0.1845337152481079,-0.06458964756457419,-0.09467713534832001,-0.26744914054870605,-0.07284768483368964,-0.08965864777565002,-0.30276191234588623,-0.10337224415270896,-0.06659190356731415,-0.2241072654724121,-0.08305540493456931,-0.05441120266914368,-0.19246357679367065,-0.06491303256480307,-0.0857261652931338,-1.5930230358467288,1.396613312395455,1.2629230823656357,1.0780022888352256,0.5708208479798623,0.28571770409322694,0.3363061624877687,0.39587805421203487,0.4587152468643517,0.4795661666323004,0.4871137264756932,0.055437590084020556,0.1130090221871692,0.05957560758334323,L
0.0,0.0,0.0,0.094141885638237,-0.04158151149749756,-0.056955234986176606,0.18573454022407532,-0.12340855598449707,-0.09034132389389526,0.27601274847984314,-0.15259337425231934,-0.11889846054874909,0.34915870428085327,-0.14333891868591309,-0.14339641658627045,0.12241306900978088,-0.33796238899230957,-0.05896599767767441,0.12344440817832947,-0.4892193377017975,-0.09641125230156433,0.11988326907157898,-0.5778820514678955,-0.1164211574014331,0.11417478322982788,-0.663751870393753,-0.13190148202740204,0.048227131366729736,-0.33257681131362915,-0.05575299812518608,0.04777655005455017,-0.35920315980911255,-0.0909133198674823,0.05082458257675171,-0.22622692584991455,-0.08450201330744278,0.06724369525909424,-0.20111370086669922,-0.07697013942562592,-0.023210078477859497,-0.302517294883728,-0.06052198438011658,-0.02287934720516205,-0.3193383812904358,-0.10814854679667008,-0.004762232303619385,-0.20209503173828125,-0.08680476425253403,0.013826727867126465,-0.18662869930267334,-0.06551201073490631,-0.08674637973308563,-0.2622056007385254,-0.07031280724369537,-0.08544370532035828,-0.29562103748321533,-0.09791673151813995,-0.06228414177894592,-0.2151593565940857,-0.07576043335758698,-0.05332481861114502,-0.1895233392715454,-0.05625097258054268,-0.12135553738307417,-1.5960780837614217,1.4271395485573066,1.2614655765510163,1.1397970328798337,0.5710053269959757,0.28777421317375845,0.3381146839629765,0.40512465600649916,0.4650124760922654,0.48756153725153867,0.5029401717373659,0.05534607190817051,0.12112432876505237,0.0672139058154847,L
0.0,0.0,0.0,0.08950752019882202,-0.032655179500579834,-0.04652911495487544,0.1837386190891266,-0.11233770847320557,-0.07880485873739573,0.27128270268440247,-0.14543670415878296,-0.10953694652836177,0.3442482650279999,-0.12543809413909912,-0.13894820284168574,0.12193700671195984,-0.32804471254348755,-0.057975710146831005,0.12525761127471924,-0.48545223474502563,-0.09371396970074031,0.11974549293518066,-0.5748027563095093,-0.11341118138353679,0.11043336987495422,-0.6565917730331421,-0.13098400902073237,0.04616859555244446,-0.32991307973861694,-0.0609453737370238,0.04575842618942261,-0.35399943590164185,-0.10323564779083583,0.04720890522003174,-0.2228996753692627,-0.10255337577383372,0.06326527893543243,-0.19135338068008423,-0.09946139227669093,-0.024872824549674988,-0.30216217041015625,-0.06958467584173533,-0.02236887812614441,-0.31081146001815796,-0.11960879784147593,-0.005784973502159119,-0.198278546333313,-0.09806163679878566,0.013714432716369629,-0.17496329545974731,-0.0781408257416949,-0.0898285061120987,-0.2682657837867737,-0.08277965407888743,-0.08862273395061493,-0.2937857508659363,-0.11875367980520579,-0.06767144799232483,-0.21139228343963623,-0.10237592529575679,-0.050446897745132446,-0.18143880367279053,-0.08670817386429164,-0.08143692740931258,-1.6057956942755849,1.4480282826018014,1.2762583342112201,1.1449823791564921,0.5803392419939443,0.2886109205717554,0.3342235178267137,0.39864815437273293,0.4676233425761986,0.4912438734628171,0.5016500820307617,0.05219119901434644,0.11414358485112319,0.06448727419582304,L
0.0,0.0,0.0,0.09246465563774109,-0.03592759370803833,-0.04596565308894185,0.1847248077392578,-0.11516553163528442,-0.07766715082253484,0.27471429109573364,-0.14411139488220215,-0.10858133825387029,0.34728556871414185,-0.12393945455551147,-0.13898132386530904,0.12096014618873596,-0.32565730810165405,-0.05572986620391873,0.12442067265510559,-0.4791218638420105,-0.09277750196780232,0.12214764952659607,-0.5695562362670898,-0.11633985879744557,0.11566224694252014,-0.6513108313083649,-0.13719488325442342,0.04582729935646057,-0.3218689560890198,-0.06068625691260365,0.04381820559501648,-0.3523918390274048,-0.11183883639897374,0.048132240772247314,-0.2220887541770935,-0.11940765025939015,0.06162714958190918,-0.17504799365997314,-0.11982907744969395,-0.025254592299461365,-0.2894958257675171,-0.07079358789052037,-0.029202237725257874,-0.3097327947616577,-0.12513167801226643,-0.010923117399215698,-0.1954028606414795,-0.10727353784169225,0.006731808185577393,-0.15677618980407715,-0.08787687512959508,-0.09001854062080383,-0.25185275077819824,-0.0853704998167899,-0.0935504287481308,-0.2827550768852234,-0.12271291407670049,-0.07251149415969849,-0.20234143733978271,-0.10741939785803822,-0.05455353856086731,-0.16529953479766846,-0.09140582027758626,-0.05392087205465264,-1.5870634068482465,1.4635958298955811,1.334299129065666,1.181914900045331,0.5759947327942507,0.2901944437623136,0.3421331831201575,0.4039620333313689,0.4793183516950598,0.5063895260918757,0.5149566913542762,0.05785635075917037,0.11658895637031465,0.061875206146822154,L
0.0,0.0,0.0,0.08534263074398041,-0.06251907348632812,-0.04478229584476878,0.16831248998641968,-0.15367496013641357,-0.07217289137027194,0.2579587399959564,-0.18791162967681885,-0.09822097795388629,0.3299553692340851,-0.1781110167503357,-0.12210803853652408,0.0989164412021637,-0.3526259660720825,-0.04542282598397662,0.10213956236839294,-0.5077495574951172,-0.08125453071973254,0.09633269906044006,-0.5930281281471252,-0.10659574346921374,0.0886669009923935,-0.6733980774879456,-0.1274468861737006,0.03016611933708191,-0.3427000045776367,-0.04668744655630519,0.028387293219566345,-0.3726069927215576,-0.09435928987643649,0.03759947419166565,-0.24716556072235107,-0.1033256314911597,0.0527820885181427,-0.206487774848938,-0.10533839838883807,-0.037391647696495056,-0.30831778049468994,-0.053682331017469664,-0.0415174663066864,-0.33050787448883057,-0.1064263023652785,-0.02029368281364441,-0.21979308128356934,-0.09406101333281924,-0.0025394707918167114,-0.18735241889953613,-0.07802839951894214,-0.09703657031059265,-0.26879316568374634,-0.06460998582026889,-0.10350365936756134,-0.30647027492523193,-0.09817391263625552,-0.08077670633792877,-0.2327359914779663,-0.08402344959161212,-0.06360679864883423,-0.19875001907348633,-0.0692769624509566,-0.15003704462558531,-1.6027381752348397,1.4062625096338985,1.2902767044354957,1.1254942590224122,0.5509350210692026,0.2786220880386643,0.332623243561741,0.3941029667556414,0.4682872520972163,0.49452905322809926,0.4984757355770115,0.05853748176848459,0.11664581398579128,0.06212184657044329,L
0.0,0.0,0.0,0.09214067459106445,-0.03278350830078125,-0.039323228012185574,0.18239183723926544,-0.12187016010284424,-0.06541117892728376,0.2707357257604599,-0.15398335456848145,-0.09213960037694502,0.3464917093515396,-0.13820242881774902,-0.12036512659059095,0.12094822525978088,-0.3263736963272095,-0.04908113793597746,0.12297342717647552,-0.47427505254745483,-0.08432438836560774,0.11773167550563812,-0.5648292899131775,-0.11114712671504545,0.11136743426322937,-0.6411088109016418,-0.13524949417577314,0.04588456451892853,-0.3225209712982178,-0.057910150449138165,0.04133966565132141,-0.35054677724838257,-0.11589355633721876,0.04825751483440399,-0.23493355512619019,-0.13775987790093946,0.06086353957653046,-0.17498862743377686,-0.1474413560436778,-0.026820629835128784,-0.28934431076049805,-0.07041868434415388,-0.03775206208229065,-0.3066617250442505,-0.13004086778626966,-0.01763404905796051,-0.20391303300857544,-0.12932343647943068,0.002667054533958435,-0.15730708837509155,-0.12073598669038343,-0.09217679500579834,-0.24816495180130005,-0.08605220035777617,-0.10746842622756958,-0.275077223777771,-0.12909047172532606,-0.09099246561527252,-0.2040117383003235,-0.12560257182584333,-0.07136112451553345,-0.166143536567688,-0.11785445974336195,-0.09919971483717287,-1.6012277368084837,1.4696129448338267,1.3510733416894265,1.322260034679962,0.5551560626315034,0.2879872840554584,0.34435502214608515,0.41878597907885773,0.46884823644185897,0.4958627625391373,0.5089024837987056,0.06082324962375919,0.13252017743230085,0.07455369950608802,L
0.0,0.0,0.0,0.08993707597255707,-0.033923983573913574,-0.04225329376376408,0.1783999502658844,-0.12253797054290771,-0.07185954667247074,0.2685190737247467,-0.1598988175392151,-0.1012255630604102,0.34450027346611023,-0.14767682552337646,-0.13107989795125263,0.11935821175575256,-0.32943952083587646,-0.050031383257277184,0.12670570611953735,-0.47925320267677307,-0.08672251619017857,0.12513236701488495,-0.5712745487689972,-0.11156971074260014,0.12012572586536407,-0.6475823819637299,-0.1341569579354598,0.04545655846595764,-0.3246762752532959,-0.057634451161987954,0.03995737433433533,-0.3599022626876831,-0.1144713766089751,0.046747446060180664,-0.2386043667793274,-0.13083660669244068,0.06082896888256073,-0.18539971113204956,-0.13672752745068806,-0.0281478613615036,-0.2904636263847351,-0.06990877605593937,-0.04465334117412567,-0.31522631645202637,-0.1277276284209563,-0.019230440258979797,-0.21013963222503662,-0.12091173298276203,0.0049262940883636475,-0.16976720094680786,-0.10907881773627537,-0.09485958516597748,-0.24663019180297852,-0.08573357827580708,-0.11601154506206512,-0.280559241771698,-0.12582495875275868,-0.09966062009334564,-0.2130109667778015,-0.1188092610946967,-0.0824151486158371,-0.18569445610046387,-0.10939017004884022,-0.15020745425516266,-1.568383848897703,1.4608680033116725,1.3033343447935257,1.3693441721069175,0.5479502741773006,0.286168525772451,0.3402917456489158,0.42860485046964075,0.465970950388308,0.4915061101267997,0.5043443881851761,0.05804726026125129,0.14324442073774185,0.08878178343771229,L
0.0,0.0,0.0,0.09216389060020447,-0.036350369453430176,-0.045013486863680896,0.18185245990753174,-0.1206291913986206,-0.07700492394120317,0.2735268771648407,-0.1552433967590332,-0.10844866138846498,0.3485621213912964,-0.1425001621246338,-0.1393680344238959,0.12394991517066956,-0.32470691204071045,-0.050908211143323,0.13240063190460205,-0.4740096926689148,-0.08896722597033602,0.1340407133102417,-0.5647262334823608,-0.11291966539771181,0.1300976574420929,-0.6429071426391602,-0.13396748107821566,0.049943238496780396,-0.32071423530578613,-0.05643226531297785,0.046136513352394104,-0.36079877614974976,-0.11150567186028582,0.051185429096221924,-0.2316606044769287,-0.1216089497223578,0.06448188424110413,-0.18118596076965332,-0.1225024680510245,-0.02375553548336029,-0.2881552577018738,-0.06735848587901216,-0.03917393088340759,-0.3193743824958801,-0.12496092122943026,-0.013631224632263184,-0.20411062240600586,-0.11122373443991762,0.00950796902179718,-0.15822911262512207,-0.09387662959248644,-0.08919583261013031,-0.24374932050704956,-0.08226955634505373,-0.10726648569107056,-0.28008168935775757,-0.1201932798042975,-0.08727607131004333,-0.20440346002578735,-0.1079426775589667,-0.0689525157213211,-0.16925030946731567,-0.09457055431754213,-0.13044699613192529,-1.5514783725124577,1.4669724322084192,1.3201612077704192,1.3054764854665661,0.5460163625352984,0.2867022360500742,0.3394187945928251,0.4183706999613332,0.4663602464616145,0.4994543680173323,0.5137818282566693,0.05957472812586404,0.13396715592018613,0.07923076704134244,L
0.0,0.0,0.0,0.08928079903125763,-0.03577941656112671,-0.04122999507299596,0.17768050730228424,-0.12659257650375366,-0.06934097233525449,0.26716451346874237,-0.156985342502594,-0.09806062105408841,0.34238050878047943,-0.14087289571762085,-0.12735660943499738,0.11969874799251556,-0.325356662273407,-0.05064140084496671,0.12838195264339447,-0.48063069581985474,-0.09014874521008664,0.13076995313167572,-0.5713485181331635,-0.11748321178666288,0.12989167869091034,-0.6481058895587921,-0.1415915695141905,0.04506713151931763,-0.3235783576965332,-0.059818076075231374,0.0415368378162384,-0.36477869749069214,-0.12270209017506772,0.04707081615924835,-0.23819375038146973,-0.1418226269196623,0.05700744688510895,-0.1792600154876709,-0.14819615158549482,-0.028482168912887573,-0.29326707124710083,-0.07357911589852506,-0.042930155992507935,-0.32469242811203003,-0.1362713483285063,-0.020014390349388123,-0.21379774808883667,-0.1292309966992491,-0.00017333030700683594,-0.1665409803390503,-0.11543550911656553,-0.09515801072120667,-0.2524452209472656,-0.0908626374911421,-0.11277586221694946,-0.2882726192474365,-0.13350445601454908,-0.09703093767166138,-0.2188725471496582,-0.12583566281310254,-0.0822763741016388,-0.1882064938545227,-0.11504410031548673,-0.08648873277715761,-1.5392252398126962,1.4882483860977245,1.3510186123238017,1.3728935279940258,0.5499425542308137,0.28794331980405297,0.34351416745413615,0.4272867160253672,0.4744771489539148,0.4988202766101699,0.5064807368448815,0.05857828211381958,0.1395708503371565,0.08491351056358683,L
0.0,0.0,0.0,0.0858326107263565,-0.03989213705062866,-0.04908886743933749,0.17226338386535645,-0.11819648742675781,-0.0826414730981071,0.2618289887905121,-0.14166396856307983,-0.11553475080282283,0.3333941102027893,-0.12042796611785889,-0.1488459837272842,0.10822546482086182,-0.3236076235771179,-0.05122003523857188,0.1185847818851471,-0.4751132130622864,-0.0862738025024612,0.12308606505393982,-0.564711719751358,-0.11004330037386012,0.12186059355735779,-0.6453477442264557,-0.13186715362817836,0.034385740756988525,-0.3197723627090454,-0.05461303336770129,0.032150909304618835,-0.36023879051208496,-0.10808792529851985,0.0416107177734375,-0.23077470064163208,-0.12008599756509852,0.05219671130180359,-0.17546123266220093,-0.12200280843526912,-0.03619784116744995,-0.2868915796279907,-0.06357870815546107,-0.04413324594497681,-0.31828463077545166,-0.11701197741777492,-0.01931317150592804,-0.20916301012039185,-0.10600381909162593,-0.0012019574642181396,-0.16591095924377441,-0.09076158521921229,-0.09702596068382263,-0.2429787516593933,-0.07730212627203059,-0.10456636548042297,-0.27502262592315674,-0.11261533765346599,-0.08397883176803589,-0.2025139331817627,-0.10149594215900493,-0.06862996518611908,-0.16812360286712646,-0.08897132991106105,-0.013847986035204108,-1.5284423469279276,1.447996705617568,1.2892137815135543,1.2082209868766334,0.5659392212189941,0.28653208821215936,0.3376732609519396,0.404843464757954,0.47502251550946534,0.4949788099085331,0.5138380426423788,0.054245972646363425,0.12104927328210892,0.06746430179842294,L
0.0,0.0,0.0,0.08392024040222168,-0.017212510108947754,-0.04039460622283286,0.17420290410518646,-0.09769195318222046,-0.06815526091071433,0.2625419944524765,-0.12350380420684814,-0.09615993701430625,0.3333735913038254,-0.10001540184020996,-0.12523371182891196,0.11300453543663025,-0.3087802529335022,-0.053510980834687416,0.11942939460277557,-0.4629271924495697,-0.08802362733098335,0.12021821737289429,-0.5532692670822144,-0.11112587355586356,0.1192096620798111,-0.6321838200092316,-0.13288471304389304,0.04036347568035126,-0.31426554918289185,-0.061639627595866386,0.03629752993583679,-0.34002619981765747,-0.11037232928487128,0.04448653757572174,-0.22867703437805176,-0.12345787339421577,0.05680935084819794,-0.18705129623413086,-0.12936625086280173,-0.033134281635284424,-0.2845427989959717,-0.07386182450267142,-0.04442933201789856,-0.2971978783607483,-0.12351801448079414,-0.016628384590148926,-0.19825148582458496,-0.11546020411464042,0.01040138304233551,-0.16519159078598022,-0.10534358226271934,-0.098721444606781,-0.2396150827407837,-0.08992927723141975,-0.11475741863250732,-0.25835949182510376,-0.12189590387555427,-0.09701606631278992,-0.191828191280365,-0.11119776420804328,-0.07997928559780121,-0.16559624671936035,-0.1012080629965908,-0.014596177815087,-1.5516117351777734,1.4422323867108853,1.2210250056811962,1.3228006867737463,0.5736457215714131,0.2899362447362314,0.3294829023102685,0.41852293611929375,0.44948499704016015,0.47950076511096296,0.5073265224935963,0.05129859840336644,0.13846100610076825,0.09038157450643694,L
0.0,0.0,0.0,0.08670017123222351,-0.007626235485076904,-0.036857653632594634,0.1792827844619751,-0.07628506422042847,-0.07092885322852283,0.2680203914642334,-0.10450714826583862,-0.10837038256211429,0.34306949377059937,-0.07350587844848633,-0.14642931170745044,0.12128803133964539,-0.2865617275238037,-0.046742078140212584,0.12462922930717468,-0.4536205530166626,-0.08580106146617084,0.12406814098358154,-0.5458580255508423,-0.10718852676434665,0.12052473425865173,-0.6249777674674988,-0.12479748971743732,0.0532093346118927,-0.29484492540359497,-0.05566389881057887,0.06585726141929626,-0.3247721195220947,-0.10669374115748553,0.0654299408197403,-0.19746094942092896,-0.11054794885201602,0.07077470421791077,-0.16045624017715454,-0.10634802676720767,-0.012200847268104553,-0.27360278367996216,-0.06918197520060687,0.010840877890586853,-0.30298852920532227,-0.1246899778394237,0.023575052618980408,-0.18412703275680542,-0.10452079422755389,0.03179235756397247,-0.1418013572692871,-0.08130614109320788,-0.07537630200386047,-0.24037402868270874,-0.0863039533047214,-0.05633954703807831,-0.27035701274871826,-0.12586137302203326,-0.033938586711883545,-0.18369674682617188,-0.11027535445971637,-0.024122267961502075,-0.1424187421798706,-0.09221373893304019,0.01696669466240759,-1.5730518220922143,1.4408273957962576,1.2486402441868953,1.0887307621459845,0.5946826164975975,0.28584054614817894,0.3186812325072837,0.37360242594445864,0.4671780333076553,0.49125642799450164,0.5037717420993588,0.04321606190936488,0.09659599713664266,0.055918033869064694,L
0.0,0.0,0.0,0.08712726831436157,-0.010052502155303955,-0.04017016737736867,0.1776365488767624,-0.08002865314483643,-0.07530418484486745,0.2676488310098648,-0.1077495813369751,-0.11248547284878896,0.34210897982120514,-0.08183306455612183,-0.15042832194842504,0.1233910471200943,-0.2975327968597412,-0.04932423382081197,0.1257910430431366,-0.46067091822624207,-0.08726974277772115,0.12635521590709686,-0.5516389906406403,-0.10948441623725103,0.12069745361804962,-0.6320877373218536,-0.12850184439696477,0.04942689836025238,-0.30229735374450684,-0.05696052386440442,0.05793212354183197,-0.3363994359970093,-0.10808214246310399,0.06187804043292999,-0.20241904258728027,-0.11281720994986699,0.06608976423740387,-0.16293907165527344,-0.10934804081000493,-0.019257888197898865,-0.27562767267227173,-0.06926730721272634,-0.004974499344825745,-0.3045603036880493,-0.12278594522751973,0.014123737812042236,-0.1867924928665161,-0.10220037846841024,0.022295095026493073,-0.14841985702514648,-0.07961849569358037,-0.08145911991596222,-0.23380661010742188,-0.08545560835875676,-0.06734263896942139,-0.2721254229545593,-0.12171502857484029,-0.0433506965637207,-0.18680834770202637,-0.10312497316874669,-0.03471684455871582,-0.1458754539489746,-0.08382893054761098,-0.010970464853662263,-1.5788474268572816,1.4517927608123904,1.2550688752220276,1.0822065413777957,0.5931300606411154,0.28768870634605137,0.3266721932439281,0.3822291584360785,0.47231607027098466,0.493576379709454,0.5104468518665243,0.046138710913600424,0.10224059578367406,0.05706868880815067,L
0.0,0.0,0.0,0.09000326693058014,-0.0070841312408447266,-0.04450869228924148,0.18243421614170074,-0.07343518733978271,-0.0781312663503968,0.26893074810504913,-0.09769850969314575,-0.11255179386819236,0.3431129902601242,-0.07159823179244995,-0.14713260572636955,0.1215875893831253,-0.2891402244567871,-0.05157258402789466,0.1261334866285324,-0.45270848274230957,-0.08844028454507225,0.12519995868206024,-0.5431126654148102,-0.1114685614057862,0.1207701563835144,-0.6220938265323639,-0.1313841794082009,0.04734925925731659,-0.2936549782752991,-0.05673557933653228,0.050161585211753845,-0.32509052753448486,-0.10904392641270988,0.05863393843173981,-0.20187658071517944,-0.11971616041148536,0.07207219302654266,-0.15310537815093994,-0.12101761292899482,-0.021909788250923157,-0.2691548466682434,-0.06666506868089073,-0.014100700616836548,-0.2925618290901184,-0.1225525144883477,0.007412031292915344,-0.1788945198059082,-0.10933182429755561,0.02670787274837494,-0.13106608390808105,-0.09130118828500144,-0.0824967473745346,-0.232092022895813,-0.08074163686717384,-0.07327635586261749,-0.2612583041191101,-0.12132829468930595,-0.04942221939563751,-0.177526593208313,-0.1094093624898278,-0.032610341906547546,-0.13177794218063354,-0.09424643259728782,0.011431973717703115,-1.573251417690935,1.3966757492752115,1.2322737667785721,1.1093093463899992,0.5937017227567504,0.2830309676917347,0.3219450633615469,0.38051231238533245,0.47150997481530815,0.49995595528941983,0.5137462833961206,0.050434631405647176,0.10683301289903403,0.0593224858889752,L
0.0,0.0,0.0,0.08922623097896576,-0.01004648208618164,-0.04685817974235107,0.18165399134159088,-0.07945758104324341,-0.07936226891900588,0.26936618983745575,-0.10301202535629272,-0.11176015751983215,0.3407839387655258,-0.08014589548110962,-0.14551037865306427,0.11608992516994476,-0.29030686616897583,-0.05767941790248443,0.12373310327529907,-0.450562059879303,-0.09514195042277862,0.12507988512516022,-0.5411900877952576,-0.12028973119880249,0.12350738048553467,-0.6186090111732483,-0.14164431708480407,0.04149617254734039,-0.2959619164466858,-0.06111922802950431,0.04078561067581177,-0.3227893114089966,-0.12140490430022766,0.051646143198013306,-0.20492804050445557,-0.1394944520535617,0.05862422287464142,-0.14431297779083252,-0.14390655177260925,-0.02712458372116089,-0.27138757705688477,-0.06862831431056549,-0.02499242126941681,-0.28814423084259033,-0.1267221154513507,0.0016518384218215942,-0.18163931369781494,-0.12267851399804641,0.019745856523513794,-0.12774574756622314,-0.10995916592504074,-0.0854576975107193,-0.23284071683883667,-0.08024330752517272,-0.07899324595928192,-0.25598078966140747,-0.12087492960120727,-0.052859142422676086,-0.17649519443511963,-0.1150781990828662,-0.03404054045677185,-0.12751519680023193,-0.10424806492950012,-0.004325459514739891,-1.5482067893580798,1.4583275509043472,1.2553883716895349,1.1166543767196626,0.5806475951374327,0.2893639917539281,0.32454767934489004,0.37780582437507293,0.4787134335109614,0.5017102723822394,0.5157465287412819,0.04226109898532814,0.09417496381456707,0.053786891096033615,L
0.0,0.0,0.0,0.08974659442901611,-0.013804197311401367,-0.04626381358121989,0.17888639867305756,-0.07894647121429443,-0.07864881640290378,0.26831628382205963,-0.10731565952301025,-0.11010278349732516,0.33904288709163666,-0.07985895872116089,-0.140555355306617,0.12152168154716492,-0.2976697087287903,-0.05044119393443225,0.12755893170833588,-0.4608524441719055,-0.08797762876366733,0.12923556566238403,-0.5487521588802338,-0.11231921946620105,0.1263684630393982,-0.6275337636470795,-0.13190959727381824,0.051862820982933044,-0.30150121450424194,-0.050123240407458525,0.05504591763019562,-0.33783048391342163,-0.1001028749904549,0.058064088225364685,-0.21203655004501343,-0.10634196883057712,0.0625416487455368,-0.16426563262939453,-0.10395441537713168,-0.01377822458744049,-0.27800285816192627,-0.055042240377417784,-0.003358006477355957,-0.31083714962005615,-0.10819546466683505,0.011589214205741882,-0.1970621943473816,-0.0924700755438721,0.020522326231002808,-0.15112411975860596,-0.0722008380851662,-0.07036398351192474,-0.24182158708572388,-0.06397672330950854,-0.05966466665267944,-0.28073650598526,-0.09977338051413653,-0.03741347789764404,-0.1976621150970459,-0.08533165192221759,-0.024636119604110718,-0.15185487270355225,-0.06859837060784457,-0.005697412840305222,-1.5561041144392727,1.4931389716746524,1.3067664999425819,1.100550369419381,0.5875185976601884,0.2890975984112936,0.3263955742173379,0.37073687642499953,0.4676443343391663,0.48802618112884444,0.4990719299545952,0.044026387827228404,0.08805674452511686,0.0451643579618866,L
0.0,0.0,0.0,0.09062446653842926,-0.010200560092926025,-0.05912031279203234,0.18752121925354004,-0.06595194339752197,-0.09917959989306269,0.2768045514822006,-0.07776391506195068,-0.136608433437317,0.34586934745311737,-0.04643511772155762,-0.17373649449345407,0.13271157443523407,-0.27627331018447876,-0.06553411902186213,0.149006187915802,-0.4303414821624756,-0.1124569070458108,0.15412142872810364,-0.5239946246147156,-0.13980415136811075,0.15180011093616486,-0.603712409734726,-0.15955856115814981,0.05992843955755234,-0.2794209122657776,-0.0617202040671998,0.06251318007707596,-0.31275975704193115,-0.13309055240151224,0.06712932139635086,-0.1854548454284668,-0.14620104105469522,0.0680018961429596,-0.13317668437957764,-0.14178590149876413,-0.009588658809661865,-0.2601933479309082,-0.06415594042536554,-0.014453545212745667,-0.289963960647583,-0.1316972491264039,0.008108578622341156,-0.17484009265899658,-0.1180515405654603,0.01898498833179474,-0.12420642375946045,-0.09354933769699869,-0.07013976573944092,-0.22808170318603516,-0.07156768114563761,-0.078036367893219,-0.25852304697036743,-0.1140174088000947,-0.05624990165233612,-0.17130231857299805,-0.09959462703463373,-0.04564732313156128,-0.12380164861679077,-0.07916603655812082,0.12263415382441534,-1.5125657839654025,1.5156470053935513,1.3636886782000672,1.3401058742871998,0.5901024053126737,0.2910917722710325,0.33600857173738735,0.39908756363544434,0.47793933677614747,0.49755989325761113,0.5189410639530513,0.049830942465109565,0.11403524164600021,0.06463357895097861,L
0.0,0.0,0.0,0.08597046136856079,0.0004653334617614746,-0.04552042478207596,0.17636874318122864,-0.062361717224121094,-0.07952373841289528,0.26279595494270325,-0.0773611068725586,-0.1148720196772004,0.33396390080451965,-0.04835402965545654,-0.152204673676529,0.11874412000179291,-0.2772195339202881,-0.05503307649377831,0.1322992891073227,-0.4351322054862976,-0.0944881997394944,0.13757894933223724,-0.5271424949169159,-0.11884339520219811,0.13733837008476257,-0.6042826473712921,-0.13881446042541512,0.04822549968957901,-0.28599321842193604,-0.06001901993040093,0.05080714076757431,-0.3165881633758545,-0.12187689909223565,0.054530635476112366,-0.19543969631195068,-0.13693509617332467,0.05803583562374115,-0.13758456707000732,-0.13827932992462166,-0.018507659435272217,-0.26456212997436523,-0.06954890856031426,-0.008605271577835083,-0.29296910762786865,-0.13197584071640023,0.013376682996749878,-0.17936378717422485,-0.12422446527961739,0.02662983536720276,-0.1208379864692688,-0.10738630959276207,-0.07943147420883179,-0.22863292694091797,-0.0829421392965699,-0.06819935142993927,-0.26002538204193115,-0.12865031877044686,-0.04337693750858307,-0.17406296730041504,-0.12162539729360589,-0.029149845242500305,-0.11906111240386963,-0.10833274939540871,0.08865102864813537,-1.5140052830460908,1.504788827504073,1.2664941083647447,1.1405724650442393,0.589676375078963,0.28999721716198845,0.31576597627612696,0.3699338915523835,0.4733877798685196,0.49595878842297114,0.5129895357987321,0.03559192062716933,0.0891317077188503,0.05580797479182319,L
0.0,0.0,0.0,0.09291967749595642,-0.00687485933303833,-0.04928449160576065,0.18320873379707336,-0.06256890296936035,-0.08281039810896118,0.2723371088504791,-0.08733248710632324,-0.1150720453929921,0.34431949257850647,-0.05904412269592285,-0.14680067814111908,0.13215754926204681,-0.2855006456375122,-0.050961442209484176,0.14235694706439972,-0.4393775761127472,-0.0865766069960614,0.1459505558013916,-0.5273129940032959,-0.10959524280548294,0.14338958263397217,-0.6043217778205872,-0.1290406248641034,0.053980372846126556,-0.29374009370803833,-0.05121684066176613,0.055876120924949646,-0.32938557863235474,-0.10437251246690948,0.06129363179206848,-0.20084214210510254,-0.11392236120224197,0.0673006922006607,-0.14291781187057495,-0.11274756855488022,-0.0173930823802948,-0.2710806131362915,-0.05683197445392807,-0.013180270791053772,-0.2948741912841797,-0.1106382719349881,0.006166279315948486,-0.1807878613471985,-0.0980211905312558,0.01889437437057495,-0.12910199165344238,-0.07992101079940994,-0.07656224071979523,-0.2309194803237915,-0.06699867165804108,-0.07495692372322083,-0.2576656937599182,-0.10235897815942963,-0.05266435444355011,-0.17549705505371094,-0.08995530373573501,-0.03700152039527893,-0.12919116020202637,-0.07510836786747177,0.02187450476183616,-1.5355810012258813,1.4827069062036247,1.320569126420236,1.1999075403180834,0.5811200821590758,0.2894377506451895,0.332880778302856,0.38771938538875833,0.4676356905132162,0.4912564524210277,0.5082224452448996,0.050339333469359794,0.1052015803989572,0.05589596588936869,L
0.0,0.0,0.0,0.09356556832790375,-0.02001398801803589,-0.042106186236775756,0.18480783700942993,-0.07898223400115967,-0.07193389275256479,0.27308085560798645,-0.10221302509307861,-0.10195502379123056,0.3431878685951233,-0.07334977388381958,-0.1313947040695318,0.12411974370479584,-0.2860305905342102,-0.045641021068728804,0.13640837371349335,-0.44905394315719604,-0.07924819477979028,0.14029468595981598,-0.531158059835434,-0.10368115195218408,0.13920260965824127,-0.6063874363899231,-0.12400186547223413,0.055385708808898926,-0.29104334115982056,-0.047770247991717696,0.06204715371131897,-0.32555514574050903,-0.09943070748034799,0.0629543662071228,-0.20404845476150513,-0.11197543629590356,0.06352812051773071,-0.15006905794143677,-0.11420925446931207,-0.009500682353973389,-0.27205348014831543,-0.05393160992447221,0.007176131010055542,-0.30909574031829834,-0.10465680548135126,0.019231215119361877,-0.19438976049423218,-0.09051546194735849,0.025031298398971558,-0.13585078716278076,-0.07173048445168817,-0.06558412313461304,-0.2401166558265686,-0.06428865083638513,-0.05320684611797333,-0.28763455152511597,-0.09794183560792291,-0.029711797833442688,-0.20655500888824463,-0.08378909268561685,-0.014530360698699951,-0.15173667669296265,-0.06746397652808511,0.03554796245883392,-1.5237496149726262,1.5131022904389628,1.3224945480677257,1.0469637258580782,0.5707356091164433,0.289992108928888,0.3242375361056701,0.36620600500417566,0.46255063594868534,0.48418986625141985,0.4799386830291881,0.04103857377125291,0.0780762924460191,0.04263198748270502,L
0.0,0.0,0.0,0.09485192596912384,-0.01563560962677002,-0.04688451567363927,0.1844816654920578,-0.07590210437774658,-0.07589168602299878,0.2722678631544113,-0.10339295864105225,-0.10233799123835752,0.34229086339473724,-0.07618498802185059,-0.1265948837406654,0.1251654475927353,-0.2831757664680481,-0.04694472381544301,0.1331942230463028,-0.43629512190818787,-0.07749806845259855,0.1360682249069214,-0.5171583294868469,-0.09795449429822156,0.13073761761188507,-0.5954107046127319,-0.11707932257723996,0.04660391807556152,-0.28700774908065796,-0.046504368425132725,0.051838576793670654,-0.3304959535598755,-0.0913790737993736,0.05424077808856964,-0.19411462545394897,-0.09482558572364042,0.06134699285030365,-0.1465909481048584,-0.09275692457032392,-0.02600906789302826,-0.2628166079521179,-0.05126833671403119,-0.020582720637321472,-0.2935885190963745,-0.10075163596940229,-0.004595816135406494,-0.17600691318511963,-0.079137635768177,0.007452338933944702,-0.13518661260604858,-0.057316356689455006,-0.08469291031360626,-0.2254629135131836,-0.06047091388774106,-0.08195963501930237,-0.2609848380088806,-0.09199164563489148,-0.06516532599925995,-0.1815548539161682,-0.07257130497765729,-0.05457937717437744,-0.15026569366455078,-0.05495914945078084,-0.0017925656100383068,-1.5529521399180122,1.4661845247857506,1.314391975918119,1.1898928365198296,0.5606693504825943,0.28963158945753403,0.3399971017033166,0.40372507823753945,0.45415221307023207,0.47645091541739487,0.4821788769001271,0.05508804397447343,0.11598459821039929,0.06383817422915816,L
0.0,0.0,0.0,0.09087039530277252,-0.022568941116333008,-0.04212220727033511,0.18793530762195587,-0.09883087873458862,-0.06723846836514369,0.2768845409154892,-0.12542212009429932,-0.0911295746130456,0.34614478051662445,-0.09708517789840698,-0.1146203686160554,0.12386275827884674,-0.2905343770980835,-0.0464920659226884,0.13612444698810577,-0.4479377567768097,-0.07703224165863887,0.13812606036663055,-0.5299435257911682,-0.09951836212105647,0.13634666800498962,-0.6123219132423401,-0.12102788283057109,0.049719005823135376,-0.29458993673324585,-0.049447651640843304,0.056375712156295776,-0.3404105603694916,-0.09513628079123393,0.05700702965259552,-0.21335530281066895,-0.10543711824841395,0.06021399796009064,-0.16409355401992798,-0.10887714071698085,-0.019923090934753418,-0.27234625816345215,-0.056568927751253995,-0.011184260249137878,-0.3109171986579895,-0.10361398352808848,0.0004614293575286865,-0.20030516386032104,-0.08788748426861659,0.007925540208816528,-0.1581762433052063,-0.07095260514445201,-0.0808783620595932,-0.2391921877861023,-0.06787893517441645,-0.07011078298091888,-0.27990490198135376,-0.09972863985724345,-0.05583718419075012,-0.20396733283996582,-0.08393593473858729,-0.04926188290119171,-0.1690613031387329,-0.06879213793702021,0.011033662916187134,-1.5320202685769295,1.4905454243182832,1.3315458279264973,1.1472598233938112,0.5563129887584135,0.29367760364698403,0.34369226465972225,0.40190420759158674,0.4546480457006069,0.4719536794931141,0.48055228918288856,0.05262221375143141,0.10958853508310563,0.058214138227260216,L
0.0,0.0,0.0,0.09698261320590973,-0.0578923225402832,-0.04753523276369265,0.1821078658103943,-0.12476426362991333,-0.07405793995778254,0.27413758635520935,-0.1513655185699463,-0.09577470601718119,0.3432208299636841,-0.13573461771011353,-0.11183314354340723,0.12315349280834198,-0.3223896026611328,-0.040027409356042654,0.13300733268260956,-0.4772443175315857,-0.07223365784804514,0.133698508143425,-0.5605949759483337,-0.09594408006589106,0.12784206867218018,-0.6381107866764069,-0.11602569700400522,0.04666954278945923,-0.31873422861099243,-0.03608663336555651,0.05074205994606018,-0.37273624539375305,-0.07338889272133997,0.053294017910957336,-0.23504197597503662,-0.07329164029280832,0.06420446932315826,-0.18797987699508667,-0.0706628146878927,-0.025860577821731567,-0.29199492931365967,-0.03859785900633028,-0.025134563446044922,-0.33427539467811584,-0.07991977364937952,-0.008764222264289856,-0.2162371277809143,-0.05400359214465311,0.006153196096420288,-0.17820793390274048,-0.03120914803068331,-0.08595432341098785,-0.25465792417526245,-0.04618843228738001,-0.09189018607139587,-0.3015214800834656,-0.0668333578221052,-0.07474023103713989,-0.22766000032424927,-0.04122479216377428,-0.0629810243844986,-0.20162594318389893,-0.02093402066449812,-0.06798612918826315,-1.5559470500145842,1.4374858254686425,1.2965378146797308,1.162003220895963,0.5465984137927152,0.2838656312814886,0.33973308992394996,0.4115113768155074,0.45460706098942133,0.4757297717172178,0.4763742976299173,0.05886799805535634,0.12791546009802673,0.07299276402628364,L
0.0,0.0,0.0,0.10283426940441132,-0.05741661787033081,-0.03848333489293765,0.1909051239490509,-0.12262850999832153,-0.06376562472576808,0.2919313609600067,-0.14575713872909546,-0.08752887901062678,0.3630770444869995,-0.13138967752456665,-0.10749329086537074,0.12518596649169922,-0.3227795660495758,-0.03328139539951991,0.1441539227962494,-0.477846622467041,-0.06787703391308497,0.14875435829162598,-0.558290883898735,-0.09464214947218608,0.14709100127220154,-0.6350257992744446,-0.11713251676554393,0.058587342500686646,-0.329386830329895,-0.03569387477035235,0.06932438910007477,-0.37800222635269165,-0.09079362657065104,0.06946304440498352,-0.23972636461257935,-0.10341019388432215,0.06971502304077148,-0.18257981538772583,-0.10592129286522578,-0.00932091474533081,-0.3067888617515564,-0.04220988433952044,-0.0030759423971176147,-0.35203680396080017,-0.09598446097368907,0.008052930235862732,-0.23003917932510376,-0.07383979316944789,0.013245180249214172,-0.18062728643417358,-0.04993047397727679,-0.07212595641613007,-0.27277249097824097,-0.052322799527594555,-0.07574029266834259,-0.323007196187973,-0.08250007983441066,-0.05845858156681061,-0.24286919832229614,-0.059018014186570156,-0.05050733685493469,-0.20831018686294556,-0.03746242653722476,-0.05084230440771488,-1.5007579938532594,1.4951429737171555,1.3938014126177778,1.2472153351752449,0.5479957244311696,0.29779473776658044,0.3532798824830246,0.4206766041115979,0.4590146079837674,0.4737010790327245,0.47024601764005053,0.05650358850743603,0.12294497889359086,0.06950342734904587,L
0.0,0.0,0.0,0.09782688319683075,-0.051993727684020996,-0.03929306185817438,0.19221128523349762,-0.12055271863937378,-0.06862979001378733,0.29669998586177826,-0.1473102569580078,-0.09712615973329264,0.36992065608501434,-0.13164454698562622,-0.12376853442764002,0.12986086308956146,-0.32116127014160156,-0.04301831862902361,0.15092916786670685,-0.4715290069580078,-0.07733036196803766,0.15765158832073212,-0.5547260493040085,-0.10332336640929896,0.15689007937908173,-0.6309860050678253,-0.1257967910823794,0.062256038188934326,-0.3287438154220581,-0.046505641108510076,0.07315509021282196,-0.3759143054485321,-0.10315143681144434,0.07397063076496124,-0.2412371039390564,-0.11682526386356074,0.07348091900348663,-0.1789858341217041,-0.11981460071181971,-0.006189793348312378,-0.309464693069458,-0.05334230131482798,-0.00313684344291687,-0.35353803634643555,-0.10646774983977991,0.010752692818641663,-0.23551952838897705,-0.0880843139348002,0.015845417976379395,-0.17599648237228394,-0.06740834183072764,-0.06922586262226105,-0.2787836492061615,-0.06382362908696848,-0.07567459344863892,-0.3265576958656311,-0.09618441379642206,-0.056645557284355164,-0.24517923593521118,-0.07792362189864832,-0.04564392566680908,-0.19981271028518677,-0.05986457682227808,-0.06233468941094127,-1.4837763032925992,1.495982745950208,1.4071752062987082,1.2806103092496515,0.5428848113286269,0.3001961278708735,0.3568422178137402,0.4211185344937972,0.4596316379122357,0.4763497268529914,0.4763721584367049,0.05771297256707058,0.12093174681799285,0.06594051936153866,L
0.0,0.0,0.0,0.10681198537349701,-0.0848320722579956,-0.028986954756259564,0.18997284770011902,-0.16646838188171387,-0.05160976729559863,0.2907705008983612,-0.20948761701583862,-0.07515058822202647,0.36555758118629456,-0.2056828737258911,-0.0944989041166302,0.1116410493850708,-0.35888779163360596,-0.020728097923278455,0.1257610321044922,-0.5171992480754852,-0.056815595992087964,0.12812769412994385,-0.600137248635292,-0.0853111610488888,0.12299466133117676,-0.6768081188201904,-0.10841112739610637,0.042595282196998596,-0.35648050904273987,-0.027254203029155377,0.05180077254772186,-0.41149353981018066,-0.09144902385044062,0.06156252324581146,-0.26960715651512146,-0.10951918519306147,0.06566092371940613,-0.2027224898338318,-0.11364881850051844,-0.02692645788192749,-0.3232409954071045,-0.036673603274106625,-0.02391020953655243,-0.3827641010284424,-0.09779453433322871,-0.0036300867795944214,-0.2573167085647583,-0.0759940982537266,0.0071601420640945435,-0.19546407461166382,-0.05001498541998828,-0.08914172649383545,-0.27663299441337585,-0.048432537980556134,-0.09844541549682617,-0.34290391206741333,-0.08264991051721537,-0.07515877485275269,-0.25906360149383545,-0.058023990757941846,-0.060464948415756226,-0.217171311378479,-0.03413675508666003,-0.2197306013254444,-1.5350993674232412,1.4218940482644455,1.3101007465486347,1.1214304351948647,0.5299016575307195,0.2999112685988984,0.35854309116853444,0.42617740429101547,0.4775398842818542,0.49508557315766744,0.494897386499167,0.058949351530104555,0.1269507938765425,0.07102363684336768,L
0.0,0.0,0.0,0.10964322090148926,-0.09103286266326904,-0.02889846935952667,0.18979671597480774,-0.17244493961334229,-0.04929818324829105,0.2896036207675934,-0.22128701210021973,-0.06852493919516567,0.36228033900260925,-0.22903835773468018,-0.08189748711968425,0.10621395707130432,-0.36235666275024414,-0.023144773394713436,0.11874207854270935,-0.5240395218133926,-0.059166268632659946,0.11923334002494812,-0.6090215146541595,-0.08806978650475505,0.11359825730323792,-0.6857880353927612,-0.11145972944880489,0.03885245323181152,-0.359391987323761,-0.028276180104265247,0.048925355076789856,-0.4163520634174347,-0.09125460423613552,0.05960318446159363,-0.27369916439056396,-0.10874543078328136,0.06212592124938965,-0.20235991477966309,-0.11309349276209835,-0.03109923005104065,-0.3247736394405365,-0.0359374184169865,-0.026690080761909485,-0.3840678632259369,-0.09642217047596935,-0.004561975598335266,-0.2574913501739502,-0.0737237457194424,0.006213128566741943,-0.1908799409866333,-0.0474529575564957,-0.09023013710975647,-0.27177125215530396,-0.045810450986871754,-0.10276466608047485,-0.3328068256378174,-0.07942054905081752,-0.07453103363513947,-0.24851775169372559,-0.054197819159278904,-0.058131009340286255,-0.20836621522903442,-0.03018672317350868,-0.31704125105658987,-1.5479691733065046,1.4236590402582963,1.2990199600747652,1.1021571124207974,0.5200606174275204,0.3013377072576188,0.35810602217262116,0.4209192788305914,0.4861606207606211,0.5064243159470708,0.5073682443653411,0.057079157175464613,0.12040683120129957,0.06667786641666876,L
0.0,0.0,0.0,0.10631829500198364,-0.08157294988632202,-0.04209936861350361,0.1912446916103363,-0.1708734631538391,-0.06175144095375362,0.2822878956794739,-0.22419297695159912,-0.07817137319996181,0.3535105586051941,-0.23979192972183228,-0.08987454403593365,0.0990871787071228,-0.3615747094154358,-0.030158984329841765,0.10644987225532532,-0.5313043594360352,-0.06355601627781216,0.10312777757644653,-0.6152786463499069,-0.08982710618927303,0.09003707766532898,-0.6893331408500671,-0.11003343094541851,0.03340134024620056,-0.35185906291007996,-0.02997974384977642,0.04766230285167694,-0.41431477665901184,-0.07747647989942852,0.06231698393821716,-0.27404141426086426,-0.08667954881145779,0.06695738434791565,-0.20499956607818604,-0.08590657342626873,-0.029863715171813965,-0.3181876838207245,-0.03576671783282581,-0.01604190468788147,-0.3718569278717041,-0.08753657419636074,0.003699377179145813,-0.24281364679336548,-0.06842794347956005,0.009085401892662048,-0.191486656665802,-0.04508908544137302,-0.09030993282794952,-0.27544546127319336,-0.04561743963911358,-0.0869821310043335,-0.3321559429168701,-0.07727337707235638,-0.06098310649394989,-0.2480841875076294,-0.056333859306119116,-0.052220895886421204,-0.2099093198776245,-0.03514177058293644,-0.4016381992061202,-1.5984014200811807,1.3461617838288438,1.2725556370606717,1.0443215497113019,0.5210619691180788,0.28865763500180264,0.3477960436541363,0.40683041127106373,0.48488316520058233,0.5043850668140729,0.5000845240105588,0.05942865532795166,0.11927937022798715,0.06401450356906524,L
0.0,0.0,0.0,0.10181665420532227,-0.06213444471359253,-0.0422706488946325,0.1911657154560089,-0.14712363481521606,-0.06631187689098184,0.28107577562332153,-0.19693994522094727,-0.0887925286272413,0.351555734872818,-0.21087664365768433,-0.1093695942738897,0.10161387920379639,-0.339868426322937,-0.039925582377041025,0.10437735915184021,-0.5067314058542252,-0.0773523036816961,0.10466569662094116,-0.5942102670669556,-0.10410011899265115,0.09439781308174133,-0.6709794104099274,-0.12517008524926965,0.0359404981136322,-0.3356052041053772,-0.04324882817062203,0.04715615510940552,-0.3998980224132538,-0.10155306350978677,0.060757026076316833,-0.2557293176651001,-0.1132654358127958,0.06219691038131714,-0.18108397722244263,-0.1110592220404989,-0.028508663177490234,-0.3031333088874817,-0.05178067427667443,-0.021359562873840332,-0.3549728989601135,-0.11461632293256585,-2.592802047729492e-06,-0.2235410213470459,-0.09600004893335168,0.005819886922836304,-0.16652131080627441,-0.06990371984037225,-0.09207968413829803,-0.2602893114089966,-0.06365685504468743,-0.09358777105808258,-0.3137650489807129,-0.10535735976489846,-0.06784826517105103,-0.22603410482406616,-0.0865460742691404,-0.05777755379676819,-0.1827225685119629,-0.06468554180654351,-0.37833845177140485,-1.5925863741056012,1.4024828832771497,1.324608589391388,1.1544249598421303,0.5270908391472712,0.2908885220912382,0.3485694652577191,0.41030036943728154,0.49095257774318235,0.5121757737909335,0.5114216322612711,0.0582274851525179,0.11998565346003984,0.0656286158419461,L
0.0,0.0,0.0,0.10513219237327576,-0.07140970230102539,-0.05101665355255669,0.1871677041053772,-0.14547383785247803,-0.07653917618086403,0.28143972158432007,-0.18860024213790894,-0.09548008687784737,0.35407450795173645,-0.20472097396850586,-0.1069463963060624,0.10758179426193237,-0.353109210729599,-0.04693257309486931,0.11319884657859802,-0.5202849507331848,-0.09043495602896279,0.11277258396148682,-0.608380913734436,-0.12200587488701409,0.1055799126625061,-0.6908243298530579,-0.14486826457073754,0.04289489984512329,-0.34519410133361816,-0.04113273195912903,0.05425944924354553,-0.4017086923122406,-0.0940611983089692,0.06363233923912048,-0.2563254237174988,-0.10029011465599602,0.06810072064399719,-0.1922982931137085,-0.09783937282850808,-0.021235182881355286,-0.3126235604286194,-0.04192532472302979,-0.011937186121940613,-0.36285582184791565,-0.09973418213417595,0.002141594886779785,-0.2329394817352295,-0.07606338210394448,0.011151611804962158,-0.18294548988342285,-0.04887836299827164,-0.07794433832168579,-0.26738351583480835,-0.047018284574056324,-0.08375245332717896,-0.3189694881439209,-0.07846921928217476,-0.057069554924964905,-0.23453068733215332,-0.05377788715055054,-0.04340404272079468,-0.19760167598724365,-0.030285075902844127,-0.34109676973068503,-1.5767239801312742,1.4074097072713225,1.3260551741320485,1.1111764538210664,0.5459359270923483,0.2862434803218271,0.3436135684294656,0.3975423029672212,0.4999328946382738,0.5165826362662076,0.5152327680263457,0.057712008506243306,0.11163081170958822,0.056490027720329204,L
0.0,0.0,0.0,0.10048528015613556,-0.06323504447937012,-0.04875182717984927,0.18818162381649017,-0.14576441049575806,-0.07804246976917995,0.28111304342746735,-0.1868588924407959,-0.10422098621672404,0.35296328365802765,-0.19870257377624512,-0.12615660563057673,0.10749681293964386,-0.34967899322509766,-0.05082698151415599,0.11314986646175385,-0.5142417401075363,-0.09340641632622493,0.11262737214565277,-0.6018969416618347,-0.12401032432860148,0.10587166249752045,-0.6840112507343292,-0.147661141901672,0.04159380495548248,-0.3425288498401642,-0.051310207545220976,0.05560164153575897,-0.39700382947921753,-0.10970739260262263,0.06380482017993927,-0.2545015215873718,-0.12175341680592311,0.06736283004283905,-0.18924832344055176,-0.12204720064944041,-0.021554872393608093,-0.31061795353889465,-0.05733573049253238,-0.013059541583061218,-0.3604568839073181,-0.11595407858437312,0.002241089940071106,-0.2334057092666626,-0.09571501597708476,0.00987611711025238,-0.17945587635040283,-0.0712710542971493,-0.08083094656467438,-0.2691425383090973,-0.06794262662476314,-0.0848962664604187,-0.3148432672023773,-0.10402179494446528,-0.05989500880241394,-0.23160666227340698,-0.08445744201487315,-0.04664190113544464,-0.1898106336593628,-0.0637925489241482,-0.3108477271595607,-1.5756571728724502,1.4042370828140074,1.3355967470451953,1.1638865719934657,0.5445904710684292,0.28575689310078145,0.3436265985216843,0.3997041034476221,0.4962592915012579,0.5136061434152663,0.5171988370146476,0.05831478529332843,0.11400611792274531,0.05745874507286425,L
0.0,0.0,0.0,0.09750275313854218,-0.06369465589523315,-0.049743345907849346,0.18233124911785126,-0.1453736424446106,-0.07955220618001846,0.27562664449214935,-0.18420499563217163,-0.10552665122501281,0.3490096181631088,-0.19658952951431274,-0.12642552979938415,0.1098441332578659,-0.3539869487285614,-0.054800718060654674,0.11493872106075287,-0.518424317240715,-0.10158430316202072,0.11467786133289337,-0.6073423027992249,-0.1354382885312262,0.11042024195194244,-0.6914235055446625,-0.16073795684329895,0.044006094336509705,-0.3459017276763916,-0.053929853222292934,0.054832205176353455,-0.3965722918510437,-0.11329247333757309,0.06235016882419586,-0.25663402676582336,-0.124478581330699,0.06909804046154022,-0.19283795356750488,-0.12494848944894699,-0.020061224699020386,-0.3150123953819275,-0.058919715664309535,-0.013551339507102966,-0.3634304106235504,-0.11789240964404968,0.0006884187459945679,-0.23915410041809082,-0.09658558197967437,0.01149795949459076,-0.1847100853919983,-0.07209764697305587,-0.0778484046459198,-0.2740342617034912,-0.06864673920623687,-0.08471833169460297,-0.3172150254249573,-0.10397614814988998,-0.060651347041130066,-0.23439562320709229,-0.08337669350854782,-0.04526963829994202,-0.1923123598098755,-0.06227416821472076,-0.2981165261463133,-1.5690890187908504,1.4083102451160956,1.3331724613213733,1.191450798288195,0.5493501199370382,0.27993671722992314,0.3377206551720363,0.3943024553026988,0.5002949899573054,0.516279099063077,0.5228300628402482,0.0581707105722248,0.11436888647743168,0.05727438114625554,L
0.0,0.0,0.0,0.10989899933338165,-0.08549034595489502,-0.05132903016649948,0.18991751968860626,-0.16292643547058105,-0.07408221296512352,0.28242136538028717,-0.20238620042800903,-0.08876513175212608,0.35053838789463043,-0.22602802515029907,-0.09329443655454384,0.10710383951663971,-0.3671604096889496,-0.04591566182219253,0.11337430775165558,-0.5310975313186646,-0.09108787260495887,0.11255945265293121,-0.6246447563171387,-0.1244941600366758,0.10826738178730011,-0.7088298797607422,-0.14816864810430275,0.04269145429134369,-0.36082708835601807,-0.03936659402691589,0.062482789158821106,-0.4129669666290283,-0.09664312980615364,0.06967832148075104,-0.2706751525402069,-0.10741295150958763,0.07090549170970917,-0.2037571668624878,-0.10679295144521461,-0.021384522318840027,-0.3268556594848633,-0.03900392956578003,-0.005171433091163635,-0.3759880065917969,-0.0974931069418119,0.009421423077583313,-0.24910104274749756,-0.07598617158376442,0.014893844723701477,-0.2000410556793213,-0.04962100691639648,-0.07722792029380798,-0.27612245082855225,-0.04297278306924568,-0.07942341268062592,-0.32519838213920593,-0.07134460143291221,-0.051177993416786194,-0.24415618181228638,-0.04537372149073349,-0.04013200104236603,-0.2139822244644165,-0.020993566583030088,-0.3743364977875439,-1.5673908783288246,1.3930644678621138,1.2921640890917525,1.0326069356535403,0.5401785549385884,0.28051835547365295,0.336649048628846,0.39085605292274556,0.506452718567659,0.517285883176723,0.5166203429758617,0.05613478494134274,0.11150729393017263,0.05676442450483896,L
0.0,0.0,0.0,0.11154559254646301,-0.08392500877380371,-0.04872649583040811,0.1906370222568512,-0.16283631324768066,-0.07070930349647142,0.28498953580856323,-0.20293736457824707,-0.0858085458260689,0.3564640283584595,-0.22066044807434082,-0.09165529209195711,0.10421240329742432,-0.36703604459762573,-0.04216904613195993,0.10815221071243286,-0.5341775417327881,-0.08468619781552889,0.1063472330570221,-0.6283189058303833,-0.11763831275521852,0.10028332471847534,-0.7110597491264343,-0.14204797941266634,0.03999963402748108,-0.35951659083366394,-0.037686873702398316,0.06140166521072388,-0.41357678174972534,-0.09504273581325151,0.07042139768600464,-0.27005064487457275,-0.10760023492395021,0.07148882746696472,-0.19758838415145874,-0.10807301151572801,-0.023021608591079712,-0.3239312469959259,-0.03897100362001993,-0.0022397786378860474,-0.3741964101791382,-0.09669819521724321,0.012899577617645264,-0.24543845653533936,-0.07540053921758272,0.015503615140914917,-0.19265097379684448,-0.04917232367216684,-0.07929432392120361,-0.2736397683620453,-0.0447173346859131,-0.07656265795230865,-0.32081782817840576,-0.07526738989173509,-0.048210009932518005,-0.23818373680114746,-0.05059520947753526,-0.038668155670166016,-0.20661497116088867,-0.026597584141484276,-0.33551760718542345,-1.5822167833118705,1.3787295459092082,1.2853522798890316,1.0258769915928492,0.553281146786929,0.2859076516234033,0.342108950527139,0.3953817374095039,0.5142781015377107,0.5252954002223708,0.5232323077934921,0.05620250902052978,0.11052619692594563,0.05594259535623382,L
0.0,0.0,0.0,0.10222664475440979,-0.08058357238769531,-0.05524897505183901,0.18521332740783691,-0.1597091555595398,-0.08760161627670016,0.2841223478317261,-0.19037729501724243,-0.11521170218129839,0.36484938859939575,-0.1809799075126648,-0.13663445342918124,0.10960760712623596,-0.3731437027454376,-0.045682094289261954,0.10674571990966797,-0.5414198637008667,-0.0876727320684978,0.10076075792312622,-0.6325633227825165,-0.11745190550227846,0.08731228113174438,-0.7123331725597382,-0.13850499619384493,0.04382401704788208,-0.36532989144325256,-0.04057869617481913,0.061321258544921875,-0.4223780930042267,-0.0854706161155292,0.06814107298851013,-0.2777613401412964,-0.08576263417144503,0.07237789034843445,-0.21927601099014282,-0.07922635157247271,-0.020622611045837402,-0.33324095606803894,-0.043666838897664206,-0.002881646156311035,-0.38190779089927673,-0.0955993079080173,0.010365664958953857,-0.25101834535598755,-0.0717185579671451,0.013023167848587036,-0.20760416984558105,-0.04499749396582331,-0.08081437647342682,-0.2909252643585205,-0.05206212703724589,-0.07470357418060303,-0.3376779854297638,-0.07922287960191454,-0.04773399233818054,-0.25336623191833496,-0.054025839312274115,-0.04097166657447815,-0.2169288992881775,-0.03068816405375685,-0.11786145564907453,-1.6364330912417002,1.3777291705986818,1.3091343041549797,1.0768705333109858,0.59946904698883,0.2949680810371179,0.35283217108501985,0.4074101849881913,0.4932832863610267,0.510166873222111,0.5117442380865816,0.060491445335169314,0.11337385495766697,0.054794093874722026,L
0.0,0.0,0.0,0.10955673456192017,-0.0807805061340332,-0.053040050062961086,0.19336816668510437,-0.15573322772979736,-0.08305862182719181,0.2898443341255188,-0.18913227319717407,-0.10825493568522404,0.36578911542892456,-0.18560826778411865,-0.1271252893839545,0.11115723848342896,-0.3761320114135742,-0.039325453433818325,0.10945719480514526,-0.5433885455131531,-0.07721911752564381,0.10584723949432373,-0.6356513798236847,-0.10571641111714314,0.09380251169204712,-0.7130353152751923,-0.12661008173567723,0.04514762759208679,-0.3718873858451843,-0.034153275284595,0.06728649139404297,-0.4262419044971466,-0.07880311096054982,0.0737694799900055,-0.28161823749542236,-0.08096434557778309,0.07489907741546631,-0.21924209594726562,-0.07541416967255543,-0.020089372992515564,-0.3398299813270569,-0.03650565827233265,0.003325343132019043,-0.37981337308883667,-0.08979251617533635,0.014299213886260986,-0.249078631401062,-0.06575115406853627,0.01349419355392456,-0.20585346221923828,-0.038349904212779506,-0.0784490555524826,-0.29409122467041016,-0.04373177150232266,-0.06709356606006622,-0.3343766927719116,-0.07197513068062733,-0.039846569299697876,-0.24816256761550903,-0.04554129028660725,-0.03348517417907715,-0.21486443281173706,-0.021213747653789028,-0.17156468001942918,-1.6222633219853777,1.3783038161073116,1.3251894748409045,1.054591205098907,0.5934273359371579,0.29282801883081355,0.3528761537375799,0.40034470339208644,0.4941549183016262,0.5135005920458565,0.5141754400093841,0.06284755584072226,0.10847262294347575,0.04783574587702673,L
0.0,0.0,0.0,0.10341803729534149,-0.04145705699920654,-0.05837673303722113,0.20207716524600983,-0.11741864681243896,-0.09777640906213492,0.29902614653110504,-0.15084588527679443,-0.13457270321487158,0.3806743174791336,-0.12033331394195557,-0.16749197599528998,0.13762538135051727,-0.3428051471710205,-0.05570145678757399,0.13767750561237335,-0.5132021009922028,-0.09933831897615164,0.13822804391384125,-0.6032390594482422,-0.12711651978133887,0.1316383332014084,-0.6859436929225922,-0.14898096379874914,0.0685194879770279,-0.3505171537399292,-0.05438161623715132,0.08975543081760406,-0.39917340874671936,-0.11120939609645575,0.08674190938472748,-0.24661040306091309,-0.1160794979059574,0.08663256466388702,-0.18600690364837646,-0.10980657842992514,0.00243474543094635,-0.33121663331985474,-0.06068522092937201,0.022203341126441956,-0.3547521233558655,-0.11916616168855398,0.025853708386421204,-0.22142237424850464,-0.09591286984323233,0.027257457375526428,-0.18221592903137207,-0.06873686221479147,-0.06040245294570923,-0.30203020572662354,-0.07295867410539358,-0.04778926074504852,-0.3206533193588257,-0.10685545560954779,-0.032917216420173645,-0.23347413539886475,-0.08685905841230124,-0.02825203537940979,-0.20513194799423218,-0.06629290041564673,-0.01631833640545676,-1.5882424598214184,1.4611350048074352,1.4057177742517277,1.250430351635104,0.6180081085841793,0.3012865293762565,0.3587937221521546,0.4176261131674142,0.501958476839932,0.514428836043458,0.5066999743694134,0.059496007042919304,0.1164656114410568,0.06005370688822198,L
0.0,0.0,0.0,0.1035209596157074,-0.04371237754821777,-0.05912726214226893,0.20030710101127625,-0.11619234085083008,-0.09489891519841365,0.2982989251613617,-0.14547288417816162,-0.12602738877829722,0.3774849474430084,-0.11617040634155273,-0.15236745616492442,0.13872724771499634,-0.341285765171051,-0.05390527686175517,0.1421111822128296,-0.5093992948532104,-0.09432118972834758,0.14274010062217712,-0.6000432372093201,-0.1224227457314413,0.1369880735874176,-0.6817789673805237,-0.1446049048572462,0.06870138645172119,-0.34933096170425415,-0.049156001117793835,0.08898478746414185,-0.39502257108688354,-0.09901485433873347,0.08630269765853882,-0.2450270652770996,-0.10149583062228373,0.08461177349090576,-0.1846778392791748,-0.09485225221213511,0.0004964619874954224,-0.32752442359924316,-0.05206526285108737,0.01929071545600891,-0.3523157238960266,-0.10434159478243998,0.02491787075996399,-0.22281843423843384,-0.08098903140124492,0.025734782218933105,-0.1839008927345276,-0.0550655893057268,-0.062199339270591736,-0.2931004762649536,-0.06096997326311282,-0.05126596987247467,-0.3173339366912842,-0.08916628947552852,-0.03390344977378845,-0.23312538862228394,-0.06715521058139018,-0.028021499514579773,-0.20409226417541504,-0.046249324735967434,0.00012379938918456748,-1.575904091037122,1.4744656751003635,1.3968467820248394,1.2041715485238755,0.6146151565450426,0.3007789294290432,0.3582116658097461,0.4149285861556482,0.49985278669967775,0.5101567132298908,0.5053837607544083,0.058882117380179046,0.11429424343325428,0.05742324709102312,L
0.0,0.0,0.0,0.09674255549907684,-0.04705458879470825,-0.04953244517574262,0.1926501840353012,-0.11638498306274414,-0.08352175916562032,0.2913358360528946,-0.14200925827026367,-0.11497178490290594,0.36596472561359406,-0.1106482744216919,-0.14337713087925863,0.13268207013607025,-0.32946306467056274,-0.05142859558591795,0.14394886791706085,-0.48778384923934937,-0.09041704054007482,0.1490885466337204,-0.576466828584671,-0.11673447306284856,0.14540843665599823,-0.6554319858551025,-0.13767049278149557,0.06493417918682098,-0.3362619876861572,-0.05144175703654241,0.0882304459810257,-0.3864767551422119,-0.10106080587038946,0.08461232483386993,-0.2379399538040161,-0.10185988808999014,0.08128048479557037,-0.17858529090881348,-0.09414442445168447,-0.0008876621723175049,-0.3171865940093994,-0.05746844972500753,0.01741422712802887,-0.3575087785720825,-0.10954925234446478,0.023777753114700317,-0.22768890857696533,-0.08239151353964758,0.021328747272491455,-0.17941606044769287,-0.05388299564847898,-0.063602015376091,-0.28552573919296265,-0.06847653354535055,-0.054208993911743164,-0.32179051637649536,-0.09861442263255071,-0.034850820899009705,-0.23480993509292603,-0.0740882512463088,-0.03155827522277832,-0.19649142026901245,-0.050712263239717004,0.03308790423364468,-1.5317744890005922,1.4674955823727474,1.410916059878461,1.2253264044978425,0.5877366492247256,0.2926782451418382,0.35142988769034256,0.4066860974792707,0.48113944412302406,0.491921671162168,0.49187768789981334,0.05995749336040391,0.11425066840567134,0.05557521985060164,L
0.0,0.0,0.0,0.09898810088634491,-0.045120060443878174,-0.05161268119604756,0.19365240633487701,-0.11370325088500977,-0.08414185275228192,0.29014064371585846,-0.1350744366645813,-0.11312470813186337,0.36299337446689606,-0.1064227819442749,-0.13877687831313779,0.13301624357700348,-0.325805127620697,-0.050792014644457595,0.14468197524547577,-0.4855053424835205,-0.0874966554799812,0.15052984654903412,-0.574491024017334,-0.11338145513923337,0.14738069474697113,-0.6537777185440063,-0.13418364007861783,0.06652392446994781,-0.3318118453025818,-0.0492525533297794,0.08864881098270416,-0.38523685932159424,-0.09346684296519925,0.0842287689447403,-0.24031013250350952,-0.09333343286903073,0.07946039736270905,-0.179928719997406,-0.08581369598300626,0.0014637857675552368,-0.31109941005706787,-0.054290904150320785,0.021358922123908997,-0.3546221852302551,-0.10035209585817029,0.027588874101638794,-0.2275562882423401,-0.07482782234342267,0.023986980319023132,-0.18158680200576782,-0.048725391224934356,-0.060464292764663696,-0.27697181701660156,-0.06485708285958935,-0.04890193045139313,-0.3180912137031555,-0.09113253881128003,-0.02929113805294037,-0.2362537384033203,-0.06796300639302899,-0.026027396321296692,-0.19983071088790894,-0.04640646134407689,0.0429664969050734,-1.527026581085167,1.4858275364324052,1.3986110379054686,1.1509282310971973,0.5882909605595712,0.29290625127271386,0.3472390605691524,0.40007774406254915,0.47869200977286286,0.48804740591621604,0.48594058464782053,0.0554981912718708,0.10734879532498268,0.053237938371237074,L
0.0,0.0,0.0,0.10534077882766724,-0.054369211196899414,-0.05356315487179586,0.19710010290145874,-0.11593884229660034,-0.08635404669794866,0.2980189919471741,-0.1343727707862854,-0.11307284199747869,0.3715277314186096,-0.11309349536895752,-0.13425356858525106,0.13483849167823792,-0.32637423276901245,-0.052004567916725364,0.1492689847946167,-0.4806344509124756,-0.09162535482201406,0.15427565574645996,-0.5699201226234436,-0.11813351475748846,0.15341156721115112,-0.6501862108707428,-0.13738607579026052,0.06965130567550659,-0.33470577001571655,-0.047403119142387595,0.09457460045814514,-0.38546282052993774,-0.09380516373667547,0.0896369218826294,-0.24322789907455444,-0.09369283133301565,0.08294400572776794,-0.18160033226013184,-0.0849443372443659,0.003500521183013916,-0.31580477952957153,-0.049262463684414115,0.02332139015197754,-0.3581157326698303,-0.09910624438080617,0.0296439528465271,-0.23074781894683838,-0.07533279025111028,0.027049988508224487,-0.18407338857650757,-0.04826527052674123,-0.05600842833518982,-0.278411328792572,-0.05583386086973974,-0.0466165691614151,-0.3209074139595032,-0.07949571275267431,-0.023743674159049988,-0.23614132404327393,-0.05279751830849477,-0.02096952497959137,-0.20011389255523682,-0.02832843699607679,0.016311031759901274,-1.5135015104044796,1.4841929297461995,1.3938961709235618,1.15001482707735,0.5796923719816025,0.29660369760749933,0.3517144589015194,0.4020281654394042,0.4738548331025997,0.4829372750983229,0.48267365478916535,0.055948701222482244,0.10554986394529267,0.05062777344006111,L
0.0,0.0,0.0,0.10337114334106445,-0.04831826686859131,-0.05167118031731377,0.19379475712776184,-0.10960835218429565,-0.08236180935254822,0.2913586497306824,-0.13774383068084717,-0.10632049236646424,0.36238062381744385,-0.12030094861984253,-0.12385566476932297,0.12820810079574585,-0.3202139139175415,-0.050383541176231006,0.14220377802848816,-0.4739641845226288,-0.08967145476690064,0.146396666765213,-0.5608264207839966,-0.11555340830436478,0.14488187432289124,-0.6372065544128418,-0.1338254058753563,0.06376096606254578,-0.3225032091140747,-0.044231369534642795,0.08608350157737732,-0.37439364194869995,-0.09174559209695587,0.08573257923126221,-0.23470473289489746,-0.09203644041171799,0.08310574293136597,-0.17702877521514893,-0.08383000586381684,-0.0010965168476104736,-0.3034551739692688,-0.044208142349631885,0.017563804984092712,-0.3528844118118286,-0.09711296055665741,0.026983797550201416,-0.2257171869277954,-0.07451694403043518,0.027895092964172363,-0.17760372161865234,-0.04762832764735947,-0.05728393793106079,-0.2681928277015686,-0.04820210430970917,-0.05088132619857788,-0.32038164138793945,-0.07447193507304917,-0.02660977840423584,-0.23161935806274414,-0.049352947065742114,-0.022302716970443726,-0.1922888159751892,-0.025921891817958453,-0.06334038101580206,-1.5182448807823237,1.4385947641543035,1.3443825121920139,1.138946946474536,0.5608004202315845,0.28497807881337145,0.33935848028824617,0.39136111933366735,0.4643058031911981,0.4742580214662862,0.47529199608492767,0.055213643541853645,0.10650733431491707,0.052301741065592,L
0.0,0.0,0.0,0.09597417712211609,-0.04469996690750122,-0.053626804806995665,0.1865316927433014,-0.10799092054367065,-0.08743371740798977,0.28039443492889404,-0.13584184646606445,-0.11667805091362027,0.3519276976585388,-0.11581426858901978,-0.1427208699367526,0.1199321448802948,-0.3125477433204651,-0.053779221334266936,0.13304150104522705,-0.46732184290885925,-0.09162533209543255,0.13952749967575073,-0.5538479089736938,-0.1161390684626582,0.1374584436416626,-0.6272997260093689,-0.13481127397041348,0.05490756034851074,-0.3164166808128357,-0.05132085011224774,0.07797655463218689,-0.37291592359542847,-0.10214928463916806,0.07870391011238098,-0.232557475566864,-0.10424549803953198,0.07484394311904907,-0.16727113723754883,-0.09544408247690228,-0.007860228419303894,-0.2960442900657654,-0.05543495268445042,0.011545464396476746,-0.3446809649467468,-0.10844975636224774,0.021414577960968018,-0.22026371955871582,-0.08726674244623212,0.020329788327217102,-0.172072172164917,-0.06124291495304135,-0.06716281175613403,-0.2643612027168274,-0.06447148249368695,-0.05603066086769104,-0.31222617626190186,-0.09616669938783673,-0.035206571221351624,-0.22790277004241943,-0.07604328469257382,-0.030530795454978943,-0.18834304809570312,-0.054989899703073775,-0.047265478562086925,-1.515170883815002,1.4379133777888138,1.347208239816357,1.1217453725755344,0.5546299974497044,0.281821248951906,0.33633632748732095,0.3892748679421673,0.4642702641383451,0.4700545156415089,0.4700035633240139,0.054725158830666046,0.10746097411041251,0.0533998163500664,L
0.0,0.0,0.0,0.09518012404441833,-0.05325037240982056,-0.053996117072301786,0.1812344491481781,-0.11958301067352295,-0.08136161159177391,0.2729159891605377,-0.1453222632408142,-0.10137726853986351,0.34100833535194397,-0.12996381521224976,-0.11505175869365303,0.12523797154426575,-0.3203847408294678,-0.048663170294958036,0.1384255588054657,-0.4683319926261902,-0.08558792363305656,0.1438038945198059,-0.5485723912715912,-0.11205196868081657,0.14320915937423706,-0.6238940060138702,-0.13146045546432106,0.06405237317085266,-0.3227754831314087,-0.04135172184010116,0.08463671803474426,-0.37307068705558777,-0.08005405704875557,0.08121773600578308,-0.24019014835357666,-0.07898299138446419,0.07913804054260254,-0.19085156917572021,-0.0721329797377166,0.003840044140815735,-0.3045332431793213,-0.04144650812645523,0.02061396837234497,-0.351806640625,-0.08697078864474861,0.02479347586631775,-0.23002302646636963,-0.06688761453528969,0.025332927703857422,-0.19508063793182373,-0.04437061886687843,-0.052229464054107666,-0.2738816738128662,-0.04641469682951538,-0.04422418773174286,-0.3192405104637146,-0.06990435461898414,-0.025988101959228516,-0.23900139331817627,-0.04806820790668098,-0.022463619709014893,-0.20740342140197754,-0.028180795939761083,-0.06488065539810454,-1.511654047663893,1.4569396076122707,1.3768964305499045,1.1498124854924587,0.5320634806137188,0.26885566738725725,0.32232152207830933,0.37162986252810176,0.4377566223040613,0.44471981138541344,0.4482319453134997,0.05397105881983367,0.1029410568141058,0.049359507058349426,L
0.0,0.0,0.0,0.09726820886135101,-0.0618288516998291,-0.05226997180056969,0.17721350491046906,-0.12265825271606445,-0.0810633030362169,0.2699146121740341,-0.14856070280075073,-0.10267887530994813,0.34221290051937103,-0.13522136211395264,-0.11679109452438752,0.1253064125776291,-0.3219286799430847,-0.04526926471066872,0.13720233738422394,-0.4698314666748047,-0.08528761087131898,0.14073051512241364,-0.550466001033783,-0.11532020835352341,0.13835017383098602,-0.6238259077072144,-0.13642721144628922,0.06229250133037567,-0.3230016827583313,-0.03670438273024956,0.07954905927181244,-0.3744201362133026,-0.07716378091049592,0.07744215428829193,-0.24090242385864258,-0.07743250845146576,0.07827605307102203,-0.18823015689849854,-0.0721366506643335,0.001080438494682312,-0.3033786416053772,-0.03532306371403138,0.017138585448265076,-0.3528922200202942,-0.08174789218378464,0.02145974338054657,-0.2299702763557434,-0.0592894841558973,0.02404920756816864,-0.18813306093215942,-0.035002904815200964,-0.05306486785411835,-0.2711087465286255,-0.03861953584623734,-0.048291370272636414,-0.32068437337875366,-0.061493347270015875,-0.030137404799461365,-0.23865878582000732,-0.03712012885284821,-0.023656576871871948,-0.20376724004745483,-0.015272055623654524,-0.07599370814068146,-1.5276172160607617,1.4527503246296731,1.3740712233478454,1.159054376371578,0.5294283835489186,0.26920733973181926,0.32253338336391724,0.3722351566795053,0.43971872612806884,0.450436419064406,0.45021713822264725,0.05422693243045388,0.10310995102245248,0.05020228506401634,L
0.0,0.0,0.0,0.09043443202972412,-0.05027139186859131,-0.05120573790388505,0.17764243483543396,-0.12050092220306396,-0.08203914614038865,0.2653821110725403,-0.14610230922698975,-0.10894097985344331,0.33641958236694336,-0.12867850065231323,-0.13247690947370927,0.12004223465919495,-0.32274872064590454,-0.04650649653392236,0.13034957647323608,-0.465427964925766,-0.0804310351760904,0.13602709770202637,-0.5444789528846741,-0.10518088044243257,0.1348981261253357,-0.6152750551700592,-0.12519891412573259,0.06016415357589722,-0.32647937536239624,-0.044196641460231945,0.07948300242424011,-0.37005388736724854,-0.0881074279697458,0.07737559080123901,-0.23882633447647095,-0.09233079703169267,0.0760592520236969,-0.18053460121154785,-0.08815452308969896,0.0011048316955566406,-0.30618345737457275,-0.04841879980283181,0.0169561505317688,-0.33479785919189453,-0.09607498945312898,0.02102530002593994,-0.21699821949005127,-0.0777474329026262,0.02216598391532898,-0.17640680074691772,-0.05614433662610452,-0.05671799182891846,-0.2781384587287903,-0.05763294400291841,-0.047200366854667664,-0.3090486526489258,-0.08613610865192811,-0.03095388412475586,-0.2293083667755127,-0.06805780382471482,-0.02533590793609619,-0.1934441328048706,-0.049729185566476986,-0.05145803045143441,-1.520055118733498,1.4623121820287346,1.4099112891437893,1.2159472423044966,0.5266755207851225,0.2654742111423516,0.3178573811785863,0.3675073085974113,0.4387040863880812,0.4531157474946908,0.4512385984543719,0.05405111547485609,0.10221367065726104,0.050464843337886645,L
0.0,0.0,0.0,0.10152843594551086,-0.05863547325134277,-0.04974201121859778,0.18803811073303223,-0.1251441240310669,-0.07290848889880408,0.2787730097770691,-0.15083813667297363,-0.08970802822642554,0.3467985987663269,-0.1370755434036255,-0.10066916593842734,0.11974090337753296,-0.325228750705719,-0.039249451696207416,0.13711145520210266,-0.4694940745830536,-0.06832918325000037,0.14285984635353088,-0.5469395220279694,-0.09027398922972907,0.1421012282371521,-0.6176141202449799,-0.10805468061499823,0.06327670812606812,-0.328457772731781,-0.033272536336710345,0.08695101737976074,-0.3735673129558563,-0.0681011805825733,0.08275428414344788,-0.24290800094604492,-0.06812936612897147,0.07939478754997253,-0.18800705671310425,-0.06313427337937583,0.005671083927154541,-0.3077676296234131,-0.03401552686028708,0.02675032615661621,-0.3430245816707611,-0.07592644342713584,0.028505384922027588,-0.22344017028808594,-0.054990371554424655,0.027263283729553223,-0.1855027675628662,-0.032559828697969806,-0.04907432198524475,-0.27361994981765747,-0.039490127801229846,-0.03874264657497406,-0.3169518709182739,-0.060241019218494785,-0.01952788233757019,-0.23881793022155762,-0.03717621216111411,-0.016300708055496216,-0.2076561450958252,-0.017044229298164737,-0.07501256899892912,-1.4944693692340238,1.4565364883538725,1.3959968413133246,1.109678000609871,0.5223201483135343,0.27221097939103284,0.32318417906113467,0.36989556357128883,0.43415933335601087,0.44711069615420335,0.4394959781495789,0.052191619583285526,0.09769193699302041,0.04887323926614305,L
0.0,0.0,0.0,0.1000508964061737,-0.0616985559463501,-0.051778106603535434,0.18449294567108154,-0.12827283143997192,-0.07627180835953595,0.27426379919052124,-0.15374213457107544,-0.09374344966164472,0.3439863324165344,-0.14465373754501343,-0.1046375395988548,0.11934581398963928,-0.3258705139160156,-0.04085076099983098,0.136799156665802,-0.46753358840942383,-0.07320406905165555,0.14063149690628052,-0.5443876087665558,-0.09791467210999372,0.13770633935928345,-0.6145151257514954,-0.11663000157824399,0.06281465291976929,-0.32719844579696655,-0.0338120559488857,0.08798521757125854,-0.3732079863548279,-0.07299093774309995,0.08453625440597534,-0.24706649780273438,-0.07659806183329465,0.08065691590309143,-0.1918455958366394,-0.07329238078347089,0.004959046840667725,-0.3070106506347656,-0.03362547850957753,0.026541411876678467,-0.3456435799598694,-0.07947540900460126,0.02896326780319214,-0.22908538579940796,-0.06243759638419988,0.028470754623413086,-0.1915510892868042,-0.04160956165543439,-0.04766584932804108,-0.27336257696151733,-0.03805676347366216,-0.03639696538448334,-0.3145480155944824,-0.06080247333994748,-0.017026767134666443,-0.2378339171409607,-0.039767256591233036,-0.013328328728675842,-0.2086775302886963,-0.020687845188888332,-0.10234700190879129,-1.5072724592414357,1.4397316225209251,1.369907198724691,1.0827808545333284,0.5131482823346697,0.26752467753522713,0.3189818826054553,0.3630052521749548,0.42650224880430493,0.43684206426933303,0.43303074354538224,0.05218699227984398,0.09548057512338035,0.045171654280822704,L
0.0,0.0,0.0,0.098467618227005,-0.054071903228759766,-0.0478141097619158,0.18423032760620117,-0.12397778034210205,-0.07219515501400053,0.27018827199935913,-0.1522998809814453,-0.09225577621599257,0.33871394395828247,-0.1365659236907959,-0.10827358572622359,0.11786043643951416,-0.3185849189758301,-0.04047735541006148,0.13190165162086487,-0.46408283710479736,-0.07321012525697768,0.13655439019203186,-0.5418018698692322,-0.09857530652423918,0.1363307535648346,-0.6134345531463623,-0.11913712828298628,0.060374289751052856,-0.3208965063095093,-0.03825765608688414,0.08638787269592285,-0.371062695980072,-0.08267836778303206,0.08270055055618286,-0.24296993017196655,-0.09000111876865446,0.0775848925113678,-0.18166565895080566,-0.08822270988365233,0.0036653876304626465,-0.3000643253326416,-0.04225621505518973,0.025643080472946167,-0.34348034858703613,-0.08961766718765318,0.02570173144340515,-0.22473043203353882,-0.07248982547660887,0.022134631872177124,-0.18154966831207275,-0.05133826791187346,-0.051759034395217896,-0.2702440619468689,-0.05102192743559897,-0.039315178990364075,-0.3118053078651428,-0.07815570889850676,-0.02391625940799713,-0.23477762937545776,-0.059900586892567276,-0.02162007987499237,-0.2007436752319336,-0.04178860544105589,-0.08130566188746857,-1.508234900532803,1.4478082163147117,1.4162004969313666,1.161620570085859,0.5180373012753626,0.26499503321777257,0.31975928152449923,0.36600463456731674,0.4357470070875611,0.4467273306592868,0.441884856606467,0.05545038195344061,0.10102275610673798,0.047779542711473895,L
0.0,0.0,0.0,0.09311103820800781,-0.05437701940536499,-0.05015482028058216,0.18120905756950378,-0.12627041339874268,-0.07388396953275844,0.2655724883079529,-0.15291118621826172,-0.09251993541649028,0.33252835273742676,-0.13974100351333618,-0.10726374034813091,0.11380279064178467,-0.3229166865348816,-0.04197096099188968,0.1259242594242096,-0.4647383391857147,-0.07402325813701793,0.13345560431480408,-0.5432817935943604,-0.09795094673565075,0.13470816612243652,-0.6132876873016357,-0.11702870224645778,0.05795103311538696,-0.32623088359832764,-0.03852261995008632,0.08652538061141968,-0.3758948743343353,-0.08257615213325664,0.08326280117034912,-0.2502504587173462,-0.08875455354383632,0.07584425806999207,-0.1871451735496521,-0.08470901493957683,0.0017723441123962402,-0.306146502494812,-0.041777678030044285,0.024160265922546387,-0.3361220955848694,-0.09199683015278026,0.02654731273651123,-0.22053641080856323,-0.07900627349546596,0.02477121353149414,-0.18086105585098267,-0.059017688231975285,-0.0542176216840744,-0.2780534029006958,-0.04942384009292766,-0.04088608920574188,-0.31000280380249023,-0.07928190027406856,-0.022597700357437134,-0.23232048749923706,-0.06424115245273754,-0.017562150955200195,-0.19754958152770996,-0.04763544370463535,-0.08878692392413158,-1.4989249364903483,1.442850187821544,1.3892458927211786,1.143522259453836,0.5132049180973282,0.26102467276499464,0.3104920537412682,0.3548312168733202,0.4301887977366056,0.44618261410855314,0.4427464534645263,0.0514581967589433,0.09398408882547829,0.04550407276306264,L
0.0,0.0,0.0,0.09431284666061401,-0.054940760135650635,-0.04831359390207979,0.17693227529525757,-0.12396198511123657,-0.07349829975554201,0.2613799273967743,-0.15381932258605957,-0.0924996123094246,0.32808980345726013,-0.13744723796844482,-0.1065217242021248,0.11023101210594177,-0.31665104627609253,-0.04448646161743852,0.124970942735672,-0.4565291404724121,-0.07651218626686784,0.13146868348121643,-0.5319766998291016,-0.10027479980179521,0.13284224271774292,-0.5986969769001007,-0.11883064214178773,0.05505317449569702,-0.3191489577293396,-0.04008353728839609,0.08025908470153809,-0.3635460138320923,-0.08278580609747621,0.07934322953224182,-0.23842251300811768,-0.08773254457899782,0.07342806458473206,-0.17821162939071655,-0.08377077285238954,-0.0009768903255462646,-0.29776155948638916,-0.04125802818724367,0.018997937440872192,-0.33129405975341797,-0.0871459752697632,0.02441266179084778,-0.21873193979263306,-0.07042890641876909,0.022754043340682983,-0.17901360988616943,-0.049373092539994445,-0.05286909639835358,-0.2625346779823303,-0.04660158086606714,-0.04313892126083374,-0.3020373582839966,-0.07024016831108781,-0.023129448294639587,-0.22735953330993652,-0.050143735893456665,-0.01893708109855652,-0.19561773538589478,-0.030921409316746917,-0.08897768120632786,-1.490798804170954,1.4411512755892835,1.373551836900454,1.1015034827401164,0.5008721709570738,0.2579037356332937,0.30815205610277946,0.35186853422025344,0.4246621857821917,0.43388194268744745,0.430708530305357,0.050680367024691364,0.09399091798152895,0.04487590490027786,L
0.0,0.0,0.0,0.09724235534667969,-0.0616605281829834,-0.04613661195465113,0.17984288930892944,-0.12979310750961304,-0.06974447320529009,0.26701056957244873,-0.15745168924331665,-0.08704861055441881,0.33479243516921997,-0.14291995763778687,-0.09885584364958788,0.11341896653175354,-0.32199859619140625,-0.041024664298973335,0.13048061728477478,-0.4631820321083069,-0.072624957071028,0.13527923822402954,-0.5386857688426971,-0.09779216151066805,0.13553893566131592,-0.6062831580638885,-0.11745707492657687,0.05881413817405701,-0.3226035237312317,-0.03684933658071543,0.08369657397270203,-0.37246519327163696,-0.07877115707226778,0.08305078744888306,-0.24701154232025146,-0.08588406990595843,0.07761397957801819,-0.1832144856452942,-0.08441693882771517,0.0025091171264648438,-0.3008127808570862,-0.0380071419043162,0.023638427257537842,-0.3429960012435913,-0.08322506944962527,0.028101980686187744,-0.22741031646728516,-0.0681665147406676,0.02549666166305542,-0.18215137720108032,-0.048490596817217124,-0.04922635853290558,-0.2636381983757019,-0.04308247740694071,-0.03800024092197418,-0.31249988079071045,-0.06624229799338366,-0.01759117841720581,-0.23604607582092285,-0.046415375427685035,-0.014208093285560608,-0.20069295167922974,-0.027670008943758262,-0.08451513023665908,-1.4931435331133025,1.4367321610150847,1.3794427408420054,1.0631069991130233,0.5043881566564247,0.26031597532157635,0.3117739241657772,0.35375003562152285,0.42701569305973275,0.43817470215036997,0.43235123244136453,0.05212815962810751,0.09347079672209825,0.043820743371814345,L
0.0,0.0,0.0,0.09392997622489929,-0.053072988986968994,-0.048669107317692806,0.1771656572818756,-0.11965489387512207,-0.07321861764765458,0.26420772075653076,-0.14929956197738647,-0.0912859477696486,0.33088886737823486,-0.13507801294326782,-0.10440883418894487,0.11262258887290955,-0.30906182527542114,-0.04605581617332177,0.12965300679206848,-0.44843828678131104,-0.07850505790091233,0.13530439138412476,-0.524238109588623,-0.10204826673842149,0.13545283675193787,-0.5918601155281067,-0.1199746691284247,0.05681249499320984,-0.3107038140296936,-0.04109032830572801,0.08155375719070435,-0.35717129707336426,-0.08330400666571336,0.08093735575675964,-0.23384994268417358,-0.08742915472365098,0.07526785135269165,-0.1744760274887085,-0.08290479710674958,0.0003298521041870117,-0.29102516174316406,-0.041905373394257595,0.021619349718093872,-0.3315514326095581,-0.08967598161078172,0.027363359928131104,-0.21566420793533325,-0.07431062689400392,0.02498343586921692,-0.17412108182907104,-0.05326193949557023,-0.052530065178871155,-0.25882983207702637,-0.046640444606310894,-0.038931265473365784,-0.3044017553329468,-0.07289243867970185,-0.019027888774871826,-0.22696977853775024,-0.054180871754653026,-0.016658708453178406,-0.1923101544380188,-0.035359520524508525,-0.09999582143402831,-1.4902412296804137,1.4361418728002446,1.3629544780375507,1.0762366932409138,0.4968351148105266,0.25863933843105497,0.30838692296324766,0.352228385406922,0.42170097156158837,0.4320988183357961,0.42752554729720993,0.05028566820612021,0.09364052798754564,0.045441286801110446,L
0.0,0.0,0.0,0.10237038135528564,-0.06133478879928589,-0.04365164176047642,0.1825622022151947,-0.12502896785736084,-0.0664226612490495,0.2689800262451172,-0.1540285348892212,-0.08422929555595715,0.3366553783416748,-0.13521313667297363,-0.09699094057501156,0.11348089575767517,-0.31464099884033203,-0.034021524195082975,0.13125035166740417,-0.4554310441017151,-0.06454330444753964,0.13712015748023987,-0.5312065482139587,-0.08951772511423428,0.13700789213180542,-0.598076581954956,-0.1089292889875253,0.058315008878707886,-0.31566548347473145,-0.03140560299576123,0.08527892827987671,-0.36586618423461914,-0.0738803198975404,0.08472797274589539,-0.24111837148666382,-0.08218247205437024,0.07699960470199585,-0.17837625741958618,-0.08058351040304501,0.002118229866027832,-0.29409730434417725,-0.03411486134351094,0.02683943510055542,-0.3410479426383972,-0.08027890086592038,0.030879110097885132,-0.22312092781066895,-0.06570201874197323,0.024723470211029053,-0.17925310134887695,-0.045266357664473844,-0.05168569087982178,-0.2595597505569458,-0.040538237844117475,-0.035674288868904114,-0.30947500467300415,-0.06407068431795437,-0.01599697768688202,-0.23158174753189087,-0.04375358805478413,-0.01609957218170166,-0.1982717514038086,-0.024162241671689344,-0.06599500122758375,-1.487979680727233,1.4355307912128321,1.376446872291672,1.0447355386731594,0.5040850004991487,0.26321887427957524,0.3150254494460415,0.3583468208461206,0.42396858017470285,0.43361376743949637,0.4281189065674904,0.052283487762332596,0.09520129945173136,0.04503587281390958,L
0.0,0.0,0.0,0.09880584478378296,-0.059311091899871826,-0.04997508141691753,0.1837911307811737,-0.12873774766921997,-0.07378895867164204,0.2706327438354492,-0.15790218114852905,-0.09070928681190082,0.3371095061302185,-0.1419011354446411,-0.10205116409356663,0.11726361513137817,-0.3229137659072876,-0.04125481012756893,0.136019766330719,-0.46152448654174805,-0.0708366065054662,0.14285719394683838,-0.5369129776954651,-0.09348865139777729,0.1432994306087494,-0.605379581451416,-0.11146982300574848,0.06234225630760193,-0.3248622417449951,-0.03524386796648571,0.08768582344055176,-0.3747223913669586,-0.07736958104665348,0.08542963862419128,-0.24813544750213623,-0.0841006069212682,0.07917863130569458,-0.18693792819976807,-0.08165160107905933,0.005575120449066162,-0.30467933416366577,-0.03501522827441761,0.02497994899749756,-0.34598058462142944,-0.08217086184318134,0.02955108880996704,-0.22906702756881714,-0.0687037362485654,0.028266817331314087,-0.18698424100875854,-0.04931253481204578,-0.04792812466621399,-0.2716335654258728,-0.038777786377025336,-0.03828930854797363,-0.32030194997787476,-0.06259118306930134,-0.01856127381324768,-0.24240446090698242,-0.04383090052301952,-0.015239790081977844,-0.2082013487815857,-0.025869677844596595,-0.08564652524998975,-1.4788827044141688,1.4493276163436637,1.3803326525967528,1.0949624279848522,0.5023690031107537,0.2618332463408963,0.3121158323953501,0.3585327667449022,0.4233259903186137,0.43392068747821094,0.42765083070649235,0.05091183503899856,0.0967831150158918,0.04840444763508898,L
0.0,0.0,0.0,0.09747636318206787,-0.054774343967437744,-0.04649308328674806,0.18369492888450623,-0.12468892335891724,-0.06932905693696512,0.2703942656517029,-0.15692991018295288,-0.08680837978766931,0.33565211296081543,-0.13934195041656494,-0.09955688943313135,0.11294656991958618,-0.318020761013031,-0.038466900635228285,0.1326482892036438,-0.45629626512527466,-0.06759654362844003,0.14112427830696106,-0.5315965712070465,-0.08947550137685312,0.1440581977367401,-0.5975119769573212,-0.10676388074801935,0.058409690856933594,-0.3194810152053833,-0.03456601132796777,0.0837259292602539,-0.3684367835521698,-0.0799056105797149,0.08190715312957764,-0.2448301911354065,-0.08772914488957895,0.07449284195899963,-0.1791212558746338,-0.08444698532269967,0.00235748291015625,-0.29972994327545166,-0.03599305828259958,0.02228909730911255,-0.3412192463874817,-0.08583607156919015,0.02793365716934204,-0.22495359182357788,-0.07321430375026239,0.02534201741218567,-0.17621994018554688,-0.05286613111542238,-0.04984980821609497,-0.2670474648475647,-0.04107476030634416,-0.0379658043384552,-0.3156662583351135,-0.06805569310830606,-0.017591670155525208,-0.23678737878799438,-0.05080260713742746,-0.01379193365573883,-0.1968449354171753,-0.03255672757671846,-0.09613143250475299,-1.459937484636875,1.4567087051003225,1.386806470284934,1.096307094048051,0.49661655386348874,0.2641714556361573,0.312493746383509,0.3541436643506883,0.42413457087647866,0.4376991109405663,0.4306399216946286,0.04923638071953941,0.0900462682284581,0.044236371398334695,L
0.0,0.0,0.0,0.10197234153747559,-0.06429868936538696,-0.04507900935364262,0.18602338433265686,-0.1328374147415161,-0.06844150063348309,0.27632325887680054,-0.16680294275283813,-0.08703656282973782,0.3447487950325012,-0.15397268533706665,-0.10026612666202084,0.1154564917087555,-0.3287174701690674,-0.034254522740369,0.13522833585739136,-0.46837806701660156,-0.06487934079719082,0.14184638857841492,-0.5426130890846252,-0.08724257138324276,0.13965454697608948,-0.6080902814865112,-0.10427633461308972,0.059407830238342285,-0.3308623433113098,-0.03171165448380009,0.08552226424217224,-0.3850058317184448,-0.07600276705575482,0.0829569399356842,-0.25352799892425537,-0.08155249592614666,0.07642954587936401,-0.19091665744781494,-0.07719716963124768,0.002177894115447998,-0.3084486722946167,-0.03488661137176052,0.022212117910385132,-0.3530210256576538,-0.08437109526944653,0.02761852741241455,-0.23115718364715576,-0.06624933865619198,0.024769186973571777,-0.18675577640533447,-0.042676651596551096,-0.052519455552101135,-0.2720091938972473,-0.04180662494850651,-0.04324506223201752,-0.3236115574836731,-0.06637662437510983,-0.02200886607170105,-0.24396800994873047,-0.0436311603779842,-0.019278958439826965,-0.21016240119934082,-0.022214039906387484,-0.132377476969524,-1.4843963201071402,1.449759992601997,1.3872440339005065,1.0776276911775697,0.4982834953300932,0.27085065357392635,0.32165459834041926,0.36833882427296916,0.4219374756492488,0.4367166256451754,0.4284932403826597,0.051827652979128246,0.09762436402643551,0.04988095025766163,L
0.0,0.0,0.0,0.10742557048797607,-0.0584377646446228,-0.04817169991449077,0.1920044720172882,-0.123779296875,-0.07096332770899494,0.2810570299625397,-0.16163629293441772,-0.08771542173937519,0.35317257046699524,-0.14548516273498535,-0.09875219029501636,0.12567541003227234,-0.325645387172699,-0.031565845880066945,0.1430407464504242,-0.4698278307914734,-0.061168384674346044,0.14925479888916016,-0.546903133392334,-0.08659990591124256,0.1489449441432953,-0.6160064935684204,-0.10687374782875736,0.06686967611312866,-0.323253870010376,-0.025808588537728383,0.09003579616546631,-0.3803974688053131,-0.06686684203461368,0.08815914392471313,-0.2481657862663269,-0.07488742184952457,0.08256581425666809,-0.18228089809417725,-0.07356756639794071,0.00865069031715393,-0.3010441064834595,-0.026323874417101933,0.02929285168647766,-0.3579886555671692,-0.07236680847719867,0.03221902251243591,-0.2327137589454651,-0.05722330224827488,0.029326915740966797,-0.18198168277740479,-0.036591873440301015,-0.04563073813915253,-0.26517224311828613,-0.03116678160742481,-0.03363052010536194,-0.325461745262146,-0.05585032043174465,-0.015687555074691772,-0.24247044324874878,-0.03629939344838817,-0.012336090207099915,-0.2027651071548462,-0.017194219800984456,-0.13387289652412798,-1.4908272498915998,1.4599115602015182,1.3988524017927364,1.0807037522159544,0.5129320092595896,0.27309694734159723,0.3258956950622956,0.3699696920837073,0.4387756614193551,0.45020662933928146,0.4435989353978956,0.05323973933981019,0.09708745692256719,0.04655917518042462,L
0.0,0.0,0.0,0.10209450125694275,-0.05591106414794922,-0.04805368484881711,0.187524676322937,-0.12166833877563477,-0.07119940148619008,0.27939534187316895,-0.15341085195541382,-0.08787306325462652,0.3489733338356018,-0.14247620105743408,-0.09913904147175145,0.12400788068771362,-0.31700271368026733,-0.040906920302184346,0.1429266631603241,-0.4631845951080322,-0.07078436689403844,0.15025311708450317,-0.5425111055374146,-0.09464661704328847,0.1510060429573059,-0.6129116714000702,-0.11385440008667302,0.06387799978256226,-0.3180199861526489,-0.03622608931687665,0.08705800771713257,-0.3766402006149292,-0.07866943554905248,0.08627641201019287,-0.249129056930542,-0.0857058681729157,0.08076167106628418,-0.18358224630355835,-0.08404309229877782,0.002925664186477661,-0.29783135652542114,-0.03689183967140508,0.022353291511535645,-0.35463660955429077,-0.08432231025722814,0.0294114351272583,-0.23389750719070435,-0.06810220258262945,0.02702796459197998,-0.18142253160476685,-0.04739926682737661,-0.052534013986587524,-0.2604326009750366,-0.04174558745649648,-0.04367324709892273,-0.32052814960479736,-0.06938411222723317,-0.022549286484718323,-0.23713457584381104,-0.049921720493109945,-0.019215434789657593,-0.19474494457244873,-0.030909798312457326,-0.1281756493302033,-1.479810166502947,1.4458631203456422,1.3666324114971418,1.1013835284476954,0.5103925744112948,0.27134333048972953,0.3242925183233713,0.3718803448562766,0.4350379604541028,0.4489470366050429,0.45148506388593473,0.053777091582260725,0.10059834754096349,0.048124200498824876,L
0.0,0.0,0.0,0.10516040027141571,-0.0636250376701355,-0.05180321452634473,0.1914546936750412,-0.12619882822036743,-0.07332658586518903,0.28603751957416534,-0.15823596715927124,-0.08544470188634534,0.3555658608675003,-0.1492719054222107,-0.09020619658248563,0.1240556389093399,-0.32353705167770386,-0.043020850098301366,0.14482899010181427,-0.46790608763694763,-0.07252750364558835,0.1536591798067093,-0.5479932427406311,-0.0937601160766377,0.1559433788061142,-0.6185526847839355,-0.11013556835668226,0.06553812325000763,-0.32509714365005493,-0.034602558291126684,0.08973120152950287,-0.38498201966285706,-0.07538540480153699,0.08459578454494476,-0.25536102056503296,-0.0785037410022511,0.07674501836299896,-0.1928790807723999,-0.07359015760438581,0.005364179611206055,-0.30521780252456665,-0.032129054939915136,0.02126888930797577,-0.3581613004207611,-0.08165081409232755,0.02737314999103546,-0.23416346311569214,-0.06621900764720579,0.027247384190559387,-0.18762975931167603,-0.04489442897455831,-0.04842226207256317,-0.266671359539032,-0.03339896169917722,-0.046774789690971375,-0.3265984058380127,-0.06025794339792867,-0.023212820291519165,-0.2417195439338684,-0.04006071580069204,-0.01857537031173706,-0.20399075746536255,-0.020671540922094778,-0.13967866509396015,-1.4631260297836552,1.4862377438976302,1.386800598639366,1.1263903038310255,0.5099741025019764,0.2822102903101552,0.3305515800634941,0.37812142710673763,0.4329785184614212,0.4497301710222002,0.4497981607073881,0.04977520632269317,0.09596585776218369,0.04865600775611027,L
0.0,0.0,0.0,0.10516040027141571,-0.0636250376701355,-0.05180321452634473,0.1914546936750412,-0.12619882822036743,-0.07332658586518903,0.28603751957416534,-0.15823596715927124,-0.08544470188634534,0.3555658608675003,-0.1492719054222107,-0.09020619658248563,0.1240556389093399,-0.32353705167770386,-0.043020850098301366,0.14482899010181427,-0.46790608763694763,-0.07252750364558835,0.1536591798067093,-0.5479932427406311,-0.0937601160766377,0.1559433788061142,-0.6185526847839355,-0.11013556835668226,0.06553812325000763,-0.32509714365005493,-0.034602558291126684,0.08973120152950287,-0.38498201966285706,-0.07538540480153699,0.08459578454494476,-0.25536102056503296,-0.0785037410022511,0.07674501836299896,-0.1928790807723999,-0.07359015760438581,0.005364179611206055,-0.30521780252456665,-0.032129054939915136,0.02126888930797577,-0.3581613004207611,-0.08165081409232755,0.02737314999103546,-0.23416346311569214,-0.06621900764720579,0.027247384190559387,-0.18762975931167603,-0.04489442897455831,-0.04842226207256317,-0.266671359539032,-0.03339896169917722,-0.046774789690971375,-0.3265984058380127,-0.06025794339792867,-0.023212820291519165,-0.2417195439338684,-0.04006071580069204,-0.01857537031173706,-0.20399075746536255,-0.020671540922094778,-0.13967866509396015,-1.4631260297836552,1.4862377438976302,1.386800598639366,1.1263903038310255,0.5099741025019764,0.2822102903101552,0.3305515800634941,0.37812142710673763,0.4329785184614212,0.4497301710222002,0.4497981607073881,0.04977520632269317,0.09596585776218369,0.04865600775611027,L
0.0,0.0,0.0,0.1110023707151413,-0.0684666633605957,-0.051272490850436725,0.19177885353565216,-0.12667310237884521,-0.07308411397670511,0.28486834466457367,-0.1625843048095703,-0.08615764029954676,0.3600112050771713,-0.16209197044372559,-0.09128355034326319,0.13082994520664215,-0.32677584886550903,-0.03323610671495203,0.14699779450893402,-0.47564050555229187,-0.06167894773815874,0.15357549488544464,-0.5588603019714355,-0.08260976322625879,0.15353842079639435,-0.6320095062255859,-0.09902810849879984,0.06873081624507904,-0.3274211287498474,-0.024615818491923847,0.08667050302028656,-0.39646077156066895,-0.06262989886735681,0.08390836417675018,-0.26000404357910156,-0.06313700773452524,0.08201466500759125,-0.19428616762161255,-0.05668169804548029,0.004532724618911743,-0.30497264862060547,-0.02294887215529684,0.02108621597290039,-0.36657142639160156,-0.07133886762593988,0.027566537261009216,-0.23830920457839966,-0.0513437593791366,0.029737159609794617,-0.1921004056930542,-0.027035981273996867,-0.053072988986968994,-0.2640443444252014,-0.02541524902616743,-0.05020873248577118,-0.33075839281082153,-0.0530854480776668,-0.02870720624923706,-0.24082261323928833,-0.030892100042450465,-0.02261774241924286,-0.20439493656158447,-0.009856594583737888,-0.20750494012037266,-1.4965361096737975,1.4713481607835954,1.351100023947107,1.0987278746846278,0.5132772166032233,0.27985450259480604,0.3316345146324489,0.3849603257539436,0.4435283179242844,0.4569975590774351,0.46247725784927346,0.052323179622658554,0.1051195885333307,0.05377909682904089,L
0.0,0.0,0.0,0.10063417255878448,-0.06494653224945068,-0.05102700694821394,0.18545140326023102,-0.13170403242111206,-0.076818093204718,0.2807156592607498,-0.1717543601989746,-0.09574277653716123,0.3548354059457779,-0.16498267650604248,-0.10869294359705961,0.12138356268405914,-0.32753103971481323,-0.04233453377507246,0.1368366926908493,-0.4784940183162689,-0.07427721425316847,0.1425829380750656,-0.5600324869155884,-0.09716062947533644,0.14240171015262604,-0.630770742893219,-0.1152976076247505,0.06113635003566742,-0.3270244598388672,-0.03725096165559805,0.07558988034725189,-0.3924611210823059,-0.08434031858466184,0.0742143839597702,-0.26001083850860596,-0.08988515242360151,0.07338283956050873,-0.19209200143814087,-0.08589988901637113,-0.0004919767379760742,-0.3043123483657837,-0.03820425971768415,0.007408007979393005,-0.36004307866096497,-0.08980989410899198,0.018198803067207336,-0.23783129453659058,-0.07267484023592985,0.02383488416671753,-0.1827194094657898,-0.05036792113802946,-0.05579192936420441,-0.2631760835647583,-0.04354295834324873,-0.06149224936962128,-0.32220447063446045,-0.0734444554092697,-0.0357947051525116,-0.238439679145813,-0.0543942111673168,-0.02429892122745514,-0.19536709785461426,-0.03523125081680334,-0.19399772377555488,-1.5015950124195356,1.4802841663593387,1.3733353451897172,1.136001585633439,0.511943940189785,0.282755128376354,0.3314753944323705,0.38034990614142083,0.4440750417468006,0.4634739362795604,0.4662246610974381,0.05042663347860238,0.09773664945747931,0.049767732953238795,L
0.0,0.0,0.0,0.10968303680419922,-0.06263494491577148,-0.05054697061932245,0.1936253309249878,-0.1259307861328125,-0.07545797194397608,0.28759539127349854,-0.16446828842163086,-0.0928962867990748,0.36202389001846313,-0.1561986804008484,-0.10443030710375467,0.12885543704032898,-0.32487672567367554,-0.03998324687636057,0.14596140384674072,-0.47133052349090576,-0.06932554806626001,0.1532575786113739,-0.5535315871238708,-0.08983079756653467,0.15404415130615234,-0.6251193284988403,-0.10609841759359995,0.06714960932731628,-0.32696664333343506,-0.034307443006397875,0.08701235055923462,-0.3963264524936676,-0.07707032973921457,0.08552125096321106,-0.2613852620124817,-0.07911984290039697,0.08027800917625427,-0.18968385457992554,-0.07206315214789072,0.0036253631114959717,-0.3030579090118408,-0.03465043420946756,0.020477712154388428,-0.3615741729736328,-0.08514800335323969,0.02895665168762207,-0.23740947246551514,-0.06673068220770517,0.027949154376983643,-0.18864059448242188,-0.042591002239348086,-0.054665133357048035,-0.26096993684768677,-0.03881418372547785,-0.049745962023735046,-0.3278414011001587,-0.06769325996792475,-0.025611713528633118,-0.24122923612594604,-0.04587441722905794,-0.020558729767799377,-0.20181995630264282,-0.02448391954457918,-0.17784072551926583,-1.4870977871739601,1.4754559152871638,1.3613263761356458,1.047753777239597,0.5129738257723115,0.28372874063329445,0.33564625244921265,0.3852930855562134,0.4416395540163021,0.454327671949599,0.4578957573302241,0.05233925330222234,0.10156442726612191,0.05026639436235694,L
0.0,0.0,0.0,0.10171571373939514,-0.055714964866638184,-0.05323900868619624,0.1901627779006958,-0.1244497299194336,-0.07793637206281367,0.28391844034194946,-0.16579914093017578,-0.09544773986066524,0.35574615001678467,-0.15862584114074707,-0.10748004754508678,0.12664267420768738,-0.3283873200416565,-0.04303668280566875,0.14241155982017517,-0.47731876373291016,-0.07413394590343181,0.14885494112968445,-0.5571551322937012,-0.09594807615007106,0.14799222350120544,-0.6264947354793549,-0.11284947981561366,0.06607875227928162,-0.3269447088241577,-0.036863686791312134,0.0823831558227539,-0.3893924951553345,-0.0801222010465974,0.08103489875793457,-0.2550405263900757,-0.08261678209031764,0.07925015687942505,-0.19012469053268433,-0.07630479922021571,0.004657626152038574,-0.3061164617538452,-0.03760263164962474,0.014993488788604736,-0.3607388436794281,-0.08948122551168147,0.025025784969329834,-0.2357875108718872,-0.0734996332737321,0.02850760519504547,-0.1854034662246704,-0.0512719361993188,-0.05214087665081024,-0.26847904920578003,-0.042716419598709976,-0.05243854224681854,-0.32937508821487427,-0.07426181276763621,-0.02813476324081421,-0.24330079555511475,-0.0562223291906232,-0.020004019141197205,-0.19959306716918945,-0.03724017207945529,-0.2035400448405384,-1.4993014240722453,1.474823963616925,1.375732712727376,1.1342875948611122,0.5119208886852264,0.2782844079966227,0.32833231096281795,0.37797685541672715,0.4417513869250356,0.456988054356432,0.45876766663308727,0.05096171612503365,0.09970477227125782,0.05054426249046897,L
0.0,0.0,0.0,0.1055401861667633,-0.06116980314254761,-0.050148715598126614,0.19451355934143066,-0.12858539819717407,-0.07352319113685724,0.2925320565700531,-0.1655203104019165,-0.08886032305433389,0.3644196689128876,-0.15494102239608765,-0.09763400755598184,0.1291472613811493,-0.327756404876709,-0.04146954543664094,0.1482481062412262,-0.4756072759628296,-0.07181755207254525,0.1566755771636963,-0.556849479675293,-0.09373068563415643,0.15859004855155945,-0.6268296539783478,-0.11083772532417413,0.07036736607551575,-0.32887452840805054,-0.03510990865304109,0.09045693278312683,-0.39077842235565186,-0.0800351401396,0.08584603667259216,-0.25688958168029785,-0.08444951973631021,0.07928985357284546,-0.19070035219192505,-0.07936092220022317,0.00796574354171753,-0.30918800830841064,-0.03453509263469812,0.02015303075313568,-0.3634590208530426,-0.08625222496463891,0.028584957122802734,-0.24030369520187378,-0.07033668957426187,0.030151352286338806,-0.189162015914917,-0.04814899466707345,-0.04747781157493591,-0.2684403657913208,-0.037672040385743344,-0.04857528209686279,-0.32903987169265747,-0.06558730207159158,-0.023875489830970764,-0.24468231201171875,-0.04519935823752519,-0.01643778383731842,-0.20466673374176025,-0.02530291430427667,-0.15389226697079111,-1.4726657882561769,1.506311652947632,1.3880192354732583,1.117827456161447,0.5148249345502474,0.287363430629741,0.3360154518735149,0.38408989271290195,0.44328014708576186,0.45612439104517516,0.4570079576259395,0.04916257506666199,0.0967410997339155,0.04910136331751588,L
0.0,0.0,0.0,0.10752233862876892,-0.06250685453414917,-0.04924933422874744,0.19281068444252014,-0.12906557321548462,-0.07203262109827335,0.28763607144355774,-0.1609153151512146,-0.0871006827480727,0.35961052775382996,-0.15462690591812134,-0.09581956077884968,0.1284256875514984,-0.3287840485572815,-0.040214093369954185,0.14672723412513733,-0.47673124074935913,-0.06950893063616093,0.15439683198928833,-0.5590174496173859,-0.09199267436336811,0.1557498276233673,-0.632047712802887,-0.11039615233015354,0.06636202335357666,-0.3305826187133789,-0.034676747364514426,0.08763280510902405,-0.3949354290962219,-0.07685833979915913,0.08763048052787781,-0.26167362928390503,-0.0821863915450507,0.08338049054145813,-0.19634097814559937,-0.07930873889993961,0.002115309238433838,-0.309220552444458,-0.03478004221391018,0.020466536283493042,-0.368102103471756,-0.08445904959511097,0.029358237981796265,-0.24277836084365845,-0.06751993854116733,0.02924923598766327,-0.1942209005355835,-0.045770952445977287,-0.055438295006752014,-0.26890188455581665,-0.03877524469565685,-0.04880741238594055,-0.3329960107803345,-0.06747098077606495,-0.025182411074638367,-0.24619853496551514,-0.04693115313123997,-0.02048538625240326,-0.20760178565979004,-0.027308687535636977,-0.15206255243915245,-1.48093868247711,1.4446941465708174,1.3390862612532703,1.0525818748184368,0.5191240814142445,0.27936194672887643,0.33272551376048387,0.3837697769859921,0.44167598935802593,0.4557353587602478,0.45957936820336237,0.054172755593935105,0.10447452391865324,0.05150321092970158,L
0.0,0.0,0.0,0.10746119916439056,-0.058246731758117676,-0.05220418964967877,0.19432006776332855,-0.12365603446960449,-0.07701104675874859,0.2884358614683151,-0.16098523139953613,-0.09363109414920956,0.363426074385643,-0.15021556615829468,-0.10353379493103176,0.13053826987743378,-0.327609121799469,-0.04238139261946827,0.14818252623081207,-0.47480762004852295,-0.07356285100326687,0.1562148481607437,-0.5572203993797302,-0.09700549190387875,0.15882925689220428,-0.6286010444164276,-0.11563445424184948,0.06919361650943756,-0.32858914136886597,-0.034990196875192225,0.08906827867031097,-0.3870680034160614,-0.08107439225063473,0.08663593232631683,-0.25348997116088867,-0.08779702877149731,0.08148102462291718,-0.18588095903396606,-0.0848925391350761,0.005332037806510925,-0.30782079696655273,-0.033374266526557506,0.020654931664466858,-0.36181268095970154,-0.08578635548696667,0.028758063912391663,-0.2369403839111328,-0.0699607262526527,0.029254764318466187,-0.1831311583518982,-0.047957626930333674,-0.051412492990493774,-0.26797741651535034,-0.03576323186502606,-0.04940663278102875,-0.33001768589019775,-0.06559360568866879,-0.026075735688209534,-0.24218732118606567,-0.045979359946109355,-0.02044883370399475,-0.20020544528961182,-0.026342477477051318,-0.15578585270851397,-1.4770791515586743,1.4849065196056719,1.3812415609626372,1.1422357285223166,0.5203004166216918,0.28419189174690035,0.33578847609986384,0.38711617516759944,0.4494261040885783,0.46393207317029345,0.4643957613060679,0.052298601025069245,0.1029314671275627,0.05255453292352393,L
0.0,0.0,0.0,0.10855183005332947,-0.06471443176269531,-0.048092323153152705,0.19498127698898315,-0.13077282905578613,-0.06930752357734704,0.2901342213153839,-0.16886138916015625,-0.08236293008817697,0.3645022213459015,-0.1583327054977417,-0.08838162830366159,0.13044244050979614,-0.3315589427947998,-0.03599826878203416,0.15053701400756836,-0.4797453284263611,-0.06281993052257562,0.1583782136440277,-0.5610393285751343,-0.08411526194108987,0.1600380539894104,-0.6314628422260284,-0.10165550073875451,0.06986579298973083,-0.3321927785873413,-0.029026395439043284,0.08881175518035889,-0.3925120532512665,-0.06849675884737039,0.08661067485809326,-0.26159191131591797,-0.0728699441839602,0.08309519290924072,-0.1972232460975647,-0.07004889359964395,0.006369978189468384,-0.31159210205078125,-0.027655015497341395,0.021449699997901917,-0.3666805624961853,-0.07466326168073678,0.03009583055973053,-0.24359148740768433,-0.057788724808826686,0.03287877142429352,-0.19157278537750244,-0.03676224759115243,-0.048745736479759216,-0.2694495916366577,-0.0301643505532887,-0.04707258939743042,-0.3331468105316162,-0.05593563875450158,-0.024253517389297485,-0.24796372652053833,-0.03524310400976205,-0.017160311341285706,-0.20867568254470825,-0.01608622519566083,-0.16116502537683844,-1.4724311535643566,1.4730907540021756,1.3534153304933514,1.0914973451254502,0.5154199472404134,0.2840816604458973,0.33328518636195353,0.38496844571360606,0.4410036629292478,0.4579003660805205,0.45841928740757515,0.05053332260106032,0.10090750434483643,0.05288117713830229,L
0.0,0.0,0.0,0.1065758764743805,-0.0606498122215271,-0.04971400318531494,0.19510966539382935,-0.1270931363105774,-0.07448069793967704,0.2912178039550781,-0.16601014137268066,-0.0918523151972721,0.365492045879364,-0.15698391199111938,-0.10335321022061805,0.12957346439361572,-0.3284142017364502,-0.04093419058112602,0.15020951628684998,-0.47759056091308594,-0.06975282026319007,0.15877622365951538,-0.5591007769107819,-0.09162022216109733,0.1597951352596283,-0.6286862194538116,-0.10956007284907798,0.06855311989784241,-0.32947462797164917,-0.035655212084336085,0.09057989716529846,-0.39079445600509644,-0.08025045735625724,0.0878559947013855,-0.25698864459991455,-0.08590909136323432,0.08170980215072632,-0.18853509426116943,-0.0822618160942028,0.005243584513664246,-0.30920279026031494,-0.03586550844697456,0.021223440766334534,-0.3658585548400879,-0.08550688667087059,0.0308675616979599,-0.2415982484817505,-0.0683399890163372,0.031321972608566284,-0.18557435274124146,-0.046416048387570186,-0.05128239095211029,-0.26870739459991455,-0.0401754160025547,-0.050045713782310486,-0.33016443252563477,-0.069082580933852,-0.024419590830802917,-0.24383234977722168,-0.04928114680437545,-0.016508623957633972,-0.20069628953933716,-0.0298581667789648,-0.17366624453740534,-1.4704864847347627,1.4777162386817946,1.3629024147841264,1.0981532630274924,0.5146010939593229,0.2855308021182616,0.33539089309654274,0.3844935418272108,0.44702386094600943,0.4613604663850868,0.4628805414168273,0.050474739784545704,0.09896844900167508,0.05016412005013353,L
0.0,0.0,0.0,0.1065758764743805,-0.0606498122215271,-0.04971400318531494,0.19510966539382935,-0.1270931363105774,-0.07448069793967704,0.2912178039550781,-0.16601014137268066,-0.0918523151972721,0.365492045879364,-0.15698391199111938,-0.10335321022061805,0.12957346439361572,-0.3284142017364502,-0.04093419058112602,0.15020951628684998,-0.47759056091308594,-0.06975282026319007,0.15877622365951538,-0.5591007769107819,-0.09162022216109733,0.1597951352596283,-0.6286862194538116,-0.10956007284907798,0.06855311989784241,-0.32947462797164917,-0.035655212084336085,0.09057989716529846,-0.39079445600509644,-0.08025045735625724,0.0878559947013855,-0.25698864459991455,-0.08590909136323432,0.08170980215072632,-0.18853509426116943,-0.0822618160942028,0.005243584513664246,-0.30920279026031494,-0.03586550844697456,0.021223440766334534,-0.3658585548400879,-0.08550688667087059,0.0308675616979599,-0.2415982484817505,-0.0683399890163372,0.031321972608566284,-0.18557435274124146,-0.046416048387570186,-0.05128239095211029,-0.26870739459991455,-0.0401754160025547,-0.050045713782310486,-0.33016443252563477,-0.069082580933852,-0.024419590830802917,-0.24383234977722168,-0.04928114680437545,-0.016508623957633972,-0.20069628953933716,-0.0298581667789648,-0.17366624453740534,-1.4704864847347627,1.4777162386817946,1.3629024147841264,1.0981532630274924,0.5146010939593229,0.2855308021182616,0.33539089309654274,0.3844935418272108,0.44702386094600943,0.4613604663850868,0.4628805414168273,0.050474739784545704,0.09896844900167508,0.05016412005013353,L
0.0,0.0,0.0,0.11393043398857117,-0.06462305784225464,-0.05067521878812897,0.1972581446170807,-0.13068687915802002,-0.07412823089693177,0.29247280955314636,-0.16516315937042236,-0.0898737589392482,0.36691322922706604,-0.15535271167755127,-0.09815718778703797,0.13663792610168457,-0.33394014835357666,-0.032064696637135626,0.15574008226394653,-0.48267316818237305,-0.05868686535690415,0.16445431113243103,-0.5644526481628418,-0.08000941374633896,0.16734105348587036,-0.641652524471283,-0.0985996330652057,0.07366183400154114,-0.3381043076515198,-0.02521569640670407,0.09020981192588806,-0.4054885506629944,-0.06930982866619217,0.08713343739509583,-0.26824671030044556,-0.07711784341667283,0.08447104692459106,-0.19888538122177124,-0.07532772966955292,0.008229479193687439,-0.3159593343734741,-0.023985575747829557,0.020793452858924866,-0.3700460195541382,-0.07249235906932938,0.02740517258644104,-0.2464059591293335,-0.055524771896344305,0.03277526795864105,-0.19471263885498047,-0.033947756377202154,-0.048005104064941406,-0.2716681957244873,-0.027081468937140585,-0.04753139615058899,-0.330352783203125,-0.05246083983514893,-0.026364147663116455,-0.24434232711791992,-0.031318692353707434,-0.015416175127029419,-0.20674759149551392,-0.011692534995418669,-0.14437652116179628,-1.471346831383381,1.4933099447702705,1.3710509028054154,1.1055649388483826,0.525658217146173,0.2857773253101631,0.3364481847596031,0.38576833346616235,0.4504555262495956,0.4667581943461452,0.47174411001826605,0.05186391174753376,0.10019616499436634,0.04967147342025702,L
0.0,0.0,0.0,0.10960352420806885,-0.06788414716720581,-0.045324839060370437,0.19204434752464294,-0.13515985012054443,-0.07007810041791629,0.2907477021217346,-0.1709194779396057,-0.08846167043334674,0.36466169357299805,-0.15594488382339478,-0.10004991606361102,0.12967362999916077,-0.3368968367576599,-0.03472155273443889,0.1498141586780548,-0.48564285039901733,-0.06468789592868518,0.157578706741333,-0.5698453187942505,-0.08837002084142398,0.16145047545433044,-0.6459138691425323,-0.1083328308213396,0.06901046633720398,-0.33985793590545654,-0.031593921934430114,0.08569324016571045,-0.4053719639778137,-0.08217460230476092,0.08320894837379456,-0.27198195457458496,-0.0941511200416727,0.07981353998184204,-0.20176875591278076,-0.09463289693481158,0.0046164244413375854,-0.31840646266937256,-0.03267955720907878,0.015011906623840332,-0.37485677003860474,-0.08462661818153094,0.02459193766117096,-0.25259560346603394,-0.06934377119428348,0.030229642987251282,-0.1938706636428833,-0.04840069205052089,-0.05062878131866455,-0.27350741624832153,-0.03735328034049701,-0.053472042083740234,-0.3340398669242859,-0.06398124561196994,-0.028084322810173035,-0.2470400333404541,-0.04301954746729564,-0.015541762113571167,-0.20427018404006958,-0.023176922802988997,-0.11983410873259892,-1.4683244880966146,1.4927227605609577,1.3679552923061153,1.1017512235743931,0.5304379376929387,0.28851048136515806,0.33657563969173976,0.3832623153364295,0.4515855077825329,0.4707036929021815,0.47578923563924375,0.05020899025746286,0.09538810607399387,0.046937954252343476,L
0.0,0.0,0.0,0.10340948402881622,-0.05289417505264282,-0.05083725914981585,0.18928872048854828,-0.1188654899597168,-0.08174219668534022,0.28310732543468475,-0.15823125839233398,-0.10860475093748789,0.3602937310934067,-0.14364254474639893,-0.13195123464491587,0.1308819204568863,-0.3246501088142395,-0.038288082337643914,0.14582110941410065,-0.4728495478630066,-0.06898823321488123,0.15468455851078033,-0.5546910166740417,-0.09027618110802393,0.15506626665592194,-0.6275475323200226,-0.10819826961186152,0.06639684736728668,-0.3267582058906555,-0.03674231038120013,0.08285139501094818,-0.3975180983543396,-0.08598484784987193,0.07967798411846161,-0.2580314874649048,-0.09203753561403971,0.07775558531284332,-0.18706578016281128,-0.08621629268553477,0.0016726851463317871,-0.3042588233947754,-0.041475232100751214,0.013637721538543701,-0.3601910173892975,-0.09512766391661387,0.021912813186645508,-0.23477458953857422,-0.07810505420592051,0.025950029492378235,-0.1806507706642151,-0.05451902688172083,-0.0591406524181366,-0.2667502164840698,-0.05066660360124331,-0.057680100202560425,-0.32613080739974976,-0.08323074073221903,-0.0362718403339386,-0.23796522617340088,-0.0653090024056695,-0.025442853569984436,-0.1930636763572693,-0.046084112829234414,-0.1438894801357186,-1.4911219928987283,1.4896623416749923,1.3768590594114067,1.1418777315401527,0.5256256739905957,0.2858555250386951,0.3363856708985412,0.3888896514404523,0.447214842590469,0.4651749329851299,0.4704888559540951,0.05220122566314323,0.10337259088661864,0.05287067861495955,L
0.0,0.0,0.0,0.10385936498641968,-0.05459904670715332,-0.04884188232695408,0.19367027282714844,-0.12315237522125244,-0.07774015126501865,0.2914715111255646,-0.1643460988998413,-0.10167099145924396,0.36644503474235535,-0.14618122577667236,-0.12129013595854587,0.12967735528945923,-0.32993388175964355,-0.03645648045217342,0.14769479632377625,-0.4789523184299469,-0.06344391761099644,0.15594768524169922,-0.5604047775268555,-0.08281702903782673,0.1572873890399933,-0.6322293281555176,-0.09992599842821903,0.06706956028938293,-0.33279651403427124,-0.033166974612825584,0.083661288022995,-0.3979172706604004,-0.0811328252938921,0.08128491044044495,-0.25988680124282837,-0.08797354606663532,0.07743063569068909,-0.18717455863952637,-0.08338354883467503,0.0018707811832427979,-0.3117983937263489,-0.03504829836761303,0.013117149472236633,-0.36422234773635864,-0.08524877933537311,0.02190592885017395,-0.24185019731521606,-0.0687199270514185,0.025573045015335083,-0.1845429539680481,-0.046588338741415214,-0.05625887215137482,-0.2722136378288269,-0.04103454185401745,-0.05708374083042145,-0.32762056589126587,-0.06871053931986637,-0.034620970487594604,-0.24248677492141724,-0.04978978989397831,-0.023550406098365784,-0.19959914684295654,-0.030972828918450546,-0.13250726402396495,-1.4797144342615118,1.499765524198094,1.3866490716343887,1.1475766168465837,0.5291405092995917,0.2919071362580924,0.3430238119581304,0.39363678457124934,0.4521624143208098,0.4666602169190866,0.4689042353541313,0.05192432044619851,0.10174252401443391,0.051379007320175064,L
0.0,0.0,0.0,0.1111617237329483,-0.058272361755371094,-0.05266129628408578,0.1967652291059494,-0.1200796365737915,-0.081650264865047,0.2916785031557083,-0.15929090976715088,-0.10469183356154588,0.37012244760990143,-0.15065431594848633,-0.12240156561720994,0.137167826294899,-0.328835129737854,-0.03237710923541215,0.15192247927188873,-0.47533589601516724,-0.06159941509950784,0.16170166432857513,-0.5582901239395142,-0.08237115324128297,0.1626877635717392,-0.633478045463562,-0.09926900297988084,0.07178612053394318,-0.3329916000366211,-0.02748535790134099,0.09087853133678436,-0.40249714255332947,-0.07042486996043351,0.08758728206157684,-0.25720280408859253,-0.07265588671553758,0.08455170691013336,-0.18793928623199463,-0.06447481394398835,0.0052938312292099,-0.31107038259506226,-0.029785931414252786,0.021160542964935303,-0.3667875826358795,-0.08063823015082505,0.0280790776014328,-0.23591166734695435,-0.062498547440654306,0.03152294456958771,-0.1885995864868164,-0.03791109875429299,-0.055781856179237366,-0.2720182538032532,-0.03640256479967263,-0.05188673734664917,-0.3349936604499817,-0.06453269750464585,-0.030919983983039856,-0.2441592812538147,-0.0431768189429107,-0.02274996042251587,-0.20484906435012817,-0.021969175270086794,-0.17457278263865814,-1.4872214546937523,1.4830157113154618,1.3598171986776089,1.1137531275079906,0.5254977658609589,0.2879944738234681,0.34071904410433895,0.396592737890531,0.4523384013415512,0.4638114412187253,0.4670224330056426,0.0530328731240972,0.10862591039144864,0.05665327657878369,L
0.0,0.0,0.0,0.11202296614646912,-0.06154441833496094,-0.04836478229130137,0.19977322220802307,-0.1254168152809143,-0.07421385269130099,0.2970142364501953,-0.1620122790336609,-0.09410609077180254,0.37154263257980347,-0.1500924825668335,-0.10851840447152483,0.1336946189403534,-0.33199363946914673,-0.03240220020974505,0.15216383337974548,-0.4791346788406372,-0.06033359240258562,0.16188010573387146,-0.5615879595279694,-0.08003971497977602,0.16337567567825317,-0.6334064602851868,-0.09637480746472704,0.07053077220916748,-0.3357698917388916,-0.029553515421994803,0.0926784873008728,-0.4049026072025299,-0.07646344374383318,0.08888566493988037,-0.2635331153869629,-0.08143274258340227,0.08192205429077148,-0.19036728143692017,-0.07473878334725725,0.004530176520347595,-0.3127802610397339,-0.03255847986305582,0.02160780131816864,-0.36956143379211426,-0.08603147189582216,0.02900715172290802,-0.24173951148986816,-0.0680051721211754,0.029053881764411926,-0.19085437059402466,-0.04307891945803988,-0.05599367618560791,-0.2699192762374878,-0.03924869518245089,-0.05158698558807373,-0.33376044034957886,-0.06887951265538561,-0.028808772563934326,-0.2439754605293274,-0.0467005237516247,-0.02206878364086151,-0.2050997018814087,-0.0246920190330826,-0.14267962369496556,-1.4726396776946704,1.4926129823355552,1.3723085457819975,1.0886246943763507,0.5262374777641637,0.2924074875794039,0.34490589434022234,0.3974364617847227,0.450464656140392,0.46248750946403605,0.46672939353174564,0.05287041632258903,0.1050292272935317,0.0530702966039089,L
0.0,0.0,0.0,0.10907004773616791,-0.06299424171447754,-0.04898118027732323,0.1990736871957779,-0.13115262985229492,-0.07390844249412964,0.2983682006597519,-0.1721038818359375,-0.09195281737730454,0.3726804703474045,-0.15694206953048706,-0.10371979498550843,0.13105760514736176,-0.33654260635375977,-0.03720445730969857,0.1522425264120102,-0.48571473360061646,-0.0676052289573903,0.1623881608247757,-0.5671510100364685,-0.08997817510054062,0.1660899668931961,-0.6381993889808655,-0.10797856175587128,0.06986759603023529,-0.3394573926925659,-0.032555235412573325,0.0904647558927536,-0.4013552665710449,-0.08165868544266175,0.08778978884220123,-0.26447945833206177,-0.08954927497789811,0.08240191638469696,-0.19574379920959473,-0.08604629510328721,0.0055221617221832275,-0.3188055157661438,-0.033343458410953986,0.019492492079734802,-0.3725547194480896,-0.08841454410240601,0.02904088795185089,-0.24744880199432373,-0.07365535372183274,0.0319623202085495,-0.19345474243164062,-0.05142298513338517,-0.051318228244781494,-0.2762601375579834,-0.037647770580505835,-0.05013187229633331,-0.3367222547531128,-0.06755142831489991,-0.02466319501399994,-0.24821579456329346,-0.04741545939133118,-0.01574760675430298,-0.20537155866622925,-0.027197444674229132,-0.1474724108082137,-1.4551810539984218,1.4837991122712095,1.3629141921498036,1.1057240373199855,0.5237253513455568,0.2928603986830091,0.34266898475997204,0.39143554577845757,0.4503006092797967,0.4645298981113663,0.4694729320044822,0.05049151060669038,0.09862059949406057,0.04917568138795509,L
0.0,0.0,0.0,0.10867345333099365,-0.06410324573516846,-0.050840588595612246,0.19850143790245056,-0.13279694318771362,-0.07629823156808158,0.2979162335395813,-0.17150825262069702,-0.09430642643187781,0.37051302194595337,-0.15930640697479248,-0.10583210953686972,0.1322137713432312,-0.3382543921470642,-0.039421057637675005,0.1526413857936859,-0.4844946563243866,-0.0692522472998931,0.1621679663658142,-0.5670573711395264,-0.09107564606879492,0.164189875125885,-0.6408533453941345,-0.10885189690802832,0.06911695003509521,-0.3397955298423767,-0.034287078615172106,0.09257471561431885,-0.40480121970176697,-0.08060264059518119,0.08834412693977356,-0.2673681974411011,-0.08577764251445075,0.0821574330329895,-0.20256322622299194,-0.08083385446284552,0.0038170665502548218,-0.3197687268257141,-0.035014538403494555,0.01839788258075714,-0.37583205103874207,-0.08766231157992621,0.028091415762901306,-0.2506529688835144,-0.07094608464453955,0.03093734383583069,-0.19945311546325684,-0.04825024151418944,-0.05352760851383209,-0.2795473337173462,-0.03970834084962149,-0.05392064154148102,-0.33775943517684937,-0.06804695942614813,-0.027810439467430115,-0.2516765594482422,-0.047054833110316,-0.01846863329410553,-0.2113640308380127,-0.02679224156950255,-0.15291137151876996,-1.465515477687681,1.4760559247386098,1.3490921863529457,1.0958635559212475,0.5238861468055603,0.29158206060869657,0.3419406371965862,0.3924496455796343,0.44590082991487984,0.4610752650904607,0.4667174755846444,0.05131442610321901,0.10101019446737393,0.05082145689793216,L
0.0,0.0,0.0,0.10730989277362823,-0.06117969751358032,-0.052376760489849516,0.19559364020824432,-0.12698978185653687,-0.08024358967652745,0.2916025072336197,-0.16316711902618408,-0.10232033053746648,0.366900697350502,-0.15463656187057495,-0.11943531999698109,0.1295909434556961,-0.3367231488227844,-0.036879262275604674,0.1464007943868637,-0.4842836260795593,-0.06576885501256413,0.15680517256259918,-0.5656653940677643,-0.08642234126439519,0.15934555232524872,-0.6391970813274384,-0.10378231326451726,0.06579078733921051,-0.3402692675590515,-0.032636227406172225,0.08444632589817047,-0.40559983253479004,-0.07920218477359242,0.08092127740383148,-0.2642326354980469,-0.08468969384541936,0.07573528587818146,-0.1924610733985901,-0.07882978985419697,8.943676948547363e-05,-0.3176746964454651,-0.03488046894183583,0.01299487054347992,-0.3685198128223419,-0.08679815600028462,0.021655172109603882,-0.24267953634262085,-0.07078020492902226,0.02526967227458954,-0.19099211692810059,-0.04808555016627736,-0.06063161790370941,-0.2768009305000305,-0.04148326659908719,-0.06001220643520355,-0.332391619682312,-0.07107451031318135,-0.03759850561618805,-0.24669861793518066,-0.052344186551479766,-0.027216657996177673,-0.206540048122406,-0.03301885197272725,-0.16000762088153395,-1.4727409823149484,1.5036178160899076,1.3745872379024526,1.1268715088801102,0.5271413806966393,0.2936119726955607,0.34356001466695674,0.3975203915153976,0.454492835406185,0.4678290625042125,0.4711661773746038,0.0504869883187662,0.1039101548299445,0.05474078031700781,L
0.0,0.0,0.0,0.11457498371601105,-0.06539177894592285,-0.053041882327931944,0.20025627315044403,-0.1306368112564087,-0.07756633635534627,0.2986309975385666,-0.16680938005447388,-0.09370826508774144,0.3760164827108383,-0.16069382429122925,-0.10203987684025151,0.1390511840581894,-0.3393681049346924,-0.03629553269519192,0.1577577441930771,-0.4883041977882385,-0.0665852683402477,0.16686959564685822,-0.5721648931503296,-0.08983648147358281,0.16971276700496674,-0.6506587266921997,-0.10868602570070607,0.07440392673015594,-0.34379613399505615,-0.028864662609237257,0.09321455657482147,-0.40961122512817383,-0.0737360673762737,0.09034018218517303,-0.2671266198158264,-0.07928712990059239,0.08680744469165802,-0.1983768343925476,-0.07514065083040578,0.0077993422746658325,-0.32292360067367554,-0.027782946339982573,0.023254767060279846,-0.38116759061813354,-0.07907221045269353,0.029694601893424988,-0.2505113482475281,-0.061000450960534636,0.03289639949798584,-0.1998879313468933,-0.037446621320384565,-0.05105198919773102,-0.2811892628669739,-0.030972340590494696,-0.049994468688964844,-0.3427044749259949,-0.057767360917466704,-0.027122750878334045,-0.2524072527885437,-0.03507387589587552,-0.018395081162452698,-0.2136601209640503,-0.013533127940434042,-0.16937305894908763,-1.4726147708578234,1.4857074203768992,1.369574905724682,1.1203568057597926,0.5316265876523122,0.291653693483,0.3453513711162671,0.39795214574143006,0.4598175753165898,0.47107645701525497,0.475765009169993,0.05393221864414255,0.10630686851991977,0.05310827802886352,L
0.0,0.0,0.0,0.11485496163368225,-0.06544685363769531,-0.04707322448183504,0.20085015892982483,-0.12807154655456543,-0.07327088519622293,0.30071544647216797,-0.1683645248413086,-0.09313707604695765,0.37871792912483215,-0.15882420539855957,-0.10648993953753916,0.13763460516929626,-0.33512312173843384,-0.03152231678058115,0.1560511291027069,-0.4858865737915039,-0.058660009798302326,0.1653561294078827,-0.5681106150150299,-0.07755483492900339,0.16681623458862305,-0.6416962742805481,-0.09322352513362375,0.07386654615402222,-0.34023529291152954,-0.02746757112134901,0.09337696433067322,-0.4098021388053894,-0.07270917102385965,0.09073635935783386,-0.2679325342178345,-0.0757646839289805,0.08487012982368469,-0.19584494829177856,-0.06850759491015879,0.006398513913154602,-0.31737542152404785,-0.028963072147860203,0.020929470658302307,-0.37271493673324585,-0.08094342603970972,0.029606178402900696,-0.24366098642349243,-0.06168997838784662,0.03299276530742645,-0.19097214937210083,-0.036472694870724354,-0.052222877740859985,-0.2717801332473755,-0.033831225630535755,-0.051384612917900085,-0.3342188000679016,-0.06075839504291025,-0.02680058777332306,-0.24276798963546753,-0.037067787644161854,-0.016502752900123596,-0.2032979130744934,-0.014708337296440277,-0.17120363932742003,-1.4758957391187197,1.4947361416314882,1.3634286119546775,1.0900207235473502,0.5273213091215723,0.29617066795767144,0.3472166171114193,0.3977150967397587,0.4533194998807026,0.47017120042059246,0.47518309553481974,0.05210571099663013,0.10164648560470439,0.0510071639427359,L
0.0,0.0,0.0,0.11576125025749207,-0.06996369361877441,-0.049237713133862826,0.200686514377594,-0.13928544521331787,-0.07122680163936934,0.2983313500881195,-0.1795405149459839,-0.0863377190287622,0.37507364153862,-0.17075258493423462,-0.09446416414337477,0.1377040147781372,-0.34762895107269287,-0.027050023814609858,0.15568646788597107,-0.4973403215408325,-0.05498363069253287,0.16521325707435608,-0.5795473456382751,-0.07666912293987593,0.16674935817718506,-0.6542985439300537,-0.09416707969265303,0.07232129573822021,-0.3495318293571472,-0.02153706355946383,0.09203857183456421,-0.42091524600982666,-0.06521796054201445,0.08907929062843323,-0.2769165635108948,-0.07024043417530379,0.08550480008125305,-0.20548170804977417,-0.06465431666927657,0.0053680092096328735,-0.3272194266319275,-0.02277676193969569,0.0210580974817276,-0.3856799900531769,-0.07424080735998473,0.029136449098587036,-0.25417840480804443,-0.05744365966873488,0.033709198236465454,-0.20364880561828613,-0.033697295850089404,-0.055105119943618774,-0.28558480739593506,-0.027952726846507403,-0.05242417752742767,-0.3525512218475342,-0.0552344768400701,-0.029944047331809998,-0.26221543550491333,-0.03331683567719779,-0.020349353551864624,-0.22231519222259521,-0.011804006909898135,-0.17852313154208818,-1.4763658415557244,1.4795303150208363,1.345343315489687,1.0684692511081195,0.5265127742982517,0.29164400548500224,0.3429458331665275,0.39877067033158686,0.4561109847282666,0.4698775061625283,0.47076060166827877,0.051828022360371026,0.10718427137775531,0.0571905674942389,L
0.0,0.0,0.0,0.11255583167076111,-0.05690854787826538,-0.04714680071009525,0.20030388236045837,-0.12263751029968262,-0.07373288254274257,0.2956736385822296,-0.1613582968711853,-0.09608638267053493,0.373870313167572,-0.14993304014205933,-0.11447610686553844,0.1332552433013916,-0.3294410705566406,-0.030019210456146084,0.15178817510604858,-0.4766916036605835,-0.05800579468740352,0.16331157088279724,-0.5594326257705688,-0.07788351158632167,0.16639220714569092,-0.6336566805839539,-0.09483998994363674,0.06861826777458191,-0.33325880765914917,-0.028896592362059437,0.09152525663375854,-0.40386661887168884,-0.07869195918573269,0.08815842866897583,-0.2598502039909363,-0.08601491133703121,0.08117461204528809,-0.1844194531440735,-0.07988900671733745,0.002604752779006958,-0.3088446855545044,-0.033608123464716755,0.022021710872650146,-0.3658028542995453,-0.08908794055713543,0.029850885272026062,-0.23627930879592896,-0.07248680274022945,0.029611259698867798,-0.18432170152664185,-0.04751092921031841,-0.059791773557662964,-0.26813220977783203,-0.041919804914130054,-0.05114646255970001,-0.33381223678588867,-0.07424502055181392,-0.029790177941322327,-0.24331223964691162,-0.054100043876303516,-0.023050710558891296,-0.20223510265350342,-0.03268579746617206,-0.1559851782388017,-1.4622981669360176,1.486633885693795,1.3572242164158874,1.0621735406894228,0.5263418326532542,0.29472035243126804,0.3459723629525798,0.4003521010548273,0.4572484281356985,0.46969240039507304,0.47118276387451274,0.05156344500302319,0.10573700979027219,0.055625291472143755,L
0.0,0.0,0.0,0.11426390707492828,-0.06632870435714722,-0.045994448172479,0.19880495965480804,-0.13210183382034302,-0.06983754660430463,0.29579512774944305,-0.17216354608535767,-0.08924887205901655,0.37280477583408356,-0.15833008289337158,-0.10333006705585035,0.13716985285282135,-0.33997684717178345,-0.021770660462408387,0.15331192314624786,-0.49362897872924805,-0.04700735460463079,0.16320671141147614,-0.5748936533927917,-0.06684992338958295,0.1634811908006668,-0.6461475193500519,-0.08398239191117796,0.07170288264751434,-0.34281229972839355,-0.018971104803114258,0.08923391997814178,-0.41538986563682556,-0.06460560734811338,0.08544854819774628,-0.26918894052505493,-0.07040178652349027,0.08056123554706573,-0.19327759742736816,-0.06456887598577055,0.00479947030544281,-0.3181867003440857,-0.022435431065588318,0.019238799810409546,-0.37590938806533813,-0.07404024775567564,0.026670321822166443,-0.2464345097541809,-0.054926144587426506,0.029712840914726257,-0.19228976964950562,-0.02956607628109964,-0.05598476529121399,-0.2744196057319641,-0.029917494090824448,-0.05229286849498749,-0.3402578830718994,-0.0593841436082414,-0.031908825039863586,-0.25076520442962646,-0.037603399413256966,-0.02173873782157898,-0.21014493703842163,-0.015768044325142228,-0.14961086989144373,-1.4850701130585875,1.5116260319653667,1.3754332850267343,1.0812484523515862,0.5308316254354194,0.2943256964853625,0.3447685254359557,0.397931354982023,0.4603986155078193,0.47316046791173405,0.4737137044051393,0.05085798895360342,0.10368120223444571,0.05446165584100824,L
0.0,0.0,0.0,0.11451128125190735,-0.06670987606048584,-0.052101780255384256,0.19930487871170044,-0.12967616319656372,-0.07927082904154759,0.2961008548736572,-0.16699087619781494,-0.10064234264666538,0.37277573347091675,-0.16351860761642456,-0.11593821324879627,0.134683758020401,-0.33580154180526733,-0.028855287064857293,0.15108457207679749,-0.4849436283111572,-0.05777083762461643,0.16234540939331055,-0.5674306750297546,-0.07781219162518482,0.16356781125068665,-0.6414623260498047,-0.09403203852946262,0.07014346122741699,-0.3397330045700073,-0.02451082744175892,0.09188225865364075,-0.41396331787109375,-0.07118158467585545,0.08663865923881531,-0.26905345916748047,-0.07502834924036961,0.08108803629875183,-0.19772601127624512,-0.06680153735453587,0.003976941108703613,-0.31612372398376465,-0.027328920145578195,0.020159080624580383,-0.37301892042160034,-0.08157635905320149,0.02665722370147705,-0.24250870943069458,-0.062652271767206,0.029771313071250916,-0.1945253610610962,-0.03628150053793888,-0.057198360562324524,-0.27357155084609985,-0.034357388098783304,-0.052861228585243225,-0.33421874046325684,-0.0636477214890192,-0.031449854373931885,-0.2446434497833252,-0.04095304437453251,-0.023063167929649353,-0.20831239223480225,-0.018242534776277353,-0.19267006443369977,-1.476579020764283,1.4938777056250105,1.3617672469927102,1.088862493516981,0.5217261280687714,0.2936866683163308,0.34440303595190525,0.3983653084826096,0.45133671501988554,0.4665341933860773,0.47164604053649384,0.05141643943922668,0.10468784458582493,0.054603705105232866,L
0.0,0.0,0.0,0.10797987878322601,-0.06548118591308594,-0.047182909593296074,0.19547517597675323,-0.14200371503829956,-0.06975354199142458,0.2910601943731308,-0.1789456009864807,-0.08732719664306643,0.3666444271802902,-0.17193567752838135,-0.10007113163204195,0.1315111666917801,-0.3434571623802185,-0.03265592400760653,0.1509263962507248,-0.49744805693626404,-0.06014171932668688,0.16017259657382965,-0.5783875584602356,-0.08050133232803347,0.1624532788991928,-0.6544795632362366,-0.09841186498136523,0.0684916228055954,-0.34614771604537964,-0.03087606784732344,0.0829581767320633,-0.41630321741104126,-0.07834868077964785,0.0792430192232132,-0.2771682143211365,-0.08682185356349947,0.07777361571788788,-0.20789402723312378,-0.08429866229028704,0.0034850984811782837,-0.3228374719619751,-0.03488175143332484,0.014022648334503174,-0.3764016628265381,-0.08758123908967974,0.021376386284828186,-0.249711275100708,-0.07220061813325884,0.026833847165107727,-0.199429452419281,-0.05057536383004191,-0.0581098347902298,-0.28332823514938354,-0.042944985822153114,-0.05764409899711609,-0.34043872356414795,-0.07456483636827471,-0.03662942349910736,-0.2533121705055237,-0.05673773159117701,-0.025624066591262817,-0.21303784847259521,-0.03813956622810366,-0.17311723375893634,-1.4716374463379474,1.503759529376639,1.3838069999725644,1.1378720257186437,0.5239681542521346,0.2911002381112653,0.34092101423644483,0.39441597287905356,0.45454294222183983,0.4748296890658794,0.47983734266957623,0.05163825178092255,0.10352555048802055,0.05419429083228849,L
0.0,0.0,0.0,0.11496390402317047,-0.07166051864624023,-0.04886439365031947,0.2008582502603531,-0.13978815078735352,-0.0707643322336935,0.29759563505649567,-0.17454028129577637,-0.0847595326292776,0.37214137613773346,-0.17162758111953735,-0.0906443290102743,0.13787300884723663,-0.3408339023590088,-0.03091824535908927,0.15469510853290558,-0.49670010805130005,-0.056973776935365095,0.16220031678676605,-0.5807956457138062,-0.0767505980718397,0.16401134431362152,-0.6572391986846924,-0.09363008212926616,0.07423390448093414,-0.3432329297065735,-0.024289232834007635,0.08985133469104767,-0.416289359331131,-0.06500975710036982,0.08649905025959015,-0.27774399518966675,-0.06917238902929057,0.0853693038225174,-0.2094915509223938,-0.06558146250131358,0.006845459342002869,-0.31982356309890747,-0.02353615981223811,0.019176006317138672,-0.37575289607048035,-0.0723592109668516,0.026792332530021667,-0.25144994258880615,-0.05386368107679118,0.032689303159713745,-0.20152771472930908,-0.031182442947056188,-0.05067762732505798,-0.2735081911087036,-0.026733343644764318,-0.04927472770214081,-0.3367241621017456,-0.052488128809955015,-0.02740173041820526,-0.2498774528503418,-0.030092827199723615,-0.016876712441444397,-0.21331298351287842,-0.009754772453334226,-0.1837899762706424,-1.48837318773905,1.4877272387061848,1.3557078746214581,1.0591503420544808,0.5283339410461457,0.2892609577340073,0.34076638308224744,0.39124512267182554,0.45460150308734776,0.47425566427998117,0.479365177702131,0.05327856188696612,0.10231740413484872,0.0509478406105227,L
0.0,0.0,0.0,0.10888461768627167,-0.056163012981414795,-0.04795438398821261,0.20068393647670746,-0.11925721168518066,-0.07631889705760386,0.3000481575727463,-0.1439685821533203,-0.10118395810229686,0.37416841089725494,-0.126359224319458,-0.12247246478898433,0.13483159244060516,-0.3317912817001343,-0.03258789678318408,0.14666707813739777,-0.4888933300971985,-0.059348985303472546,0.15383611619472504,-0.5744119882583618,-0.07951488320929911,0.1530517190694809,-0.6501655578613281,-0.09743760501248744,0.06759177148342133,-0.3360109329223633,-0.030876358721684483,0.08395199477672577,-0.40751758217811584,-0.07750888888938334,0.08279640972614288,-0.2680835723876953,-0.0855995339642277,0.07874150574207306,-0.1919429898262024,-0.08230353866917994,0.00016134977340698242,-0.3099466562271118,-0.03460534264547732,0.014987275004386902,-0.36217811703681946,-0.08729056989056971,0.024024590849876404,-0.2361946702003479,-0.07126489256722834,0.02568666636943817,-0.1796899437904358,-0.04858691965443995,-0.0609765499830246,-0.26860129833221436,-0.04223149244887736,-0.05233784019947052,-0.32532942295074463,-0.07478635733230021,-0.0335540771484375,-0.23506778478622437,-0.05615715285046008,-0.0252687931060791,-0.19073045253753662,-0.03644829963548091,-0.04091460795222585,-1.513630041792562,1.4935580943277078,1.3772868214862726,1.1408541547473925,0.5685645666619014,0.3026190453154138,0.3525389225439408,0.40459082412272407,0.46420892889029,0.4874106688252401,0.4928273745100179,0.054451383067932305,0.10401736640176162,0.05213781433619838,L
0.0,0.0,0.0,0.10919439792633057,-0.06438219547271729,-0.05135805631977064,0.1979483962059021,-0.12874120473861694,-0.08145883406501753,0.29616326093673706,-0.15834277868270874,-0.10785373772483808,0.37027907371520996,-0.14036566019058228,-0.13008302922349912,0.12480202317237854,-0.34519249200820923,-0.033428241563854044,0.13925206661224365,-0.5022903084754944,-0.06168373401266081,0.14662131667137146,-0.5857137739658356,-0.08192023362022383,0.14490538835525513,-0.6598117053508759,-0.09909981961351377,0.05680406093597412,-0.3434988260269165,-0.031141412509498423,0.0704745352268219,-0.4113098978996277,-0.07861240680318815,0.07094871997833252,-0.2712409496307373,-0.08624065394502622,0.07115238904953003,-0.20350301265716553,-0.08256298775773985,-0.008155867457389832,-0.3143603801727295,-0.03518182511430723,0.003251805901527405,-0.366763174533844,-0.08820722724300367,0.015714943408966064,-0.2396080493927002,-0.07177304203611357,0.020355969667434692,-0.1904085874557495,-0.04879696021777136,-0.06783682107925415,-0.27381402254104614,-0.04371975461941702,-0.06354042887687683,-0.3329957127571106,-0.07545016433101637,-0.042194217443466187,-0.24458438158035278,-0.05647345359426481,-0.03378745913505554,-0.20281440019607544,-0.03648861224752409,-0.06735232996036879,-1.5069856271990612,1.4686618291764,1.3447055281751445,1.1236250535364,0.5662309527793387,0.305717351086867,0.3534833423454307,0.40886380140324036,0.4622306003873318,0.4856458017785595,0.4906910134320224,0.05245703187750132,0.10494210748848833,0.0555465126919626,L
0.0,0.0,0.0,0.12279176712036133,-0.07108038663864136,-0.050982563324936336,0.20484116673469543,-0.12293660640716553,-0.07728640598870129,0.30372682213783264,-0.14997977018356323,-0.09716990453816265,0.37802204489707947,-0.14007073640823364,-0.10917480153656811,0.13406917452812195,-0.33510494232177734,-0.02189542775667519,0.14347854256629944,-0.485146164894104,-0.04904864219642491,0.1495620310306549,-0.5689011812210083,-0.06877660615063519,0.14967459440231323,-0.6441951394081116,-0.08478855950451702,0.06809142231941223,-0.3373512029647827,-0.015017360948689884,0.07972553372383118,-0.41152650117874146,-0.06222867084360928,0.07927396893501282,-0.27082347869873047,-0.06879664821244091,0.07868525385856628,-0.1960776448249817,-0.06338429314709515,0.0012517571449279785,-0.3096737861633301,-0.014789755956002182,0.010507270693778992,-0.36819422245025635,-0.06868990374422879,0.020584195852279663,-0.24070030450820923,-0.050889248528250164,0.029065847396850586,-0.18673336505889893,-0.025281750165589756,-0.0544857382774353,-0.26296573877334595,-0.018466204904683536,-0.05631208419799805,-0.33091264963150024,-0.04597551239348263,-0.034596413373947144,-0.24002820253372192,-0.023085676633485264,-0.02285708487033844,-0.19999206066131592,-0.0004178833092680634,-0.09861683000966097,-1.5203509211010817,1.4959483418554644,1.348301566372863,1.10534877123797,0.5534292835109497,0.3045312599055087,0.3520622511522765,0.40533275439239463,0.4537056043540762,0.4730938013174107,0.4765328483124464,0.05049159397325239,0.10161776028763558,0.053589027835002294,L
0.0,0.0,0.0,0.11819183826446533,-0.0738402009010315,-0.046647895477178736,0.2013867199420929,-0.12999200820922852,-0.07318894600069825,0.30200132727622986,-0.1592717170715332,-0.09510458295739,0.37582120299339294,-0.14072513580322266,-0.11031182145273988,0.12848272919654846,-0.34628671407699585,-0.01725229097104375,0.1378209888935089,-0.49793553352355957,-0.04163439979350869,0.14301562309265137,-0.5832748413085938,-0.06161010300314729,0.14099547266960144,-0.6574260890483856,-0.07900351320898835,0.06351390480995178,-0.34572166204452515,-0.013697011745932741,0.07512494921684265,-0.41913339495658875,-0.05978519131934945,0.07612082362174988,-0.2824133634567261,-0.06951952760613267,0.0770832896232605,-0.20722699165344238,-0.06690602039492433,-0.0025228559970855713,-0.31704097986221313,-0.0159299842784435,0.006949871778488159,-0.37057024240493774,-0.06677709554827516,0.018489181995391846,-0.2482040524482727,-0.05036820133722131,0.027920663356781006,-0.19346970319747925,-0.026975710294607325,-0.057751044631004333,-0.26824426651000977,-0.022066949285033388,-0.05917678773403168,-0.3297460675239563,-0.04745321755802934,-0.03748960793018341,-0.24164384603500366,-0.02483205904758279,-0.02406555414199829,-0.20278823375701904,-0.0030149569506079388,-0.061453519163473344,-1.5306021073329916,1.473130381699116,1.329242657336704,1.0955151195758106,0.56755880638623,0.3060503842772692,0.35187607885312844,0.4046742475867249,0.45471309024149564,0.47753684724109596,0.4836741899626578,0.05105121748869576,0.10124619087507337,0.05281478790660305,L
0.0,0.0,0.0,0.10999482870101929,-0.06656479835510254,-0.041990786890892196,0.1945750117301941,-0.1279735565185547,-0.06638924787512224,0.2916249930858612,-0.16628926992416382,-0.08813138316145341,0.3652472198009491,-0.15139007568359375,-0.10613658289184968,0.11963096261024475,-0.3329119086265564,-0.020297277818826842,0.12601694464683533,-0.4859413206577301,-0.046790648351816344,0.1288614571094513,-0.5696703791618347,-0.06841528425684373,0.12443557381629944,-0.6421282887458801,-0.08726798753014009,0.05362492799758911,-0.3338778614997864,-0.021233946185020613,0.06494048237800598,-0.41873466968536377,-0.07252974818220537,0.06741473078727722,-0.28211814165115356,-0.08578702817430894,0.06701803207397461,-0.20147597789764404,-0.08430788676014345,-0.010477408766746521,-0.3056712746620178,-0.02697896222343843,-0.002279609441757202,-0.36949610710144043,-0.08015515665283601,0.008830979466438293,-0.24568575620651245,-0.06352482001057069,0.013467773795127869,-0.18586915731430054,-0.03935749093761842,-0.06897078454494476,-0.2608684301376343,-0.036435790460018325,-0.06899851560592651,-0.33013373613357544,-0.06742703179588716,-0.04742422699928284,-0.24100738763809204,-0.04632586250772874,-0.03667265176773071,-0.19534969329833984,-0.024087576295642066,-0.13635039773336494,-1.5552595541282728,1.469984304449232,1.3735230943103292,1.1127963625249648,0.546639042331777,0.3024057638552652,0.3534651124259075,0.404316746057616,0.4443773544585976,0.4695596316297198,0.474938915757502,0.05577815890159757,0.10387150368870261,0.05102884319842285,L
0.0,0.0,0.0,0.11635749042034149,-0.0810542106628418,-0.038235437504198444,0.1950610727071762,-0.1404883861541748,-0.05981806331053008,0.2919459193944931,-0.18009603023529053,-0.07790080868377913,0.36747919023036957,-0.1598905324935913,-0.0899851288713478,0.12001676857471466,-0.3445507287979126,-0.011961542449142826,0.12839840352535248,-0.4974632263183594,-0.03481405638828505,0.129288449883461,-0.5798999071121216,-0.05597598516121138,0.12496925890445709,-0.6511254906654358,-0.0749648924984001,0.05618685483932495,-0.34213578701019287,-0.011718229769911659,0.065587118268013,-0.42577898502349854,-0.058450185141708744,0.06766830384731293,-0.29339599609375,-0.0716382455147766,0.06747071444988251,-0.21366393566131592,-0.07255463712587584,-0.007667437195777893,-0.31185799837112427,-0.015800167254354847,0.001640036702156067,-0.3794896900653839,-0.06372893267050017,0.010271281003952026,-0.25795507431030273,-0.04589356892481078,0.015400022268295288,-0.1970776915550232,-0.02313667759969462,-0.061296120285987854,-0.26137417554855347,-0.023449881381537807,-0.064578115940094,-0.3346096873283386,-0.048625413707640064,-0.04326796531677246,-0.24770379066467285,-0.025863625488426578,-0.02966885268688202,-0.2054840326309204,-0.004495762202139986,-0.11205821839921416,-1.5546434655291275,1.4831897641414957,1.372467736337632,1.055840897986413,0.5478346930615042,0.30478954120568136,0.354037604375477,0.3997565950022285,0.4412240867416661,0.4670811722752704,0.4717088664374077,0.0546485176178013,0.09748336430953056,0.04584615643660573,L
0.0,0.0,0.0,0.11196815967559814,-0.07160329818725586,-0.04808720355927676,0.19573146104812622,-0.1353447437286377,-0.0734338924854967,0.2925526797771454,-0.17076385021209717,-0.09443379348218173,0.3680529296398163,-0.15172117948532104,-0.11003711229264468,0.1264074742794037,-0.3426295518875122,-0.021419020053741633,0.13284918665885925,-0.4928044080734253,-0.04718743791877955,0.13542339205741882,-0.5743429064750671,-0.06859748965203494,0.13123661279678345,-0.6469836235046387,-0.08719991302191943,0.06153374910354614,-0.34250909090042114,-0.01839538632034987,0.07131457328796387,-0.4260670840740204,-0.062185125109550654,0.0730268657207489,-0.2923418879508972,-0.07220225935876101,0.07550802826881409,-0.2180444598197937,-0.07051552986800402,-0.0025055408477783203,-0.31390810012817383,-0.021506808382270037,0.0036856085062026978,-0.3739001452922821,-0.07025574302375048,0.014799833297729492,-0.25250428915023804,-0.05520985057651728,0.023870199918746948,-0.197981059551239,-0.033634813186523616,-0.05995039641857147,-0.26862603425979614,-0.029028260764476954,-0.06335365772247314,-0.33182162046432495,-0.05629805257618159,-0.0423843115568161,-0.24601924419403076,-0.03677397376000613,-0.028286665678024292,-0.2037683129310608,-0.017035765257475077,-0.09474965635426043,-1.5549308143117446,1.4589894570015856,1.3470844424348134,1.1166308210488922,0.5489689029253728,0.29996882643450545,0.3472775949322959,0.39974239069259127,0.4325441957489954,0.46166096764944703,0.471049347629507,0.05539860419764417,0.1047718801086748,0.05247695618613867,L
0.0,0.0,0.0,0.11221839487552643,-0.07431858777999878,-0.04843227759651114,0.19652627408504486,-0.1368807554244995,-0.07337481722883155,0.2935986667871475,-0.17995226383209229,-0.0934666414623635,0.3716824799776077,-0.1632370948791504,-0.10781098351530005,0.12613706290721893,-0.3443650007247925,-0.018761865875639216,0.13490082323551178,-0.4950990676879883,-0.03985880137137343,0.13506759703159332,-0.5800907015800476,-0.057031443423547046,0.12845565378665924,-0.6517637968063354,-0.07292884037546088,0.05923090875148773,-0.34144139289855957,-0.014338305300988452,0.06930418312549591,-0.42767900228500366,-0.05772555441311766,0.06611208617687225,-0.2963070869445801,-0.06623722807220389,0.06811238825321198,-0.21998846530914307,-0.06295711741498877,-0.004221901297569275,-0.31396162509918213,-0.015816364518322246,0.003788366913795471,-0.3765650689601898,-0.06042535052350928,0.010156974196434021,-0.2560357451438904,-0.04138348818472792,0.016456961631774902,-0.1977524757385254,-0.017754158086098926,-0.05983923375606537,-0.2707110047340393,-0.02229654052010943,-0.06346830725669861,-0.3383703827857971,-0.04639275566390921,-0.04409794509410858,-0.2525659203529358,-0.025636103085197703,-0.029276013374328613,-0.21011722087860107,-0.005340361117340819,-0.14935284037765462,-1.563253854470751,1.497799331977768,1.394694391338451,1.1036386554926767,0.5457266966850481,0.30882927101432645,0.3568984174802871,0.4036898061690178,0.43597161213174246,0.4676216277099923,0.46896799128946604,0.05623808613055113,0.09788739570636587,0.04737501372335331,L
0.0,0.0,0.0,0.11758378148078918,-0.08192569017410278,-0.040905375606300254,0.1978047788143158,-0.1432834267616272,-0.06259877291965665,0.2960738241672516,-0.1839442253112793,-0.08049509731579008,0.3716651499271393,-0.16931408643722534,-0.09165850338983716,0.12491008639335632,-0.3476433753967285,-0.01033334770697536,0.13372042775154114,-0.5000715553760529,-0.030812390721322913,0.1358736753463745,-0.5827060341835022,-0.05075767321038427,0.13098108768463135,-0.6552038788795471,-0.06967356113243284,0.06054204702377319,-0.34762680530548096,-0.00860342440653028,0.07056301832199097,-0.42881762981414795,-0.05446627793359937,0.0731830894947052,-0.293321430683136,-0.06770189908790769,0.07446074485778809,-0.21738970279693604,-0.06908908543634595,-0.0036811530590057373,-0.32007336616516113,-0.011461203559221644,0.004034891724586487,-0.3820681571960449,-0.05821776447344007,0.013218656182289124,-0.26109713315963745,-0.03910407853770437,0.01931515336036682,-0.2038193941116333,-0.01602539291131677,-0.058292508125305176,-0.27203965187072754,-0.01846922060001077,-0.060675591230392456,-0.3387354016304016,-0.04257334453511419,-0.03960716724395752,-0.2532035708427429,-0.019037291980268378,-0.026403024792671204,-0.2140357494354248,0.0026440866152626086,-0.14861770055141696,-1.5510596801434118,1.4643284584778116,1.3755065245499523,1.068120742077791,0.5422339976589424,0.3010676390464327,0.3540355015225311,0.40057246393890594,0.44144739429762125,0.46499164936341164,0.46840055219597476,0.0567907522349798,0.10091951759323914,0.04684576533407141,L
0.0,0.0,0.0,0.12119951844215393,-0.08629882335662842,-0.04491714717813977,0.20267388224601746,-0.14176487922668457,-0.06445660026737698,0.2991648316383362,-0.18224197626113892,-0.07864038975903043,0.3744995594024658,-0.17203658819198608,-0.08511437805363187,0.12189340591430664,-0.34911519289016724,-0.009050087574806298,0.13538995385169983,-0.5032237768173218,-0.030030102971878136,0.13918519020080566,-0.5867924690246582,-0.047905314285245026,0.13384690880775452,-0.6572784781455994,-0.0637478861398364,0.05684924125671387,-0.34903842210769653,-0.0047598141617442025,0.07193797826766968,-0.4337408244609833,-0.05169618831941136,0.07361125946044922,-0.2955014109611511,-0.062075309026923264,0.07318475842475891,-0.21638965606689453,-0.05928836720057973,-0.007215231657028198,-0.32032060623168945,-0.00630348971107253,0.007004380226135254,-0.38298746943473816,-0.05753190400072583,0.01585182547569275,-0.25649887323379517,-0.03769927801558026,0.019066408276557922,-0.20138412714004517,-0.011388363819506253,-0.06370212137699127,-0.27299392223358154,-0.012002133335855092,-0.06182008981704712,-0.3419497609138489,-0.039908043611731614,-0.03894698619842529,-0.25230085849761963,-0.016352682877268876,-0.02873547375202179,-0.21540939807891846,0.006916158795419847,-0.1743873313789621,-1.5320262536309521,1.448264608128044,1.3533190177573302,1.025082715584873,0.5416395388115741,0.3045616586475575,0.35664268247308867,0.4055609604000226,0.44504252597143684,0.4701214976800864,0.47083045253869077,0.05616014352846509,0.10192494607647273,0.04981694641769059,L
0.0,0.0,0.0,0.12177382409572601,-0.08250129222869873,-0.043360021998431364,0.20229099690914154,-0.1406407356262207,-0.059586991657759825,0.2961082011461258,-0.18180489540100098,-0.07005624203875271,0.37197305262088776,-0.1715894341468811,-0.07308492540314404,0.12239904701709747,-0.35037076473236084,-0.00785637843355147,0.13374675810337067,-0.5014167129993439,-0.02701730756952969,0.13654179871082306,-0.584522545337677,-0.043911152621056715,0.13433490693569183,-0.6556203961372375,-0.05974150552346913,0.05857004225254059,-0.3479681611061096,-0.003754830089654604,0.0710800439119339,-0.43104788661003113,-0.051165037890221754,0.0706382542848587,-0.29643774032592773,-0.06395230918123929,0.07097597420215607,-0.2149646282196045,-0.06287872522070614,-0.00431843101978302,-0.31795215606689453,-0.0050907378171345385,0.006512582302093506,-0.38075822591781616,-0.05617676778629033,0.012686461210250854,-0.25583934783935547,-0.0393265272577068,0.01784960925579071,-0.19963747262954712,-0.015018776160921732,-0.059678539633750916,-0.2702322006225586,-0.01030440918102471,-0.06309273838996887,-0.3426779508590698,-0.03878428517773358,-0.04178789258003235,-0.2533338665962219,-0.017998720621015707,-0.028456687927246094,-0.21512949466705322,0.0033360413654932586,-0.18040917920960847,-1.531714273613455,1.4777902235770564,1.3855787165853148,1.0552887369874597,0.5392196773579468,0.30410631147258116,0.355232466989545,0.4027899129639992,0.44518744384383935,0.47062644539612886,0.46960977165731393,0.05529314922208921,0.09943279880947403,0.048829047764771094,L
0.0,0.0,0.0,0.11837862432003021,-0.08583289384841919,-0.04536521460458687,0.19955264031887054,-0.15249782800674438,-0.06701558481499603,0.29651568830013275,-0.1928778886795044,-0.08341028939530304,0.37499962747097015,-0.18010228872299194,-0.0926819260005658,0.12063927948474884,-0.35792505741119385,-0.016433224338740615,0.13455043733119965,-0.5089442729949951,-0.038877208042592315,0.13664217293262482,-0.5902641415596008,-0.05817837666317871,0.13103006780147552,-0.6613719761371613,-0.07564954857870987,0.057268545031547546,-0.35607337951660156,-0.013958736579567699,0.07610912621021271,-0.4382418990135193,-0.05862102683231285,0.07807080447673798,-0.30072373151779175,-0.07019088070437363,0.07830141484737396,-0.2243611216545105,-0.0702403600101178,-0.006391540169715881,-0.3265579342842102,-0.016937958333343772,0.00964076817035675,-0.38911542296409607,-0.06535542409464767,0.017913296818733215,-0.26073747873306274,-0.04680840324208191,0.021973103284835815,-0.2063281536102295,-0.02325178149685314,-0.0639151930809021,-0.27865612506866455,-0.02425760801479271,-0.06264562904834747,-0.35006874799728394,-0.050320256758183746,-0.039593517780303955,-0.2600996494293213,-0.02721689108356884,-0.02885688841342926,-0.22096163034439087,-0.005369318905920295,-0.15605853935654124,-1.5365671773474678,1.412445270976389,1.3391124285170497,1.024767705068684,0.539575442425857,0.29998112218354134,0.3539993259428991,0.4059181829137743,0.44018041503230315,0.46792980448941845,0.46853506960415936,0.0591444555302729,0.10721221245222883,0.052894486455347486,L
0.0,0.0,0.0,0.12000702321529388,-0.08505439758300781,-0.040707427320597844,0.20019154250621796,-0.1523752212524414,-0.05936397543322869,0.295362189412117,-0.19403672218322754,-0.07374828240048714,0.37427742779254913,-0.1781434416770935,-0.08181250771653481,0.11908034980297089,-0.3577761650085449,-0.011872233135221677,0.1339540034532547,-0.508208692073822,-0.032055380997775273,0.13638804852962494,-0.5892736911773682,-0.05042346125614472,0.13327987492084503,-0.6617515087127686,-0.06802678784501381,0.055709585547447205,-0.35653162002563477,-0.011532660817323404,0.07671178877353668,-0.4390384554862976,-0.05922453036677666,0.07958804070949554,-0.2985724210739136,-0.07418149640929528,0.07835517823696136,-0.21766340732574463,-0.07570231637131997,-0.007358372211456299,-0.32656538486480713,-0.015551041123984533,0.011471405625343323,-0.3930969834327698,-0.0644579597390873,0.019069790840148926,-0.2601248025894165,-0.04647901958000489,0.019736751914024353,-0.2032175064086914,-0.02284145100188084,-0.065982386469841,-0.27929478883743286,-0.023457219136474805,-0.06288424134254456,-0.3556092381477356,-0.049950766620753484,-0.03837721049785614,-0.26368820667266846,-0.026957108882783132,-0.02877001464366913,-0.22288548946380615,-0.00480104308721252,-0.14695311270498812,-1.5241175064885915,1.4091466589090957,1.3545662562622758,0.9876427328870129,0.5403300685619224,0.29854950254004803,0.3554262224070778,0.40552323200345153,0.44747174670513923,0.4723827601121123,0.46782854718294165,0.060372211802143826,0.10725239900146265,0.052342487133674225,L
0.0,0.0,0.0,0.11557921767234802,-0.08771920204162598,-0.041758525178266837,0.19565415382385254,-0.15485191345214844,-0.06559196765763886,0.2941909432411194,-0.19963812828063965,-0.08570301438911088,0.3735101819038391,-0.18895506858825684,-0.09899812842948563,0.11969712376594543,-0.35765892267227173,-0.01313984579635985,0.13256213068962097,-0.5093831419944763,-0.03555099572284348,0.13594049215316772,-0.5911496877670288,-0.05443435068471558,0.1313425898551941,-0.6600048840045929,-0.0715626766834987,0.0559619665145874,-0.35666143894195557,-0.012443782754672839,0.07521891593933105,-0.43796414136886597,-0.05810975934608109,0.07624784111976624,-0.29600584506988525,-0.06835870350940354,0.07595640420913696,-0.22012972831726074,-0.06708198691947587,-0.007788702845573425,-0.32857000827789307,-0.016714836463762595,0.008519232273101807,-0.3932221829891205,-0.0630758842383159,0.017691731452941895,-0.2640380859375,-0.03977358992440827,0.020321115851402283,-0.20585089921951294,-0.013587357469333483,-0.06462249159812927,-0.28134942054748535,-0.02533388043983109,-0.06581026315689087,-0.35312825441360474,-0.047522402361465765,-0.04165056347846985,-0.2666018009185791,-0.020859730422927214,-0.0305282324552536,-0.2292686104774475,0.002949853434728311,-0.18944642558766406,-1.5322983351597428,1.4253845838307189,1.3456226008872871,0.9911651124606752,0.5296537276772469,0.2991824026068502,0.35359296581198085,0.4060446058470195,0.4433483756047542,0.4675271217652953,0.4601476941673318,0.05743840414784326,0.10687608251000338,0.05598254570642178,L
0.0,0.0,0.0,0.12422354519367218,-0.08818495273590088,-0.038259907785359815,0.20438234508037567,-0.15313804149627686,-0.05695938986868043,0.2999030202627182,-0.19725990295410156,-0.07104321119517465,0.37950192391872406,-0.18371093273162842,-0.07784871307343622,0.12434552609920502,-0.3590325713157654,-0.00916683224171777,0.1377190202474594,-0.5098426938056946,-0.031017548564378217,0.1403954178094864,-0.5908432602882385,-0.051471549246016934,0.1356840878725052,-0.6599374711513519,-0.06943202314108987,0.06137262284755707,-0.3577333688735962,-0.007678999259624675,0.08281673491001129,-0.43978366255760193,-0.05058834252089639,0.0830698162317276,-0.29850924015045166,-0.061523865136805966,0.07912079989910126,-0.21827924251556396,-0.061449389133159116,-0.003604501485824585,-0.3285609483718872,-0.010953557837311223,0.016556575894355774,-0.3953131437301636,-0.057665187093917325,0.022793084383010864,-0.26472485065460205,-0.03754490909308572,0.024057507514953613,-0.20612764358520508,-0.013190320852700665,-0.060424208641052246,-0.27841371297836304,-0.017609340298477605,-0.05959238111972809,-0.3559136390686035,-0.04009838697642465,-0.03633938729763031,-0.2658272981643677,-0.014144871543649629,-0.024773478507995605,-0.22627955675125122,0.008974768992956683,-0.17284097246319302,-1.533132600449098,1.4442079390415257,1.3485918033403645,0.9710075688290374,0.5350129466372691,0.3023636679705585,0.356150589046417,0.4065103796438784,0.44526553478577724,0.467336980173768,0.4623914113936351,0.05638818603880099,0.10420185273593313,0.05282579673062514,L
0.0,0.0,0.0,0.12428009510040283,-0.08410996198654175,-0.03761208183929199,0.2060108184814453,-0.15372353792190552,-0.05378254257008308,0.30065521597862244,-0.19680863618850708,-0.06509195394679779,0.3786729872226715,-0.1848880648612976,-0.06923898435994857,0.12305307388305664,-0.3558405041694641,-0.008754178284256398,0.1362456977367401,-0.5087363719940186,-0.027915594501941143,0.14097633957862854,-0.5890182852745056,-0.04595674700900787,0.1385110318660736,-0.6573430001735687,-0.06266879416867965,0.06113716959953308,-0.356658935546875,-0.007737211751340567,0.08547288179397583,-0.4372231960296631,-0.05051706857845062,0.0855512022972107,-0.29244881868362427,-0.06138485796615356,0.07788190245628357,-0.20982599258422852,-0.06054453305765861,-0.0031027942895889282,-0.3280593156814575,-0.011167425996212899,0.019488155841827393,-0.3941512107849121,-0.05795233450695747,0.026041656732559204,-0.2603464722633362,-0.038461302741019665,0.024472549557685852,-0.2037922739982605,-0.014170940368025242,-0.060799017548561096,-0.2781946659088135,-0.017785142509787022,-0.05496987700462341,-0.35437917709350586,-0.04059534646436447,-0.031412944197654724,-0.26270967721939087,-0.01459709029510492,-0.02388201653957367,-0.2245836853981018,0.008652322591693462,-0.17857162620825517,-1.5195714271303868,1.457247517836547,1.3524307233414474,0.967756343251686,0.5299919156945951,0.30182308876899144,0.3547045519374701,0.4045074453502966,0.4516053181869171,0.4676676562061459,0.4622251904595968,0.053749090569251534,0.1028284236317179,0.05263503443954123,L
0.0,0.0,0.0,0.12648074328899384,-0.085024893283844,-0.037706895369822746,0.2092459350824356,-0.1533845067024231,-0.05505112056785322,0.3042287677526474,-0.19788986444473267,-0.06846809630447126,0.381842777132988,-0.1830386519432068,-0.07554378603749967,0.12272347509860992,-0.35747432708740234,-0.007997019786174064,0.1391320377588272,-0.5075462758541107,-0.027085181895429855,0.1432313770055771,-0.5874931812286377,-0.04487977047615743,0.1417156308889389,-0.6577477753162384,-0.06170748789959646,0.060967013239860535,-0.357052743434906,-0.007961861427659755,0.08600382506847382,-0.44153571128845215,-0.05464132373386121,0.08960364758968353,-0.30288058519363403,-0.06963993852191663,0.08615271747112274,-0.21925997734069824,-0.07095592712217069,-0.0022855550050735474,-0.32652097940444946,-0.011921178187961345,0.023043110966682434,-0.3939903676509857,-0.06025425960474706,0.030175015330314636,-0.2630887031555176,-0.04230149706059194,0.027937501668930054,-0.2045605182647705,-0.01827028636985517,-0.06054800748825073,-0.2785974144935608,-0.01922667456024385,-0.051701948046684265,-0.3582729697227478,-0.04370826353483892,-0.028580203652381897,-0.26765620708465576,-0.019194167677099472,-0.02123667299747467,-0.2278425097465515,0.003871066857342953,-0.17015037560855545,-1.5076309338615637,1.3900123490432776,1.327879631053164,0.9117782596969465,0.5319866522544556,0.29790031184338894,0.3545590708630284,0.40556186801958893,0.4419941021336301,0.46725170159416035,0.459752097011458,0.06004236377775895,0.1077318014688068,0.0544072658886642,L
0.0,0.0,0.0,0.12536826729774475,-0.08783555030822754,-0.03392102081108561,0.20545539259910583,-0.15619689226150513,-0.050994290744547754,0.3016728162765503,-0.19971603155136108,-0.06436246890354624,0.38111597299575806,-0.18731975555419922,-0.07038878161240092,0.1266416311264038,-0.36105358600616455,-0.0037974624500023424,0.1399269700050354,-0.5129484832286835,-0.024807275047187716,0.14358222484588623,-0.5922639966011047,-0.044995504205708414,0.1383466124534607,-0.659521073102951,-0.06271306682157984,0.06411409378051758,-0.36135172843933105,-0.003603603930805832,0.08832588791847229,-0.4421430230140686,-0.04564230028319827,0.08884692192077637,-0.29655617475509644,-0.055679733639244944,0.08228325843811035,-0.21568655967712402,-0.0548505436234521,-0.0013590902090072632,-0.3317832350730896,-0.007899198455397993,0.020461395382881165,-0.39851826429367065,-0.05440311763215533,0.02716715633869171,-0.2653049826622009,-0.03336390364695063,0.026935935020446777,-0.20587748289108276,-0.008262083639984041,-0.05844396352767944,-0.28004032373428345,-0.015064493527297884,-0.05410885810852051,-0.35714054107666016,-0.037347121869807154,-0.031063586473464966,-0.264579713344574,-0.01032542601007691,-0.021422162652015686,-0.22481989860534668,0.013487605603749842,-0.1753563578317966,-1.531599473757885,1.4467048337214121,1.3497371839575467,0.9801882236709788,0.5309529609229928,0.300176059781657,0.35466588297171053,0.40428110440588494,0.4473613472031207,0.4671240156386702,0.4631319170693173,0.056209822957325746,0.10410683091641079,0.05193573647876202,L
0.0,0.0,0.0,0.12072820961475372,-0.07857757806777954,-0.04219173713147484,0.202594593167305,-0.14828044176101685,-0.05947996004044853,0.298150971531868,-0.19065630435943604,-0.07163536621749245,0.37427569925785065,-0.1808965802192688,-0.0771947584909185,0.11850325763225555,-0.35297322273254395,-0.0148843468961104,0.13434182107448578,-0.5050464868545532,-0.03655291049301468,0.14012788236141205,-0.5883582830429077,-0.05385781897723518,0.13795332610607147,-0.6566601693630219,-0.06925357206284843,0.0555373877286911,-0.3511517643928528,-0.013584805452524051,0.08230973780155182,-0.43120795488357544,-0.06243117599308334,0.08232717216014862,-0.2916269302368164,-0.07463353200375877,0.07834707200527191,-0.21071875095367432,-0.07251493705928169,-0.007037311792373657,-0.322678804397583,-0.017224610583184585,0.015362262725830078,-0.387847900390625,-0.07048904223859154,0.021192416548728943,-0.254403293132782,-0.052379892007706985,0.01926898956298828,-0.19826596975326538,-0.02644962331771694,-0.06615856289863586,-0.2765524983406067,-0.024468228952287063,-0.06176987290382385,-0.3539978265762329,-0.05483086107790314,-0.0371740460395813,-0.2604999542236328,-0.0323285989326223,-0.029384836554527283,-0.21894335746765137,-0.00918399429440342,-0.18774355359383685,-1.5068372413958377,1.4097785199252677,1.3624218800421475,1.0026677381756937,0.5312242999026255,0.29742749418119996,0.35543137118318074,0.40544960899145543,0.4499073840034967,0.47350946556171514,0.46861291926116605,0.060376250170762674,0.1080453991350242,0.05286538715042651,L
0.0,0.0,0.0,0.12204840779304504,-0.07969611883163452,-0.03766588978837504,0.20627671480178833,-0.14964944124221802,-0.05495078228782191,0.3014068901538849,-0.19577711820602417,-0.06766558923195376,0.38050082325935364,-0.18784236907958984,-0.0741507235951282,0.12515094876289368,-0.3548316955566406,-0.01333016548673882,0.13923239707946777,-0.5096405148506165,-0.03344126902888789,0.14508554339408875,-0.5918759107589722,-0.05156955980132594,0.14395421743392944,-0.6638848781585693,-0.06903676428268923,0.06205528974533081,-0.354401171207428,-0.01374699939410462,0.08483406901359558,-0.4368480443954468,-0.05892288424442782,0.08629220724105835,-0.2918103337287903,-0.07020938881109728,0.08145415782928467,-0.20995807647705078,-0.0696515638418056,-0.0024937987327575684,-0.32456910610198975,-0.018260113153562685,0.018086090683937073,-0.39104780554771423,-0.06627081819246783,0.025577977299690247,-0.2576959729194641,-0.045022406805262705,0.02448950707912445,-0.20004701614379883,-0.019666276130781313,-0.06167156994342804,-0.2735636830329895,-0.026217284802303453,-0.0576409250497818,-0.3511897921562195,-0.052289390195117136,-0.03332819044589996,-0.25881296396255493,-0.026918527860150476,-0.025176912546157837,-0.21924501657485962,-0.0034913422576643427,-0.21580355705791765,-1.5100297020819813,1.4372940421701783,1.35740068690203,0.9792054526141841,0.531573858629014,0.29986332322999043,0.35622045233021227,0.4068913265209748,0.45820933942402003,0.47897534305910855,0.4757204490428404,0.05782041639435926,0.10703472532684363,0.05324768970524107,L
0.0,0.0,0.0,0.12590914964675903,-0.08977138996124268,-0.03939165554135826,0.20346030592918396,-0.15464073419570923,-0.06032725057691124,0.29938170313835144,-0.20085644721984863,-0.07710116363256958,0.37761470675468445,-0.19783300161361694,-0.08655133850067642,0.12135133147239685,-0.3591633439064026,-0.008052982456383972,0.12867620587348938,-0.5148814916610718,-0.030141748554406433,0.13316524028778076,-0.5992998778820038,-0.05034318572968033,0.12853839993476868,-0.6707547903060913,-0.06818456954449204,0.05697542428970337,-0.35482722520828247,-0.006293374180195599,0.07287856936454773,-0.43574029207229614,-0.04963527626484421,0.07557430863380432,-0.2940870523452759,-0.057932481236157685,0.07221481204032898,-0.21667194366455078,-0.05558567128270653,-0.008314937353134155,-0.3226732015609741,-0.009836485675869255,0.005608052015304565,-0.3937232196331024,-0.057277396387753754,0.016505196690559387,-0.2647567391395569,-0.034610658950505524,0.02078169584274292,-0.20419740676879883,-0.00841379731088665,-0.06267465651035309,-0.26644885540008545,-0.017166176877317696,-0.06376060843467712,-0.34248900413513184,-0.041650381005702286,-0.03913836181163788,-0.2532411813735962,-0.015410590983329087,-0.0268775075674057,-0.21313774585723877,0.008258704960944385,-0.24310611507160584,-1.5477347364206033,1.4609342448386542,1.3299712437340447,0.9794713339307174,0.5345035311755556,0.3059803938639498,0.35688976355376334,0.40478165304710934,0.4575626494452836,0.47883953409251895,0.4832881787037911,0.05292428093567135,0.09915532441267412,0.04849050765568669,L
0.0,0.0,0.0,0.11804001033306122,-0.0888901948928833,-0.036890577107698164,0.19916822016239166,-0.1598881483078003,-0.05770897451046153,0.2981567829847336,-0.2075101137161255,-0.07499680626395389,0.37649695575237274,-0.19894570112228394,-0.08562619197371646,0.1200011819601059,-0.3607901930809021,-0.013989534743160448,0.13033850491046906,-0.5191251337528229,-0.03704572427275821,0.13333754241466522,-0.603605329990387,-0.057628843516141615,0.12863658368587494,-0.6767184436321259,-0.07653394299748584,0.05444540083408356,-0.35707247257232666,-0.014339565813571653,0.0691489428281784,-0.4347189664840698,-0.06259700614216968,0.07306714355945587,-0.29042792320251465,-0.07351297843459292,0.07247184216976166,-0.21140795946121216,-0.07315342831614657,-0.010766252875328064,-0.32566070556640625,-0.018769437029988012,0.0013101547956466675,-0.3910755515098572,-0.0674143503904645,0.014719143509864807,-0.26316606998443604,-0.04451881679895564,0.02012777328491211,-0.19915884733200073,-0.01884493748846694,-0.06487567722797394,-0.271297812461853,-0.02682945090535327,-0.06789042055606842,-0.3416506052017212,-0.0522124912143056,-0.041181787848472595,-0.2537166476249695,-0.026476176038414678,-0.027119457721710205,-0.21193957328796387,-0.0031903635729406687,-0.21679358511745236,-1.5434697039789773,1.44766919454391,1.331266940409788,1.0042734465976173,0.5382393125054304,0.3042804258768969,0.3563692462093677,0.4038255191781965,0.46868787574348664,0.48973189599307354,0.4901829686488064,0.05375818352005459,0.09959271874657241,0.04894535518059464,L
0.0,0.0,0.0,0.11051511764526367,-0.07890713214874268,-0.05321310841274851,0.1943473219871521,-0.15072697401046753,-0.0819558613820135,0.29123544692993164,-0.19720011949539185,-0.10580585532618159,0.3691710829734802,-0.19481152296066284,-0.12352919959259623,0.10883533954620361,-0.3616056442260742,-0.0335641690416395,0.11411142349243164,-0.5244777202606201,-0.06228455536795252,0.11606714129447937,-0.6126391887664795,-0.08449955665302866,0.11110219359397888,-0.6889885365962982,-0.10420882337523096,0.03953909873962402,-0.3525241017341614,-0.029659455723887618,0.04859808087348938,-0.41757339239120483,-0.08167598032189005,0.060405224561691284,-0.2781118154525757,-0.0920825936718046,0.06866621971130371,-0.2058313488960266,-0.09128611915541285,-0.0264480859041214,-0.31832319498062134,-0.032082971267229254,-0.01890707015991211,-0.36946940422058105,-0.08692564450932139,0.0012431889772415161,-0.24661672115325928,-0.0667321943564474,0.012881055474281311,-0.18983536958694458,-0.042006749741560157,-0.0816253125667572,-0.2683858275413513,-0.03979816295934313,-0.08491247892379761,-0.3246488571166992,-0.07205985867214793,-0.05793480575084686,-0.24028873443603516,-0.05118933328223818,-0.042310744524002075,-0.2002776861190796,-0.030365960754281218,-0.24701588977904862,-1.5638722697527543,1.3747870244038025,1.2737596279232093,1.0472821899430753,0.5575037869570073,0.3007068496191351,0.3563247757282374,0.4115181324077254,0.48501719547435285,0.508725147903066,0.5122243892632972,0.058033231023338204,0.11111583938001092,0.05617096012716726,L
0.0,0.0,0.0,0.11577007174491882,-0.08994662761688232,-0.048882339796726626,0.1946960687637329,-0.15792882442474365,-0.07402644371122591,0.294116348028183,-0.20359456539154053,-0.09307080571979753,0.37191006541252136,-0.20455396175384521,-0.10368818854421846,0.11145129799842834,-0.3715333342552185,-0.026813105395739,0.11566087603569031,-0.5348436236381531,-0.05645941262573473,0.11782926321029663,-0.6222468018531799,-0.07926467125744097,0.1122530996799469,-0.6960344016551971,-0.09763609682649843,0.04294675588607788,-0.3630152940750122,-0.021650395071809214,0.054282814264297485,-0.42851945757865906,-0.07127655362219087,0.06420275568962097,-0.28394198417663574,-0.07678746496767275,0.06880238652229309,-0.20976316928863525,-0.0720735720309662,-0.02509292960166931,-0.3286806344985962,-0.023178116134111804,-0.017183378338813782,-0.3801645040512085,-0.07989121293157808,0.003938600420951843,-0.253717303276062,-0.058488716087047976,0.018625304102897644,-0.19669556617736816,-0.03151544620723001,-0.07685472071170807,-0.272260844707489,-0.028834468400781077,-0.08339960873126984,-0.33427226543426514,-0.059691835841839236,-0.052518635988235474,-0.24515438079833984,-0.035427556088869494,-0.03424978256225586,-0.20426517724990845,-0.012156030810182017,-0.257270280595651,-1.56832545649477,1.4036572543266934,1.250934370041975,1.0110593907408627,0.5558549834795706,0.3031524382969107,0.3533721507909674,0.4061599506393803,0.4882086397240462,0.5080407825371621,0.5131277273520228,0.05185076519393326,0.1031987280420082,0.05341417229197714,L
0.0,0.0,0.0,0.10562577843666077,-0.06643259525299072,-0.053573638593249484,0.19589966535568237,-0.14822697639465332,-0.08187690789013402,0.29033583402633667,-0.19901633262634277,-0.10542864764242665,0.36847054958343506,-0.192582368850708,-0.1244739111712505,0.11059501767158508,-0.36445093154907227,-0.04246125409513013,0.11340752243995667,-0.526805967092514,-0.07343043798714177,0.11567893624305725,-0.6132494211196899,-0.09602506125479238,0.11085560917854309,-0.689434826374054,-0.11571493411570088,0.040220797061920166,-0.35443562269210815,-0.039389960860304996,0.04886382818222046,-0.42166295647621155,-0.0915871303728153,0.06017112731933594,-0.2793288826942444,-0.0998782184174587,0.06675761938095093,-0.20242655277252197,-0.09681285584478871,-0.024836614727973938,-0.31946349143981934,-0.04270874003081815,-0.020283296704292297,-0.36792707443237305,-0.09872608298569219,0.0013514608144760132,-0.2436925172805786,-0.08114274257927434,0.014190763235092163,-0.18383681774139404,-0.05755635390191571,-0.07972611486911774,-0.2700326442718506,-0.051070880537324115,-0.08528350293636322,-0.3235807418823242,-0.085735265558057,-0.05790431797504425,-0.23962867259979248,-0.06860240215569036,-0.04043339192867279,-0.19521158933639526,-0.04994750807195203,-0.25158138306497274,-1.5699944672096802,1.3979640894341612,1.2906101408212662,1.0872270713593508,0.5596675996221367,0.30187348377831325,0.35438771378143613,0.4089123942661798,0.4890007068098503,0.5147557078601289,0.5168606871140433,0.055757085770213585,0.10743355436251993,0.055795911644075824,L
0.0,0.0,0.0,0.10786309838294983,-0.07261884212493896,-0.05352586088106648,0.19541707634925842,-0.15052539110183716,-0.07971820560619847,0.2906625270843506,-0.19432926177978516,-0.09991407719776646,0.366100549697876,-0.19447708129882812,-0.11441652057096974,0.10622307658195496,-0.3633827567100525,-0.04259116527960316,0.11292591691017151,-0.5281540751457214,-0.07322601554319874,0.11436253786087036,-0.6149756014347076,-0.09698758599684254,0.10996979475021362,-0.6921034753322601,-0.11759803769514576,0.037384629249572754,-0.35506319999694824,-0.03906073746607319,0.049092888832092285,-0.41981783509254456,-0.09324487624094502,0.061368584632873535,-0.28064191341400146,-0.10544748929665104,0.06484562158584595,-0.19694077968597412,-0.1048658299200298,-0.028178498148918152,-0.31944090127944946,-0.0413493025057079,-0.017170116305351257,-0.363980770111084,-0.0987792718164684,0.005186542868614197,-0.24009597301483154,-0.08365932432339207,0.016851484775543213,-0.1781495213508606,-0.06139796180055157,-0.08143799006938934,-0.26584070920944214,-0.04844742221162335,-0.08037745952606201,-0.3147701025009155,-0.08371650007889286,-0.05128805339336395,-0.22990983724594116,-0.06635544029400364,-0.03448718786239624,-0.18667417764663696,-0.04733408940360562,-0.25202875834326777,-1.5593989437846736,1.3988422184526874,1.2622703727542295,1.0354926009023586,0.5596740048177832,0.30126500215180524,0.3496305172077779,0.40066372532219946,0.49721452730533156,0.5223214397912969,0.5256677608380812,0.0515417166767176,0.09986195547011341,0.052041609056471656,L
0.0,0.0,0.0,0.10716080665588379,-0.07807046175003052,-0.055861081947455204,0.19192221760749817,-0.15901511907577515,-0.08367153631604651,0.28409790992736816,-0.21000152826309204,-0.10557717459357718,0.36048275232315063,-0.2173222303390503,-0.12156018244183997,0.10494503378868103,-0.37134671211242676,-0.040657829512724675,0.10624980926513672,-0.5369994342327118,-0.07155849414027671,0.10655289888381958,-0.6254985183477402,-0.09324404226697425,0.09906089305877686,-0.7021521925926208,-0.11144564675248603,0.0354541540145874,-0.36176836490631104,-0.03591722251928786,0.04466471076011658,-0.43015962839126587,-0.08508000152266959,0.05569526553153992,-0.2856735587120056,-0.09072100745595435,0.061829328536987305,-0.2103613018989563,-0.08597811685956458,-0.029307618737220764,-0.3238856792449951,-0.03831992300308684,-0.022440671920776367,-0.374774307012558,-0.09334237502969245,-0.0020404011011123657,-0.24843674898147583,-0.07358058916486243,0.009858131408691406,-0.19722282886505127,-0.04843727501190642,-0.08530819416046143,-0.2731778621673584,-0.04581361638463477,-0.09059028327465057,-0.32903099060058594,-0.07808339970267753,-0.06330838799476624,-0.24664771556854248,-0.05772918837226371,-0.047713205218315125,-0.20946216583251953,-0.037085603942045964,-0.3330283144402887,-1.5885817645722775,1.3983265824692448,1.2709091755801012,1.0377304563364407,0.5508189183389045,0.29873453443474823,0.3512002430679985,0.408271625719007,0.4931982051528656,0.5127482764869427,0.514087636881031,0.05360620117683067,0.10954622379250478,0.058857966074468956,L
0.0,0.0,0.0,0.10058240592479706,-0.08576798439025879,-0.055216902858965966,0.1793057769536972,-0.17385506629943848,-0.08122584781741438,0.2712012678384781,-0.22811156511306763,-0.10027218422984419,0.34425170719623566,-0.2536988854408264,-0.11211214027499494,0.08863736689090729,-0.37566348910331726,-0.0432418119082385,0.08473069965839386,-0.537627637386322,-0.0759157296190196,0.08119536936283112,-0.6255613416433334,-0.09722126088237104,0.0706729143857956,-0.7003074884414673,-0.11319619975184736,0.023524180054664612,-0.3620010316371918,-0.03588861039971647,0.03491680324077606,-0.4222835898399353,-0.08262449315881071,0.048892542719841,-0.28373879194259644,-0.08463105372285185,0.055304452776908875,-0.21550321578979492,-0.07676082662438688,-0.03731916844844818,-0.32204127311706543,-0.03583115897273359,-0.030357152223587036,-0.3665945529937744,-0.08993623218631086,-0.007113441824913025,-0.24457865953445435,-0.0708757173190051,0.004991203546524048,-0.19968962669372559,-0.045547431326859567,-0.08950760960578918,-0.2697865962982178,-0.04036108962392149,-0.0946708619594574,-0.3149219751358032,-0.06999721191024122,-0.06424279510974884,-0.23716139793395996,-0.04953464306091604,-0.04919928312301636,-0.2049264907836914,-0.028655763707511994,-0.45081493765356945,-1.6260758024639779,1.3571729031496678,1.2378594837225116,1.0147426174101537,0.5237409666522199,0.2914608464555023,0.3435326612813799,0.39646239199171396,0.4850478042353567,0.5049082398215092,0.5096780126472055,0.0527398582498867,0.10503760245215071,0.054442938853247164,L
0.0,0.0,0.0,0.0983162373304367,-0.06875920295715332,-0.04740066369554796,0.18320338428020477,-0.16578400135040283,-0.07053115134618082,0.2707437127828598,-0.22252964973449707,-0.08932164972207346,0.34203116595745087,-0.23865318298339844,-0.10454101776263514,0.08821426331996918,-0.36400651931762695,-0.04524383237144747,0.08289803564548492,-0.5279542803764343,-0.076892427257512,0.07855020463466644,-0.6168180704116821,-0.09880518083951273,0.06974540650844574,-0.6917186081409454,-0.11742797409674921,0.023178592324256897,-0.3501710295677185,-0.04499734108826914,0.034625157713890076,-0.41773417592048645,-0.10000893389365473,0.048570647835731506,-0.28047096729278564,-0.11091940020701685,0.05350787937641144,-0.19927185773849487,-0.10814548944613733,-0.03787824511528015,-0.30996179580688477,-0.04990211789986887,-0.031173929572105408,-0.35673630237579346,-0.10704336231133738,-0.007735833525657654,-0.23790299892425537,-0.09303782050988474,0.002171531319618225,-0.179465651512146,-0.07102983360669413,-0.09315945208072662,-0.258467435836792,-0.05875160460850992,-0.0980987697839737,-0.3051207661628723,-0.09528348510644236,-0.06892412900924683,-0.22779518365859985,-0.08086257343671122,-0.053170591592788696,-0.1864912509918213,-0.06321947192332544,-0.4301426385061189,-1.6270937341748632,1.3724486272112761,1.2730177700922811,1.0636756217403929,0.5285904031212734,0.29119851592611096,0.34497497755318657,0.3986292717800491,0.49271437899588133,0.5166907394012225,0.5199644459009782,0.0550245984709464,0.10744133318764987,0.055786285200762106,L
0.0,0.0,0.0,0.09685668349266052,-0.07066166400909424,-0.04789538758275569,0.18269476294517517,-0.1642751693725586,-0.07318404393670619,0.2712147533893585,-0.2175704836845398,-0.09370899277207911,0.3411056101322174,-0.22742629051208496,-0.1098901339101559,0.08118057250976562,-0.35745319724082947,-0.04963624554154933,0.07976222038269043,-0.5183241069316864,-0.0863901458906895,0.07894974946975708,-0.6035624891519547,-0.1108468257117039,0.07185888290405273,-0.6772102415561676,-0.1301678277778393,0.017990052700042725,-0.3507131338119507,-0.050305002205348615,0.04053306579589844,-0.41820117831230164,-0.11041489320275844,0.055981844663619995,-0.2785554528236389,-0.12168096082685054,0.05498713254928589,-0.19847214221954346,-0.11766953843114436,-0.04238678514957428,-0.3151780664920807,-0.05593895243880809,-0.02714426815509796,-0.35679349303245544,-0.11945112126348079,-0.003083556890487671,-0.23280549049377441,-0.10453862773654521,0.0023676156997680664,-0.17890280485153198,-0.07976511197564662,-0.09783418476581573,-0.2649528980255127,-0.0650079854058987,-0.09451358020305634,-0.3038007616996765,-0.10326793121573985,-0.06110720336437225,-0.22238922119140625,-0.08554364817617,-0.05007174611091614,-0.18493127822875977,-0.06484072732207835,-0.37934551178081566,-1.5999404860769044,1.3324010494338454,1.253481693450942,1.032682079499091,0.5242131272105873,0.28757977313733485,0.3421957883036668,0.39347877974082335,0.4790353052922895,0.5031295436493486,0.5071544695915569,0.05614064943069095,0.10592791408762826,0.052784743613773374,L
0.0,0.0,0.0,0.10250434279441833,-0.07357609272003174,-0.05174692207775422,0.1843646764755249,-0.15955841541290283,-0.07820137822828599,0.2698003053665161,-0.21428680419921875,-0.09927968168459245,0.34258073568344116,-0.22619330883026123,-0.11574705177746125,0.08635902404785156,-0.35441863536834717,-0.045990279408314905,0.08455809950828552,-0.513595700263977,-0.08257398241958924,0.08468535542488098,-0.6014654636383057,-0.10744039946995088,0.07798820734024048,-0.677468329668045,-0.12708699190817185,0.02235203981399536,-0.34633365273475647,-0.04485052684150048,0.04485657811164856,-0.42229098081588745,-0.10437408322296449,0.05863121151924133,-0.27875131368637085,-0.11575071001253434,0.058590829372406006,-0.19708728790283203,-0.11114280903539964,-0.03667999804019928,-0.3101175129413605,-0.04950763145289727,-0.020561441779136658,-0.36603760719299316,-0.11333924019537278,-2.1398067474365234e-05,-0.2366735339164734,-0.0971229770203621,0.0030642151832580566,-0.18199658393859863,-0.0706739225407631,-0.09369775652885437,-0.261061429977417,-0.058090059550622186,-0.09076482057571411,-0.3123685121536255,-0.09768335753879853,-0.0598212331533432,-0.2265763282775879,-0.07916806870899507,-0.05061995983123779,-0.18729466199874878,-0.057175746651509485,-0.3986169593282554,-1.5967023844489465,1.3325943165161112,1.2700003625262972,1.0422447884295782,0.5231236474173097,0.2854775426207436,0.3423811007980735,0.39512009779122853,0.4807725070752885,0.5011046351980041,0.5067645263231993,0.05754071801295684,0.1096489489260159,0.053944974539974204,L
0.0,0.0,0.0,0.1090707778930664,-0.08735030889511108,-0.049651718146634494,0.18822476267814636,-0.1752524971961975,-0.07104539722902814,0.2741178572177887,-0.23078155517578125,-0.08594962806208173,0.34663906693458557,-0.2488144040107727,-0.09418282509548703,0.08967366814613342,-0.3708896338939667,-0.038307635493112,0.08953779935836792,-0.5317543148994446,-0.07356157005531827,0.08876734972000122,-0.6174043416976929,-0.09883171171648542,0.08213379979133606,-0.6914874017238617,-0.11808561385376493,0.027584701776504517,-0.36285895109176636,-0.034792295105290805,0.046333253383636475,-0.4334982931613922,-0.0910923913191084,0.059988945722579956,-0.29169172048568726,-0.10256086141569654,0.061986178159713745,-0.21144437789916992,-0.09952583760721723,-0.03323432803153992,-0.32470178604125977,-0.03723518774611989,-0.017912089824676514,-0.3758377730846405,-0.09931298197014371,0.002694457769393921,-0.24747508764266968,-0.08377820105059186,0.00899997353553772,-0.19447410106658936,-0.05840848237974683,-0.08917056024074554,-0.27129870653152466,-0.04323948026402036,-0.09083615243434906,-0.32428422570228577,-0.07968443483812848,-0.05737951397895813,-0.2401706576347351,-0.060203625268769656,-0.04442708194255829,-0.2025061845779419,-0.0382705837558035,-0.43473465164322667,-1.5943101483581443,1.3473883459080882,1.257187516628881,0.9941315654537736,0.5156766615339639,0.287095430021903,0.3419839556403145,0.3937984052591372,0.48046564016604204,0.5023651834801547,0.5050943352550749,0.05563747097280279,0.1067879825890603,0.05402744323575649,L
0.0,0.0,0.0,0.10372981429100037,-0.08445829153060913,-0.050442418733965155,0.18433871865272522,-0.1714535355567932,-0.07313386602176308,0.27065661549568176,-0.22747325897216797,-0.08871349943650841,0.3413408100605011,-0.2507658004760742,-0.0973066489197123,0.08798769116401672,-0.3707483410835266,-0.04324777303112626,0.08914268016815186,-0.530052125453949,-0.07946093631757378,0.0886881947517395,-0.6167836785316467,-0.1055800716377604,0.08217775821685791,-0.6929859817028046,-0.12532110018504738,0.026769310235977173,-0.36126717925071716,-0.03942674277199387,0.04911282658576965,-0.4297097623348236,-0.09427298856748223,0.06340175867080688,-0.28904014825820923,-0.10473804427159905,0.0642072856426239,-0.21343374252319336,-0.10189243657363534,-0.03308965265750885,-0.32432952523231506,-0.041323038468490836,-0.017535924911499023,-0.3763238787651062,-0.10317363096250176,0.00335124135017395,-0.24710828065872192,-0.08722419543040871,0.008975625038146973,-0.19483119249343872,-0.06222195057047486,-0.08744940161705017,-0.272375226020813,-0.04669691501034379,-0.08855743706226349,-0.32249459624290466,-0.08281186474336266,-0.054854169487953186,-0.23652136325836182,-0.06248600287212014,-0.04379408061504364,-0.198508620262146,-0.04032437754644036,-0.46777260615733035,-1.5888243371018933,1.3227665421278094,1.2567158596639147,1.0370191812880634,0.512566265106389,0.27963668018926163,0.33703901344668513,0.38866398971293287,0.47988882877883327,0.5035044650389323,0.5102712662457158,0.05828028140578641,0.10902776888494994,0.05289768718685569,L
0.0,0.0,0.0,0.11344984173774719,-0.08283960819244385,-0.03911808367967318,0.19762781262397766,-0.15817362070083618,-0.054002454990145665,0.28719794750213623,-0.20497578382492065,-0.0627032728135557,0.3574032187461853,-0.2198408842086792,-0.06371769171356867,0.11431989073753357,-0.36582207679748535,-0.02474523756801794,0.12184855341911316,-0.5222150385379791,-0.05568005751967142,0.12594959139823914,-0.607211709022522,-0.080889581257102,0.12262919545173645,-0.6805719137191772,-0.1004535318553419,0.05323082208633423,-0.35998302698135376,-0.023451267296072942,0.07836860418319702,-0.4287439286708832,-0.0697852880895109,0.0815078616142273,-0.28336042165756226,-0.07763837885260294,0.07710632681846619,-0.20827239751815796,-0.07453589748739908,-0.008331239223480225,-0.3276882767677307,-0.027555270606276494,0.010299891233444214,-0.3863504230976105,-0.08232304316162775,0.020631134510040283,-0.25300246477127075,-0.06394979220032404,0.022273242473602295,-0.2006303071975708,-0.03872534494995783,-0.06318403780460358,-0.2762124538421631,-0.03429925304054926,-0.06027483940124512,-0.3373672366142273,-0.06382527809738825,-0.03394655883312225,-0.25050801038742065,-0.03978727992772768,-0.02622389793395996,-0.21563047170639038,-0.01643120918571661,-0.3683465403852504,-1.5444027463347156,1.414701299248863,1.3344286788855446,1.0229945915370249,0.5170995296533016,0.28053551915693,0.33568012640840356,0.38365022119863457,0.4744883186890051,0.490321591375181,0.4881882709687119,0.05536306244454844,0.1035918751792168,0.05076393959300695,L
0.0,0.0,0.0,0.10573893785476685,-0.07005399465560913,-0.05046180645349807,0.19773459434509277,-0.15354150533676147,-0.06897059465173072,0.28944629430770874,-0.19835293292999268,-0.07967308545831031,0.3586556911468506,-0.20271342992782593,-0.08383670086386985,0.11080744862556458,-0.35994571447372437,-0.042391251869233315,0.11987954378128052,-0.5183362662792206,-0.07549384618523902,0.12640804052352905,-0.6030095815658569,-0.0990328975987751,0.12517982721328735,-0.6771147549152374,-0.11758189285519904,0.049085021018981934,-0.3560514450073242,-0.03815890858295745,0.07455974817276001,-0.4285355508327484,-0.08670238042596168,0.08005842566490173,-0.28299015760421753,-0.09131861115220374,0.07484996318817139,-0.20450139045715332,-0.0843711086583454,-0.012954875826835632,-0.32632672786712646,-0.04056791225794143,0.0036996006965637207,-0.37821125984191895,-0.09799748296263999,0.018138468265533447,-0.245366632938385,-0.08134713406089134,0.020312190055847168,-0.19414877891540527,-0.05651412168863601,-0.06983210146427155,-0.2786661386489868,-0.04679342368963546,-0.06550474464893341,-0.3272131085395813,-0.08184429640296287,-0.036468058824539185,-0.2415645718574524,-0.0635387712192852,-0.027766495943069458,-0.2050226926803589,-0.043478258050711815,-0.2965548428558345,-1.5255127354105291,1.4023969803009295,1.3242334157632558,1.0518177335042516,0.5287415211512477,0.2838113599294613,0.33845188428709094,0.38642908711666285,0.47528569037703683,0.49421994627539567,0.49624942618831225,0.055511667818281235,0.10261778325729679,0.049293022304886816,L
0.0,0.0,0.0,0.12201350927352905,-0.08758872747421265,-0.03754047563484875,0.20889854431152344,-0.16535192728042603,-0.05460066979936329,0.3002760410308838,-0.21220344305038452,-0.06726122161558834,0.3753693103790283,-0.20891577005386353,-0.07322510590962139,0.11627840995788574,-0.3723125457763672,-0.0164614233951923,0.1263267993927002,-0.5281928777694702,-0.043163149414574775,0.13287949562072754,-0.611205518245697,-0.06735974809340206,0.13107234239578247,-0.6832545101642609,-0.08770481756142345,0.055138736963272095,-0.367656946182251,-0.017087158543979797,0.08357048034667969,-0.4397554397583008,-0.06333813330343929,0.08771303296089172,-0.294635534286499,-0.07513856401852337,0.08056014776229858,-0.21601223945617676,-0.07496368399075237,-0.007440313696861267,-0.3335043787956238,-0.022378667054688606,0.015608221292495728,-0.39539483189582825,-0.0730816971342918,0.026023805141448975,-0.26447612047195435,-0.05401974430493084,0.024302423000335693,-0.2088363766670227,-0.029447025416409645,-0.06361272931098938,-0.2796763777732849,-0.03068205787054268,-0.05661579966545105,-0.34639179706573486,-0.05601604541949001,-0.030575767159461975,-0.2603694796562195,-0.02996060325018135,-0.02354252338409424,-0.22416692972183228,-0.005983575044190559,-0.255951003050308,-1.5232543848132323,1.4047027465857458,1.3214759099551951,0.9455475355230256,0.5335524800198441,0.29489456122613616,0.35106689635605565,0.399203267756509,0.4699647022310692,0.4862842595424136,0.48442456919175003,0.05671353103238713,0.10442157398326643,0.05024106638493361,L
0.0,0.0,0.0,0.09822697937488556,-0.053265511989593506,-0.04729740200214394,0.19173695147037506,-0.13809841871261597,-0.07486206171684273,0.2854524403810501,-0.17601501941680908,-0.10015625385217675,0.3588664084672928,-0.16583740711212158,-0.12327241031103142,0.10689674317836761,-0.3509688377380371,-0.04632880789809235,0.11350207030773163,-0.5126201212406158,-0.08239650604896553,0.12055616080760956,-0.5999508500099182,-0.10776810971670159,0.11520163714885712,-0.6726163923740387,-0.12859652069978722,0.0392107218503952,-0.34891319274902344,-0.05075695616774567,0.06790141761302948,-0.41984397172927856,-0.10826352117233284,0.07488293945789337,-0.27035796642303467,-0.11841764924697884,0.06705482304096222,-0.18841654062271118,-0.11371903000049599,-0.024561122059822083,-0.3180920481681824,-0.060944682635593495,-0.005157411098480225,-0.3666647672653198,-0.12123825279645928,0.012203112244606018,-0.23713356256484985,-0.10493390140705117,0.011956050992012024,-0.1810392141342163,-0.08052126196794518,-0.08586427569389343,-0.273079514503479,-0.07534042624406823,-0.07619413733482361,-0.3139469027519226,-0.11454392848186501,-0.049048006534576416,-0.22960621118545532,-0.098232052006054,-0.041059330105781555,-0.18880534172058105,-0.07902078209095009,-0.16447374691743247,-1.544982204905258,1.3990189658533116,1.3104000063255137,1.0821450893642972,0.5623143788707203,0.2926838202892631,0.3472432735998843,0.4005847256116956,0.4865877229696077,0.5023024718504744,0.5084197307557583,0.055590463457503424,0.10811485224950027,0.053581184856551875,L
0.0,0.0,0.0,0.10927194356918335,-0.07117199897766113,-0.04467979288374835,0.19856056571006775,-0.1470690369606018,-0.06885766825353556,0.29515358805656433,-0.18474864959716797,-0.08981569698726588,0.3677748143672943,-0.17015260457992554,-0.1060224383202737,0.11390823125839233,-0.3600786328315735,-0.03293245128070765,0.1256590485572815,-0.522750586271286,-0.06613754323398524,0.13141947984695435,-0.6080715656280518,-0.09081290504609996,0.1253250539302826,-0.6800099313259125,-0.11039730748807841,0.04785850644111633,-0.36121606826782227,-0.03511049068247729,0.07554388046264648,-0.43002447485923767,-0.09067606768285685,0.07842180132865906,-0.2814563512802124,-0.10165153286134654,0.07004299759864807,-0.199199378490448,-0.09802674344455653,-0.01761603355407715,-0.32983386516571045,-0.042692864599580105,0.002959802746772766,-0.38244640827178955,-0.1025286524621194,0.016235768795013428,-0.2501147985458374,-0.08478518417751246,0.01674342155456543,-0.1920207142829895,-0.05871632164990359,-0.07761888206005096,-0.27741336822509766,-0.05388836404954844,-0.07009290158748627,-0.3301646113395691,-0.08800498238479548,-0.042121365666389465,-0.24206000566482544,-0.06560326954996043,-0.03307409584522247,-0.2011427879333496,-0.042334279331321056,-0.1355793341075066,-1.5351262306582134,1.4347153823416825,1.326458583524823,1.0421975582604015,0.5645674273038859,0.29914536565183114,0.35171188913943413,0.40204507245188464,0.4839781952425119,0.4999234409782566,0.5043848051543149,0.05378083326132456,0.10313540517482195,0.05064580207243997,L
0.0,0.0,0.0,0.10578565299510956,-0.05113452672958374,-0.05332653908541829,0.20260266959667206,-0.12471914291381836,-0.08440532846859128,0.29500286281108856,-0.15932828187942505,-0.11211270405462415,0.37176238000392914,-0.1443016529083252,-0.13617719276359708,0.12341628968715668,-0.34669607877731323,-0.04498211233428151,0.13192503154277802,-0.5052217245101929,-0.08090538098028333,0.13901735842227936,-0.5913631319999695,-0.10654600276163251,0.13438673317432404,-0.6654283404350281,-0.1273197488348785,0.05596165359020233,-0.35087573528289795,-0.046252115951091355,0.08297757804393768,-0.42250633239746094,-0.10085372193267972,0.08503292500972748,-0.279471218585968,-0.11175133599451215,0.07802294194698334,-0.20404088497161865,-0.10872130407503278,-0.008749216794967651,-0.3246394991874695,-0.05396655885985524,0.009292230010032654,-0.3680887222290039,-0.11243600709846646,0.02068762481212616,-0.23939669132232666,-0.09641328020504147,0.020567402243614197,-0.18839168548583984,-0.07261079861333997,-0.07128861546516418,-0.28535670042037964,-0.06653083427360684,-0.06200534105300903,-0.32502102851867676,-0.10203446759393842,-0.039617523550987244,-0.2379399538040161,-0.08361721350362927,-0.03314855694770813,-0.19845855236053467,-0.06339183016231686,-0.11525043668023886,-1.536390915811264,1.4216662044269504,1.3588564421355895,1.1572069561618397,0.5726431892202397,0.29975262020126253,0.3539517528940271,0.40851662955298346,0.46481744913516193,0.4904271712075355,0.49611375349874226,0.059548606089069187,0.11131156545423822,0.05465113064261922,L
0.0,0.0,0.0,0.10772527754306793,-0.05224275588989258,-0.0484567398315221,0.20348112285137177,-0.12709403038024902,-0.07665755619461834,0.29531480371952057,-0.15795046091079712,-0.1025212856119424,0.3696441203355789,-0.14041215181350708,-0.12549757232125103,0.12997712194919586,-0.34696853160858154,-0.037679445195749395,0.13782285153865814,-0.5051697194576263,-0.0727521183079034,0.14433248341083527,-0.5908656120300293,-0.09944564123804867,0.13764216005802155,-0.6658231914043427,-0.12095418592150509,0.06308950483798981,-0.35166841745376587,-0.040504940051391713,0.0915842205286026,-0.42468005418777466,-0.0922366233652383,0.09204117953777313,-0.2768867015838623,-0.1028087960665971,0.08256642520427704,-0.19989877939224243,-0.09960673024113476,-0.002997562289237976,-0.32449668645858765,-0.04963491876776516,0.019103214144706726,-0.37145376205444336,-0.10521926005537807,0.027790680527687073,-0.24059349298477173,-0.08827453126366436,0.02456916868686676,-0.19391006231307983,-0.06426489372904598,-0.06860554218292236,-0.28454363346099854,-0.06312529762442409,-0.054159149527549744,-0.3293118476867676,-0.09581328203137218,-0.034135058522224426,-0.24223864078521729,-0.07483854164536297,-0.03020550310611725,-0.2068200707435608,-0.0532090032583028,-0.07997996996882487,-1.5467616706407292,1.4431618261036059,1.3627515996225974,1.1119126645865254,0.5743532624583514,0.2931761618934798,0.34919729191845306,0.40532669917374897,0.4691683005899922,0.48527054597031555,0.4887296827552,0.058305630052341795,0.11298412317141972,0.05627550966187874,L
0.0,0.0,0.0,0.10725635290145874,-0.05672937631607056,-0.05187546401960219,0.2019813060760498,-0.1301347017288208,-0.08040279835206832,0.29689157009124756,-0.16155844926834106,-0.10442758291704024,0.36876195669174194,-0.13947653770446777,-0.12525415360671843,0.12162870168685913,-0.34923291206359863,-0.04493426099163855,0.13454493880271912,-0.5062172412872314,-0.0768366524551567,0.14404720067977905,-0.5927150845527649,-0.0979887092087921,0.14328542351722717,-0.6692460477352142,-0.11579609602434005,0.05414128303527832,-0.3534512519836426,-0.04498081594449843,0.08601868152618408,-0.42550790309906006,-0.0930252441738304,0.08760076761245728,-0.2773880958557129,-0.09673539489251937,0.08060455322265625,-0.20489221811294556,-0.08881539791566695,-0.010752871632575989,-0.3262178301811218,-0.05136090084654654,0.01695406436920166,-0.3727947473526001,-0.1077606373999771,0.02773958444595337,-0.23731303215026855,-0.08958479702216948,0.02457374334335327,-0.19138658046722412,-0.06379204183561171,-0.07476232945919037,-0.28534621000289917,-0.061969253567284,-0.05940999090671539,-0.3374461531639099,-0.0971046605680641,-0.03462943434715271,-0.24671131372451782,-0.07691085278732146,-0.031343311071395874,-0.20788395404815674,-0.055217444298094165,-0.05595424005071471,-1.5032248787212437,1.3945123581995806,1.3145500782231578,1.05991346497183,0.5757563727572759,0.2954892560100105,0.3480807072326576,0.4059110738851935,0.46856522554042757,0.49238413202229764,0.49330535820658683,0.057635526404710875,0.11198783328516337,0.05829991689094308,L
0.0,0.0,0.0,0.10690586268901825,-0.05817544460296631,-0.04520462701916017,0.2025933712720871,-0.13166677951812744,-0.07358073319196023,0.29893215000629425,-0.16725057363510132,-0.09960840518473901,0.371909037232399,-0.13997948169708252,-0.12296694393157281,0.11949019134044647,-0.35217154026031494,-0.03860321144460954,0.13304732739925385,-0.5126001238822937,-0.06830836708545007,0.14227859675884247,-0.5977003872394562,-0.09179557735919275,0.14293517172336578,-0.672785222530365,-0.1125614407181672,0.052708402276039124,-0.35238873958587646,-0.04167377452253618,0.08533044159412384,-0.4218220114707947,-0.09229784334897317,0.09099341928958893,-0.2801709771156311,-0.10425976539849557,0.08472494781017303,-0.2036762833595276,-0.10353708888291635,-0.01061868667602539,-0.32464516162872314,-0.049327077966921706,0.017206519842147827,-0.3801286816596985,-0.10268323744534769,0.029887661337852478,-0.24766528606414795,-0.08782488728760995,0.026527240872383118,-0.1880664825439453,-0.06620998556613245,-0.07161608338356018,-0.283266544342041,-0.06101942310928621,-0.05455411970615387,-0.33663076162338257,-0.09413140888213434,-0.030046120285987854,-0.2476736307144165,-0.07611049587725915,-0.0249364972114563,-0.20105361938476562,-0.056823989999287505,-0.04905649326441536,-1.4978009244666612,1.3587414485521967,1.3052450037299717,1.0543982670164251,0.5799232609156593,0.2941631923937765,0.34871327033440763,0.40151765652623944,0.47270670291208317,0.49850081570548055,0.5007110969783671,0.06025478382932789,0.10969280236440469,0.05307713312608562,L
0.0,0.0,0.0,0.1032136082649231,-0.0485454797744751,-0.04843346723048114,0.19978073239326477,-0.12429606914520264,-0.07647931524245166,0.29223063588142395,-0.16562122106552124,-0.10132263549296283,0.36484190821647644,-0.14447486400604248,-0.1243152985784235,0.12035161256790161,-0.34152936935424805,-0.04471612297622585,0.1307947039604187,-0.5006718039512634,-0.07516420581070804,0.1394306719303131,-0.5875174105167389,-0.09660952486721897,0.1375858187675476,-0.663040041923523,-0.11558028259007358,0.05263704061508179,-0.3424842953681946,-0.04702905886499309,0.08337858319282532,-0.4239612817764282,-0.09742886521546268,0.08891156315803528,-0.2794281244277954,-0.10510572739569568,0.08265119791030884,-0.20000982284545898,-0.09996477462975406,-0.010636121034622192,-0.31479424238204956,-0.05474806152908229,0.014606893062591553,-0.3699917793273926,-0.10909213074175739,0.028511017560958862,-0.23987841606140137,-0.09296156414477252,0.02582859992980957,-0.18496239185333252,-0.06974708982436084,-0.0738883912563324,-0.2759137749671936,-0.06677662529675388,-0.06033855676651001,-0.3308418393135071,-0.10213996418444538,-0.03594677150249481,-0.2452448606491089,-0.08558401413885974,-0.030210360884666443,-0.20235580205917358,-0.06699947216240787,-0.12164678676204435,-1.5172437411131705,1.3631688343120614,1.296989271680413,1.034955096840872,0.5661759213709178,0.287603422504662,0.34142241154712694,0.39926995668578946,0.4662775958034103,0.49096630786539874,0.4902912672741291,0.0587812284723299,0.11288593832760059,0.058676194898400105,L
0.0,0.0,0.0,0.10716366767883301,-0.05703544616699219,-0.04619460702375022,0.20098713040351868,-0.130499005317688,-0.07220585793689338,0.2947043180465698,-0.16921579837799072,-0.094958835844551,0.3658177852630615,-0.15012043714523315,-0.11466371417478172,0.12222084403038025,-0.34834009408950806,-0.035140627626930154,0.13255086541175842,-0.5072124600410461,-0.06405899823144523,0.14058643579483032,-0.5920804738998413,-0.08545783311561195,0.13812118768692017,-0.6655111908912659,-0.10371852815583793,0.0568695068359375,-0.3490558862686157,-0.03639365882114021,0.08259740471839905,-0.4257071018218994,-0.08316049874261466,0.08739382028579712,-0.28101247549057007,-0.090825395290409,0.08332398533821106,-0.20518475770950317,-0.08623453379109947,-0.006060391664505005,-0.3206515312194824,-0.043285356466327585,0.015811845660209656,-0.3776249289512634,-0.0971350386782035,0.027799010276794434,-0.24531161785125732,-0.08228565156892387,0.02741047739982605,-0.19358128309249878,-0.05946216136649696,-0.06755486130714417,-0.278820276260376,-0.053886679564271844,-0.05633799731731415,-0.33764225244522095,-0.08729755282834617,-0.03323163092136383,-0.24918782711029053,-0.069300355021511,-0.027107834815979004,-0.20783203840255737,-0.049703733627353586,-0.1184823907802419,-1.5207065056965583,1.3889513752842408,1.3132420373576157,1.0529007945228743,0.563447752320173,0.2878104000816964,0.3411866807858926,0.39714124922272037,0.463576486106758,0.4847418893052525,0.48659103618957683,0.05710482460496056,0.11046354601240717,0.05635007004225604,L
0.0,0.0,0.0,0.10568620264530182,-0.059448063373565674,-0.046196638105449495,0.19746358692646027,-0.13485968112945557,-0.07028362756782514,0.2900434881448746,-0.17610299587249756,-0.09066614365392667,0.3629734665155411,-0.1608344316482544,-0.10733855372482282,0.1190277487039566,-0.34661412239074707,-0.03740145495348912,0.12988854944705963,-0.5063826441764832,-0.06630647039228421,0.13745664060115814,-0.590266764163971,-0.08667895799690228,0.13579057157039642,-0.6639983654022217,-0.10424571341091138,0.05493058264255524,-0.3477173447608948,-0.03798708176427823,0.07911010086536407,-0.4249781370162964,-0.08367465293222409,0.08415548503398895,-0.28233134746551514,-0.08911396419816953,0.08162577450275421,-0.20724767446517944,-0.08378599440866452,-0.0072637200355529785,-0.31973183155059814,-0.04427092006617528,0.014034315943717957,-0.3756474554538727,-0.09698190396839124,0.026102736592292786,-0.2433856725692749,-0.07974726563507062,0.02612091600894928,-0.19084036350250244,-0.05600943273120862,-0.0681191086769104,-0.27766382694244385,-0.05453143870645505,-0.05854199826717377,-0.3338911533355713,-0.08685374861770612,-0.03419938683509827,-0.24836254119873047,-0.06823003893905621,-0.027281835675239563,-0.20955359935760498,-0.04873428723031026,-0.15566804502546935,-1.5180298056503436,1.3829934675965676,1.3173524831870742,1.0306884855316467,0.5520742812216699,0.2851503338761938,0.33818633433247675,0.3932845765985609,0.4599511049153424,0.48570148045142003,0.4828174141331617,0.057879090952115776,0.10893201937121776,0.05658656274780992,L
0.0,0.0,0.0,0.09810744225978851,-0.054622113704681396,-0.04044167339156157,0.18953366577625275,-0.1522287130355835,-0.05858791633794791,0.27315451204776764,-0.20676934719085693,-0.07481879755208976,0.34242601692676544,-0.21654319763183594,-0.08916701390693671,0.09836424887180328,-0.34856826066970825,-0.034950949394207065,0.10332353413105011,-0.5035442411899567,-0.06401366009662635,0.10902105271816254,-0.5854734182357788,-0.08276595189521796,0.10779465734958649,-0.6555408537387848,-0.09923138483713156,0.03569124639034271,-0.3427158296108246,-0.03898804276535994,0.06363506615161896,-0.42159608006477356,-0.09023524835060126,0.07145269215106964,-0.2846221327781677,-0.0984494762058068,0.06824393570423126,-0.20721787214279175,-0.09285170599172599,-0.023460373282432556,-0.30989909172058105,-0.04850028842041976,-0.004702091217041016,-0.3527816832065582,-0.10692746206472403,0.012021571397781372,-0.2293146252632141,-0.09422845407674796,0.015019804239273071,-0.17656701803207397,-0.07182110115240103,-0.08354756236076355,-0.26855772733688354,-0.06118427976320273,-0.07451747357845306,-0.3107561469078064,-0.10150369270990378,-0.05071176588535309,-0.23093420267105103,-0.089981094145279,-0.04174989461898804,-0.19274210929870605,-0.07382471128652579,-0.3981821585331217,-1.5400853001852854,1.3350198243282891,1.2898270357430563,1.0669503482529232,0.4977658254284141,0.2743406192290834,0.3298377222843984,0.384912487219955,0.45006416810249344,0.48787612019983045,0.48636020692362875,0.061418914252172004,0.11094228418006982,0.059029080002499866,L
0.0,0.0,0.0,0.10130676627159119,-0.06501471996307373,-0.04764081718940005,0.18610921502113342,-0.15698814392089844,-0.06968827726859317,0.2705558240413666,-0.22077637910842896,-0.08711642953175769,0.3454042971134186,-0.22998666763305664,-0.10094928177613482,0.10074391961097717,-0.35195598006248474,-0.03765663313287959,0.10273873805999756,-0.5102852880954742,-0.06596729340571628,0.10653769969940186,-0.5952291786670685,-0.08516418370026813,0.10284814238548279,-0.670561283826828,-0.10211220564860568,0.03808891773223877,-0.3464292585849762,-0.037010526234094954,0.0604420006275177,-0.42933785915374756,-0.08487371536511645,0.06971842050552368,-0.28441888093948364,-0.09083683969992862,0.06916311383247375,-0.20553159713745117,-0.08399228932875857,-0.021119341254234314,-0.31407690048217773,-0.042273161882345534,-0.0044065117835998535,-0.36910030245780945,-0.09738002153653369,0.01218976080417633,-0.2378004789352417,-0.08117191674727664,0.01484006643295288,-0.18398994207382202,-0.0565566848458694,-0.07917214930057526,-0.26799315214157104,-0.05144937517661319,-0.07572786509990692,-0.3209199905395508,-0.08710705670136676,-0.0476597398519516,-0.2363048791885376,-0.07087092282790408,-0.03663112223148346,-0.196783185005188,-0.05166633608359561,-0.4297014641538517,-1.5641919415080676,1.353726773826557,1.3011049295193469,1.032288789970143,0.5029308905115009,0.27732154949336624,0.3337490215229697,0.3834755962152668,0.4662480998900017,0.49446647211735884,0.4938827312036101,0.05843831261810158,0.10615533476557942,0.0530372541449022,L
0.0,0.0,0.0,0.10498407483100891,-0.07221490144729614,-0.04426530349839197,0.1867309808731079,-0.15880239009857178,-0.06362169209707247,0.27106258273124695,-0.21736747026443481,-0.0786498409866141,0.34162405133247375,-0.22870177030563354,-0.08917483661163317,0.10129699110984802,-0.3509715795516968,-0.030132127663378583,0.1032281219959259,-0.5071503520011902,-0.057594626879577504,0.10585036873817444,-0.5913782566785812,-0.0775681582449721,0.10070011019706726,-0.6668144762516022,-0.09473397556531893,0.04021352529525757,-0.3447740077972412,-0.03030179973531233,0.06271353363990784,-0.42599546909332275,-0.07557080659854876,0.07239866256713867,-0.28454023599624634,-0.08257047060716616,0.07233276963233948,-0.21003371477127075,-0.07742876533258425,-0.01882222294807434,-0.31187981367111206,-0.03635244045246111,-0.0013359785079956055,-0.3689383864402771,-0.08998828355062471,0.013469144701957703,-0.2397025227546692,-0.07438817594039904,0.015584185719490051,-0.19197040796279907,-0.050725895649080144,-0.07617263495922089,-0.26487255096435547,-0.04594762969601618,-0.07186290621757507,-0.3193872570991516,-0.07860124829996096,-0.045206278562545776,-0.2358952760696411,-0.060225993132476674,-0.03649124503135681,-0.20062845945358276,-0.040182992553596364,-0.4239137638951946,-1.5726861277322004,1.3367847085645381,1.2913668803723775,1.0174883032662625,0.49998708835680505,0.26993756814703496,0.3281024031434288,0.3791560208232269,0.45766075871683237,0.4824122819629846,0.48595356795419753,0.0595540496437538,0.10922968916514998,0.05279026750740432,L
0.0,0.0,0.0,0.10850793123245239,-0.07055509090423584,-0.03901754684216918,0.18976464867591858,-0.1547485589981079,-0.05390528208978118,0.2751607894897461,-0.2142488956451416,-0.06492189682490768,0.3448804020881653,-0.2248128056526184,-0.0713295526004547,0.10499918460845947,-0.34533563256263733,-0.02290596618719043,0.11141985654830933,-0.5025631189346313,-0.04691367588407935,0.1137441098690033,-0.583861231803894,-0.06614195174939574,0.11065465211868286,-0.6568449139595032,-0.0831376723147148,0.04541891813278198,-0.3418089747428894,-0.02349999352760257,0.06916928291320801,-0.4201142489910126,-0.06812876827485503,0.07762956619262695,-0.2836334705352783,-0.079145688483786,0.07610130310058594,-0.20524001121520996,-0.07771774000890197,-0.013348668813705444,-0.3101208806037903,-0.028712281877469437,0.008696585893630981,-0.3694015145301819,-0.08026983208424987,0.0206671804189682,-0.23954272270202637,-0.06579020983941497,0.019351720809936523,-0.18424123525619507,-0.04341419405705871,-0.0707133412361145,-0.2625216245651245,-0.03703844166762771,-0.06057584285736084,-0.3228899836540222,-0.06894825763471069,-0.034731313586235046,-0.2363913655281067,-0.050570160070728676,-0.02808651328086853,-0.19567370414733887,-0.03044075510866584,-0.42425850658228703,-1.5526432680830002,1.3497999372052227,1.3166389975037487,1.003138744701355,0.4914401739345882,0.2694908130802681,0.3280472140701313,0.3741034712434877,0.4529248526091817,0.4813423546598298,0.48158903199308944,0.060510029597911213,0.10462607377347423,0.048796387147011094,L
0.0,0.0,0.0,0.09761129319667816,-0.0605202317237854,-0.03343282659251923,0.18242137134075165,-0.15748101472854614,-0.04886239041288132,0.2588965743780136,-0.21870142221450806,-0.06376632322271103,0.3256731480360031,-0.2249753475189209,-0.07725017537076706,0.09846194088459015,-0.33750230073928833,-0.026735792129232827,0.10212783515453339,-0.4886130392551422,-0.05396107976038689,0.10674260556697845,-0.5692499279975891,-0.0716750474711203,0.10494570434093475,-0.6418264806270599,-0.08748619277675385,0.03834722936153412,-0.3327704668045044,-0.03200569023092026,0.06259749829769135,-0.4104576110839844,-0.0824131297012114,0.06974838674068451,-0.27667105197906494,-0.09041930009324783,0.06763724982738495,-0.20414692163467407,-0.08445128072698349,-0.019874989986419678,-0.3025127053260803,-0.04194180314142937,-0.0012618005275726318,-0.34647613763809204,-0.09947714228828186,0.013418719172477722,-0.22513556480407715,-0.08553878237207169,0.015538692474365234,-0.174716055393219,-0.06170609240133995,-0.07923604547977448,-0.2639414668083191,-0.05424341206152672,-0.07039348781108856,-0.3101627826690674,-0.0932235943218016,-0.046309694647789,-0.22869855165481567,-0.0798913018842482,-0.03708432614803314,-0.1891385316848755,-0.06194810216028923,-0.44030958587124686,-1.5494941000559914,1.3468954470910106,1.3004698688601777,1.0576448543739956,0.47168365625035075,0.2588751592740098,0.314180484708217,0.3645233359409312,0.4392667949412509,0.47558991067205014,0.47444589647100854,0.059836740937222715,0.10579158871886024,0.05456363176436004,L
0.0,0.0,0.0,0.09873902797698975,-0.05795454978942871,-0.032973625903847115,0.1826324760913849,-0.1538068652153015,-0.04661369064998855,0.2603807747364044,-0.21608692407608032,-0.05895020181489219,0.3269459307193756,-0.2221335768699646,-0.0695865091140293,0.10217070579528809,-0.3356108069419861,-0.025664448013427155,0.10448729991912842,-0.48841556906700134,-0.050532595461132424,0.10818952322006226,-0.5687268972396851,-0.06681712085557212,0.1059708297252655,-0.6421205103397369,-0.08199921364140739,0.04100540280342102,-0.33160099387168884,-0.030764133876087563,0.06352397799491882,-0.4107142686843872,-0.07814473027539481,0.07049766182899475,-0.27394044399261475,-0.08525838071656455,0.06896945834159851,-0.2021884322166443,-0.07906022036624183,-0.01874600350856781,-0.3013395667076111,-0.04033668825578918,-0.0017194747924804688,-0.3484135866165161,-0.09468270952058067,0.013345181941986084,-0.22647035121917725,-0.08062017077756156,0.015677645802497864,-0.17936772108078003,-0.057481301223757164,-0.0797550231218338,-0.26093363761901855,-0.05226968342614402,-0.07327300310134888,-0.3114299774169922,-0.08824081087661018,-0.04928210377693176,-0.23053687810897827,-0.07379052156758537,-0.040394216775894165,-0.19346070289611816,-0.05574830735278358,-0.4421914439455632,-1.558398907731452,1.357983763566094,1.2957244735987787,1.0427042474472423,0.4745724597410812,0.25874634122190765,0.31419239904312757,0.3684574842010495,0.4414853733092128,0.4714795891975127,0.4719304500163469,0.05797242569057469,0.10971137905566979,0.05781579290693445,L
0.0,0.0,0.0,0.09613561630249023,-0.05283468961715698,-0.03655204292971703,0.185283362865448,-0.14492106437683105,-0.05327047151167008,0.2647300064563751,-0.1975603699684143,-0.06819624197322938,0.33184948563575745,-0.20013654232025146,-0.08161560934621903,0.10021987557411194,-0.33780696988105774,-0.03326062601644608,0.10756364464759827,-0.48800134658813477,-0.05900004994709107,0.11533918976783752,-0.5677427351474762,-0.07637477409679505,0.11568218469619751,-0.6396375894546509,-0.09261118364173981,0.03819870948791504,-0.33353349566459656,-0.03822528686959359,0.06822121143341064,-0.4131476879119873,-0.08805473637420747,0.07502284646034241,-0.2798428535461426,-0.09755720686752412,0.0685795247554779,-0.2048945426940918,-0.09336965274650666,-0.020623818039894104,-0.3035745620727539,-0.047450927315541236,-0.0013160407543182373,-0.3507413864135742,-0.10258235525924775,0.014767587184906006,-0.2298198938369751,-0.09028450888235184,0.01545765995979309,-0.1763656735420227,-0.06886484217483613,-0.0799691379070282,-0.26561295986175537,-0.059431643454619376,-0.07010023295879364,-0.3130316138267517,-0.09669861686069581,-0.04717716574668884,-0.23518025875091553,-0.08445060741741273,-0.03997500240802765,-0.19604676961898804,-0.0682862971409044,-0.36028426382899426,-1.5196126389997586,1.3388747553773803,1.294415824739062,1.0490314473153983,0.48978512883480635,0.26331295233896373,0.317283534960517,0.371846979481844,0.4372872937556553,0.4739892651020647,0.4701084718867288,0.060297834906959114,0.10891450066947374,0.058822832301543844,L
0.0,0.0,0.0,0.1000615805387497,-0.06104254722595215,-0.037898569170899066,0.18560738861560822,-0.14741575717926025,-0.05236905700392214,0.2640429884195328,-0.1972634196281433,-0.06400850674933878,0.3296097069978714,-0.20516443252563477,-0.07346607259339777,0.0983012467622757,-0.3376704454421997,-0.030143693823880824,0.10527987778186798,-0.490241676568985,-0.05669770276970354,0.1131153255701065,-0.5705574750900269,-0.07427431902713266,0.11289425194263458,-0.6440628170967102,-0.09018287322349039,0.03953547775745392,-0.3357447385787964,-0.033930825803942355,0.07038630545139313,-0.4215141236782074,-0.08156396708316294,0.07690902054309845,-0.2860891819000244,-0.08911970517463175,0.07009924948215485,-0.2147359848022461,-0.08344993254966226,-0.01843385398387909,-0.3071643114089966,-0.04294805860943285,0.005558475852012634,-0.3564640283584595,-0.10095664373464075,0.018837377429008484,-0.22933274507522583,-0.0878557663304278,0.01672428846359253,-0.18539011478424072,-0.06463832667893854,-0.07975828647613525,-0.2679749131202698,-0.05450346953100649,-0.06622745096683502,-0.32364773750305176,-0.09571042171544519,-0.04139441251754761,-0.2398950457572937,-0.08238806835240808,-0.03712216019630432,-0.20310795307159424,-0.0644686248046824,-0.3813905564875547,-1.5232038052038066,1.3233957172561412,1.289723828901258,0.9893163763899031,0.489486854204378,0.2596869118246055,0.31350966296672333,0.3667376330886584,0.43145444853841913,0.4686462522224877,0.46577474815456504,0.06091031563575019,0.10785008954732038,0.056686522444578634,L
0.0,0.0,0.0,0.09930419921875,-0.05643939971923828,-0.0404776912828666,0.18693894147872925,-0.14710688591003418,-0.05766179977857888,0.2673150300979614,-0.19673478603363037,-0.07208339317643464,0.3337595760822296,-0.1992831826210022,-0.08437753661477387,0.10441997647285461,-0.33740347623825073,-0.034746410389779214,0.10995301604270935,-0.4897806942462921,-0.06233356340730012,0.11814883351325989,-0.5709757208824158,-0.08103268041217149,0.11819419264793396,-0.6458870768547058,-0.09820089681947053,0.043897777795791626,-0.33475154638290405,-0.03839012055599511,0.07175964117050171,-0.4186076819896698,-0.08582703216874421,0.0782894492149353,-0.2817589044570923,-0.09276928945386231,0.07433417439460754,-0.21082526445388794,-0.08724193467700303,-0.01543039083480835,-0.3070051670074463,-0.04745593114697755,0.00456663966178894,-0.3543972373008728,-0.10315405770146668,0.01746372878551483,-0.2286784052848816,-0.08893048956000627,0.01758512854576111,-0.1829308271408081,-0.06614559336507142,-0.07641704380512238,-0.2696130871772766,-0.05973239063226998,-0.06714481115341187,-0.31689631938934326,-0.09833044751488984,-0.04472804069519043,-0.23567891120910645,-0.08477983816468537,-0.03884658217430115,-0.20006197690963745,-0.06756675436103166,-0.34145466802356234,-1.526174593287209,1.3299623337731037,1.3107280414330065,1.0755198953998013,0.4959067179217116,0.25968203382949134,0.3165970322108875,0.3726069721452282,0.43726706005674215,0.47376225359210705,0.47267517884674054,0.06323411925351546,0.11369138936731658,0.058974691751588246,L
0.0,0.0,0.0,0.09603509306907654,-0.047728657722473145,-0.039003885922104686,0.19012334942817688,-0.14267182350158691,-0.05788323619690594,0.2724945843219757,-0.19122403860092163,-0.07533857190337834,0.3408859074115753,-0.19575953483581543,-0.09122417086091694,0.1081055998802185,-0.33729058504104614,-0.036313499895006984,0.1172981858253479,-0.4874841570854187,-0.06717914306846318,0.12624263763427734,-0.5700052380561829,-0.08545343541827854,0.12917226552963257,-0.6408621072769165,-0.10126732253757176,0.045527249574661255,-0.33849185705184937,-0.04217651450362858,0.08125689625740051,-0.4183684289455414,-0.09710901194539723,0.0830460786819458,-0.28194957971572876,-0.10560583287206349,0.07531535625457764,-0.20486348867416382,-0.0989108156534737,-0.014881223440170288,-0.3143107295036316,-0.05339597129550633,0.011150062084197998,-0.35348236560821533,-0.11611636692014393,0.022497355937957764,-0.22799569368362427,-0.1034170162054604,0.021357744932174683,-0.1737990379333496,-0.07961962336030659,-0.07652579247951508,-0.2806280851364136,-0.06743279808488545,-0.06062877178192139,-0.3228575587272644,-0.11189020389047322,-0.040216073393821716,-0.2385714054107666,-0.10116055571761784,-0.03504733741283417,-0.19702428579330444,-0.08456315064159092,-0.3385692890102117,-1.501511351797312,1.3514648849980722,1.3183896072662782,1.1102485278971848,0.49288839117248556,0.26572655045614524,0.32028192275191786,0.3759353723170964,0.43931237417146596,0.4793452634545305,0.47324421789378485,0.06226093413568399,0.11064075765889464,0.06099955288773489,L
0.0,0.0,0.0,0.09641756117343903,-0.04750406742095947,-0.03924744837527783,0.1892126351594925,-0.13472038507461548,-0.05808829032426388,0.2703362852334976,-0.1867384910583496,-0.07473473512177975,0.3386738747358322,-0.1937057375907898,-0.08976199739223034,0.10830067098140717,-0.332111120223999,-0.036044998844914744,0.11613522469997406,-0.48510199785232544,-0.06457305960898907,0.12531162798404694,-0.5656324625015259,-0.08422003202682049,0.1265786737203598,-0.6399355232715607,-0.10195336752181561,0.04698626697063446,-0.3331054449081421,-0.04055433981662304,0.07903267443180084,-0.407959908246994,-0.08975398801808865,0.08511276543140411,-0.2685462236404419,-0.09848314039950878,0.07908271253108978,-0.19357311725616455,-0.09440674149041683,-0.01264701783657074,-0.3070288896560669,-0.04994429164176495,0.013548806309700012,-0.3535575866699219,-0.10571362339501889,0.024983271956443787,-0.22730720043182373,-0.09189797454124005,0.022824928164482117,-0.1766204833984375,-0.06992696486955197,-0.07439197599887848,-0.27048951387405396,-0.062380167474799464,-0.05947950482368469,-0.3169701099395752,-0.1017259683514169,-0.037760719656944275,-0.23217707872390747,-0.08870147429948361,-0.031567975878715515,-0.1907256841659546,-0.07194327824359448,-0.3758885626803863,-1.5114879462044384,1.344700642651055,1.3052151888212333,1.0780779759690982,0.49407023379525744,0.2595911960813811,0.31631070636487923,0.3702538435518259,0.4488822382687312,0.474790128256167,0.4762350704522896,0.05875653237346363,0.11068731960241446,0.05619203412357013,L
0.0,0.0,0.0,0.1001686155796051,-0.05735445022583008,-0.042209788143836136,0.19322696328163147,-0.14990925788879395,-0.060497033328019256,0.276577889919281,-0.20071029663085938,-0.07603184777518379,0.3470956087112427,-0.19648241996765137,-0.0886878882648574,0.11038291454315186,-0.34726572036743164,-0.032758253544770355,0.12153539061546326,-0.4988332986831665,-0.06114443662782776,0.13148057460784912,-0.578577071428299,-0.08022595095654594,0.13265976309776306,-0.6521702706813812,-0.09731598842164146,0.04919642210006714,-0.3479912281036377,-0.035369249910317535,0.08302518725395203,-0.4280167818069458,-0.08368984508534538,0.08695998787879944,-0.28876858949661255,-0.09061260420104134,0.08161759376525879,-0.2169971466064453,-0.08487257260104286,-0.010822698473930359,-0.32257550954818726,-0.04397362369319069,0.013925820589065552,-0.361725389957428,-0.10072794455309975,0.022912263870239258,-0.23513615131378174,-0.08726716685315239,0.022123634815216064,-0.19050675630569458,-0.06467585909386742,-0.07206909358501434,-0.28933560848236084,-0.05604841458817589,-0.05875903367996216,-0.32936030626296997,-0.09358443963547813,-0.03799450397491455,-0.24610912799835205,-0.08069631356021034,-0.03203144669532776,-0.21075016260147095,-0.06437849152108299,-0.2939148864630527,-1.4978642011151195,1.328171003545929,1.3263226695159078,1.099594178998939,0.5036210372612194,0.2662694695768264,0.32502691023064634,0.37939543041676405,0.4381563088297458,0.4747119507252851,0.471142129723496,0.06512504840562867,0.11382060097702192,0.05781494920753216,L
0.0,0.0,0.0,0.0950985699892044,-0.04210615158081055,-0.04323031744126027,0.1911294311285019,-0.134688138961792,-0.0653775184429044,0.2730616480112076,-0.18741917610168457,-0.08539494117859547,0.34187085926532745,-0.18296074867248535,-0.10370144238833134,0.11102475225925446,-0.3342004418373108,-0.0400157309151048,0.11866743862628937,-0.4808575212955475,-0.07211258253220265,0.12890829145908356,-0.5631148815155029,-0.09104894837502187,0.13222374022006989,-0.6353777348995209,-0.10752555718783086,0.047367796301841736,-0.334266722202301,-0.04404086237910931,0.08230175077915192,-0.40725624561309814,-0.09940253188971226,0.08323590457439423,-0.2655796408653259,-0.10628127297524159,0.0755922943353653,-0.195628821849823,-0.09815093120697682,-0.013429105281829834,-0.3104415535926819,-0.05379817998174374,0.010892748832702637,-0.3477594256401062,-0.11762461802128499,0.021278128027915955,-0.22058558464050293,-0.10378542533281987,0.019779667258262634,-0.175134539604187,-0.07884307941559499,-0.0757666826248169,-0.2776108980178833,-0.06667821100119298,-0.059457212686538696,-0.3170332908630371,-0.11131998142365163,-0.03797471523284912,-0.22944366931915283,-0.09950190028313344,-0.03292997181415558,-0.19119584560394287,-0.08198947450283711,-0.3099156708842281,-1.5005251504760289,1.3699567251157143,1.3301208497585035,1.1105874845191868,0.4986311702558616,0.2665797333241716,0.32218625904422526,0.37489129064215626,0.44338045422794964,0.4737799788508365,0.47389165362651514,0.059456412152193674,0.10861276871815755,0.05510237382874163,L
0.0,0.0,0.0,0.09707702696323395,-0.04940134286880493,-0.04073758962032059,0.19099943339824677,-0.142785906791687,-0.06182114946123818,0.2733141928911209,-0.1930849552154541,-0.08122172000285843,0.3438112288713455,-0.1901291012763977,-0.09870961847182969,0.10750697553157806,-0.34156692028045654,-0.0374496707546399,0.11661691963672638,-0.4915851354598999,-0.06864139976379136,0.1287233680486679,-0.57314532995224,-0.0884072387444661,0.13294602930545807,-0.646050363779068,-0.10569841208335617,0.04475988447666168,-0.3420088291168213,-0.0422915348636792,0.08069868385791779,-0.4185999035835266,-0.09573264213678101,0.08534230291843414,-0.2791990637779236,-0.10385769399282196,0.07796774804592133,-0.20564651489257812,-0.09778080674287537,-0.015739455819129944,-0.31728190183639526,-0.05247889625307778,0.012000083923339844,-0.3544173836708069,-0.11371921541568497,0.022937580943107605,-0.22621625661849976,-0.09939838739511231,0.020051375031471252,-0.1764380931854248,-0.07502210678931931,-0.0771336704492569,-0.2841286063194275,-0.06575464995977143,-0.058632150292396545,-0.3233709931373596,-0.1075083220231221,-0.03789956867694855,-0.23805803060531616,-0.09444993528005341,-0.03402891755104065,-0.19900411367416382,-0.07679960670348862,-0.30043573500162685,-1.4874416808057618,1.331919405101387,1.3219464444883335,1.1020632489064615,0.5023229339677717,0.2662959752281534,0.32404920407395515,0.3779443637541784,0.44382221837610486,0.4829916020551084,0.47721167484732296,0.06486476826268499,0.11219346950150048,0.05859951643578879,L
0.0,0.0,0.0,0.10289713740348816,-0.06434613466262817,-0.04188837901507014,0.1950661838054657,-0.15864849090576172,-0.057362601615530195,0.278207391500473,-0.20749986171722412,-0.06949752242122287,0.34833863377571106,-0.20742976665496826,-0.07857902766023273,0.10471686720848083,-0.35339564085006714,-0.03104668156061763,0.11901798844337463,-0.5059825778007507,-0.059119515575510206,0.1315583884716034,-0.5860975384712219,-0.07840611458573932,0.1354045271873474,-0.6603663563728333,-0.09548246533427829,0.04408159852027893,-0.35365742444992065,-0.03308992878351802,0.0829608142375946,-0.4324977695941925,-0.08259098649774188,0.08726844191551208,-0.29211270809173584,-0.09034993172441119,0.07842457294464111,-0.2175501585006714,-0.08453181803975696,-0.014973148703575134,-0.3281201720237732,-0.041149676300626936,0.01662011444568634,-0.3693639039993286,-0.09944652438912982,0.024784594774246216,-0.2379043698310852,-0.08562052667890185,0.01959201693534851,-0.1896437406539917,-0.0617869053855955,-0.07564933598041534,-0.29368627071380615,-0.05256346658621425,-0.056219860911369324,-0.33529406785964966,-0.09272317261252994,-0.03440141677856445,-0.24975168704986572,-0.08011869014058703,-0.03154395520687103,-0.21231120824813843,-0.06297754914317721,-0.30812842919993483,-1.4711580303518126,1.3236326414967838,1.326184323782703,1.0741149706825555,0.5004922457479578,0.27010372556747364,0.32922739983921684,0.3799139506311093,0.4464671323663798,0.4847600627940152,0.4781476879948024,0.0651155726659916,0.11009325039964273,0.055934798954332045,L
0.0,0.0,0.0,0.09755262732505798,-0.04768681526184082,-0.038666013196074545,0.19417119026184082,-0.1438247561454773,-0.05677624376114565,0.27628377079963684,-0.1929001808166504,-0.07343720974024492,0.3459049165248871,-0.19095629453659058,-0.08799863936003405,0.11025106906890869,-0.34251320362091064,-0.036105468437039434,0.12055298686027527,-0.4933828115463257,-0.06699694277342516,0.12963202595710754,-0.5726324021816254,-0.08701016338165957,0.13153788447380066,-0.6440371870994568,-0.10453572453554827,0.0456986129283905,-0.3430781364440918,-0.04243049354847628,0.0848701000213623,-0.4195581078529358,-0.0982081028967734,0.09036633372306824,-0.279624342918396,-0.10950010599192339,0.08234572410583496,-0.20020562410354614,-0.10571699918802935,-0.016066983342170715,-0.31726157665252686,-0.05378385590013224,0.015057563781738281,-0.3557273745536804,-0.11506215812262255,0.026474684476852417,-0.22821760177612305,-0.10359005959328371,0.023243755102157593,-0.1741039752960205,-0.08181390495594698,-0.07728610932826996,-0.28290098905563354,-0.06818367870148379,-0.057790607213974,-0.31852781772613525,-0.1100040930658217,-0.0380641371011734,-0.23606657981872559,-0.09971367152031618,-0.034972503781318665,-0.19815683364868164,-0.08476770998533922,-0.30117126275959966,-1.5003158427133274,1.3197073872947713,1.3028042319758448,1.1077008577519096,0.5012339968876364,0.26372144017129345,0.3231009528838483,0.3809454778083274,0.4465493533228557,0.4822497713967892,0.47595692976387977,0.06460912327669402,0.11733611608072791,0.06298946573293909,L
0.0,0.0,0.0,0.09750697016716003,-0.048494935035705566,-0.03803038146985216,0.1939106583595276,-0.1424117088317871,-0.056948649852401445,0.2772955298423767,-0.19223636388778687,-0.07514785525096102,0.3475643992424011,-0.18910598754882812,-0.09164084789050264,0.1120913028717041,-0.3411809802055359,-0.03134225231302423,0.12366634607315063,-0.4910668730735779,-0.06013413813603563,0.13512209057807922,-0.5706035494804382,-0.07810755368960542,0.1413777470588684,-0.6400917768478394,-0.09407041516793413,0.04897621273994446,-0.343689501285553,-0.03753252994907541,0.089745432138443,-0.42297428846359253,-0.09110337045682115,0.09098771214485168,-0.28999149799346924,-0.10148853358519716,0.08162054419517517,-0.21313035488128662,-0.096819254725105,-0.011566832661628723,-0.3205551505088806,-0.04883241575849695,0.020494043827056885,-0.3571833670139313,-0.10979238447440309,0.029174596071243286,-0.233334481716156,-0.09867067929995699,0.025750041007995605,-0.17823201417922974,-0.07635242786896868,-0.07297421991825104,-0.28978919982910156,-0.06297457513106508,-0.05110931396484375,-0.3275650143623352,-0.10414252725136919,-0.032922595739364624,-0.244942307472229,-0.09316241291058702,-0.029292374849319458,-0.20432132482528687,-0.07717614170802278,-0.29502441163035503,-1.473130840842226,1.3257849009326588,1.314370338921037,1.0983154913032187,0.4958841776950594,0.26702678566597926,0.32199801934587274,0.3771638034955827,0.4311229281095976,0.47611364901553854,0.4680001894957901,0.06587417787073689,0.11126218864240504,0.06091239343020498,L
0.0,0.0,0.0,0.09581179916858673,-0.04667794704437256,-0.03876727615990916,0.191684290766716,-0.14043080806732178,-0.059674901715901285,0.27673427760601044,-0.1882462501525879,-0.07984630932607928,0.34662167727947235,-0.19198524951934814,-0.09848842193880358,0.11231513321399689,-0.3388935923576355,-0.033825764260676294,0.12455533444881439,-0.4865943491458893,-0.06521958281793871,0.13670141994953156,-0.5676558017730713,-0.08429438044824877,0.141817107796669,-0.6380785405635834,-0.10071993788280764,0.05014432966709137,-0.34061336517333984,-0.040585113517430216,0.09129349887371063,-0.4185498356819153,-0.09501745720901766,0.09136228263378143,-0.2845436930656433,-0.10436383803882876,0.08180610835552216,-0.2146034836769104,-0.0988301204661397,-0.010670855641365051,-0.31734031438827515,-0.052770929239180475,0.020388349890708923,-0.3555375933647156,-0.11619263311424533,0.029479607939720154,-0.23014718294143677,-0.10382300039329806,0.02589447796344757,-0.1805005669593811,-0.0804096253732709,-0.0734376460313797,-0.2851179838180542,-0.06765729357996264,-0.05028890073299408,-0.3228035569190979,-0.11201331933536807,-0.03131166100502014,-0.23641449213027954,-0.10049195756712237,-0.028567716479301453,-0.19712650775909424,-0.0835933925727872,-0.3212198033170458,-1.4725062625945493,1.3246281333249557,1.3096841183649763,1.099232377699224,0.4908606075004524,0.2657797397487659,0.3209327566868242,0.3752246176963393,0.4277060250441841,0.4720335348629143,0.4727258016841947,0.06549136845220672,0.11174894136366685,0.05694341516800137,L
0.0,0.0,0.0,0.09263138473033905,-0.04208093881607056,-0.04161991720386027,0.18804879486560822,-0.13387221097946167,-0.06412864272780894,0.2717490941286087,-0.18405938148498535,-0.08491524850316523,0.34284593164920807,-0.18158036470413208,-0.10408362542577265,0.10945256054401398,-0.3366934061050415,-0.04038999026008128,0.12128804624080658,-0.48347383737564087,-0.07233065908141612,0.13212279975414276,-0.5644180774688721,-0.0915720293421316,0.13647069036960602,-0.635458916425705,-0.10836577211804865,0.045876577496528625,-0.3406183123588562,-0.04517884721346377,0.08610369265079498,-0.40959933400154114,-0.09942167793698786,0.08521340787410736,-0.27165544033050537,-0.1065610030788946,0.07551838457584381,-0.20198720693588257,-0.09968142007775782,-0.015228092670440674,-0.3190045952796936,-0.05539430846758364,0.01490640640258789,-0.3483356833457947,-0.1174862960476446,0.02287416160106659,-0.22051692008972168,-0.10290509258695124,0.0194234699010849,-0.1720234751701355,-0.07851585542150019,-0.07694076001644135,-0.2877756953239441,-0.0687446350354719,-0.056181639432907104,-0.32045644521713257,-0.11153742467351435,-0.03791043162345886,-0.23437809944152832,-0.0989769080776739,-0.03481602668762207,-0.19760960340499878,-0.08170657401271342,-0.298960738658389,-1.48060908515782,1.3601503453263428,1.3392688152394427,1.1337391732241644,0.4985945045085099,0.26810530885108064,0.3235636303739671,0.37800197257175655,0.4377361151534167,0.477987928750456,0.47016078138541845,0.06359610580608001,0.11042121952563842,0.05997143443546455,L
0.0,0.0,0.0,0.09340205788612366,-0.04093688726425171,-0.04176483393660391,0.19037657976150513,-0.13525474071502686,-0.06373464779010618,0.27495935559272766,-0.18150252103805542,-0.08380529002300108,0.34788790345191956,-0.17847460508346558,-0.1020932541882118,0.11656978726387024,-0.33140701055526733,-0.041316953459890726,0.12722286581993103,-0.48117032647132874,-0.0752210812365135,0.13737446069717407,-0.5648288726806641,-0.09676572398296202,0.14015287160873413,-0.6396379768848419,-0.11517183945527876,0.052751123905181885,-0.3340480923652649,-0.04680967793813551,0.08830159902572632,-0.4064224362373352,-0.10463355199447477,0.0878952145576477,-0.2683030366897583,-0.11537378744235838,0.07739251852035522,-0.19536197185516357,-0.1105291740690788,-0.010473653674125671,-0.31157541275024414,-0.057513144770773295,0.015011206269264221,-0.3493994176387787,-0.12056030795923078,0.023789972066879272,-0.22562533617019653,-0.10774571166387403,0.020963013172149658,-0.1778573989868164,-0.08443890974870527,-0.07419171929359436,-0.2802760601043701,-0.07132640198818052,-0.05570481717586517,-0.31448131799697876,-0.11407176868072355,-0.036852434277534485,-0.22936230897903442,-0.10180596725097502,-0.03359360992908478,-0.1924648880958557,-0.08464417324415052,-0.2678009721061185,-1.4944340211036828,1.3949539684681889,1.3398927073153353,1.1377327376872277,0.5057919522354065,0.27102202203097264,0.3269254728952844,0.3817379638839032,0.4486870073502338,0.47691458824192773,0.4797411918773019,0.05908213896895098,0.11102393346708646,0.05647834861502989,L
0.0,0.0,0.0,0.09449401497840881,-0.04015129804611206,-0.04063719581515812,0.19341379404067993,-0.1272149682044983,-0.06481487374455952,0.284086674451828,-0.16907364130020142,-0.08786839317233586,0.3560793101787567,-0.1641402244567871,-0.10954862903506779,0.127112478017807,-0.32479339838027954,-0.04426595639140629,0.14501097798347473,-0.475740909576416,-0.08066732506902241,0.15310192108154297,-0.5637182593345642,-0.10563028674275898,0.15424570441246033,-0.6376151442527771,-0.12632515351922535,0.06387817859649658,-0.33508312702178955,-0.05002109031827473,0.0973874032497406,-0.3827512562274933,-0.1088389612332108,0.08977517485618591,-0.24707889556884766,-0.12076994847209477,0.07854035496711731,-0.17377811670303345,-0.11790282349736714,0.0007248967885971069,-0.31809741258621216,-0.06052539195568585,0.02504575252532959,-0.34272301197052,-0.11958736251742863,0.02682584524154663,-0.22330790758132935,-0.10367641668469929,0.02128051221370697,-0.17065507173538208,-0.08038196038157963,-0.06309482455253601,-0.2903147339820862,-0.07471367042214894,-0.04789029061794281,-0.31462711095809937,-0.11443703692109608,-0.032031089067459106,-0.23004722595214844,-0.10012024711520695,-0.026860326528549194,-0.18872743844985962,-0.08181110839993977,-0.22321833008144923,-1.4842758455263094,1.4801482171449032,1.4322745751185249,1.2281799624492864,0.514699236537654,0.27770624880783407,0.3348621781478249,0.3837281543664272,0.4699745610783877,0.48552183438224716,0.48404500499872166,0.05734494748463243,0.10645555824117905,0.05142130680438283,L
0.0,0.0,0.0,0.09244586527347565,-0.03975653648376465,-0.045522680260589254,0.1893150955438614,-0.12574464082717896,-0.07344304186885608,0.2784014195203781,-0.16617155075073242,-0.09993038488214268,0.3528393357992172,-0.16423535346984863,-0.12464297724550022,0.12653006613254547,-0.3245221972465515,-0.046463416643788946,0.1429123431444168,-0.4737399220466614,-0.08475373102014316,0.15094690024852753,-0.5622568726539612,-0.11013546002691044,0.15159852802753448,-0.6358888447284698,-0.1308710367757584,0.06026564538478851,-0.33498626947402954,-0.05094534320419086,0.09219251573085785,-0.3854834735393524,-0.1139689029533173,0.08472834527492523,-0.24246031045913696,-0.1259472758847977,0.07467232644557953,-0.16440558433532715,-0.12137869162147297,-0.0044146329164505005,-0.3189544677734375,-0.06091127706353916,0.018813759088516235,-0.34340929985046387,-0.12381673020904316,0.021249309182167053,-0.21993231773376465,-0.10721232903783573,0.015935629606246948,-0.1651703119277954,-0.08199959410016788,-0.0686778575181961,-0.29141920804977417,-0.07505300057714237,-0.05184479057788849,-0.3150879144668579,-0.11785704059188618,-0.03577744960784912,-0.22703170776367188,-0.10407400292938007,-0.030805259943008423,-0.18449556827545166,-0.08519354624336017,-0.23117422696201848,-1.4904585419826422,1.4865395837813569,1.4392306985300625,1.2303827395897906,0.5127912621418638,0.2781670614420304,0.33690500351564584,0.38417919275539236,0.4777175999696636,0.48987790226757955,0.4868542203709378,0.05874167484747387,0.10737378024953995,0.050578417222747474,L
0.0,0.0,0.0,0.10016803443431854,-0.047997355461120605,-0.04981332800907978,0.19385747611522675,-0.12085914611816406,-0.07714068673176655,0.287886306643486,-0.15538561344146729,-0.10034633956475147,0.3601505011320114,-0.14759129285812378,-0.1197888755015839,0.1295519918203354,-0.3280801773071289,-0.043718428980540125,0.1497049480676651,-0.47784802317619324,-0.07842896662278065,0.1586274355649948,-0.5637718141078949,-0.1008931823782433,0.15802572667598724,-0.6352737545967102,-0.11872326366228947,0.06439365446567535,-0.3364301323890686,-0.0446463652662743,0.09455136954784393,-0.39679935574531555,-0.09575521729512104,0.08851023018360138,-0.25649815797805786,-0.10105184994263539,0.08032889664173126,-0.18920660018920898,-0.09416541240734944,-0.00027267634868621826,-0.31836414337158203,-0.05201159201187977,0.019770637154579163,-0.36141836643218994,-0.1070381157807816,0.023183703422546387,-0.23783725500106812,-0.08684189401192555,0.017873167991638184,-0.19492393732070923,-0.06123535863680729,-0.06377463042736053,-0.2848735451698303,-0.0640032344274033,-0.05332024395465851,-0.33010703325271606,-0.09794710360093006,-0.03424328565597534,-0.2436150312423706,-0.07737631134314427,-0.031404972076416016,-0.20811402797698975,-0.05574590123815426,-0.15938963863605168,-1.4783705356090386,1.4629776535289685,1.4248405849070898,1.1717222463333319,0.5279096588776402,0.2828992119886081,0.34553458873679715,0.39620536349946595,0.45278328551148794,0.4621154631483103,0.467278740877068,0.06271687161433746,0.11332232015042012,0.051012876610593796,L
0.0,0.0,0.0,0.09786811470985413,-0.041049838066101074,-0.04651719627148054,0.1936529576778412,-0.11587953567504883,-0.07594221380716704,0.28564712405204773,-0.1517794132232666,-0.10395249274736784,0.3582319915294647,-0.13967561721801758,-0.13077567068106077,0.12775233387947083,-0.32121962308883667,-0.04619285014635466,0.14622566103935242,-0.4732736349105835,-0.08183538464075468,0.15542766451835632,-0.5589213371276855,-0.10529588458305739,0.15378347039222717,-0.6290665864944458,-0.12449258116251372,0.05941292643547058,-0.3285815119743347,-0.05088329983121298,0.08853331208229065,-0.39090853929519653,-0.10918243524795912,0.08608585596084595,-0.24687647819519043,-0.11895413992172621,0.07865479588508606,-0.17023879289627075,-0.1137731924391403,-0.005543962121009827,-0.3089149594306946,-0.06095640284186743,0.014725416898727417,-0.3546218276023865,-0.11991820779806517,0.020679116249084473,-0.22734487056732178,-0.1008557706809654,0.014967530965805054,-0.17126893997192383,-0.07500942346817396,-0.07082599401473999,-0.2780882716178894,-0.07555683252579115,-0.0569777637720108,-0.3208509087562561,-0.11633172926670454,-0.03881460428237915,-0.23174172639846802,-0.09968097803360365,-0.0348653644323349,-0.18721652030944824,-0.0792139649129524,-0.14359245469303858,-1.4864383111406363,1.4498688612965076,1.4228686244267543,1.1939768575167726,0.5303797871379766,0.28124280618695824,0.3447152853133913,0.39596170109103557,0.46493791188864075,0.4783811766785981,0.4804371591252613,0.06369559573389794,0.11478270787278506,0.05232248830458805,L
0.0,0.0,0.0,0.09861433506011963,-0.0430946946144104,-0.04456097391101821,0.19347983598709106,-0.11656379699707031,-0.07402670514437659,0.28777197003364563,-0.15188294649124146,-0.10245849323126777,0.3598121702671051,-0.14236098527908325,-0.12950649243447288,0.1268160045146942,-0.325878381729126,-0.043330886779756383,0.14438575506210327,-0.47643840312957764,-0.07863345873209937,0.15335410833358765,-0.5615775287151337,-0.10229934882971747,0.15076297521591187,-0.6302869319915771,-0.12155091893527015,0.05977529287338257,-0.3322773575782776,-0.04842355233284934,0.08708718419075012,-0.39318200945854187,-0.10367719960066779,0.08453300595283508,-0.2523365616798401,-0.11240160596224769,0.07693910598754883,-0.18186891078948975,-0.10767848175618155,-0.0048818886280059814,-0.3112407922744751,-0.05881983172747596,0.011500000953674316,-0.35770225524902344,-0.1154334632739733,0.018071383237838745,-0.23375171422958374,-0.09530943763110145,0.012698173522949219,-0.18003737926483154,-0.06975250822159751,-0.06883199512958527,-0.2760657072067261,-0.07356561851355536,-0.05889590084552765,-0.3219085931777954,-0.11117479336115821,-0.03969654440879822,-0.23526877164840698,-0.0924871427998255,-0.035612285137176514,-0.19252806901931763,-0.07146882396790488,-0.15386833549716353,-1.4922907971315549,1.4571731432854838,1.4375987787471871,1.1923074447924005,0.5308232242722951,0.2856187085487255,0.3491527422196068,0.39859407449530954,0.4544542720743663,0.4709421930525567,0.47578205071486984,0.06426703596438119,0.11305500120861266,0.049899075607615626,L
0.0,0.0,0.0,0.11375103890895844,-0.0667879581451416,-0.04792905695940419,0.19907177984714508,-0.12627696990966797,-0.0737326229384081,0.29634760320186615,-0.15969306230545044,-0.09289842941070958,0.371568962931633,-0.16225337982177734,-0.10451009966637059,0.1387876719236374,-0.3326583504676819,-0.036435258614076815,0.15477611124515533,-0.4862295687198639,-0.0687413076331751,0.16026650369167328,-0.5745678544044495,-0.09151596673036977,0.15826095640659332,-0.649804949760437,-0.10880065061355992,0.07385571300983429,-0.33953386545181274,-0.03246677391435071,0.09472037851810455,-0.4060318171977997,-0.08046195008064672,0.09081031382083893,-0.2666016221046448,-0.08531440891529485,0.0854092687368393,-0.19107574224472046,-0.07956451274658605,0.006790757179260254,-0.31867414712905884,-0.03409112714435025,0.023141860961914062,-0.3734791874885559,-0.08697244622017308,0.029392972588539124,-0.2478380799293518,-0.0648483792712824,0.029834523797035217,-0.1929498314857483,-0.03790753059293195,-0.051765069365501404,-0.27657628059387207,-0.03955912687088414,-0.04685775935649872,-0.33794885873794556,-0.06746419616247579,-0.024741828441619873,-0.24836796522140503,-0.04152556233312055,-0.01749427616596222,-0.20818090438842773,-0.01683482624794408,-0.20561482510891377,-1.5094717931129165,1.493129203703521,1.3895203484202368,1.1062939952583644,0.532171813418691,0.2876075436376754,0.34311033070340013,0.3917646506895853,0.4644780449325121,0.47456290171756704,0.4753122123692717,0.05560633494133214,0.10431551239161606,0.04971922050579798,L
0.0,0.0,0.0,0.10314317047595978,-0.05643576383590698,-0.04735772260666238,0.19454343616962433,-0.1287531852722168,-0.07352518611789094,0.2903592437505722,-0.16827499866485596,-0.09556219303250657,0.36514805257320404,-0.16410547494888306,-0.1133189904058014,0.12943871319293976,-0.3361942172050476,-0.03795488872766839,0.1450415700674057,-0.4909015893936157,-0.07022050344586717,0.15241549909114838,-0.57711061835289,-0.09308186494946824,0.14881210029125214,-0.6494831740856171,-0.11154416525006638,0.06489013135433197,-0.34089839458465576,-0.03749004700422631,0.08724386990070343,-0.40701186656951904,-0.0848710271084343,0.08304189145565033,-0.2673271894454956,-0.09045563959718095,0.07612578570842743,-0.20133382081985474,-0.08532506549001084,0.00042785704135894775,-0.31821101903915405,-0.04302422278762208,0.01311008632183075,-0.370638906955719,-0.09604271077752458,0.021122828125953674,-0.24516713619232178,-0.0766433882081543,0.020074650645256042,-0.19447791576385498,-0.05219850265622483,-0.0610528439283371,-0.2780575752258301,-0.052742797371152506,-0.056204795837402344,-0.32977598905563354,-0.0851749958956276,-0.03405846655368805,-0.24272561073303223,-0.06471018814683305,-0.026640400290489197,-0.20139086246490479,-0.04354193010568963,-0.20432588863412693,-1.509036253882364,1.4904645133190566,1.4133272790966114,1.1488927520522139,0.5314063935153668,0.2914100555573586,0.3464074737634656,0.39355862577200146,0.45400566423796346,0.4728669115531439,0.4812175180663932,0.05646886908737206,0.1027662018297514,0.04722377384348722,L
0.0,0.0,0.0,0.10421322286128998,-0.0580214262008667,-0.048809302231852314,0.1966768354177475,-0.12840133905410767,-0.07644472383577039,0.2947375625371933,-0.17065948247909546,-0.09949458502847364,0.366952583193779,-0.162947416305542,-0.11717338972407987,0.12683136761188507,-0.3399248719215393,-0.039960437646691105,0.14183984696865082,-0.49794259667396545,-0.07338704281169584,0.14991237223148346,-0.5826334655284882,-0.09608124308902433,0.14671050012111664,-0.6533899903297424,-0.11332293712217023,0.061971619725227356,-0.34310752153396606,-0.03802488484102895,0.08373840153217316,-0.40204566717147827,-0.08632864170390775,0.08277060091495514,-0.26164573431015015,-0.0895481120856445,0.07716627418994904,-0.19662821292877197,-0.0819051798494499,-0.0026040226221084595,-0.31922781467437744,-0.042288203916136524,0.0099114328622818,-0.36301106214523315,-0.095925555756871,0.020380601286888123,-0.24040836095809937,-0.0753785308511894,0.02132555842399597,-0.19146233797073364,-0.049197917065207264,-0.06040722131729126,-0.27681124210357666,-0.05077764876801183,-0.05779758095741272,-0.32215672731399536,-0.07999013476688077,-0.0333966463804245,-0.23823261260986328,-0.05717517175394704,-0.024948343634605408,-0.20020008087158203,-0.03445119523126294,-0.20016626020187553,-1.5074637715909796,1.4674335821007283,1.3856483418723642,1.1373143030709916,0.5376248632379913,0.2917370407528646,0.3468012990298396,0.39366749607532575,0.4620256709911896,0.4786423922076853,0.4846110323488798,0.05607915656762365,0.1021770689247626,0.04709163580435871,L
0.0,0.0,0.0,0.10008972883224487,-0.05187249183654785,-0.049921675565116175,0.19615110754966736,-0.12387830018997192,-0.08037140870320059,0.29052019119262695,-0.16615182161331177,-0.10781140530335165,0.36787670850753784,-0.1589822769165039,-0.1321931248329804,0.12932461500167847,-0.3371948003768921,-0.038743789287678965,0.14404267072677612,-0.4924057722091675,-0.06931374871956564,0.1517588496208191,-0.5763474106788635,-0.09108670705782629,0.1463240087032318,-0.6448110342025757,-0.10919821167217947,0.06300961971282959,-0.33915144205093384,-0.03837567845212675,0.08221587538719177,-0.4062454104423523,-0.08678723776566244,0.08199623227119446,-0.26476049423217773,-0.09326680654513098,0.0786365270614624,-0.19523000717163086,-0.08827406072842336,-0.0010972470045089722,-0.31497836112976074,-0.04417987817751623,0.011385127902030945,-0.3666893243789673,-0.09563384855019308,0.020809009671211243,-0.242267906665802,-0.07606466019379354,0.02056451141834259,-0.19038867950439453,-0.051831564845912226,-0.06296741962432861,-0.27772217988967896,-0.05475134307371832,-0.056615278124809265,-0.3301119804382324,-0.0868507837675736,-0.036622777581214905,-0.2452654242515564,-0.06786033416020132,-0.02918902039527893,-0.20503348112106323,-0.0478711304985211,-0.20164097117877447,-1.5155907852357025,1.4626406025458498,1.3986523527031298,1.135785789365051,0.5339617778424836,0.2915026252224962,0.34872929955832027,0.3997272901339302,0.45464788027351893,0.47150305153496896,0.4735072539863536,0.058273471274983266,0.10827029502972262,0.05186409299622072,L
0.0,0.0,0.0,0.11930015683174133,-0.07374870777130127,-0.04380035873566612,0.20494484901428223,-0.13301783800125122,-0.06528918918286308,0.2982974350452423,-0.1680237054824829,-0.08165615525160774,0.3734643757343292,-0.16568946838378906,-0.09100119497691139,0.13667339086532593,-0.3450392484664917,-0.018668237217411843,0.15452882647514343,-0.4980027675628662,-0.04548990454588875,0.16066855192184448,-0.5792367458343506,-0.06792182948504433,0.15540748834609985,-0.6493614315986633,-0.08568806674395546,0.07355594635009766,-0.34765326976776123,-0.016175570972905007,0.09261742234230042,-0.41881364583969116,-0.06013374503766045,0.09023916721343994,-0.2786465287208557,-0.06794427063380226,0.08369633555412292,-0.20534586906433105,-0.06514185395155891,0.006675496697425842,-0.322221040725708,-0.019675462581858483,0.022862643003463745,-0.3835417330265045,-0.07066323336277947,0.028792813420295715,-0.25305724143981934,-0.05038346450839981,0.028597280383110046,-0.19980132579803467,-0.024785433971032944,-0.054031044244766235,-0.27571743726730347,-0.026808454730257836,-0.046555399894714355,-0.3490225076675415,-0.05384684454713806,-0.02616715431213379,-0.2567151188850403,-0.02802031029079899,-0.021037116646766663,-0.21694296598434448,-0.003809361560911384,-0.19149872878911933,-1.5093138355403264,1.4996596292539908,1.3936036726454337,1.059269525411914,0.5305538371716613,0.29246905344807567,0.34655004295517944,0.3978169786562685,0.4497691732516067,0.46710289826877455,0.46703150646967123,0.055377322441322076,0.10537356721155552,0.0525110388089623,L
0.0,0.0,0.0,0.12984409928321838,-0.07470893859863281,-0.0417373418539686,0.21657705307006836,-0.13183188438415527,-0.05657380220591257,0.3081064522266388,-0.16403281688690186,-0.0643634773522539,0.3841531574726105,-0.15570741891860962,-0.06299496960937212,0.14938101172447205,-0.344898521900177,-0.014454671713702183,0.1694221794605255,-0.4991644322872162,-0.03773443919717501,0.1730961799621582,-0.5790054500102997,-0.05708398443757723,0.16662877798080444,-0.6458528935909271,-0.07279396575986574,0.08632352948188782,-0.35175496339797974,-0.009896644923083286,0.10880661010742188,-0.42946216464042664,-0.048253828260294895,0.0988360345363617,-0.2876753807067871,-0.05233265605866144,0.08700624108314514,-0.20737862586975098,-0.04830157158075998,0.018032267689704895,-0.32932108640670776,-0.01156767883449028,0.039742857217788696,-0.3905845880508423,-0.057336752834908467,0.03838542103767395,-0.2594607472419739,-0.03534202423989008,0.03544488549232483,-0.20611846446990967,-0.010319926376633148,-0.04305295646190643,-0.2831913232803345,-0.016923373165719013,-0.03170551359653473,-0.3569406270980835,-0.04107034725248049,-0.015088379383087158,-0.26486146450042725,-0.015509606871001225,-0.009870320558547974,-0.22871243953704834,0.007094376654185552,-0.1415232894180761,-1.513548711260284,1.5660676674840224,1.4303930776870637,1.0237185585242834,0.5362456918382158,0.3016060403034985,0.3523332690238776,0.40072962739891027,0.4456449616405876,0.4588851509940326,0.45294380467501727,0.05157675248711058,0.09919778123077012,0.050635517265725086,L
0.0,0.0,0.0,0.13185369968414307,-0.0639955997467041,-0.045528021338057556,0.21848544478416443,-0.12138468027114868,-0.06604754242546562,0.31183508038520813,-0.14958500862121582,-0.0816323912466288,0.38581857085227966,-0.14683860540390015,-0.08949498149998192,0.15199676156044006,-0.3388269543647766,-0.013693036208522358,0.1709991991519928,-0.49231988191604614,-0.041560665401291885,0.1784154176712036,-0.5747866332530975,-0.06499540123589043,0.17339736223220825,-0.6457563638687134,-0.0835550061190844,0.08881327509880066,-0.3459951877593994,-0.0099026399428368,0.11269363760948181,-0.42061126232147217,-0.05517615068204407,0.10325616598129272,-0.2768225073814392,-0.06317596200354103,0.09160569310188293,-0.19897931814193726,-0.059562598052096405,0.01979847252368927,-0.32246845960617065,-0.012915585818362274,0.043142467737197876,-0.3816109895706177,-0.06352736118681435,0.04224327206611633,-0.25126659870147705,-0.04098403889186386,0.0383625328540802,-0.1980433464050293,-0.013616271945309677,-0.04400138556957245,-0.2758404612541199,-0.02009805540986065,-0.028583556413650513,-0.34601646661758423,-0.04698431182153229,-0.01334477961063385,-0.2542077302932739,-0.020267582195472755,-0.008865520358085632,-0.21774357557296753,0.004693829757499657,-0.15095803528417134,-1.5011841593827646,1.551804620154075,1.4226901764266662,1.026869144544556,0.5422561199130588,0.29879737508719917,0.3512088037655078,0.401002551923586,0.4542021639396607,0.4676337788821689,0.46520393948764255,0.05325138642575883,0.10220842475577316,0.051172141243849195,L
0.0,0.0,0.0,0.129048690199852,-0.06608474254608154,-0.04798837694586666,0.2127496749162674,-0.12153267860412598,-0.071987691701068,0.310754731297493,-0.1451074481010437,-0.08956330585540684,0.3870090991258621,-0.14350056648254395,-0.09737991857589634,0.15572376549243927,-0.33728456497192383,-0.019893712729825097,0.17386214435100555,-0.49156057834625244,-0.05199226680458935,0.18027321994304657,-0.5766356587409973,-0.07607986348928364,0.17297624051570892,-0.647760421037674,-0.09300809669555576,0.0929960161447525,-0.3465629816055298,-0.013138767697526532,0.1149870902299881,-0.41456007957458496,-0.054744406968964654,0.10374082624912262,-0.2708736062049866,-0.05528644043268116,0.09253667294979095,-0.19947946071624756,-0.04747643265189083,0.02263762056827545,-0.3252136707305908,-0.013906326510621625,0.04286731779575348,-0.38165679574012756,-0.06256003248752506,0.041542962193489075,-0.2516822814941406,-0.03549651372493656,0.03976394236087799,-0.2003970742225647,-0.00580043382258566,-0.03998860716819763,-0.27746152877807617,-0.018945088044418412,-0.030260741710662842,-0.34369516372680664,-0.04058672431172283,-0.01461455225944519,-0.25371742248535156,-0.009420469768954831,-0.009437978267669678,-0.2203996777534485,0.017458374246345443,-0.12540275791257324,-1.5152855674313117,1.573919325883032,1.4344359339178834,1.0792352822810456,0.5478029440234825,0.29974596974379797,0.3518755625071861,0.40383630159772405,0.45544082317782203,0.4667756211000177,0.4646634826568535,0.05278070772883749,0.10409843885383842,0.05311245749870391,L
0.0,0.0,0.0,0.1257936805486679,-0.05784028768539429,-0.05053357179315299,0.21808727085590363,-0.11805284023284912,-0.07373846466691703,0.3169427365064621,-0.1449052095413208,-0.08964079017789572,0.38984791934490204,-0.12632763385772705,-0.09655705238731116,0.1552915722131729,-0.3348032832145691,-0.027413053019358813,0.17791961133480072,-0.48928654193878174,-0.06047413642556876,0.18442364037036896,-0.5732992589473724,-0.0855166181460163,0.18181030452251434,-0.6474540829658508,-0.10433096583039969,0.09321688115596771,-0.3427695631980896,-0.021322754724337756,0.11609618365764618,-0.4123004674911499,-0.07075693602712363,0.10427947342395782,-0.27080315351486206,-0.079494254244878,0.09420667588710785,-0.19577783346176147,-0.07650240655095786,0.024578571319580078,-0.323058545589447,-0.021733307792260348,0.0427921861410141,-0.37798503041267395,-0.07579899723680228,0.04262302815914154,-0.24967938661575317,-0.05601986642034262,0.04305671155452728,-0.19267487525939941,-0.030231657950594126,-0.036463379859924316,-0.2770480513572693,-0.02636744412632197,-0.0288524329662323,-0.3438698649406433,-0.05303465346844405,-0.011014342308044434,-0.25147169828414917,-0.027577800257517993,-0.0034741610288619995,-0.21035170555114746,-0.0037758213471761337,-0.04813908648956566,-1.4861798435700713,1.5640627522364228,1.4300125974948958,1.1114635119136733,0.5611171224807082,0.3036891092191338,0.35308086643475695,0.4021968467473194,0.46009328414591166,0.4754752226179967,0.47475132597628933,0.05124399672966454,0.09876205571109829,0.04977541996342039,L
0.0,0.0,0.0,0.11670517921447754,-0.05807775259017944,-0.04599126475100945,0.20886242389678955,-0.11969524621963501,-0.0706820380890889,0.3048747777938843,-0.15130698680877686,-0.09174163313751649,0.3811146020889282,-0.13112080097198486,-0.1078948420489354,0.1474769115447998,-0.3361108899116516,-0.02467612782662343,0.1668885350227356,-0.4927182197570801,-0.05345458956604432,0.17169412970542908,-0.5745634436607361,-0.07806350710039567,0.16587162017822266,-0.6471142470836639,-0.09824823262339066,0.0821334719657898,-0.34308022260665894,-0.023432307412676323,0.10202106833457947,-0.4204420745372772,-0.06988765718584489,0.09557488560676575,-0.27872180938720703,-0.08051419677381944,0.08659952878952026,-0.19796502590179443,-0.07935014786367844,0.014232948422431946,-0.32094985246658325,-0.0281032477522416,0.03296270966529846,-0.3815852403640747,-0.0774162528121991,0.03482627868652344,-0.2532770037651062,-0.05902800010686349,0.03193661570549011,-0.19386333227157593,-0.03556031407957505,-0.04940037429332733,-0.28137272596359253,-0.03718426497822236,-0.03830447793006897,-0.3487333059310913,-0.06546932133083772,-0.02342475950717926,-0.2592516541481018,-0.04342776583676766,-0.018405020236968994,-0.2150970697402954,-0.021832650994710434,-0.06623337103542756,-1.5117188180837304,1.5400300962103368,1.4323830195702105,1.1333428808479855,0.5590874508446944,0.30200542843966005,0.35477019520905734,0.40824985283484805,0.45609109546385435,0.4726256205508812,0.46967725271982397,0.05481658469357982,0.1063929614323274,0.05463654378027212,L
0.0,0.0,0.0,0.1259506642818451,-0.06314957141876221,-0.047047651943842084,0.2136686146259308,-0.12167489528656006,-0.07034256273237816,0.3104918897151947,-0.15406811237335205,-0.08891446107355705,0.38689401745796204,-0.13552695512771606,-0.10071839356152168,0.15221086144447327,-0.33765023946762085,-0.019774231699386746,0.17450860142707825,-0.49210435152053833,-0.050103962061086804,0.17971616983413696,-0.5763953328132629,-0.07490938120810142,0.17394858598709106,-0.649811714887619,-0.09436406904188743,0.08790114521980286,-0.34631162881851196,-0.01670582183925262,0.10900309681892395,-0.42059022188186646,-0.06632613354651085,0.09802275896072388,-0.2764011025428772,-0.07694958114353767,0.08686685562133789,-0.19518709182739258,-0.0743196677538549,0.019608676433563232,-0.3251911997795105,-0.020170695719400555,0.03884837031364441,-0.38445770740509033,-0.07360799574581733,0.037257224321365356,-0.25306689739227295,-0.054426945385614545,0.03411850333213806,-0.1963610053062439,-0.028471290704885632,-0.0444168895483017,-0.2839008569717407,-0.027845942986289174,-0.0331706702709198,-0.3544502854347229,-0.056807700184265286,-0.019522428512573242,-0.26131439208984375,-0.032932661113420636,-0.015191465616226196,-0.22050106525421143,-0.00939773918418041,-0.0797957273333966,-1.5012724062732479,1.5776401753908775,1.4586414276901793,1.1388570012576802,0.5566278567459739,0.3059013398969739,0.35798232502158966,0.41096634301459906,0.462889593376376,0.4745208088536725,0.46912854635927237,0.05276141338214284,0.10515083539603247,0.05490187184404657,L
0.0,0.0,0.0,0.12749135494232178,-0.05965065956115723,-0.04762272887504082,0.21522223949432373,-0.1167752742767334,-0.06940600999271851,0.3122052550315857,-0.14540469646453857,-0.0853008476701973,0.3863838315010071,-0.13222312927246094,-0.0936258582082985,0.15287870168685913,-0.3354499936103821,-0.017080457663297466,0.17443811893463135,-0.487565815448761,-0.0448134725598095,0.18066546320915222,-0.5704115927219391,-0.06848685421621781,0.177677720785141,-0.6427241563796997,-0.0876650063005684,0.08918958902359009,-0.34228241443634033,-0.012515831520914844,0.11120754480361938,-0.4173315465450287,-0.060606494328141025,0.09994947910308838,-0.2774423360824585,-0.07171123453056794,0.08913916349411011,-0.19664573669433594,-0.06984120585596543,0.019716978073120117,-0.3205043077468872,-0.014381438275933078,0.03957623243331909,-0.3778725862503052,-0.06514309324896317,0.03880015015602112,-0.2503688931465149,-0.04661778711354714,0.03812706470489502,-0.19288480281829834,-0.021959379097580722,-0.043064191937446594,-0.2760971784591675,-0.020532512819528392,-0.03335049748420715,-0.34645843505859375,-0.04705168657577019,-0.018300309777259827,-0.2543560266494751,-0.023425498759507946,-0.010152384638786316,-0.2135971188545227,-0.000796287801250628,-0.0900091810723923,-1.490264383552353,1.5711425687460776,1.427527070002549,1.0861049344033205,0.5515156745983645,0.30414579564012295,0.3535005152141413,0.4047995761990944,0.45478020255522195,0.4709881417031288,0.468433733668593,0.05115055079371645,0.10072815340195602,0.05253480050893435,L
0.0,0.0,0.0,0.12860125303268433,-0.06433838605880737,-0.046807267276875564,0.21323108673095703,-0.1218915581703186,-0.06712597659074504,0.3091275691986084,-0.15319645404815674,-0.08098556896888454,0.3850337266921997,-0.1420586109161377,-0.08706865510188777,0.14730995893478394,-0.3401147723197937,-0.017811039967767783,0.1681111752986908,-0.4924931824207306,-0.044776589183442184,0.17632660269737244,-0.5769209861755371,-0.06779954632960994,0.17676737904548645,-0.6510951817035675,-0.08684265664064128,0.08256757259368896,-0.34579354524612427,-0.013144095933370181,0.10642805695533752,-0.42410632967948914,-0.061603248624436446,0.09819656610488892,-0.2824554443359375,-0.07269793054305751,0.08871272206306458,-0.20242923498153687,-0.07071735015355785,0.014283612370491028,-0.3225345015525818,-0.014383349141411372,0.03629609942436218,-0.3887690007686615,-0.06594399413310725,0.035803914070129395,-0.2572566270828247,-0.046122313050858565,0.03348490595817566,-0.20262300968170166,-0.020106101913683005,-0.04778343439102173,-0.27758485078811646,-0.019686008377306052,-0.036111876368522644,-0.35654836893081665,-0.04690984687053401,-0.019678175449371338,-0.262005090713501,-0.021591771899096557,-0.014539867639541626,-0.22180253267288208,0.0026859312389717616,-0.11685025464497206,-1.4763537629368249,1.527958677149386,1.412015398455927,1.0333588421859894,0.5499937290198205,0.30240825060580884,0.3567276548815878,0.4074532492744815,0.45722505876676095,0.4708047962500233,0.46999004366687325,0.055228156046982516,0.10505437612842324,0.051712986582494166,L
0.0,0.0,0.0,0.12699754536151886,-0.06935238838195801,-0.048144026860470035,0.2133348137140274,-0.12775182723999023,-0.07024162189649985,0.3108731657266617,-0.16121667623519897,-0.08622343020128653,0.39024968445301056,-0.14954638481140137,-0.09424377159761832,0.15109936892986298,-0.3454977869987488,-0.019057017952079036,0.1728820949792862,-0.5004624128341675,-0.04661931769537375,0.1765914112329483,-0.5853641927242279,-0.06983695106195853,0.17187966406345367,-0.6573303937911987,-0.08875120358156607,0.08583326637744904,-0.3503037691116333,-0.014885142646605232,0.10621471703052521,-0.4274669587612152,-0.06372965054201529,0.09763146936893463,-0.2842440605163574,-0.07527993546413825,0.08877433836460114,-0.19954901933670044,-0.07411074565338538,0.015989184379577637,-0.32672619819641113,-0.016995973154777744,0.036354586482048035,-0.3871113955974579,-0.06777837054418967,0.03608238697052002,-0.2553919553756714,-0.047857473805422046,0.033988237380981445,-0.19702410697937012,-0.022764760270590045,-0.04726700484752655,-0.2817692756652832,-0.02369827145325587,-0.037650883197784424,-0.3530879616737366,-0.05103000552939818,-0.02126796543598175,-0.25883978605270386,-0.027068416789049365,-0.014303743839263916,-0.21846628189086914,-0.00424816526087568,-0.12257475420865614,-1.5042554453602341,1.5512898173662888,1.4329047215186619,1.0907088842450061,0.552747741361763,0.30559392624624737,0.3594111194330457,0.41038205194242705,0.46526366928545143,0.48051630901668785,0.4767242075795341,0.054844252601339856,0.10479958899428048,0.0528382656330793,L
0.0,0.0,0.0,0.12968671321868896,-0.06541848182678223,-0.046460649912390295,0.21370932459831238,-0.12174820899963379,-0.06626151779774148,0.3091816008090973,-0.1568748950958252,-0.07889823893192727,0.3875207006931305,-0.15023189783096313,-0.083193625305924,0.1483851969242096,-0.3392506241798401,-0.021022698824438635,0.16642478108406067,-0.4947487413883209,-0.049117594008478704,0.17323356866836548,-0.5817708671092987,-0.07129390070322472,0.17232441902160645,-0.6556578576564789,-0.0889721168029638,0.0829404890537262,-0.34403449296951294,-0.01637442501369435,0.10429593920707703,-0.4176088571548462,-0.06629276553276497,0.09482958912849426,-0.27610594034194946,-0.07531567195538003,0.08387252688407898,-0.1926092505455017,-0.07133037874582726,0.013547062873840332,-0.3204679489135742,-0.01766315939012486,0.032521456480026245,-0.38338956236839294,-0.0714029399502607,0.032589152455329895,-0.25216227769851685,-0.050698718969854895,0.031502485275268555,-0.19346415996551514,-0.02363211007896382,-0.04717575013637543,-0.271422803401947,-0.02274969311538655,-0.040945038199424744,-0.3478574752807617,-0.05072862187508065,-0.022082626819610596,-0.2526775598526001,-0.024618570675286833,-0.014427751302719116,-0.210868239402771,0.00037944711520765395,-0.1624331963175261,-1.495280672037113,1.5646413024044552,1.4303500521341364,1.0750427257920019,0.5493312666422636,0.3065910198956655,0.3586335151635856,0.4064964009447965,0.471420989954971,0.4831706025921941,0.48240457877918724,0.05237701908494758,0.09998167514945815,0.04911709084593904,L
0.0,0.0,0.0,0.12449513375759125,-0.06806343793869019,-0.049992089005741036,0.2104821354150772,-0.1272839903831482,-0.07225828323009864,0.3048770874738693,-0.166800856590271,-0.0878603875959243,0.38226477801799774,-0.16204023361206055,-0.09645527306440727,0.14256025850772858,-0.34190917015075684,-0.021560293468269265,0.1598295122385025,-0.49610215425491333,-0.04580274302009002,0.1662963181734085,-0.5819342136383057,-0.06652127656582252,0.1659272164106369,-0.6564873456954956,-0.08471896949652091,0.07671903073787689,-0.3472936153411865,-0.016145798223647034,0.09638689458370209,-0.42610737681388855,-0.06639434102419273,0.09368093311786652,-0.2852889895439148,-0.07957033518198386,0.08739487826824188,-0.20181119441986084,-0.07835206839683906,0.00853031873703003,-0.3240010738372803,-0.01634439344945804,0.026924818754196167,-0.38575661182403564,-0.06805234852674857,0.03131231665611267,-0.2564135789871216,-0.0498681634986724,0.03175719082355499,-0.19972175359725952,-0.024888618695172227,-0.05315011739730835,-0.28183066844940186,-0.020936806532176888,-0.04653662443161011,-0.3550766110420227,-0.04894293549898521,-0.02652527391910553,-0.2626177668571472,-0.02600964795294658,-0.01733003556728363,-0.22181159257888794,-0.0031497837832148434,-0.19963192386102538,-1.4966522023008695,1.4975452351226004,1.3860353152388152,1.032724522507887,0.5397035178779805,0.2975398916145643,0.35252725515804423,0.40404038213648535,0.46140842067840004,0.47606344313640636,0.4717268603227816,0.05567690748545417,0.1066176509982182,0.053828587023808404,L
0.0,0.0,0.0,0.12268613278865814,-0.07816439867019653,-0.04691359833176989,0.20807038247585297,-0.13645660877227783,-0.06810455829199213,0.3056754320859909,-0.17694246768951416,-0.08208902240093607,0.3837198466062546,-0.16513550281524658,-0.08706580162342448,0.1429133266210556,-0.35251951217651367,-0.020540364685615486,0.16208674013614655,-0.506426066160202,-0.048481636348327584,0.16877146065235138,-0.5920509397983551,-0.07037350595291514,0.16709177196025848,-0.6638019680976868,-0.08731870413120646,0.07873694598674774,-0.35541796684265137,-0.01545314736958403,0.09888343513011932,-0.4284376800060272,-0.06352566987570185,0.09221075475215912,-0.2855745553970337,-0.07102780849035639,0.0847678929567337,-0.20890843868255615,-0.06632389933164973,0.010605812072753906,-0.33186984062194824,-0.016379539522489495,0.02532641589641571,-0.3927043378353119,-0.07022493392523188,0.029667019844055176,-0.26115095615386963,-0.04968827650245089,0.03169415891170502,-0.20664095878601074,-0.02249760240610499,-0.048935696482658386,-0.284437358379364,-0.02101388819809813,-0.0483817458152771,-0.35811537504196167,-0.046866115781625695,-0.025301873683929443,-0.2639310359954834,-0.019828599545320458,-0.016163751482963562,-0.22446447610855103,0.005533984263280445,-0.16184536390481716,-1.4932783179705404,1.52965535771983,1.4039631670664636,1.0706857656292734,0.5436873792190825,0.3021396043310259,0.3544640851654249,0.40426083052011974,0.4622827534723108,0.4767899978545231,0.476025229100048,0.05312214896409665,0.1021233917851362,0.051069142905388776,L
0.0,0.0,0.0,0.11668293178081512,-0.06688392162322998,-0.05009936641863533,0.2039758414030075,-0.13201004266738892,-0.07418785344771095,0.29999034106731415,-0.16458624601364136,-0.09258931230715461,0.37748198211193085,-0.1582421064376831,-0.10439499568155952,0.13864459097385406,-0.3483167886734009,-0.027477397657548863,0.1542845219373703,-0.5028247237205505,-0.05783466350249,0.1606494039297104,-0.5901796519756317,-0.0826553861420507,0.15906165540218353,-0.6664133667945862,-0.10275700788906761,0.07276980578899384,-0.3538867235183716,-0.024185958392536122,0.09595991671085358,-0.4258255362510681,-0.07529224555901237,0.09290377795696259,-0.28094834089279175,-0.0869213129203672,0.08609642088413239,-0.20112961530685425,-0.08463651042393394,0.004708826541900635,-0.33084720373153687,-0.026914517469322163,0.024404630064964294,-0.3899448812007904,-0.08159070562533088,0.02870379388332367,-0.25660544633865356,-0.062387106082951505,0.026624515652656555,-0.20160627365112305,-0.0362570519369001,-0.058729901909828186,-0.2883951663970947,-0.034031142554795224,-0.049052461981773376,-0.3568536043167114,-0.06446559827736564,-0.029286295175552368,-0.26223325729370117,-0.03992073338440605,-0.025036290287971497,-0.21990370750427246,-0.015262607559179742,-0.1500517006935248,-1.506699139513294,1.4837760920932386,1.40282183042897,1.1136183843990286,0.5531233759051557,0.2945248439589474,0.3535271033009152,0.4072138414419348,0.4709701634358292,0.48330655884387885,0.4829730110957416,0.05947381537314386,0.11270734683373317,0.054805428162232335,L
0.0,0.0,0.0,0.12078171968460083,-0.07243609428405762,-0.050978870116338726,0.20735692977905273,-0.13400590419769287,-0.07767267244325637,0.30654147267341614,-0.16771697998046875,-0.09814307557807922,0.38621440529823303,-0.1593133807182312,-0.11040619479881286,0.14626696705818176,-0.3521777391433716,-0.027132487841114994,0.16576501727104187,-0.5072190165519714,-0.06181439476476669,0.17068606615066528,-0.5942270159721375,-0.08887091743217468,0.16430601477622986,-0.666904479265213,-0.10835768001543045,0.08200600743293762,-0.3560313582420349,-0.022345286779270168,0.1057787835597992,-0.4267171025276184,-0.07142045068012237,0.09879603981971741,-0.28233855962753296,-0.07960796820388794,0.090889573097229,-0.2075585126876831,-0.07584511207805633,0.01380978524684906,-0.3331761956214905,-0.024577916585073467,0.033942967653274536,-0.39321306347846985,-0.07905436026321411,0.03710782527923584,-0.26135289669036865,-0.05847654210792541,0.03644967079162598,-0.20736593008041382,-0.03169126900301933,-0.047955453395843506,-0.28862464427948,-0.031145698376164432,-0.04063214361667633,-0.3595573902130127,-0.057832320206031795,-0.02111758291721344,-0.26690077781677246,-0.030984693192110058,-0.01598285138607025,-0.22711104154586792,-0.005861310739234682,-0.14056210919340112,-1.513542428753169,1.5110346420985754,1.3927492924955482,1.0914622348387655,0.5539783904704205,0.29923961848876396,0.3530501621649285,0.4078714945887719,0.4651759784424077,0.4769936298148849,0.47531288970854474,0.05444024293759373,0.10864629077740598,0.05602712565086499,L
0.0,0.0,0.0,0.12394680082798004,-0.0645020604133606,-0.04764995746381828,0.21030114591121674,-0.12461733818054199,-0.07278228946097443,0.3055899888277054,-0.15671682357788086,-0.09284927345879623,0.3822869807481766,-0.15429264307022095,-0.10570504166253158,0.14476658403873444,-0.3425253629684448,-0.022063123286443442,0.1627136915922165,-0.4969273805618286,-0.05192852415211746,0.16997478902339935,-0.584146112203598,-0.07743339635499069,0.1686394065618515,-0.6607144474983215,-0.09801131881840774,0.08034022152423859,-0.34961527585983276,-0.018443944156842917,0.10337047278881073,-0.41519051790237427,-0.06900248326428482,0.09886883199214935,-0.2720302939414978,-0.08135837711461136,0.09002818167209625,-0.19337397813796997,-0.08031452097065994,0.010790273547172546,-0.3270479440689087,-0.020579397902565688,0.03343464434146881,-0.38232436776161194,-0.07446271576054642,0.03513540327548981,-0.25159531831741333,-0.05484263621337959,0.03208300471305847,-0.19629210233688354,-0.028993083388286323,-0.05182160437107086,-0.2822420597076416,-0.026741793603378028,-0.03917263448238373,-0.34889084100723267,-0.055368133113461226,-0.021325141191482544,-0.25491636991500854,-0.02970339566536495,-0.015816733241081238,-0.214227557182312,-0.004887685403900832,-0.17086267876111752,-1.495909473659951,1.5088692128736347,1.4093698353773163,1.0839293275230475,0.5496438209931179,0.2948602319541758,0.3527134522661386,0.4025900657264962,0.4739059389590105,0.4840823954360857,0.483088615820182,0.05801860892553774,0.10787964484524597,0.05114748709944268,L
0.0,0.0,0.0,0.12860344350337982,-0.06703305244445801,-0.047080270124624235,0.21557565033435822,-0.1327674388885498,-0.06913185410017775,0.31144513189792633,-0.16898322105407715,-0.08524103008026884,0.38622941076755524,-0.1641976237297058,-0.09325193904156492,0.1463000327348709,-0.3458528518676758,-0.020670290214965803,0.16324730217456818,-0.49708500504493713,-0.05141916043872641,0.17206911742687225,-0.5869367718696594,-0.0763670533132057,0.17055727541446686,-0.6669928729534149,-0.09581107936615751,0.08165384829044342,-0.351703941822052,-0.015299358515093786,0.10769237577915192,-0.4196847975254059,-0.06351045809502409,0.09850768744945526,-0.27501267194747925,-0.07132969341988371,0.08698131144046783,-0.2019888162612915,-0.06676700256581114,0.013867497444152832,-0.32673484086990356,-0.01604513928110407,0.034533753991127014,-0.3891385495662689,-0.06845411203617857,0.03539396822452545,-0.258564829826355,-0.04671034879798697,0.03255118429660797,-0.20562422275543213,-0.01924493640477465,-0.0478498637676239,-0.27945518493652344,-0.02075637608582781,-0.03924033045768738,-0.3503950834274292,-0.04636777110214041,-0.020090773701667786,-0.25731074810028076,-0.018905134050200445,-0.014302879571914673,-0.2177126407623291,0.0065777072515089685,-0.18213411150857248,-1.4954047059647932,1.5352273336504285,1.4177333673178956,1.0730833580712016,0.5470991981438947,0.30162493130348783,0.35609612604811214,0.4040915399418594,0.4724549867387524,0.48156693467382017,0.4858250754533621,0.054551397060702216,0.10249744389970032,0.048388357596689205,L
0.0,0.0,0.0,0.12283027172088623,-0.06793040037155151,-0.0505123782127157,0.2081257402896881,-0.1301674246788025,-0.0752597126333967,0.30285078287124634,-0.1624608039855957,-0.09360898762633951,0.3793424367904663,-0.16365158557891846,-0.10448831796338709,0.14015734195709229,-0.34568166732788086,-0.026610815074946004,0.1566796898841858,-0.5000229477882385,-0.05588961124112757,0.16510450839996338,-0.5880681574344635,-0.0808412927358404,0.16650068759918213,-0.6671530604362488,-0.10162823378732355,0.076915442943573,-0.34986400604248047,-0.02111168123474272,0.09934312105178833,-0.4203020930290222,-0.06909742682864817,0.09713861346244812,-0.2804532051086426,-0.08052825659206064,0.09002169966697693,-0.20566856861114502,-0.08029135048082026,0.009060367941856384,-0.325308620929718,-0.021442125660087186,0.029400184750556946,-0.3855822682380676,-0.07312740862062128,0.033385083079338074,-0.25700950622558594,-0.05405976727297457,0.03186419606208801,-0.20367228984832764,-0.029929594245459157,-0.05207517743110657,-0.2802662253379822,-0.02613142795553358,-0.04117444157600403,-0.34895944595336914,-0.05406509816339167,-0.021339640021324158,-0.2569791078567505,-0.029497950446511823,-0.015760138630867004,-0.21674776077270508,-0.0062989090724840935,-0.19312846561633443,-1.4890328605940428,1.4801530807527592,1.3854720755441248,1.0514274363181177,0.5466400510228941,0.2923558034190696,0.3497753343932478,0.3986542975119918,0.4677787637229897,0.48264004139543915,0.4858847010794503,0.05819175503842054,0.10636045229606715,0.049386690462520755,L
0.0,0.0,0.0,0.12539023160934448,-0.06949150562286377,-0.05185892499216038,0.20941272377967834,-0.13062697649002075,-0.07628029278643567,0.308024138212204,-0.1648862361907959,-0.0923106639755531,0.3864709436893463,-0.1616300344467163,-0.09928589007981259,0.14458364248275757,-0.3429979681968689,-0.030300243489222112,0.16229873895645142,-0.49894678592681885,-0.06039030543692547,0.1706487536430359,-0.5886457860469818,-0.08223829857237774,0.17029547691345215,-0.6657870709896088,-0.09888150236733395,0.07955211400985718,-0.34712570905685425,-0.021989590219931188,0.10225072503089905,-0.4197764992713928,-0.06412702492602307,0.09390929341316223,-0.2780264616012573,-0.06445983491070706,0.08522087335586548,-0.20481044054031372,-0.05611611223943669,0.010656729340553284,-0.32391196489334106,-0.02050451814361054,0.03140145540237427,-0.38678663969039917,-0.06800540230400998,0.03395755589008331,-0.25727224349975586,-0.042830683953837934,0.03334265947341919,-0.20533525943756104,-0.014528454012946668,-0.04964578151702881,-0.27607280015945435,-0.02352553672321278,-0.04170262813568115,-0.3487262725830078,-0.045411084510163846,-0.019932463765144348,-0.25719398260116577,-0.016347982652263227,-0.013462290167808533,-0.2192104458808899,0.009252785042150435,-0.17334359008639716,-1.4913089457981092,1.5309849685379744,1.381762024613514,1.0040876779089223,0.5485491317388873,0.30432901988856587,0.35582261283508243,0.40405704464143477,0.46876128465442457,0.4803872864328587,0.48290537277626566,0.05188086844403966,0.0997282653857411,0.048818276390661317,L
0.0,0.0,0.0,0.12269869446754456,-0.05879741907119751,-0.05027240702827385,0.20816394686698914,-0.11882674694061279,-0.07615247929413727,0.30369433760643005,-0.15350341796875,-0.09571749532540252,0.38048669695854187,-0.15576696395874023,-0.10770386272986343,0.14479953050613403,-0.331490159034729,-0.026853442210153844,0.1586628258228302,-0.48690763115882874,-0.05467596093137672,0.16784906387329102,-0.5763502717018127,-0.0741535034211438,0.16779303550720215,-0.6549569368362427,-0.09035765940268448,0.07853364944458008,-0.3371298909187317,-0.02137603053768089,0.09945899248123169,-0.4092702269554138,-0.06848769450505188,0.0938974916934967,-0.2662900686264038,-0.07286222094614914,0.08756205439567566,-0.19202184677124023,-0.06585785562117508,0.00950668752193451,-0.3131685256958008,-0.022237360495523717,0.02619662880897522,-0.37114399671554565,-0.07380587423165252,0.030314892530441284,-0.24112999439239502,-0.05073452556450775,0.03271558880805969,-0.18938559293746948,-0.022691695037678983,-0.051368847489356995,-0.2672803997993469,-0.027322737518147733,-0.044807761907577515,-0.3360356092453003,-0.05412247592528274,-0.02559693157672882,-0.24232995510101318,-0.02796692775507381,-0.017179012298583984,-0.203047513961792,-0.0033284123236398955,-0.21117052775228837,-1.4998311003943476,1.508657925645344,1.385451487637777,1.081659977731412,0.5426133270046164,0.2951597241297177,0.34939226648371,0.4004665613101349,0.46983604368291076,0.4847706600718214,0.4882998924351562,0.05490978621092613,0.10531978156665611,0.051731221768540454,L
0.0,0.0,0.0,0.11744347214698792,-0.06656002998352051,-0.05285841248002754,0.2043597400188446,-0.1294015645980835,-0.0790326671954702,0.29923519492149353,-0.16579484939575195,-0.09877716026273475,0.3796466886997223,-0.15328514575958252,-0.11134401730266319,0.14276355504989624,-0.3439638614654541,-0.02924514397052036,0.15904328227043152,-0.5000998675823212,-0.06032145417299972,0.1618472933769226,-0.5846920609474182,-0.08506574503150688,0.15454056859016418,-0.6577944755554199,-0.10466304442849861,0.0774637758731842,-0.3478682041168213,-0.02394375412729488,0.09353449940681458,-0.42141708731651306,-0.06888053587642418,0.08908632397651672,-0.2780362367630005,-0.07510691902604805,0.0834713876247406,-0.19900453090667725,-0.07137800774541603,0.008601784706115723,-0.3234807252883911,-0.026015566876203877,0.024861186742782593,-0.37951740622520447,-0.07520685366359459,0.02875003218650818,-0.25147223472595215,-0.05390044695702301,0.03080013394355774,-0.19869375228881836,-0.028850531419784886,-0.053861409425735474,-0.2796255350112915,-0.03315392903056846,-0.04770049452781677,-0.342922568321228,-0.05867905191150413,-0.029766812920570374,-0.25449103116989136,-0.03414102665153251,-0.021089494228363037,-0.2171366810798645,-0.01169476213869558,-0.13542026378242958,-1.5332872714252055,1.530461748288051,1.3947479612037743,1.087785155613214,0.5524512912120161,0.29968328472753436,0.35178951137316855,0.4057912109330722,0.46426182461396986,0.47548414197578426,0.47436822279501467,0.05267217052388137,0.10612140634104748,0.05506972974522204,L
0.0,0.0,0.0,0.11877474188804626,-0.06600731611251831,-0.05112458311752732,0.20815974473953247,-0.1309615969657898,-0.07715353288487847,0.30195242166519165,-0.16227620840072632,-0.09842970886067803,0.3791522979736328,-0.1554778814315796,-0.11356902041272576,0.14195653796195984,-0.34442466497421265,-0.026127754829687433,0.15800896286964417,-0.5018952190876007,-0.05491724156574662,0.16329053044319153,-0.5874995291233063,-0.07891507365540917,0.15820401906967163,-0.6606812477111816,-0.09893543937043603,0.07574057579040527,-0.3493625521659851,-0.02260288514928277,0.09698769450187683,-0.4187041223049164,-0.07151517190770562,0.09420353174209595,-0.27345287799835205,-0.08292212256030496,0.08710411190986633,-0.19188904762268066,-0.08152879693345483,0.006271466612815857,-0.3255714178085327,-0.025727774135631876,0.027431130409240723,-0.3773134648799896,-0.07706364162997659,0.032557129859924316,-0.248024582862854,-0.058054487340015726,0.0313662588596344,-0.1922103762626648,-0.03363930725292619,-0.05789443850517273,-0.2845994830131531,-0.03381794609860833,-0.043489426374435425,-0.34249019622802734,-0.06323874660567697,-0.026254430413246155,-0.25383323431015015,-0.04136422567800935,-0.019648253917694092,-0.2153434157371521,-0.01959978894130643,-0.1424058194084324,-1.519467088266414,1.4987596173167819,1.3847994354239552,1.066232605231205,0.551406005816825,0.2943092183512646,0.3497204672007621,0.4032688462880794,0.47415327022171855,0.48533779454193726,0.47953854443006083,0.05573877927210214,0.10929855897234156,0.05601444482663735,L
0.0,0.0,0.0,0.12197312712669373,-0.07500213384628296,-0.04658398344964354,0.20692852139472961,-0.1384764313697815,-0.06878856509775488,0.30277693271636963,-0.17507988214492798,-0.08509381055683463,0.3827205300331116,-0.16911709308624268,-0.09345529913753836,0.13834625482559204,-0.3507278561592102,-0.019235647617286133,0.1510736644268036,-0.5061646401882172,-0.047812476156657624,0.15364176034927368,-0.5912120044231415,-0.07156316131204932,0.1463853418827057,-0.6637173891067505,-0.09024094730467169,0.07366925477981567,-0.35234665870666504,-0.01440286017805903,0.09153711795806885,-0.4257848560810089,-0.057827714233106065,0.08994787931442261,-0.2818681001663208,-0.06425876855701773,0.08504316210746765,-0.20582491159439087,-0.06067751288265555,0.004481405019760132,-0.3262733221054077,-0.01630216218382685,0.021073713898658752,-0.38591891527175903,-0.06678075283617346,0.027521058917045593,-0.254973828792572,-0.04544805303067534,0.03022181987762451,-0.20122301578521729,-0.019473481325810837,-0.05596955120563507,-0.2789384722709656,-0.022206743581598687,-0.05203405022621155,-0.34772026538848877,-0.04853767096847861,-0.03178131580352783,-0.25628310441970825,-0.023019113911693978,-0.022155195474624634,-0.21842020750045776,0.0005367836720253649,-0.17256701904777103,-1.54511712961639,1.4933256158590227,1.3677912817795783,1.061262925047469,0.5481640028145425,0.2999321245128076,0.3539578095389825,0.40786658381921526,0.4619830992384726,0.47685952774239787,0.4761255009755362,0.055014152805619686,0.10793576491256042,0.05512798871807748,L
0.0,0.0,0.0,0.11821344494819641,-0.06482422351837158,-0.04637886749661391,0.20476537942886353,-0.12667608261108398,-0.07067241313016837,0.29888448119163513,-0.16595888137817383,-0.08996056558645193,0.3755233585834503,-0.16514086723327637,-0.1036073321298403,0.13214975595474243,-0.338651180267334,-0.027257533539895462,0.14413008093833923,-0.4954071342945099,-0.05429353730833952,0.1500796377658844,-0.582007884979248,-0.07482909204519217,0.14859256148338318,-0.6571652889251709,-0.09276091100728934,0.06600004434585571,-0.34186190366744995,-0.025292219390038895,0.08708247542381287,-0.4171695113182068,-0.07848364653146689,0.08807218074798584,-0.2737765312194824,-0.09075275601900046,0.08290576934814453,-0.19278502464294434,-0.08865241499698584,-0.0007868111133575439,-0.31456154584884644,-0.028209682349924492,0.017466753721237183,-0.3748578131198883,-0.08429689498699133,0.02547582983970642,-0.24235963821411133,-0.0652021819547457,0.025149792432785034,-0.18696963787078857,-0.03891230540430968,-0.06263852119445801,-0.2701154947280884,-0.034777683933143066,-0.054303064942359924,-0.3411591649055481,-0.06766001673496191,-0.03240184485912323,-0.24667596817016602,-0.044905138929252075,-0.025112569332122803,-0.20533156394958496,-0.021398976241115975,-0.22156102102977088,-1.5192186359083462,1.4578760067718173,1.3702510230308464,1.0457755437194205,0.5418354161677834,0.29392048749410554,0.35105288929829326,0.40264679166648604,0.469002968557608,0.4861296817736331,0.48407353521644364,0.05804801110078883,0.10874454993156216,0.05351135710771735,L
0.0,0.0,0.0,0.12037038803100586,-0.06695914268493652,-0.04886282069813319,0.2039594054222107,-0.12987816333770752,-0.07236490233074733,0.2978847920894623,-0.16743499040603638,-0.08994497193228312,0.3742149770259857,-0.16864222288131714,-0.10115697069298335,0.13345608115196228,-0.3380747437477112,-0.028555683998575887,0.14344552159309387,-0.49591732025146484,-0.05656960813533374,0.14812755584716797,-0.5837759375572205,-0.07705117596518107,0.14589041471481323,-0.6588692963123322,-0.0944914205206544,0.06625577807426453,-0.33830833435058594,-0.025033643676152906,0.0829046368598938,-0.4180566370487213,-0.0765265060795457,0.08665215969085693,-0.2751108407974243,-0.08618245853315898,0.0856795608997345,-0.19247132539749146,-0.08236598802935191,-0.0015403777360916138,-0.3094574809074402,-0.02730821093749114,0.012585565447807312,-0.37028926610946655,-0.08236338032614299,0.022952601313591003,-0.23894953727722168,-0.062330743504873,0.027141720056533813,-0.1828840970993042,-0.03545303104650088,-0.06171621382236481,-0.26235640048980713,-0.033687295599094114,-0.06039568781852722,-0.33696824312210083,-0.06590597165953227,-0.036589011549949646,-0.24332022666931152,-0.04325401244889804,-0.02560664713382721,-0.2004026174545288,-0.01999654082786151,-0.22386534947707554,-1.5320546714951737,1.4383873003988843,1.3479552282183347,1.0430849344617465,0.5407907999211213,0.28951772395809433,0.3473653360435151,0.40108110627307886,0.470268449069913,0.4905743188884954,0.4894925309395646,0.05931773560264634,0.11156847893640567,0.05558137095003662,L
0.0,0.0,0.0,0.11879096925258636,-0.06961637735366821,-0.052481091834501115,0.20189552009105682,-0.12911492586135864,-0.07528932324786552,0.2925437241792679,-0.17232048511505127,-0.09110284528870949,0.37080343067646027,-0.16847890615463257,-0.09952532432217964,0.12875516712665558,-0.34732621908187866,-0.024704019792274323,0.14275534451007843,-0.5034732222557068,-0.05180431089539894,0.1463726907968521,-0.5892428755760193,-0.07172068140645393,0.1414048820734024,-0.6609570980072021,-0.08765041760344872,0.06197275221347809,-0.3475344181060791,-0.019455903462962,0.08117897808551788,-0.423811137676239,-0.069321750916437,0.0794118195772171,-0.2806409001350403,-0.07828092507262596,0.07489214837551117,-0.19878798723220825,-0.07324642620225319,-0.0047595202922821045,-0.32083356380462646,-0.02106250195939907,0.012528106570243835,-0.37710219621658325,-0.0761886753811396,0.01962938904762268,-0.24544638395309448,-0.05751814252872833,0.022010967135429382,-0.19308936595916748,-0.030703849412397233,-0.06566736102104187,-0.2758972644805908,-0.027161502532557336,-0.060459643602371216,-0.346305787563324,-0.05776400423784622,-0.03802959620952606,-0.2526789903640747,-0.03496151722212204,-0.029181361198425293,-0.21360474824905396,-0.011401435613528577,-0.22896316610467685,-1.530485046472008,1.484158582649107,1.3642224859522032,1.0409426773783768,0.5432848824986444,0.2974594550333861,0.3496596307193783,0.40252226690697024,0.4669306487033328,0.48286138965130304,0.4787732148185942,0.05318734448870267,0.10512293661264682,0.05515011686969818,L
0.0,0.0,0.0,0.12097978591918945,-0.06826674938201904,-0.05412843499190956,0.20480385422706604,-0.1280178427696228,-0.07949911851294189,0.2990766763687134,-0.1724015474319458,-0.09711878049976974,0.3789282441139221,-0.16846823692321777,-0.10684463430054336,0.13331881165504456,-0.3430222272872925,-0.02920595604784637,0.1489768922328949,-0.4976295232772827,-0.05638987246759086,0.15377473831176758,-0.587699294090271,-0.07630375075943618,0.15241631865501404,-0.6644873321056366,-0.09336152721054702,0.06622567772865295,-0.3425300717353821,-0.023147799557520443,0.0866406261920929,-0.4186123311519623,-0.0740354736507669,0.08344602584838867,-0.2776755094528198,-0.0831413422883287,0.0798584520816803,-0.19623851776123047,-0.07874468017227798,-0.0009472668170928955,-0.3147768974304199,-0.023368152341319615,0.0163833349943161,-0.36852532625198364,-0.07471563715346008,0.021380707621574402,-0.24031096696853638,-0.05296726573116928,0.023611396551132202,-0.18646615743637085,-0.025826529151274258,-0.059958577156066895,-0.2666003704071045,-0.028670439979507023,-0.055887192487716675,-0.33414512872695923,-0.054687154030872875,-0.03422059118747711,-0.24302059412002563,-0.029240090882851177,-0.02434535324573517,-0.20587849617004395,-0.005010513140334183,-0.22825880537651305,-1.5114583539472082,1.477875614154599,1.3816835992135117,1.0403643436600052,0.545291293861077,0.3003563367136283,0.3557723813124856,0.40500508864002405,0.47383709873395924,0.49507065292781366,0.49149440795531685,0.057089668786703004,0.10464875645910127,0.05173672531374791,L
0.0,0.0,0.0,0.116193026304245,-0.06482809782028198,-0.04827692633197955,0.2051466405391693,-0.13115787506103516,-0.0738578093581026,0.29737332463264465,-0.16455167531967163,-0.095368812733156,0.37396278977394104,-0.14970529079437256,-0.11200399970338992,0.13257086277008057,-0.342590868473053,-0.027800138049585144,0.1417175829410553,-0.5016088485717773,-0.05840368842409305,0.14717981219291687,-0.5886692702770233,-0.08325853472278766,0.14326107501983643,-0.6663063168525696,-0.1035765958361452,0.06565919518470764,-0.34572833776474,-0.026211094983679573,0.08563974499702454,-0.4197203814983368,-0.07515440409706287,0.08753374218940735,-0.27647656202316284,-0.0855026719503229,0.0819566547870636,-0.19718414545059204,-0.08255327766464404,-0.0024385005235671997,-0.31946754455566406,-0.03093626064882926,0.015677720308303833,-0.3725154399871826,-0.08519342815206699,0.02454468607902527,-0.24378329515457153,-0.06785904889629535,0.02536526322364807,-0.19135433435440063,-0.04286815872119121,-0.06494632363319397,-0.2776476740837097,-0.03968113189266376,-0.05412560701370239,-0.3392140865325928,-0.0702228200964754,-0.03454013168811798,-0.24996161460876465,-0.04738993471191577,-0.027505680918693542,-0.2097945213317871,-0.02404413273261241,-0.10942865261912813,-1.5377848385519803,1.4615188435341948,1.3570854866492743,1.0665804217659873,0.5657737191800855,0.29584087700897743,0.35107674139203143,0.4059404495573967,0.47311081539210537,0.48936572021140107,0.48740568768057907,0.05689088060929532,0.11018631729041906,0.055994439279839034,L
0.0,0.0,0.0,0.11706627905368805,-0.06919020414352417,-0.05149845625588512,0.20581872761249542,-0.13322341442108154,-0.07720999266335582,0.2983546108007431,-0.1693057417869568,-0.09736578013131236,0.37827472388744354,-0.15825927257537842,-0.11100974525639629,0.13722045719623566,-0.35047996044158936,-0.027159190134497635,0.14863179624080658,-0.5120697319507599,-0.0560129157764635,0.15134869515895844,-0.5969915390014648,-0.07954276199767207,0.14248256385326385,-0.6701026856899261,-0.09794350560137843,0.07055582106113434,-0.35456377267837524,-0.021788386957140915,0.08825497329235077,-0.4227135479450226,-0.06393740917870616,0.08822382986545563,-0.2793726921081543,-0.06920092399546718,0.08165429532527924,-0.20230984687805176,-0.06391808982321834,0.0017972737550735474,-0.32873833179473877,-0.023754144416543,0.017851337790489197,-0.3738296627998352,-0.07301957751938914,0.024990394711494446,-0.24602609872817993,-0.05389027889201259,0.026999160647392273,-0.19743621349334717,-0.028888421462269775,-0.05932736396789551,-0.2848798632621765,-0.030252077014537804,-0.0497969388961792,-0.3435790538787842,-0.056642825113030426,-0.030745238065719604,-0.2561432123184204,-0.03307213480898952,-0.021474525332450867,-0.21969091892242432,-0.010204331347139828,-0.1441653088498016,-1.5543343205190965,1.498030524589835,1.3811644175594875,1.0447162154479601,0.5635438068884563,0.299873526235307,0.3534534679831353,0.4044419728771703,0.4717310868448092,0.48656963566869776,0.47932524108049523,0.054871996947682425,0.10458324586503294,0.05333826155966688,L
0.0,0.0,0.0,0.11274366080760956,-0.06593406200408936,-0.05266242939879362,0.20082290470600128,-0.13498520851135254,-0.07696255762030546,0.29479263722896576,-0.17249763011932373,-0.09487294871260588,0.37366919219493866,-0.15639156103134155,-0.10638569015910093,0.1320914775133133,-0.34693944454193115,-0.031287585384149,0.14501063525676727,-0.5046859979629517,-0.05943984258820478,0.14879779517650604,-0.5892799496650696,-0.08168355841090147,0.14176662266254425,-0.6619706451892853,-0.09935590345313017,0.0653095692396164,-0.34945327043533325,-0.02574873249878351,0.08675847947597504,-0.4236319959163666,-0.0694289775555319,0.08632306754589081,-0.28167933225631714,-0.07543762493779127,0.07930837571620941,-0.2032705545425415,-0.07043408322979872,-0.0019456744194030762,-0.32488495111465454,-0.02712832298030321,0.0176532119512558,-0.37739479541778564,-0.07643425185133879,0.02487771213054657,-0.24839967489242554,-0.05837614182283346,0.02410273253917694,-0.19639086723327637,-0.03415766078879301,-0.0630468875169754,-0.2843928337097168,-0.033221823162335795,-0.052748873829841614,-0.3456447124481201,-0.06015804875542585,-0.03200574219226837,-0.2574213147163391,-0.03805378544976179,-0.02547091245651245,-0.21854710578918457,-0.016356457955140513,-0.12321876525561729,-1.5400942726628497,1.4753250626765952,1.370786110694007,1.052224611169427,0.5562274823250934,0.29807034456759907,0.3518474871487637,0.403950658973736,0.46293283073350966,0.4802179928746219,0.473912258173188,0.05563266249302738,0.10588707309191997,0.05429958733825657,L
0.0,0.0,0.0,0.1145314872264862,-0.06492245197296143,-0.0478206508502268,0.20340153574943542,-0.13288837671279907,-0.07268527976124517,0.2992912828922272,-0.1707249879837036,-0.09333533874600164,0.3789907991886139,-0.15049117803573608,-0.10896612784712545,0.13555118441581726,-0.34473514556884766,-0.025625179399540343,0.14922407269477844,-0.5021467506885529,-0.052903798286607184,0.15324756503105164,-0.5865424275398254,-0.07566665938942663,0.1460556983947754,-0.6572759747505188,-0.09435395232289068,0.06819882988929749,-0.34747302532196045,-0.023836959962537208,0.09089729189872742,-0.42336153984069824,-0.06799079558699361,0.09020182490348816,-0.2802317142486572,-0.07583008042423955,0.080590158700943,-0.19660377502441406,-0.07183786562531225,-0.00019159913063049316,-0.32104480266571045,-0.02852423383741609,0.021957427263259888,-0.37505489587783813,-0.07661745778172246,0.029208391904830933,-0.24627739191055298,-0.05818429297654859,0.02709934115409851,-0.19008827209472656,-0.03417798212616674,-0.06290335953235626,-0.27751803398132324,-0.03772637701480619,-0.05011540651321411,-0.3408259153366089,-0.0638559543236994,-0.030865848064422607,-0.2535558342933655,-0.04119123599379293,-0.023878872394561768,-0.21353983879089355,-0.019440417055776038,-0.09991604516689445,-1.5371989204638332,1.488847368826626,1.365339977282741,1.0230815107258322,0.5577540599252321,0.3019425671290692,0.35411231000287696,0.40777335114565144,0.4653005614523723,0.48209435221828567,0.47516262132635734,0.05388617021329844,0.10583292830653322,0.05611376156628229,L
0.0,0.0,0.0,0.11052805185317993,-0.058501243591308594,-0.05214218882500177,0.19689971208572388,-0.12031108140945435,-0.08267017913638597,0.29189008474349976,-0.15951156616210938,-0.10834249568759446,0.36969488859176636,-0.155647873878479,-0.12858871085225587,0.13124188780784607,-0.3309791684150696,-0.03273430926381593,0.1425093710422516,-0.4818055033683777,-0.06330971879540925,0.14906269311904907,-0.5712390840053558,-0.08318716747342592,0.14520230889320374,-0.6478301882743835,-0.09935361606656556,0.06409823894500732,-0.3345412611961365,-0.02931324107228761,0.08366864919662476,-0.41059809923171997,-0.08226124656974321,0.08137649297714233,-0.2687702178955078,-0.0899083436804915,0.07862073183059692,-0.19435304403305054,-0.08288921130477434,-0.0025630444288253784,-0.30919843912124634,-0.03199787152587419,0.012534037232398987,-0.3643917441368103,-0.08748089236794954,0.020054101943969727,-0.23770475387573242,-0.06707813305436616,0.022420525550842285,-0.18814337253570557,-0.038964074977030805,-0.06399121880531311,-0.26829344034194946,-0.03902776999055391,-0.05862732231616974,-0.3326466679573059,-0.06968852592288499,-0.03800022602081299,-0.24072110652923584,-0.04648589802562242,-0.028882145881652832,-0.20139604806900024,-0.02229860512196069,-0.20171970840167347,-1.526764914391642,1.4675717057381277,1.3672719603071615,1.087490636234744,0.540962428403142,0.2936362629698862,0.3487913999204415,0.40119390305859765,0.45833898672643875,0.4758017810860904,0.4791751651903288,0.0565422249826792,0.10773334034673449,0.052986767262226314,L
0.0,0.0,0.0,0.11894944310188293,-0.06473219394683838,-0.051515940545897365,0.20409896969795227,-0.12417519092559814,-0.07810964432249534,0.300929456949234,-0.16467595100402832,-0.097582139043908,0.377958208322525,-0.16287177801132202,-0.10931434479246604,0.13420528173446655,-0.3366878628730774,-0.029420761360626102,0.15044647455215454,-0.4891967177391052,-0.05825144421945083,0.15692844986915588,-0.5777077972888947,-0.07764542099724281,0.15429911017417908,-0.6517619490623474,-0.09306258705149162,0.07013463973999023,-0.3386582136154175,-0.024472307382922054,0.0916299819946289,-0.4125591814517975,-0.07590287920723426,0.08904090523719788,-0.2731238603591919,-0.0833791047025727,0.08432075381278992,-0.1956053376197815,-0.07686231282244194,0.0032029151916503906,-0.3134482502937317,-0.025577723949055553,0.018821105360984802,-0.3644781708717346,-0.07982517775784004,0.027138546109199524,-0.23879891633987427,-0.05982581522951591,0.03094261884689331,-0.1867126226425171,-0.03241214898119438,-0.05543665587902069,-0.26528334617614746,-0.03080836866686809,-0.05228047072887421,-0.3307463526725769,-0.05705821883569229,-0.028073906898498535,-0.24039429426193237,-0.031218912421564937,-0.018420249223709106,-0.202755868434906,-0.006284499510030628,-0.2190043686087236,-1.5071076470431086,1.4719525671727411,1.3553160016887478,1.036278289701469,0.5376216062760427,0.2954563260713795,0.3478335883894034,0.39837999733376217,0.46149303843265677,0.4811316867096955,0.48108048968050376,0.05411382145168032,0.10298953245783742,0.05190451309578681,L
0.0,0.0,0.0,0.11632029712200165,-0.06498062610626221,-0.04566449758738145,0.2005344182252884,-0.12720060348510742,-0.07146670756071671,0.29322244226932526,-0.1640174388885498,-0.09297136304110154,0.36864908039569855,-0.15668481588363647,-0.10900218871563538,0.13193313777446747,-0.3330247402191162,-0.029330800223647202,0.14235521852970123,-0.4895312190055847,-0.05882873472899064,0.14697979390621185,-0.5793413817882538,-0.08018759724825486,0.1435709148645401,-0.657281756401062,-0.09821364370316132,0.06469829380512238,-0.3366360664367676,-0.02797398430436715,0.08380259573459625,-0.4112899899482727,-0.08142280665367707,0.08381043374538422,-0.269920289516449,-0.09232857165068253,0.08070702850818634,-0.19043737649917603,-0.08868852344483003,-0.0023411214351654053,-0.3105800151824951,-0.0316187710794793,0.013954684138298035,-0.36514705419540405,-0.085811220977007,0.021271198987960815,-0.2374129295349121,-0.06578867224186524,0.023136824369430542,-0.1839693784713745,-0.03899415296643838,-0.0629013329744339,-0.26836639642715454,-0.039126598212419594,-0.05706728994846344,-0.3331463932991028,-0.06936789390772446,-0.03570792078971863,-0.24234044551849365,-0.04596586239665612,-0.025157690048217773,-0.20230799913406372,-0.022087641927896584,-0.17361586837498674,-1.5349211310099948,1.461730996808693,1.3722176915919555,1.0516960055890627,0.5488692717344253,0.2899135398585179,0.34658789133489004,0.39644072356074805,0.47105789798473924,0.48839428462548534,0.4852529875409888,0.05793240373975224,0.10652816677652235,0.051659124369722455,L
